elapsed_seconds,distance_miles,pace_per_mile,heartrate,altitude_ft
0,0.0,,124,105.6
1,0.0,24:23,127,105.6
2,0.0,48:46,126,105.6
3,0.0,73:05,126,105.6
4,0.0,97:32,125,106.3
5,0.0,121:55,125,106.3
6,0.0,,125,106.3
7,0.0,,126,106.3
8,0.0,,125,106.3
9,0.0,47:53,125,106.3
10,0.0,23:31,124,106.3
11,0.01,15:35,124,106.3
12,0.01,11:39,124,106.3
13,0.01,9:18,124,106.3
14,0.01,9:14,126,106.3
15,0.01,9:14,126,106.3
16,0.02,9:14,125,106.3
17,0.02,9:18,125,106.3
18,0.02,9:18,125,106.3
19,0.02,9:18,125,106.3
20,0.02,9:22,125,106.3
21,0.02,9:22,125,106.3
22,0.03,9:22,126,106.3
23,0.03,9:26,126,106.3
24,0.03,9:26,127,105.6
25,0.03,9:26,127,105.6
26,0.03,9:26,127,105.6
27,0.04,9:22,128,105.6
28,0.04,9:22,129,105.6
29,0.04,9:22,129,105.6
30,0.04,9:22,129,106.3
31,0.04,9:26,130,106.3
32,0.04,9:34,130,106.3
33,0.05,9:34,130,106.3
34,0.05,9:43,130,106.3
35,0.05,9:43,130,107.0
36,0.05,9:43,130,107.0
37,0.05,9:38,130,107.6
38,0.05,9:38,128,107.6
39,0.05,11:58,127,108.3
40,0.06,13:56,124,108.9
41,0.06,16:08,122,108.9
42,0.06,19:09,119,108.9
43,0.06,15:46,116,108.9
44,0.06,15:46,118,108.9
45,0.06,16:11,118,108.9
46,0.06,14:55,118,108.9
47,0.06,15:14,118,108.9
48,0.06,20:57,118,108.9
49,0.06,16:33,119,108.9
50,0.07,15:14,119,108.9
51,0.07,15:24,118,108.9
52,0.07,13:58,117,108.9
53,0.07,13:41,123,108.9
54,0.07,13:41,123,109.6
55,0.07,13:58,123,109.6
56,0.07,14:34,123,109.6
57,0.07,14:16,123,109.6
58,0.08,14:34,123,110.2
59,0.08,14:34,123,109.6
60,0.08,14:07,123,110.2
61,0.08,14:07,128,110.2
62,0.08,15:14,129,110.2
63,0.08,15:14,129,110.2
64,0.08,16:09,130,110.2
65,0.08,16:45,130,110.2
66,0.08,17:11,131,110.2
67,0.08,16:21,132,110.2
68,0.09,16:09,132,110.2
69,0.09,15:24,132,110.2
70,0.09,15:14,133,110.9
71,0.09,14:54,133,110.9
72,0.09,15:14,133,110.9
73,0.09,15:35,133,110.9
74,0.09,14:54,132,110.9
75,0.09,13:08,132,110.9
76,0.1,12:39,132,110.9
77,0.1,11:52,132,110.9
78,0.1,11:27,131,110.9
79,0.1,11:45,131,110.9
80,0.1,12:11,130,110.9
81,0.1,11:39,129,111.5
82,0.1,12:11,130,111.5
83,0.11,11:10,131,111.5
84,0.11,10:18,131,111.5
85,0.11,10:33,131,110.9
86,0.11,11:21,132,110.9
87,0.11,11:39,132,110.9
88,0.11,12:46,133,110.9
89,0.11,13:24,133,110.9
90,0.12,13:32,133,110.9
91,0.12,13:08,133,110.9
92,0.12,11:39,133,110.9
93,0.12,11:45,133,111.5
94,0.12,11:39,132,111.5
95,0.12,11:45,132,111.5
96,0.12,11:33,132,111.5
97,0.13,12:18,133,112.2
98,0.13,12:18,133,112.2
99,0.13,12:18,133,111.5
100,0.13,11:27,133,111.5
101,0.13,11:45,132,111.5
102,0.13,12:25,132,111.5
103,0.13,12:39,132,111.5
104,0.13,13:41,131,111.5
105,0.14,14:44,131,111.5
106,0.14,14:44,131,111.5
107,0.14,14:34,132,111.5
108,0.14,14:34,132,111.5
109,0.14,13:58,133,111.5
110,0.14,13:41,133,111.5
111,0.14,13:01,132,111.5
112,0.14,12:25,132,111.5
113,0.15,12:18,132,111.5
114,0.15,11:45,132,112.2
115,0.15,11:52,131,112.2
116,0.15,12:53,131,112.2
117,0.15,12:46,130,112.2
118,0.15,12:39,130,112.2
119,0.15,13:32,130,112.2
120,0.15,13:58,130,112.2
121,0.16,13:49,129,112.2
122,0.16,14:54,129,112.9
123,0.16,14:54,129,112.9
124,0.16,13:58,131,112.9
125,0.16,13:32,132,112.9
126,0.16,12:32,133,113.5
127,0.16,12:46,133,113.5
128,0.16,12:53,134,113.5
129,0.17,11:58,134,112.9
130,0.17,13:41,134,112.9
131,0.17,14:34,134,112.9
132,0.17,13:16,134,113.5
133,0.17,12:11,134,113.5
134,0.17,13:32,134,113.5
135,0.17,11:16,133,113.5
136,0.18,10:43,134,113.5
137,0.18,10:54,134,113.5
138,0.18,11:10,134,113.5
139,0.18,10:23,134,113.5
140,0.18,10:54,134,114.2
141,0.18,11:33,134,114.2
142,0.18,12:18,134,114.2
143,0.18,13:41,134,114.2
144,0.19,15:24,134,113.5
145,0.19,14:54,134,113.5
146,0.19,13:32,134,113.5
147,0.19,13:32,134,113.5
148,0.19,13:01,135,114.2
149,0.19,12:11,135,114.2
150,0.19,13:01,134,114.2
151,0.2,13:16,134,114.2
152,0.2,12:25,133,114.2
153,0.2,11:58,132,114.2
154,0.2,12:18,133,114.2
155,0.2,11:33,133,114.2
156,0.2,12:11,133,114.2
157,0.2,13:01,132,114.2
158,0.2,13:32,132,114.2
159,0.2,14:44,132,114.8
160,0.21,15:57,132,114.8
161,0.21,15:24,132,114.8
162,0.21,15:24,132,114.8
163,0.21,16:21,132,115.5
164,0.21,15:14,131,115.5
165,0.21,15:24,131,115.5
166,0.21,16:33,131,115.5
167,0.21,16:58,130,115.5
168,0.21,15:57,129,115.5
169,0.22,17:25,129,115.5
170,0.22,16:58,129,115.5
171,0.22,16:21,129,115.5
172,0.22,15:35,129,115.5
173,0.22,14:54,129,116.1
174,0.22,13:49,129,116.1
175,0.22,13:58,129,116.1
176,0.22,13:58,129,116.1
177,0.22,13:58,130,116.8
178,0.23,15:14,130,116.8
179,0.23,15:35,130,116.8
180,0.23,16:09,130,116.8
181,0.23,16:58,130,116.8
182,0.23,16:58,130,116.8
183,0.23,16:33,131,116.8
184,0.23,16:21,131,116.1
185,0.23,15:04,132,116.1
186,0.23,14:16,132,116.1
187,0.24,14:54,132,116.8
188,0.24,15:04,132,116.8
189,0.24,14:44,132,116.8
190,0.24,14:25,131,116.8
191,0.24,14:16,131,117.5
192,0.24,13:24,131,117.5
193,0.24,13:32,131,117.5
194,0.24,14:16,130,117.5
195,0.24,15:04,130,117.5
196,0.25,14:54,129,117.5
197,0.25,15:14,129,117.5
198,0.25,14:44,129,117.5
199,0.25,13:58,130,117.5
200,0.25,13:32,131,117.5
201,0.25,13:41,131,117.5
202,0.25,13:32,132,117.5
203,0.25,13:49,131,117.5
204,0.25,14:54,130,117.5
205,0.26,15:46,129,118.1
206,0.26,15:57,129,118.1
207,0.26,15:46,128,118.8
208,0.26,16:21,129,118.8
209,0.26,16:33,128,119.4
210,0.26,16:21,129,120.1
211,0.26,17:52,130,120.1
212,0.26,20:01,130,120.7
213,0.26,19:09,129,121.4
214,0.26,18:22,129,122.0
215,0.26,20:01,128,122.0
216,0.27,18:22,128,122.7
217,0.27,17:25,128,123.4
218,0.27,17:11,129,123.4
219,0.27,17:11,129,124.0
220,0.27,15:35,131,124.7
221,0.27,15:57,131,124.7
222,0.27,16:09,131,124.7
223,0.27,16:21,132,125.3
224,0.27,15:04,133,125.3
225,0.28,14:34,132,126.0
226,0.28,14:07,133,126.0
227,0.28,13:41,133,126.0
228,0.28,13:32,133,126.0
229,0.28,14:07,132,126.0
230,0.28,14:34,132,126.0
231,0.28,14:07,132,126.0
232,0.28,13:24,132,126.0
233,0.29,13:08,133,126.0
234,0.29,13:58,132,126.0
235,0.29,13:24,132,126.0
236,0.29,13:41,132,125.3
237,0.29,14:25,131,125.3
238,0.29,13:41,131,124.7
239,0.29,13:01,131,124.7
240,0.29,13:32,131,124.7
241,0.3,13:01,131,124.7
242,0.3,12:04,131,124.0
243,0.3,12:32,131,124.0
244,0.3,12:46,130,124.0
245,0.3,12:39,131,124.0
246,0.3,13:08,131,124.0
247,0.3,14:16,132,123.4
248,0.3,14:16,133,123.4
249,0.31,14:16,134,122.7
250,0.31,14:44,135,122.0
251,0.31,15:14,136,121.4
252,0.31,14:16,137,121.4
253,0.31,14:25,138,120.7
254,0.31,13:16,138,120.7
255,0.31,13:01,139,120.7
256,0.31,12:46,139,120.7
257,0.32,12:53,138,120.7
258,0.32,12:04,138,120.7
259,0.32,11:39,137,120.1
260,0.32,11:27,137,120.1
261,0.32,11:21,137,119.4
262,0.32,11:33,137,119.4
263,0.32,12:18,136,119.4
264,0.32,13:16,136,118.8
265,0.33,13:32,136,118.8
266,0.33,13:16,136,118.1
267,0.33,13:16,136,118.1
268,0.33,13:01,136,117.5
269,0.33,13:01,137,117.5
270,0.33,13:01,136,117.5
271,0.33,13:16,136,117.5
272,0.34,13:08,136,117.5
273,0.34,13:32,136,117.5
274,0.34,13:16,136,117.5
275,0.34,13:32,136,117.5
276,0.34,13:24,135,117.5
277,0.34,14:34,135,117.5
278,0.34,14:16,136,117.5
279,0.34,14:54,136,117.5
280,0.34,14:34,136,117.5
281,0.35,15:24,136,117.5
282,0.35,14:44,136,117.5
283,0.35,14:34,136,117.5
284,0.35,15:24,136,118.1
285,0.35,15:14,135,118.1
286,0.35,14:25,136,118.1
287,0.35,14:25,135,118.1
288,0.35,14:07,135,118.1
289,0.36,12:53,135,117.5
290,0.36,13:16,134,117.5
291,0.36,13:16,135,117.5
292,0.36,12:04,135,117.5
293,0.36,12:32,135,117.5
294,0.36,13:08,136,117.5
295,0.36,13:08,136,117.5
296,0.36,14:07,135,117.5
297,0.36,15:35,135,117.5
298,0.37,15:46,135,117.5
299,0.37,15:24,136,118.1
300,0.37,15:14,136,118.1
301,0.37,14:34,135,118.1
302,0.37,14:54,134,118.1
303,0.37,14:54,133,118.1
304,0.37,15:04,132,118.1
305,0.37,13:41,132,117.5
306,0.38,12:53,132,117.5
307,0.38,12:04,132,117.5
308,0.38,11:45,131,117.5
309,0.38,11:45,132,117.5
310,0.38,12:39,131,117.5
311,0.38,13:08,130,117.5
312,0.38,13:58,129,117.5
313,0.38,13:49,127,117.5
314,0.39,13:58,127,117.5
315,0.39,13:32,127,117.5
316,0.39,13:08,127,117.5
317,0.39,13:01,127,117.5
318,0.39,13:32,128,117.5
319,0.39,13:24,129,117.5
320,0.39,14:34,130,117.5
321,0.39,15:46,129,117.5
322,0.39,16:09,130,118.1
323,0.4,16:45,130,118.1
324,0.4,16:45,130,118.1
325,0.4,15:46,129,118.1
326,0.4,15:46,130,118.1
327,0.4,14:54,130,118.1
328,0.4,14:34,131,118.8
329,0.4,14:44,131,118.8
330,0.4,14:54,133,118.8
331,0.4,14:34,134,118.8
332,0.41,15:24,134,118.8
333,0.41,15:35,134,118.8
334,0.41,15:24,133,119.4
335,0.41,15:57,132,119.4
336,0.41,16:33,132,119.4
337,0.41,16:21,132,119.4
338,0.41,15:24,131,119.4
339,0.41,14:16,132,119.4
340,0.41,13:32,132,119.4
341,0.42,12:39,132,119.4
342,0.42,12:25,131,120.1
343,0.42,13:16,132,120.1
344,0.42,13:58,132,120.1
345,0.42,14:16,131,120.1
346,0.42,15:04,131,120.1
347,0.42,14:54,130,119.4
348,0.42,13:08,130,119.4
349,0.43,13:32,130,119.4
350,0.43,13:08,130,119.4
351,0.43,12:32,130,119.4
352,0.43,13:32,130,119.4
353,0.43,14:25,130,119.4
354,0.43,13:58,131,119.4
355,0.43,14:34,132,119.4
356,0.43,15:24,132,119.4
357,0.43,14:16,132,119.4
358,0.44,14:25,132,119.4
359,0.44,14:34,132,119.4
360,0.44,14:25,132,119.4
361,0.44,14:07,130,119.4
362,0.44,14:25,131,119.4
363,0.44,14:34,130,119.4
364,0.44,15:04,130,119.4
365,0.44,15:14,130,119.4
366,0.44,15:35,130,119.4
367,0.45,15:04,130,119.4
368,0.45,14:44,130,119.4
369,0.45,13:49,131,119.4
370,0.45,13:41,131,120.1
371,0.45,13:16,131,120.1
372,0.45,13:24,132,120.1
373,0.45,13:08,130,120.1
374,0.46,13:08,129,120.1
375,0.46,13:16,128,120.1
376,0.46,13:58,128,120.7
377,0.46,13:41,128,120.7
378,0.46,14:07,130,120.7
379,0.46,15:04,131,120.7
380,0.46,15:14,131,120.7
381,0.46,14:34,131,120.7
382,0.46,15:14,131,120.7
383,0.47,14:34,131,121.4
384,0.47,13:49,131,121.4
385,0.47,13:32,131,121.4
386,0.47,13:41,131,121.4
387,0.47,13:32,131,121.4
388,0.47,14:16,131,121.4
389,0.47,15:14,131,121.4
390,0.47,15:24,131,121.4
391,0.47,15:24,131,121.4
392,0.48,14:44,130,121.4
393,0.48,13:24,130,121.4
394,0.48,12:32,130,121.4
395,0.48,12:32,131,121.4
396,0.48,12:04,132,121.4
397,0.48,12:32,133,121.4
398,0.48,13:01,134,121.4
399,0.48,13:49,135,121.4
400,0.49,13:58,135,121.4
401,0.49,14:54,135,121.4
402,0.49,15:24,136,121.4
403,0.49,17:52,136,121.4
404,0.49,19:26,137,121.4
405,0.49,20:19,137,121.4
406,0.49,21:37,137,121.4
407,0.49,21:37,138,121.4
408,0.49,17:52,138,121.4
409,0.49,18:07,138,121.4
410,0.5,16:33,137,121.4
411,0.5,14:25,137,121.4
412,0.5,13:49,138,121.4
413,0.5,14:16,137,120.7
414,0.5,12:53,137,120.7
415,0.5,12:11,137,120.7
416,0.5,12:25,137,120.7
417,0.5,12:25,137,120.7
418,0.51,12:04,137,120.7
419,0.51,11:58,137,120.7
420,0.51,13:01,137,120.7
421,0.51,13:58,137,121.4
422,0.51,14:34,137,121.4
423,0.51,17:11,136,121.4
424,0.51,18:07,136,121.4
425,0.51,17:52,136,121.4
426,0.51,17:25,137,121.4
427,0.51,17:52,138,121.4
428,0.52,17:11,138,121.4
429,0.52,18:07,138,121.4
430,0.52,19:26,138,121.4
431,0.52,20:37,139,121.4
432,0.52,20:01,138,121.4
433,0.52,18:07,138,122.0
434,0.52,16:09,137,122.0
435,0.52,14:54,136,122.0
436,0.52,13:41,135,122.0
437,0.53,13:08,135,122.0
438,0.53,13:32,135,122.7
439,0.53,13:49,135,122.7
440,0.53,14:07,135,122.7
441,0.53,14:54,135,122.7
442,0.53,14:54,136,122.7
443,0.53,14:34,136,122.7
444,0.53,15:04,136,122.7
445,0.53,14:34,136,122.7
446,0.54,14:34,136,122.7
447,0.54,14:44,134,122.7
448,0.54,14:44,135,122.7
449,0.54,14:07,135,122.7
450,0.54,14:34,135,122.7
451,0.54,14:34,136,122.7
452,0.54,15:04,137,123.4
453,0.54,15:46,137,123.4
454,0.54,16:33,137,123.4
455,0.55,15:46,136,123.4
456,0.55,15:35,136,123.4
457,0.55,14:25,136,123.4
458,0.55,13:49,134,123.4
459,0.55,13:08,134,123.4
460,0.55,13:08,134,123.4
461,0.55,13:01,134,123.4
462,0.55,13:58,135,123.4
463,0.55,14:34,135,123.4
464,0.56,14:54,135,123.4
465,0.56,15:46,135,123.4
466,0.56,15:46,136,123.4
467,0.56,14:44,136,123.4
468,0.56,14:25,136,123.4
469,0.56,13:32,136,123.4
470,0.56,13:16,136,124.0
471,0.56,13:16,136,124.0
472,0.57,13:32,135,124.0
473,0.57,13:01,135,124.0
474,0.57,14:16,135,124.7
475,0.57,14:54,135,124.7
476,0.57,14:54,135,124.7
477,0.57,15:57,134,125.3
478,0.57,16:33,134,125.3
479,0.57,15:04,134,125.3
480,0.57,14:16,134,125.3
481,0.58,14:44,134,125.3
482,0.58,15:14,134,125.3
483,0.58,15:24,134,125.3
484,0.58,17:38,133,125.3
485,0.58,18:22,133,125.3
486,0.58,17:11,133,125.3
487,0.58,15:04,134,125.3
488,0.58,15:04,134,126.0
489,0.58,13:58,134,126.0
490,0.59,13:41,133,126.0
491,0.59,13:58,133,126.0
492,0.59,14:54,133,126.0
493,0.59,13:58,131,126.0
494,0.59,14:44,130,126.0
495,0.59,15:24,129,126.0
496,0.59,14:44,130,126.0
497,0.59,14:07,130,126.0
498,0.59,15:14,131,126.0
499,0.6,14:44,131,126.0
500,0.6,13:58,131,126.0
501,0.6,15:14,130,126.0
502,0.6,15:57,130,126.0
503,0.6,15:57,130,126.6
504,0.6,16:09,130,126.6
505,0.6,16:33,131,126.6
506,0.6,15:24,131,126.0
507,0.6,14:54,131,126.0
508,0.61,14:16,132,126.0
509,0.61,13:49,132,126.0
510,0.61,14:07,133,126.0
511,0.61,14:44,133,126.6
512,0.61,15:35,132,126.6
513,0.61,16:33,132,126.6
514,0.61,16:33,133,126.6
515,0.61,15:57,134,127.3
516,0.61,16:09,133,127.3
517,0.61,16:09,133,127.3
518,0.62,15:04,133,127.3
519,0.62,15:57,134,128.0
520,0.62,16:33,132,128.0
521,0.62,15:46,132,128.0
522,0.62,15:04,132,128.0
523,0.62,16:21,132,128.0
524,0.62,15:04,133,128.0
525,0.62,14:44,134,128.0
526,0.62,15:04,134,128.0
527,0.63,14:44,134,128.0
528,0.63,13:49,135,128.6
529,0.63,14:44,135,128.6
530,0.63,14:44,135,128.6
531,0.63,14:07,136,129.3
532,0.63,14:16,136,129.3
533,0.63,14:54,136,129.3
534,0.63,14:44,136,129.3
535,0.63,14:34,137,129.9
536,0.64,15:24,138,129.9
537,0.64,15:24,138,129.9
538,0.64,14:07,138,129.9
539,0.64,13:58,139,129.9
540,0.64,14:07,139,130.6
541,0.64,13:41,140,130.6
542,0.64,12:25,140,130.6
543,0.65,12:46,140,130.6
544,0.65,12:04,139,130.6
545,0.65,12:04,139,130.6
546,0.65,12:32,138,130.6
547,0.65,14:07,138,130.6
548,0.65,15:14,139,130.6
549,0.65,16:58,138,130.6
550,0.65,17:38,139,130.6
551,0.65,16:09,138,130.6
552,0.65,16:21,136,130.6
553,0.66,15:57,136,130.6
554,0.66,16:09,137,130.6
555,0.66,15:57,138,130.6
556,0.66,17:11,138,130.6
557,0.66,17:25,138,130.6
558,0.66,17:38,138,130.6
559,0.66,17:11,138,131.2
560,0.66,17:25,138,131.2
561,0.66,17:25,137,131.2
562,0.66,17:25,138,131.2
563,0.67,17:52,138,131.2
564,0.67,17:52,139,131.2
565,0.67,17:38,138,131.9
566,0.67,16:45,139,131.9
567,0.67,16:33,139,131.9
568,0.67,15:57,138,131.9
569,0.67,16:09,138,131.9
570,0.67,15:57,138,131.9
571,0.67,15:57,139,132.5
572,0.67,15:46,138,132.5
573,0.68,14:25,139,132.5
574,0.68,13:58,139,132.5
575,0.68,13:41,139,132.5
576,0.68,13:49,138,132.5
577,0.68,13:24,138,132.5
578,0.68,14:16,138,132.5
579,0.68,14:07,138,132.5
580,0.68,13:49,138,132.5
581,0.69,14:16,138,132.5
582,0.69,14:25,138,132.5
583,0.69,14:16,136,132.5
584,0.69,14:34,136,132.5
585,0.69,14:34,136,132.5
586,0.69,14:16,134,131.9
587,0.69,14:07,133,131.9
588,0.69,14:16,130,131.9
589,0.69,14:44,127,131.2
590,0.7,14:34,128,131.2
591,0.7,14:34,128,131.2
592,0.7,15:24,128,131.2
593,0.7,14:44,128,131.2
594,0.7,14:25,129,131.2
595,0.7,14:54,129,131.2
596,0.7,14:44,129,131.2
597,0.7,13:24,129,130.6
598,0.71,13:58,129,130.6
599,0.71,13:58,129,130.6
600,0.71,14:07,129,130.6
601,0.71,14:16,129,130.6
602,0.71,15:35,129,130.6
603,0.71,15:35,129,131.2
604,0.71,15:46,128,131.2
605,0.71,16:33,129,131.2
606,0.71,16:45,130,131.2
607,0.71,16:21,131,131.2
608,0.72,16:45,131,130.6
609,0.72,14:44,132,130.6
610,0.72,13:49,132,130.6
611,0.72,13:41,133,130.6
612,0.72,13:49,133,130.6
613,0.72,13:24,133,129.9
614,0.72,15:04,133,129.9
615,0.72,15:35,134,129.9
616,0.72,16:33,134,129.9
617,0.73,17:25,134,129.9
618,0.73,17:11,136,129.9
619,0.73,16:09,139,129.9
620,0.73,16:21,141,129.9
621,0.73,14:07,140,129.9
622,0.73,12:46,140,130.6
623,0.73,12:53,137,130.6
624,0.73,12:39,135,130.6
625,0.74,12:32,135,130.6
626,0.74,13:41,135,130.6
627,0.74,14:54,134,130.6
628,0.74,14:54,134,130.6
629,0.74,15:35,134,130.6
630,0.74,15:57,133,130.6
631,0.74,15:35,133,130.6
632,0.74,15:24,132,130.6
633,0.74,15:14,133,130.6
634,0.75,15:04,134,130.6
635,0.75,13:24,134,130.6
636,0.75,13:49,135,131.2
637,0.75,12:25,135,131.2
638,0.75,11:39,135,131.2
639,0.75,11:52,135,131.2
640,0.75,13:58,135,131.2
641,0.75,14:54,135,131.2
642,0.75,16:33,135,131.2
643,0.76,20:37,135,131.9
644,0.76,20:19,135,131.9
645,0.76,18:37,135,131.9
646,0.76,16:33,136,131.9
647,0.76,16:21,136,131.9
648,0.76,16:33,136,132.5
649,0.76,16:45,135,132.5
650,0.76,15:35,135,133.2
651,0.76,15:14,135,133.9
652,0.76,16:45,135,133.9
653,0.77,15:46,135,134.5
654,0.77,15:57,137,134.5
655,0.77,17:52,137,135.2
656,0.77,18:22,137,135.2
657,0.77,16:58,138,135.8
658,0.77,15:04,138,135.8
659,0.77,14:25,138,135.8
660,0.77,14:16,138,135.2
661,0.77,13:41,139,135.2
662,0.78,13:24,138,135.2
663,0.78,13:16,138,134.5
664,0.78,12:04,138,133.9
665,0.78,11:05,138,133.9
666,0.78,11:05,138,133.2
667,0.78,10:54,138,132.5
668,0.78,11:45,138,132.5
669,0.79,13:01,139,132.5
670,0.79,13:24,139,132.5
671,0.79,13:58,139,131.9
672,0.79,14:16,140,131.9
673,0.79,13:49,140,131.9
674,0.79,13:32,140,131.9
675,0.79,13:16,140,131.9
676,0.79,13:41,140,131.2
677,0.8,13:08,140,131.2
678,0.8,13:01,140,131.2
679,0.8,13:01,140,131.2
680,0.8,13:01,139,131.2
681,0.8,12:32,139,131.2
682,0.8,12:32,139,131.2
683,0.8,12:11,138,131.2
684,0.81,12:18,139,131.2
685,0.81,13:08,139,131.2
686,0.81,12:46,140,131.2
687,0.81,13:16,140,131.2
688,0.81,13:58,140,131.2
689,0.81,13:32,140,131.2
690,0.81,12:46,140,131.2
691,0.81,13:24,140,130.6
692,0.81,14:25,140,130.6
693,0.82,15:14,139,130.6
694,0.82,15:35,138,130.6
695,0.82,16:09,140,130.6
696,0.82,15:46,139,130.6
697,0.82,13:16,140,130.6
698,0.82,12:18,141,130.6
699,0.82,12:18,141,130.6
700,0.82,11:33,141,129.9
701,0.83,10:59,142,130.6
702,0.83,11:58,142,130.6
703,0.83,11:39,141,130.6
704,0.83,11:27,141,129.9
705,0.83,11:33,141,130.6
706,0.83,11:45,141,129.9
707,0.84,10:59,141,129.9
708,0.84,10:54,141,129.9
709,0.84,11:21,141,129.9
710,0.84,12:18,142,130.6
711,0.84,12:53,141,130.6
712,0.84,13:32,140,130.6
713,0.84,14:34,140,130.6
714,0.84,14:44,140,130.6
715,0.85,13:16,140,130.6
716,0.85,12:53,140,130.6
717,0.85,13:01,139,130.6
718,0.85,11:58,140,130.6
719,0.85,11:39,142,130.6
720,0.85,11:52,141,130.6
721,0.85,12:04,143,131.2
722,0.86,11:39,144,131.2
723,0.86,12:18,144,131.2
724,0.86,12:46,144,131.2
725,0.86,13:08,144,131.2
726,0.86,13:01,144,131.2
727,0.86,13:58,145,131.2
728,0.86,14:34,144,131.2
729,0.86,13:58,143,131.2
730,0.87,12:46,142,131.2
731,0.87,13:49,142,131.2
732,0.87,13:41,142,131.2
733,0.87,13:41,142,131.2
734,0.87,13:08,143,131.2
735,0.87,13:41,143,131.9
736,0.87,12:18,142,131.9
737,0.87,11:45,142,131.9
738,0.88,11:27,142,131.9
739,0.88,12:18,143,131.9
740,0.88,13:16,143,132.5
741,0.88,14:16,143,132.5
742,0.88,15:57,143,132.5
743,0.88,14:54,143,132.5
744,0.88,14:44,143,132.5
745,0.88,13:49,142,132.5
746,0.89,12:53,142,132.5
747,0.89,11:52,141,132.5
748,0.89,12:32,141,132.5
749,0.89,11:39,141,132.5
750,0.89,12:11,141,132.5
751,0.89,13:08,141,132.5
752,0.89,14:16,142,132.5
753,0.89,14:16,143,132.5
754,0.89,15:14,143,132.5
755,0.9,14:54,143,132.5
756,0.9,15:14,143,132.5
757,0.9,14:54,142,132.5
758,0.9,16:09,143,132.5
759,0.9,16:09,143,132.5
760,0.9,16:45,143,132.5
761,0.9,15:14,143,133.2
762,0.9,14:34,143,133.2
763,0.9,13:58,143,133.2
764,0.91,13:58,143,133.2
765,0.91,13:49,143,133.2
766,0.91,14:25,143,133.2
767,0.91,15:14,141,133.2
768,0.91,14:34,141,133.9
769,0.91,14:44,141,133.9
770,0.91,14:54,139,133.9
771,0.91,15:04,138,133.9
772,0.91,14:25,138,133.9
773,0.92,14:54,138,133.9
774,0.92,14:54,138,133.9
775,0.92,14:25,139,133.9
776,0.92,14:07,139,133.9
777,0.92,14:07,139,133.9
778,0.92,14:25,138,133.9
779,0.92,14:07,138,134.5
780,0.92,14:07,139,134.5
781,0.93,13:58,139,134.5
782,0.93,13:58,139,134.5
783,0.93,13:24,139,134.5
784,0.93,14:07,139,134.5
785,0.93,14:16,140,134.5
786,0.93,13:49,140,134.5
787,0.93,13:16,140,134.5
788,0.93,13:24,139,134.5
789,0.94,13:16,139,134.5
790,0.94,13:08,139,135.2
791,0.94,13:24,139,135.2
792,0.94,13:32,139,135.2
793,0.94,14:16,139,135.2
794,0.94,13:16,139,135.2
795,0.94,13:58,139,135.2
796,0.94,14:44,139,135.2
797,0.94,16:09,139,135.8
798,0.95,15:35,139,135.8
799,0.95,16:09,139,135.8
800,0.95,15:24,139,135.8
801,0.95,14:16,139,135.8
802,0.95,13:16,139,135.8
803,0.95,13:32,139,135.8
804,0.95,13:24,139,135.8
805,0.95,13:01,139,135.8
806,0.96,13:24,138,136.5
807,0.96,12:46,138,136.5
808,0.96,11:33,138,136.5
809,0.96,11:45,138,136.5
810,0.96,12:53,138,136.5
811,0.96,12:32,138,136.5
812,0.96,13:49,137,136.5
813,0.96,15:04,137,136.5
814,0.97,14:34,136,136.5
815,0.97,13:16,136,136.5
816,0.97,13:58,136,136.5
817,0.97,12:46,136,136.5
818,0.97,12:53,136,136.5
819,0.97,13:01,136,136.5
820,0.97,12:46,137,137.1
821,0.97,12:25,137,137.1
822,0.98,13:32,137,137.1
823,0.98,13:16,137,137.1
824,0.98,13:08,137,137.1
825,0.98,13:58,137,137.1
826,0.98,14:25,137,137.1
827,0.98,13:49,138,137.1
828,0.98,14:25,137,137.8
829,0.98,14:44,137,137.8
830,0.99,14:34,136,137.8
831,0.99,15:04,136,137.8
832,0.99,15:04,136,137.8
833,0.99,14:34,136,137.8
834,0.99,14:34,137,137.8
835,0.99,15:04,137,137.8
836,0.99,15:14,136,137.8
837,0.99,15:46,136,137.8
838,0.99,16:45,137,137.8
839,0.99,16:45,137,137.8
840,1.0,15:35,138,137.8
841,1.0,14:34,138,138.5
842,1.0,13:58,139,138.5
843,1.0,13:49,139,138.5
844,1.0,14:54,139,138.5
845,1.0,15:04,138,138.5
846,1.0,14:34,137,137.8
847,1.0,14:54,136,138.5
848,1.01,14:54,135,138.5
849,1.01,14:25,136,138.5
850,1.01,14:25,136,138.5
851,1.01,15:57,136,138.5
852,1.01,15:35,136,138.5
853,1.01,14:44,136,138.5
854,1.01,14:44,137,138.5
855,1.01,15:14,137,138.5
856,1.01,14:25,136,138.5
857,1.02,14:54,136,138.5
858,1.02,15:14,135,138.5
859,1.02,14:44,134,138.5
860,1.02,14:34,133,139.1
861,1.02,15:24,133,138.5
862,1.02,15:14,133,138.5
863,1.02,14:54,134,138.5
864,1.02,15:04,134,138.5
865,1.02,14:54,135,138.5
866,1.02,15:04,136,137.8
867,1.03,14:16,136,137.8
868,1.03,14:16,137,137.8
869,1.03,13:32,137,137.8
870,1.03,13:32,136,137.8
871,1.03,12:32,136,138.5
872,1.03,13:24,135,138.5
873,1.03,13:41,136,138.5
874,1.03,14:25,136,138.5
875,1.04,13:58,137,138.5
876,1.04,13:58,137,138.5
877,1.04,13:49,138,138.5
878,1.04,13:41,139,138.5
879,1.04,13:58,139,138.5
880,1.04,14:16,140,138.5
881,1.04,13:32,140,138.5
882,1.04,13:49,140,138.5
883,1.05,13:08,140,138.5
884,1.05,13:16,141,138.5
885,1.05,13:41,141,138.5
886,1.05,14:54,141,138.5
887,1.05,14:16,142,138.5
888,1.05,15:04,142,138.5
889,1.05,13:58,142,138.5
890,1.05,13:49,142,138.5
891,1.06,13:49,143,138.5
892,1.06,13:49,143,138.5
893,1.06,13:16,143,138.5
894,1.06,13:32,144,137.8
895,1.06,13:01,144,137.8
896,1.06,12:39,144,137.8
897,1.06,12:46,144,137.8
898,1.06,13:08,143,137.8
899,1.07,13:16,143,138.5
900,1.07,13:24,143,138.5
901,1.07,13:41,142,138.5
902,1.07,13:49,142,137.8
903,1.07,13:58,143,137.8
904,1.07,13:01,142,137.8
905,1.07,13:16,142,138.5
906,1.07,12:39,143,138.5
907,1.08,12:32,142,138.5
908,1.08,12:46,143,138.5
909,1.08,13:01,144,138.5
910,1.08,13:08,144,138.5
911,1.08,14:25,144,138.5
912,1.08,15:04,145,138.5
913,1.08,14:44,144,139.1
914,1.08,16:09,144,139.1
915,1.08,15:24,145,139.1
916,1.09,15:04,145,139.1
917,1.09,15:04,145,139.1
918,1.09,14:25,145,139.8
919,1.09,13:32,144,139.8
920,1.09,13:24,146,139.8
921,1.09,12:53,145,139.8
922,1.09,12:11,146,140.4
923,1.09,13:01,145,140.4
924,1.1,13:58,145,140.4
925,1.1,14:16,145,140.4
926,1.1,14:54,144,140.4
927,1.1,14:16,143,140.4
928,1.1,13:32,143,140.4
929,1.1,13:01,143,140.4
930,1.1,13:24,143,140.4
931,1.1,13:01,143,140.4
932,1.11,14:25,143,141.1
933,1.11,15:24,143,141.1
934,1.11,15:14,144,141.1
935,1.11,15:46,144,141.1
936,1.11,14:16,145,141.1
937,1.11,13:16,146,141.1
938,1.11,12:46,145,141.1
939,1.11,12:46,146,141.7
940,1.11,12:46,146,141.7
941,1.12,14:25,146,141.7
942,1.12,16:09,145,141.7
943,1.12,15:57,146,142.4
944,1.12,17:11,146,142.4
945,1.12,15:57,146,142.4
946,1.12,15:14,146,142.4
947,1.12,14:07,146,142.4
948,1.12,15:24,147,142.4
949,1.12,15:04,147,143.0
950,1.13,15:35,146,143.0
951,1.13,15:46,145,143.0
952,1.13,15:57,145,143.7
953,1.13,14:07,145,143.7
954,1.13,13:41,144,143.7
955,1.13,14:07,144,144.4
956,1.13,14:16,144,144.4
957,1.13,14:07,144,144.4
958,1.14,14:16,142,145.0
959,1.14,14:34,143,145.0
960,1.14,13:16,143,145.0
961,1.14,13:16,143,145.0
962,1.14,13:08,143,145.0
963,1.14,13:16,143,145.0
964,1.14,12:53,144,145.0
965,1.14,13:24,144,145.7
966,1.15,13:01,143,145.7
967,1.15,13:16,144,145.7
968,1.15,13:58,144,145.7
969,1.15,14:07,144,145.7
970,1.15,13:41,143,145.7
971,1.15,13:49,143,145.7
972,1.15,14:07,144,145.7
973,1.15,13:49,145,145.7
974,1.15,14:07,145,146.3
975,1.16,14:44,146,146.3
976,1.16,15:04,145,146.3
977,1.16,14:16,145,147.0
978,1.16,14:16,144,147.0
979,1.16,14:07,143,147.0
980,1.16,13:24,143,147.0
981,1.16,13:24,143,147.0
982,1.16,12:46,142,147.0
983,1.17,12:32,142,147.0
984,1.17,12:25,141,147.0
985,1.17,13:49,142,147.0
986,1.17,15:14,141,147.0
987,1.17,15:57,141,147.0
988,1.17,15:24,142,147.0
989,1.17,15:14,142,147.6
990,1.17,13:01,142,147.6
991,1.17,12:46,142,147.6
992,1.18,13:49,141,147.6
993,1.18,15:35,142,147.6
994,1.18,15:46,143,148.3
995,1.18,17:38,144,148.3
996,1.18,16:09,143,148.3
997,1.18,14:54,143,148.3
998,1.18,13:24,144,148.3
999,1.18,13:49,144,148.3
1000,1.18,14:54,144,148.3
1001,1.19,14:34,144,148.3
1002,1.19,15:35,143,148.3
1003,1.19,18:53,143,148.3
1004,1.19,18:53,143,148.3
1005,1.19,15:35,143,148.3
1006,1.19,15:14,143,148.3
1007,1.19,14:25,144,148.3
1008,1.19,12:39,144,148.3
1009,1.19,12:39,145,148.3
1010,1.2,14:25,145,149.0
1011,1.2,14:54,145,149.0
1012,1.2,14:16,144,149.0
1013,1.2,15:04,144,149.0
1014,1.2,14:34,143,149.0
1015,1.2,13:32,143,149.0
1016,1.2,13:41,143,149.0
1017,1.2,13:49,143,149.0
1018,1.21,12:39,143,149.0
1019,1.21,12:25,142,149.0
1020,1.21,12:39,143,149.6
1021,1.21,12:32,143,149.6
1022,1.21,12:25,142,149.6
1023,1.21,13:01,143,149.6
1024,1.21,13:01,143,149.6
1025,1.21,13:32,142,149.6
1026,1.22,13:49,142,150.3
1027,1.22,14:34,141,150.3
1028,1.22,15:14,140,150.3
1029,1.22,15:24,140,149.6
1030,1.22,14:44,140,149.6
1031,1.22,14:54,141,149.6
1032,1.22,15:04,140,149.6
1033,1.22,13:41,140,150.3
1034,1.22,13:58,140,150.3
1035,1.23,13:58,141,150.3
1036,1.23,14:07,142,150.3
1037,1.23,13:58,142,150.3
1038,1.23,13:58,142,150.3
1039,1.23,13:24,142,149.6
1040,1.23,13:16,142,149.6
1041,1.23,12:53,143,150.3
1042,1.23,12:39,143,150.3
1043,1.24,13:58,144,150.3
1044,1.24,13:41,144,150.3
1045,1.24,13:58,145,150.3
1046,1.24,13:49,145,150.3
1047,1.24,13:41,144,150.3
1048,1.24,13:01,144,150.3
1049,1.24,13:24,144,150.3
1050,1.24,13:16,142,150.3
1051,1.25,13:16,143,150.3
1052,1.25,13:41,143,150.3
1053,1.25,13:58,143,150.3
1054,1.25,14:44,143,150.9
1055,1.25,15:04,143,150.9
1056,1.25,14:54,143,150.9
1057,1.25,15:35,141,150.9
1058,1.25,16:21,141,150.9
1059,1.25,16:45,140,150.9
1060,1.26,16:33,140,150.9
1061,1.26,17:52,140,150.9
1062,1.26,17:38,141,150.9
1063,1.26,16:45,141,150.9
1064,1.26,15:57,141,150.9
1065,1.26,16:09,140,150.9
1066,1.26,15:46,140,150.9
1067,1.26,15:46,140,150.9
1068,1.26,17:11,139,150.9
1069,1.26,17:38,138,150.9
1070,1.27,17:52,138,150.9
1071,1.27,16:58,138,150.9
1072,1.27,16:09,139,151.6
1073,1.27,14:34,139,151.6
1074,1.27,14:16,139,151.6
1075,1.27,13:41,138,151.6
1076,1.27,13:58,138,150.9
1077,1.27,14:44,138,151.6
1078,1.27,14:25,138,151.6
1079,1.28,14:16,138,151.6
1080,1.28,14:34,139,151.6
1081,1.28,14:16,139,151.6
1082,1.28,13:01,139,152.2
1083,1.28,13:24,138,152.2
1084,1.28,13:32,138,152.2
1085,1.28,12:39,138,152.2
1086,1.28,13:08,138,152.2
1087,1.29,14:07,139,152.2
1088,1.29,14:16,139,152.2
1089,1.29,14:25,138,152.2
1090,1.29,16:09,138,152.2
1091,1.29,15:46,137,152.2
1092,1.29,15:46,137,152.9
1093,1.29,15:35,136,152.9
1094,1.29,16:21,136,152.9
1095,1.29,15:24,136,153.5
1096,1.3,15:35,136,153.5
1097,1.3,15:46,137,153.5
1098,1.3,16:21,137,152.9
1099,1.3,15:57,137,152.9
1100,1.3,15:57,138,152.9
1101,1.3,15:35,138,153.5
1102,1.3,15:35,139,153.5
1103,1.3,15:14,140,153.5
1104,1.3,14:34,140,153.5
1105,1.3,15:14,140,153.5
1106,1.31,16:09,140,154.2
1107,1.31,15:57,140,154.2
1108,1.31,16:33,139,154.2
1109,1.31,16:33,139,154.2
1110,1.31,16:21,139,154.2
1111,1.31,15:14,139,154.9
1112,1.31,14:54,139,154.9
1113,1.31,14:25,139,154.9
1114,1.31,15:04,137,154.9
1115,1.32,15:35,136,154.9
1116,1.32,17:11,136,154.9
1117,1.32,16:58,136,155.5
1118,1.32,16:45,137,155.5
1119,1.32,16:33,137,155.5
1120,1.32,15:57,137,155.5
1121,1.32,15:04,138,155.5
1122,1.32,15:24,138,155.5
1123,1.32,15:57,137,156.2
1124,1.32,15:04,137,156.2
1125,1.33,14:25,137,156.2
1126,1.33,14:25,139,156.2
1127,1.33,14:34,139,156.8
1128,1.33,14:25,140,156.8
1129,1.33,15:04,140,156.8
1130,1.33,15:46,140,156.8
1131,1.33,15:57,140,157.5
1132,1.33,15:14,140,156.8
1133,1.33,15:14,139,157.5
1134,1.34,14:44,140,157.5
1135,1.34,14:34,139,157.5
1136,1.34,14:54,139,157.5
1137,1.34,16:09,140,158.1
1138,1.34,15:57,138,158.1
1139,1.34,16:45,139,158.1
1140,1.34,16:45,138,158.1
1141,1.34,15:57,138,158.1
1142,1.34,14:25,137,158.1
1143,1.35,13:58,138,158.8
1144,1.35,13:32,137,158.8
1145,1.35,13:41,137,158.8
1146,1.35,13:41,137,158.8
1147,1.35,14:34,137,158.8
1148,1.35,15:57,138,158.8
1149,1.35,16:45,138,159.4
1150,1.35,16:58,138,159.4
1151,1.35,17:52,138,158.8
1152,1.35,18:22,138,158.8
1153,1.36,16:09,138,159.4
1154,1.36,15:35,138,159.4
1155,1.36,15:35,138,159.4
1156,1.36,14:07,139,160.1
1157,1.36,12:53,139,160.1
1158,1.36,12:46,139,160.1
1159,1.36,12:04,138,160.1
1160,1.37,11:27,139,160.1
1161,1.37,11:45,139,160.1
1162,1.37,12:39,139,160.8
1163,1.37,13:01,140,160.8
1164,1.37,13:08,140,160.8
1165,1.37,13:24,141,160.8
1166,1.37,13:49,141,160.8
1167,1.37,13:24,141,161.4
1168,1.38,13:58,141,161.4
1169,1.38,14:34,140,161.4
1170,1.38,14:44,140,161.4
1171,1.38,16:33,140,161.4
1172,1.38,16:58,140,162.1
1173,1.38,15:35,140,162.1
1174,1.38,15:04,140,162.1
1175,1.38,15:57,140,162.1
1176,1.38,14:16,140,162.1
1177,1.38,14:25,141,162.1
1178,1.39,15:24,141,162.7
1179,1.39,16:33,140,162.7
1180,1.39,15:24,141,162.7
1181,1.39,16:33,140,162.7
1182,1.39,16:58,141,163.4
1183,1.39,15:35,140,163.4
1184,1.39,14:44,140,163.4
1185,1.39,14:54,140,163.4
1186,1.39,14:16,140,164.0
1187,1.4,12:18,142,164.0
1188,1.4,12:32,142,164.0
1189,1.4,13:32,142,164.0
1190,1.4,13:24,142,164.0
1191,1.4,13:16,143,164.0
1192,1.4,15:14,143,164.0
1193,1.4,16:33,144,164.7
1194,1.4,15:24,144,164.7
1195,1.41,16:09,144,164.7
1196,1.41,16:58,144,164.7
1197,1.41,16:09,145,164.7
1198,1.41,14:54,145,165.4
1199,1.41,14:44,145,165.4
1200,1.41,14:54,145,165.4
1201,1.41,13:49,147,165.4
1202,1.41,14:44,146,165.4
1203,1.41,14:54,145,165.4
1204,1.42,14:44,145,165.4
1205,1.42,14:07,145,165.4
1206,1.42,14:16,145,166.0
1207,1.42,13:32,145,166.0
1208,1.42,14:07,146,166.0
1209,1.42,14:44,146,166.0
1210,1.42,15:14,146,166.0
1211,1.42,14:34,146,166.0
1212,1.42,14:54,146,166.0
1213,1.43,15:04,147,166.0
1214,1.43,15:14,147,166.0
1215,1.43,15:04,146,166.0
1216,1.43,16:21,147,166.0
1217,1.43,16:09,147,166.7
1218,1.43,14:54,145,166.7
1219,1.43,15:04,145,166.7
1220,1.43,14:16,144,166.7
1221,1.43,14:07,144,166.7
1222,1.44,14:07,144,166.7
1223,1.44,15:46,144,166.7
1224,1.44,14:54,144,166.7
1225,1.44,16:33,144,166.7
1226,1.44,16:21,145,166.7
1227,1.44,15:57,144,166.7
1228,1.44,14:07,143,166.7
1229,1.44,14:34,143,166.7
1230,1.44,14:25,142,167.3
1231,1.45,13:16,141,167.3
1232,1.45,13:24,140,167.3
1233,1.45,14:25,139,167.3
1234,1.45,13:41,132,167.3
1235,1.45,13:08,131,167.3
1236,1.45,14:34,131,167.3
1237,1.45,15:14,131,167.3
1238,1.45,14:25,131,168.0
1239,1.46,14:54,131,168.0
1240,1.46,15:04,132,168.0
1241,1.46,14:44,132,168.0
1242,1.46,14:25,133,168.0
1243,1.46,15:14,132,168.0
1244,1.46,15:14,132,168.0
1245,1.46,15:04,132,168.0
1246,1.46,15:35,132,168.0
1247,1.46,14:16,132,168.6
1248,1.47,13:41,132,168.6
1249,1.47,13:32,132,168.6
1250,1.47,12:53,132,168.6
1251,1.47,12:18,133,168.6
1252,1.47,12:53,134,168.6
1253,1.47,13:41,134,168.6
1254,1.47,13:32,135,168.6
1255,1.47,15:04,135,168.6
1256,1.47,15:46,138,169.3
1257,1.48,16:58,139,169.3
1258,1.48,17:52,140,169.3
1259,1.48,20:19,142,169.3
1260,1.48,17:52,143,169.9
1261,1.48,16:21,142,169.9
1262,1.48,15:35,143,169.9
1263,1.48,13:16,143,169.9
1264,1.48,12:11,143,169.9
1265,1.48,12:53,144,169.9
1266,1.49,14:07,144,170.6
1267,1.49,14:44,144,170.6
1268,1.49,15:57,144,170.6
1269,1.49,15:57,144,170.6
1270,1.49,14:25,144,170.6
1271,1.49,13:41,143,170.6
1272,1.49,13:08,143,170.6
1273,1.49,12:53,142,171.3
1274,1.5,13:41,142,171.3
1275,1.5,14:54,142,171.3
1276,1.5,14:44,142,171.3
1277,1.5,14:54,141,171.3
1278,1.5,14:44,140,171.9
1279,1.5,14:16,140,171.9
1280,1.5,13:16,140,171.9
1281,1.5,13:58,139,171.9
1282,1.5,13:32,140,171.9
1283,1.51,14:07,140,172.6
1284,1.51,13:32,141,172.6
1285,1.51,13:58,141,172.6
1286,1.51,12:25,141,173.2
1287,1.51,12:18,141,173.2
1288,1.51,12:18,141,173.2
1289,1.51,12:39,142,173.2
1290,1.51,13:24,142,173.2
1291,1.52,14:54,142,173.2
1292,1.52,15:57,141,173.9
1293,1.52,16:21,141,173.9
1294,1.52,15:35,141,173.9
1295,1.52,14:54,140,173.9
1296,1.52,14:44,141,173.9
1297,1.52,13:58,141,173.9
1298,1.52,12:53,142,173.9
1299,1.53,13:49,142,173.9
1300,1.53,13:58,142,174.5
1301,1.53,14:44,143,174.5
1302,1.53,14:44,144,174.5
1303,1.53,14:44,144,175.2
1304,1.53,15:57,144,175.2
1305,1.53,15:04,144,175.2
1306,1.53,14:16,144,175.2
1307,1.53,14:44,144,175.2
1308,1.53,16:21,143,175.9
1309,1.54,14:54,143,175.9
1310,1.54,15:46,144,175.9
1311,1.54,14:54,143,175.9
1312,1.54,15:35,142,176.5
1313,1.54,14:34,141,176.5
1314,1.54,14:34,141,176.5
1315,1.54,14:16,142,177.2
1316,1.54,15:24,143,177.2
1317,1.54,15:04,143,177.2
1318,1.55,16:09,143,177.2
1319,1.55,15:57,143,177.8
1320,1.55,16:09,144,177.8
1321,1.55,15:24,145,177.8
1322,1.55,14:25,144,178.5
1323,1.55,13:41,144,178.5
1324,1.55,14:34,144,178.5
1325,1.55,15:04,144,178.5
1326,1.55,15:35,145,178.5
1327,1.56,16:33,145,178.5
1328,1.56,18:07,145,178.5
1329,1.56,16:21,145,178.5
1330,1.56,16:21,145,179.1
1331,1.56,16:45,145,179.1
1332,1.56,15:57,144,179.1
1333,1.56,16:09,144,179.1
1334,1.56,16:45,144,179.8
1335,1.56,18:07,144,179.8
1336,1.56,19:09,145,179.8
1337,1.56,22:21,144,179.8
1338,1.57,20:37,143,179.8
1339,1.57,19:26,142,179.8
1340,1.57,16:33,142,179.8
1341,1.57,16:33,143,180.4
1342,1.57,14:34,142,180.4
1343,1.57,14:54,142,180.4
1344,1.57,15:24,142,180.4
1345,1.57,15:35,143,180.4
1346,1.57,14:34,143,180.4
1347,1.58,16:09,143,180.4
1348,1.58,15:46,142,180.4
1349,1.58,15:46,142,180.4
1350,1.58,15:57,142,180.4
1351,1.58,16:09,142,180.4
1352,1.58,14:54,142,181.1
1353,1.58,14:25,143,181.1
1354,1.58,15:35,143,181.1
1355,1.58,16:45,143,181.1
1356,1.59,15:57,143,181.1
1357,1.59,15:46,143,181.1
1358,1.59,16:33,143,181.1
1359,1.59,13:41,143,181.1
1360,1.59,13:16,144,181.1
1361,1.59,13:08,144,181.8
1362,1.59,14:07,144,181.8
1363,1.59,13:32,144,181.8
1364,1.59,14:34,144,181.8
1365,1.6,13:58,144,181.8
1366,1.6,15:04,144,181.8
1367,1.6,14:54,144,182.4
1368,1.6,16:58,144,182.4
1369,1.6,17:38,144,182.4
1370,1.6,19:09,143,182.4
1371,1.6,20:19,143,182.4
1372,1.6,19:09,143,182.4
1373,1.6,16:09,142,183.1
1374,1.6,15:14,141,183.1
1375,1.61,15:24,139,183.1
1376,1.61,13:24,139,183.1
1377,1.61,13:32,140,183.1
1378,1.61,14:34,138,183.1
1379,1.61,15:46,138,183.7
1380,1.61,15:24,138,183.7
1381,1.61,17:11,139,183.7
1382,1.61,17:25,139,183.7
1383,1.61,16:33,139,183.7
1384,1.62,15:46,139,183.7
1385,1.62,16:21,138,183.7
1386,1.62,15:46,139,183.7
1387,1.62,15:24,138,183.7
1388,1.62,15:35,139,183.7
1389,1.62,15:35,140,183.7
1390,1.62,13:49,141,183.7
1391,1.62,13:24,142,183.7
1392,1.62,13:01,143,183.7
1393,1.63,13:24,143,183.7
1394,1.63,14:07,143,183.7
1395,1.63,15:24,143,183.7
1396,1.63,16:09,144,183.7
1397,1.63,17:38,143,183.7
1398,1.63,16:33,143,183.7
1399,1.63,15:04,142,183.7
1400,1.63,13:58,143,183.7
1401,1.64,13:08,142,183.7
1402,1.64,12:39,143,183.7
1403,1.64,12:32,143,183.7
1404,1.64,13:01,142,183.7
1405,1.64,13:41,142,183.7
1406,1.64,13:49,142,184.4
1407,1.64,13:08,142,184.4
1408,1.64,13:24,143,184.4
1409,1.64,13:58,144,184.4
1410,1.65,14:07,144,184.4
1411,1.65,14:54,145,184.4
1412,1.65,16:09,145,185.0
1413,1.65,15:35,144,185.0
1414,1.65,15:14,145,185.0
1415,1.65,14:44,145,185.0
1416,1.65,14:25,145,185.0
1417,1.65,12:53,145,185.0
1418,1.66,13:24,145,185.0
1419,1.66,13:58,144,185.0
1420,1.66,14:16,143,185.0
1421,1.66,13:49,143,185.7
1422,1.66,15:14,143,185.7
1423,1.66,15:35,145,185.7
1424,1.66,16:33,144,185.7
1425,1.66,17:11,144,185.7
1426,1.66,18:22,144,185.7
1427,1.66,16:58,144,186.4
1428,1.67,16:58,143,186.4
1429,1.67,15:46,143,186.4
1430,1.67,14:44,143,186.4
1431,1.67,14:16,143,187.0
1432,1.67,15:35,143,187.0
1433,1.67,14:54,142,187.0
1434,1.67,13:24,142,187.7
1435,1.67,12:53,141,187.7
1436,1.68,12:04,142,187.7
1437,1.68,11:21,142,187.7
1438,1.68,11:33,141,187.7
1439,1.68,12:39,141,187.7
1440,1.68,13:58,142,187.7
1441,1.68,15:14,141,188.3
1442,1.68,16:33,142,188.3
1443,1.68,17:38,142,188.3
1444,1.68,16:21,142,188.3
1445,1.69,15:46,143,188.3
1446,1.69,15:14,142,189.0
1447,1.69,14:34,143,189.0
1448,1.69,13:58,142,189.0
1449,1.69,14:54,143,189.0
1450,1.69,15:35,144,189.0
1451,1.69,16:33,144,189.0
1452,1.69,17:25,144,189.6
1453,1.69,18:07,143,189.6
1454,1.69,17:11,143,189.6
1455,1.7,16:45,144,189.6
1456,1.7,16:45,143,189.6
1457,1.7,16:21,142,189.6
1458,1.7,15:24,141,190.3
1459,1.7,15:24,140,190.3
1460,1.7,13:49,140,190.3
1461,1.7,13:16,139,190.3
1462,1.7,13:24,140,190.3
1463,1.71,13:16,140,190.9
1464,1.71,13:01,139,190.9
1465,1.71,14:07,140,190.9
1466,1.71,14:25,140,190.9
1467,1.71,13:32,141,190.9
1468,1.71,13:24,142,190.9
1469,1.71,13:32,141,191.6
1470,1.71,14:16,142,191.6
1471,1.71,14:07,143,191.6
1472,1.72,14:34,142,191.6
1473,1.72,15:46,142,191.6
1474,1.72,15:14,143,191.6
1475,1.72,14:44,143,191.6
1476,1.72,15:57,142,191.6
1477,1.72,15:46,143,191.6
1478,1.72,14:16,142,191.6
1479,1.72,14:44,142,191.6
1480,1.73,13:49,142,191.6
1481,1.73,13:32,141,191.6
1482,1.73,14:34,142,191.6
1483,1.73,15:46,142,191.6
1484,1.73,16:58,142,192.3
1485,1.73,18:22,142,192.3
1486,1.73,17:38,143,192.3
1487,1.73,16:45,142,192.3
1488,1.73,17:11,142,192.3
1489,1.73,16:58,142,192.3
1490,1.73,16:33,142,192.3
1491,1.74,16:33,142,192.9
1492,1.74,16:45,141,192.9
1493,1.74,15:24,140,192.9
1494,1.74,14:44,140,192.9
1495,1.74,14:44,140,192.9
1496,1.74,15:14,140,192.9
1497,1.74,15:04,140,192.9
1498,1.74,15:46,140,192.9
1499,1.74,15:24,140,193.6
1500,1.75,14:16,140,193.6
1501,1.75,13:24,140,193.6
1502,1.75,13:08,140,193.6
1503,1.75,12:39,141,193.6
1504,1.75,13:01,141,193.6
1505,1.75,13:58,141,193.6
1506,1.75,14:16,141,193.6
1507,1.75,14:44,141,193.6
1508,1.76,15:04,142,193.6
1509,1.76,15:46,141,193.6
1510,1.76,15:24,141,193.6
1511,1.76,16:09,141,193.6
1512,1.76,15:57,142,193.6
1513,1.76,15:14,143,193.6
1514,1.76,14:25,144,193.6
1515,1.76,15:14,143,193.6
1516,1.76,14:16,144,193.6
1517,1.77,13:49,143,193.6
1518,1.77,15:04,144,193.6
1519,1.77,15:14,144,194.2
1520,1.77,14:07,143,194.2
1521,1.77,13:32,143,194.2
1522,1.77,13:24,142,194.2
1523,1.77,12:04,142,194.2
1524,1.77,11:33,142,194.2
1525,1.78,11:27,140,194.2
1526,1.78,12:04,140,194.2
1527,1.78,12:18,139,194.2
1528,1.78,13:16,138,194.2
1529,1.78,13:49,140,194.2
1530,1.78,13:41,140,194.2
1531,1.78,13:32,140,194.2
1532,1.78,13:08,141,194.2
1533,1.79,12:53,142,194.2
1534,1.79,12:53,142,194.2
1535,1.79,13:41,143,194.2
1536,1.79,13:58,143,194.2
1537,1.79,14:16,144,194.2
1538,1.79,13:41,145,194.2
1539,1.79,13:01,145,194.9
1540,1.8,12:39,145,194.9
1541,1.8,11:58,145,194.9
1542,1.8,12:25,145,194.9
1543,1.8,13:24,145,194.9
1544,1.8,13:58,146,194.9
1545,1.8,13:49,146,194.9
1546,1.8,14:16,146,194.9
1547,1.8,13:49,146,194.9
1548,1.8,13:16,146,195.5
1549,1.81,12:32,146,195.5
1550,1.81,12:46,146,195.5
1551,1.81,12:18,147,195.5
1552,1.81,11:45,146,195.5
1553,1.81,11:52,145,195.5
1554,1.81,12:04,145,195.5
1555,1.81,12:25,146,195.5
1556,1.82,13:01,146,195.5
1557,1.82,13:49,145,195.5
1558,1.82,13:32,146,195.5
1559,1.82,14:07,146,195.5
1560,1.82,13:49,146,195.5
1561,1.82,15:04,147,195.5
1562,1.82,15:24,147,195.5
1563,1.82,14:34,148,195.5
1564,1.82,14:16,148,195.5
1565,1.83,14:07,148,195.5
1566,1.83,13:08,148,195.5
1567,1.83,12:53,148,195.5
1568,1.83,13:58,148,195.5
1569,1.83,14:44,149,195.5
1570,1.83,14:25,149,195.5
1571,1.83,13:49,149,195.5
1572,1.83,13:16,151,195.5
1573,1.84,12:25,151,195.5
1574,1.84,11:58,151,195.5
1575,1.84,12:25,151,195.5
1576,1.84,12:39,151,195.5
1577,1.84,13:16,151,196.2
1578,1.84,14:16,151,196.2
1579,1.84,14:25,151,196.2
1580,1.84,13:58,150,196.2
1581,1.85,14:25,150,196.2
1582,1.85,14:25,150,196.2
1583,1.85,14:16,149,196.2
1584,1.85,14:16,149,196.2
1585,1.85,14:34,147,196.2
1586,1.85,14:07,147,196.2
1587,1.85,13:41,147,196.2
1588,1.85,13:32,147,196.2
1589,1.86,13:16,147,196.9
1590,1.86,13:24,148,196.9
1591,1.86,13:58,148,196.9
1592,1.86,14:25,148,196.9
1593,1.86,14:54,148,196.9
1594,1.86,15:04,148,196.9
1595,1.86,14:34,148,196.9
1596,1.86,14:25,147,196.9
1597,1.86,13:49,148,197.5
1598,1.87,12:53,148,197.5
1599,1.87,12:46,147,197.5
1600,1.87,12:32,147,198.2
1601,1.87,13:01,147,198.2
1602,1.87,13:58,147,198.2
1603,1.87,15:24,147,198.2
1604,1.87,16:09,147,198.2
1605,1.87,17:25,146,198.2
1606,1.87,16:45,147,198.2
1607,1.88,15:14,147,198.2
1608,1.88,15:14,147,198.2
1609,1.88,14:34,147,198.2
1610,1.88,14:07,147,198.2
1611,1.88,14:07,147,198.2
1612,1.88,14:44,146,198.8
1613,1.88,14:34,145,198.8
1614,1.88,15:24,145,198.8
1615,1.88,15:57,144,198.8
1616,1.89,15:04,145,198.8
1617,1.89,14:54,144,198.8
1618,1.89,14:25,144,198.8
1619,1.89,14:34,144,198.8
1620,1.89,13:32,145,198.8
1621,1.89,14:25,145,198.8
1622,1.89,15:04,145,198.8
1623,1.89,15:24,146,198.2
1624,1.9,14:34,146,198.2
1625,1.9,16:21,146,198.2
1626,1.9,15:57,146,198.2
1627,1.9,15:04,146,197.5
1628,1.9,14:25,145,197.5
1629,1.9,13:58,146,197.5
1630,1.9,12:39,146,196.9
1631,1.9,12:18,146,196.9
1632,1.91,12:39,146,196.9
1633,1.91,13:16,146,197.5
1634,1.91,13:58,145,197.5
1635,1.91,15:24,146,197.5
1636,1.91,15:35,146,197.5
1637,1.91,14:44,146,197.5
1638,1.91,13:58,146,197.5
1639,1.91,13:24,145,197.5
1640,1.91,13:01,144,197.5
1641,1.92,12:46,144,197.5
1642,1.92,13:32,144,197.5
1643,1.92,14:07,144,197.5
1644,1.92,14:16,144,197.5
1645,1.92,14:34,144,196.9
1646,1.92,14:07,144,196.9
1647,1.92,13:41,145,196.9
1648,1.92,13:41,145,196.9
1649,1.93,13:58,144,196.9
1650,1.93,13:24,144,196.9
1651,1.93,13:49,145,196.9
1652,1.93,13:41,146,196.9
1653,1.93,12:39,146,196.9
1654,1.93,12:04,147,196.2
1655,1.93,12:04,147,196.2
1656,1.93,11:58,147,195.5
1657,1.94,11:39,148,195.5
1658,1.94,11:58,147,195.5
1659,1.94,12:39,148,195.5
1660,1.94,12:11,148,195.5
1661,1.94,12:11,147,195.5
1662,1.94,12:46,147,194.9
1663,1.94,12:18,147,194.9
1664,1.95,11:52,148,194.9
1665,1.95,12:39,147,194.9
1666,1.95,13:58,146,194.9
1667,1.95,13:16,146,194.9
1668,1.95,14:07,146,194.9
1669,1.95,13:16,146,194.9
1670,1.95,11:58,148,194.9
1671,1.96,10:54,147,194.9
1672,1.96,10:54,147,194.9
1673,1.96,10:38,147,194.9
1674,1.96,11:16,148,194.9
1675,1.96,12:25,148,194.9
1676,1.96,12:46,148,194.9
1677,1.96,12:53,148,194.9
1678,1.96,12:46,148,194.9
1679,1.97,12:39,148,194.2
1680,1.97,11:52,147,194.2
1681,1.97,11:52,148,194.2
1682,1.97,11:58,149,194.2
1683,1.97,12:53,148,194.2
1684,1.97,13:08,148,194.2
1685,1.97,13:32,149,194.2
1686,1.97,13:24,149,194.2
1687,1.98,14:07,149,194.2
1688,1.98,13:49,150,194.2
1689,1.98,13:24,151,194.2
1690,1.98,13:49,151,194.2
1691,1.98,13:41,151,194.2
1692,1.98,13:01,151,194.2
1693,1.98,12:32,151,194.2
1694,1.98,13:24,151,194.9
1695,1.99,13:24,151,194.9
1696,1.99,13:41,151,194.9
1697,1.99,13:58,150,194.2
1698,1.99,14:44,150,194.2
1699,1.99,13:58,150,194.2
1700,1.99,13:32,151,194.2
1701,1.99,13:16,151,194.9
1702,1.99,13:01,151,194.9
1703,2.0,13:16,151,194.9
1704,2.0,12:11,150,194.9
1705,2.0,11:33,150,195.5
1706,2.0,10:48,149,195.5
1707,2.0,10:38,150,195.5
1708,2.0,9:38,150,195.5
1709,2.01,10:18,150,195.5
1710,2.01,10:43,150,195.5
1711,2.01,11:52,150,195.5
1712,2.01,13:01,150,195.5
1713,2.01,13:24,150,195.5
1714,2.01,13:01,149,195.5
1715,2.01,12:46,150,195.5
1716,2.01,12:04,150,195.5
1717,2.02,11:21,151,194.9
1718,2.02,11:16,151,194.9
1719,2.02,10:54,150,194.2
1720,2.02,10:38,151,194.2
1721,2.02,10:28,152,193.6
1722,2.02,10:18,151,192.9
1723,2.03,10:23,151,192.9
1724,2.03,10:38,151,192.3
1725,2.03,10:28,151,191.6
1726,2.03,10:23,151,191.6
1727,2.03,10:09,152,191.6
1728,2.03,9:56,152,190.9
1729,2.04,10:09,152,190.9
1730,2.04,10:43,153,190.3
1731,2.04,11:16,153,190.3
1732,2.04,11:58,154,190.3
1733,2.04,12:32,155,190.9
1734,2.04,12:25,155,190.9
1735,2.04,12:39,155,190.9
1736,2.04,12:39,155,191.6
1737,2.05,11:58,155,191.6
1738,2.05,11:58,155,191.6
1739,2.05,12:25,155,190.9
1740,2.05,12:04,154,191.6
1741,2.05,11:45,153,191.6
1742,2.05,12:11,153,191.6
1743,2.05,12:11,153,192.3
1744,2.06,12:04,153,192.3
1745,2.06,12:04,154,192.3
1746,2.06,12:04,154,192.3
1747,2.06,11:21,154,192.3
1748,2.06,11:33,154,191.6
1749,2.06,11:52,154,191.6
1750,2.06,12:04,154,192.3
1751,2.07,12:18,154,192.3
1752,2.07,13:24,153,192.3
1753,2.07,13:16,153,192.9
1754,2.07,12:25,152,192.3
1755,2.07,12:32,153,192.3
1756,2.07,12:32,153,192.3
1757,2.07,11:58,153,192.3
1758,2.07,12:25,153,192.3
1759,2.08,13:32,153,192.3
1760,2.08,13:24,153,192.3
1761,2.08,13:16,154,192.3
1762,2.08,13:32,154,192.3
1763,2.08,12:32,154,192.3
1764,2.08,11:58,154,192.3
1765,2.08,12:18,153,192.3
1766,2.09,12:18,152,192.3
1767,2.09,12:04,153,192.3
1768,2.09,12:39,153,192.3
1769,2.09,12:18,154,191.6
1770,2.09,12:04,154,191.6
1771,2.09,12:18,154,191.6
1772,2.09,12:18,154,191.6
1773,2.09,12:18,154,191.6
1774,2.1,12:46,154,191.6
1775,2.1,12:32,154,191.6
1776,2.1,12:32,155,191.6
1777,2.1,12:53,155,191.6
1778,2.1,13:16,155,191.6
1779,2.1,12:53,154,191.6
1780,2.1,13:24,154,192.3
1781,2.1,13:32,153,192.3
1782,2.11,13:41,153,192.3
1783,2.11,13:16,154,192.3
1784,2.11,13:58,153,192.3
1785,2.11,13:49,153,192.3
1786,2.11,14:54,153,192.3
1787,2.11,14:34,153,192.3
1788,2.11,15:14,154,191.6
1789,2.11,15:14,154,191.6
1790,2.12,14:54,154,191.6
1791,2.12,14:25,153,190.9
1792,2.12,15:04,153,190.9
1793,2.12,14:44,152,190.9
1794,2.12,14:25,152,190.9
1795,2.12,14:07,152,190.9
1796,2.12,13:16,152,190.9
1797,2.12,12:39,153,190.9
1798,2.13,13:01,154,190.9
1799,2.13,13:01,154,190.9
1800,2.13,13:49,154,190.3
1801,2.13,14:16,154,190.9
1802,2.13,15:35,154,190.9
1803,2.13,15:04,153,190.9
1804,2.13,15:04,153,190.3
1805,2.13,14:54,153,190.3
1806,2.13,14:16,153,190.3
1807,2.14,13:41,153,189.6
1808,2.14,13:58,153,189.6
1809,2.14,14:44,153,189.6
1810,2.14,14:34,152,189.6
1811,2.14,15:14,153,190.3
1812,2.14,14:34,153,190.3
1813,2.14,13:41,153,190.3
1814,2.14,12:46,153,190.3
1815,2.15,12:25,154,190.3
1816,2.15,11:39,154,189.6
1817,2.15,11:45,154,189.6
1818,2.15,12:11,154,189.6
1819,2.15,11:58,154,189.6
1820,2.15,12:25,154,189.6
1821,2.15,13:24,155,189.6
1822,2.15,13:16,154,189.6
1823,2.16,12:18,154,188.3
1824,2.16,11:33,154,187.7
1825,2.16,11:10,155,187.0
1826,2.16,10:05,155,186.4
1827,2.16,10:23,155,186.4
1828,2.16,10:54,155,186.4
1829,2.16,12:46,154,186.4
1830,2.17,12:39,154,186.4
1831,2.17,14:34,155,186.4
1832,2.17,14:25,155,186.4
1833,2.17,14:34,155,186.4
1834,2.17,12:53,155,186.4
1835,2.17,12:32,155,186.4
1836,2.17,11:58,155,186.4
1837,2.18,12:04,155,186.4
1838,2.18,11:52,155,186.4
1839,2.18,11:58,156,185.7
1840,2.18,12:46,156,185.7
1841,2.18,13:01,156,185.7
1842,2.18,12:32,156,185.7
1843,2.18,13:01,154,185.7
1844,2.18,13:49,153,185.7
1845,2.19,13:41,154,186.4
1846,2.19,14:07,154,186.4
1847,2.19,14:44,153,186.4
1848,2.19,14:25,153,186.4
1849,2.19,14:44,154,186.4
1850,2.19,15:14,154,186.4
1851,2.19,15:24,155,186.4
1852,2.19,15:35,155,186.4
1853,2.19,16:33,155,185.7
1854,2.2,15:35,155,185.7
1855,2.2,13:58,155,185.7
1856,2.2,12:32,156,185.7
1857,2.2,11:45,156,185.7
1858,2.2,10:33,155,185.7
1859,2.2,9:51,155,185.7
1860,2.2,10:48,154,185.7
1861,2.21,11:27,154,185.7
1862,2.21,11:58,154,185.7
1863,2.21,12:39,153,185.7
1864,2.21,13:41,153,185.7
1865,2.21,12:39,153,185.7
1866,2.21,11:58,154,185.7
1867,2.21,11:45,153,185.7
1868,2.22,11:05,153,185.7
1869,2.22,10:59,154,185.7
1870,2.22,11:05,154,185.7
1871,2.22,11:21,154,185.7
1872,2.22,11:10,154,185.7
1873,2.22,12:04,154,185.7
1874,2.22,12:25,153,185.7
1875,2.23,12:25,153,185.7
1876,2.23,12:32,154,185.7
1877,2.23,12:18,154,185.7
1878,2.23,12:18,154,185.7
1879,2.23,12:11,154,185.7
1880,2.23,12:32,154,186.4
1881,2.23,13:16,154,186.4
1882,2.23,14:16,154,187.0
1883,2.24,14:07,154,187.0
1884,2.24,13:32,154,187.0
1885,2.24,13:08,154,187.7
1886,2.24,12:18,155,187.7
1887,2.24,11:33,155,187.7
1888,2.24,11:16,155,187.7
1889,2.24,11:16,156,187.7
1890,2.25,11:05,156,187.7
1891,2.25,11:10,156,187.7
1892,2.25,11:58,157,187.7
1893,2.25,11:52,157,187.0
1894,2.25,12:11,157,187.0
1895,2.25,12:39,157,187.0
1896,2.25,12:25,157,187.0
1897,2.25,12:32,157,187.0
1898,2.26,13:16,157,187.0
1899,2.26,13:16,158,187.0
1900,2.26,12:39,158,186.4
1901,2.26,12:53,157,186.4
1902,2.26,12:18,158,186.4
1903,2.26,12:18,157,186.4
1904,2.26,12:11,156,186.4
1905,2.27,12:18,157,186.4
1906,2.27,12:18,157,186.4
1907,2.27,12:11,157,186.4
1908,2.27,11:58,157,186.4
1909,2.27,11:52,157,186.4
1910,2.27,12:04,157,186.4
1911,2.27,12:25,157,186.4
1912,2.28,12:46,158,186.4
1913,2.28,11:58,157,186.4
1914,2.28,12:25,158,186.4
1915,2.28,12:32,158,186.4
1916,2.28,12:18,158,187.0
1917,2.28,12:04,157,187.7
1918,2.28,12:32,157,187.7
1919,2.28,12:04,157,188.3
1920,2.29,12:11,157,188.3
1921,2.29,12:25,157,188.3
1922,2.29,12:39,157,189.0
1923,2.29,12:46,157,189.0
1924,2.29,13:24,157,189.0
1925,2.29,13:24,157,189.0
1926,2.29,13:01,158,189.0
1927,2.29,13:08,158,189.0
1928,2.3,13:41,158,189.0
1929,2.3,13:32,159,189.6
1930,2.3,13:01,159,189.6
1931,2.3,13:49,159,189.6
1932,2.3,13:24,160,189.6
1933,2.3,13:01,160,189.6
1934,2.3,12:25,161,189.6
1935,2.31,12:32,161,189.6
1936,2.31,11:27,161,189.6
1937,2.31,11:33,162,189.6
1938,2.31,11:16,162,189.6
1939,2.31,10:23,163,190.3
1940,2.31,10:28,163,190.3
1941,2.31,10:59,163,189.6
1942,2.32,10:48,163,189.6
1943,2.32,11:16,163,189.6
1944,2.32,12:53,162,189.6
1945,2.32,13:24,162,189.6
1946,2.32,13:01,161,189.6
1947,2.32,14:25,161,189.6
1948,2.32,15:24,163,190.3
1949,2.32,15:35,163,190.3
1950,2.32,16:45,163,190.3
1951,2.33,17:25,163,190.3
1952,2.33,16:09,163,189.6
1953,2.33,15:14,163,189.6
1954,2.33,14:25,163,189.6
1955,2.33,13:24,163,189.6
1956,2.33,12:39,163,189.6
1957,2.33,12:04,164,189.6
1958,2.34,11:58,164,189.6
1959,2.34,12:18,164,189.6
1960,2.34,11:52,163,189.6
1961,2.34,12:25,163,189.6
1962,2.34,12:18,163,189.6
1963,2.34,12:04,162,189.6
1964,2.34,11:52,162,189.6
1965,2.34,12:04,161,189.6
1966,2.35,12:11,161,189.6
1967,2.35,12:39,162,189.6
1968,2.35,13:08,163,189.6
1969,2.35,13:16,163,189.6
1970,2.35,14:07,161,189.6
1971,2.35,14:25,161,189.6
1972,2.35,14:25,160,189.6
1973,2.35,13:16,160,189.6
1974,2.36,12:53,160,189.0
1975,2.36,12:18,159,189.0
1976,2.36,11:33,158,189.0
1977,2.36,11:27,158,189.0
1978,2.36,12:04,158,189.6
1979,2.36,11:58,158,189.6
1980,2.36,11:16,158,189.0
1981,2.37,11:52,157,189.0
1982,2.37,11:39,157,188.3
1983,2.37,11:45,156,188.3
1984,2.37,12:25,156,188.3
1985,2.37,13:08,156,187.7
1986,2.37,13:32,156,187.7
1987,2.37,15:24,155,187.7
1988,2.37,15:14,155,187.7
1989,2.38,15:14,155,187.7
1990,2.38,14:44,154,187.7
1991,2.38,12:53,153,187.7
1992,2.38,11:27,153,187.0
1993,2.38,10:59,153,187.0
1994,2.38,10:48,153,187.0
1995,2.38,11:21,153,187.0
1996,2.39,12:18,152,187.0
1997,2.39,13:01,152,187.0
1998,2.39,14:25,152,187.0
1999,2.39,17:38,152,187.7
2000,2.39,16:45,152,187.7
2001,2.39,16:21,153,187.7
2002,2.39,16:45,153,187.7
2003,2.39,14:34,152,187.0
2004,2.39,11:39,153,187.0
2005,2.4,12:04,153,187.0
2006,2.4,11:58,153,186.4
2007,2.4,11:21,153,186.4
2008,2.4,13:01,153,186.4
2009,2.4,13:24,153,186.4
2010,2.4,12:53,153,186.4
2011,2.4,13:24,153,185.7
2012,2.4,13:32,154,185.7
2013,2.41,12:11,154,185.7
2014,2.41,11:52,155,185.0
2015,2.41,11:10,155,185.0
2016,2.41,10:33,155,185.0
2017,2.41,10:48,154,185.0
2018,2.41,10:54,154,185.0
2019,2.42,10:48,155,185.0
2020,2.42,11:16,155,185.0
2021,2.42,11:16,156,185.0
2022,2.42,10:38,156,185.0
2023,2.42,10:33,156,185.0
2024,2.42,11:10,156,185.7
2025,2.42,11:39,157,185.7
2026,2.43,12:25,157,185.7
2027,2.43,12:53,156,185.7
2028,2.43,12:46,156,185.7
2029,2.43,12:11,156,185.0
2030,2.43,11:33,156,185.0
2031,2.43,11:16,156,185.0
2032,2.43,11:27,157,185.0
2033,2.44,12:04,157,185.0
2034,2.44,12:39,157,185.0
2035,2.44,13:41,158,185.0
2036,2.44,14:54,157,185.0
2037,2.44,15:14,157,185.0
2038,2.44,13:49,157,185.0
2039,2.44,13:58,158,185.0
2040,2.44,12:53,158,185.0
2041,2.45,11:45,158,185.0
2042,2.45,11:21,157,185.0
2043,2.45,12:11,157,185.0
2044,2.45,11:58,158,185.0
2045,2.45,12:18,157,185.0
2046,2.45,12:46,158,185.0
2047,2.45,12:32,157,185.0
2048,2.45,12:39,156,185.0
2049,2.46,12:39,157,185.7
2050,2.46,12:18,157,185.7
2051,2.46,12:04,158,185.7
2052,2.46,12:18,158,185.7
2053,2.46,12:11,158,185.0
2054,2.46,12:18,157,185.7
2055,2.46,11:58,158,185.0
2056,2.47,11:10,158,185.0
2057,2.47,11:21,158,185.7
2058,2.47,10:59,158,185.7
2059,2.47,10:54,159,185.7
2060,2.47,11:27,158,185.7
2061,2.47,11:58,158,185.7
2062,2.47,11:45,157,185.7
2063,2.48,11:21,156,185.7
2064,2.48,11:45,155,185.7
2065,2.48,12:11,155,186.4
2066,2.48,12:25,155,186.4
2067,2.48,12:53,155,186.4
2068,2.48,14:44,156,186.4
2069,2.48,14:54,156,186.4
2070,2.48,14:07,157,186.4
2071,2.49,14:25,157,186.4
2072,2.49,13:58,157,187.0
2073,2.49,13:41,156,187.0
2074,2.49,13:01,155,187.0
2075,2.49,13:32,155,187.0
2076,2.49,13:08,156,187.0
2077,2.49,12:46,156,187.0
2078,2.5,11:58,156,187.0
2079,2.5,11:58,156,187.0
2080,2.5,12:39,156,187.7
2081,2.5,13:41,157,187.7
2082,2.5,13:41,156,187.7
2083,2.5,14:07,155,187.7
2084,2.5,14:16,155,187.7
2085,2.5,12:32,153,187.7
2086,2.51,12:04,152,187.7
2087,2.51,12:04,152,187.7
2088,2.51,11:58,152,187.7
2089,2.51,11:58,152,187.7
2090,2.51,12:39,153,187.7
2091,2.51,12:18,153,187.7
2092,2.51,12:46,153,187.7
2093,2.51,13:01,153,187.7
2094,2.52,12:46,153,187.7
2095,2.52,12:39,153,187.7
2096,2.52,13:08,153,187.7
2097,2.52,12:32,152,187.7
2098,2.52,12:11,152,188.3
2099,2.52,12:46,151,188.3
2100,2.52,12:39,151,188.3
2101,2.53,12:18,151,188.3
2102,2.53,13:08,151,188.3
2103,2.53,13:41,151,188.3
2104,2.53,13:24,152,188.3
2105,2.53,13:08,153,188.3
2106,2.53,13:24,153,188.3
2107,2.53,12:25,153,188.3
2108,2.53,11:27,153,188.3
2109,2.54,11:27,154,188.3
2110,2.54,11:45,154,188.3
2111,2.54,11:16,153,188.3
2112,2.54,11:39,152,189.0
2113,2.54,11:45,151,189.0
2114,2.54,11:27,152,189.0
2115,2.54,11:39,152,189.0
2116,2.55,11:45,153,189.0
2117,2.55,11:45,153,189.0
2118,2.55,12:18,153,189.0
2119,2.55,12:32,154,189.0
2120,2.55,11:39,154,189.0
2121,2.55,11:45,154,189.0
2122,2.55,12:18,154,189.0
2123,2.56,12:11,155,189.0
2124,2.56,12:53,154,188.3
2125,2.56,13:24,154,188.3
2126,2.56,13:58,154,188.3
2127,2.56,13:16,155,187.7
2128,2.56,13:16,155,187.7
2129,2.56,13:08,156,187.7
2130,2.56,13:08,156,187.7
2131,2.57,13:08,156,187.7
2132,2.57,14:25,156,187.7
2133,2.57,15:04,156,187.7
2134,2.57,14:44,156,187.7
2135,2.57,15:35,155,187.7
2136,2.57,14:44,155,187.7
2137,2.57,14:07,155,187.7
2138,2.57,13:41,155,187.7
2139,2.58,12:18,155,187.7
2140,2.58,12:04,155,187.7
2141,2.58,12:18,155,187.7
2142,2.58,11:58,155,187.7
2143,2.58,11:52,154,187.7
2144,2.58,12:46,155,187.7
2145,2.58,11:58,155,187.7
2146,2.58,12:11,155,187.7
2147,2.59,11:45,154,187.7
2148,2.59,11:45,154,187.0
2149,2.59,11:58,154,187.0
2150,2.59,12:32,154,187.0
2151,2.59,12:04,154,187.0
2152,2.59,12:18,154,187.0
2153,2.59,12:04,155,187.0
2154,2.6,11:45,155,187.0
2155,2.6,11:45,155,187.0
2156,2.6,11:52,155,187.7
2157,2.6,12:11,155,187.7
2158,2.6,12:46,154,187.7
2159,2.6,13:41,152,187.7
2160,2.6,13:16,152,187.7
2161,2.6,13:58,153,187.0
2162,2.61,13:58,153,187.7
2163,2.61,12:53,153,187.7
2164,2.61,12:32,153,187.7
2165,2.61,13:01,154,187.7
2166,2.61,12:39,153,187.7
2167,2.61,12:11,153,187.7
2168,2.61,12:53,153,187.7
2169,2.61,13:24,153,187.7
2170,2.62,13:01,153,187.7
2171,2.62,13:08,153,187.7
2172,2.62,13:32,152,187.0
2173,2.62,13:08,152,187.0
2174,2.62,11:58,151,187.0
2175,2.62,12:04,151,187.0
2176,2.62,11:33,151,186.4
2177,2.63,11:27,151,186.4
2178,2.63,11:39,152,186.4
2179,2.63,12:11,154,185.7
2180,2.63,12:39,154,185.7
2181,2.63,14:25,154,185.7
2182,2.63,14:25,153,185.7
2183,2.63,14:25,152,185.7
2184,2.63,13:58,151,185.7
2185,2.64,13:24,151,185.7
2186,2.64,12:39,150,185.7
2187,2.64,12:46,150,185.7
2188,2.64,13:24,150,185.0
2189,2.64,13:08,150,185.0
2190,2.64,13:08,150,185.0
2191,2.64,13:24,150,185.0
2192,2.64,13:08,151,185.0
2193,2.65,12:11,151,185.0
2194,2.65,12:46,151,185.0
2195,2.65,12:39,152,185.0
2196,2.65,11:27,152,185.0
2197,2.65,11:21,153,185.0
2198,2.65,11:45,153,185.0
2199,2.65,11:33,152,185.0
2200,2.66,11:16,153,185.0
2201,2.66,12:04,153,185.0
2202,2.66,12:39,153,185.0
2203,2.66,13:49,153,185.0
2204,2.66,14:34,153,185.0
2205,2.66,15:57,153,185.0
2206,2.66,16:45,154,185.0
2207,2.66,17:25,154,185.0
2208,2.66,15:35,154,185.0
2209,2.67,14:16,155,185.0
2210,2.67,12:53,154,185.0
2211,2.67,11:33,154,185.7
2212,2.67,11:05,155,185.7
2213,2.67,11:10,155,186.4
2214,2.67,11:10,155,186.4
2215,2.67,12:11,156,186.4
2216,2.68,13:16,156,186.4
2217,2.68,13:32,155,187.0
2218,2.68,13:49,155,187.0
2219,2.68,14:34,155,187.7
2220,2.68,14:44,155,187.7
2221,2.68,13:58,156,187.7
2222,2.68,12:53,155,187.7
2223,2.68,11:52,156,187.7
2224,2.69,10:48,155,187.7
2225,2.69,10:48,155,188.3
2226,2.69,10:59,155,188.3
2227,2.69,11:05,155,188.3
2228,2.69,11:39,156,188.3
2229,2.69,12:32,156,188.3
2230,2.69,12:32,156,188.3
2231,2.7,12:53,156,188.3
2232,2.7,13:58,156,188.3
2233,2.7,14:54,157,188.3
2234,2.7,15:35,157,188.3
2235,2.7,15:14,157,189.0
2236,2.7,15:14,157,189.0
2237,2.7,16:09,157,189.0
2238,2.7,16:09,157,189.6
2239,2.7,16:45,158,189.6
2240,2.71,15:24,158,189.6
2241,2.71,13:41,158,189.6
2242,2.71,12:32,157,189.6
2243,2.71,11:33,157,189.6
2244,2.71,10:38,157,189.6
2245,2.71,10:59,157,189.6
2246,2.72,10:43,156,190.3
2247,2.72,10:09,155,190.3
2248,2.72,10:23,152,190.9
2249,2.72,10:59,151,190.9
2250,2.72,10:18,146,190.9
2251,2.72,11:10,143,190.9
2252,2.72,11:45,144,190.9
2253,2.73,11:52,144,190.9
2254,2.73,11:16,144,190.9
2255,2.73,11:58,144,190.9
2256,2.73,11:52,144,191.6
2257,2.73,11:58,144,191.6
2258,2.73,11:45,143,192.3
2259,2.73,12:32,142,192.3
2260,2.73,12:18,141,192.9
2261,2.74,13:16,141,193.6
2262,2.74,14:25,141,194.2
2263,2.74,14:54,142,194.9
2264,2.74,13:49,147,195.5
2265,2.74,14:54,150,196.2
2266,2.74,13:58,153,196.9
2267,2.74,12:32,156,196.9
2268,2.74,11:45,159,197.5
2269,2.75,12:25,161,198.2
2270,2.75,12:11,162,198.8
2271,2.75,11:33,163,199.5
2272,2.75,12:32,164,199.5
2273,2.75,13:32,166,200.1
2274,2.75,14:16,168,200.8
2275,2.75,14:25,168,201.4
2276,2.75,15:57,168,202.1
2277,2.76,15:57,168,202.1
2278,2.76,15:14,169,202.8
2279,2.76,14:54,169,203.4
2280,2.76,16:21,169,203.4
2281,2.76,15:57,168,204.1
2282,2.76,15:24,169,204.7
2283,2.76,15:24,170,204.7
2284,2.76,14:44,168,205.4
2285,2.76,13:16,168,206.0
2286,2.77,13:01,168,206.0
2287,2.77,12:53,170,206.7
2288,2.77,11:58,169,207.3
2289,2.77,11:45,168,207.3
2290,2.77,11:58,168,208.0
2291,2.77,11:33,169,208.0
2292,2.77,11:27,168,208.7
2293,2.78,13:01,168,208.7
2294,2.78,12:53,168,209.3
2295,2.78,13:16,168,209.3
2296,2.78,14:34,168,209.3
2297,2.78,14:34,168,209.3
2298,2.78,13:41,168,210.0
2299,2.78,13:41,168,210.0
2300,2.78,12:11,168,210.0
2301,2.79,10:43,166,210.6
2302,2.79,10:09,166,210.6
2303,2.79,10:09,166,210.6
2304,2.79,9:26,166,210.6
2305,2.79,9:47,166,210.6
2306,2.79,10:38,166,210.6
2307,2.8,10:38,166,210.6
2308,2.8,10:54,166,210.6
2309,2.8,11:39,166,210.0
2310,2.8,12:18,166,210.0
2311,2.8,11:52,166,210.0
2312,2.8,11:33,166,210.0
2313,2.81,10:28,166,210.0
2314,2.81,10:23,166,210.0
2315,2.81,10:33,165,210.0
2316,2.81,11:10,165,210.0
2317,2.81,12:11,167,210.6
2318,2.81,13:49,166,210.6
2319,2.81,14:54,165,210.6
2320,2.81,12:39,165,211.3
2321,2.82,11:58,165,211.3
2322,2.82,11:33,166,211.9
2323,2.82,10:54,166,211.9
2324,2.82,10:59,166,211.9
2325,2.82,12:25,166,212.6
2326,2.82,12:04,165,212.6
2327,2.82,12:04,165,212.6
2328,2.83,11:58,166,213.3
2329,2.83,11:27,166,213.9
2330,2.83,12:04,165,214.6
2331,2.83,13:01,165,214.6
2332,2.83,13:16,166,215.2
2333,2.83,13:58,167,215.9
2334,2.83,13:32,167,215.9
2335,2.83,12:11,167,216.5
2336,2.84,11:45,167,216.5
2337,2.84,11:27,168,216.5
2338,2.84,11:16,169,216.5
2339,2.84,11:33,168,217.2
2340,2.84,11:58,168,217.2
2341,2.84,12:46,169,217.2
2342,2.84,13:08,168,217.8
2343,2.85,14:07,168,217.8
2344,2.85,13:32,169,218.5
2345,2.85,12:39,169,218.5
2346,2.85,12:18,169,219.2
2347,2.85,12:46,169,219.8
2348,2.85,11:52,169,220.5
2349,2.85,12:18,169,220.5
2350,2.85,13:24,169,221.1
2351,2.86,13:08,169,221.1
2352,2.86,12:53,170,221.1
2353,2.86,13:08,169,221.8
2354,2.86,12:46,169,221.8
2355,2.86,11:58,169,222.4
2356,2.86,12:11,169,222.4
2357,2.86,12:32,170,222.4
2358,2.86,13:58,169,223.1
2359,2.87,14:54,169,223.1
2360,2.87,15:14,170,223.8
2361,2.87,13:49,170,223.8
2362,2.87,12:39,169,224.4
2363,2.87,11:21,169,224.4
2364,2.87,10:43,170,224.4
2365,2.87,10:18,170,224.4
2366,2.88,11:21,168,225.1
2367,2.88,12:25,169,225.1
2368,2.88,12:11,169,225.1
2369,2.88,12:11,168,225.7
2370,2.88,12:46,168,225.7
2371,2.88,12:11,169,226.4
2372,2.88,13:16,168,227.0
2373,2.88,15:46,167,227.0
2374,2.88,19:26,167,227.0
2375,2.89,18:53,168,227.0
2376,2.89,17:11,166,226.4
2377,2.89,13:41,166,225.7
2378,2.89,11:39,166,225.7
2379,2.89,10:09,165,225.7
2380,2.89,10:14,165,225.7
2381,2.9,10:48,165,225.7
2382,2.9,11:33,165,225.7
2383,2.9,11:39,166,225.7
2384,2.9,11:45,166,226.4
2385,2.9,11:27,164,226.4
2386,2.9,11:16,165,227.0
2387,2.9,10:48,165,227.0
2388,2.91,10:59,165,227.0
2389,2.91,11:45,165,227.0
2390,2.91,12:53,165,227.7
2391,2.91,13:08,165,227.7
2392,2.91,13:32,165,227.7
2393,2.91,13:58,165,228.3
2394,2.91,13:41,165,228.3
2395,2.91,12:46,164,228.3
2396,2.92,12:32,164,228.3
2397,2.92,13:08,164,229.0
2398,2.92,14:07,165,229.0
2399,2.92,14:07,166,229.0
2400,2.92,14:16,164,229.0
2401,2.92,14:25,165,229.7
2402,2.92,13:41,164,229.7
2403,2.92,12:32,164,229.7
2404,2.93,12:46,165,230.3
2405,2.93,12:39,166,230.3
2406,2.93,12:25,165,231.0
2407,2.93,11:58,164,231.6
2408,2.93,13:08,164,231.6
2409,2.93,13:24,163,231.6
2410,2.93,14:25,163,231.6
2411,2.93,15:35,164,232.3
2412,2.93,16:45,165,232.3
2413,2.94,15:57,165,232.3
2414,2.94,15:04,165,232.9
2415,2.94,13:32,166,232.9
2416,2.94,13:01,167,233.6
2417,2.94,12:32,167,233.6
2418,2.94,11:58,166,234.3
2419,2.94,12:11,167,234.3
2420,2.95,12:46,166,234.3
2421,2.95,12:32,166,234.9
2422,2.95,12:25,166,234.9
2423,2.95,12:39,166,234.9
2424,2.95,12:04,165,235.6
2425,2.95,11:58,165,235.6
2426,2.95,12:18,165,236.2
2427,2.95,12:11,165,236.2
2428,2.96,12:04,165,236.2
2429,2.96,12:39,163,236.9
2430,2.96,12:25,164,236.9
2431,2.96,12:25,164,236.9
2432,2.96,13:41,165,237.5
2433,2.96,13:32,165,237.5
2434,2.96,13:16,165,238.2
2435,2.96,14:07,165,238.2
2436,2.97,14:16,165,238.2
2437,2.97,13:16,165,238.8
2438,2.97,13:08,165,238.8
2439,2.97,12:25,166,239.5
2440,2.97,11:45,167,239.5
2441,2.97,11:52,166,239.5
2442,2.97,11:52,166,240.2
2443,2.98,11:58,165,240.2
2444,2.98,12:46,166,240.2
2445,2.98,12:53,165,240.2
2446,2.98,12:18,165,240.8
2447,2.98,12:32,165,240.8
2448,2.98,12:04,166,240.8
2449,2.98,11:39,166,241.5
2450,2.99,11:52,167,241.5
2451,2.99,11:45,167,241.5
2452,2.99,12:25,167,241.5
2453,2.99,13:08,167,242.1
2454,2.99,13:49,166,242.1
2455,2.99,14:25,168,242.8
2456,2.99,16:09,168,242.8
2457,2.99,14:16,167,242.8
2458,2.99,13:41,167,242.8
2459,3.0,13:32,167,242.8
2460,3.0,12:11,167,242.8
2461,3.0,10:59,167,242.8
2462,3.0,10:54,167,243.4
2463,3.0,10:48,168,243.4
2464,3.0,10:14,168,244.1
2465,3.01,10:33,168,244.8
2466,3.01,10:48,168,244.8
2467,3.01,11:10,167,245.4
2468,3.01,10:48,167,246.1
2469,3.01,11:05,168,246.1
2470,3.01,10:59,169,246.1
2471,3.02,10:33,169,246.1
2472,3.02,10:23,168,246.1
2473,3.02,11:45,168,246.7
2474,3.02,11:16,170,246.7
2475,3.02,11:58,169,247.4
2476,3.02,13:16,169,247.4
2477,3.02,13:41,169,248.0
2478,3.02,12:25,169,248.0
2479,3.03,14:25,169,248.0
2480,3.03,13:58,168,248.0
2481,3.03,13:16,167,248.7
2482,3.03,12:53,167,248.7
2483,3.03,12:46,168,249.3
2484,3.03,12:25,167,250.0
2485,3.03,12:25,166,250.0
2486,3.03,12:25,166,250.7
2487,3.04,12:39,167,250.7
2488,3.04,12:53,166,251.3
2489,3.04,12:46,166,251.3
2490,3.04,12:39,166,252.0
2491,3.04,13:01,167,252.0
2492,3.04,13:58,166,252.6
2493,3.04,14:44,166,252.6
2494,3.04,13:58,165,253.3
2495,3.05,13:08,166,253.9
2496,3.05,13:32,166,253.9
2497,3.05,12:32,167,253.3
2498,3.05,11:39,166,253.3
2499,3.05,11:33,165,252.6
2500,3.05,12:04,166,252.0
2501,3.05,11:33,166,251.3
2502,3.06,11:10,167,251.3
2503,3.06,11:27,166,251.3
2504,3.06,11:33,166,251.3
2505,3.06,11:10,167,251.3
2506,3.06,10:59,167,251.3
2507,3.06,12:04,166,251.3
2508,3.06,13:32,165,251.3
2509,3.06,13:49,164,251.3
2510,3.07,14:34,165,251.3
2511,3.07,15:04,166,250.7
2512,3.07,13:16,166,250.7
2513,3.07,11:52,166,250.7
2514,3.07,11:16,167,250.7
2515,3.07,11:05,166,251.3
2516,3.07,10:48,166,252.0
2517,3.08,11:21,166,252.6
2518,3.08,10:59,167,253.3
2519,3.08,11:52,167,253.9
2520,3.08,11:39,167,254.6
2521,3.08,11:21,167,255.2
2522,3.08,10:59,166,255.2
2523,3.09,11:21,168,255.9
2524,3.09,10:18,169,255.9
2525,3.09,10:54,169,255.9
2526,3.09,11:27,168,256.6
2527,3.09,12:25,168,256.6
2528,3.09,12:18,169,257.2
2529,3.09,13:32,169,257.2
2530,3.09,13:32,169,257.9
2531,3.1,13:01,169,258.5
2532,3.1,12:18,169,258.5
2533,3.1,12:25,168,259.2
2534,3.1,12:18,169,259.8
2535,3.1,12:25,171,260.5
2536,3.1,12:39,170,260.5
2537,3.1,12:46,170,261.2
2538,3.11,12:53,172,261.8
2539,3.11,13:01,172,261.8
2540,3.11,13:01,170,261.8
2541,3.11,13:16,171,262.5
2542,3.11,13:16,172,262.5
2543,3.11,13:41,171,263.1
2544,3.11,13:58,172,263.1
2545,3.11,13:49,172,263.8
2546,3.11,13:49,171,263.8
2547,3.12,14:34,170,264.4
2548,3.12,14:25,171,264.4
2549,3.12,13:24,171,265.1
2550,3.12,12:46,170,265.1
2551,3.12,13:16,171,265.1
2552,3.12,13:16,171,265.7
2553,3.12,13:16,171,265.7
2554,3.12,14:07,171,266.4
2555,3.13,13:49,171,267.1
2556,3.13,13:16,170,267.1
2557,3.13,12:25,170,267.7
2558,3.13,12:04,170,268.4
2559,3.13,11:52,171,269.0
2560,3.13,11:52,170,269.7
2561,3.13,12:04,171,269.7
2562,3.14,13:16,171,270.3
2563,3.14,13:58,170,271.0
2564,3.14,14:34,171,271.0
2565,3.14,15:35,170,271.7
2566,3.14,15:46,170,271.7
2567,3.14,14:34,170,272.3
2568,3.14,14:25,169,272.3
2569,3.14,14:44,169,273.0
2570,3.14,15:35,170,273.0
2571,3.14,16:45,169,273.6
2572,3.15,16:21,169,273.6
2573,3.15,15:46,169,273.6
2574,3.15,15:35,169,273.6
2575,3.15,14:16,168,273.6
2576,3.15,12:18,168,273.0
2577,3.15,11:58,169,273.0
2578,3.15,11:58,168,272.3
2579,3.16,11:33,167,271.7
2580,3.16,11:05,168,271.7
2581,3.16,11:05,168,271.0
2582,3.16,11:21,167,270.3
2583,3.16,11:27,168,270.3
2584,3.16,11:16,169,269.7
2585,3.16,12:11,169,269.7
2586,3.17,13:16,167,269.0
2587,3.17,13:41,168,269.0
2588,3.17,13:32,167,269.0
2589,3.17,13:32,167,268.4
2590,3.17,12:53,166,268.4
2591,3.17,11:58,165,267.7
2592,3.17,10:59,166,267.7
2593,3.18,10:28,166,267.1
2594,3.18,9:47,166,267.1
2595,3.18,9:56,166,266.4
2596,3.18,10:05,166,265.7
2597,3.18,10:28,166,265.7
2598,3.18,11:05,165,265.1
2599,3.18,12:11,165,265.1
2600,3.19,11:58,165,264.4
2601,3.19,12:11,166,264.4
2602,3.19,12:39,166,263.8
2603,3.19,12:32,167,263.8
2604,3.19,12:04,166,263.8
2605,3.19,12:18,167,263.1
2606,3.19,12:18,167,263.1
2607,3.2,12:25,166,262.5
2608,3.2,11:58,166,261.8
2609,3.2,11:52,166,261.8
2610,3.2,11:45,167,261.2
2611,3.2,11:05,168,260.5
2612,3.2,10:54,168,260.5
2613,3.2,11:39,167,259.8
2614,3.21,11:52,166,259.8
2615,3.21,11:33,165,259.2
2616,3.21,11:45,165,259.2
2617,3.21,11:58,165,258.5
2618,3.21,11:05,165,258.5
2619,3.21,10:59,165,258.5
2620,3.21,11:21,165,257.9
2621,3.22,11:33,165,257.9
2622,3.22,11:05,165,257.2
2623,3.22,11:16,165,257.2
2624,3.22,10:48,164,256.6
2625,3.22,10:43,164,255.9
2626,3.22,10:43,165,255.9
2627,3.23,10:28,164,255.2
2628,3.23,10:23,165,254.6
2629,3.23,11:16,165,254.6
2630,3.23,11:05,165,254.6
2631,3.23,10:43,164,254.6
2632,3.23,11:10,163,253.9
2633,3.23,11:21,163,253.9
2634,3.24,11:05,162,253.9
2635,3.24,11:33,162,253.3
2636,3.24,11:45,162,253.3
2637,3.24,11:58,162,253.3
2638,3.24,12:04,162,253.3
2639,3.24,11:33,162,253.3
2640,3.24,10:54,162,252.6
2641,3.25,10:59,162,252.6
2642,3.25,10:18,162,252.6
2643,3.25,9:30,161,252.0
2644,3.25,10:00,161,252.0
2645,3.25,10:09,161,252.0
2646,3.25,10:23,161,251.3
2647,3.26,10:54,162,251.3
2648,3.26,11:52,162,251.3
2649,3.26,12:04,161,250.7
2650,3.26,11:45,160,250.0
2651,3.26,11:05,160,249.3
2652,3.26,10:48,160,249.3
2653,3.26,10:43,161,248.7
2654,3.27,9:51,161,248.7
2655,3.27,9:47,160,248.0
2656,3.27,9:47,160,248.0
2657,3.27,9:43,161,248.0
2658,3.27,9:51,161,248.0
2659,3.27,10:14,161,248.0
2660,3.28,10:59,162,247.4
2661,3.28,11:45,162,247.4
2662,3.28,11:52,162,246.7
2663,3.28,11:16,162,246.7
2664,3.28,11:33,162,246.1
2665,3.28,11:39,162,246.1
2666,3.28,11:39,161,246.1
2667,3.29,12:25,161,246.1
2668,3.29,13:01,161,246.1
2669,3.29,12:53,161,245.4
2670,3.29,12:46,160,245.4
2671,3.29,13:01,159,244.8
2672,3.29,12:11,158,244.8
2673,3.29,12:11,159,244.8
2674,3.3,11:58,158,244.8
2675,3.3,11:10,159,244.8
2676,3.3,10:59,159,244.8
2677,3.3,11:39,159,244.8
2678,3.3,11:21,159,244.8
2679,3.3,11:39,159,244.8
2680,3.3,12:11,159,244.8
2681,3.31,12:11,159,244.8
2682,3.31,11:33,159,244.8
2683,3.31,11:58,160,244.1
2684,3.31,12:39,161,244.1
2685,3.31,13:01,160,244.1
2686,3.31,13:24,160,243.4
2687,3.31,12:39,160,243.4
2688,3.31,12:11,161,242.8
2689,3.32,11:16,161,242.8
2690,3.32,10:48,160,242.8
2691,3.32,10:23,160,242.8
2692,3.32,11:16,160,242.8
2693,3.32,11:52,159,242.8
2694,3.32,12:11,159,242.1
2695,3.32,12:53,158,242.8
2696,3.33,13:49,158,242.8
2697,3.33,13:41,158,242.1
2698,3.33,13:49,158,242.1
2699,3.33,13:16,158,241.5
2700,3.33,12:53,157,241.5
2701,3.33,11:45,157,240.8
2702,3.33,11:45,158,240.8
2703,3.34,11:39,158,240.8
2704,3.34,11:45,158,240.8
2705,3.34,11:33,157,240.8
2706,3.34,11:58,158,240.2
2707,3.34,12:18,158,240.2
2708,3.34,11:52,158,240.2
2709,3.34,12:39,158,240.2
2710,3.34,12:32,158,239.5
2711,3.35,12:39,157,239.5
2712,3.35,12:32,157,239.5
2713,3.35,13:01,156,238.8
2714,3.35,11:21,155,238.8
2715,3.35,11:45,155,238.8
2716,3.35,11:27,155,238.8
2717,3.35,11:05,155,238.2
2718,3.36,10:28,155,238.2
2719,3.36,11:33,156,238.2
2720,3.36,11:52,156,238.2
2721,3.36,12:32,156,237.5
2722,3.36,12:39,155,237.5
2723,3.36,13:16,155,237.5
2724,3.36,12:32,154,237.5
2725,3.37,12:11,154,237.5
2726,3.37,11:58,154,236.9
2727,3.37,12:11,154,236.9
2728,3.37,12:25,155,236.9
2729,3.37,13:16,154,236.2
2730,3.37,13:16,154,236.2
2731,3.37,13:01,154,236.2
2732,3.37,12:39,153,236.2
2733,3.38,12:25,153,235.6
2734,3.38,11:45,152,235.6
2735,3.38,11:33,152,235.6
2736,3.38,11:39,152,235.6
2737,3.38,12:11,152,235.6
2738,3.38,12:32,152,235.6
2739,3.38,13:16,152,235.6
2740,3.39,13:24,152,234.9
2741,3.39,12:46,152,234.9
2742,3.39,12:32,153,234.9
2743,3.39,12:11,152,234.9
2744,3.39,12:04,153,234.3
2745,3.39,12:46,153,234.3
2746,3.39,13:58,153,234.3
2747,3.39,14:16,154,234.3
2748,3.4,14:34,154,233.6
2749,3.4,14:34,156,233.6
2750,3.4,12:46,157,233.6
2751,3.4,11:52,157,233.6
2752,3.4,10:48,158,232.9
2753,3.4,10:18,157,232.9
2754,3.4,10:09,158,232.9
2755,3.41,10:23,158,232.9
2756,3.41,10:14,159,232.9
2757,3.41,10:43,159,232.9
2758,3.41,10:33,159,232.9
2759,3.41,10:43,159,232.3
2760,3.41,11:27,159,232.3
2761,3.41,13:16,159,232.3
2762,3.42,14:07,158,232.3
2763,3.42,15:04,157,231.6
2764,3.42,14:25,157,231.6
2765,3.42,13:41,156,231.6
2766,3.42,12:04,157,231.6
2767,3.42,11:33,157,231.6
2768,3.42,11:52,156,231.6
2769,3.43,12:18,155,231.6
2770,3.43,12:46,155,231.0
2771,3.43,12:39,154,231.0
2772,3.43,13:01,154,231.0
2773,3.43,13:24,154,231.0
2774,3.43,13:08,154,230.3
2775,3.43,12:04,155,230.3
2776,3.43,12:25,155,230.3
2777,3.44,11:39,155,229.7
2778,3.44,10:33,156,229.7
2779,3.44,10:23,157,229.7
2780,3.44,10:43,157,229.7
2781,3.44,10:38,158,229.7
2782,3.44,10:59,159,229.7
2783,3.45,11:45,159,229.0
2784,3.45,11:58,160,229.0
2785,3.45,12:11,161,229.0
2786,3.45,12:39,161,229.0
2787,3.45,12:39,160,229.0
2788,3.45,11:45,160,229.0
2789,3.45,12:11,159,229.0
2790,3.46,11:21,159,228.3
2791,3.46,11:05,159,228.3
2792,3.46,10:59,159,228.3
2793,3.46,11:45,159,228.3
2794,3.46,11:16,159,227.7
2795,3.46,12:11,158,227.7
2796,3.46,12:18,158,227.7
2797,3.46,12:25,157,227.7
2798,3.47,12:46,157,227.0
2799,3.47,12:46,157,227.0
2800,3.47,12:32,156,227.0
2801,3.47,12:04,155,226.4
2802,3.47,12:18,156,226.4
2803,3.47,12:18,156,226.4
2804,3.47,12:53,156,226.4
2805,3.48,12:53,157,226.4
2806,3.48,13:01,157,225.7
2807,3.48,12:46,157,225.7
2808,3.48,11:33,156,225.1
2809,3.48,11:10,156,224.4
2810,3.48,11:21,155,224.4
2811,3.48,11:27,156,223.8
2812,3.49,11:21,155,223.1
2813,3.49,11:52,155,223.1
2814,3.49,11:27,156,222.4
2815,3.49,11:10,155,222.4
2816,3.49,11:33,155,221.8
2817,3.49,11:33,155,221.1
2818,3.49,11:45,155,221.1
2819,3.5,11:52,155,220.5
2820,3.5,12:11,154,219.8
2821,3.5,11:39,154,219.8
2822,3.5,11:45,153,219.2
2823,3.5,11:33,154,219.2
2824,3.5,11:52,154,218.5
2825,3.5,11:58,155,217.8
2826,3.5,12:11,155,217.2
2827,3.51,12:04,155,217.2
2828,3.51,11:45,155,216.5
2829,3.51,11:16,155,215.9
2830,3.51,10:33,155,215.9
2831,3.51,10:54,155,215.2
2832,3.51,10:48,156,215.2
2833,3.52,11:10,156,214.6
2834,3.52,12:11,156,214.6
2835,3.52,13:58,156,213.9
2836,3.52,11:58,157,213.9
2837,3.52,11:39,157,213.3
2838,3.52,11:33,157,213.3
2839,3.52,10:43,157,213.3
2840,3.53,10:00,157,212.6
2841,3.53,11:16,158,212.6
2842,3.53,11:10,158,212.6
2843,3.53,10:43,158,212.6
2844,3.53,10:43,159,212.6
2845,3.53,10:54,159,212.6
2846,3.53,10:43,160,211.9
2847,3.54,11:27,160,211.9
2848,3.54,12:11,161,211.9
2849,3.54,12:18,161,211.3
2850,3.54,12:04,161,211.3
2851,3.54,11:45,160,210.6
2852,3.54,11:45,161,210.6
2853,3.54,11:21,161,210.6
2854,3.55,11:52,160,210.0
2855,3.55,11:45,160,210.0
2856,3.55,11:58,160,209.3
2857,3.55,12:11,159,209.3
2858,3.55,12:18,160,209.3
2859,3.55,11:52,159,209.3
2860,3.55,11:45,160,208.7
2861,3.56,11:45,160,208.7
2862,3.56,11:33,160,208.0
2863,3.56,12:04,160,207.3
2864,3.56,12:11,160,207.3
2865,3.56,12:46,160,206.7
2866,3.56,12:46,160,206.7
2867,3.56,12:11,160,206.7
2868,3.57,12:11,160,206.7
2869,3.57,12:04,160,206.7
2870,3.57,11:33,160,206.7
2871,3.57,11:21,160,206.0
2872,3.57,11:45,159,206.0
2873,3.57,11:10,160,206.0
2874,3.57,11:27,160,205.4
2875,3.57,12:18,160,205.4
2876,3.58,11:52,160,204.7
2877,3.58,11:39,159,204.7
2878,3.58,11:52,159,204.7
2879,3.58,11:45,158,204.1
2880,3.58,10:59,159,204.1
2881,3.58,11:45,158,204.1
2882,3.59,11:45,158,204.1
2883,3.59,11:33,157,204.1
2884,3.59,11:05,157,203.4
2885,3.59,11:10,156,203.4
2886,3.59,10:23,156,202.8
2887,3.59,10:00,156,202.1
2888,3.6,9:51,156,202.1
2889,3.6,9:43,156,202.1
2890,3.6,9:56,156,202.1
2891,3.6,10:18,156,202.1
2892,3.6,10:18,155,202.1
2893,3.6,10:23,156,202.1
2894,3.6,10:48,156,202.1
2895,3.61,10:23,156,201.4
2896,3.61,10:14,155,201.4
2897,3.61,10:43,155,201.4
2898,3.61,11:27,155,201.4
2899,3.61,11:33,156,200.8
2900,3.61,11:21,157,200.8
2901,3.62,11:05,158,200.8
2902,3.62,11:21,159,200.8
2903,3.62,11:16,159,200.8
2904,3.62,11:39,159,200.8
2905,3.62,12:04,160,200.1
2906,3.62,12:39,161,200.1
2907,3.62,13:16,161,200.1
2908,3.62,13:24,160,200.1
2909,3.63,12:46,160,200.1
2910,3.63,13:08,160,200.1
2911,3.63,13:32,160,200.1
2912,3.63,12:04,160,200.1
2913,3.63,11:45,160,200.1
2914,3.63,11:39,160,200.1
2915,3.63,11:05,160,199.5
2916,3.64,10:54,160,199.5
2917,3.64,11:33,160,199.5
2918,3.64,11:45,160,200.1
2919,3.64,12:32,161,200.1
2920,3.64,12:39,160,200.1
2921,3.64,12:32,159,200.1
2922,3.64,12:46,159,200.1
2923,3.64,12:39,158,200.1
2924,3.65,12:25,159,200.1
2925,3.65,12:46,160,200.1
2926,3.65,12:32,160,200.1
2927,3.65,11:52,160,200.1
2928,3.65,11:27,160,200.1
2929,3.65,10:59,161,200.1
2930,3.66,10:54,161,200.8
2931,3.66,11:52,161,200.1
2932,3.66,11:58,161,200.1
2933,3.66,12:32,161,200.1
2934,3.66,13:49,162,199.5
2935,3.66,13:41,162,199.5
2936,3.66,12:53,162,198.8
2937,3.66,12:53,162,198.8
2938,3.67,11:45,162,198.8
2939,3.67,10:48,163,198.2
2940,3.67,11:27,163,198.2
2941,3.67,11:27,163,197.5
2942,3.67,11:45,163,197.5
2943,3.67,12:39,163,197.5
2944,3.67,12:25,162,197.5
2945,3.68,11:27,163,197.5
2946,3.68,11:33,163,197.5
2947,3.68,11:10,164,198.2
2948,3.68,11:05,164,198.2
2949,3.68,11:45,164,198.2
2950,3.68,12:46,163,197.5
2951,3.68,12:39,164,197.5
2952,3.69,13:08,164,197.5
2953,3.69,13:32,163,196.9
2954,3.69,13:16,163,196.9
2955,3.69,13:08,162,196.9
2956,3.69,13:32,162,196.9
2957,3.69,13:16,162,196.9
2958,3.69,13:32,162,196.9
2959,3.69,13:58,162,196.9
2960,3.69,13:41,162,196.9
2961,3.7,12:46,161,196.9
2962,3.7,12:39,161,196.9
2963,3.7,10:59,161,196.2
2964,3.7,10:33,161,196.2
2965,3.7,10:33,161,196.2
2966,3.7,10:43,161,196.2
2967,3.71,10:28,161,196.2
2968,3.71,11:33,162,196.2
2969,3.71,10:59,162,196.2
2970,3.71,10:33,162,196.2
2971,3.71,10:23,163,196.2
2972,3.71,11:10,162,196.2
2973,3.71,10:54,162,196.2
2974,3.72,10:54,163,196.2
2975,3.72,11:10,162,196.2
2976,3.72,11:39,162,196.2
2977,3.72,10:54,163,196.2
2978,3.72,10:59,163,196.2
2979,3.72,11:58,163,196.2
2980,3.73,11:21,163,196.2
2981,3.73,10:59,164,196.2
2982,3.73,11:16,163,196.2
2983,3.73,11:21,163,196.2
2984,3.73,10:59,163,196.2
2985,3.73,11:52,164,196.2
2986,3.73,12:25,165,196.2
2987,3.74,11:45,164,196.2
2988,3.74,11:58,162,196.2
2989,3.74,12:39,162,196.2
2990,3.74,12:04,161,196.2
2991,3.74,11:33,161,196.2
2992,3.74,12:39,161,195.5
2993,3.74,12:25,161,195.5
2994,3.74,11:58,161,195.5
2995,3.75,12:18,162,195.5
2996,3.75,12:04,162,195.5
2997,3.75,11:39,162,195.5
2998,3.75,11:52,162,195.5
2999,3.75,11:58,162,195.5
3000,3.75,11:52,161,195.5
3001,3.75,12:18,162,195.5
3002,3.76,11:52,161,195.5
3003,3.76,12:04,162,195.5
3004,3.76,12:25,163,195.5
3005,3.76,12:32,162,195.5
3006,3.76,13:01,162,195.5
3007,3.76,13:08,161,195.5
3008,3.76,12:32,160,195.5
3009,3.77,11:52,161,196.2
3010,3.77,12:18,161,196.2
3011,3.77,11:39,161,196.9
3012,3.77,11:21,160,196.2
3013,3.77,11:27,160,196.2
3014,3.77,11:16,160,195.5
3015,3.77,10:33,161,194.9
3016,3.78,10:43,161,194.9
3017,3.78,10:38,161,194.9
3018,3.78,10:48,162,194.9
3019,3.78,12:11,163,194.9
3020,3.78,12:11,163,194.9
3021,3.78,12:25,164,194.9
3022,3.78,12:46,163,194.2
3023,3.79,12:11,162,194.2
3024,3.79,11:10,162,194.2
3025,3.79,11:21,162,194.2
3026,3.79,11:33,162,194.2
3027,3.79,12:25,162,194.2
3028,3.79,13:01,162,194.2
3029,3.79,13:58,163,194.2
3030,3.79,13:41,163,194.2
3031,3.8,13:32,163,194.9
3032,3.8,13:01,163,194.9
3033,3.8,12:25,163,194.9
3034,3.8,11:10,162,194.9
3035,3.8,11:16,163,194.9
3036,3.8,10:54,163,194.9
3037,3.8,10:54,162,194.9
3038,3.81,10:43,163,194.9
3039,3.81,11:05,162,195.5
3040,3.81,11:05,162,195.5
3041,3.81,11:16,162,196.2
3042,3.81,11:16,162,196.2
3043,3.81,11:58,162,196.9
3044,3.82,11:58,163,196.9
3045,3.82,12:32,162,196.9
3046,3.82,13:01,163,196.9
3047,3.82,13:08,162,196.9
3048,3.82,12:39,162,196.2
3049,3.82,12:46,163,196.9
3050,3.82,12:53,163,196.9
3051,3.82,12:46,164,196.9
3052,3.83,12:25,165,196.9
3053,3.83,13:24,165,197.5
3054,3.83,13:08,165,197.5
3055,3.83,12:32,165,197.5
3056,3.83,12:18,165,197.5
3057,3.83,12:32,165,198.2
3058,3.83,11:45,166,198.2
3059,3.83,11:58,167,198.2
3060,3.84,12:25,166,198.2
3061,3.84,12:39,165,198.8
3062,3.84,12:53,165,198.8
3063,3.84,13:32,165,198.8
3064,3.84,13:41,165,198.8
3065,3.84,13:32,165,198.8
3066,3.84,13:41,165,198.8
3067,3.84,13:49,166,198.8
3068,3.85,12:46,166,199.5
3069,3.85,12:25,165,199.5
3070,3.85,12:18,166,199.5
3071,3.85,11:52,166,200.1
3072,3.85,11:21,166,200.1
3073,3.85,11:27,166,200.1
3074,3.85,11:21,167,200.1
3075,3.86,10:43,168,200.1
3076,3.86,10:33,169,200.1
3077,3.86,10:54,168,200.1
3078,3.86,11:16,168,200.1
3079,3.86,11:39,168,199.5
3080,3.86,13:01,168,199.5
3081,3.86,12:53,168,199.5
3082,3.87,12:46,168,199.5
3083,3.87,11:27,169,199.5
3084,3.87,11:05,168,199.5
3085,3.87,10:48,168,199.5
3086,3.87,11:21,167,199.5
3087,3.87,11:16,168,199.5
3088,3.88,11:52,168,199.5
3089,3.88,11:58,168,199.5
3090,3.88,11:33,169,199.5
3091,3.88,11:39,168,199.5
3092,3.88,11:21,167,199.5
3093,3.88,11:58,168,199.5
3094,3.88,12:11,167,199.5
3095,3.88,12:46,167,199.5
3096,3.89,12:32,168,199.5
3097,3.89,13:08,168,199.5
3098,3.89,13:08,168,199.5
3099,3.89,13:01,167,199.5
3100,3.89,13:08,168,199.5
3101,3.89,13:08,167,199.5
3102,3.89,12:46,167,199.5
3103,3.9,12:25,167,199.5
3104,3.9,12:32,167,199.5
3105,3.9,12:04,168,199.5
3106,3.9,12:18,168,199.5
3107,3.9,12:18,167,199.5
3108,3.9,12:04,167,199.5
3109,3.9,12:04,167,199.5
3110,3.9,12:25,166,199.5
3111,3.91,11:16,166,199.5
3112,3.91,11:27,165,199.5
3113,3.91,11:27,166,198.8
3114,3.91,11:16,166,198.8
3115,3.91,11:05,167,198.8
3116,3.91,11:45,166,198.2
3117,3.91,11:33,166,198.2
3118,3.92,11:52,165,198.2
3119,3.92,11:58,165,198.2
3120,3.92,11:58,164,197.5
3121,3.92,11:33,164,197.5
3122,3.92,11:16,164,197.5
3123,3.92,11:10,164,196.9
3124,3.93,10:48,165,196.9
3125,3.93,10:48,165,196.9
3126,3.93,11:10,165,196.9
3127,3.93,11:39,164,196.9
3128,3.93,12:25,164,196.9
3129,3.93,13:24,164,196.2
3130,3.93,13:24,165,196.2
3131,3.93,13:41,165,195.5
3132,3.94,13:49,164,195.5
3133,3.94,13:41,165,195.5
3134,3.94,13:24,165,195.5
3135,3.94,12:46,165,194.9
3136,3.94,12:18,165,194.9
3137,3.94,11:10,165,194.9
3138,3.94,10:38,166,194.2
3139,3.95,10:09,165,194.2
3140,3.95,9:56,165,193.6
3141,3.95,9:43,165,193.6
3142,3.95,10:09,165,192.9
3143,3.95,9:30,165,192.9
3144,3.95,9:22,165,192.9
3145,3.96,9:38,165,192.9
3146,3.96,9:26,165,192.3
3147,3.96,9:18,165,192.3
3148,3.96,9:51,165,192.3
3149,3.96,10:18,165,192.3
3150,3.96,10:38,166,192.3
3151,3.97,10:48,166,192.3
3152,3.97,11:05,165,191.6
3153,3.97,11:05,165,191.6
3154,3.97,10:54,165,191.6
3155,3.97,10:33,164,191.6
3156,3.97,10:48,164,191.6
3157,3.98,10:43,164,191.6
3158,3.98,11:05,166,190.9
3159,3.98,11:21,165,190.9
3160,3.98,11:33,166,190.3
3161,3.98,11:58,166,190.3
3162,3.98,12:11,166,189.6
3163,3.98,13:01,166,189.6
3164,3.98,13:16,166,189.6
3165,3.99,13:24,167,189.6
3166,3.99,13:32,167,189.6
3167,3.99,13:49,165,189.6
3168,3.99,12:46,165,189.6
3169,3.99,12:04,164,189.6
3170,3.99,11:52,163,189.6
3171,3.99,11:33,164,189.6
3172,4.0,11:16,164,189.6
3173,4.0,11:10,164,189.6
3174,4.0,11:16,163,189.0
3175,4.0,10:54,163,189.0
3176,4.0,10:54,162,189.0
3177,4.0,11:10,161,189.0
3178,4.0,10:59,161,189.0
3179,4.01,11:21,161,189.0
3180,4.01,12:39,160,189.0
3181,4.01,12:39,160,188.3
3182,4.01,13:16,159,188.3
3183,4.01,14:07,159,188.3
3184,4.01,13:32,156,188.3
3185,4.01,12:25,153,188.3
3186,4.02,12:25,149,188.3
3187,4.02,11:21,148,188.3
3188,4.02,11:05,146,188.3
3189,4.02,11:05,143,188.3
3190,4.02,11:39,143,188.3
3191,4.02,11:45,143,188.3
3192,4.02,11:58,143,188.3
3193,4.02,12:11,143,187.7
3194,4.03,12:39,143,187.7
3195,4.03,12:04,141,187.7
3196,4.03,11:39,143,187.7
3197,4.03,11:33,149,187.7
3198,4.03,10:54,152,187.7
3199,4.03,10:38,155,187.7
3200,4.04,10:33,156,187.7
3201,4.04,10:28,158,188.3
3202,4.04,10:18,160,188.3
3203,4.04,10:23,161,188.3
3204,4.04,10:23,163,188.3
3205,4.04,10:33,163,188.3
3206,4.05,10:38,164,188.3
3207,4.05,10:54,165,187.7
3208,4.05,10:43,165,187.7
3209,4.05,10:38,164,187.7
3210,4.05,10:38,163,187.7
3211,4.05,10:54,164,187.7
3212,4.05,10:59,164,187.7
3213,4.06,11:45,164,187.7
3214,4.06,11:52,164,187.7
3215,4.06,11:58,164,187.7
3216,4.06,12:04,163,187.0
3217,4.06,11:52,163,187.0
3218,4.06,11:16,163,187.0
3219,4.06,11:05,163,187.0
3220,4.07,11:05,163,187.0
3221,4.07,11:05,163,186.4
3222,4.07,11:21,163,186.4
3223,4.07,12:32,163,186.4
3224,4.07,12:53,164,186.4
3225,4.07,12:32,164,186.4
3226,4.07,12:11,164,186.4
3227,4.08,12:11,164,186.4
3228,4.08,11:21,164,186.4
3229,4.08,11:33,164,186.4
3230,4.08,12:04,164,186.4
3231,4.08,12:04,164,186.4
3232,4.08,11:58,163,185.7
3233,4.08,12:04,163,185.7
3234,4.09,11:27,164,185.7
3235,4.09,10:59,164,185.7
3236,4.09,11:16,165,185.7
3237,4.09,11:33,164,185.7
3238,4.09,11:58,164,185.7
3239,4.09,13:01,163,185.7
3240,4.09,13:32,163,185.7
3241,4.09,13:41,163,185.7
3242,4.1,13:24,164,185.7
3243,4.1,13:16,164,185.7
3244,4.1,12:18,164,185.7
3245,4.1,12:25,164,185.7
3246,4.1,12:25,164,185.7
3247,4.1,12:11,164,185.7
3248,4.1,12:04,163,185.7
3249,4.11,12:11,163,185.7
3250,4.11,12:04,163,185.7
3251,4.11,11:58,164,185.7
3252,4.11,11:52,164,185.7
3253,4.11,11:33,165,185.7
3254,4.11,11:27,165,185.0
3255,4.11,11:10,165,185.0
3256,4.12,10:59,165,185.0
3257,4.12,10:48,163,185.0
3258,4.12,10:33,164,185.0
3259,4.12,10:28,165,184.4
3260,4.12,10:18,165,184.4
3261,4.12,10:28,165,184.4
3262,4.13,10:33,166,184.4
3263,4.13,10:59,165,184.4
3264,4.13,11:05,166,184.4
3265,4.13,11:21,165,183.7
3266,4.13,10:59,165,183.7
3267,4.13,10:54,165,183.7
3268,4.13,10:54,165,183.1
3269,4.14,11:10,165,183.1
3270,4.14,11:05,165,183.1
3271,4.14,10:59,166,183.1
3272,4.14,11:33,166,183.1
3273,4.14,10:59,166,183.1
3274,4.14,10:33,167,183.1
3275,4.14,10:43,166,183.1
3276,4.15,10:28,166,183.1
3277,4.15,10:14,166,183.1
3278,4.15,10:23,167,183.1
3279,4.15,11:10,166,183.1
3280,4.15,10:48,166,183.1
3281,4.15,11:21,166,183.1
3282,4.16,10:59,167,183.1
3283,4.16,11:16,166,183.1
3284,4.16,10:54,166,182.4
3285,4.16,11:05,166,182.4
3286,4.16,10:54,166,183.1
3287,4.16,10:54,166,183.1
3288,4.16,10:33,166,182.4
3289,4.17,10:18,167,182.4
3290,4.17,10:23,167,182.4
3291,4.17,10:48,167,182.4
3292,4.17,11:21,166,182.4
3293,4.17,11:27,167,182.4
3294,4.17,11:52,167,182.4
3295,4.17,11:58,168,182.4
3296,4.18,11:39,168,182.4
3297,4.18,11:21,168,182.4
3298,4.18,11:39,168,182.4
3299,4.18,11:16,168,182.4
3300,4.18,11:05,168,182.4
3301,4.18,11:16,169,182.4
3302,4.19,10:43,169,182.4
3303,4.19,10:43,168,182.4
3304,4.19,11:27,167,181.8
3305,4.19,12:11,167,181.8
3306,4.19,12:39,167,181.8
3307,4.19,14:16,168,181.8
3308,4.19,14:25,167,181.1
3309,4.19,13:49,166,181.1
3310,4.2,12:25,167,181.1
3311,4.2,11:58,167,181.1
3312,4.2,11:58,169,181.1
3313,4.2,11:58,168,181.8
3314,4.2,11:52,168,181.8
3315,4.2,12:11,167,181.1
3316,4.2,11:58,167,181.1
3317,4.21,10:54,167,181.1
3318,4.21,10:28,167,181.1
3319,4.21,10:05,168,181.1
3320,4.21,9:47,168,181.1
3321,4.21,9:51,168,181.1
3322,4.21,10:38,167,181.1
3323,4.22,10:54,167,181.1
3324,4.22,11:16,167,181.1
3325,4.22,11:33,168,181.1
3326,4.22,11:45,168,181.1
3327,4.22,11:58,167,181.1
3328,4.22,12:32,167,181.1
3329,4.22,12:39,167,181.1
3330,4.22,13:49,168,180.4
3331,4.23,14:16,168,180.4
3332,4.23,14:25,168,180.4
3333,4.23,15:04,166,180.4
3334,4.23,17:11,166,180.4
3335,4.23,14:07,166,180.4
3336,4.23,14:54,166,180.4
3337,4.23,12:04,166,180.4
3338,4.24,10:18,165,180.4
3339,4.24,9:18,165,180.4
3340,4.24,10:28,165,180.4
3341,4.24,10:05,167,180.4
3342,4.24,11:58,166,180.4
3343,4.24,12:25,166,180.4
3344,4.24,12:39,166,180.4
3345,4.25,12:18,165,180.4
3346,4.25,11:27,167,180.4
3347,4.25,10:54,167,180.4
3348,4.25,11:21,168,180.4
3349,4.25,11:10,168,180.4
3350,4.25,10:54,167,179.8
3351,4.25,10:59,167,179.8
3352,4.26,10:38,167,179.8
3353,4.26,10:43,167,179.1
3354,4.26,10:43,167,179.1
3355,4.26,10:43,166,179.8
3356,4.26,11:05,168,179.8
3357,4.26,11:10,168,179.8
3358,4.27,11:05,169,179.8
3359,4.27,11:33,170,179.8
3360,4.27,11:27,169,179.1
3361,4.27,11:10,168,179.1
3362,4.27,11:39,167,179.1
3363,4.27,11:27,167,179.1
3364,4.27,11:16,167,179.1
3365,4.27,11:58,167,179.1
3366,4.28,11:58,167,179.1
3367,4.28,11:39,167,179.1
3368,4.28,11:45,167,179.1
3369,4.28,11:45,168,179.1
3370,4.28,11:27,168,179.1
3371,4.28,11:45,167,179.1
3372,4.28,11:58,168,179.1
3373,4.29,12:18,169,179.1
3374,4.29,12:46,168,179.1
3375,4.29,12:46,168,179.1
3376,4.29,12:39,168,179.1
3377,4.29,12:32,168,179.1
3378,4.29,12:25,169,179.1
3379,4.29,12:11,168,179.1
3380,4.3,12:04,168,179.1
3381,4.3,12:18,168,179.1
3382,4.3,11:58,167,179.1
3383,4.3,12:18,168,179.1
3384,4.3,12:32,168,179.1
3385,4.3,12:39,167,179.1
3386,4.3,11:58,166,179.1
3387,4.31,12:18,166,179.1
3388,4.31,11:52,166,179.1
3389,4.31,11:39,167,179.1
3390,4.31,11:33,165,179.1
3391,4.31,11:58,165,179.1
3392,4.31,11:33,163,179.1
3393,4.31,11:33,164,179.1
3394,4.32,11:33,165,179.1
3395,4.32,11:27,165,179.1
3396,4.32,11:39,165,179.1
3397,4.32,12:04,165,179.1
3398,4.32,11:45,165,179.1
3399,4.32,11:27,164,179.1
3400,4.32,11:10,164,179.1
3401,4.33,10:59,165,179.1
3402,4.33,10:54,165,179.1
3403,4.33,10:54,164,179.1
3404,4.33,10:38,164,179.1
3405,4.33,10:54,163,179.1
3406,4.33,10:38,164,179.8
3407,4.33,11:16,165,179.8
3408,4.34,11:58,164,179.8
3409,4.34,12:39,164,179.8
3410,4.34,12:25,164,179.8
3411,4.34,12:32,164,179.8
3412,4.34,12:32,164,179.1
3413,4.34,12:18,166,178.5
3414,4.34,11:33,164,178.5
3415,4.35,11:52,164,178.5
3416,4.35,11:58,164,177.8
3417,4.35,11:27,165,177.8
3418,4.35,11:27,166,177.8
3419,4.35,11:39,166,177.2
3420,4.35,11:16,166,177.2
3421,4.35,10:48,166,177.2
3422,4.36,10:38,165,177.2
3423,4.36,10:33,167,177.2
3424,4.36,10:33,167,177.2
3425,4.36,10:59,167,177.2
3426,4.36,11:33,166,176.5
3427,4.36,11:58,165,176.5
3428,4.36,11:45,165,175.9
3429,4.37,12:18,166,175.9
3430,4.37,12:11,165,175.2
3431,4.37,12:11,165,174.5
3432,4.37,12:39,165,174.5
3433,4.37,13:01,164,174.5
3434,4.37,12:32,164,174.5
3435,4.37,12:18,164,174.5
3436,4.38,11:45,164,174.5
3437,4.38,11:39,165,174.5
3438,4.38,11:52,164,173.9
3439,4.38,12:39,164,173.9
3440,4.38,12:46,163,173.9
3441,4.38,12:32,164,173.2
3442,4.38,11:33,164,173.2
3443,4.39,11:21,165,173.2
3444,4.39,10:48,164,173.2
3445,4.39,10:54,165,172.6
3446,4.39,11:52,164,172.6
3447,4.39,12:18,164,172.6
3448,4.39,12:04,165,172.6
3449,4.39,12:25,165,172.6
3450,4.39,12:46,166,172.6
3451,4.4,11:45,166,172.6
3452,4.4,11:45,164,172.6
3453,4.4,11:39,164,172.6
3454,4.4,11:05,164,172.6
3455,4.4,10:33,165,172.6
3456,4.4,10:54,164,172.6
3457,4.41,10:43,164,172.6
3458,4.41,10:54,164,172.6
3459,4.41,11:21,164,172.6
3460,4.41,11:52,164,172.6
3461,4.41,11:45,164,172.6
3462,4.41,11:39,164,172.6
3463,4.41,11:33,164,172.6
3464,4.42,11:10,166,172.6
3465,4.42,10:59,165,172.6
3466,4.42,11:39,166,172.6
3467,4.42,11:39,164,172.6
3468,4.42,11:27,165,172.6
3469,4.42,11:33,165,172.6
3470,4.42,11:39,165,172.6
3471,4.43,11:16,166,172.6
3472,4.43,11:21,166,171.9
3473,4.43,11:39,164,171.9
3474,4.43,11:45,165,171.3
3475,4.43,11:10,165,171.3
3476,4.43,11:05,166,171.3
3477,4.43,11:05,165,171.3
3478,4.44,11:27,165,171.3
3479,4.44,12:04,166,171.3
3480,4.44,13:01,165,171.3
3481,4.44,13:01,166,171.3
3482,4.44,13:08,166,171.3
3483,4.44,13:24,166,171.3
3484,4.44,13:16,166,170.6
3485,4.44,13:24,166,171.3
3486,4.45,13:32,165,170.6
3487,4.45,12:46,166,170.6
3488,4.45,12:04,166,170.6
3489,4.45,12:04,166,170.6
3490,4.45,11:52,167,170.6
3491,4.45,11:27,166,170.6
3492,4.45,12:04,165,170.6
3493,4.46,12:04,165,170.6
3494,4.46,11:45,165,170.6
3495,4.46,11:27,164,170.6
3496,4.46,11:21,164,170.6
3497,4.46,11:21,163,170.6
3498,4.46,11:10,163,170.6
3499,4.46,10:59,164,170.6
3500,4.47,10:59,163,170.6
3501,4.47,11:10,163,170.6
3502,4.47,10:54,163,170.6
3503,4.47,10:43,162,170.6
3504,4.47,10:28,162,170.6
3505,4.47,10:23,162,170.6
3506,4.48,10:23,163,170.6
3507,4.48,10:14,163,170.6
3508,4.48,10:05,163,170.6
3509,4.48,10:23,163,170.6
3510,4.48,10:14,164,170.6
3511,4.48,9:43,164,170.6
3512,4.49,9:47,165,169.9
3513,4.49,9:56,165,169.9
3514,4.49,10:00,166,169.9
3515,4.49,10:18,165,169.9
3516,4.49,10:43,165,169.9
3517,4.49,11:21,165,169.9
3518,4.49,11:58,166,169.9
3519,4.5,11:58,167,169.9
3520,4.5,11:45,167,169.9
3521,4.5,12:04,166,169.9
3522,4.5,11:39,165,169.3
3523,4.5,11:16,165,169.3
3524,4.5,11:10,166,169.3
3525,4.51,11:21,167,169.3
3526,4.51,11:21,167,168.6
3527,4.51,11:33,166,169.3
3528,4.51,12:18,165,169.3
3529,4.51,13:08,165,168.6
3530,4.51,12:25,167,168.6
3531,4.51,13:16,167,168.6
3532,4.51,14:07,166,168.6
3533,4.52,12:53,166,168.6
3534,4.52,11:58,165,168.6
3535,4.52,12:25,166,169.3
3536,4.52,10:33,168,169.3
3537,4.52,9:38,168,169.3
3538,4.52,10:05,168,169.3
3539,4.53,10:05,167,168.6
3540,4.53,10:05,168,168.6
3541,4.53,11:10,169,168.6
3542,4.53,11:45,168,168.6
3543,4.53,11:52,168,168.6
3544,4.53,12:18,167,168.6
3545,4.53,12:53,169,168.0
3546,4.53,13:24,168,168.0
3547,4.54,13:24,168,168.0
3548,4.54,13:01,167,168.0
3549,4.54,12:53,168,168.0
3550,4.54,13:08,168,168.0
3551,4.54,12:18,167,168.0
3552,4.54,11:52,167,168.0
3553,4.54,12:04,166,167.3
3554,4.55,11:45,166,167.3
3555,4.55,11:05,166,168.0
3556,4.55,11:21,166,168.0
3557,4.55,11:27,166,168.0
3558,4.55,10:54,166,168.0
3559,4.55,10:48,166,168.0
3560,4.55,10:38,166,168.0
3561,4.56,10:05,165,168.0
3562,4.56,9:56,166,168.0
3563,4.56,10:48,166,168.0
3564,4.56,11:10,165,168.0
3565,4.56,11:10,165,168.0
3566,4.56,11:39,165,167.3
3567,4.56,12:46,165,167.3
3568,4.57,12:11,165,167.3
3569,4.57,11:45,165,167.3
3570,4.57,12:11,165,166.7
3571,4.57,11:58,165,167.3
3572,4.57,11:39,165,167.3
3573,4.57,11:45,165,167.3
3574,4.57,11:52,167,167.3
3575,4.58,11:52,166,167.3
3576,4.58,12:11,166,167.3
3577,4.58,11:45,166,167.3
3578,4.58,11:27,165,167.3
3579,4.58,11:21,164,167.3
3580,4.58,11:10,165,167.3
3581,4.59,11:10,166,167.3
3582,4.59,11:05,166,167.3
3583,4.59,11:10,166,167.3
3584,4.59,11:27,166,167.3
3585,4.59,11:27,166,167.3
3586,4.59,11:39,165,167.3
3587,4.59,11:45,166,167.3
3588,4.59,12:04,166,167.3
3589,4.6,12:25,166,166.7
3590,4.6,13:01,166,166.7
3591,4.6,12:53,166,166.7
3592,4.6,13:01,165,166.7
3593,4.6,12:18,166,166.7
3594,4.6,11:33,165,166.7
3595,4.6,10:54,165,166.7
3596,4.61,10:59,166,166.7
3597,4.61,10:48,166,166.7
3598,4.61,11:05,166,166.7
3599,4.61,11:58,166,166.7
3600,4.61,12:25,165,166.0
3601,4.61,12:18,166,166.0
3602,4.61,12:53,165,166.0
3603,4.62,12:32,165,166.0
3604,4.62,11:45,165,166.0
3605,4.62,11:10,165,165.4
3606,4.62,11:05,167,165.4
3607,4.62,10:48,166,165.4
3608,4.62,10:54,165,164.7
3609,4.62,11:05,165,164.7
3610,4.63,11:27,164,164.7
3611,4.63,12:04,165,164.7
3612,4.63,11:39,165,164.7
3613,4.63,11:33,166,164.7
3614,4.63,11:33,167,164.7
3615,4.63,11:27,166,164.7
3616,4.64,10:48,166,164.7
3617,4.64,10:59,166,164.7
3618,4.64,11:16,165,164.0
3619,4.64,10:43,166,164.0
3620,4.64,10:59,167,164.0
3621,4.64,11:27,166,163.4
3622,4.64,12:18,165,163.4
3623,4.64,12:32,165,163.4
3624,4.65,13:08,165,163.4
3625,4.65,13:08,165,162.7
3626,4.65,12:32,164,162.7
3627,4.65,12:11,165,162.7
3628,4.65,12:04,165,162.7
3629,4.65,11:21,166,163.4
3630,4.65,11:16,165,162.7
3631,4.66,11:52,165,162.7
3632,4.66,10:59,165,162.7
3633,4.66,11:16,164,162.7
3634,4.66,12:18,164,162.7
3635,4.66,12:32,164,162.7
3636,4.66,11:33,164,162.7
3637,4.66,12:11,164,162.7
3638,4.67,11:58,164,162.7
3639,4.67,12:04,164,162.7
3640,4.67,11:58,163,162.7
3641,4.67,12:53,163,162.7
3642,4.67,12:11,164,162.1
3643,4.67,11:27,165,162.1
3644,4.67,11:05,165,162.1
3645,4.68,10:33,164,162.1
3646,4.68,10:05,163,162.1
3647,4.68,10:23,163,162.1
3648,4.68,10:09,164,161.4
3649,4.68,9:47,165,161.4
3650,4.68,10:00,164,161.4
3651,4.69,10:00,165,161.4
3652,4.69,10:14,164,160.8
3653,4.69,11:05,164,160.8
3654,4.69,11:52,165,160.8
3655,4.69,12:39,163,160.8
3656,4.69,13:08,163,160.1
3657,4.69,13:01,163,160.1
3658,4.7,12:25,164,160.1
3659,4.7,11:39,164,159.4
3660,4.7,10:54,164,159.4
3661,4.7,10:18,165,159.4
3662,4.7,9:43,164,158.8
3663,4.7,10:18,164,158.8
3664,4.71,10:43,165,158.8
3665,4.71,11:27,164,158.8
3666,4.71,12:32,164,158.8
3667,4.71,13:24,165,158.8
3668,4.71,12:18,166,158.8
3669,4.71,11:45,166,158.8
3670,4.71,11:10,167,158.1
3671,4.72,10:54,167,158.1
3672,4.72,11:21,167,158.1
3673,4.72,11:27,167,157.5
3674,4.72,11:21,166,157.5
3675,4.72,10:59,168,157.5
3676,4.72,10:23,168,157.5
3677,4.73,9:22,169,157.5
3678,4.73,9:22,169,157.5
3679,4.73,9:30,168,157.5
3680,4.73,9:47,168,157.5
3681,4.73,9:56,167,157.5
3682,4.73,10:33,167,156.8
3683,4.73,11:05,169,156.8
3684,4.74,11:16,167,156.8
3685,4.74,11:21,168,156.8
3686,4.74,11:39,167,156.8
3687,4.74,12:04,167,156.2
3688,4.74,11:52,167,156.2
3689,4.74,12:04,168,156.2
3690,4.74,11:52,167,156.2
3691,4.75,11:45,166,156.2
3692,4.75,11:27,166,156.2
3693,4.75,10:28,167,156.2
3694,4.75,10:18,166,156.2
3695,4.75,10:33,166,156.2
3696,4.75,10:54,166,155.5
3697,4.75,11:10,167,155.5
3698,4.76,11:45,167,155.5
3699,4.76,11:27,166,155.5
3700,4.76,11:27,166,155.5
3701,4.76,11:39,165,155.5
3702,4.76,10:54,166,155.5
3703,4.76,11:33,165,155.5
3704,4.76,11:52,165,155.5
3705,4.77,11:33,165,155.5
3706,4.77,11:05,166,155.5
3707,4.77,11:33,166,155.5
3708,4.77,11:10,166,154.9
3709,4.77,11:21,165,154.9
3710,4.77,11:27,166,154.9
3711,4.78,11:10,166,154.9
3712,4.78,11:27,166,154.9
3713,4.78,11:16,166,154.9
3714,4.78,11:16,167,154.9
3715,4.78,11:27,166,154.9
3716,4.78,11:21,167,154.9
3717,4.78,10:38,168,154.9
3718,4.79,10:28,168,154.9
3719,4.79,10:14,169,154.9
3720,4.79,9:47,168,154.9
3721,4.79,10:05,167,154.9
3722,4.79,10:38,167,154.9
3723,4.79,11:10,168,154.9
3724,4.79,11:39,168,154.9
3725,4.8,12:39,168,154.9
3726,4.8,12:32,167,154.2
3727,4.8,12:04,167,154.2
3728,4.8,11:27,168,154.2
3729,4.8,10:43,168,154.2
3730,4.8,9:47,167,154.2
3731,4.81,9:51,167,154.2
3732,4.81,10:14,167,154.2
3733,4.81,10:54,168,154.2
3734,4.81,10:54,166,154.2
3735,4.81,11:21,166,154.2
3736,4.81,11:05,166,153.5
3737,4.82,10:48,168,153.5
3738,4.82,10:18,167,153.5
3739,4.82,10:33,167,153.5
3740,4.82,10:33,167,153.5
3741,4.82,10:59,166,152.9
3742,4.82,11:21,167,152.9
3743,4.82,11:33,167,152.9
3744,4.83,11:45,166,152.9
3745,4.83,11:58,166,152.9
3746,4.83,10:59,167,152.2
3747,4.83,10:43,168,152.2
3748,4.83,10:18,168,152.2
3749,4.83,10:00,167,151.6
3750,4.83,10:33,166,151.6
3751,4.84,10:54,167,151.6
3752,4.84,10:48,167,151.6
3753,4.84,11:27,167,151.6
3754,4.84,11:45,168,151.6
3755,4.84,10:43,169,151.6
3756,4.84,10:38,169,151.6
3757,4.85,10:28,167,151.6
3758,4.85,10:09,168,151.6
3759,4.85,10:18,169,151.6
3760,4.85,10:23,168,150.9
3761,4.85,10:54,167,150.9
3762,4.85,11:10,167,150.9
3763,4.85,11:10,168,150.9
3764,4.86,10:48,168,150.9
3765,4.86,10:43,168,150.3
3766,4.86,10:38,168,150.3
3767,4.86,10:48,168,150.3
3768,4.86,10:54,167,149.6
3769,4.86,10:59,166,149.6
3770,4.87,11:10,168,149.6
3771,4.87,11:10,169,149.0
3772,4.87,10:59,169,149.0
3773,4.87,11:05,169,149.0
3774,4.87,10:43,168,149.0
3775,4.87,10:43,168,149.0
3776,4.88,10:00,168,149.0
3777,4.88,10:00,168,148.3
3778,4.88,10:09,168,148.3
3779,4.88,10:43,168,148.3
3780,4.88,11:16,170,147.6
3781,4.88,12:32,168,147.6
3782,4.88,12:32,168,148.3
3783,4.89,11:52,168,147.6
3784,4.89,11:21,168,147.6
3785,4.89,10:48,168,147.6
3786,4.89,10:23,167,147.0
3787,4.89,10:18,168,147.0
3788,4.89,10:28,167,147.0
3789,4.89,10:33,167,147.0
3790,4.9,10:43,167,147.0
3791,4.9,10:48,167,147.0
3792,4.9,10:33,167,146.3
3793,4.9,10:38,168,146.3
3794,4.9,11:16,169,146.3
3795,4.9,10:54,169,146.3
3796,4.91,11:10,168,146.3
3797,4.91,11:27,168,146.3
3798,4.91,11:21,169,146.3
3799,4.91,11:05,170,145.7
3800,4.91,11:21,170,145.7
3801,4.91,11:27,168,145.7
3802,4.91,11:45,169,145.7
3803,4.92,12:04,171,145.7
3804,4.92,12:18,170,145.0
3805,4.92,11:58,169,145.7
3806,4.92,11:27,168,145.0
3807,4.92,10:18,168,145.0
3808,4.92,10:14,169,145.0
3809,4.93,9:51,168,145.0
3810,4.93,9:56,168,144.4
3811,4.93,10:00,169,144.4
3812,4.93,10:38,169,144.4
3813,4.93,10:18,167,144.4
3814,4.93,10:18,167,144.4
3815,4.93,10:48,168,144.4
3816,4.94,10:38,169,144.4
3817,4.94,10:48,168,144.4
3818,4.94,11:05,167,144.4
3819,4.94,11:16,167,144.4
3820,4.94,11:05,168,144.4
3821,4.94,11:33,169,144.4
3822,4.94,11:58,169,144.4
3823,4.95,12:18,167,144.4
3824,4.95,12:04,167,144.4
3825,4.95,11:58,168,144.4
3826,4.95,11:27,169,144.4
3827,4.95,10:48,168,144.4
3828,4.95,10:33,167,144.4
3829,4.96,10:43,167,144.4
3830,4.96,10:43,167,144.4
3831,4.96,10:59,168,144.4
3832,4.96,11:05,169,144.4
3833,4.96,11:39,168,144.4
3834,4.96,11:52,167,144.4
3835,4.96,12:04,167,144.4
3836,4.97,11:58,168,144.4
3837,4.97,12:18,168,144.4
3838,4.97,12:11,166,144.4
3839,4.97,12:46,167,144.4
3840,4.97,11:58,167,144.4
3841,4.97,11:45,167,144.4
3842,4.97,11:33,168,144.4
3843,4.98,10:48,167,144.4
3844,4.98,10:14,167,144.4
3845,4.98,11:05,168,144.4
3846,4.98,11:21,168,144.4
3847,4.98,11:10,168,143.7
3848,4.98,11:27,167,143.7
3849,4.98,11:16,167,143.7
3850,4.99,10:43,168,143.7
3851,4.99,10:28,168,143.7
3852,4.99,10:28,168,143.7
3853,4.99,10:23,169,143.7
3854,4.99,10:33,168,143.7
3855,4.99,10:05,168,143.7
3856,5.0,10:00,168,143.7
3857,5.0,10:09,167,143.0
3858,5.0,10:28,167,143.0
3859,5.0,10:23,167,143.0
3860,5.0,11:05,168,143.0
3861,5.0,10:28,169,143.7
3862,5.01,10:43,169,143.0
3863,5.01,10:38,169,143.0
3864,5.01,10:38,168,143.0
3865,5.01,10:33,167,143.0
3866,5.01,12:25,167,143.0
3867,5.01,12:04,167,143.0
3868,5.01,11:52,169,143.0
3869,5.01,12:11,167,143.0
3870,5.02,12:18,166,143.0
3871,5.02,11:27,166,143.0
3872,5.02,11:33,167,143.0
3873,5.02,11:27,168,143.0
3874,5.02,11:16,167,142.4
3875,5.02,10:54,168,142.4
3876,5.03,11:10,168,142.4
3877,5.03,10:54,168,142.4
3878,5.03,10:59,167,142.4
3879,5.03,11:10,168,142.4
3880,5.03,12:11,168,142.4
3881,5.03,12:04,168,142.4
3882,5.03,12:39,166,142.4
3883,5.03,13:41,166,142.4
3884,5.04,13:49,167,142.4
3885,5.04,12:39,168,142.4
3886,5.04,11:52,167,142.4
3887,5.04,11:39,167,142.4
3888,5.04,11:05,167,142.4
3889,5.04,10:38,166,142.4
3890,5.05,10:43,165,142.4
3891,5.05,10:43,165,142.4
3892,5.05,10:59,166,142.4
3893,5.05,10:33,165,141.7
3894,5.05,10:59,165,141.7
3895,5.05,11:33,164,141.7
3896,5.05,12:18,164,141.7
3897,5.05,12:18,165,141.7
3898,5.06,13:01,166,141.7
3899,5.06,12:11,166,141.7
3900,5.06,11:39,167,141.7
3901,5.06,11:27,165,141.1
3902,5.06,10:54,165,141.1
3903,5.06,10:43,164,141.1
3904,5.07,11:16,164,141.1
3905,5.07,11:39,165,140.4
3906,5.07,11:27,164,140.4
3907,5.07,11:39,165,140.4
3908,5.07,11:39,164,139.8
3909,5.07,11:21,164,139.8
3910,5.07,11:05,164,139.8
3911,5.08,11:27,163,140.4
3912,5.08,11:52,163,140.4
3913,5.08,11:45,163,140.4
3914,5.08,11:58,164,140.4
3915,5.08,11:52,164,140.4
3916,5.08,11:58,164,139.8
3917,5.08,11:39,164,139.1
3918,5.09,11:52,163,139.1
3919,5.09,11:33,163,139.1
3920,5.09,12:04,164,138.5
3921,5.09,12:04,164,138.5
3922,5.09,13:01,164,138.5
3923,5.09,12:11,164,138.5
3924,5.09,11:58,163,138.5
3925,5.1,10:43,164,138.5
3926,5.1,9:56,164,137.8
3927,5.1,9:38,165,137.8
3928,5.1,9:43,165,137.1
3929,5.1,9:51,165,137.1
3930,5.1,10:43,166,137.1
3931,5.11,11:21,164,137.1
3932,5.11,11:58,165,137.1
3933,5.11,13:58,165,137.1
3934,5.11,14:07,166,137.1
3935,5.11,14:25,167,137.1
3936,5.11,14:16,168,137.1
3937,5.11,12:46,166,137.1
3938,5.11,11:27,166,137.1
3939,5.12,11:39,166,137.1
3940,5.12,11:16,166,136.5
3941,5.12,11:21,167,136.5
3942,5.12,11:33,168,136.5
3943,5.12,11:33,167,136.5
3944,5.12,11:21,166,136.5
3945,5.12,11:33,165,136.5
3946,5.13,11:27,165,136.5
3947,5.13,10:54,166,136.5
3948,5.13,10:48,167,136.5
3949,5.13,10:38,166,136.5
3950,5.13,10:38,166,136.5
3951,5.13,10:23,165,136.5
3952,5.13,10:59,165,135.8
3953,5.14,11:33,165,135.8
3954,5.14,12:18,166,135.8
3955,5.14,12:25,166,135.8
3956,5.14,13:08,166,135.8
3957,5.14,13:16,165,135.8
3958,5.14,12:46,165,135.8
3959,5.14,12:04,165,135.8
3960,5.15,11:52,165,135.8
3961,5.15,11:39,165,135.8
3962,5.15,11:21,165,135.8
3963,5.15,11:45,165,135.8
3964,5.15,12:11,165,135.8
3965,5.15,11:33,165,135.2
3966,5.15,11:27,165,135.2
3967,5.16,11:58,166,135.2
3968,5.16,11:39,166,135.2
3969,5.16,11:39,166,135.2
3970,5.16,12:32,166,135.2
3971,5.16,12:25,167,135.2
3972,5.16,11:58,169,135.2
3973,5.16,12:32,167,135.2
3974,5.16,13:08,167,135.2
3975,5.17,12:25,166,135.2
3976,5.17,13:08,166,135.2
3977,5.17,12:53,167,135.2
3978,5.17,11:58,168,134.5
3979,5.17,11:10,167,134.5
3980,5.17,11:39,166,134.5
3981,5.17,11:27,166,134.5
3982,5.18,12:18,166,134.5
3983,5.18,12:39,165,134.5
3984,5.18,12:39,166,133.9
3985,5.18,12:11,166,133.9
3986,5.18,12:18,165,133.9
3987,5.18,11:45,165,133.9
3988,5.18,11:45,165,133.9
3989,5.19,11:33,166,133.9
3990,5.19,11:27,166,133.9
3991,5.19,11:21,165,133.9
3992,5.19,11:39,165,133.9
3993,5.19,11:21,165,133.9
3994,5.19,11:10,165,133.2
3995,5.19,11:27,166,133.2
3996,5.2,11:45,166,133.2
3997,5.2,11:16,166,133.2
3998,5.2,11:27,167,133.2
3999,5.2,12:18,165,133.2
4000,5.2,12:18,166,133.2
4001,5.2,11:33,165,133.2
4002,5.2,11:58,165,133.2
4003,5.21,12:11,166,133.2
4004,5.21,11:58,166,133.2
4005,5.21,11:52,167,133.2
4006,5.21,12:18,166,133.2
4007,5.21,12:18,167,133.2
4008,5.21,12:04,167,133.2
4009,5.21,12:18,166,133.2
4010,5.21,12:46,167,133.2
4011,5.22,12:46,168,133.2
4012,5.22,12:39,168,133.2
4013,5.22,13:16,167,133.2
4014,5.22,13:01,167,133.2
4015,5.22,12:53,167,133.2
4016,5.22,12:39,168,133.2
4017,5.22,11:52,168,133.2
4018,5.23,11:21,168,133.2
4019,5.23,11:16,167,133.2
4020,5.23,10:43,167,133.2
4021,5.23,10:23,167,132.5
4022,5.23,11:05,168,132.5
4023,5.23,10:59,167,132.5
4024,5.23,11:10,167,132.5
4025,5.24,12:11,167,132.5
4026,5.24,13:08,167,132.5
4027,5.24,12:46,167,132.5
4028,5.24,12:39,167,132.5
4029,5.24,12:11,167,132.5
4030,5.24,11:27,168,132.5
4031,5.24,10:59,167,133.2
4032,5.25,10:14,167,133.2
4033,5.25,9:51,168,133.2
4034,5.25,9:38,168,132.5
4035,5.25,9:47,167,132.5
4036,5.25,10:18,167,132.5
4037,5.25,10:54,167,132.5
4038,5.26,11:27,168,132.5
4039,5.26,12:04,168,132.5
4040,5.26,11:33,167,132.5
4041,5.26,11:16,167,132.5
4042,5.26,11:33,167,132.5
4043,5.26,11:16,168,132.5
4044,5.26,11:05,167,132.5
4045,5.27,11:21,168,132.5
4046,5.27,10:54,168,132.5
4047,5.27,10:43,167,132.5
4048,5.27,11:16,167,132.5
4049,5.27,11:33,166,132.5
4050,5.27,11:33,166,132.5
4051,5.27,12:25,166,132.5
4052,5.28,12:39,166,132.5
4053,5.28,12:25,166,132.5
4054,5.28,12:11,166,132.5
4055,5.28,12:04,166,132.5
4056,5.28,11:58,165,132.5
4057,5.28,11:58,165,133.2
4058,5.28,11:27,165,132.5
4059,5.29,11:16,165,132.5
4060,5.29,11:33,166,132.5
4061,5.29,10:48,166,131.9
4062,5.29,10:38,166,131.9
4063,5.29,11:10,166,131.9
4064,5.29,11:16,167,131.9
4065,5.3,11:10,167,132.5
4066,5.3,12:25,168,132.5
4067,5.3,12:32,169,132.5
4068,5.3,12:39,168,132.5
4069,5.3,13:41,168,132.5
4070,5.3,13:49,167,132.5
4071,5.3,13:16,168,132.5
4072,5.3,13:32,169,132.5
4073,5.31,12:32,169,132.5
4074,5.31,11:05,169,132.5
4075,5.31,11:21,168,131.9
4076,5.31,10:54,168,131.9
4077,5.31,11:16,168,131.9
4078,5.31,11:58,169,131.9
4079,5.31,12:04,171,131.9
4080,5.32,11:45,170,131.9
4081,5.32,11:58,168,131.9
4082,5.32,11:21,169,131.9
4083,5.32,11:27,169,131.9
4084,5.32,12:18,169,131.9
4085,5.32,12:25,169,131.9
4086,5.32,12:39,170,131.9
4087,5.32,13:01,170,131.9
4088,5.33,12:25,169,131.9
4089,5.33,12:04,168,131.9
4090,5.33,12:11,169,131.9
4091,5.33,11:39,170,131.9
4092,5.33,11:27,170,131.9
4093,5.33,11:33,169,131.9
4094,5.34,11:10,169,131.9
4095,5.34,10:23,170,131.9
4096,5.34,10:18,169,131.9
4097,5.34,10:00,170,131.9
4098,5.34,9:51,169,131.9
4099,5.34,10:18,169,131.9
4100,5.34,10:43,169,131.9
4101,5.35,10:54,170,131.9
4102,5.35,11:16,169,131.9
4103,5.35,11:33,169,131.9
4104,5.35,11:05,168,131.9
4105,5.35,10:59,168,131.9
4106,5.35,10:54,169,131.2
4107,5.36,10:23,170,131.2
4108,5.36,10:09,169,131.2
4109,5.36,9:51,167,131.2
4110,5.36,9:38,168,131.2
4111,5.36,9:14,167,131.2
4112,5.36,9:30,168,131.2
4113,5.37,9:43,168,131.2
4114,5.37,10:05,168,131.2
4115,5.37,10:28,166,131.2
4116,5.37,10:18,168,131.2
4117,5.37,9:43,169,131.2
4118,5.37,10:00,168,131.2
4119,5.38,10:18,167,131.2
4120,5.38,10:09,167,130.6
4121,5.38,11:05,167,130.6
4122,5.38,11:58,168,130.6
4123,5.38,11:27,168,130.6
4124,5.38,11:16,168,130.6
4125,5.38,11:21,168,130.6
4126,5.39,11:16,167,131.2
4127,5.39,11:39,168,131.2
4128,5.39,12:04,170,131.2
4129,5.39,12:32,170,131.2
4130,5.39,12:32,168,130.6
4131,5.39,12:46,169,130.6
4132,5.39,11:45,168,130.6
4133,5.4,11:27,168,130.6
4134,5.4,10:59,169,130.6
4135,5.4,10:59,168,130.6
4136,5.4,11:05,168,130.6
4137,5.4,12:11,169,130.6
4138,5.4,13:01,169,130.6
4139,5.4,13:08,170,130.6
4140,5.41,12:32,169,130.6
4141,5.41,11:39,170,130.6
4142,5.41,10:38,169,130.6
4143,5.41,9:38,170,130.6
4144,5.41,9:22,170,130.6
4145,5.41,9:34,169,130.6
4146,5.42,9:22,169,129.9
4147,5.42,9:30,169,129.9
4148,5.42,10:09,170,130.6
4149,5.42,11:05,170,129.9
4150,5.42,11:21,170,129.9
4151,5.42,12:11,169,129.9
4152,5.42,13:01,169,129.9
4153,5.43,13:24,168,129.9
4154,5.43,12:39,168,129.9
4155,5.43,12:53,171,130.6
4156,5.43,13:58,171,130.6
4157,5.43,13:16,171,130.6
4158,5.43,13:01,169,130.6
4159,5.43,13:24,169,131.2
4160,5.43,13:08,169,131.2
4161,5.44,11:10,168,131.9
4162,5.44,10:09,167,131.9
4163,5.44,9:18,169,132.5
4164,5.44,8:45,170,133.2
4165,5.44,8:26,169,133.2
4166,5.45,9:00,169,133.2
4167,5.45,10:09,170,133.2
4168,5.45,11:16,171,133.9
4169,5.45,12:25,169,133.9
4170,5.45,13:49,169,133.9
4171,5.45,14:44,171,133.2
4172,5.45,14:07,171,132.5
4173,5.45,13:58,171,131.9
4174,5.46,12:39,171,131.2
4175,5.46,11:52,170,130.6
4176,5.46,10:38,170,130.6
4177,5.46,10:18,170,129.9
4178,5.46,9:51,170,129.3
4179,5.46,9:47,170,129.3
4180,5.47,10:00,171,128.6
4181,5.47,10:23,170,128.6
4182,5.47,10:33,170,128.6
4183,5.47,10:33,169,128.0
4184,5.47,10:59,169,128.0
4185,5.47,10:28,169,128.0
4186,5.48,10:28,169,127.3
4187,5.48,10:23,169,127.3
4188,5.48,10:09,169,126.6
4189,5.48,10:09,171,126.6
4190,5.48,11:05,170,126.6
4191,5.48,12:04,169,126.6
4192,5.48,14:07,169,126.6
4193,5.48,16:45,169,126.6
4194,5.48,19:09,170,126.6
4195,5.49,19:26,169,126.6
4196,5.49,17:52,169,126.6
4197,5.49,16:21,168,126.6
4198,5.49,14:44,168,126.6
4199,5.49,13:32,169,126.6
4200,5.49,12:25,169,127.3
4201,5.49,11:27,168,126.6
4202,5.5,10:33,167,127.3
4203,5.5,10:48,167,126.6
4204,5.5,10:28,167,126.6
4205,5.5,10:09,168,126.6
4206,5.5,10:28,169,126.6
4207,5.5,10:23,168,126.6
4208,5.5,10:14,167,126.6
4209,5.51,10:14,169,126.6
4210,5.51,10:14,170,126.0
4211,5.51,10:23,171,126.0
4212,5.51,10:59,171,126.0
4213,5.51,10:43,171,126.0
4214,5.51,11:05,170,126.0
4215,5.52,11:21,170,125.3
4216,5.52,11:10,172,125.3
4217,5.52,10:38,171,125.3
4218,5.52,10:48,171,124.7
4219,5.52,10:33,170,124.7
4220,5.52,10:48,171,124.0
4221,5.52,10:54,172,124.0
4222,5.53,10:59,172,124.0
4223,5.53,10:18,172,124.0
4224,5.53,10:14,172,124.0
4225,5.53,10:18,172,124.0
4226,5.53,10:14,173,124.0
4227,5.53,10:23,172,124.0
4228,5.54,10:48,172,124.0
4229,5.54,10:43,172,123.4
4230,5.54,10:38,171,123.4
4231,5.54,11:27,171,123.4
4232,5.54,11:16,171,123.4
4233,5.54,11:21,173,123.4
4234,5.54,11:39,173,123.4
4235,5.55,12:18,172,123.4
4236,5.55,11:10,172,123.4
4237,5.55,11:16,172,123.4
4238,5.55,11:10,171,122.7
4239,5.55,10:48,170,122.7
4240,5.55,10:14,169,122.7
4241,5.56,10:33,171,122.0
4242,5.56,10:28,171,122.0
4243,5.56,10:23,171,121.4
4244,5.56,11:10,170,121.4
4245,5.56,10:54,171,121.4
4246,5.56,10:54,171,121.4
4247,5.56,11:21,171,121.4
4248,5.57,11:39,170,121.4
4249,5.57,11:16,171,120.7
4250,5.57,11:21,171,120.7
4251,5.57,10:54,170,120.7
4252,5.57,10:54,172,120.7
4253,5.57,10:33,171,120.7
4254,5.58,10:33,171,120.7
4255,5.58,10:05,170,120.7
4256,5.58,10:05,172,120.1
4257,5.58,9:30,172,120.1
4258,5.58,9:34,172,120.1
4259,5.58,9:26,171,119.4
4260,5.59,9:34,170,119.4
4261,5.59,9:47,171,119.4
4262,5.59,10:28,171,119.4
4263,5.59,11:10,171,118.8
4264,5.59,10:54,170,118.8
4265,5.59,11:21,170,118.8
4266,5.59,11:33,171,118.8
4267,5.6,10:54,170,118.8
4268,5.6,10:28,170,118.8
4269,5.6,10:48,172,118.8
4270,5.6,11:10,172,118.8
4271,5.6,11:16,171,118.8
4272,5.6,11:52,171,118.1
4273,5.6,12:53,173,118.1
4274,5.61,13:16,173,118.1
4275,5.61,12:53,170,118.8
4276,5.61,13:08,173,118.8
4277,5.61,12:39,171,118.8
4278,5.61,11:33,171,118.8
4279,5.61,10:48,172,118.8
4280,5.62,10:48,171,118.8
4281,5.62,10:18,170,118.1
4282,5.62,10:23,170,118.1
4283,5.62,10:18,169,118.1
4284,5.62,10:43,172,118.1
4285,5.62,10:38,170,118.1
4286,5.62,11:05,170,118.1
4287,5.63,11:05,171,118.1
4288,5.63,10:43,171,117.5
4289,5.63,10:43,170,117.5
4290,5.63,11:52,171,117.5
4291,5.63,12:04,172,117.5
4292,5.63,11:58,171,117.5
4293,5.63,12:25,171,117.5
4294,5.64,12:32,172,116.8
4295,5.64,11:16,171,116.8
4296,5.64,11:16,170,116.8
4297,5.64,11:58,170,116.8
4298,5.64,13:16,171,116.8
4299,5.64,12:46,170,116.8
4300,5.64,13:01,170,116.8
4301,5.64,13:08,170,116.8
4302,5.65,12:46,169,116.8
4303,5.65,11:27,170,116.1
4304,5.65,11:27,169,116.1
4305,5.65,11:16,169,116.1
4306,5.65,10:28,169,116.1
4307,5.65,10:28,170,116.1
4308,5.66,10:18,169,116.1
4309,5.66,10:33,171,116.1
4310,5.66,10:09,170,116.1
4311,5.66,10:14,169,116.1
4312,5.66,10:09,169,116.1
4313,5.66,10:38,171,116.1
4314,5.67,10:28,170,116.1
4315,5.67,11:33,169,116.1
4316,5.67,11:33,171,116.1
4317,5.67,11:16,171,116.1
4318,5.67,11:05,170,116.1
4319,5.67,11:33,170,116.1
4320,5.67,11:21,169,116.1
4321,5.68,11:21,171,116.1
4322,5.68,11:33,170,116.1
4323,5.68,11:39,169,116.1
4324,5.68,11:21,170,115.5
4325,5.68,10:48,170,115.5
4326,5.68,11:05,170,115.5
4327,5.68,10:48,170,115.5
4328,5.69,10:48,169,115.5
4329,5.69,10:38,168,115.5
4330,5.69,10:43,169,115.5
4331,5.69,10:48,169,115.5
4332,5.69,10:48,169,115.5
4333,5.69,10:09,168,115.5
4334,5.7,10:38,168,115.5
4335,5.7,10:38,168,116.1
4336,5.7,10:00,168,116.1
4337,5.7,10:23,168,115.5
4338,5.7,11:10,168,115.5
4339,5.7,10:23,166,116.1
4340,5.71,9:51,167,116.1
4341,5.71,10:33,168,116.1
4342,5.71,10:38,167,116.1
4343,5.71,10:38,167,116.1
4344,5.71,11:33,167,116.1
4345,5.71,13:08,168,116.1
4346,5.71,13:16,168,116.8
4347,5.71,12:46,167,116.8
4348,5.72,13:08,169,116.8
4349,5.72,12:53,168,116.8
4350,5.72,12:11,168,116.8
4351,5.72,11:52,167,116.8
4352,5.72,11:52,169,116.8
4353,5.72,11:05,169,116.8
4354,5.73,10:38,168,117.5
4355,5.73,10:43,167,117.5
4356,5.73,10:43,170,117.5
4357,5.73,10:54,170,116.8
4358,5.73,11:10,168,116.8
4359,5.73,11:33,168,116.8
4360,5.73,11:27,169,116.8
4361,5.74,11:39,170,116.8
4362,5.74,11:39,171,116.8
4363,5.74,12:04,173,116.8
4364,5.74,12:04,175,116.1
4365,5.74,12:11,174,116.1
4366,5.74,12:18,170,116.8
4367,5.74,12:39,170,116.8
4368,5.74,12:39,170,116.8
4369,5.75,12:39,170,116.8
4370,5.75,12:39,170,116.8
4371,5.75,12:46,169,116.1
4372,5.75,12:18,170,116.1
4373,5.75,12:25,170,116.1
4374,5.75,12:32,169,116.1
4375,5.75,11:58,168,116.1
4376,5.76,11:21,170,116.1
4377,5.76,10:14,170,116.1
4378,5.76,9:38,169,115.5
4379,5.76,9:14,168,115.5
4380,5.76,9:56,170,115.5
4381,5.76,10:23,171,115.5
4382,5.77,11:52,170,116.1
4383,5.77,13:01,170,116.1
4384,5.77,13:41,172,116.1
4385,5.77,13:01,172,116.1
4386,5.77,12:18,171,116.1
4387,5.77,12:04,171,116.1
4388,5.77,11:33,172,116.1
4389,5.77,11:27,172,116.1
4390,5.78,11:16,171,116.1
4391,5.78,11:39,171,116.1
4392,5.78,11:05,173,116.1
4393,5.78,11:10,173,116.1
4394,5.78,10:14,172,116.1
4395,5.78,10:18,170,116.1
4396,5.79,10:05,171,116.1
4397,5.79,10:28,171,116.8
4398,5.79,10:00,171,116.8
4399,5.79,10:33,171,116.8
4400,5.79,10:23,171,116.8
4401,5.79,10:38,171,116.8
4402,5.8,10:14,174,116.8
4403,5.8,10:05,172,116.8
4404,5.8,10:05,171,116.8
4405,5.8,10:00,171,116.8
4406,5.8,10:05,172,116.1
4407,5.8,10:28,172,116.1
4408,5.81,10:38,170,116.1
4409,5.81,10:59,171,116.1
4410,5.81,11:33,171,116.1
4411,5.81,10:48,171,116.1
4412,5.81,10:18,171,115.5
4413,5.81,10:59,171,114.8
4414,5.81,11:21,172,114.8
4415,5.82,11:33,171,114.8
4416,5.82,12:25,171,114.8
4417,5.82,13:16,172,114.8
4418,5.82,12:46,171,114.8
4419,5.82,12:25,172,114.8
4420,5.82,11:10,172,114.2
4421,5.82,10:38,173,114.2
4422,5.83,10:09,172,114.2
4423,5.83,10:28,174,114.2
4424,5.83,10:28,173,114.2
4425,5.83,10:48,173,114.2
4426,5.83,11:05,174,114.2
4427,5.83,11:10,174,113.5
4428,5.84,10:23,174,113.5
4429,5.84,9:56,171,113.5
4430,5.84,10:05,173,113.5
4431,5.84,10:43,172,113.5
4432,5.84,11:39,171,113.5
4433,5.84,13:16,171,114.2
4434,5.84,13:32,171,114.2
4435,5.84,13:08,170,113.5
4436,5.85,12:25,168,113.5
4437,5.85,11:39,172,113.5
4438,5.85,10:38,171,113.5
4439,5.85,10:43,171,113.5
4440,5.85,11:05,171,114.2
4441,5.85,10:48,171,114.2
4442,5.86,10:09,170,114.2
4443,5.86,9:56,170,114.2
4444,5.86,10:48,170,114.8
4445,5.86,11:21,171,114.8
4446,5.86,11:21,173,114.8
4447,5.86,12:39,173,114.8
4448,5.86,13:01,172,114.8
4449,5.87,11:52,173,115.5
4450,5.87,11:58,173,115.5
4451,5.87,12:25,172,115.5
4452,5.87,11:58,174,115.5
4453,5.87,12:18,174,115.5
4454,5.87,12:32,174,115.5
4455,5.87,11:21,173,116.1
4456,5.88,11:05,174,116.1
4457,5.88,11:16,174,116.1
4458,5.88,11:05,172,116.1
4459,5.88,10:43,172,116.1
4460,5.88,11:10,173,116.1
4461,5.88,11:16,172,116.1
4462,5.88,11:27,172,116.1
4463,5.89,11:27,173,116.1
4464,5.89,11:39,172,116.1
4465,5.89,11:52,171,116.1
4466,5.89,11:05,174,116.8
4467,5.89,10:59,174,116.8
4468,5.89,11:16,174,116.8
4469,5.89,11:05,173,117.5
4470,5.9,10:48,175,117.5
4471,5.9,11:10,174,117.5
4472,5.9,10:48,173,117.5
4473,5.9,11:05,173,118.1
4474,5.9,11:33,175,118.1
4475,5.9,11:27,175,118.8
4476,5.91,11:45,174,118.8
4477,5.91,11:27,174,119.4
4478,5.91,10:23,174,119.4
4479,5.91,10:18,174,120.1
4480,5.91,10:09,174,120.1
4481,5.91,10:00,175,120.7
4482,5.91,10:14,174,120.7
4483,5.92,11:10,173,120.7
4484,5.92,10:48,173,121.4
4485,5.92,11:16,174,121.4
4486,5.92,12:18,173,121.4
4487,5.92,13:24,174,122.0
4488,5.92,13:08,173,122.0
4489,5.92,13:16,173,122.0
4490,5.93,13:32,173,122.0
4491,5.93,12:53,173,122.0
4492,5.93,12:04,173,122.0
4493,5.93,12:11,171,122.7
4494,5.93,12:25,171,122.7
4495,5.93,12:04,171,123.4
4496,5.93,12:04,171,123.4
4497,5.93,12:32,172,123.4
4498,5.94,12:04,172,123.4
4499,5.94,12:04,173,122.7
4500,5.94,11:52,172,122.7
4501,5.94,11:16,172,122.0
4502,5.94,10:48,173,122.0
4503,5.94,11:10,173,122.0
4504,5.95,11:10,171,122.0
4505,5.95,11:16,172,122.0
4506,5.95,11:21,173,122.0
4507,5.95,11:16,173,121.4
4508,5.95,10:28,172,120.7
4509,5.95,10:33,174,120.1
4510,5.95,10:28,173,120.1
4511,5.96,10:28,174,119.4
4512,5.96,10:33,174,118.8
4513,5.96,10:43,174,118.8
4514,5.96,10:00,173,118.1
4515,5.96,9:56,173,117.5
4516,5.97,9:18,174,116.8
4517,5.97,9:11,174,116.8
4518,5.97,9:34,175,116.1
4519,5.97,9:18,175,116.1
4520,5.97,8:49,175,116.1
4521,5.97,9:00,175,116.1
4522,5.98,8:49,176,115.5
4523,5.98,8:32,177,115.5
4524,5.98,8:45,177,115.5
4525,5.98,9:03,177,115.5
4526,5.98,9:18,177,115.5
4527,5.99,9:22,178,114.8
4528,5.99,9:34,177,114.8
4529,5.99,10:05,177,114.8
4530,5.99,10:14,177,114.8
4531,5.99,10:14,178,114.8
4532,5.99,9:51,177,114.8
4533,6.0,9:22,177,114.8
4534,6.0,8:56,177,114.2
4535,6.0,8:29,177,114.2
4536,6.0,8:04,176,114.2
4537,6.0,8:22,177,114.2
4538,6.01,8:26,178,114.2
4539,6.01,8:32,178,114.2
4540,6.01,8:56,177,114.2
4541,6.01,9:47,178,114.2
4542,6.01,10:05,178,113.5
4543,6.01,10:09,176,113.5
4544,6.02,10:09,177,112.9
4545,6.02,10:09,178,112.2
4546,6.02,9:18,178,112.2
4547,6.02,9:11,178,112.2
4548,6.02,9:30,178,111.5
4549,6.02,10:09,177,111.5
4550,6.03,10:33,177,111.5
4551,6.03,12:04,177,111.5
4552,6.03,11:58,176,111.5
4553,6.03,11:16,177,111.5
4554,6.03,10:43,176,111.5
4555,6.03,10:48,176,111.5
4556,6.03,10:14,176,110.9
4557,6.04,10:14,176,110.9
4558,6.04,10:43,176,110.9
4559,6.04,10:33,176,110.9
4560,6.04,10:05,177,110.9
4561,6.04,9:47,176,110.9
4562,6.04,9:30,177,110.9
4563,6.05,9:22,177,110.2
4564,6.05,9:43,178,110.2
4565,6.05,9:51,176,110.2
4566,6.05,10:05,178,110.2
4567,6.05,10:23,178,110.2
4568,6.05,10:33,176,110.9
4569,6.06,9:51,179,110.2
4570,6.06,10:05,178,110.9
4571,6.06,10:18,177,110.9
4572,6.06,10:18,178,110.9
4573,6.06,10:28,176,110.9
4574,6.06,11:39,177,110.9
4575,6.06,11:58,177,110.2
4576,6.07,12:04,177,110.2
4577,6.07,11:33,178,110.2
4578,6.07,11:10,176,110.2
4579,6.07,10:09,177,110.2
4580,6.07,10:00,176,110.2
4581,6.07,9:47,176,110.2
4582,6.08,10:43,175,110.2
4583,6.08,11:21,174,109.6
4584,6.08,11:58,175,109.6
4585,6.08,11:21,175,109.6
4586,6.08,11:21,174,110.2
4587,6.08,10:23,176,110.2
4588,6.09,10:05,175,110.2
4589,6.09,9:56,174,110.2
4590,6.09,9:56,174,110.2
4591,6.09,10:00,173,110.2
4592,6.09,10:38,174,110.2
4593,6.09,11:05,176,110.2
4594,6.09,11:45,175,110.2
4595,6.1,11:58,174,110.2
4596,6.1,12:32,176,110.2
4597,6.1,11:52,175,110.2
4598,6.1,11:45,175,110.2
4599,6.1,11:27,175,110.2
4600,6.1,12:04,175,110.2
4601,6.1,11:45,175,110.2
4602,6.11,12:04,175,110.2
4603,6.11,11:27,175,110.2
4604,6.11,11:10,177,110.2
4605,6.11,10:48,177,110.2
4606,6.11,10:48,175,110.2
4607,6.11,10:18,176,110.2
4608,6.12,10:09,175,110.2
4609,6.12,9:56,175,110.2
4610,6.12,10:00,177,110.2
4611,6.12,9:56,177,110.2
4612,6.12,10:18,175,110.2
4613,6.12,10:38,176,110.2
4614,6.12,11:21,176,110.2
4615,6.13,11:52,176,109.6
4616,6.13,11:27,177,109.6
4617,6.13,11:27,179,109.6
4618,6.13,11:58,179,109.6
4619,6.13,12:18,177,109.6
4620,6.13,11:39,176,110.2
4621,6.13,12:18,177,110.2
4622,6.14,12:46,176,110.2
4623,6.14,11:52,176,110.2
4624,6.14,10:59,176,110.2
4625,6.14,10:59,175,110.2
4626,6.14,10:18,175,110.2
4627,6.14,9:43,176,110.2
4628,6.15,9:43,175,110.2
4629,6.15,9:47,176,110.2
4630,6.15,9:14,175,110.2
4631,6.15,9:56,175,110.2
4632,6.15,10:48,175,110.2
4633,6.15,11:16,174,110.2
4634,6.15,11:45,176,109.6
4635,6.16,13:01,175,109.6
4636,6.16,11:58,174,109.6
4637,6.16,11:16,176,109.6
4638,6.16,11:39,175,108.9
4639,6.16,11:27,175,108.9
4640,6.16,11:10,177,108.9
4641,6.16,11:33,177,108.9
4642,6.17,11:33,180,108.9
4643,6.17,11:05,180,108.3
4644,6.17,10:43,176,108.3
4645,6.17,10:38,176,107.6
4646,6.17,10:54,176,107.6
4647,6.17,11:05,175,107.0
4648,6.18,11:10,177,106.3
4649,6.18,11:58,176,106.3
4650,6.18,11:58,175,106.3
4651,6.18,11:27,176,106.3
4652,6.18,11:16,176,106.3
4653,6.18,11:05,176,106.3
4654,6.18,10:38,177,106.3
4655,6.19,10:18,176,106.3
4656,6.19,10:23,175,106.3
4657,6.19,10:14,175,106.3
4658,6.19,9:56,178,106.3
4659,6.19,10:05,176,106.3
4660,6.19,10:14,176,106.3
4661,6.2,9:43,176,107.0
4662,6.2,9:51,178,107.0
4663,6.2,10:14,176,106.3
4664,6.2,10:05,175,106.3
4665,6.2,10:00,178,106.3
4666,6.2,10:54,177,106.3
4667,6.21,11:10,177,106.3
4668,6.21,11:21,178,105.6
4669,6.21,10:43,177,105.6
4670,6.21,10:54,177,105.6
4671,6.21,10:48,178,105.0
4672,6.21,10:48,177,105.0
4673,6.21,10:23,179,104.3
4674,6.22,10:43,177,104.3
4675,6.22,10:38,177,103.7
4676,6.22,10:18,178,103.7
4677,6.22,10:00,178,103.0
4678,6.22,9:18,178,103.0
4679,6.23,9:26,179,103.0
4680,6.23,9:18,178,102.4
4681,6.23,8:49,178,101.7
4682,6.23,8:49,177,101.7
4683,6.23,9:03,178,101.0
4684,6.23,8:35,178,100.4
4685,6.24,9:11,177,99.7
4686,6.24,9:22,176,99.7
4687,6.24,9:07,177,99.7
4688,6.24,9:11,177,99.1
4689,6.24,9:26,177,99.1
4690,6.25,8:42,177,98.4
4691,6.25,9:18,176,98.4
4692,6.25,10:00,177,98.4
4693,6.25,11:05,177,98.4
4694,6.25,11:39,177,97.8
4695,6.25,12:53,177,97.8
4696,6.25,12:25,178,97.8
4697,6.26,11:58,178,97.8
4698,6.26,11:33,176,97.8
4699,6.26,10:59,177,97.1
4700,6.26,10:09,177,97.1
4701,6.26,10:23,177,97.1
4702,6.26,10:48,178,97.1
4703,6.26,11:10,178,97.1
4704,6.26,12:39,178,97.1
4705,6.27,13:41,177,97.8
4706,6.27,14:07,178,97.8
4707,6.27,12:53,178,98.4
4708,6.27,11:58,177,99.1
4709,6.27,10:59,178,99.1
4710,6.27,10:54,177,99.7
4711,6.28,10:54,177,99.7
4712,6.28,10:48,177,100.4
4713,6.28,10:54,176,101.0
4714,6.28,10:54,176,101.0
4715,6.28,10:48,176,101.7
4716,6.28,10:33,176,101.7
4717,6.28,11:27,176,101.7
4718,6.29,12:18,176,101.7
4719,6.29,11:58,174,101.7
4720,6.29,12:25,173,101.0
4721,6.29,12:53,177,101.0
4722,6.29,12:25,177,101.7
4723,6.29,12:04,178,101.7
4724,6.29,13:01,178,101.7
4725,6.29,12:46,179,101.0
4726,6.3,12:11,179,101.0
4727,6.3,12:39,178,100.4
4728,6.3,11:39,178,100.4
4729,6.3,11:05,178,100.4
4730,6.3,11:21,179,100.4
4731,6.3,11:52,178,100.4
4732,6.3,11:39,177,100.4
4733,6.31,13:01,176,100.4
4734,6.31,14:16,175,100.4
4735,6.31,13:24,175,100.4
4736,6.31,13:32,175,100.4
4737,6.31,13:58,174,99.7
4738,6.31,14:07,175,99.7
4739,6.31,15:14,173,99.7
4740,6.31,15:35,173,99.7
4741,6.32,14:25,173,99.7
4742,6.32,14:07,175,99.7
4743,6.32,13:58,175,99.7
4744,6.32,13:08,175,99.7
4745,6.32,13:58,175,99.7
4746,6.32,13:49,175,99.7
4747,6.32,13:58,175,99.7
4748,6.32,13:24,175,99.7
4749,6.33,11:58,175,99.7
4750,6.33,11:21,173,99.7
4751,6.33,11:45,173,99.7
4752,6.33,11:45,174,99.7
4753,6.33,11:45,173,99.1
4754,6.33,12:46,173,99.1
4755,6.33,12:04,172,99.1
4756,6.34,12:18,172,99.1
4757,6.34,12:11,172,99.1
4758,6.34,12:11,172,98.4
4759,6.34,11:05,172,98.4
4760,6.34,11:27,172,98.4
4761,6.34,11:21,171,98.4
4762,6.34,11:27,171,98.4
4763,6.35,11:27,171,98.4
4764,6.35,12:39,171,98.4
4765,6.35,14:07,171,98.4
4766,6.35,15:14,171,98.4
4767,6.35,16:33,171,98.4
4768,6.35,18:22,171,98.4
4769,6.35,18:22,171,98.4
4770,6.35,16:33,171,98.4
4771,6.35,15:46,171,98.4
4772,6.35,14:25,171,98.4
4773,6.36,13:08,171,99.1
4774,6.36,12:32,171,99.1
4775,6.36,11:52,170,99.1
4776,6.36,11:45,169,99.7
4777,6.36,11:58,169,99.7
4778,6.36,11:52,167,99.7
4779,6.36,11:52,169,100.4
4780,6.37,12:39,167,100.4
4781,6.37,12:39,168,101.0
4782,6.37,12:46,168,101.7
4783,6.37,13:32,170,102.4
4784,6.37,14:25,170,103.0
4785,6.37,15:24,170,103.7
4786,6.37,15:46,170,104.3
4787,6.37,15:24,170,105.0
4788,6.37,14:44,169,105.6
4789,6.38,14:07,170,105.6
4790,6.38,13:16,171,106.3
4791,6.38,13:01,171,106.3
4792,6.38,13:08,171,106.3
4793,6.38,13:16,171,105.6
4794,6.38,13:49,170,105.6
4795,6.38,14:16,171,105.0
4796,6.38,14:34,171,105.0
4797,6.39,14:34,171,104.3
4798,6.39,14:07,171,103.0
4799,6.39,12:39,171,102.4
4800,6.39,12:11,171,101.7
4801,6.39,11:45,171,101.0
4802,6.39,11:27,171,100.4
4803,6.39,11:33,172,99.7
4804,6.4,12:18,172,99.1
4805,6.4,12:11,171,98.4
4806,6.4,11:58,171,97.8
4807,6.4,11:39,170,97.1
4808,6.4,11:05,171,96.5
4809,6.4,10:59,171,95.8
4810,6.4,10:43,171,95.8
4811,6.41,10:28,172,95.8
4812,6.41,10:28,172,95.8
4813,6.41,11:05,172,95.8
4814,6.41,11:16,171,95.8
4815,6.41,11:21,172,95.8
4816,6.41,11:33,172,96.5
4817,6.42,11:33,171,96.5
4818,6.42,10:43,172,96.5
4819,6.42,10:38,171,96.5
4820,6.42,10:59,173,96.5
4821,6.42,10:43,172,96.5
4822,6.42,10:59,171,97.1
4823,6.42,11:45,171,97.1
4824,6.43,11:33,173,97.1
4825,6.43,11:52,171,97.8
4826,6.43,12:25,172,97.8
4827,6.43,11:52,172,97.8
4828,6.43,11:21,171,97.8
4829,6.43,11:21,172,97.8
4830,6.43,10:48,173,98.4
4831,6.44,10:54,172,98.4
4832,6.44,11:27,172,99.1
4833,6.44,12:25,173,99.1
4834,6.44,12:32,174,99.1
4835,6.44,12:32,172,98.4
4836,6.44,12:11,173,98.4
4837,6.44,12:39,173,98.4
4838,6.44,12:25,173,98.4
4839,6.45,12:39,173,98.4
4840,6.45,13:01,176,98.4
4841,6.45,13:41,173,98.4
4842,6.45,13:16,174,97.8
4843,6.45,13:08,174,97.8
4844,6.45,13:24,174,97.8
4845,6.45,13:16,174,97.8
4846,6.45,13:41,173,97.8
4847,6.46,13:24,174,97.8
4848,6.46,13:24,173,97.8
4849,6.46,12:53,173,97.8
4850,6.46,12:46,174,97.8
4851,6.46,12:46,174,97.8
4852,6.46,13:08,174,97.8
4853,6.46,14:07,173,97.8
4854,6.46,14:25,172,97.8
4855,6.47,14:44,172,97.8
4856,6.47,14:34,173,98.4
4857,6.47,14:44,173,98.4
4858,6.47,13:01,173,98.4
4859,6.47,12:46,172,98.4
4860,6.47,11:39,171,98.4
4861,6.47,10:38,171,98.4
4862,6.48,10:09,171,99.1
4863,6.48,11:21,170,99.1
4864,6.48,12:25,166,99.1
4865,6.48,14:54,163,99.1
4866,6.48,16:45,156,99.1
4867,6.48,18:53,149,99.1
4868,6.48,17:38,142,99.1
4869,6.48,15:35,142,99.1
4870,6.48,14:25,140,99.1
4871,6.49,13:58,140,99.1
4872,6.49,12:53,140,99.1
4873,6.49,12:04,140,99.7
4874,6.49,12:04,140,99.7
4875,6.49,12:04,140,99.7
4876,6.49,12:25,141,99.7
4877,6.49,12:39,148,99.7
4878,6.5,12:11,153,99.7
4879,6.5,12:39,145,99.7
4880,6.5,12:32,145,99.7
4881,6.5,11:52,145,99.7
4882,6.5,12:04,144,99.7
4883,6.5,12:04,144,99.7
4884,6.5,11:52,144,99.7
4885,6.5,12:04,145,99.7
4886,6.51,12:18,145,99.7
4887,6.51,11:58,145,99.7
4888,6.51,12:39,146,100.4
4889,6.51,11:39,147,100.4
4890,6.51,11:39,148,100.4
4891,6.51,11:39,148,101.0
4892,6.51,11:21,149,101.0
4893,6.52,11:10,149,101.0
4894,6.52,11:33,149,100.4
4895,6.52,11:10,150,100.4
4896,6.52,11:39,150,100.4
4897,6.52,12:04,151,99.7
4898,6.52,12:32,153,99.7
4899,6.52,13:16,155,99.7
4900,6.53,13:32,157,99.7
4901,6.53,13:41,159,99.1
4902,6.53,13:58,161,99.1
4903,6.53,13:32,164,98.4
4904,6.53,13:16,164,98.4
4905,6.53,13:24,166,98.4
4906,6.53,12:39,166,98.4
4907,6.53,12:46,167,98.4
4908,6.54,12:46,168,98.4
4909,6.54,12:18,168,98.4
4910,6.54,11:52,171,98.4
4911,6.54,11:33,171,98.4
4912,6.54,10:59,171,98.4
4913,6.54,11:10,171,98.4
4914,6.54,11:45,171,99.1
4915,6.55,11:52,171,99.1
4916,6.55,12:04,171,99.7
4917,6.55,12:11,171,100.4
4918,6.55,12:25,171,101.0
4919,6.55,11:58,171,101.7
4920,6.55,12:18,172,102.4
4921,6.55,13:01,170,103.0
4922,6.55,13:58,170,103.0
4923,6.56,13:24,170,103.7
4924,6.56,13:32,171,104.3
4925,6.56,13:58,171,105.0
4926,6.56,13:16,171,105.6
4927,6.56,12:18,170,107.0
4928,6.56,12:39,170,107.6
4929,6.56,13:01,170,108.3
4930,6.57,12:32,170,108.9
4931,6.57,12:04,169,108.9
4932,6.57,11:39,168,109.6
4933,6.57,11:52,175,109.6
4934,6.57,11:45,170,110.2
4935,6.57,11:39,171,110.2
4936,6.57,12:18,171,109.6
4937,6.58,12:11,174,109.6
4938,6.58,11:52,175,108.9
4939,6.58,11:45,175,108.3
4940,6.58,11:21,176,107.6
4941,6.58,11:10,177,107.0
4942,6.58,11:21,177,106.3
4943,6.58,10:48,176,105.6
4944,6.59,10:23,175,105.0
4945,6.59,10:43,174,104.3
4946,6.59,10:54,173,103.7
4947,6.59,11:45,175,103.0
4948,6.59,12:53,174,103.0
4949,6.59,13:16,174,102.4
4950,6.59,13:41,174,102.4
4951,6.59,13:32,173,102.4
4952,6.6,13:41,174,102.4
4953,6.6,13:32,174,102.4
4954,6.6,13:32,174,102.4
4955,6.6,12:11,175,101.7
4956,6.6,11:10,175,101.7
4957,6.6,10:23,176,101.7
4958,6.61,10:14,175,101.7
4959,6.61,10:33,175,101.7
4960,6.61,11:39,177,101.7
4961,6.61,13:24,175,101.7
4962,6.61,14:34,176,101.7
4963,6.61,15:14,176,101.7
4964,6.61,15:57,175,101.7
4965,6.61,15:46,176,101.7
4966,6.61,15:24,175,102.4
4967,6.61,15:46,174,102.4
4968,6.62,14:44,174,102.4
4969,6.62,14:16,174,102.4
4970,6.62,13:16,174,102.4
4971,6.62,12:53,173,102.4
4972,6.62,12:11,175,102.4
4973,6.62,12:25,174,102.4
4974,6.62,12:11,174,102.4
4975,6.63,12:32,174,102.4
4976,6.63,12:04,173,101.7
4977,6.63,11:05,173,101.7
4978,6.63,10:48,174,101.7
4979,6.63,10:09,173,101.7
4980,6.63,10:18,173,101.7
4981,6.64,10:23,174,101.7
4982,6.64,10:59,174,101.7
4983,6.64,11:27,174,101.7
4984,6.64,12:46,175,101.0
4985,6.64,12:46,177,101.0
4986,6.64,13:01,177,101.0
4987,6.64,13:58,177,101.0
4988,6.64,13:24,174,101.0
4989,6.65,13:24,174,101.0
4990,6.65,13:41,173,101.0
4991,6.65,13:32,175,101.0
4992,6.65,13:16,175,101.0
4993,6.65,13:08,175,101.7
4994,6.65,12:25,175,101.7
4995,6.65,12:11,175,101.7
4996,6.65,12:39,174,101.0
4997,6.66,12:53,174,101.0
4998,6.66,13:32,174,101.0
4999,6.66,14:16,173,101.0
5000,6.66,14:54,174,101.0
5001,6.66,15:04,172,101.0
5002,6.66,15:35,171,101.0
5003,6.66,16:09,172,101.0
5004,6.66,16:21,171,101.0
5005,6.66,15:35,171,101.0
5006,6.67,14:54,172,100.4
5007,6.67,14:07,173,100.4
5008,6.67,12:39,172,100.4
5009,6.67,12:32,172,99.7
5010,6.67,12:46,171,99.7
5011,6.67,13:08,171,99.1
5012,6.67,13:08,170,98.4
5013,6.67,14:07,170,98.4
5014,6.68,13:58,172,97.8
5015,6.68,14:44,169,97.1
5016,6.68,15:24,168,96.5
5017,6.68,16:45,168,96.5
5018,6.68,21:17,168,95.8
5019,6.68,22:43,168,95.8
5020,6.68,21:59,166,95.1
5021,6.68,18:37,166,95.1
5022,6.68,15:14,167,95.1
5023,6.69,11:52,167,95.1
5024,6.69,10:38,167,95.1
5025,6.69,10:05,167,95.1
5026,6.69,10:09,168,95.1
5027,6.69,10:48,167,95.8
5028,6.69,11:27,168,95.8
5029,6.69,11:39,168,95.8
5030,6.7,11:58,168,96.5
5031,6.7,12:18,167,96.5
5032,6.7,12:25,169,96.5
5033,6.7,12:18,169,96.5
5034,6.7,12:25,169,97.1
5035,6.7,12:18,168,97.1
5036,6.7,12:39,169,97.1
5037,6.7,12:18,168,97.1
5038,6.71,11:33,169,97.1
5039,6.71,11:45,168,97.8
5040,6.71,11:33,168,97.8
5041,6.71,11:33,168,98.4
5042,6.71,11:45,169,98.4
5043,6.71,13:01,168,98.4
5044,6.71,13:41,168,99.1
5045,6.72,14:44,168,99.1
5046,6.72,14:44,167,99.1
5047,6.72,15:46,168,99.1
5048,6.72,15:46,168,99.7
5049,6.72,15:04,168,99.7
5050,6.72,14:54,169,99.7
5051,6.72,14:34,170,99.7
5052,6.72,14:16,169,99.7
5053,6.72,13:58,168,100.4
5054,6.73,13:49,168,100.4
5055,6.73,13:16,169,100.4
5056,6.73,13:24,169,100.4
5057,6.73,12:46,170,100.4
5058,6.73,12:32,169,101.0
5059,6.73,13:01,168,101.0
5060,6.73,13:24,168,101.0
5061,6.73,13:49,169,101.0
5062,6.74,13:41,168,101.0
5063,6.74,13:41,168,101.7
5064,6.74,13:41,170,101.7
5065,6.74,13:32,169,101.7
5066,6.74,12:46,169,101.7
5067,6.74,12:53,171,101.7
5068,6.74,12:53,172,101.7
5069,6.74,12:46,170,102.4
5070,6.75,12:04,172,101.7
5071,6.75,12:32,171,101.7
5072,6.75,13:32,170,101.7
5073,6.75,13:41,171,101.7
5074,6.75,13:41,171,101.7
5075,6.75,14:25,169,101.7
5076,6.75,14:25,171,101.7
5077,6.75,13:24,171,101.7
5078,6.76,13:41,170,101.7
5079,6.76,13:49,170,101.7
5080,6.76,13:58,170,101.7
5081,6.76,13:24,169,101.0
5082,6.76,13:01,168,101.0
5083,6.76,12:32,169,101.0
5084,6.76,12:25,169,101.0
5085,6.76,12:39,168,101.0
5086,6.77,13:32,168,101.0
5087,6.77,14:54,168,100.4
5088,6.77,15:24,170,100.4
5089,6.77,15:57,169,100.4
5090,6.77,15:46,172,100.4
5091,6.77,14:34,173,100.4
5092,6.77,13:01,173,100.4
5093,6.77,12:46,172,100.4
5094,6.78,11:45,172,100.4
5095,6.78,11:10,171,100.4
5096,6.78,11:27,170,101.0
5097,6.78,11:58,171,101.0
5098,6.78,12:25,170,101.0
5099,6.78,13:01,171,101.0
5100,6.78,13:32,172,101.7
5101,6.79,12:53,171,101.7
5102,6.79,13:08,172,101.7
5103,6.79,11:33,172,102.4
5104,6.79,10:33,172,102.4
5105,6.79,10:14,174,102.4
5106,6.79,10:09,173,102.4
5107,6.79,10:14,172,102.4
5108,6.8,11:05,174,102.4
5109,6.8,12:18,173,102.4
5110,6.8,12:39,173,102.4
5111,6.8,13:01,174,102.4
5112,6.8,12:53,173,102.4
5113,6.8,13:01,172,102.4
5114,6.8,13:01,172,102.4
5115,6.8,13:32,173,102.4
5116,6.81,14:44,172,102.4
5117,6.81,15:04,173,102.4
5118,6.81,15:24,173,102.4
5119,6.81,14:25,171,102.4
5120,6.81,13:49,172,102.4
5121,6.81,13:16,172,102.4
5122,6.81,11:52,171,102.4
5123,6.81,11:58,173,102.4
5124,6.82,13:58,172,102.4
5125,6.82,14:44,172,102.4
5126,6.82,15:04,172,102.4
5127,6.82,18:07,172,102.4
5128,6.82,17:52,172,102.4
5129,6.82,15:35,172,102.4
5130,6.82,15:14,172,102.4
5131,6.82,15:04,172,102.4
5132,6.82,13:58,171,102.4
5133,6.83,13:01,171,102.4
5134,6.83,12:25,172,102.4
5135,6.83,11:58,172,102.4
5136,6.83,11:33,171,102.4
5137,6.83,11:39,172,102.4
5138,6.83,10:54,172,102.4
5139,6.83,10:48,171,102.4
5140,6.84,10:38,172,102.4
5141,6.84,10:33,171,102.4
5142,6.84,10:28,170,102.4
5143,6.84,11:39,174,102.4
5144,6.84,12:32,174,102.4
5145,6.84,13:32,173,102.4
5146,6.84,14:16,173,102.4
5147,6.84,15:35,172,102.4
5148,6.85,15:57,170,101.7
5149,6.85,14:54,170,101.7
5150,6.85,14:07,171,101.7
5151,6.85,13:32,169,101.7
5152,6.85,12:25,170,101.7
5153,6.85,12:11,170,101.7
5154,6.85,12:39,169,101.7
5155,6.85,12:32,170,101.7
5156,6.86,12:39,171,101.7
5157,6.86,12:46,170,101.7
5158,6.86,12:39,169,101.7
5159,6.86,12:18,169,101.7
5160,6.86,12:46,169,101.7
5161,6.86,13:01,168,101.7
5162,6.86,13:08,169,101.7
5163,6.87,13:24,168,101.7
5164,6.87,14:16,168,101.7
5165,6.87,13:41,168,101.7
5166,6.87,13:49,169,101.0
5167,6.87,13:32,168,101.7
5168,6.87,13:24,169,101.7
5169,6.87,13:32,170,101.7
5170,6.87,13:24,169,101.7
5171,6.87,13:16,168,101.7
5172,6.88,13:24,169,101.7
5173,6.88,12:46,169,101.7
5174,6.88,12:04,168,101.7
5175,6.88,12:32,168,101.7
5176,6.88,12:04,168,101.7
5177,6.88,13:16,167,102.4
5178,6.88,16:58,167,101.7
5179,6.88,19:09,165,101.7
5180,6.88,20:57,165,101.7
5181,6.89,20:57,167,101.0
5182,6.89,20:19,167,101.0
5183,6.89,15:57,165,101.0
5184,6.89,16:21,165,101.0
5185,6.89,15:35,167,101.0
5186,6.89,15:14,166,101.0
5187,6.89,13:32,167,101.7
5188,6.89,13:32,166,101.7
5189,6.9,12:32,168,101.7
5190,6.9,11:45,167,101.7
5191,6.9,12:32,168,101.7
5192,6.9,12:46,168,101.7
5193,6.9,11:58,168,101.7
5194,6.9,11:16,168,101.7
5195,6.9,12:18,168,101.7
5196,6.9,12:04,170,101.7
5197,6.91,12:25,169,101.7
5198,6.91,13:08,169,101.7
5199,6.91,14:44,172,101.7
5200,6.91,13:24,173,101.7
5201,6.91,13:16,170,101.7
5202,6.91,13:08,169,101.7
5203,6.91,13:01,169,102.4
5204,6.91,12:46,168,102.4
5205,6.92,12:39,168,102.4
5206,6.92,12:25,170,102.4
5207,6.92,11:52,170,102.4
5208,6.92,11:33,170,102.4
5209,6.92,10:59,171,102.4
5210,6.92,11:16,171,102.4
5211,6.93,11:05,172,102.4
5212,6.93,10:54,171,102.4
5213,6.93,11:10,171,103.0
5214,6.93,10:59,172,103.0
5215,6.93,10:28,172,103.0
5216,6.93,10:23,171,103.0
5217,6.93,10:48,171,103.0
5218,6.94,10:38,171,103.0
5219,6.94,10:33,171,103.0
5220,6.94,11:05,170,103.0
5221,6.94,10:48,170,103.7
5222,6.94,10:09,169,103.7
5223,6.94,10:43,170,103.7
5224,6.95,11:05,169,103.7
5225,6.95,10:38,168,103.7
5226,6.95,11:05,168,103.7
5227,6.95,12:32,170,103.7
5228,6.95,12:04,169,103.7
5229,6.95,11:27,168,103.7
5230,6.95,11:52,168,103.7
5231,6.96,12:11,170,103.7
5232,6.96,11:10,170,104.3
5233,6.96,10:48,169,103.7
5234,6.96,11:16,171,103.7
5235,6.96,11:05,171,103.7
5236,6.96,11:10,170,103.7
5237,6.96,11:05,169,103.7
5238,6.97,11:33,169,103.7
5239,6.97,10:48,172,103.7
5240,6.97,10:48,171,103.7
5241,6.97,10:48,171,103.7
5242,6.97,11:16,173,103.7
5243,6.97,10:54,171,104.3
5244,6.97,11:52,172,103.7
5245,6.98,12:18,173,103.7
5246,6.98,11:45,172,103.7
5247,6.98,11:33,172,103.7
5248,6.98,11:58,173,103.7
5249,6.98,12:39,173,103.7
5250,6.98,12:53,172,103.7
5251,6.98,14:07,174,103.7
5252,6.98,15:14,173,103.0
5253,6.99,14:25,172,103.0
5254,6.99,13:16,174,102.4
5255,6.99,12:39,172,102.4
5256,6.99,11:52,171,101.7
5257,6.99,11:21,174,101.7
5258,6.99,11:52,173,101.7
5259,6.99,12:18,173,101.7
5260,7.0,12:25,172,101.7
5261,7.0,11:27,174,101.7
5262,7.0,10:59,173,101.7
5263,7.0,9:56,173,101.7
5264,7.0,9:26,174,101.7
5265,7.0,9:11,173,101.7
5266,7.01,9:51,173,101.7
