elapsed_seconds,distance_miles,pace_per_mile,heartrate,altitude_ft
0,0.0,,67,204.1
1,0.0,,67,204.1
2,0.0,,68,204.1
3,0.0,34:58,70,204.1
4,0.0,22:21,72,203.4
5,0.0,18:07,74,203.4
6,0.01,13:16,77,203.4
7,0.01,10:28,86,203.4
8,0.01,10:09,89,203.4
9,0.01,9:56,93,202.8
10,0.01,9:51,95,202.8
11,0.01,9:51,97,202.8
12,0.02,9:47,98,202.8
13,0.02,9:47,99,202.8
14,0.02,9:51,100,202.8
15,0.02,9:47,101,202.8
16,0.02,9:51,101,203.4
17,0.02,9:56,101,203.4
18,0.03,9:56,101,204.1
19,0.03,9:56,101,204.1
20,0.03,10:05,101,204.7
21,0.03,10:00,101,204.7
22,0.03,10:00,103,204.7
23,0.03,10:00,103,205.4
24,0.04,10:00,103,205.4
25,0.04,9:56,104,205.4
26,0.04,9:56,105,206.0
27,0.04,9:51,107,206.0
28,0.04,9:51,110,206.0
29,0.04,9:51,111,206.7
30,0.05,9:47,114,206.7
31,0.05,9:47,115,207.3
32,0.05,9:47,117,207.3
33,0.05,9:38,118,208.0
34,0.05,11:58,118,208.7
35,0.05,15:57,119,209.3
36,0.05,16:33,119,209.3
37,0.06,13:32,119,209.3
38,0.06,13:49,120,209.3
39,0.06,13:01,120,209.3
40,0.06,10:48,120,209.3
41,0.06,11:21,120,210.0
42,0.06,15:35,120,210.0
43,0.06,16:33,120,210.0
44,0.06,15:04,121,210.0
45,0.06,16:09,122,210.0
46,0.07,16:21,122,210.0
47,0.07,16:21,123,210.6
48,0.07,16:58,123,210.6
49,0.07,16:09,123,210.6
50,0.07,15:35,123,210.6
51,0.07,15:14,123,210.6
52,0.07,15:04,123,210.6
53,0.07,14:44,124,210.6
54,0.07,14:07,124,210.6
55,0.08,13:49,124,210.6
56,0.08,13:41,124,211.3
57,0.08,13:01,124,211.3
58,0.08,13:32,125,211.3
59,0.08,14:25,123,211.3
60,0.08,14:34,123,211.3
61,0.08,14:54,122,211.3
62,0.08,14:54,120,211.3
63,0.09,14:54,118,211.3
64,0.09,14:44,117,211.3
65,0.09,15:14,118,211.3
66,0.09,14:16,119,211.3
67,0.09,14:07,120,211.3
68,0.09,14:07,120,211.3
69,0.09,13:16,121,211.3
70,0.09,12:46,122,211.3
71,0.1,13:24,122,211.3
72,0.1,13:16,124,211.3
73,0.1,13:01,124,211.3
74,0.1,13:24,124,211.3
75,0.1,13:24,124,211.9
76,0.1,12:46,124,211.9
77,0.1,12:46,124,211.9
78,0.1,12:18,125,211.3
79,0.11,12:11,125,211.3
80,0.11,12:53,125,211.3
81,0.11,13:01,125,211.3
82,0.11,12:46,126,211.3
83,0.11,12:39,126,211.3
84,0.11,12:32,127,211.3
85,0.11,11:39,127,211.3
86,0.11,12:04,126,211.3
87,0.12,12:18,126,211.3
88,0.12,11:58,126,211.3
89,0.12,13:24,126,210.6
90,0.12,13:24,126,210.6
91,0.12,13:08,126,211.3
92,0.12,12:53,127,211.3
93,0.12,13:01,127,211.3
94,0.13,11:21,127,211.3
95,0.13,10:59,127,210.6
96,0.13,10:48,127,210.6
97,0.13,10:23,128,210.6
98,0.13,10:05,128,210.6
99,0.13,10:14,128,210.0
100,0.14,10:59,127,210.0
101,0.14,11:16,126,209.3
102,0.14,11:45,126,209.3
103,0.14,12:11,126,209.3
104,0.14,11:58,127,208.7
105,0.14,11:39,127,208.7
106,0.14,11:45,127,208.0
107,0.14,12:25,126,208.0
108,0.15,13:24,125,207.3
109,0.15,13:24,125,207.3
110,0.15,12:46,125,207.3
111,0.15,12:04,125,207.3
112,0.15,11:33,126,207.3
113,0.15,11:10,127,207.3
114,0.15,11:16,127,207.3
115,0.16,12:04,128,206.7
116,0.16,12:46,128,206.7
117,0.16,12:53,128,206.0
118,0.16,13:08,129,206.0
119,0.16,13:41,129,206.0
120,0.16,12:46,129,206.0
121,0.16,11:39,128,206.0
122,0.17,11:45,128,205.4
123,0.17,11:21,127,205.4
124,0.17,11:33,128,205.4
125,0.17,10:54,128,205.4
126,0.17,11:21,128,205.4
127,0.17,11:10,129,205.4
128,0.17,10:38,129,205.4
129,0.18,10:59,129,205.4
130,0.18,11:27,129,205.4
131,0.18,11:45,129,205.4
132,0.18,11:58,128,205.4
133,0.18,13:32,128,205.4
134,0.18,13:32,128,205.4
135,0.18,15:14,128,205.4
136,0.18,16:21,127,204.7
137,0.18,17:25,127,204.7
138,0.19,17:38,128,204.7
139,0.19,16:45,127,204.7
140,0.19,16:09,128,204.7
141,0.19,15:04,128,204.7
142,0.19,14:34,127,204.7
143,0.19,14:34,127,204.7
144,0.19,13:58,127,204.7
145,0.19,13:24,127,204.7
146,0.2,13:16,127,204.7
147,0.2,11:58,127,204.7
148,0.2,11:05,128,204.7
149,0.2,10:59,128,204.7
150,0.2,10:54,129,204.7
151,0.2,10:33,130,204.7
152,0.2,11:05,130,204.7
153,0.21,11:27,128,205.4
154,0.21,11:52,128,205.4
155,0.21,12:18,127,205.4
156,0.21,13:16,125,205.4
157,0.21,13:24,121,205.4
158,0.21,13:41,116,205.4
159,0.21,13:32,111,205.4
160,0.21,12:46,111,205.4
161,0.22,12:25,111,206.0
162,0.22,12:25,111,206.0
163,0.22,11:52,112,206.0
164,0.22,11:58,113,206.0
165,0.22,13:01,113,206.0
166,0.22,13:24,113,206.0
167,0.22,13:16,113,206.0
168,0.23,13:49,114,206.0
169,0.23,13:01,115,206.0
170,0.23,12:46,115,206.0
171,0.23,12:32,116,206.0
172,0.23,12:46,117,206.0
173,0.23,12:46,117,206.0
174,0.23,13:16,118,206.0
175,0.23,12:46,118,206.7
176,0.24,12:39,118,206.7
177,0.24,13:16,118,206.7
178,0.24,13:49,120,206.7
179,0.24,14:16,125,206.7
180,0.24,15:24,125,206.7
181,0.24,16:33,124,206.7
182,0.24,16:21,123,206.7
183,0.24,15:24,123,206.7
184,0.24,15:04,125,206.7
185,0.25,14:34,126,206.7
186,0.25,11:45,127,206.7
187,0.25,11:33,127,206.7
188,0.25,11:05,128,207.3
189,0.25,10:43,131,207.3
190,0.25,10:33,131,207.3
191,0.25,12:04,131,208.0
192,0.26,12:04,131,208.0
193,0.26,12:53,131,208.0
194,0.26,14:25,132,208.0
195,0.26,14:25,132,208.0
196,0.26,15:24,133,208.0
197,0.26,16:09,134,208.0
198,0.26,16:58,132,208.0
199,0.26,15:46,129,208.0
200,0.26,15:04,128,208.0
201,0.27,14:16,127,208.0
202,0.27,13:49,126,208.0
203,0.27,13:16,127,208.0
204,0.27,12:39,127,208.0
205,0.27,11:45,127,208.0
206,0.27,11:27,128,208.0
207,0.27,10:59,126,208.0
208,0.28,10:38,125,208.0
209,0.28,10:14,123,208.0
210,0.28,11:05,122,208.7
211,0.28,10:54,122,208.0
212,0.28,11:16,123,208.0
213,0.28,12:39,123,208.0
214,0.28,14:54,124,208.0
215,0.28,15:24,125,208.0
216,0.29,16:33,126,208.0
217,0.29,15:04,126,208.0
218,0.29,13:32,125,208.0
219,0.29,12:46,125,208.0
220,0.29,12:18,124,208.0
221,0.29,12:11,124,208.0
222,0.29,12:53,124,208.7
223,0.3,12:18,124,208.7
224,0.3,12:04,125,208.7
225,0.3,11:39,126,208.7
226,0.3,11:39,127,208.7
227,0.3,11:39,128,208.7
228,0.3,12:04,128,208.7
229,0.3,11:45,129,208.7
230,0.31,12:53,128,208.7
231,0.31,12:53,128,208.7
232,0.31,13:16,128,208.7
233,0.31,13:16,127,208.7
234,0.31,14:25,127,208.7
235,0.31,14:16,127,208.7
236,0.31,14:54,126,208.7
237,0.31,15:14,126,208.7
238,0.31,15:57,127,208.7
239,0.32,15:46,127,208.7
240,0.32,15:24,128,208.7
241,0.32,14:16,128,208.7
242,0.32,13:32,128,208.7
243,0.32,12:32,128,208.7
244,0.32,11:52,128,208.7
245,0.32,11:10,127,208.7
246,0.33,11:05,127,208.7
247,0.33,10:23,126,208.7
248,0.33,10:09,126,208.7
249,0.33,9:43,127,208.7
250,0.33,9:56,126,208.7
251,0.33,9:47,125,208.7
252,0.34,10:00,125,208.7
253,0.34,9:51,124,208.7
254,0.34,10:23,124,208.0
255,0.34,10:14,123,208.0
256,0.34,10:18,123,208.0
257,0.34,10:38,123,208.0
258,0.34,11:27,122,208.0
259,0.35,11:33,122,208.0
260,0.35,12:25,122,208.0
261,0.35,13:49,122,207.3
262,0.35,14:44,122,207.3
263,0.35,15:35,122,207.3
264,0.35,15:57,123,207.3
265,0.35,15:46,123,207.3
266,0.35,15:57,125,207.3
267,0.35,15:35,125,207.3
268,0.36,15:04,124,207.3
269,0.36,15:46,125,207.3
270,0.36,15:57,126,207.3
271,0.36,14:34,126,207.3
272,0.36,13:49,127,208.0
273,0.36,13:41,128,208.0
274,0.36,12:32,128,208.0
275,0.36,12:04,127,208.0
276,0.37,11:33,126,208.0
277,0.37,11:05,126,208.0
278,0.37,10:33,126,208.0
279,0.37,10:00,127,208.0
280,0.37,9:00,126,208.0
281,0.38,9:11,126,208.0
282,0.38,8:45,125,208.0
283,0.38,7:56,125,208.7
284,0.38,7:47,125,208.7
285,0.38,8:04,125,208.7
286,0.39,7:34,126,208.7
287,0.39,8:42,125,208.7
288,0.39,10:00,126,208.7
289,0.39,11:05,125,208.0
290,0.39,12:11,126,208.0
291,0.39,13:49,127,208.0
292,0.39,12:53,126,208.0
293,0.39,13:24,126,208.0
294,0.4,13:08,127,208.0
295,0.4,13:08,127,208.0
296,0.4,13:32,127,208.0
297,0.4,13:32,128,208.0
298,0.4,13:16,127,208.7
299,0.4,13:32,129,208.7
300,0.4,13:32,129,208.7
301,0.4,13:08,129,208.0
302,0.41,13:16,128,208.0
303,0.41,13:49,127,208.0
304,0.41,14:16,127,208.0
305,0.41,14:54,126,208.0
306,0.41,14:16,128,208.0
307,0.41,14:25,128,208.0
308,0.41,14:34,129,208.0
309,0.41,14:44,129,208.0
310,0.41,15:46,130,208.0
311,0.41,18:22,130,208.0
312,0.42,19:43,130,208.0
313,0.42,20:01,129,208.0
314,0.42,19:26,128,208.0
315,0.42,16:45,128,208.0
316,0.42,15:35,128,207.3
317,0.42,15:35,127,207.3
318,0.42,14:54,128,207.3
319,0.42,16:09,128,207.3
320,0.42,15:46,129,207.3
321,0.43,14:07,129,207.3
322,0.43,12:32,130,207.3
323,0.43,12:04,130,207.3
324,0.43,11:10,129,207.3
325,0.43,11:10,129,207.3
326,0.43,11:33,129,207.3
327,0.43,11:45,129,207.3
328,0.44,11:58,129,207.3
329,0.44,12:18,130,207.3
330,0.44,12:18,130,207.3
331,0.44,12:32,130,207.3
332,0.44,11:52,130,207.3
333,0.44,11:27,130,207.3
334,0.44,11:39,130,207.3
335,0.45,12:53,130,207.3
336,0.45,11:52,131,207.3
337,0.45,13:01,131,207.3
338,0.45,13:58,132,207.3
339,0.45,13:32,132,208.0
340,0.45,11:52,133,208.0
341,0.45,13:16,133,208.0
342,0.45,13:32,134,208.0
343,0.46,13:58,135,208.0
344,0.46,13:49,135,208.7
345,0.46,14:07,135,208.7
346,0.46,12:46,135,208.7
347,0.46,12:04,134,208.7
348,0.46,11:16,134,208.7
349,0.46,10:54,133,208.7
350,0.47,11:10,133,208.7
351,0.47,11:33,134,208.7
352,0.47,11:33,134,209.3
353,0.47,11:33,134,209.3
354,0.47,11:45,133,209.3
355,0.47,12:18,132,209.3
356,0.47,12:46,132,209.3
357,0.47,12:53,131,209.3
358,0.48,13:16,131,209.3
359,0.48,13:24,132,210.0
360,0.48,12:18,132,210.0
361,0.48,11:52,132,210.0
362,0.48,11:27,132,210.0
363,0.48,10:43,132,210.0
364,0.49,10:05,132,210.0
365,0.49,10:00,131,210.0
366,0.49,10:43,131,210.0
367,0.49,11:05,131,210.0
368,0.49,11:33,131,210.0
369,0.49,12:32,130,210.0
370,0.49,12:32,129,210.0
371,0.5,12:11,129,210.6
372,0.5,11:45,129,210.0
373,0.5,12:11,129,210.0
374,0.5,12:25,130,210.0
375,0.5,14:54,131,210.0
376,0.5,15:04,131,210.0
377,0.5,17:11,131,210.0
378,0.5,17:11,131,210.0
379,0.5,18:07,131,210.6
380,0.5,16:33,131,210.6
381,0.51,17:11,131,210.6
382,0.51,14:25,131,210.6
383,0.51,13:58,130,210.6
384,0.51,13:24,130,210.6
385,0.51,12:04,130,210.6
386,0.51,11:58,131,210.6
387,0.51,12:25,131,210.6
388,0.52,12:18,131,210.6
389,0.52,12:18,132,210.0
390,0.52,12:04,131,210.0
391,0.52,11:45,130,210.0
392,0.52,13:01,129,210.0
393,0.52,12:32,130,210.0
394,0.52,11:52,130,210.0
395,0.53,12:32,132,210.0
396,0.53,12:25,133,210.0
397,0.53,11:27,133,210.0
398,0.53,11:58,133,210.0
399,0.53,12:18,133,210.0
400,0.53,11:52,134,210.0
401,0.53,11:27,134,209.3
402,0.54,11:21,134,210.0
403,0.54,10:59,134,210.0
404,0.54,10:43,134,210.0
405,0.54,10:48,134,210.0
406,0.54,10:59,134,210.0
407,0.54,10:43,134,210.0
408,0.54,10:48,134,210.0
409,0.55,10:59,133,210.0
410,0.55,11:05,133,210.0
411,0.55,10:59,133,210.0
412,0.55,11:27,132,210.6
413,0.55,11:33,132,210.6
414,0.55,11:21,133,210.6
415,0.55,11:58,132,210.0
416,0.56,12:39,132,210.0
417,0.56,13:08,132,210.0
418,0.56,14:16,130,210.0
419,0.56,15:24,130,210.0
420,0.56,15:24,129,209.3
421,0.56,15:24,129,209.3
422,0.56,15:35,133,209.3
423,0.56,13:58,133,209.3
424,0.56,13:08,133,209.3
425,0.57,12:39,132,209.3
426,0.57,12:04,127,209.3
427,0.57,11:52,127,208.7
428,0.57,12:46,127,208.7
429,0.57,13:49,127,208.7
430,0.57,14:16,127,208.7
431,0.57,15:04,127,208.7
432,0.57,15:35,127,208.7
433,0.58,15:14,127,208.7
434,0.58,14:54,127,208.7
435,0.58,15:35,127,208.7
436,0.58,13:32,128,208.7
437,0.58,12:53,128,208.7
438,0.58,12:18,129,208.7
439,0.58,11:10,127,208.7
440,0.59,10:54,127,208.7
441,0.59,10:38,127,208.0
442,0.59,10:28,128,208.0
443,0.59,9:43,129,208.0
444,0.59,9:47,129,208.0
445,0.59,9:22,129,208.0
446,0.6,10:05,128,208.0
447,0.6,10:54,128,208.0
448,0.6,13:32,128,208.0
449,0.6,14:34,128,208.7
450,0.6,16:58,128,208.7
451,0.6,22:43,128,208.7
452,0.6,21:17,128,208.7
453,0.6,18:37,128,208.7
454,0.6,18:37,129,208.7
455,0.6,16:58,129,208.7
456,0.6,14:25,129,208.7
457,0.61,13:41,129,208.7
458,0.61,13:16,128,208.7
459,0.61,12:32,128,208.7
460,0.61,11:39,129,208.7
461,0.61,10:59,130,208.7
462,0.61,10:38,130,208.7
463,0.62,10:23,131,208.7
464,0.62,10:28,132,208.7
465,0.62,10:33,132,208.7
466,0.62,10:09,132,208.7
467,0.62,10:05,132,208.7
468,0.62,9:38,132,208.7
469,0.63,9:56,132,208.7
470,0.63,10:14,132,208.7
471,0.63,10:54,131,208.7
472,0.63,11:21,131,209.3
473,0.63,12:46,132,209.3
474,0.63,12:46,131,209.3
475,0.63,13:01,131,209.3
476,0.63,13:41,131,209.3
477,0.64,14:07,131,209.3
478,0.64,13:24,131,209.3
479,0.64,13:41,131,210.0
480,0.64,13:32,131,210.0
481,0.64,13:24,131,210.0
482,0.64,13:41,131,210.0
483,0.64,13:41,131,210.0
484,0.64,12:46,131,210.0
485,0.65,12:11,131,210.0
486,0.65,11:21,131,210.6
487,0.65,10:38,131,210.6
488,0.65,10:38,131,210.6
489,0.65,10:43,130,210.6
490,0.65,11:10,129,210.6
491,0.65,12:04,128,210.6
492,0.66,12:25,127,210.6
493,0.66,12:25,127,211.3
494,0.66,12:32,127,211.3
495,0.66,12:46,127,211.3
496,0.66,12:39,128,211.3
497,0.66,13:32,128,211.3
498,0.66,13:24,129,211.3
499,0.67,13:49,129,211.9
500,0.67,13:32,129,211.9
501,0.67,12:39,129,211.9
502,0.67,12:04,128,211.9
503,0.67,12:46,128,211.9
504,0.67,13:01,128,211.9
505,0.67,13:41,128,211.9
506,0.67,13:08,129,211.9
507,0.68,13:32,130,211.9
508,0.68,13:24,130,211.9
509,0.68,13:08,131,211.9
510,0.68,12:32,131,211.9
511,0.68,13:32,131,211.9
512,0.68,14:07,131,211.9
513,0.68,14:54,131,211.9
514,0.68,16:45,131,211.9
515,0.68,14:34,131,212.6
516,0.69,14:16,131,212.6
517,0.69,13:41,131,212.6
518,0.69,11:52,131,212.6
519,0.69,11:10,130,212.6
520,0.69,11:39,130,212.6
521,0.69,11:58,129,212.6
522,0.69,11:39,129,212.6
523,0.7,12:11,129,212.6
524,0.7,11:52,129,212.6
525,0.7,12:11,130,212.6
526,0.7,12:11,130,212.6
527,0.7,13:32,130,212.6
528,0.7,16:09,130,212.6
529,0.7,16:21,129,212.6
530,0.7,18:37,129,212.6
531,0.7,19:09,128,212.6
532,0.71,16:45,128,213.3
533,0.71,13:24,128,213.3
534,0.71,14:16,128,213.3
535,0.71,14:16,129,213.3
536,0.71,13:58,131,213.3
537,0.71,13:16,133,213.3
538,0.71,13:49,133,213.3
539,0.72,12:04,134,213.3
540,0.72,12:04,134,213.3
541,0.72,12:11,134,213.3
542,0.72,12:32,134,213.3
543,0.72,12:32,134,213.3
544,0.72,12:46,134,213.3
545,0.72,11:39,134,213.3
546,0.72,11:58,133,213.3
547,0.73,12:11,133,213.3
548,0.73,12:39,133,213.9
549,0.73,13:01,133,213.9
550,0.73,13:01,133,213.9
551,0.73,12:11,133,213.9
552,0.73,11:45,133,213.9
553,0.73,11:52,133,213.9
554,0.73,14:25,133,213.9
555,0.73,16:58,132,214.6
556,0.74,19:09,132,214.6
557,0.74,20:19,133,214.6
558,0.74,20:01,133,214.6
559,0.74,15:04,133,214.6
560,0.74,13:32,132,215.2
561,0.74,12:39,132,215.2
562,0.74,12:25,132,215.2
563,0.74,12:18,131,215.2
564,0.75,12:25,130,215.2
565,0.75,12:25,130,215.9
566,0.75,12:32,131,215.9
567,0.75,12:46,131,215.9
568,0.75,12:39,131,215.9
569,0.75,12:39,131,215.9
570,0.75,12:32,133,215.9
571,0.76,12:18,133,215.9
572,0.76,12:18,133,215.9
573,0.76,12:32,133,215.2
574,0.76,13:08,134,215.9
575,0.76,13:24,135,215.9
576,0.76,14:34,135,215.9
577,0.76,14:54,135,215.9
578,0.76,14:34,133,215.9
579,0.76,14:25,132,215.9
580,0.77,14:44,131,215.2
581,0.77,15:14,131,215.9
582,0.77,17:25,129,215.9
583,0.77,16:58,124,215.9
584,0.77,17:38,123,216.5
585,0.77,18:22,124,216.5
586,0.77,17:52,126,216.5
587,0.77,15:35,128,216.5
588,0.77,16:58,130,216.5
589,0.77,15:46,130,216.5
590,0.78,13:24,131,216.5
591,0.78,12:11,132,216.5
592,0.78,12:11,134,217.2
593,0.78,10:59,134,217.2
594,0.78,10:43,135,217.2
595,0.78,10:54,135,217.2
596,0.79,10:28,136,217.2
597,0.79,10:09,136,217.2
598,0.79,10:28,135,217.2
599,0.79,10:48,135,217.2
600,0.79,11:10,136,217.2
601,0.79,11:52,136,217.2
602,0.79,11:52,137,217.2
603,0.8,11:58,138,217.2
604,0.8,13:01,138,217.2
605,0.8,13:01,138,217.2
606,0.8,13:32,138,216.5
607,0.8,13:16,136,216.5
608,0.8,13:32,136,216.5
609,0.8,12:04,135,216.5
610,0.81,11:52,135,216.5
611,0.81,10:43,134,216.5
612,0.81,10:23,134,216.5
613,0.81,10:00,133,216.5
614,0.81,10:00,131,216.5
615,0.81,10:00,130,216.5
616,0.82,10:18,130,216.5
617,0.82,9:47,129,216.5
618,0.82,9:51,130,215.9
619,0.82,10:09,130,216.5
620,0.82,9:56,131,216.5
621,0.82,10:00,131,216.5
622,0.83,10:43,131,216.5
623,0.83,10:48,131,216.5
624,0.83,10:59,131,216.5
625,0.83,11:45,131,216.5
626,0.83,12:32,129,216.5
627,0.83,14:44,130,216.5
628,0.83,15:57,130,216.5
629,0.83,16:58,130,216.5
630,0.83,17:38,131,216.5
631,0.83,18:07,131,216.5
632,0.84,15:24,130,216.5
633,0.84,15:24,130,216.5
634,0.84,14:34,130,215.9
635,0.84,14:16,129,215.9
636,0.84,13:16,129,215.2
637,0.84,13:16,129,215.2
638,0.84,12:53,128,215.2
639,0.85,12:32,128,215.2
640,0.85,12:11,129,215.2
641,0.85,11:52,129,215.2
642,0.85,11:58,130,215.2
643,0.85,12:11,130,215.2
644,0.85,11:33,131,214.6
645,0.85,11:45,132,214.6
646,0.86,11:52,132,214.6
647,0.86,11:27,132,213.9
648,0.86,11:58,132,213.9
649,0.86,12:18,132,213.9
650,0.86,12:53,132,213.9
651,0.86,13:24,131,213.9
652,0.86,13:49,131,213.9
653,0.86,13:16,131,213.9
654,0.87,13:32,131,213.9
655,0.87,12:39,131,213.3
656,0.87,12:53,129,213.3
657,0.87,13:24,129,213.3
658,0.87,14:16,129,213.3
659,0.87,15:46,129,213.3
660,0.87,17:38,130,212.6
661,0.87,15:35,130,212.6
662,0.87,15:57,131,212.6
663,0.88,15:04,131,212.6
664,0.88,14:44,130,212.6
665,0.88,13:58,131,213.3
666,0.88,15:46,131,213.3
667,0.88,15:24,131,213.3
668,0.88,14:34,132,213.9
669,0.88,15:04,133,213.9
670,0.88,14:07,132,213.9
671,0.88,13:01,132,213.9
672,0.89,12:39,133,214.6
673,0.89,12:11,133,214.6
674,0.89,11:16,132,214.6
675,0.89,11:27,132,214.6
676,0.89,11:39,131,215.2
677,0.89,11:33,131,215.2
678,0.9,11:10,131,215.2
679,0.9,10:09,131,215.2
680,0.9,9:51,130,215.2
681,0.9,10:23,131,215.2
682,0.9,11:16,131,215.2
683,0.9,12:46,131,215.2
684,0.9,14:54,132,215.2
685,0.9,16:33,131,215.2
686,0.9,16:33,131,215.2
687,0.91,15:35,132,215.2
688,0.91,15:35,132,215.2
689,0.91,15:46,132,215.2
690,0.91,14:25,133,215.2
691,0.91,12:18,134,215.9
692,0.91,11:52,134,215.9
693,0.91,11:16,134,215.9
694,0.92,12:04,135,215.9
695,0.92,12:32,135,215.9
696,0.92,14:16,135,215.9
697,0.92,13:49,134,215.9
698,0.92,13:49,133,215.9
699,0.92,12:18,132,215.9
700,0.92,12:18,132,215.9
701,0.92,11:52,132,216.5
702,0.93,12:18,132,216.5
703,0.93,12:25,133,216.5
704,0.93,11:45,133,216.5
705,0.93,10:48,132,216.5
706,0.93,10:48,132,216.5
707,0.93,10:09,131,216.5
708,0.94,10:23,131,216.5
709,0.94,10:43,131,216.5
710,0.94,12:04,131,216.5
711,0.94,12:39,132,216.5
712,0.94,15:14,133,216.5
713,0.94,15:46,134,216.5
714,0.94,17:52,134,216.5
715,0.94,20:01,133,216.5
716,0.94,19:26,134,216.5
717,0.94,17:38,134,216.5
718,0.95,16:21,134,216.5
719,0.95,15:35,135,215.9
720,0.95,14:16,135,215.9
721,0.95,13:24,135,215.9
722,0.95,12:32,136,215.9
723,0.95,12:25,135,215.9
724,0.95,11:39,134,215.9
725,0.95,11:39,132,215.9
726,0.96,12:04,131,215.9
727,0.96,11:52,131,215.9
728,0.96,11:16,130,215.9
729,0.96,11:10,131,215.9
730,0.96,10:14,130,215.9
731,0.96,9:51,129,215.9
732,0.97,10:09,129,215.9
733,0.97,10:33,129,215.9
734,0.97,11:05,129,215.9
735,0.97,11:52,129,215.9
736,0.97,12:32,129,215.9
737,0.97,13:16,129,215.9
738,0.97,13:32,129,215.9
739,0.98,12:53,131,215.9
740,0.98,12:32,131,215.9
741,0.98,12:04,133,215.9
742,0.98,10:59,132,215.9
743,0.98,10:28,132,215.9
744,0.98,10:28,132,215.9
745,0.98,10:18,132,215.9
746,0.99,10:28,130,215.2
747,0.99,11:05,130,215.2
748,0.99,11:39,130,215.2
749,0.99,11:52,130,214.6
750,0.99,12:04,130,214.6
751,0.99,12:18,130,214.6
752,0.99,12:04,130,214.6
753,1.0,11:58,129,214.6
754,1.0,11:58,128,214.6
755,1.0,12:25,127,213.9
756,1.0,12:32,127,213.9
757,1.0,12:39,127,213.9
758,1.0,12:39,127,213.9
759,1.0,12:46,128,213.9
760,1.01,12:32,129,213.9
761,1.01,12:32,129,213.9
762,1.01,13:32,129,213.9
763,1.01,14:25,130,213.9
764,1.01,15:04,130,213.3
765,1.01,15:35,130,213.3
766,1.01,15:46,130,213.3
767,1.01,14:34,131,213.3
768,1.01,13:08,132,213.3
769,1.02,12:39,132,213.3
770,1.02,12:18,132,213.3
771,1.02,11:58,132,212.6
772,1.02,12:18,132,212.6
773,1.02,12:39,131,212.6
774,1.02,12:04,132,212.6
775,1.02,11:21,132,212.6
776,1.03,11:27,133,213.3
777,1.03,11:10,134,213.3
778,1.03,11:16,134,213.3
779,1.03,12:04,134,213.3
780,1.03,13:16,134,213.3
781,1.03,13:24,134,213.3
782,1.03,14:16,134,213.3
783,1.03,15:04,134,213.3
784,1.04,15:24,134,213.3
785,1.04,14:44,134,213.3
786,1.04,14:44,134,213.3
787,1.04,14:25,134,213.3
788,1.04,14:16,134,213.3
789,1.04,13:32,135,213.3
790,1.04,12:53,136,213.3
791,1.04,12:25,136,213.3
792,1.05,11:52,136,213.3
793,1.05,11:52,136,213.3
794,1.05,11:39,135,213.9
795,1.05,12:46,135,213.9
796,1.05,13:49,135,213.9
797,1.05,14:07,134,213.9
798,1.05,13:41,133,213.9
799,1.05,14:54,133,213.9
800,1.06,14:44,133,213.9
801,1.06,15:24,133,213.9
802,1.06,16:33,133,213.9
803,1.06,17:38,134,213.9
804,1.06,17:25,134,213.9
805,1.06,18:07,134,213.9
806,1.06,16:21,134,213.9
807,1.06,15:14,134,213.9
808,1.06,14:34,133,213.9
809,1.06,13:58,132,214.6
810,1.07,13:41,133,214.6
811,1.07,13:24,133,214.6
812,1.07,13:01,133,214.6
813,1.07,12:39,134,215.2
814,1.07,12:39,133,215.2
815,1.07,11:27,134,215.2
816,1.07,11:45,133,215.2
817,1.08,12:04,134,215.2
818,1.08,12:25,134,215.2
819,1.08,12:25,135,215.2
820,1.08,12:25,135,215.2
821,1.08,11:52,135,215.2
822,1.08,11:33,135,215.2
823,1.08,10:38,135,215.2
824,1.09,10:28,135,215.2
825,1.09,10:54,135,215.2
826,1.09,10:59,134,215.2
827,1.09,11:05,134,215.2
828,1.09,11:52,134,215.2
829,1.09,12:32,134,215.9
830,1.09,12:53,133,215.9
831,1.09,13:32,133,215.2
832,1.1,13:16,133,215.2
833,1.1,13:01,133,215.2
834,1.1,12:32,133,215.2
835,1.1,12:39,133,215.2
836,1.1,12:32,132,215.2
837,1.1,12:46,132,215.2
838,1.1,13:08,132,215.2
839,1.11,12:32,132,215.2
840,1.11,12:32,133,215.2
841,1.11,12:04,133,215.2
842,1.11,11:45,132,215.2
843,1.11,11:39,132,215.2
844,1.11,12:04,131,215.2
845,1.11,12:04,131,215.2
846,1.12,12:32,129,215.2
847,1.12,13:32,129,214.6
848,1.12,14:44,129,214.6
849,1.12,15:57,129,214.6
850,1.12,15:24,129,214.6
851,1.12,15:24,129,215.2
852,1.12,14:44,130,215.2
853,1.12,11:52,130,215.2
854,1.13,11:10,130,215.2
855,1.13,11:16,130,215.2
856,1.13,11:05,130,215.2
857,1.13,11:10,130,215.2
858,1.13,12:39,130,215.2
859,1.13,12:25,130,215.2
860,1.13,12:11,131,215.2
861,1.14,11:52,131,215.2
862,1.14,11:10,131,215.2
863,1.14,10:59,130,215.2
864,1.14,10:59,129,215.2
865,1.14,11:16,129,215.2
866,1.14,11:27,129,215.2
867,1.14,12:25,130,215.2
868,1.14,13:16,130,215.2
869,1.15,13:58,130,215.2
870,1.15,13:32,132,215.2
871,1.15,13:58,133,215.9
872,1.15,13:41,134,215.9
873,1.15,13:08,134,215.9
874,1.15,13:24,135,215.9
875,1.15,13:24,135,215.9
876,1.15,12:46,136,215.9
877,1.16,12:46,139,215.9
878,1.16,12:46,140,215.9
879,1.16,12:18,140,215.9
880,1.16,12:11,139,215.9
881,1.16,12:25,139,215.9
882,1.16,12:39,139,216.5
883,1.16,13:24,138,215.9
884,1.16,13:16,138,215.9
885,1.17,14:16,138,215.9
886,1.17,14:44,138,215.9
887,1.17,14:34,137,215.9
888,1.17,14:54,137,215.9
889,1.17,15:46,137,215.9
890,1.17,15:14,137,215.9
891,1.17,14:44,137,216.5
892,1.17,14:44,137,216.5
893,1.18,14:07,137,216.5
894,1.18,13:41,136,216.5
895,1.18,12:53,136,215.9
896,1.18,12:32,136,216.5
897,1.18,11:52,136,216.5
898,1.18,10:48,136,216.5
899,1.18,10:38,137,216.5
900,1.19,10:54,136,216.5
901,1.19,11:10,135,216.5
902,1.19,11:27,134,216.5
903,1.19,11:52,134,216.5
904,1.19,11:45,133,216.5
905,1.19,11:45,135,217.2
906,1.19,11:27,135,217.2
907,1.2,11:52,135,217.2
908,1.2,12:11,136,217.2
909,1.2,12:32,136,217.2
910,1.2,12:53,136,216.5
911,1.2,12:53,135,216.5
912,1.2,12:04,134,217.2
913,1.2,12:11,133,217.2
914,1.2,11:58,133,217.2
915,1.21,11:27,134,217.2
916,1.21,11:33,134,217.2
917,1.21,12:18,134,217.8
918,1.21,12:32,134,217.8
919,1.21,11:58,134,217.8
920,1.21,12:04,134,217.8
921,1.21,12:46,133,217.8
922,1.22,12:53,134,217.8
923,1.22,12:53,133,217.8
924,1.22,14:07,134,217.8
925,1.22,15:04,135,217.8
926,1.22,15:24,136,217.8
927,1.22,15:24,136,217.8
928,1.22,15:14,136,217.8
929,1.22,15:14,136,217.8
930,1.22,15:14,137,217.8
931,1.23,14:34,137,218.5
932,1.23,14:54,137,218.5
933,1.23,15:24,137,218.5
934,1.23,15:46,138,218.5
935,1.23,15:14,137,218.5
936,1.23,16:45,138,218.5
937,1.23,16:21,138,218.5
938,1.23,17:38,138,219.2
939,1.23,19:26,139,219.2
940,1.23,19:26,139,219.2
941,1.23,18:37,140,219.2
942,1.24,18:53,139,219.8
943,1.24,15:24,140,219.8
944,1.24,14:25,141,219.8
945,1.24,15:24,141,220.5
946,1.24,14:34,141,220.5
947,1.24,13:49,141,220.5
948,1.24,14:44,141,220.5
949,1.24,14:07,141,220.5
950,1.25,12:46,141,221.1
951,1.25,13:41,141,221.1
952,1.25,13:58,141,221.1
953,1.25,14:54,141,221.1
954,1.25,15:24,141,221.8
955,1.25,17:52,141,221.8
956,1.25,17:38,141,221.8
957,1.25,18:37,142,221.8
958,1.25,18:22,142,222.4
959,1.25,18:37,142,222.4
960,1.26,17:11,141,222.4
961,1.26,17:25,139,223.1
962,1.26,17:25,138,223.8
963,1.26,15:24,139,223.8
964,1.26,15:35,139,223.8
965,1.26,15:35,139,223.8
966,1.26,15:04,140,223.8
967,1.26,14:34,140,224.4
968,1.26,15:14,141,224.4
969,1.27,14:34,141,224.4
970,1.27,14:54,142,224.4
971,1.27,15:35,142,224.4
972,1.27,17:38,142,224.4
973,1.27,18:37,142,225.1
974,1.27,18:37,141,225.1
975,1.27,16:58,142,225.7
976,1.27,14:25,142,225.7
977,1.28,11:16,142,225.7
978,1.28,9:47,142,225.7
979,1.28,9:22,143,225.7
980,1.28,9:18,142,225.7
981,1.28,9:11,142,225.7
982,1.28,10:05,143,226.4
983,1.28,10:54,143,226.4
984,1.29,10:48,143,226.4
985,1.29,11:05,143,226.4
986,1.29,11:27,144,226.4
987,1.29,11:45,143,227.0
988,1.29,12:25,143,227.0
989,1.29,13:24,142,227.7
990,1.29,13:49,142,228.3
991,1.3,14:07,142,228.3
992,1.3,13:32,143,228.3
993,1.3,13:08,143,229.0
994,1.3,12:11,143,229.0
995,1.3,12:11,143,229.0
996,1.3,12:32,143,229.7
997,1.3,12:25,143,229.7
998,1.31,11:33,144,230.3
999,1.31,11:16,143,231.0
1000,1.31,10:54,142,231.0
1001,1.31,10:05,141,231.0
1002,1.31,10:00,142,231.6
1003,1.31,10:23,142,231.6
1004,1.31,11:27,142,232.3
1005,1.32,12:04,143,232.3
1006,1.32,13:01,143,232.9
1007,1.32,13:01,144,232.9
1008,1.32,13:08,145,233.6
1009,1.32,12:46,147,233.6
1010,1.32,13:01,146,233.6
1011,1.32,13:32,146,234.3
1012,1.32,14:07,147,234.3
1013,1.33,14:16,147,234.9
1014,1.33,14:16,147,234.9
1015,1.33,14:34,147,235.6
1016,1.33,14:16,148,235.6
1017,1.33,15:46,148,235.6
1018,1.33,19:26,147,236.2
1019,1.33,19:43,146,236.2
1020,1.33,17:52,147,236.9
1021,1.33,17:52,147,236.9
1022,1.33,15:46,147,237.5
1023,1.34,13:58,146,237.5
1024,1.34,14:34,146,237.5
1025,1.34,15:04,145,238.2
1026,1.34,16:21,144,238.2
1027,1.34,17:25,146,238.2
1028,1.34,17:52,145,238.2
1029,1.34,17:11,145,238.2
1030,1.34,17:25,145,238.8
1031,1.34,17:25,146,238.8
1032,1.34,17:52,146,239.5
1033,1.34,19:26,146,239.5
1034,1.35,18:37,146,239.5
1035,1.35,20:19,147,240.2
1036,1.35,18:53,147,240.2
1037,1.35,18:22,147,240.8
1038,1.35,17:25,147,240.8
1039,1.35,17:52,147,241.5
1040,1.35,16:09,147,241.5
1041,1.35,15:14,147,241.5
1042,1.35,15:46,147,241.5
1043,1.36,14:16,148,241.5
1044,1.36,13:41,147,241.5
1045,1.36,13:24,147,242.1
1046,1.36,13:08,147,242.1
1047,1.36,10:59,147,242.1
1048,1.36,11:16,148,242.8
1049,1.36,11:10,145,242.8
1050,1.37,11:05,144,242.8
1051,1.37,10:43,144,243.4
1052,1.37,11:05,145,243.4
1053,1.37,10:38,145,243.4
1054,1.37,9:51,146,243.4
1055,1.37,9:18,146,244.1
1056,1.38,9:11,145,244.1
1057,1.38,9:07,145,244.1
1058,1.38,8:39,145,244.8
1059,1.38,9:00,145,244.8
1060,1.38,9:07,146,244.8
1061,1.38,9:51,145,244.8
1062,1.39,10:14,145,244.8
1063,1.39,11:33,145,244.8
1064,1.39,11:58,145,244.8
1065,1.39,12:25,145,244.8
1066,1.39,12:25,146,244.8
1067,1.39,12:25,146,244.8
1068,1.39,11:16,146,244.8
1069,1.4,11:21,146,244.8
1070,1.4,11:21,147,245.4
1071,1.4,10:48,147,245.4
1072,1.4,11:10,147,245.4
1073,1.4,11:58,147,245.4
1074,1.4,11:58,146,245.4
1075,1.4,10:59,146,245.4
1076,1.41,10:38,146,245.4
1077,1.41,10:05,146,245.4
1078,1.41,9:11,145,245.4
1079,1.41,9:00,144,245.4
1080,1.41,9:26,145,245.4
1081,1.42,10:00,145,245.4
1082,1.42,11:21,145,245.4
1083,1.42,12:18,146,246.1
1084,1.42,12:39,147,246.1
1085,1.42,12:04,147,246.1
1086,1.42,11:33,147,246.1
1087,1.42,9:56,146,246.1
1088,1.43,10:18,148,246.1
1089,1.43,10:09,147,246.1
1090,1.43,10:38,146,246.1
1091,1.43,11:05,146,245.4
1092,1.43,11:45,146,245.4
1093,1.43,11:10,145,245.4
1094,1.43,10:54,145,246.1
1095,1.44,11:05,145,246.1
1096,1.44,11:21,146,246.1
1097,1.44,12:11,145,246.1
1098,1.44,13:32,145,246.1
1099,1.44,15:14,145,246.1
1100,1.44,16:45,145,246.1
1101,1.44,18:37,145,246.7
1102,1.44,18:53,145,246.7
1103,1.44,18:22,145,246.7
1104,1.44,18:07,145,246.7
1105,1.45,18:53,145,246.7
1106,1.45,16:45,145,246.7
1107,1.45,16:21,144,247.4
1108,1.45,17:25,144,247.4
1109,1.45,17:52,144,247.4
1110,1.45,16:33,145,248.0
1111,1.45,18:22,145,248.0
1112,1.45,18:22,145,248.0
1113,1.45,17:11,145,248.0
1114,1.45,16:09,144,248.0
1115,1.46,15:46,145,248.0
1116,1.46,14:16,144,248.0
1117,1.46,13:41,144,248.7
1118,1.46,12:32,147,248.7
1119,1.46,12:18,147,248.7
1120,1.46,11:58,147,248.7
1121,1.46,11:27,145,248.7
1122,1.47,12:18,144,248.7
1123,1.47,13:08,144,248.7
1124,1.47,12:39,143,248.7
1125,1.47,13:32,143,249.3
1126,1.47,14:07,144,249.3
1127,1.47,13:24,143,249.3
1128,1.47,12:11,143,249.3
1129,1.47,12:11,143,249.3
1130,1.48,11:52,142,249.3
1131,1.48,11:39,140,249.3
1132,1.48,11:27,141,249.3
1133,1.48,11:58,141,250.0
1134,1.48,12:53,141,250.0
1135,1.48,11:33,141,250.0
1136,1.48,11:52,141,250.0
1137,1.49,12:53,141,250.0
1138,1.49,12:46,141,250.0
1139,1.49,12:18,140,250.0
1140,1.49,13:41,140,250.7
1141,1.49,13:24,139,250.7
1142,1.49,12:18,139,251.3
1143,1.49,13:41,139,251.3
1144,1.49,15:04,138,251.3
1145,1.49,16:45,138,250.7
1146,1.5,16:33,138,250.7
1147,1.5,17:52,139,250.7
1148,1.5,18:07,139,250.7
1149,1.5,18:22,138,251.3
1150,1.5,17:25,138,251.3
1151,1.5,17:11,138,251.3
1152,1.5,16:58,139,251.3
1153,1.5,17:11,139,251.3
1154,1.5,16:09,139,251.3
1155,1.51,13:41,140,252.0
1156,1.51,14:16,140,252.0
1157,1.51,12:46,141,252.0
1158,1.51,10:05,142,252.0
1159,1.51,9:56,142,252.6
1160,1.51,10:33,143,252.6
1161,1.51,9:43,143,252.6
1162,1.52,10:00,142,252.6
1163,1.52,11:05,142,253.3
1164,1.52,10:33,142,253.3
1165,1.52,10:18,141,253.3
1166,1.52,10:54,141,253.3
1167,1.52,11:16,141,253.3
1168,1.53,11:05,141,253.3
1169,1.53,11:33,141,253.3
1170,1.53,12:39,141,253.3
1171,1.53,13:08,141,253.3
1172,1.53,12:39,141,253.9
1173,1.53,13:41,141,253.9
1174,1.53,13:58,140,253.9
1175,1.53,13:08,140,253.9
1176,1.54,12:39,140,253.9
1177,1.54,13:01,141,254.6
1178,1.54,14:34,141,254.6
1179,1.54,14:16,141,254.6
1180,1.54,14:16,142,255.2
1181,1.54,15:57,142,255.2
1182,1.54,16:33,143,255.2
1183,1.54,15:35,143,255.2
1184,1.54,15:14,144,255.9
1185,1.55,14:54,144,255.9
1186,1.55,13:58,144,256.6
1187,1.55,13:58,144,256.6
1188,1.55,12:53,145,256.6
1189,1.55,13:32,144,256.6
1190,1.55,14:07,144,256.6
1191,1.55,14:16,145,257.2
1192,1.55,14:07,145,257.2
1193,1.55,15:24,145,257.9
1194,1.56,15:14,145,257.9
1195,1.56,14:54,146,257.9
1196,1.56,14:07,145,257.9
1197,1.56,14:07,145,257.9
1198,1.56,13:49,145,257.9
1199,1.56,13:08,145,258.5
1200,1.56,12:53,145,258.5
1201,1.57,12:25,145,259.2
1202,1.57,10:48,145,259.2
1203,1.57,9:47,145,259.8
1204,1.57,9:03,146,259.8
1205,1.57,8:32,146,259.8
1206,1.57,8:22,146,260.5
1207,1.58,8:45,147,260.5
1208,1.58,8:42,147,260.5
1209,1.58,9:26,146,261.2
1210,1.58,10:14,146,261.2
1211,1.58,10:18,147,261.8
1212,1.58,11:10,147,261.8
1213,1.58,13:24,147,262.5
1214,1.59,13:41,146,262.5
1215,1.59,13:49,147,263.1
1216,1.59,16:58,147,263.8
1217,1.59,16:45,147,263.8
1218,1.59,17:38,148,264.4
1219,1.59,21:37,148,265.1
1220,1.59,22:21,148,265.1
1221,1.59,20:37,148,265.7
1222,1.59,20:19,148,265.7
1223,1.59,18:53,149,266.4
1224,1.6,14:16,149,266.4
1225,1.6,12:11,149,266.4
1226,1.6,12:25,149,266.4
1227,1.6,11:52,150,267.1
1228,1.6,11:05,150,267.1
1229,1.6,12:11,150,267.7
1230,1.6,15:35,150,267.7
1231,1.6,14:34,150,267.7
1232,1.61,14:44,150,268.4
1233,1.61,14:34,150,268.4
1234,1.61,14:44,150,268.4
1235,1.61,13:08,150,269.0
1236,1.61,13:24,150,269.0
1237,1.61,13:58,150,269.0
1238,1.61,14:34,150,269.7
1239,1.61,14:54,150,269.7
1240,1.62,14:16,150,269.7
1241,1.62,15:46,150,270.3
1242,1.62,14:16,150,270.3
1243,1.62,13:01,149,270.3
1244,1.62,12:11,149,270.3
1245,1.62,11:52,148,270.3
1246,1.62,10:05,147,270.3
1247,1.63,10:28,147,270.3
1248,1.63,10:43,148,270.3
1249,1.63,11:21,148,270.3
1250,1.63,12:32,148,270.3
1251,1.63,14:07,149,270.3
1252,1.63,13:58,149,269.7
1253,1.63,14:44,149,269.7
1254,1.63,14:16,148,269.0
1255,1.63,15:24,148,269.0
1256,1.64,15:57,148,268.4
1257,1.64,17:11,148,268.4
1258,1.64,16:45,148,267.7
1259,1.64,15:57,148,267.7
1260,1.64,13:01,147,267.1
1261,1.64,11:33,148,267.1
1262,1.64,10:28,147,266.4
1263,1.65,9:38,147,266.4
1264,1.65,9:18,147,265.7
1265,1.65,9:14,146,265.7
1266,1.65,9:26,146,265.1
1267,1.65,9:43,146,264.4
1268,1.65,10:14,145,264.4
1269,1.66,10:54,146,263.8
1270,1.66,11:21,143,263.1
1271,1.66,11:33,143,263.1
1272,1.66,11:58,142,262.5
1273,1.66,12:32,142,262.5
1274,1.66,11:39,143,261.8
1275,1.66,11:58,144,261.8
1276,1.67,12:18,144,261.2
1277,1.67,12:18,144,260.5
1278,1.67,12:18,144,259.8
1279,1.67,13:49,144,259.2
1280,1.67,14:44,143,259.2
1281,1.67,14:54,142,258.5
1282,1.67,15:24,140,257.9
1283,1.67,15:24,140,257.9
1284,1.67,15:04,140,257.2
1285,1.68,14:16,140,256.6
1286,1.68,14:07,140,256.6
1287,1.68,13:58,139,255.9
1288,1.68,13:41,139,255.9
1289,1.68,13:24,138,255.2
1290,1.68,13:32,139,255.2
1291,1.68,13:08,139,254.6
1292,1.68,12:11,140,254.6
1293,1.69,11:39,140,253.9
1294,1.69,10:59,139,253.3
1295,1.69,10:23,139,253.3
1296,1.69,10:23,139,252.6
1297,1.69,10:48,139,252.6
1298,1.69,11:05,139,252.0
1299,1.7,11:10,139,251.3
1300,1.7,11:16,138,251.3
1301,1.7,11:39,138,250.7
1302,1.7,11:10,137,250.0
1303,1.7,11:27,135,250.0
1304,1.7,11:16,134,249.3
1305,1.7,10:54,134,249.3
1306,1.71,10:23,135,249.3
1307,1.71,10:43,135,249.3
1308,1.71,10:43,134,249.3
1309,1.71,10:54,134,248.7
1310,1.71,11:52,134,248.0
1311,1.71,12:32,133,248.0
1312,1.71,11:45,133,247.4
1313,1.72,11:16,133,246.7
1314,1.72,11:33,134,246.7
1315,1.72,11:33,134,246.1
1316,1.72,11:21,134,246.1
1317,1.72,12:18,133,245.4
1318,1.72,13:01,132,245.4
1319,1.72,12:39,132,244.8
1320,1.72,14:16,131,244.1
1321,1.73,12:53,132,243.4
1322,1.73,11:52,132,243.4
1323,1.73,10:43,133,242.8
1324,1.73,10:18,131,242.8
1325,1.73,8:45,131,242.8
1326,1.74,8:45,130,242.1
1327,1.74,8:42,130,241.5
1328,1.74,8:39,131,240.8
1329,1.74,8:35,130,240.8
1330,1.74,8:35,131,240.2
1331,1.75,8:35,132,240.2
1332,1.75,8:32,132,240.2
1333,1.75,8:35,131,239.5
1334,1.75,8:35,132,239.5
1335,1.75,8:35,132,238.8
1336,1.76,8:32,133,238.8
1337,1.76,8:35,134,238.8
1338,1.76,8:39,133,238.2
1339,1.76,8:39,131,238.2
1340,1.76,8:42,131,237.5
1341,1.77,8:49,130,237.5
1342,1.77,8:52,129,236.9
1343,1.77,8:52,129,236.2
1344,1.77,9:00,129,236.2
1345,1.77,9:00,130,236.2
1346,1.77,9:00,130,236.2
1347,1.78,8:56,129,236.2
1348,1.78,8:56,129,235.6
1349,1.78,8:52,129,234.9
1350,1.78,8:52,129,234.9
1351,1.78,8:52,129,234.9
1352,1.79,8:52,129,234.3
1353,1.79,8:49,129,233.6
1354,1.79,8:45,130,233.6
1355,1.79,8:45,130,233.6
1356,1.79,8:45,130,232.9
1357,1.8,8:52,131,232.9
1358,1.8,9:00,132,232.9
1359,1.8,9:07,131,232.3
1360,1.8,9:11,130,232.3
1361,1.8,9:14,130,232.3
1362,1.8,9:14,129,232.3
1363,1.81,9:14,129,231.6
1364,1.81,9:11,129,231.6
1365,1.81,9:07,128,231.6
1366,1.81,9:07,128,231.6
1367,1.81,9:07,129,231.6
1368,1.82,9:03,130,231.6
1369,1.82,9:07,131,231.0
1370,1.82,9:07,131,231.0
1371,1.82,9:03,131,231.0
1372,1.82,9:00,131,231.0
1373,1.82,9:00,130,231.0
1374,1.83,8:56,130,231.0
1375,1.83,8:56,129,230.3
1376,1.83,8:56,129,230.3
1377,1.83,8:56,129,230.3
1378,1.83,8:56,130,230.3
1379,1.84,8:56,131,230.3
1380,1.84,8:56,131,230.3
1381,1.84,11:10,131,229.7
1382,1.84,12:11,132,229.7
1383,1.84,14:16,131,229.7
1384,1.84,14:07,130,229.7
1385,1.84,14:25,131,229.0
1386,1.84,13:01,130,229.0
1387,1.85,11:39,129,229.0
1388,1.85,11:05,129,228.3
1389,1.85,12:18,128,228.3
1390,1.85,13:08,129,228.3
1391,1.85,11:39,129,228.3
1392,1.85,13:32,130,228.3
1393,1.85,13:41,130,228.3
1394,1.85,13:08,130,228.3
1395,1.86,13:16,130,228.3
1396,1.86,13:49,129,228.3
1397,1.86,14:07,129,228.3
1398,1.86,13:49,129,228.3
1399,1.86,14:25,129,228.3
1400,1.86,15:04,129,229.0
1401,1.86,15:14,129,229.0
1402,1.86,13:32,129,229.0
1403,1.87,12:46,129,228.3
1404,1.87,12:25,129,228.3
1405,1.87,12:04,130,228.3
1406,1.87,11:52,131,228.3
1407,1.87,12:32,131,227.7
1408,1.87,12:53,131,227.7
1409,1.87,12:46,132,227.7
1410,1.87,12:39,132,227.7
1411,1.88,12:18,131,227.7
1412,1.88,11:52,130,227.7
1413,1.88,11:52,130,227.7
1414,1.88,11:45,130,228.3
1415,1.88,11:45,130,228.3
1416,1.88,11:33,130,227.7
1417,1.88,11:58,130,227.7
1418,1.89,12:53,130,227.7
1419,1.89,12:39,130,227.7
1420,1.89,12:18,130,227.7
1421,1.89,12:11,130,227.7
1422,1.89,11:39,131,227.7
1423,1.89,11:33,131,227.7
1424,1.89,11:21,131,227.7
1425,1.9,11:33,132,227.7
1426,1.9,12:39,132,227.7
1427,1.9,12:53,131,227.7
1428,1.9,12:25,132,227.7
1429,1.9,13:49,132,227.7
1430,1.9,14:16,133,227.7
1431,1.9,15:14,134,227.7
1432,1.9,16:09,134,227.7
1433,1.9,15:57,134,227.7
1434,1.91,14:16,135,227.7
1435,1.91,13:58,136,227.7
1436,1.91,13:24,136,227.7
1437,1.91,12:39,136,227.7
1438,1.91,13:24,136,227.7
1439,1.91,13:41,135,227.7
1440,1.91,13:49,136,228.3
1441,1.92,12:53,135,228.3
1442,1.92,12:39,135,228.3
1443,1.92,12:53,135,228.3
1444,1.92,12:39,135,228.3
1445,1.92,12:32,135,228.3
1446,1.92,11:58,135,228.3
1447,1.92,11:10,134,227.7
1448,1.93,10:09,135,227.7
1449,1.93,10:33,135,227.7
1450,1.93,10:28,134,227.7
1451,1.93,11:16,133,227.7
1452,1.93,12:39,132,227.7
1453,1.93,13:41,133,227.7
1454,1.93,15:14,133,227.7
1455,1.93,15:57,133,227.7
1456,1.93,16:45,132,227.7
1457,1.94,14:54,133,227.7
1458,1.94,13:49,134,227.7
1459,1.94,11:21,134,227.7
1460,1.94,11:10,134,227.7
1461,1.94,9:56,134,227.7
1462,1.94,11:27,134,227.7
1463,1.94,12:11,135,227.7
1464,1.95,12:53,135,228.3
1465,1.95,13:24,136,228.3
1466,1.95,15:04,137,228.3
1467,1.95,13:41,138,228.3
1468,1.95,13:49,138,228.3
1469,1.95,15:35,139,228.3
1470,1.95,15:14,139,228.3
1471,1.95,15:35,139,228.3
1472,1.95,17:25,139,228.3
1473,1.96,18:37,139,227.7
1474,1.96,18:07,140,227.7
1475,1.96,19:26,141,227.7
1476,1.96,17:25,140,227.7
1477,1.96,16:45,140,227.7
1478,1.96,15:04,141,227.7
1479,1.96,13:32,141,228.3
1480,1.96,12:46,141,228.3
1481,1.97,12:25,141,228.3
1482,1.97,11:39,140,228.3
1483,1.97,11:33,140,228.3
1484,1.97,11:52,140,228.3
1485,1.97,11:10,140,228.3
1486,1.97,11:58,140,228.3
1487,1.97,11:21,141,228.3
1488,1.98,11:16,142,228.3
1489,1.98,11:21,143,228.3
1490,1.98,11:27,143,228.3
1491,1.98,11:33,143,228.3
1492,1.98,13:16,144,228.3
1493,1.98,14:07,145,228.3
1494,1.98,15:14,144,228.3
1495,1.98,15:14,144,228.3
1496,1.99,14:07,145,228.3
1497,1.99,13:01,145,228.3
1498,1.99,13:08,146,228.3
1499,1.99,13:01,146,229.0
1500,1.99,13:32,146,229.0
1501,1.99,13:41,146,229.0
1502,1.99,13:32,146,229.0
1503,1.99,13:16,147,229.0
1504,1.99,13:24,147,229.0
1505,2.0,13:32,147,229.0
1506,2.0,14:44,147,229.0
1507,2.0,15:14,146,229.0
1508,2.0,14:25,147,229.0
1509,2.0,13:24,147,229.0
1510,2.0,13:08,146,229.0
1511,2.0,13:08,146,229.7
1512,2.0,13:24,146,229.7
1513,2.01,13:49,145,229.7
1514,2.01,15:04,144,229.7
1515,2.01,15:04,144,229.7
1516,2.01,14:25,144,229.0
1517,2.01,13:41,143,229.0
1518,2.01,13:58,143,229.0
1519,2.01,13:08,144,229.0
1520,2.01,12:46,143,229.0
1521,2.02,12:32,143,229.0
1522,2.02,12:53,144,229.0
1523,2.02,12:32,143,229.7
1524,2.02,12:32,143,229.7
1525,2.02,13:49,142,229.7
1526,2.02,14:25,143,229.7
1527,2.02,14:54,143,229.7
1528,2.02,13:58,143,229.7
1529,2.03,12:32,144,229.7
1530,2.03,10:54,142,229.7
1531,2.03,10:05,141,229.7
1532,2.03,9:22,141,229.7
1533,2.03,10:00,141,229.7
1534,2.03,11:16,142,229.7
1535,2.03,12:18,142,229.7
1536,2.04,12:46,142,229.7
1537,2.04,13:32,142,229.7
1538,2.04,13:41,142,229.7
1539,2.04,13:41,141,230.3
1540,2.04,14:25,142,230.3
1541,2.04,15:14,142,230.3
1542,2.04,15:46,141,230.3
1543,2.04,15:04,141,230.3
1544,2.05,15:04,140,230.3
1545,2.05,14:25,140,230.3
1546,2.05,14:07,139,230.3
1547,2.05,13:49,138,230.3
1548,2.05,14:07,138,229.7
1549,2.05,13:58,138,229.7
1550,2.05,13:49,138,229.7
1551,2.05,13:08,139,229.7
1552,2.06,12:53,139,229.7
1553,2.06,12:18,138,229.7
1554,2.06,11:52,138,230.3
1555,2.06,11:45,139,230.3
1556,2.06,12:04,139,231.0
1557,2.06,11:58,140,231.0
1558,2.06,12:11,140,230.3
1559,2.07,11:52,139,230.3
1560,2.07,11:52,139,230.3
1561,2.07,11:52,139,229.7
1562,2.07,12:18,138,229.0
1563,2.07,12:25,138,229.0
1564,2.07,13:08,134,229.7
1565,2.07,13:01,131,229.7
1566,2.07,13:16,126,229.7
1567,2.08,12:39,127,230.3
1568,2.08,12:18,127,230.3
1569,2.08,11:52,126,230.3
1570,2.08,11:39,126,229.7
1571,2.08,11:05,126,230.3
1572,2.08,10:48,126,230.3
1573,2.08,10:43,125,230.3
1574,2.09,10:48,125,230.3
1575,2.09,10:59,125,230.3
1576,2.09,11:21,130,229.7
1577,2.09,11:39,133,229.7
1578,2.09,12:04,137,229.7
1579,2.09,12:18,139,229.7
1580,2.09,12:04,141,229.7
1581,2.1,12:11,143,229.7
1582,2.1,12:11,144,230.3
1583,2.1,12:04,145,230.3
1584,2.1,12:04,147,230.3
1585,2.1,12:46,147,229.7
1586,2.1,13:24,148,229.7
1587,2.1,14:16,148,229.7
1588,2.1,14:25,148,229.7
1589,2.11,14:16,148,229.7
1590,2.11,14:16,148,229.7
1591,2.11,13:16,147,229.7
1592,2.11,12:32,148,230.3
1593,2.11,12:11,149,230.3
1594,2.11,12:39,148,229.7
1595,2.11,12:25,147,229.7
1596,2.12,12:18,147,229.7
1597,2.12,12:11,146,229.7
1598,2.12,12:32,145,229.7
1599,2.12,11:45,146,229.7
1600,2.12,11:45,146,229.7
1601,2.12,12:18,146,229.7
1602,2.12,12:18,147,229.7
1603,2.12,12:39,146,229.7
1604,2.13,13:08,146,229.7
1605,2.13,13:41,145,230.3
1606,2.13,13:58,144,229.7
1607,2.13,14:44,144,230.3
1608,2.13,13:58,146,229.7
1609,2.13,13:49,145,229.7
1610,2.13,12:53,146,229.7
1611,2.13,12:04,148,230.3
1612,2.14,11:27,147,230.3
1613,2.14,11:39,146,230.3
1614,2.14,11:16,147,230.3
1615,2.14,11:16,147,230.3
1616,2.14,11:45,146,231.0
1617,2.14,12:11,146,231.0
1618,2.14,12:04,146,231.0
1619,2.15,12:39,146,231.0
1620,2.15,12:32,146,231.0
1621,2.15,12:18,146,231.0
1622,2.15,12:25,145,231.0
1623,2.15,12:04,146,231.0
1624,2.15,12:18,145,231.0
1625,2.15,12:53,145,231.0
1626,2.15,13:08,145,231.0
1627,2.16,13:32,145,231.0
1628,2.16,14:54,145,231.0
1629,2.16,13:49,144,231.0
1630,2.16,13:41,144,231.0
1631,2.16,13:01,144,230.3
1632,2.16,12:11,144,230.3
1633,2.16,12:04,144,230.3
1634,2.17,12:53,145,230.3
1635,2.17,12:25,145,230.3
1636,2.17,12:32,145,230.3
1637,2.17,13:08,144,230.3
1638,2.17,13:01,144,230.3
1639,2.17,12:04,145,230.3
1640,2.17,12:25,146,230.3
1641,2.17,12:25,145,230.3
1642,2.18,11:45,144,230.3
1643,2.18,10:54,144,230.3
1644,2.18,10:54,145,229.7
1645,2.18,10:59,146,229.7
1646,2.18,10:59,146,229.7
1647,2.18,10:48,147,229.7
1648,2.19,10:59,147,229.7
1649,2.19,11:21,148,229.7
1650,2.19,11:16,148,229.7
1651,2.19,11:45,148,229.7
1652,2.19,12:25,148,229.7
1653,2.19,12:53,148,229.7
1654,2.19,13:16,147,229.7
1655,2.19,13:16,148,229.7
1656,2.2,12:32,148,229.7
1657,2.2,11:45,148,229.7
1658,2.2,11:21,148,229.0
1659,2.2,11:21,147,229.0
1660,2.2,11:10,147,229.0
1661,2.2,11:10,147,229.0
1662,2.21,11:27,147,229.0
1663,2.21,11:39,146,228.3
1664,2.21,11:33,146,228.3
1665,2.21,11:45,146,228.3
1666,2.21,11:45,145,228.3
1667,2.21,12:18,144,227.7
1668,2.21,12:11,144,227.7
1669,2.21,11:58,143,227.7
1670,2.22,11:58,144,227.7
1671,2.22,12:18,143,227.0
1672,2.22,12:11,143,227.0
1673,2.22,12:32,143,227.0
1674,2.22,12:32,143,226.4
1675,2.22,12:25,142,226.4
1676,2.22,12:18,142,226.4
1677,2.23,11:58,142,226.4
1678,2.23,12:11,143,227.0
1679,2.23,12:32,142,227.0
1680,2.23,12:32,143,227.0
1681,2.23,12:46,143,227.0
1682,2.23,13:16,142,227.0
1683,2.23,12:32,142,227.0
1684,2.23,12:11,144,227.0
1685,2.24,12:11,144,227.0
1686,2.24,11:52,144,227.0
1687,2.24,11:27,145,227.7
1688,2.24,11:39,145,227.7
1689,2.24,11:39,146,227.7
1690,2.24,11:45,145,227.7
1691,2.24,12:32,145,227.7
1692,2.25,12:53,145,227.7
1693,2.25,13:32,146,227.7
1694,2.25,13:49,146,227.7
1695,2.25,13:32,145,227.7
1696,2.25,13:01,146,227.7
1697,2.25,13:01,145,228.3
1698,2.25,11:39,144,228.3
1699,2.26,10:54,143,228.3
1700,2.26,10:38,143,228.3
1701,2.26,10:14,143,228.3
1702,2.26,10:18,144,228.3
1703,2.26,11:05,143,228.3
1704,2.26,11:52,143,228.3
1705,2.26,13:01,143,228.3
1706,2.26,14:25,142,228.3
1707,2.27,14:44,142,228.3
1708,2.27,15:14,142,228.3
1709,2.27,15:04,141,228.3
1710,2.27,13:58,142,228.3
1711,2.27,12:53,142,229.0
1712,2.27,12:18,141,228.3
1713,2.27,11:52,140,228.3
1714,2.28,12:04,141,228.3
1715,2.28,11:45,141,228.3
1716,2.28,11:33,141,228.3
1717,2.28,11:58,141,228.3
1718,2.28,12:32,142,229.0
1719,2.28,12:25,142,229.0
1720,2.28,13:01,143,228.3
1721,2.28,13:16,143,228.3
1722,2.29,12:46,143,228.3
1723,2.29,12:04,143,228.3
1724,2.29,12:04,143,228.3
1725,2.29,12:18,143,228.3
1726,2.29,12:25,143,228.3
1727,2.29,12:46,142,228.3
1728,2.29,12:46,143,228.3
1729,2.3,12:53,144,228.3
1730,2.3,12:39,143,228.3
1731,2.3,13:01,144,228.3
1732,2.3,13:16,145,228.3
1733,2.3,14:25,146,228.3
1734,2.3,15:14,145,229.0
1735,2.3,16:33,146,229.0
1736,2.3,17:11,147,229.0
1737,2.3,17:11,147,229.7
1738,2.3,16:09,146,229.7
1739,2.31,14:34,146,229.7
1740,2.31,13:41,145,230.3
1741,2.31,13:16,144,230.3
1742,2.31,12:53,144,230.3
1743,2.31,12:39,145,231.0
1744,2.31,13:16,145,231.0
1745,2.31,12:39,145,231.0
1746,2.32,12:18,146,231.6
1747,2.32,11:52,146,231.6
1748,2.32,11:45,146,231.6
1749,2.32,11:52,146,231.6
1750,2.32,12:25,146,231.6
1751,2.32,12:25,146,231.6
1752,2.32,12:39,145,231.6
1753,2.32,13:08,145,231.6
1754,2.33,12:53,144,231.6
1755,2.33,12:46,145,232.3
1756,2.33,13:16,145,232.3
1757,2.33,13:49,145,232.3
1758,2.33,13:32,145,232.9
1759,2.33,12:53,146,232.9
1760,2.33,12:53,147,232.3
1761,2.34,11:58,147,232.9
1762,2.34,11:39,148,232.9
1763,2.34,11:52,148,232.9
1764,2.34,12:18,149,232.9
1765,2.34,12:11,148,232.9
1766,2.34,13:01,148,233.6
1767,2.34,13:08,150,233.6
1768,2.34,13:01,150,233.6
1769,2.35,12:46,150,234.3
1770,2.35,12:53,149,234.3
1771,2.35,12:32,149,234.9
1772,2.35,12:18,149,234.9
1773,2.35,12:11,148,234.9
1774,2.35,12:53,148,234.9
1775,2.35,12:32,148,234.9
1776,2.36,12:53,148,234.9
1777,2.36,13:16,148,234.9
1778,2.36,13:08,149,234.9
1779,2.36,12:46,149,234.9
1780,2.36,13:01,149,235.6
1781,2.36,12:25,150,235.6
1782,2.36,12:04,150,235.6
1783,2.36,12:25,151,235.6
1784,2.37,13:01,151,234.9
1785,2.37,13:58,151,234.9
1786,2.37,15:04,151,234.9
1787,2.37,15:35,151,235.6
1788,2.37,14:44,151,235.6
1789,2.37,13:01,151,236.2
1790,2.37,12:18,151,236.2
1791,2.37,12:04,150,236.2
1792,2.38,12:04,151,236.2
1793,2.38,12:39,151,236.2
1794,2.38,12:53,150,236.2
1795,2.38,12:46,150,236.2
1796,2.38,12:39,151,236.2
1797,2.38,12:32,150,236.2
1798,2.38,12:25,151,236.9
1799,2.38,12:53,151,236.9
1800,2.39,12:25,151,236.9
1801,2.39,12:25,151,237.5
1802,2.39,11:58,151,237.5
1803,2.39,11:45,152,237.5
1804,2.39,11:33,152,237.5
1805,2.39,12:18,152,236.9
1806,2.39,12:04,153,236.9
1807,2.4,12:39,153,236.9
1808,2.4,12:46,153,236.9
1809,2.4,12:53,153,236.2
1810,2.4,12:32,153,236.2
1811,2.4,13:01,153,236.2
1812,2.4,12:53,153,236.2
1813,2.4,12:53,153,236.2
1814,2.4,13:08,153,236.2
1815,2.41,13:16,152,236.2
1816,2.41,12:53,151,236.2
1817,2.41,12:39,152,236.2
1818,2.41,12:46,151,236.2
1819,2.41,12:39,151,236.2
1820,2.41,13:24,152,236.2
1821,2.41,12:53,153,236.2
1822,2.42,13:08,153,236.2
1823,2.42,12:11,153,236.2
1824,2.42,11:52,154,236.2
1825,2.42,11:16,153,236.2
1826,2.42,11:39,153,236.2
1827,2.42,11:39,152,236.2
1828,2.42,12:53,153,236.9
1829,2.42,13:16,152,236.9
1830,2.43,13:41,152,237.5
1831,2.43,14:16,152,237.5
1832,2.43,14:16,151,238.2
1833,2.43,13:49,152,238.2
1834,2.43,13:32,151,238.2
1835,2.43,13:49,150,238.2
1836,2.43,13:08,150,237.5
1837,2.43,13:24,150,237.5
1838,2.44,13:49,150,237.5
1839,2.44,13:41,149,237.5
1840,2.44,12:53,149,237.5
1841,2.44,12:32,149,237.5
1842,2.44,11:58,149,237.5
1843,2.44,11:39,148,237.5
1844,2.44,11:39,148,237.5
1845,2.45,11:52,148,237.5
1846,2.45,12:11,148,237.5
1847,2.45,12:18,148,237.5
1848,2.45,11:58,147,236.9
1849,2.45,12:11,147,236.9
1850,2.45,12:25,147,236.9
1851,2.45,12:18,147,236.9
1852,2.45,12:46,147,236.9
1853,2.46,13:24,147,236.9
1854,2.46,13:49,147,236.2
1855,2.46,13:58,147,236.2
1856,2.46,14:44,146,236.2
1857,2.46,14:25,147,236.2
1858,2.46,14:44,147,236.2
1859,2.46,14:16,148,236.2
1860,2.46,13:32,147,235.6
1861,2.47,13:32,147,235.6
1862,2.47,13:58,148,235.6
1863,2.47,13:41,147,234.9
1864,2.47,13:16,148,235.6
1865,2.47,12:39,147,235.6
1866,2.47,12:18,146,235.6
1867,2.47,11:27,146,235.6
1868,2.48,10:48,147,235.6
1869,2.48,11:16,146,234.9
1870,2.48,11:45,146,234.9
1871,2.48,11:39,145,234.9
1872,2.48,11:52,146,234.9
1873,2.48,11:45,146,234.3
1874,2.48,11:27,146,234.3
1875,2.48,11:21,147,234.3
1876,2.49,11:16,147,234.3
1877,2.49,11:39,147,233.6
1878,2.49,11:45,148,233.6
1879,2.49,12:11,148,233.6
1880,2.49,13:08,147,233.6
1881,2.49,14:07,148,233.6
1882,2.49,14:16,147,232.9
1883,2.49,14:44,147,232.9
1884,2.5,14:16,146,232.9
1885,2.5,13:24,146,232.9
1886,2.5,12:39,146,232.3
1887,2.5,12:25,145,232.3
1888,2.5,12:25,145,232.3
1889,2.5,12:04,144,232.3
1890,2.5,11:45,144,232.3
1891,2.51,11:27,144,232.3
1892,2.51,11:27,144,232.3
1893,2.51,11:27,144,232.9
1894,2.51,11:45,144,232.9
1895,2.51,12:11,144,232.9
1896,2.51,12:32,143,232.9
1897,2.51,12:53,143,232.3
1898,2.52,13:16,143,232.3
1899,2.52,13:41,142,232.3
1900,2.52,13:41,143,232.3
1901,2.52,14:07,142,232.3
1902,2.52,13:32,143,232.3
1903,2.52,13:08,144,232.3
1904,2.52,13:01,144,232.3
1905,2.52,12:39,143,232.3
1906,2.53,12:18,142,232.9
1907,2.53,12:11,144,232.9
1908,2.53,12:11,143,232.9
1909,2.53,12:11,143,232.9
1910,2.53,12:25,144,232.3
1911,2.53,12:46,144,232.3
1912,2.53,13:24,145,232.3
1913,2.53,13:24,146,232.3
1914,2.54,13:08,146,232.9
1915,2.54,13:01,146,232.9
1916,2.54,12:32,147,232.9
1917,2.54,11:45,147,232.9
1918,2.54,11:52,147,232.9
1919,2.54,11:58,147,232.9
1920,2.54,12:18,147,232.9
1921,2.55,12:39,147,232.9
1922,2.55,13:24,146,233.6
1923,2.55,13:16,147,233.6
1924,2.55,13:16,147,233.6
1925,2.55,13:01,144,233.6
1926,2.55,13:16,144,234.3
1927,2.55,13:32,145,234.3
1928,2.55,14:44,145,234.3
1929,2.55,15:04,145,234.3
1930,2.56,15:35,145,234.3
1931,2.56,15:04,145,234.3
1932,2.56,14:07,145,234.3
1933,2.56,12:53,145,234.3
1934,2.56,12:39,146,234.9
1935,2.56,12:39,146,234.9
1936,2.56,13:16,146,234.9
1937,2.56,13:41,146,234.9
1938,2.57,14:34,146,234.9
1939,2.57,14:16,146,234.9
1940,2.57,13:49,146,234.9
1941,2.57,12:32,146,234.9
1942,2.57,12:11,146,235.6
1943,2.57,11:33,146,235.6
1944,2.57,11:45,146,235.6
1945,2.58,12:32,146,235.6
1946,2.58,13:49,146,235.6
1947,2.58,14:34,147,235.6
1948,2.58,15:57,146,235.6
1949,2.58,16:33,146,235.6
1950,2.58,15:46,146,236.2
1951,2.58,14:25,146,236.2
1952,2.58,13:49,147,236.2
1953,2.58,13:24,147,236.2
1954,2.59,13:01,148,236.2
1955,2.59,12:39,148,235.6
1956,2.59,13:16,147,235.6
1957,2.59,13:08,148,235.6
1958,2.59,12:39,147,235.6
1959,2.59,12:32,147,234.9
1960,2.59,12:18,146,234.9
1961,2.59,12:18,146,234.9
1962,2.6,12:32,145,234.9
1963,2.6,12:39,146,234.9
1964,2.6,12:32,146,234.9
1965,2.6,12:25,146,234.9
1966,2.6,12:04,147,234.3
1967,2.6,11:33,147,234.3
1968,2.6,11:27,146,234.3
1969,2.61,11:39,146,234.3
1970,2.61,12:25,146,234.3
1971,2.61,12:11,145,234.3
1972,2.61,13:01,145,233.6
1973,2.61,13:58,145,233.6
1974,2.61,14:16,145,233.6
1975,2.61,13:49,145,232.9
1976,2.61,15:04,145,232.9
1977,2.62,14:54,145,232.3
1978,2.62,13:49,146,231.6
1979,2.62,13:16,146,231.0
1980,2.62,12:25,147,231.0
1981,2.62,11:16,145,231.0
1982,2.62,10:43,144,230.3
1983,2.62,10:28,144,230.3
1984,2.63,10:23,142,229.7
1985,2.63,10:23,141,229.0
1986,2.63,10:43,140,229.0
1987,2.63,11:05,140,229.0
1988,2.63,11:05,140,228.3
1989,2.63,11:16,141,228.3
1990,2.63,11:58,141,227.7
1991,2.64,11:58,140,227.0
1992,2.64,12:11,140,227.0
1993,2.64,12:39,141,227.0
1994,2.64,13:01,141,227.0
1995,2.64,13:01,142,227.0
1996,2.64,13:24,143,227.0
1997,2.64,13:24,143,227.0
1998,2.64,13:41,142,227.0
1999,2.65,13:32,143,227.0
2000,2.65,13:41,143,227.0
2001,2.65,13:01,142,227.0
2002,2.65,13:41,142,227.0
2003,2.65,13:32,142,226.4
2004,2.65,13:24,142,226.4
2005,2.65,13:16,143,226.4
2006,2.65,13:49,142,226.4
2007,2.66,13:01,143,226.4
2008,2.66,13:49,143,227.0
2009,2.66,14:25,142,226.4
2010,2.66,15:14,142,226.4
2011,2.66,14:44,142,226.4
2012,2.66,14:44,142,226.4
2013,2.66,13:32,143,226.4
2014,2.66,13:01,142,226.4
2015,2.67,12:04,142,226.4
2016,2.67,12:25,143,227.0
2017,2.67,12:25,143,227.0
2018,2.67,12:39,144,227.0
2019,2.67,12:32,143,227.0
2020,2.67,12:11,144,227.7
2021,2.67,11:33,144,227.7
2022,2.68,10:54,144,227.7
2023,2.68,10:48,145,228.3
2024,2.68,10:48,145,228.3
2025,2.68,10:54,145,228.3
2026,2.68,11:10,145,228.3
2027,2.68,11:39,145,228.3
2028,2.68,11:21,145,228.3
2029,2.69,11:16,147,228.3
2030,2.69,11:45,147,229.0
2031,2.69,11:58,147,229.0
2032,2.69,11:52,147,229.0
2033,2.69,12:18,147,228.3
2034,2.69,12:46,147,228.3
2035,2.69,12:25,147,228.3
2036,2.7,12:32,149,228.3
2037,2.7,12:53,148,228.3
2038,2.7,12:32,149,228.3
2039,2.7,12:25,149,228.3
2040,2.7,12:04,150,228.3
2041,2.7,12:32,150,228.3
2042,2.7,12:46,151,227.7
2043,2.7,12:53,151,227.7
2044,2.71,12:53,151,227.7
2045,2.71,13:41,151,227.7
2046,2.71,13:16,152,227.7
2047,2.71,13:24,152,227.7
2048,2.71,13:41,152,227.7
2049,2.71,14:07,152,227.0
2050,2.71,14:25,152,226.4
2051,2.71,14:25,152,225.7
2052,2.72,14:25,152,225.7
2053,2.72,14:25,151,225.1
2054,2.72,13:16,152,225.1
2055,2.72,13:01,152,225.7
2056,2.72,13:16,151,226.4
2057,2.72,13:08,151,226.4
2058,2.72,13:16,151,226.4
2059,2.72,13:49,152,226.4
2060,2.73,14:16,152,227.0
2061,2.73,13:24,152,227.0
2062,2.73,12:39,152,227.0
2063,2.73,12:46,151,227.0
2064,2.73,12:46,152,227.0
2065,2.73,12:11,152,227.0
2066,2.73,12:46,152,227.0
2067,2.73,13:24,151,227.7
2068,2.74,13:24,150,227.7
2069,2.74,13:49,152,227.7
2070,2.74,14:16,151,227.7
2071,2.74,13:58,151,227.7
2072,2.74,14:07,151,227.0
2073,2.74,13:24,150,227.0
2074,2.74,12:39,150,227.0
2075,2.74,12:25,150,227.0
2076,2.75,11:45,150,226.4
2077,2.75,11:16,150,227.0
2078,2.75,11:21,150,227.0
2079,2.75,11:33,150,227.0
2080,2.75,10:54,150,227.0
2081,2.75,11:16,149,227.0
2082,2.75,11:33,149,227.0
2083,2.76,11:58,148,226.4
2084,2.76,12:11,148,226.4
2085,2.76,13:01,148,226.4
2086,2.76,12:53,148,226.4
2087,2.76,12:46,148,227.0
2088,2.76,12:39,148,227.0
2089,2.76,12:18,148,227.0
2090,2.77,12:25,148,227.0
2091,2.77,13:01,148,226.4
2092,2.77,13:01,148,226.4
2093,2.77,12:39,148,225.7
2094,2.77,12:18,148,225.7
2095,2.77,12:11,147,225.1
2096,2.77,11:39,148,224.4
2097,2.77,12:11,148,223.8
2098,2.78,12:25,148,223.1
2099,2.78,13:01,148,223.1
2100,2.78,13:08,149,223.1
2101,2.78,13:16,149,223.1
2102,2.78,12:53,148,223.8
2103,2.78,13:16,149,223.8
2104,2.78,14:07,148,224.4
2105,2.78,14:25,147,224.4
2106,2.79,15:14,146,224.4
2107,2.79,15:24,147,224.4
2108,2.79,14:07,147,223.8
2109,2.79,13:08,147,223.8
2110,2.79,12:53,147,223.8
2111,2.79,12:25,148,223.8
2112,2.79,12:18,148,223.8
2113,2.79,12:46,149,223.8
2114,2.8,12:39,149,223.8
2115,2.8,12:53,150,223.8
2116,2.8,12:53,150,223.8
2117,2.8,12:39,151,223.8
2118,2.8,12:39,151,223.8
2119,2.8,12:53,151,223.8
2120,2.8,12:25,152,224.4
2121,2.81,12:18,152,224.4
2122,2.81,12:04,152,224.4
2123,2.81,11:58,153,224.4
2124,2.81,12:04,152,224.4
2125,2.81,11:52,153,223.8
2126,2.81,12:18,153,223.1
2127,2.81,12:04,154,223.8
2128,2.82,11:52,154,223.8
2129,2.82,11:52,152,223.8
2130,2.82,12:11,153,224.4
2131,2.82,11:33,154,224.4
2132,2.82,12:11,156,225.1
2133,2.82,12:25,155,225.1
2134,2.82,12:04,155,225.1
2135,2.82,12:11,154,224.4
2136,2.83,12:39,154,224.4
2137,2.83,12:25,154,224.4
2138,2.83,12:32,154,224.4
2139,2.83,12:04,154,224.4
2140,2.83,11:52,155,224.4
2141,2.83,12:39,155,224.4
2142,2.83,13:08,155,224.4
2143,2.83,13:24,155,224.4
2144,2.84,13:32,154,224.4
2145,2.84,13:32,155,224.4
2146,2.84,12:32,155,224.4
2147,2.84,11:27,155,224.4
2148,2.84,11:05,155,224.4
2149,2.84,11:21,154,224.4
2150,2.85,11:27,154,224.4
2151,2.85,11:39,154,224.4
2152,2.85,12:18,153,224.4
2153,2.85,12:25,152,224.4
2154,2.85,12:32,153,223.8
2155,2.85,12:25,152,223.8
2156,2.85,12:46,152,223.8
2157,2.85,14:16,152,223.1
2158,2.85,16:09,153,223.1
2163,2.86,61:56,153,221.1
2164,2.86,46:00,153,221.1
2165,2.86,33:31,153,221.1
2166,2.86,25:13,155,221.8
2167,2.86,23:12,154,222.4
2168,2.86,11:52,154,223.1
2169,2.86,11:52,153,223.1
2170,2.86,12:32,152,223.1
2171,2.87,13:41,152,223.1
2172,2.87,16:09,152,223.1
2173,2.87,18:37,151,222.4
2174,2.87,18:37,150,222.4
2175,2.87,18:37,150,221.8
2176,2.87,19:26,151,221.8
2177,2.87,15:46,151,221.1
2178,2.87,14:34,151,221.1
2179,2.87,14:07,151,221.1
2180,2.88,13:16,151,221.1
2181,2.88,13:08,152,221.1
2182,2.88,13:24,152,220.5
2183,2.88,13:08,152,220.5
2184,2.88,13:32,153,219.8
2185,2.88,13:08,153,219.8
2186,2.88,12:39,153,219.2
2187,2.88,11:27,153,219.2
2188,2.89,11:16,153,218.5
2189,2.89,11:16,152,217.8
2190,2.89,11:39,153,217.8
2191,2.89,11:39,153,217.2
2192,2.89,12:32,154,217.2
2193,2.89,13:16,154,217.2
2194,2.89,13:16,154,216.5
2195,2.89,13:16,155,216.5
2196,2.9,13:16,155,215.9
2197,2.9,13:49,156,215.9
2198,2.9,13:24,155,215.9
2199,2.9,13:24,155,215.9
2200,2.9,13:24,155,215.2
2201,2.9,13:24,154,215.2
2202,2.9,12:39,154,214.6
2203,2.9,13:08,154,213.9
2204,2.91,13:08,154,213.3
2205,2.91,13:08,155,213.3
2206,2.91,13:24,155,213.3
2207,2.91,13:58,154,213.3
2208,2.91,13:58,154,213.3
2209,2.91,14:44,152,213.3
2210,2.91,14:54,152,213.3
2211,2.91,14:25,153,213.3
2212,2.92,14:16,152,212.6
2213,2.92,14:44,152,212.6
2214,2.92,14:16,152,213.3
2215,2.92,14:34,151,213.3
2216,2.92,15:14,151,213.9
2217,2.92,15:46,149,214.6
2218,2.92,15:14,149,214.6
2219,2.92,15:04,150,214.6
2220,2.92,14:16,149,214.6
2221,2.93,13:41,149,215.2
2222,2.93,12:46,150,215.2
2223,2.93,11:58,150,214.6
2224,2.93,11:33,150,214.6
2225,2.93,11:21,150,213.9
2226,2.93,10:59,150,213.3
2227,2.94,10:54,150,212.6
2228,2.94,10:54,149,211.9
2229,2.94,10:59,150,211.9
2230,2.94,11:27,150,211.9
2231,2.94,12:32,149,211.3
2232,2.94,13:16,149,211.3
2233,2.94,14:07,148,211.3
2234,2.94,14:07,149,211.9
2235,2.95,13:16,149,211.9
2236,2.95,12:46,149,211.9
2237,2.95,12:32,147,211.9
2238,2.95,12:18,147,212.6
2239,2.95,12:18,148,212.6
2240,2.95,12:18,147,212.6
2241,2.95,12:18,146,212.6
2242,2.95,12:04,146,213.3
2243,2.96,11:33,147,213.3
2244,2.96,11:52,147,213.3
2245,2.96,12:04,148,213.3
2246,2.96,11:33,148,213.3
2247,2.96,11:52,148,213.3
2248,2.96,12:11,148,213.3
2249,2.96,11:39,149,213.3
2250,2.97,11:58,150,213.3
2251,2.97,12:25,150,213.3
2252,2.97,12:11,150,213.3
2253,2.97,12:32,150,213.3
2254,2.97,13:08,150,213.3
2255,2.97,13:24,151,212.6
2256,2.97,14:16,151,212.6
2257,2.97,14:25,150,212.6
2258,2.98,14:25,146,212.6
2259,2.98,15:04,144,212.6
2260,2.98,15:24,143,212.6
2261,2.98,15:14,144,211.9
2262,2.98,15:46,144,211.9
2263,2.98,14:54,144,211.9
2264,2.98,13:58,144,211.3
2265,2.98,13:41,144,211.3
2266,2.99,13:01,144,211.3
2267,2.99,12:32,142,210.6
2268,2.99,12:25,141,210.6
2269,2.99,11:45,140,210.6
2270,2.99,11:33,140,210.6
2271,2.99,11:39,140,211.3
2272,2.99,11:33,143,211.3
2273,2.99,12:25,145,211.9
2274,3.0,13:01,148,211.9
2275,3.0,13:08,148,211.9
2276,3.0,13:24,150,211.9
2277,3.0,13:32,152,211.3
2278,3.0,12:53,153,211.3
2279,3.0,13:16,153,211.3
2280,3.0,12:53,155,211.3
2281,3.01,12:39,155,210.6
2282,3.01,12:18,155,210.6
2283,3.01,12:11,155,210.6
2284,3.01,12:04,154,210.6
2285,3.01,11:45,155,210.6
2286,3.01,12:04,155,211.3
2287,3.01,12:46,155,211.3
2288,3.01,12:32,155,210.6
2289,3.02,12:25,154,210.6
2290,3.02,12:32,154,210.6
2291,3.02,11:58,154,210.6
2292,3.02,11:10,154,210.6
2293,3.02,11:33,154,210.6
2294,3.02,11:21,154,210.6
2295,3.02,11:39,155,210.6
2296,3.03,11:21,155,210.6
2297,3.03,11:21,154,210.6
2298,3.03,10:43,154,210.6
2299,3.03,10:23,154,210.6
2300,3.03,10:18,154,210.6
2301,3.03,10:38,153,210.6
2302,3.04,11:21,153,210.6
2303,3.04,12:11,153,210.6
2304,3.04,12:39,154,210.6
2305,3.04,12:25,154,210.6
2306,3.04,12:25,154,210.6
2307,3.04,11:45,153,210.6
2308,3.04,11:45,154,210.0
2309,3.05,11:39,154,210.0
2310,3.05,11:45,155,210.0
2311,3.05,11:58,154,209.3
2312,3.05,12:25,154,209.3
2313,3.05,12:32,153,210.0
2314,3.05,12:46,153,210.0
2315,3.05,13:08,153,210.0
2316,3.05,12:53,154,210.6
2317,3.06,13:24,154,210.6
2318,3.06,12:46,154,210.6
2319,3.06,12:39,154,210.0
2320,3.06,12:46,153,210.0
2321,3.06,13:01,153,209.3
2322,3.06,12:32,152,209.3
2323,3.06,13:01,151,209.3
2324,3.06,13:16,151,208.7
2325,3.07,12:53,151,208.7
2326,3.07,12:32,152,208.7
2327,3.07,12:32,151,208.7
2328,3.07,12:32,149,208.7
2329,3.07,12:25,149,208.7
2330,3.07,12:11,150,208.7
2331,3.07,12:11,150,208.7
2332,3.08,12:04,150,208.7
2333,3.08,11:58,151,208.7
2334,3.08,12:32,150,208.7
2335,3.08,13:24,151,208.7
2336,3.08,13:08,152,208.7
2337,3.08,13:16,152,208.7
2338,3.08,13:16,153,208.7
2339,3.08,13:24,153,208.7
2340,3.09,12:46,153,208.7
2341,3.09,12:32,153,208.7
2342,3.09,12:32,153,209.3
2343,3.09,12:11,154,209.3
2344,3.09,11:27,155,209.3
2345,3.09,11:58,155,208.7
2346,3.09,12:25,157,208.7
2347,3.1,12:25,156,208.7
2348,3.1,12:53,156,208.7
2349,3.1,12:46,157,208.7
2350,3.1,12:25,158,208.7
2351,3.1,12:18,159,208.7
2352,3.1,12:53,159,208.7
2353,3.1,13:24,159,208.7
2354,3.1,13:41,159,208.7
2355,3.11,13:49,159,208.7
2356,3.11,13:58,159,208.7
2357,3.11,13:24,159,209.3
2358,3.11,12:39,159,209.3
2359,3.11,12:32,159,209.3
2360,3.11,12:18,159,209.3
2361,3.11,13:01,161,209.3
2362,3.11,12:46,161,210.0
2363,3.12,13:01,161,210.0
2364,3.12,13:01,162,210.0
2365,3.12,12:32,161,210.0
2366,3.12,12:04,161,210.0
2367,3.12,12:04,161,210.0
2368,3.12,11:58,161,210.0
2369,3.12,12:11,161,210.0
2370,3.12,13:08,162,210.0
2371,3.13,12:46,161,210.0
2372,3.13,12:53,161,209.3
2373,3.13,13:08,161,209.3
2374,3.13,13:24,162,209.3
2375,3.13,12:39,163,209.3
2376,3.13,13:58,162,208.7
2377,3.13,13:49,162,208.7
2378,3.14,13:24,162,208.7
2379,3.14,13:49,162,208.7
2380,3.14,14:16,162,208.7
2381,3.14,13:08,161,208.7
2382,3.14,13:41,161,208.7
2383,3.14,13:58,161,208.7
2384,3.14,13:32,162,208.7
2385,3.14,13:41,161,208.7
2386,3.14,13:49,161,208.7
2387,3.15,13:08,160,208.7
2388,3.15,13:08,160,208.0
2389,3.15,12:25,160,208.0
2390,3.15,12:04,160,208.7
2391,3.15,12:04,160,208.7
2392,3.15,12:04,159,208.7
2393,3.15,11:58,159,208.7
2394,3.16,12:25,160,209.3
2395,3.16,13:08,160,209.3
2396,3.16,13:16,160,209.3
2397,3.16,14:25,161,209.3
2398,3.16,14:07,161,209.3
2399,3.16,14:25,161,209.3
2400,3.16,13:58,161,208.7
2401,3.16,13:49,161,208.7
2402,3.16,13:32,161,208.7
2403,3.17,13:32,161,208.7
2404,3.17,13:32,160,209.3
2405,3.17,13:24,160,209.3
2406,3.17,13:49,159,209.3
2407,3.17,12:53,159,209.3
2408,3.17,13:16,160,209.3
2409,3.17,13:01,160,209.3
2410,3.18,12:53,160,209.3
2411,3.18,12:39,160,209.3
2412,3.18,13:01,160,209.3
2413,3.18,12:46,161,209.3
2414,3.18,12:39,161,210.0
2415,3.18,12:39,160,210.0
2416,3.18,12:11,160,210.6
2417,3.18,12:11,160,210.6
2418,3.19,12:18,160,210.6
2419,3.19,11:58,160,210.6
2420,3.19,12:11,160,210.6
2421,3.19,12:18,160,210.0
2422,3.19,12:18,160,210.0
2423,3.19,12:04,160,210.0
2424,3.19,12:11,159,210.0
2425,3.2,11:52,159,210.0
2426,3.2,11:58,158,210.0
2427,3.2,11:52,158,210.0
2428,3.2,11:33,158,210.0
2429,3.2,11:39,158,210.0
2430,3.2,11:52,159,210.6
2431,3.2,12:25,159,210.6
2432,3.21,12:39,158,210.6
2433,3.21,13:32,158,210.0
2434,3.21,13:58,157,210.0
2435,3.21,13:49,157,209.3
2436,3.21,13:41,158,208.7
2437,3.21,13:41,158,208.0
2438,3.21,13:41,158,208.0
2439,3.21,13:41,158,208.0
2440,3.21,13:41,159,208.0
2441,3.22,13:16,159,208.0
2442,3.22,13:16,159,208.0
2443,3.22,12:46,158,207.3
2444,3.22,12:53,156,207.3
2445,3.22,13:16,156,207.3
2446,3.22,13:41,156,206.7
2447,3.22,13:49,157,206.7
2448,3.22,13:41,157,206.7
2449,3.23,12:46,156,206.7
2450,3.23,11:58,156,206.0
2451,3.23,11:10,156,206.0
2452,3.23,11:05,156,206.0
2453,3.23,11:21,156,206.0
2454,3.23,11:58,156,205.4
2455,3.23,12:04,156,206.0
2456,3.24,12:39,156,206.0
2457,3.24,12:18,157,206.0
2458,3.24,11:33,158,206.0
2459,3.24,11:33,159,206.0
2460,3.24,11:58,159,206.0
2461,3.24,11:05,160,205.4
2462,3.25,11:05,160,205.4
2463,3.25,10:54,159,205.4
2464,3.25,10:33,159,204.7
2465,3.25,10:38,160,204.7
2466,3.25,11:27,160,204.7
2467,3.25,12:04,160,204.7
2468,3.25,13:16,161,204.7
2469,3.25,13:41,161,204.7
2470,3.26,13:24,161,204.7
2471,3.26,13:01,160,204.7
2472,3.26,12:11,160,204.7
2473,3.26,11:52,161,204.1
2474,3.26,11:45,160,204.1
2475,3.26,11:33,160,204.1
2476,3.26,11:21,160,203.4
2477,3.27,11:39,160,203.4
2478,3.27,12:04,159,203.4
2479,3.27,11:39,159,203.4
2480,3.27,11:58,159,203.4
2481,3.27,12:53,159,202.8
2482,3.27,12:39,158,202.8
2483,3.27,12:25,158,202.8
2484,3.28,13:08,158,202.8
2485,3.28,12:39,158,202.8
2486,3.28,12:39,159,202.8
2487,3.28,12:53,159,202.8
2488,3.28,13:08,158,202.8
2489,3.28,13:41,158,202.8
2490,3.28,14:07,158,202.8
2491,3.28,13:58,158,202.8
2492,3.29,14:16,158,202.8
2493,3.29,13:49,158,202.1
2494,3.29,13:01,157,202.1
2495,3.29,12:32,157,202.1
2496,3.29,12:04,158,202.1
2497,3.29,11:45,158,202.8
2498,3.29,11:21,158,202.8
2499,3.3,11:27,159,202.8
2500,3.3,11:45,160,202.1
2501,3.3,11:45,160,202.1
2502,3.3,12:18,160,202.1
2503,3.3,13:16,160,202.1
2504,3.3,13:01,160,202.1
2505,3.3,13:24,159,202.1
2506,3.3,13:01,159,202.1
2507,3.31,12:32,157,202.1
2508,3.31,11:58,156,202.1
2509,3.31,12:46,156,202.1
2510,3.31,13:01,157,202.1
2511,3.31,13:49,157,202.1
2512,3.31,13:32,157,202.1
2513,3.31,13:49,157,202.8
2514,3.31,13:16,157,202.8
2515,3.32,12:46,157,202.8
2516,3.32,12:46,157,202.8
2517,3.32,12:53,156,202.8
2518,3.32,13:08,157,202.8
2519,3.32,13:01,157,202.8
2520,3.32,13:16,156,202.8
2521,3.32,12:32,156,202.8
2522,3.32,12:39,157,202.8
2523,3.33,12:39,157,202.8
2524,3.33,13:08,158,202.8
2525,3.33,13:16,157,202.8
2526,3.33,14:16,157,202.8
2527,3.33,13:49,157,202.1
2528,3.33,13:32,157,202.1
2529,3.33,12:11,156,202.1
2530,3.34,11:33,156,202.1
2531,3.34,11:10,155,201.4
2532,3.34,10:59,156,201.4
2533,3.34,10:43,155,200.8
2534,3.34,11:33,155,200.8
2535,3.34,12:04,155,200.8
2536,3.34,12:46,155,200.8
2537,3.34,13:24,155,200.8
2538,3.35,13:49,156,200.8
2539,3.35,13:49,157,201.4
2540,3.35,13:16,157,201.4
2541,3.35,12:18,157,201.4
2542,3.35,12:11,156,201.4
2543,3.35,12:11,156,201.4
2544,3.35,12:11,155,201.4
2545,3.36,12:32,154,201.4
2546,3.36,12:53,155,202.1
2547,3.36,13:01,155,202.8
2548,3.36,13:01,155,202.8
2549,3.36,13:01,154,202.8
2550,3.36,13:24,153,202.1
2551,3.36,13:41,154,202.1
2552,3.36,13:58,153,202.1
2553,3.36,14:44,154,202.8
2554,3.37,13:49,155,202.8
2555,3.37,13:16,155,202.8
2556,3.37,13:01,155,202.8
2557,3.37,12:39,155,202.1
2558,3.37,12:04,155,201.4
2559,3.37,12:53,155,201.4
2560,3.37,12:39,156,201.4
2561,3.38,12:53,157,201.4
2562,3.38,13:08,157,202.1
2563,3.38,13:16,157,202.1
2564,3.38,12:46,156,202.1
2565,3.38,12:46,156,202.1
2566,3.38,12:11,156,202.8
2567,3.38,12:18,156,202.8
2568,3.38,12:11,156,203.4
2569,3.39,12:11,157,204.1
2570,3.39,12:39,157,204.1
2571,3.39,13:16,158,204.1
2572,3.39,13:08,159,204.7
2573,3.39,13:16,159,204.7
2574,3.39,13:24,160,204.7
2575,3.39,13:41,161,204.7
2576,3.39,13:24,161,204.7
2577,3.4,13:08,161,204.7
2578,3.4,13:08,161,204.7
2579,3.4,12:11,161,204.7
2580,3.4,11:45,161,204.7
2581,3.4,11:52,161,204.7
2582,3.4,11:52,161,204.7
2583,3.4,11:21,161,204.7
2584,3.41,12:25,161,205.4
2585,3.41,12:11,161,205.4
2586,3.41,11:58,162,205.4
2587,3.41,11:52,162,206.0
2588,3.41,12:11,162,206.0
2589,3.41,12:11,162,205.4
2590,3.41,12:11,163,205.4
2591,3.42,12:32,163,205.4
2592,3.42,12:53,163,205.4
2593,3.42,13:08,163,206.0
2594,3.42,12:53,162,206.0
2595,3.42,13:24,162,206.7
2596,3.42,13:24,162,206.7
2597,3.42,13:24,162,207.3
2598,3.42,13:32,162,207.3
2599,3.43,13:32,163,208.0
2600,3.43,13:16,163,208.0
2601,3.43,12:53,164,208.7
2602,3.43,13:01,164,208.7
2603,3.43,12:46,164,209.3
2604,3.43,12:39,165,209.3
2605,3.43,12:39,164,209.3
2606,3.43,12:46,165,209.3
2607,3.44,12:53,164,209.3
2608,3.44,12:39,164,209.3
2609,3.44,13:08,165,209.3
2610,3.44,13:41,165,209.3
2611,3.44,13:41,165,210.0
2612,3.44,13:32,165,210.0
2613,3.44,14:34,164,210.6
2614,3.44,13:58,164,211.3
2615,3.45,13:24,165,211.3
2616,3.45,13:16,165,211.3
2617,3.45,13:01,165,211.3
2618,3.45,12:32,165,211.3
2619,3.45,12:11,165,211.3
2620,3.45,11:58,166,210.6
2621,3.45,11:58,166,210.6
2622,3.46,11:45,165,210.6
2623,3.46,11:33,165,211.3
2624,3.46,11:58,165,211.3
2625,3.46,12:11,165,211.9
2626,3.46,12:46,166,211.9
2627,3.46,13:16,166,211.3
2628,3.46,13:16,166,210.6
2629,3.46,13:16,166,210.6
2630,3.47,12:53,166,210.0
2631,3.47,12:32,167,210.0
2632,3.47,12:18,167,210.0
2633,3.47,12:11,166,210.0
2634,3.47,12:25,165,210.0
2635,3.47,12:46,165,210.0
2636,3.47,12:39,164,209.3
2637,3.47,13:01,164,209.3
2638,3.48,13:16,164,209.3
2639,3.48,12:46,164,208.7
2640,3.48,12:32,164,208.7
2641,3.48,13:16,164,208.7
2642,3.48,12:53,164,208.7
2643,3.48,13:08,163,209.3
2644,3.48,13:32,162,209.3
2645,3.48,13:49,162,209.3
2646,3.49,13:32,162,208.7
2647,3.49,13:24,161,208.7
2648,3.49,13:24,160,208.7
2649,3.49,13:08,156,208.7
2650,3.49,13:08,154,208.7
2651,3.49,13:01,154,208.7
2652,3.49,13:08,154,208.7
2653,3.5,13:01,154,208.7
2654,3.5,13:24,154,208.7
2655,3.5,13:32,154,208.0
2656,3.5,13:24,150,208.0
2657,3.5,13:41,144,207.3
2658,3.5,13:16,139,207.3
2659,3.5,12:18,136,206.7
2660,3.5,11:16,130,206.7
2661,3.51,10:43,124,206.0
2662,3.51,10:18,120,206.0
2663,3.51,10:09,120,205.4
2664,3.51,10:43,120,205.4
2665,3.51,11:39,116,205.4
2666,3.51,12:11,116,205.4
2667,3.51,12:32,116,206.0
2668,3.52,12:25,116,206.0
2669,3.52,12:18,117,206.0
2670,3.52,12:04,117,206.0
2671,3.52,11:52,118,206.0
2672,3.52,12:11,119,206.0
2673,3.52,13:08,119,206.0
2674,3.52,12:53,119,206.0
2675,3.53,12:53,120,206.0
2676,3.53,13:08,120,206.7
2677,3.53,12:25,120,206.7
2678,3.53,11:45,120,207.3
2679,3.53,12:11,119,207.3
2680,3.53,12:04,120,208.0
2681,3.53,12:04,120,208.0
2682,3.53,12:32,119,208.0
2683,3.54,12:11,120,208.0
2684,3.54,11:58,120,208.0
2685,3.54,12:18,120,207.3
2686,3.54,12:11,120,207.3
2687,3.54,11:58,120,207.3
2688,3.54,13:01,120,208.0
2689,3.54,12:25,120,208.0
2690,3.55,12:39,120,208.0
2691,3.55,12:18,120,208.0
2692,3.55,11:52,120,208.0
2693,3.55,11:33,120,208.0
2694,3.55,12:04,120,208.0
2695,3.55,11:21,121,207.3
2696,3.55,12:11,121,207.3
2697,3.56,13:01,122,207.3
2698,3.56,13:32,123,206.7
2699,3.56,13:49,124,206.7
2700,3.56,14:44,127,206.0
2701,3.56,14:34,129,206.0
2702,3.56,15:04,133,206.0
2703,3.56,14:44,136,205.4
2704,3.56,13:41,140,205.4
2705,3.57,12:39,144,205.4
2706,3.57,12:04,147,204.7
2707,3.57,11:39,151,204.7
2708,3.57,11:21,154,204.7
2709,3.57,11:45,155,204.1
2710,3.57,12:18,157,204.1
2711,3.57,11:58,158,204.1
2712,3.57,11:39,158,204.1
2713,3.58,11:21,159,204.1
2714,3.58,11:10,161,203.4
2715,3.58,11:10,161,203.4
2716,3.58,11:33,162,203.4
2717,3.58,11:33,163,203.4
2718,3.58,11:16,164,203.4
2719,3.59,11:33,164,203.4
2720,3.59,11:27,164,203.4
2721,3.59,11:21,164,203.4
2722,3.59,11:33,163,203.4
2723,3.59,11:52,163,202.8
2724,3.59,11:39,162,202.8
2725,3.59,11:52,161,202.8
2726,3.6,11:33,161,202.8
2727,3.6,11:45,161,202.8
2728,3.6,11:58,162,202.8
2729,3.6,12:04,163,202.8
2730,3.6,12:32,163,202.8
2731,3.6,13:01,163,202.1
2732,3.6,13:08,163,202.1
2733,3.6,13:16,163,202.1
2734,3.61,13:08,163,202.1
2735,3.61,12:18,162,202.1
2736,3.61,12:04,162,202.1
2737,3.61,11:52,162,202.1
2738,3.61,11:33,162,202.1
2739,3.61,11:39,163,202.1
2740,3.61,11:52,162,201.4
2741,3.62,12:04,163,201.4
2742,3.62,12:18,164,201.4
2743,3.62,12:39,163,201.4
2744,3.62,12:53,163,201.4
2745,3.62,13:49,163,201.4
2746,3.62,13:58,163,201.4
2747,3.62,13:49,164,201.4
2748,3.62,13:49,164,201.4
2749,3.63,12:53,163,201.4
2750,3.63,12:11,163,201.4
2751,3.63,12:18,162,201.4
2752,3.63,12:25,162,201.4
2753,3.63,12:11,162,202.1
2754,3.63,12:32,161,202.1
2755,3.63,13:01,161,202.1
2756,3.63,12:46,160,202.1
2757,3.64,12:04,159,201.4
2758,3.64,12:25,160,201.4
2759,3.64,12:18,161,201.4
2760,3.64,11:27,161,202.1
2761,3.64,11:16,161,202.1
2762,3.64,11:16,161,202.1
2763,3.64,11:16,161,202.1
2764,3.65,11:21,161,202.8
2765,3.65,11:39,160,202.8
2766,3.65,12:04,159,202.8
2767,3.65,12:04,159,203.4
2768,3.65,11:27,160,203.4
2769,3.65,11:45,160,203.4
2770,3.65,13:16,161,204.1
2771,3.66,13:32,161,204.1
2772,3.66,14:34,161,204.7
2773,3.66,16:21,161,204.7
2774,3.66,17:25,161,204.7
2775,3.66,15:04,162,205.4
2776,3.66,14:44,162,205.4
2777,3.66,13:58,161,205.4
2778,3.66,13:32,161,205.4
2779,3.66,13:01,161,205.4
2780,3.67,12:53,160,205.4
2781,3.67,12:39,160,206.0
2782,3.67,12:46,160,206.0
2783,3.67,13:08,160,206.7
2784,3.67,13:01,160,206.7
2785,3.67,13:24,160,207.3
2786,3.67,13:41,159,207.3
2787,3.67,14:16,159,208.0
2788,3.68,13:58,159,208.0
2789,3.68,13:08,160,208.0
2790,3.68,12:53,161,208.0
2791,3.68,13:01,161,208.7
2792,3.68,11:45,162,208.7
2793,3.68,11:52,162,208.7
2794,3.68,12:46,162,209.3
2795,3.69,12:18,162,209.3
2796,3.69,12:25,162,209.3
2797,3.69,13:49,162,210.0
2798,3.69,13:32,163,210.0
2799,3.69,13:58,163,210.0
2800,3.69,15:14,163,210.6
2801,3.69,14:44,164,210.6
2802,3.69,13:41,164,210.6
2803,3.7,13:16,164,210.6
2804,3.7,12:04,164,210.6
2805,3.7,11:45,164,210.6
2806,3.7,11:33,164,210.6
2807,3.7,11:39,164,211.3
2808,3.7,11:58,163,211.3
2809,3.7,12:53,164,211.3
2810,3.7,12:46,162,211.3
2811,3.71,13:01,163,211.3
2812,3.71,13:08,163,211.3
2813,3.71,13:08,164,211.3
2814,3.71,13:16,163,211.3
2815,3.71,13:01,163,211.3
2816,3.71,13:16,162,211.9
2817,3.71,13:32,162,211.9
2818,3.71,13:58,162,211.9
2819,3.72,13:32,163,211.9
2820,3.72,13:24,163,211.3
2821,3.72,12:46,164,211.3
2822,3.72,12:11,164,211.3
2823,3.72,12:11,165,211.3
2824,3.72,12:04,164,210.6
2825,3.72,12:25,164,210.6
2826,3.73,11:52,164,210.6
2827,3.73,11:45,164,210.6
2828,3.73,10:43,165,210.6
2829,3.73,10:54,164,210.0
2830,3.73,11:10,164,210.0
2831,3.73,11:45,164,209.3
2832,3.73,12:39,163,209.3
2833,3.74,13:41,164,209.3
2834,3.74,12:39,164,209.3
2835,3.74,12:18,165,208.7
2836,3.74,12:32,165,208.7
2837,3.74,12:11,165,208.0
2838,3.74,11:45,165,208.0
2839,3.74,12:18,165,208.0
2840,3.74,12:18,164,207.3
2841,3.75,12:18,164,207.3
2842,3.75,11:45,163,207.3
2843,3.75,12:11,163,207.3
2844,3.75,12:18,164,207.3
2845,3.75,12:32,163,206.7
2846,3.75,12:32,163,206.7
2847,3.75,13:01,162,206.7
2848,3.76,12:39,160,206.7
2849,3.76,12:25,160,206.7
2850,3.76,12:18,160,206.7
2851,3.76,12:39,161,206.0
2852,3.76,13:49,160,206.0
2853,3.76,14:25,160,206.0
2854,3.76,15:04,160,206.0
2855,3.76,14:54,159,205.4
2856,3.77,14:16,160,205.4
2857,3.77,13:16,161,205.4
2858,3.77,12:46,161,205.4
2859,3.77,12:32,161,205.4
2860,3.77,12:32,161,205.4
2861,3.77,12:39,161,205.4
2862,3.77,12:18,161,206.0
2863,3.77,12:25,160,206.0
2864,3.78,11:58,160,206.0
2865,3.78,11:39,161,206.0
2866,3.78,11:27,161,206.0
2867,3.78,11:39,162,206.7
2868,3.78,11:58,162,206.7
2869,3.78,11:39,162,206.7
2870,3.78,12:11,162,206.7
2871,3.79,12:18,162,206.7
2872,3.79,11:58,162,206.7
2873,3.79,11:21,161,206.7
2874,3.79,11:39,161,206.7
2875,3.79,11:16,162,207.3
2876,3.79,11:10,162,207.3
2877,3.79,11:27,163,208.0
2878,3.8,11:39,163,208.0
2879,3.8,11:39,164,208.0
2880,3.8,11:52,165,208.0
2881,3.8,11:58,165,208.0
2882,3.8,11:05,165,208.0
2883,3.8,11:16,165,208.0
2884,3.81,11:10,165,208.0
2885,3.81,11:21,165,208.7
2886,3.81,11:58,166,208.7
2887,3.81,13:16,165,208.7
2888,3.81,13:58,166,208.7
2889,3.81,14:44,165,208.7
2890,3.81,14:07,165,208.7
2891,3.81,13:41,166,209.3
2892,3.81,13:24,168,209.3
2893,3.82,12:39,168,209.3
2894,3.82,12:39,168,210.0
2895,3.82,13:01,168,210.0
2896,3.82,12:53,165,210.0
2897,3.82,13:08,165,210.0
2898,3.82,13:16,164,210.6
2899,3.82,13:32,164,210.6
2900,3.82,13:08,163,210.6
2901,3.83,13:08,162,210.6
2902,3.83,13:01,161,210.6
2903,3.83,12:46,162,211.3
2904,3.83,12:39,161,211.3
2905,3.83,12:53,161,211.9
2906,3.83,12:25,162,211.9
2907,3.83,12:32,161,211.9
2908,3.84,13:16,161,212.6
2909,3.84,13:24,161,212.6
2910,3.84,13:49,161,212.6
2911,3.84,14:25,161,212.6
2912,3.84,14:34,160,212.6
2913,3.84,14:16,160,213.3
2914,3.84,13:41,161,213.3
2915,3.84,13:41,162,213.3
2916,3.84,13:49,162,213.3
2917,3.85,13:41,163,213.3
2918,3.85,13:32,163,213.3
2919,3.85,14:07,164,213.9
2920,3.85,13:49,163,213.9
2921,3.85,13:49,163,213.9
2922,3.85,13:16,163,213.9
2923,3.85,13:08,163,213.9
2924,3.85,13:24,163,213.9
2925,3.86,13:16,163,213.9
2926,3.86,13:08,163,214.6
2927,3.86,14:07,163,214.6
2928,3.86,13:58,163,214.6
2929,3.86,13:16,162,214.6
2930,3.86,13:01,162,214.6
2931,3.86,13:16,163,214.6
2932,3.86,13:24,163,214.6
2933,3.87,13:08,164,215.2
2934,3.87,13:49,163,215.2
2935,3.87,13:41,164,215.2
2936,3.87,12:18,164,215.9
2937,3.87,11:21,163,215.2
2938,3.87,11:58,164,215.2
2939,3.87,10:54,164,215.2
2940,3.88,10:54,164,215.2
2941,3.88,11:58,164,215.2
2942,3.88,12:46,165,215.9
2943,3.88,12:46,164,215.9
2944,3.88,13:16,165,215.9
2945,3.88,13:41,165,215.9
2946,3.88,13:49,165,215.9
2947,3.88,13:58,165,215.9
2948,3.89,13:32,164,215.9
2949,3.89,14:44,164,215.9
2950,3.89,15:04,164,216.5
2951,3.89,14:16,164,216.5
2952,3.89,13:01,164,216.5
2953,3.89,12:25,164,217.2
2954,3.89,11:16,165,216.5
2955,3.9,10:43,165,216.5
2956,3.9,10:33,165,216.5
2957,3.9,10:43,165,216.5
2958,3.9,11:27,165,216.5
2959,3.9,12:25,164,216.5
2960,3.9,13:08,164,216.5
2961,3.9,13:41,164,216.5
2962,3.9,14:16,164,216.5
2963,3.91,13:49,164,217.2
2964,3.91,13:49,163,217.2
2965,3.91,14:16,163,217.2
2966,3.91,13:58,163,217.2
2967,3.91,13:49,163,217.2
2968,3.91,13:58,162,217.2
2969,3.91,13:16,162,217.2
2970,3.91,12:32,162,216.5
2971,3.92,12:46,162,216.5
2972,3.92,11:58,163,216.5
2973,3.92,11:52,162,216.5
2974,3.92,11:39,163,217.2
2975,3.92,11:39,163,217.2
2976,3.92,11:52,163,217.2
2977,3.92,12:11,164,217.2
2978,3.93,12:25,165,217.2
2979,3.93,13:08,165,216.5
2980,3.93,12:46,165,216.5
2981,3.93,12:25,165,216.5
2982,3.93,13:08,165,216.5
2983,3.93,12:39,164,216.5
2984,3.93,12:32,165,216.5
2985,3.93,13:16,165,216.5
2986,3.94,13:16,165,216.5
2987,3.94,13:08,165,216.5
2988,3.94,13:32,165,216.5
2989,3.94,13:32,165,216.5
2990,3.94,13:32,165,215.9
2991,3.94,13:24,165,215.9
2992,3.94,13:16,165,215.9
2993,3.94,13:16,165,215.9
2994,3.95,13:58,165,215.9
2995,3.95,13:24,165,215.9
2996,3.95,13:24,165,215.9
2997,3.95,13:08,165,215.9
2998,3.95,12:46,165,215.9
2999,3.95,12:11,165,215.9
3000,3.95,12:46,165,215.9
3001,3.95,13:08,163,215.9
3002,3.96,13:16,164,215.9
3003,3.96,13:24,164,215.9
3004,3.96,13:01,164,215.2
3005,3.96,12:39,164,215.2
3006,3.96,11:58,164,215.2
3007,3.96,11:33,164,215.2
3008,3.96,11:39,164,215.2
3009,3.97,11:10,164,215.2
3010,3.97,11:05,164,215.2
3011,3.97,11:39,164,215.2
3012,3.97,11:45,164,214.6
3013,3.97,11:27,164,214.6
3014,3.97,12:46,163,213.9
3015,3.97,12:39,164,213.9
3016,3.98,12:11,164,213.9
3017,3.98,11:45,163,213.9
3018,3.98,12:11,164,213.9
3019,3.98,11:27,163,213.9
3020,3.98,11:16,163,213.3
3021,3.98,11:16,163,213.3
3022,3.98,11:58,163,213.3
3023,3.99,11:21,163,212.6
3024,3.99,11:21,164,212.6
3025,3.99,11:21,163,212.6
3026,3.99,11:27,163,212.6
3027,3.99,10:59,163,212.6
3028,3.99,11:21,163,212.6
3029,3.99,11:58,163,212.6
3030,3.99,13:24,163,212.6
3031,4.0,13:24,163,212.6
3032,4.0,14:25,163,212.6
3033,4.0,15:46,163,212.6
3034,4.0,14:16,164,212.6
3035,4.0,13:01,164,211.9
3036,4.0,13:49,163,211.9
3037,4.0,13:16,163,211.9
3038,4.0,12:39,163,211.9
3039,4.01,13:16,163,211.9
3040,4.01,13:16,164,211.9
3041,4.01,13:16,163,211.9
3042,4.01,13:24,163,212.6
3043,4.01,12:53,164,212.6
3044,4.01,12:39,164,212.6
3045,4.01,12:46,164,212.6
3046,4.02,11:52,164,213.3
3047,4.02,11:58,165,213.3
3048,4.02,11:27,165,213.3
3049,4.02,11:27,164,213.3
3050,4.02,10:59,163,213.3
3051,4.02,10:23,163,213.3
3052,4.02,10:23,163,213.3
3053,4.03,11:05,163,213.3
3054,4.03,11:39,162,213.3
3055,4.03,12:04,162,213.3
3056,4.03,13:16,162,213.3
3057,4.03,12:32,162,213.3
3058,4.03,11:33,162,213.3
3059,4.03,11:16,162,213.3
3060,4.04,10:59,162,213.3
3061,4.04,11:10,162,213.3
3062,4.04,12:53,162,213.3
3063,4.04,15:35,162,213.3
3064,4.04,17:11,162,213.3
3065,4.04,19:26,162,213.3
3066,4.04,19:26,162,213.3
3067,4.04,16:21,163,213.3
3068,4.04,14:34,163,213.3
3069,4.05,12:53,164,213.3
3070,4.05,12:04,164,213.3
3071,4.05,11:21,164,213.3
3072,4.05,11:33,164,213.3
3073,4.05,11:39,164,213.3
3074,4.05,11:45,164,213.3
3075,4.05,11:58,164,212.6
3076,4.06,12:18,163,212.6
3077,4.06,12:11,163,212.6
3078,4.06,12:04,163,212.6
3079,4.06,12:04,163,212.6
3080,4.06,12:11,162,212.6
3081,4.06,12:32,162,212.6
3082,4.06,13:08,162,212.6
3083,4.06,13:41,162,212.6
3084,4.07,14:25,161,212.6
3085,4.07,14:16,162,212.6
3086,4.07,14:44,161,212.6
3087,4.07,15:14,161,212.6
3088,4.07,15:57,161,212.6
3089,4.07,15:57,161,212.6
3090,4.07,15:24,161,212.6
3091,4.07,14:34,161,212.6
3092,4.07,13:32,161,212.6
3093,4.08,12:39,161,212.6
3094,4.08,12:11,161,213.3
3095,4.08,11:58,162,213.3
3096,4.08,11:52,162,213.9
3097,4.08,11:58,162,214.6
3098,4.08,11:27,162,214.6
3099,4.08,11:16,163,214.6
3100,4.09,11:45,163,214.6
3101,4.09,11:52,163,214.6
3102,4.09,11:52,162,214.6
3103,4.09,12:32,161,214.6
3104,4.09,12:25,162,214.6
3105,4.09,11:27,162,214.6
3106,4.09,11:39,163,214.6
3107,4.1,11:58,162,214.6
3108,4.1,12:11,162,214.6
3109,4.1,13:32,162,214.6
3110,4.1,15:35,162,214.6
3111,4.1,15:24,162,215.2
3112,4.1,15:04,161,215.2
3113,4.1,13:58,162,215.2
3114,4.1,13:24,162,215.2
3115,4.11,12:46,162,215.2
3116,4.11,12:39,162,215.2
3117,4.11,13:16,162,215.2
3118,4.11,14:16,163,215.2
3119,4.11,13:32,163,215.2
3120,4.11,13:49,164,215.2
3121,4.11,13:32,164,215.2
3122,4.11,12:53,164,215.2
3123,4.12,12:46,165,215.2
3124,4.12,13:24,165,215.2
3125,4.12,13:24,165,215.2
3126,4.12,13:49,165,214.6
3127,4.12,13:32,165,214.6
3128,4.12,13:16,165,214.6
3129,4.12,12:32,165,214.6
3130,4.12,12:11,165,214.6
3131,4.13,12:25,165,215.2
3132,4.13,12:32,165,215.2
3133,4.13,11:39,164,215.2
3134,4.13,11:58,165,215.2
3135,4.13,12:18,164,215.2
3136,4.13,11:39,164,215.2
3137,4.13,11:52,165,215.2
3138,4.14,12:53,165,215.2
3139,4.14,13:24,164,215.2
3140,4.14,13:32,164,215.2
3141,4.14,13:49,163,215.2
3142,4.14,13:41,163,215.2
3143,4.14,13:41,163,215.2
3144,4.14,13:41,162,215.2
3145,4.14,13:16,161,215.2
3146,4.14,13:58,160,215.9
3147,4.15,13:58,160,215.9
3148,4.15,13:08,160,215.9
3149,4.15,13:24,160,216.5
3150,4.15,13:41,160,216.5
3151,4.15,13:32,160,216.5
3152,4.15,12:46,160,216.5
3153,4.15,13:24,160,216.5
3154,4.15,13:01,160,216.5
3155,4.16,12:46,161,216.5
3156,4.16,12:32,161,216.5
3157,4.16,12:32,161,216.5
3158,4.16,12:46,162,216.5
3159,4.16,12:25,161,215.9
3160,4.16,12:18,162,216.5
3161,4.16,12:18,163,216.5
3162,4.17,12:32,164,216.5
3163,4.17,11:58,164,216.5
3164,4.17,12:04,164,216.5
3165,4.17,12:04,163,216.5
3166,4.17,11:58,163,216.5
3167,4.17,12:18,163,216.5
3168,4.17,12:32,162,215.9
3169,4.18,12:11,162,215.9
3170,4.18,12:18,162,215.9
3171,4.18,13:01,162,215.9
3172,4.18,13:58,163,215.9
3173,4.18,14:07,163,215.9
3174,4.18,15:24,164,215.9
3175,4.18,16:09,163,215.9
3176,4.18,15:35,164,215.9
3177,4.18,13:49,163,215.9
3178,4.19,13:32,163,215.9
3179,4.19,12:25,163,215.9
3180,4.19,11:52,163,215.9
3181,4.19,11:16,164,215.2
3182,4.19,11:33,164,215.2
3183,4.19,11:39,165,215.2
3184,4.19,11:39,165,215.2
3185,4.2,11:27,166,215.2
3186,4.2,11:58,166,215.2
3187,4.2,11:39,167,215.2
3188,4.2,11:21,166,215.2
3189,4.2,11:16,166,215.2
3190,4.2,11:39,166,215.2
3191,4.2,11:27,166,215.2
3192,4.21,11:33,166,215.2
3193,4.21,11:52,167,215.2
3194,4.21,12:32,166,215.2
3195,4.21,12:46,166,215.9
3196,4.21,13:16,166,215.9
3197,4.21,14:34,166,215.9
3198,4.21,14:54,166,215.2
3199,4.21,14:54,167,215.2
3200,4.22,15:57,167,215.2
3201,4.22,15:57,166,215.9
3202,4.22,15:57,167,215.9
3203,4.22,16:33,166,215.9
3204,4.22,16:09,166,215.9
3205,4.22,15:35,166,215.9
3206,4.22,13:58,166,216.5
3207,4.22,13:01,166,216.5
3208,4.22,12:18,165,216.5
3209,4.23,12:11,165,216.5
3210,4.23,11:21,164,216.5
3211,4.23,12:25,165,216.5
3212,4.23,13:01,165,216.5
3213,4.23,13:01,164,217.2
3214,4.23,12:46,165,217.2
3215,4.23,13:32,164,217.2
3216,4.23,13:41,164,217.2
3217,4.24,13:08,164,217.8
3218,4.24,14:07,163,217.8
3219,4.24,14:25,164,218.5
3220,4.24,13:58,163,218.5
3221,4.24,13:41,163,219.2
3222,4.24,13:32,163,219.2
3223,4.24,12:46,163,218.5
3224,4.24,13:08,164,218.5
3225,4.25,13:01,164,218.5
3226,4.25,12:53,164,218.5
3227,4.25,13:24,165,218.5
3228,4.25,13:32,165,219.2
3229,4.25,14:25,164,219.2
3230,4.25,13:41,164,219.2
3231,4.25,13:41,164,219.2
3232,4.25,13:01,163,218.5
3233,4.26,12:46,163,218.5
3234,4.26,12:04,163,218.5
3235,4.26,12:25,163,219.2
3236,4.26,12:11,163,219.2
3237,4.26,12:04,163,219.2
3238,4.26,11:27,164,219.2
3239,4.27,10:59,165,219.2
3240,4.27,10:59,165,219.2
3241,4.27,10:54,165,219.2
3242,4.27,11:16,166,218.5
3243,4.27,11:45,166,218.5
3244,4.27,12:04,166,219.2
3245,4.27,12:39,166,219.2
3246,4.27,12:53,167,219.2
3247,4.28,12:53,167,219.2
3248,4.28,12:46,166,219.2
3249,4.28,12:46,167,219.2
3250,4.28,11:58,167,219.2
3251,4.28,11:58,167,219.2
3252,4.28,11:45,167,219.2
3253,4.28,12:18,168,219.2
3254,4.29,12:18,168,219.2
3255,4.29,12:46,168,219.2
3256,4.29,12:32,168,219.2
3257,4.29,12:46,168,219.2
3258,4.29,12:39,167,219.2
3259,4.29,13:01,167,219.2
3260,4.29,13:32,167,219.2
3261,4.29,13:58,166,219.2
3262,4.29,14:44,166,219.2
3263,4.3,13:58,166,219.2
3264,4.3,13:41,166,219.2
3265,4.3,12:53,166,219.2
3266,4.3,12:11,166,219.2
3267,4.3,11:27,165,219.2
3268,4.3,11:39,165,219.2
3269,4.3,11:45,164,219.2
3270,4.31,12:18,163,219.2
3271,4.31,13:08,163,219.2
3272,4.31,13:41,163,219.2
3273,4.31,15:04,163,219.2
3274,4.31,14:07,162,219.2
3275,4.31,14:44,162,219.2
3276,4.31,14:34,162,219.2
3277,4.31,13:41,162,219.2
3278,4.32,13:01,163,219.2
3279,4.32,13:49,161,219.8
3280,4.32,13:24,162,219.8
3281,4.32,13:32,161,219.2
3282,4.32,14:16,160,219.8
3283,4.32,14:07,160,219.8
3284,4.32,13:24,160,219.8
3285,4.32,12:18,160,219.8
3286,4.33,11:58,161,219.8
3287,4.33,11:10,161,219.2
3288,4.33,11:27,161,219.2
3289,4.33,11:45,160,219.2
3290,4.33,11:58,160,219.2
3291,4.33,11:33,159,219.2
3292,4.33,11:52,159,219.2
3293,4.34,11:16,159,219.2
3294,4.34,10:48,159,219.2
3295,4.34,10:54,159,219.8
3296,4.34,11:21,159,219.8
3297,4.34,11:21,159,219.8
3298,4.34,11:27,159,219.8
3299,4.34,11:45,159,219.8
3300,4.35,11:58,159,219.8
3301,4.35,12:11,159,219.8
3302,4.35,12:39,160,219.8
3303,4.35,12:53,160,220.5
3304,4.35,13:32,161,220.5
3305,4.35,13:49,161,219.8
3306,4.35,13:24,161,220.5
3307,4.36,13:01,161,220.5
3308,4.36,12:32,161,220.5
3309,4.36,12:32,160,220.5
3310,4.36,12:18,160,221.1
3311,4.36,11:58,161,221.1
3312,4.36,12:11,160,221.1
3313,4.36,13:01,161,221.1
3314,4.36,12:25,161,221.1
3315,4.37,12:39,161,221.1
3316,4.37,13:32,162,221.8
3317,4.37,13:41,163,221.8
3318,4.37,12:39,163,221.8
3319,4.37,12:39,163,222.4
3320,4.37,12:11,163,222.4
3321,4.37,12:25,163,222.4
3322,4.37,12:46,163,222.4
3323,4.38,14:16,164,222.4
3324,4.38,14:07,164,221.8
3325,4.38,14:25,164,221.8
3326,4.38,13:08,164,221.8
3327,4.38,13:01,164,221.8
3328,4.38,11:58,164,221.8
3329,4.38,12:18,164,222.4
3330,4.38,12:25,164,222.4
3331,4.39,12:32,163,222.4
3332,4.39,12:32,164,222.4
3333,4.39,12:25,163,222.4
3334,4.39,12:04,161,222.4
3335,4.39,12:32,159,222.4
3336,4.39,13:24,157,222.4
3337,4.39,13:41,155,222.4
3338,4.39,14:44,155,222.4
3339,4.4,15:14,155,222.4
3340,4.4,15:04,155,222.4
3341,4.4,14:54,155,222.4
3342,4.4,14:25,155,222.4
3343,4.4,14:07,154,222.4
3344,4.4,14:54,155,222.4
3345,4.4,14:34,155,222.4
3346,4.4,14:07,156,222.4
3347,4.41,13:41,156,222.4
3348,4.41,14:16,156,222.4
3349,4.41,13:41,155,222.4
3350,4.41,13:16,155,222.4
3351,4.41,13:24,155,222.4
3352,4.41,13:49,156,222.4
3353,4.41,13:01,155,223.1
3354,4.41,13:16,155,223.1
3355,4.42,13:16,155,223.1
3356,4.42,13:24,156,223.1
3357,4.42,13:49,157,223.1
3358,4.42,13:32,157,223.1
3359,4.42,13:16,158,223.1
3360,4.42,14:07,159,223.1
3361,4.42,13:58,159,223.1
3362,4.42,13:58,160,223.1
3363,4.42,14:16,163,223.8
3364,4.43,13:32,162,223.8
3365,4.43,13:16,161,223.8
3366,4.43,13:24,162,223.8
3367,4.43,12:53,162,223.8
3368,4.43,12:53,162,223.8
3369,4.43,13:01,163,223.8
3370,4.43,12:46,162,224.4
3371,4.44,11:58,161,224.4
3372,4.44,11:39,161,224.4
3373,4.44,11:21,161,224.4
3374,4.44,11:10,161,223.8
3375,4.44,11:16,162,223.8
3376,4.44,11:45,162,223.8
3377,4.44,12:11,163,223.8
3378,4.45,12:39,162,223.8
3379,4.45,13:32,163,224.4
3380,4.45,13:16,163,224.4
3381,4.45,12:39,163,224.4
3382,4.45,12:32,163,224.4
3383,4.45,11:45,163,225.1
3384,4.45,11:52,164,225.1
3385,4.45,12:11,164,225.1
3386,4.46,13:16,163,225.1
3387,4.46,12:46,164,225.1
3388,4.46,13:24,164,225.1
3389,4.46,12:46,164,225.1
3390,4.46,11:52,164,225.7
3391,4.46,11:33,164,225.7
3392,4.46,12:11,164,225.7
3393,4.47,12:18,164,225.7
3394,4.47,11:52,163,225.7
3395,4.47,12:25,162,225.7
3396,4.47,12:25,161,225.7
3397,4.47,11:39,161,225.7
3398,4.47,11:45,161,226.4
3399,4.47,12:18,161,226.4
3400,4.48,11:58,161,227.0
3401,4.48,12:11,162,227.7
3402,4.48,13:01,162,227.7
3403,4.48,13:01,163,227.7
3404,4.48,13:24,163,227.7
3405,4.48,14:34,163,227.7
3406,4.48,14:07,163,227.7
3407,4.48,14:25,163,227.7
3408,4.48,14:54,163,227.7
3409,4.49,13:49,163,227.7
3410,4.49,13:16,164,228.3
3411,4.49,13:32,164,228.3
3412,4.49,13:16,164,228.3
3413,4.49,12:32,163,229.0
3414,4.49,12:04,163,229.0
3415,4.49,11:39,164,229.0
3416,4.5,11:27,164,229.7
3417,4.5,10:54,164,229.7
3418,4.5,11:16,164,229.7
3419,4.5,12:18,162,229.7
3420,4.5,12:46,162,229.7
3421,4.5,12:32,162,229.7
3422,4.5,12:18,162,230.3
3423,4.51,11:52,162,230.3
3424,4.51,11:39,161,230.3
3425,4.51,11:39,161,231.0
3426,4.51,11:39,160,231.0
3427,4.51,12:04,161,231.6
3428,4.51,12:32,161,231.6
3429,4.51,13:24,162,231.6
3430,4.51,15:24,162,232.3
3431,4.51,17:25,163,232.3
3432,4.52,18:37,164,232.3
3433,4.52,18:07,165,232.9
3434,4.52,15:35,164,232.9
3435,4.52,13:58,165,233.6
3436,4.52,13:16,165,233.6
3437,4.52,12:53,165,234.3
3438,4.52,12:46,166,234.3
3439,4.52,14:07,167,234.9
3440,4.53,14:44,166,234.9
3441,4.53,15:24,166,235.6
3442,4.53,15:46,166,236.2
3443,4.53,16:21,168,236.2
3444,4.53,17:11,168,236.2
3445,4.53,15:35,169,236.9
3446,4.53,15:04,168,237.5
3447,4.53,15:04,168,238.2
3448,4.53,15:04,168,238.2
3449,4.54,13:08,168,238.8
3450,4.54,13:49,169,239.5
3451,4.54,13:24,170,239.5
3452,4.54,13:08,171,240.2
3453,4.54,13:24,170,240.2
3454,4.54,14:16,169,240.8
3455,4.54,13:49,169,240.8
3456,4.54,14:07,168,241.5
3457,4.54,14:25,169,241.5
3458,4.55,13:49,168,242.1
3459,4.55,14:54,169,242.1
3460,4.55,15:46,168,242.1
3461,4.55,16:45,167,242.8
3462,4.55,17:52,167,242.8
3463,4.55,19:09,167,243.4
3464,4.55,19:09,168,243.4
3465,4.55,18:37,167,244.1
3466,4.55,16:33,167,244.8
3467,4.55,15:14,167,244.8
3468,4.56,14:16,167,245.4
3469,4.56,13:16,169,246.1
3470,4.56,12:53,169,246.1
3471,4.56,13:49,169,246.7
3472,4.56,13:24,169,246.7
3473,4.56,13:49,169,247.4
3474,4.56,14:16,169,248.0
3475,4.56,14:34,170,248.0
3476,4.57,13:49,170,248.7
3477,4.57,14:16,169,248.7
3478,4.57,14:25,170,249.3
3479,4.57,13:32,170,249.3
3480,4.57,13:01,171,250.0
3481,4.57,13:08,171,250.0
3482,4.57,13:32,170,250.7
3483,4.57,13:58,170,251.3
3484,4.57,15:24,171,251.3
3485,4.58,17:38,172,252.0
3486,4.58,18:07,172,252.0
3487,4.58,18:07,170,252.6
3488,4.58,17:38,170,252.6
3489,4.58,16:33,170,253.3
3490,4.58,14:54,171,253.3
3491,4.58,13:58,171,253.9
3492,4.58,13:49,171,253.9
3493,4.58,13:32,170,254.6
3494,4.59,13:01,171,254.6
3495,4.59,13:24,171,255.2
3496,4.59,13:41,172,255.2
3497,4.59,13:16,171,255.9
3498,4.59,13:16,170,255.9
3499,4.59,13:58,170,256.6
3500,4.59,13:41,170,256.6
3501,4.59,13:24,171,257.2
3502,4.6,13:32,170,257.2
3503,4.6,13:24,170,257.9
3504,4.6,12:39,169,257.9
3505,4.6,11:58,170,258.5
3506,4.6,12:46,170,259.2
3507,4.6,12:18,171,259.8
3508,4.6,12:25,171,260.5
3509,4.61,12:53,171,260.5
3510,4.61,12:39,170,261.2
3511,4.61,12:04,171,261.2
3512,4.61,12:39,171,261.2
3513,4.61,12:53,172,261.8
3514,4.61,13:01,171,261.8
3515,4.61,13:24,171,262.5
3516,4.61,13:32,171,263.1
3517,4.62,14:25,171,263.1
3518,4.62,14:44,172,263.1
3519,4.62,16:58,171,263.8
3520,4.62,18:22,170,263.8
3521,4.62,18:37,171,263.8
3522,4.62,16:21,172,264.4
3523,4.62,14:07,171,264.4
3524,4.62,11:58,171,265.1
3525,4.62,11:58,170,265.1
3526,4.63,11:39,171,265.1
3527,4.63,11:58,172,265.7
3528,4.63,13:08,172,265.7
3529,4.63,14:07,171,265.7
3530,4.63,13:32,170,265.7
3531,4.63,14:25,170,265.7
3532,4.63,14:54,171,265.7
3533,4.63,15:04,171,265.7
3534,4.63,15:24,171,266.4
3535,4.64,16:21,170,266.4
3536,4.64,15:24,168,266.4
3537,4.64,13:58,168,266.4
3538,4.64,13:08,168,266.4
3539,4.64,13:01,168,266.4
3540,4.64,12:46,169,265.7
3541,4.64,13:08,169,265.7
3542,4.65,13:16,169,265.7
3543,4.65,13:24,168,265.7
3544,4.65,12:39,167,265.1
3545,4.65,13:24,168,265.1
3546,4.65,13:24,168,264.4
3547,4.65,14:16,168,264.4
3548,4.65,14:25,168,263.8
3549,4.65,13:32,168,263.8
3550,4.66,12:18,167,263.1
3551,4.66,12:04,166,263.1
3552,4.66,12:32,166,262.5
3553,4.66,12:46,166,262.5
3554,4.66,12:39,166,261.8
3555,4.66,12:53,166,261.8
3556,4.66,13:01,165,261.2
3557,4.66,11:52,166,260.5
3558,4.67,11:27,166,260.5
3559,4.67,11:27,165,259.8
3560,4.67,11:45,165,259.8
3561,4.67,11:52,164,259.8
3562,4.67,12:32,165,259.2
3563,4.67,13:49,165,259.2
3564,4.67,15:35,164,258.5
3565,4.67,14:54,165,258.5
3566,4.68,14:16,165,257.9
3567,4.68,13:41,164,257.9
3568,4.68,12:18,164,257.9
3569,4.68,12:11,165,257.2
3570,4.68,11:39,164,257.2
3571,4.68,11:52,164,257.2
3572,4.68,12:11,164,257.9
3573,4.69,13:01,164,257.2
3574,4.69,13:08,163,257.2
3575,4.69,14:16,163,257.2
3576,4.69,13:49,163,257.2
3577,4.69,13:58,163,257.2
3578,4.69,13:32,163,256.6
3579,4.69,12:46,162,256.6
3580,4.69,12:46,162,256.6
3581,4.7,13:24,162,256.6
3582,4.7,13:16,162,256.6
3583,4.7,13:01,162,255.9
3584,4.7,13:32,162,255.9
3585,4.7,12:46,162,255.9
3586,4.7,12:53,163,255.2
3587,4.7,12:39,163,255.2
3588,4.7,12:18,163,255.2
3589,4.71,11:58,162,255.2
3590,4.71,11:45,163,254.6
3591,4.71,10:54,163,254.6
3592,4.71,10:59,162,253.9
3593,4.71,11:39,161,253.9
3594,4.71,11:45,161,253.9
3595,4.71,12:11,160,253.9
3596,4.72,12:46,159,253.3
3597,4.72,12:39,158,253.3
3598,4.72,11:52,158,253.3
3599,4.72,12:11,159,252.6
3600,4.72,12:46,159,252.6
3601,4.72,13:08,159,252.6
3602,4.72,12:46,160,252.6
3603,4.73,13:08,160,252.0
3604,4.73,12:53,160,252.0
3605,4.73,12:32,160,252.0
3606,4.73,12:04,159,252.0
3607,4.73,12:46,159,252.0
3608,4.73,12:46,159,252.0
3609,4.73,12:04,158,252.0
3610,4.73,11:45,158,251.3
3611,4.74,11:39,158,251.3
3612,4.74,11:45,159,251.3
3613,4.74,12:04,159,251.3
3614,4.74,12:46,159,251.3
3615,4.74,12:53,158,251.3
3616,4.74,13:49,158,252.0
3617,4.74,14:16,157,252.0
3618,4.74,14:34,156,251.3
3619,4.75,14:54,157,251.3
3620,4.75,14:44,157,251.3
3621,4.75,13:32,157,250.7
3622,4.75,12:39,157,250.7
3623,4.75,12:04,158,250.7
3624,4.75,12:18,158,250.0
3625,4.75,12:11,157,250.0
3626,4.76,11:58,157,250.0
3627,4.76,11:45,157,250.0
3628,4.76,11:27,157,250.0
3629,4.76,10:59,157,250.0
3630,4.76,11:21,156,250.0
3631,4.76,11:27,155,250.7
3632,4.76,11:58,155,250.7
3633,4.77,11:58,155,250.7
3634,4.77,11:58,156,250.7
3635,4.77,11:58,156,250.7
3636,4.77,12:39,156,250.7
3637,4.77,13:24,156,250.7
3638,4.77,13:49,156,250.7
3639,4.77,14:34,156,250.7
3640,4.77,14:34,156,250.7
3641,4.78,13:24,157,250.0
3642,4.78,12:11,157,250.0
3643,4.78,12:25,157,250.0
3644,4.78,11:45,157,250.0
3645,4.78,12:11,155,250.0
3646,4.78,13:41,155,250.0
3647,4.78,13:49,156,249.3
3648,4.78,14:16,155,249.3
3649,4.78,15:24,156,250.0
3650,4.79,15:14,156,250.0
3651,4.79,14:25,156,250.0
3652,4.79,14:07,156,250.0
3653,4.79,13:32,157,249.3
3654,4.79,13:01,156,249.3
3655,4.79,12:18,156,249.3
3656,4.79,11:52,156,249.3
3657,4.8,12:39,156,249.3
3658,4.8,12:53,157,249.3
3659,4.8,13:16,157,249.3
3660,4.8,13:41,156,249.3
3661,4.8,13:49,156,249.3
3662,4.8,13:24,155,249.3
3663,4.8,13:32,155,249.3
3664,4.8,13:24,155,248.7
3665,4.8,14:07,155,248.7
3666,4.81,14:16,155,248.7
3667,4.81,14:16,156,248.0
3668,4.81,13:58,156,248.0
3669,4.81,13:41,156,248.0
3670,4.81,13:32,156,248.0
3671,4.81,13:41,157,248.0
3672,4.81,13:24,156,248.0
3673,4.82,13:16,156,248.0
3674,4.82,13:01,156,248.0
3675,4.82,12:39,156,248.0
3676,4.82,12:53,155,248.0
3677,4.82,13:16,156,248.0
3678,4.82,13:16,157,247.4
3679,4.82,13:49,157,247.4
3680,4.82,14:16,157,247.4
3681,4.82,14:34,157,247.4
3682,4.83,14:16,156,247.4
3683,4.83,14:16,157,247.4
3684,4.83,13:58,158,247.4
3685,4.83,12:53,159,248.0
3686,4.83,12:32,157,247.4
3687,4.83,12:32,158,247.4
3688,4.83,12:53,158,247.4
3689,4.84,11:45,157,247.4
3690,4.84,11:58,156,247.4
3691,4.84,12:11,157,247.4
3692,4.84,12:25,157,247.4
3693,4.84,12:18,156,247.4
3694,4.84,13:16,156,246.7
3695,4.84,12:46,155,246.1
3696,4.84,11:58,154,246.1
3697,4.85,12:04,154,246.1
3698,4.85,12:11,154,245.4
3699,4.85,12:53,155,245.4
3700,4.85,13:16,154,245.4
3701,4.85,13:49,154,244.8
3702,4.85,13:24,155,244.8
3703,4.85,12:39,155,244.8
3704,4.86,11:21,156,244.8
3705,4.86,11:58,156,244.8
3706,4.86,11:33,157,244.8
3707,4.86,11:39,157,244.1
3708,4.86,11:45,156,244.1
3709,4.86,12:32,156,244.1
3710,4.86,12:18,156,244.8
3711,4.86,13:01,157,244.8
3712,4.87,12:32,157,244.8
3713,4.87,12:53,158,244.1
3714,4.87,11:58,157,244.1
3715,4.87,11:45,157,244.1
3716,4.87,11:39,157,244.1
3717,4.87,12:04,157,244.1
3718,4.87,12:18,158,244.1
3719,4.88,12:53,158,244.1
3720,4.88,13:08,159,244.1
3721,4.88,13:32,159,244.1
3722,4.88,13:24,159,244.1
3723,4.88,13:16,160,244.1
3724,4.88,14:07,160,244.1
3725,4.88,14:44,160,244.1
3726,4.88,14:54,160,244.8
3727,4.88,14:25,160,244.8
3728,4.89,14:07,160,244.1
3729,4.89,14:16,160,244.1
3730,4.89,14:16,159,244.1
3731,4.89,13:58,158,243.4
3732,4.89,14:25,158,243.4
3733,4.89,13:58,158,243.4
3734,4.89,13:49,159,243.4
3735,4.89,13:16,159,243.4
3736,4.9,13:01,158,243.4
3737,4.9,13:08,159,243.4
3738,4.9,13:49,158,244.1
3739,4.9,13:24,158,243.4
3740,4.9,12:46,158,243.4
3741,4.9,12:46,157,243.4
3742,4.9,12:18,155,243.4
3743,4.91,11:21,155,242.8
3744,4.91,10:48,155,242.8
3745,4.91,10:48,157,242.8
3746,4.91,11:10,156,242.8
3747,4.91,11:52,155,242.8
3748,4.91,13:01,155,242.8
3749,4.91,14:16,155,242.1
3750,4.91,14:44,156,242.1
3751,4.92,14:07,156,241.5
3752,4.92,13:24,155,241.5
3753,4.92,12:53,154,241.5
3754,4.92,12:18,153,241.5
3755,4.92,11:58,153,241.5
3756,4.92,11:10,153,242.1
3757,4.92,10:48,153,242.1
3758,4.93,10:33,153,242.1
3759,4.93,10:38,154,241.5
3760,4.93,10:48,154,240.8
3761,4.93,11:21,154,240.2
3762,4.93,11:58,154,239.5
3763,4.93,13:01,156,238.8
3764,4.93,13:41,155,238.8
3765,4.94,13:58,156,238.8
3766,4.94,13:58,155,238.8
3767,4.94,14:25,155,238.2
3768,4.94,13:32,155,238.2
3769,4.94,12:46,154,238.2
3770,4.94,12:32,153,237.5
3771,4.94,12:32,153,237.5
3772,4.94,12:11,154,237.5
3773,4.95,12:39,153,236.9
3774,4.95,13:01,152,236.9
3775,4.95,13:24,154,236.2
3776,4.95,13:16,154,236.2
3777,4.95,13:41,154,236.2
3778,4.95,13:01,153,235.6
3779,4.95,12:39,153,235.6
3780,4.95,12:32,153,235.6
3781,4.96,12:46,153,235.6
3782,4.96,12:32,153,235.6
3783,4.96,13:08,153,235.6
3784,4.96,13:16,153,235.6
3785,4.96,13:24,154,235.6
3786,4.96,13:32,154,234.9
3787,4.96,13:32,153,234.9
3788,4.96,13:08,153,234.9
3789,4.97,13:32,152,234.9
3790,4.97,13:49,151,234.9
3791,4.97,13:41,151,234.9
3792,4.97,14:25,150,234.3
3793,4.97,13:16,149,234.3
3794,4.97,13:01,149,234.3
3795,4.97,12:04,149,233.6
3796,4.98,11:33,149,233.6
3797,4.98,10:54,148,232.9
3798,4.98,11:27,150,232.9
3799,4.98,11:33,149,232.9
3800,4.98,11:39,150,232.3
3801,4.98,12:18,150,232.3
3802,4.98,12:04,150,232.3
3803,4.98,12:18,150,232.3
3804,4.99,12:25,150,231.6
3805,4.99,11:58,152,231.6
3806,4.99,12:11,153,231.6
3807,4.99,12:32,152,231.6
3808,4.99,12:53,152,231.6
3809,4.99,12:32,153,231.0
3810,4.99,13:32,153,231.0
3811,5.0,13:16,153,230.3
3812,5.0,13:01,153,230.3
3813,5.0,12:39,152,230.3
3814,5.0,12:39,152,230.3
3815,5.0,13:08,153,229.7
3816,5.0,12:53,153,229.7
3817,5.0,12:53,153,229.7
3818,5.0,12:46,153,229.0
3819,5.01,12:04,152,229.0
3820,5.01,11:33,152,229.0
3821,5.01,11:39,152,229.0
3822,5.01,11:52,152,229.0
3823,5.01,12:25,151,229.0
3824,5.01,13:01,152,228.3
3825,5.01,13:08,150,227.7
3826,5.02,13:24,150,227.7
3827,5.02,13:16,150,227.7
3828,5.02,12:32,146,227.7
3829,5.02,12:25,142,227.7
3830,5.02,11:52,136,227.7
3831,5.02,11:45,130,227.0
3832,5.02,11:52,133,227.0
3833,5.02,12:04,133,227.0
3834,5.03,11:52,133,226.4
3835,5.03,12:25,133,226.4
3836,5.03,12:32,133,226.4
3837,5.03,12:18,134,226.4
3838,5.03,11:58,134,226.4
3839,5.03,12:39,134,226.4
3840,5.03,12:46,134,225.7
3841,5.04,12:18,135,225.7
3842,5.04,12:11,135,225.1
3843,5.04,12:46,135,225.1
3844,5.04,12:46,134,225.1
3845,5.04,13:01,135,225.1
3846,5.04,13:16,135,224.4
3847,5.04,13:16,134,224.4
3848,5.04,13:16,135,224.4
3849,5.05,13:16,135,223.8
3850,5.05,12:53,135,223.8
3851,5.05,12:46,136,223.8
3852,5.05,12:32,136,223.8
3853,5.05,12:25,137,223.8
3854,5.05,11:58,137,223.8
3855,5.05,11:58,137,223.8
3856,5.06,12:11,138,223.8
3857,5.06,12:18,138,223.1
3858,5.06,11:52,139,223.1
3859,5.06,12:25,140,223.1
3860,5.06,12:39,141,223.1
3861,5.06,13:16,143,223.1
3862,5.06,13:41,145,223.1
3863,5.06,14:16,146,223.1
3864,5.07,13:49,147,222.4
3865,5.07,13:24,148,222.4
3866,5.07,12:46,149,222.4
3867,5.07,11:58,150,222.4
3868,5.07,11:39,149,222.4
3869,5.07,11:58,149,222.4
3870,5.07,12:11,150,222.4
3871,5.07,12:32,151,222.4
3872,5.08,13:49,150,222.4
3873,5.08,14:25,151,222.4
3874,5.08,14:34,151,222.4
3875,5.08,13:49,150,222.4
3876,5.08,13:08,151,223.1
3877,5.08,13:01,151,223.1
3878,5.08,12:46,151,223.1
3879,5.08,12:39,150,223.1
3880,5.09,13:32,149,223.1
3881,5.09,13:24,148,223.1
3882,5.09,13:16,149,223.1
3883,5.09,13:58,149,223.1
3884,5.09,13:32,150,223.1
3885,5.09,13:32,149,223.1
3886,5.09,14:16,149,223.1
3887,5.09,14:16,149,223.1
3888,5.1,13:32,149,223.1
3889,5.1,13:41,150,223.1
3890,5.1,13:41,150,223.1
3891,5.1,13:01,151,223.1
3892,5.1,12:53,152,223.1
3893,5.1,12:25,153,223.1
3894,5.1,11:52,152,223.1
3895,5.1,11:58,152,222.4
3896,5.11,12:18,153,222.4
3897,5.11,12:32,153,222.4
3898,5.11,13:32,153,222.4
3899,5.11,13:49,154,223.1
3900,5.11,13:41,153,223.1
3901,5.11,13:58,153,222.4
3902,5.11,14:07,153,222.4
3903,5.11,13:41,153,222.4
3904,5.12,14:25,153,222.4
3905,5.12,15:14,153,222.4
3906,5.12,15:24,154,222.4
3907,5.12,15:04,154,222.4
3908,5.12,14:44,153,222.4
3909,5.12,14:07,153,222.4
3910,5.12,12:53,152,222.4
3911,5.12,11:52,153,222.4
3912,5.13,11:45,153,221.8
3913,5.13,11:52,152,221.8
3914,5.13,12:04,153,221.8
3915,5.13,11:52,153,221.8
3916,5.13,12:32,153,221.8
3917,5.13,12:39,153,221.8
3918,5.13,14:07,154,221.8
3919,5.13,14:54,154,221.8
3920,5.14,16:09,154,221.8
3921,5.14,17:11,154,221.8
3922,5.14,17:52,153,221.8
3923,5.14,16:45,153,221.8
3924,5.14,16:09,154,221.8
3925,5.14,15:57,153,221.8
3926,5.14,14:54,153,221.8
3927,5.14,13:49,153,221.8
3928,5.14,13:08,153,221.8
3929,5.15,12:53,153,221.8
3930,5.15,12:32,153,221.8
3931,5.15,12:39,153,221.8
3932,5.15,12:32,153,221.8
3933,5.15,12:25,153,221.8
3934,5.15,12:25,154,221.8
3935,5.15,12:32,153,221.8
3936,5.15,12:39,154,221.8
3937,5.16,13:49,154,221.8
3938,5.16,14:16,154,221.8
3939,5.16,14:16,154,221.8
3940,5.16,13:16,154,222.4
3941,5.16,13:24,154,222.4
3942,5.16,13:01,155,222.4
3943,5.16,11:05,155,222.4
3944,5.17,11:16,155,222.4
3945,5.17,11:27,155,222.4
3946,5.17,11:05,154,222.4
3947,5.17,10:38,154,221.8
3948,5.17,11:45,155,221.8
3949,5.17,11:39,155,221.8
3950,5.17,11:27,155,221.8
3951,5.18,11:21,155,221.8
3952,5.18,11:45,156,221.8
3953,5.18,11:45,156,221.8
3954,5.18,11:33,156,222.4
3955,5.18,12:04,157,222.4
3956,5.18,12:39,156,222.4
3957,5.18,13:08,157,222.4
3958,5.18,13:32,157,222.4
3959,5.19,13:41,158,222.4
3960,5.19,14:16,158,221.8
3961,5.19,13:32,158,221.8
3962,5.19,13:08,157,221.8
3963,5.19,13:58,158,221.8
3964,5.19,14:25,158,221.8
3965,5.19,14:54,158,221.8
3966,5.19,15:35,159,221.8
3967,5.2,15:14,158,221.8
3968,5.2,14:16,157,221.8
3969,5.2,14:07,156,221.8
3970,5.2,13:49,156,221.8
3971,5.2,13:58,156,221.8
3972,5.2,14:34,156,221.1
3973,5.2,14:54,156,221.1
3974,5.2,14:07,155,221.8
3975,5.2,13:58,156,221.8
3976,5.21,13:32,156,221.1
3977,5.21,13:01,154,221.1
3978,5.21,13:01,154,221.1
3979,5.21,12:46,154,221.1
3980,5.21,12:11,153,221.1
3981,5.21,11:45,153,221.1
3982,5.21,11:45,152,221.1
3983,5.22,11:39,152,220.5
3984,5.22,11:52,153,220.5
3985,5.22,12:18,152,220.5
3986,5.22,12:46,153,220.5
3987,5.22,12:39,153,219.8
3988,5.22,12:32,153,219.8
3989,5.22,12:53,155,220.5
3990,5.22,12:53,155,220.5
3991,5.23,13:08,155,220.5
3992,5.23,13:32,155,220.5
3993,5.23,13:49,156,220.5
3994,5.23,14:25,156,219.8
3995,5.23,15:14,156,219.8
3996,5.23,15:57,156,220.5
3997,5.23,14:34,157,220.5
3998,5.23,14:54,158,220.5
3999,5.23,15:46,158,220.5
4000,5.24,14:54,158,220.5
4001,5.24,14:34,159,220.5
4002,5.24,16:45,158,220.5
4003,5.24,15:24,158,220.5
4004,5.24,14:07,158,220.5
4005,5.24,14:07,158,220.5
4006,5.24,12:46,158,220.5
4007,5.24,12:11,158,221.1
4008,5.25,12:18,158,221.1
4009,5.25,12:04,159,221.8
4010,5.25,12:04,159,221.8
4011,5.25,13:01,158,221.8
4012,5.25,13:41,157,221.1
4013,5.25,13:58,156,221.1
4014,5.25,14:25,155,221.1
4015,5.25,14:25,155,221.1
4016,5.26,13:41,155,221.1
4017,5.26,12:46,154,221.1
4018,5.26,13:24,154,221.1
4019,5.26,13:41,156,221.1
4020,5.26,14:07,156,221.8
4021,5.26,13:49,156,221.8
4022,5.26,14:16,156,221.8
4023,5.26,13:58,156,221.8
4024,5.27,13:32,156,221.8
4025,5.27,13:16,156,221.8
4026,5.27,14:25,156,221.8
4027,5.27,14:44,156,221.8
4028,5.27,15:14,156,221.8
4029,5.27,15:35,155,221.8
4030,5.27,16:21,155,221.8
4031,5.27,16:45,156,221.8
4032,5.27,15:46,156,221.8
4033,5.28,14:07,157,221.8
4034,5.28,13:49,157,221.8
4035,5.28,12:46,157,221.8
4036,5.28,12:11,156,221.8
4037,5.28,12:11,156,221.8
4038,5.28,12:53,155,222.4
4039,5.28,12:46,156,222.4
4040,5.28,12:46,156,222.4
4041,5.29,12:39,156,222.4
4042,5.29,12:53,157,222.4
4043,5.29,13:08,158,222.4
4044,5.29,13:01,158,221.8
4045,5.29,13:41,158,221.8
4046,5.29,14:16,158,221.8
4047,5.29,14:54,157,221.8
4048,5.29,15:46,157,222.4
4049,5.3,15:04,155,221.8
4050,5.3,14:07,154,221.8
4051,5.3,13:32,154,221.8
4052,5.3,12:39,154,221.8
4053,5.3,11:45,154,221.8
4054,5.3,12:32,154,221.8
4055,5.3,12:53,154,221.8
4056,5.3,12:46,154,221.8
4057,5.31,13:01,155,221.8
4058,5.31,12:39,154,221.8
4059,5.31,12:32,156,221.8
4060,5.31,12:25,156,221.8
4061,5.31,13:24,155,221.1
4062,5.31,13:58,155,221.8
4063,5.31,13:49,155,221.8
4064,5.31,13:41,155,221.8
4065,5.32,13:41,156,222.4
4066,5.32,12:53,157,222.4
4067,5.32,12:25,157,222.4
4068,5.32,12:46,157,222.4
4069,5.32,12:39,157,221.8
4070,5.32,12:32,157,221.8
4071,5.32,11:58,157,221.8
4072,5.33,11:45,156,221.8
4073,5.33,11:33,155,221.8
4074,5.33,11:33,155,221.8
4075,5.33,11:39,154,221.8
4076,5.33,12:32,155,221.8
4077,5.33,12:32,155,221.8
4078,5.33,12:39,155,222.4
4079,5.34,12:46,155,222.4
4080,5.34,12:32,154,222.4
4081,5.34,12:32,154,222.4
4082,5.34,13:01,154,222.4
4083,5.34,14:25,154,222.4
4084,5.34,15:04,154,222.4
4085,5.34,16:33,153,222.4
4086,5.34,16:09,153,222.4
4087,5.34,15:14,154,222.4
4088,5.35,14:16,153,222.4
4089,5.35,14:07,153,222.4
4090,5.35,13:32,153,222.4
4091,5.35,14:07,154,222.4
4092,5.35,14:16,154,222.4
4093,5.35,13:49,154,222.4
4094,5.35,13:24,153,222.4
4095,5.35,12:39,153,222.4
4096,5.36,11:58,154,222.4
4097,5.36,11:33,154,222.4
4098,5.36,11:33,154,222.4
4099,5.36,12:04,153,222.4
4100,5.36,12:11,152,222.4
4101,5.36,12:25,153,222.4
4102,5.36,13:24,152,222.4
4103,5.36,13:32,152,222.4
4104,5.37,12:46,152,222.4
4105,5.37,13:01,152,222.4
4106,5.37,13:01,152,222.4
4107,5.37,13:16,152,222.4
4108,5.37,13:24,151,222.4
4109,5.37,13:49,151,222.4
4110,5.37,14:25,151,222.4
4111,5.37,14:54,151,222.4
4112,5.38,15:14,151,222.4
4113,5.38,15:35,152,221.8
4114,5.38,15:04,153,221.8
4115,5.38,15:04,153,221.8
4116,5.38,14:16,153,221.8
4117,5.38,13:58,152,221.8
4118,5.38,13:41,152,221.8
4119,5.38,14:34,153,221.8
4120,5.38,14:54,153,221.1
4121,5.39,15:46,153,221.1
4122,5.39,16:09,153,221.8
4123,5.39,16:45,153,221.8
4124,5.39,15:46,154,221.8
4125,5.39,14:44,153,221.8
4126,5.39,13:16,153,221.8
4127,5.39,12:32,154,221.8
4128,5.39,11:58,154,221.8
4129,5.4,11:52,153,221.8
4130,5.4,12:18,152,221.8
4131,5.4,13:08,152,221.8
4132,5.4,13:24,151,221.8
4133,5.4,12:53,151,221.8
4134,5.4,13:08,152,221.8
4135,5.4,12:53,150,221.8
4136,5.4,13:16,151,221.8
4137,5.41,13:16,151,221.8
4138,5.41,15:04,151,221.8
4139,5.41,15:57,152,221.8
4140,5.41,16:21,151,221.8
4141,5.41,17:25,151,221.8
4142,5.41,18:37,151,222.4
4143,5.41,17:38,152,222.4
4144,5.41,16:33,152,222.4
4145,5.41,16:33,153,222.4
4146,5.41,15:14,153,222.4
4147,5.42,15:04,153,223.1
4148,5.42,14:54,154,223.1
4149,5.42,13:58,154,223.1
4150,5.42,14:16,154,223.1
4151,5.42,13:41,155,223.1
4152,5.42,12:53,153,223.1
4153,5.42,13:24,153,223.1
4154,5.42,13:58,153,223.1
4155,5.43,13:32,154,223.1
4156,5.43,13:58,154,223.1
4157,5.43,12:53,154,223.1
4158,5.43,12:04,154,223.8
4159,5.43,12:04,155,223.8
4160,5.43,11:33,155,223.8
4161,5.43,11:45,155,223.8
4162,5.44,12:46,155,223.8
4163,5.44,12:25,155,223.8
4164,5.44,12:32,156,223.8
4165,5.44,12:39,156,223.8
4166,5.44,12:39,156,223.8
4167,5.44,12:53,156,223.8
4168,5.44,13:49,156,223.1
4169,5.44,14:07,156,223.1
4170,5.44,14:44,156,223.1
4171,5.45,14:44,157,223.1
4172,5.45,14:25,157,223.1
4173,5.45,14:34,157,223.1
4174,5.45,14:44,158,223.1
4175,5.45,15:04,157,223.1
4176,5.45,15:04,157,223.1
4177,5.45,14:44,156,223.1
4178,5.45,14:34,156,223.1
4179,5.46,14:25,156,223.8
4180,5.46,14:16,156,223.8
4181,5.46,13:49,156,223.8
4182,5.46,13:49,157,223.8
4183,5.46,13:41,157,223.8
4184,5.46,13:08,157,223.1
4185,5.46,12:46,157,223.1
4186,5.46,13:24,157,223.1
4187,5.46,14:25,156,223.1
4188,5.47,14:07,156,223.1
4189,5.47,14:25,156,223.8
4190,5.47,14:16,156,223.8
4191,5.47,13:41,157,223.8
4192,5.47,13:01,156,223.1
4193,5.47,12:25,155,223.1
4194,5.47,12:39,155,223.1
4195,5.48,12:32,156,223.1
4196,5.48,12:53,156,223.1
4197,5.48,12:25,156,223.1
4198,5.48,12:39,157,223.1
4199,5.48,12:53,156,223.1
4200,5.48,13:41,156,223.1
4201,5.48,12:46,156,223.1
4202,5.48,12:39,156,223.1
4203,5.49,12:25,156,223.1
4204,5.49,11:27,155,223.1
4205,5.49,10:48,155,222.4
4206,5.49,10:09,155,222.4
4207,5.49,10:05,156,222.4
4208,5.49,10:38,155,222.4
4209,5.5,10:38,156,222.4
4210,5.5,10:59,155,222.4
4211,5.5,12:11,154,222.4
4212,5.5,12:53,155,222.4
4213,5.5,12:53,155,221.8
4214,5.5,13:24,155,221.8
4215,5.5,12:46,156,221.8
4216,5.5,12:18,155,221.8
4217,5.51,11:52,155,221.1
4218,5.51,11:21,155,221.1
4219,5.51,11:16,155,221.1
4220,5.51,11:33,156,221.1
4221,5.51,11:05,155,221.1
4222,5.51,11:21,155,220.5
4223,5.51,11:21,156,220.5
4224,5.52,11:21,156,220.5
4225,5.52,11:16,157,219.8
4226,5.52,12:32,157,219.8
4227,5.52,13:01,156,219.8
4228,5.52,13:41,155,219.8
4229,5.52,14:34,156,219.8
4230,5.52,15:14,156,219.8
4231,5.52,14:16,157,219.8
4232,5.53,13:24,157,219.2
4233,5.53,11:58,158,219.2
4234,5.53,11:05,157,219.2
4235,5.53,10:28,157,219.2
4236,5.53,10:33,157,219.2
4237,5.53,10:05,157,219.2
4238,5.54,10:18,157,219.2
4239,5.54,10:43,157,219.2
4240,5.54,11:21,155,218.5
4241,5.54,12:04,155,218.5
4242,5.54,13:32,155,218.5
4243,5.54,14:16,156,218.5
4244,5.54,14:34,156,217.8
4245,5.54,14:44,156,217.8
4246,5.55,14:07,156,217.8
4247,5.55,13:41,155,217.2
4248,5.55,13:49,156,217.2
4249,5.55,13:58,156,217.2
4250,5.55,13:32,157,217.2
4251,5.55,13:16,157,217.2
4252,5.55,13:41,156,217.2
4253,5.55,13:41,156,217.2
4254,5.56,12:53,156,217.2
4255,5.56,13:58,156,216.5
4256,5.56,14:16,156,216.5
4257,5.56,13:32,156,216.5
4258,5.56,13:32,156,216.5
4259,5.56,13:41,157,215.9
4260,5.56,12:11,157,215.9
4261,5.56,12:04,156,215.9
4262,5.57,12:04,155,215.9
4263,5.57,12:18,155,215.9
4264,5.57,12:39,155,215.9
4265,5.57,12:39,155,215.9
4266,5.57,12:18,156,215.2
4267,5.57,12:25,157,215.2
4268,5.57,11:58,156,215.2
4269,5.58,12:18,156,215.2
4270,5.58,13:16,156,215.2
4271,5.58,13:49,156,215.2
4272,5.58,13:49,155,215.2
4273,5.58,13:24,155,214.6
4274,5.58,12:53,156,214.6
4275,5.58,12:11,157,214.6
4276,5.58,11:52,155,213.9
4277,5.59,11:39,156,213.9
4278,5.59,12:11,155,213.9
4279,5.59,11:52,155,213.9
4280,5.59,12:46,155,213.9
4281,5.59,12:53,156,213.3
4282,5.59,13:01,156,213.3
4283,5.59,13:16,155,212.6
4284,5.59,14:34,155,212.6
4285,5.6,13:49,155,212.6
4286,5.6,14:16,154,211.9
4287,5.6,15:14,153,211.9
4288,5.6,15:35,153,211.9
4289,5.6,15:04,153,211.9
4290,5.6,15:46,154,211.9
4291,5.6,15:35,153,211.9
4292,5.6,15:14,153,211.9
4293,5.6,15:14,154,211.9
4294,5.61,15:24,154,211.9
4295,5.61,15:24,155,211.9
4296,5.61,14:54,154,211.3
4297,5.61,13:58,154,211.3
4298,5.61,13:08,154,211.3
4299,5.61,12:18,155,211.3
4300,5.61,11:45,155,211.3
4301,5.61,11:39,156,211.3
4302,5.62,11:39,155,211.3
4303,5.62,11:58,155,211.3
4304,5.62,11:52,155,210.6
4305,5.62,11:45,154,210.6
4306,5.62,12:46,155,210.6
4307,5.62,12:46,156,210.0
4308,5.62,12:25,156,210.0
4309,5.63,12:53,156,210.0
4310,5.63,13:16,157,210.6
4311,5.63,12:39,157,210.0
4312,5.63,13:01,156,210.0
4313,5.63,13:32,156,210.0
4314,5.63,13:32,156,209.3
4315,5.63,14:16,156,209.3
4316,5.63,14:16,156,209.3
4317,5.63,14:25,157,209.3
4318,5.64,14:16,157,209.3
4319,5.64,14:25,157,209.3
4320,5.64,13:01,155,209.3
4321,5.64,12:11,155,209.3
4322,5.64,12:18,155,209.3
4323,5.64,12:04,155,209.3
4324,5.64,11:45,155,209.3
4325,5.65,11:58,155,209.3
4326,5.65,12:46,155,209.3
4327,5.65,12:46,154,209.3
4328,5.65,12:53,154,209.3
4329,5.65,13:32,153,209.3
4330,5.65,13:41,154,209.3
4331,5.65,13:41,154,210.0
4332,5.65,12:53,154,210.0
4333,5.66,13:01,153,210.0
4334,5.66,13:24,153,210.0
4335,5.66,13:32,154,210.0
4336,5.66,13:01,155,210.0
4337,5.66,14:16,154,209.3
4338,5.66,13:49,154,210.0
4339,5.66,12:53,154,210.0
4340,5.66,12:39,154,209.3
4341,5.67,12:39,154,209.3
4342,5.67,12:18,155,209.3
4343,5.67,12:39,153,209.3
4344,5.67,12:39,154,209.3
4345,5.67,13:24,155,209.3
4346,5.67,13:16,155,209.3
4347,5.67,13:01,155,209.3
4348,5.67,13:16,155,208.7
4349,5.68,12:53,156,208.7
4350,5.68,12:11,156,208.7
4351,5.68,12:39,156,208.7
4352,5.68,12:39,155,208.7
4353,5.68,12:32,155,208.7
4354,5.68,13:24,154,208.7
4355,5.68,14:34,154,208.7
4356,5.68,15:35,154,208.7
4357,5.69,15:14,154,208.7
4358,5.69,15:46,154,208.7
4359,5.69,15:04,154,208.7
4360,5.69,13:58,153,209.3
4361,5.69,13:16,153,209.3
4362,5.69,12:53,154,209.3
4363,5.69,12:11,154,209.3
4364,5.7,11:39,155,209.3
4365,5.7,11:33,155,209.3
4366,5.7,11:27,155,209.3
4367,5.7,12:04,155,209.3
4368,5.7,12:11,156,209.3
4369,5.7,12:46,156,209.3
4370,5.7,13:16,156,209.3
4371,5.7,13:41,157,209.3
4372,5.7,14:44,156,209.3
4373,5.71,15:04,156,209.3
4374,5.71,15:24,157,208.7
4375,5.71,14:54,157,208.7
4376,5.71,13:49,157,208.7
4377,5.71,12:53,158,209.3
4378,5.71,13:01,158,209.3
4379,5.71,12:32,158,209.3
4380,5.72,12:32,159,209.3
4381,5.72,13:49,159,209.3
4382,5.72,13:49,159,209.3
4383,5.72,13:49,159,209.3
4384,5.72,14:16,158,209.3
4385,5.72,14:16,157,209.3
4386,5.72,13:16,157,209.3
4387,5.72,13:08,157,209.3
4388,5.72,13:08,158,208.7
4389,5.73,13:16,158,208.7
4390,5.73,13:16,158,208.7
4391,5.73,13:49,157,208.7
4392,5.73,14:16,156,208.7
4393,5.73,13:41,156,209.3
4394,5.73,13:32,156,209.3
4395,5.73,13:24,155,209.3
4396,5.73,13:16,156,209.3
4397,5.74,13:08,157,209.3
4398,5.74,13:41,157,209.3
4399,5.74,14:16,158,208.7
4400,5.74,14:44,158,208.7
4401,5.74,13:58,158,208.7
4402,5.74,13:58,158,208.7
4403,5.74,14:44,158,209.3
4404,5.74,14:07,158,209.3
4405,5.74,14:07,157,209.3
4406,5.75,14:54,157,208.7
4407,5.75,14:54,156,208.7
4408,5.75,13:49,157,208.7
4409,5.75,13:16,157,208.7
4410,5.75,12:46,157,208.7
4411,5.75,12:53,157,209.3
4412,5.75,13:01,156,209.3
4413,5.75,12:53,156,210.0
4414,5.76,14:07,156,210.0
4415,5.76,13:32,155,210.0
4416,5.76,13:24,155,210.0
4417,5.76,13:08,155,209.3
4418,5.76,13:01,156,209.3
4419,5.76,12:39,156,209.3
4420,5.76,13:24,157,209.3
4421,5.77,13:16,157,210.0
4422,5.77,13:24,157,210.0
4423,5.77,14:34,157,210.0
4424,5.77,13:58,156,210.0
4425,5.77,13:49,156,210.0
4426,5.77,12:46,155,210.0
4427,5.77,12:46,155,210.0
4428,5.77,11:52,156,210.0
4429,5.78,12:25,157,210.0
4430,5.78,12:46,157,209.3
4431,5.78,15:35,157,209.3
4432,5.78,15:35,157,209.3
4433,5.78,15:57,156,208.7
4434,5.78,15:57,157,208.7
4435,5.78,15:04,158,208.7
4436,5.78,13:01,157,208.7
4437,5.78,12:39,158,208.7
4438,5.79,12:32,159,208.7
4439,5.79,12:18,160,208.7
4440,5.79,12:32,160,208.7
4441,5.79,12:25,160,208.7
4442,5.79,12:53,160,208.7
4443,5.79,12:39,160,208.7
4444,5.79,12:25,160,208.7
4445,5.8,12:25,159,208.7
4446,5.8,12:25,159,208.7
4447,5.8,11:52,159,208.7
4448,5.8,12:18,159,208.7
4449,5.8,12:53,159,208.7
4450,5.8,13:32,158,208.7
4451,5.8,14:25,158,208.0
4452,5.8,14:34,157,208.0
4453,5.81,14:07,157,208.0
4454,5.81,14:07,157,208.0
4455,5.81,13:41,157,208.0
4456,5.81,13:16,158,208.0
4457,5.81,13:24,159,208.0
4458,5.81,13:08,158,207.3
4459,5.81,12:04,158,207.3
4460,5.81,11:39,158,207.3
4461,5.82,10:38,159,207.3
4462,5.82,10:38,158,207.3
4463,5.82,10:48,158,207.3
4464,5.82,10:38,157,207.3
4465,5.82,11:10,157,206.7
4466,5.82,11:52,157,206.7
4467,5.83,11:16,157,206.0
4468,5.83,10:54,157,206.0
4469,5.83,11:39,158,206.0
4470,5.83,12:25,157,205.4
4471,5.83,13:41,157,205.4
4472,5.83,15:35,156,205.4
4473,5.83,17:52,156,205.4
4474,5.83,18:07,155,205.4
4475,5.83,16:09,157,204.7
4476,5.84,14:54,156,204.7
4477,5.84,13:49,156,204.7
4478,5.84,13:08,156,204.1
4479,5.84,13:16,156,204.1
4480,5.84,12:39,156,204.1
4481,5.84,11:58,156,204.1
4482,5.84,11:45,154,204.1
4483,5.85,11:39,154,204.1
4484,5.85,11:45,154,203.4
4485,5.85,12:25,155,203.4
4486,5.85,13:08,156,203.4
4487,5.85,13:41,155,203.4
4488,5.85,13:16,156,203.4
4489,5.85,12:25,156,203.4
4490,5.85,12:11,156,203.4
4491,5.86,12:39,156,203.4
4492,5.86,12:11,156,202.8
4493,5.86,12:11,156,202.8
4494,5.86,13:01,156,202.8
4495,5.86,12:53,157,202.1
4496,5.86,12:46,156,202.1
4497,5.86,13:49,155,202.1
4498,5.86,14:54,157,201.4
4499,5.86,15:46,156,201.4
4500,5.87,16:09,157,201.4
4501,5.87,15:46,155,201.4
4502,5.87,15:04,155,201.4
4503,5.87,14:25,155,201.4
4504,5.87,13:01,155,201.4
4505,5.87,12:39,156,201.4
4506,5.87,12:25,156,200.8
4507,5.87,12:25,158,200.8
4508,5.88,12:32,157,200.1
4509,5.88,12:32,157,200.1
4510,5.88,12:46,158,200.1
4511,5.88,12:32,159,200.1
4512,5.88,11:39,158,200.1
4513,5.88,11:33,160,200.1
4514,5.88,11:45,159,200.1
4515,5.89,12:18,159,199.5
4516,5.89,12:32,159,199.5
4517,5.89,13:16,160,199.5
4518,5.89,13:49,160,198.8
4519,5.89,13:41,158,198.8
4520,5.89,12:39,158,198.8
4521,5.89,12:32,158,198.8
4522,5.89,12:46,158,198.2
4523,5.9,13:08,158,198.2
4524,5.9,13:58,159,198.2
4525,5.9,14:16,158,198.2
4526,5.9,14:25,158,197.5
4527,5.9,14:16,159,197.5
4528,5.9,13:32,159,197.5
4529,5.9,13:08,158,196.9
4530,5.9,12:25,158,196.9
4531,5.91,12:46,158,197.5
4532,5.91,13:16,158,196.9
4533,5.91,13:08,159,197.5
4534,5.91,13:01,159,197.5
4535,5.91,14:34,160,197.5
4536,5.91,14:34,160,197.5
4537,5.91,13:41,161,197.5
4538,5.91,12:32,162,198.2
4539,5.92,12:11,161,198.2
4540,5.92,11:39,162,198.2
4541,5.92,11:05,162,198.2
4542,5.92,10:48,161,198.2
4543,5.92,11:45,162,197.5
4544,5.92,11:27,161,198.2
4545,5.92,11:39,161,198.2
4546,5.93,12:46,162,198.2
4547,5.93,13:41,161,198.2
4548,5.93,12:53,160,198.2
4549,5.93,13:16,160,198.2
4550,5.93,13:08,160,197.5
4551,5.93,13:08,159,197.5
4552,5.93,13:49,158,197.5
4553,5.93,14:54,158,197.5
4554,5.94,15:24,158,197.5
4555,5.94,16:09,158,196.9
4556,5.94,15:57,158,197.5
4557,5.94,14:25,157,197.5
4558,5.94,13:49,154,197.5
4559,5.94,14:07,151,197.5
4560,5.94,13:41,151,197.5
4561,5.94,13:08,151,197.5
4562,5.94,13:58,151,196.9
4563,5.95,13:32,151,196.9
4564,5.95,13:08,151,196.9
4565,5.95,13:32,151,196.9
4566,5.95,13:32,151,196.9
4567,5.95,13:01,151,196.9
4568,5.95,13:49,141,196.9
4569,5.95,14:25,151,196.9
4570,5.95,14:07,151,197.5
4571,5.96,14:34,151,196.9
4572,5.96,15:04,151,196.9
4573,5.96,15:24,151,196.9
4574,5.96,14:16,151,196.9
4575,5.96,13:41,151,196.9
4576,5.96,13:01,151,197.5
4577,5.96,12:25,151,197.5
4578,5.96,11:58,151,197.5
4579,5.97,12:18,151,197.5
4580,5.97,12:25,151,196.9
4581,5.97,12:46,151,196.9
4582,5.97,12:53,151,196.2
4583,5.97,13:01,151,196.2
4584,5.97,13:16,151,196.2
4585,5.97,13:41,151,195.5
4586,5.97,13:24,151,195.5
4587,5.98,14:16,151,195.5
4588,5.98,14:16,151,195.5
4589,5.98,14:25,151,195.5
4590,5.98,14:34,151,195.5
4591,5.98,14:54,151,195.5
4592,5.98,13:58,151,194.9
4593,5.98,13:49,152,194.9
4594,5.98,13:08,153,194.9
4595,5.99,12:32,153,194.2
4596,5.99,12:25,154,194.2
4597,5.99,12:25,155,194.2
4598,5.99,12:53,156,193.6
4599,5.99,13:16,157,193.6
4600,5.99,13:41,158,193.6
4601,5.99,13:41,159,193.6
4602,5.99,13:32,160,193.6
4603,6.0,13:16,161,193.6
4604,6.0,13:16,162,192.9
4605,6.0,12:46,164,192.9
4606,6.0,12:46,164,192.9
4607,6.0,13:08,164,192.3
4608,6.0,13:08,164,192.9
4609,6.0,13:24,163,192.9
4610,6.0,13:41,163,192.9
4611,6.01,13:49,163,192.9
4612,6.01,14:25,162,192.3
4613,6.01,14:34,162,192.3
4614,6.01,14:07,162,192.3
4615,6.01,15:04,162,192.3
4616,6.01,14:25,163,192.3
4617,6.01,13:41,163,192.3
4618,6.01,13:32,162,192.3
4619,6.02,13:08,162,192.3
4620,6.02,12:39,162,192.3
4621,6.02,12:46,162,192.3
4622,6.02,12:46,163,192.3
4623,6.02,13:16,162,192.3
4624,6.02,13:49,162,192.9
4625,6.02,13:58,162,192.9
4626,6.02,14:54,163,192.9
4627,6.02,14:44,164,192.9
4628,6.03,13:49,163,192.9
4629,6.03,14:44,163,192.9
4630,6.03,14:07,163,192.9
4631,6.03,13:08,162,192.9
4632,6.03,13:08,162,192.9
4633,6.03,12:32,163,192.9
4634,6.03,11:52,162,192.9
4635,6.04,12:25,163,192.9
4636,6.04,12:39,162,192.9
4637,6.04,12:32,163,192.9
4638,6.04,13:08,164,192.9
4639,6.04,12:53,163,192.9
4640,6.04,12:39,163,192.9
4641,6.04,12:46,162,192.9
4642,6.04,12:53,162,192.9
4643,6.05,12:46,162,192.9
4644,6.05,12:46,162,192.9
4645,6.05,12:18,161,192.9
4646,6.05,12:25,161,192.9
4647,6.05,12:32,160,193.6
4648,6.05,13:01,160,193.6
4649,6.05,13:01,160,193.6
4650,6.05,13:32,159,194.2
4651,6.06,13:49,158,194.2
4652,6.06,14:16,158,194.2
4653,6.06,14:16,158,194.2
4654,6.06,14:25,158,194.9
4655,6.06,15:35,158,194.9
4656,6.06,15:14,158,194.9
4657,6.06,14:44,159,194.9
4658,6.06,13:16,160,194.9
4659,6.07,13:24,160,194.9
4660,6.07,13:16,160,194.9
4661,6.07,13:01,160,194.9
4662,6.07,13:41,161,194.9
4663,6.07,15:14,160,194.9
4664,6.07,14:44,160,194.9
4665,6.07,13:32,159,194.9
4666,6.07,13:16,159,194.9
4667,6.07,12:53,160,195.5
4668,6.08,12:32,160,195.5
4669,6.08,12:39,160,195.5
4670,6.08,12:46,159,195.5
4671,6.08,13:01,158,195.5
4672,6.08,12:32,158,195.5
4673,6.08,12:46,159,195.5
4674,6.08,12:46,158,196.2
4675,6.09,12:25,158,196.2
4676,6.09,12:25,159,196.2
4677,6.09,13:01,159,196.2
4678,6.09,13:01,161,196.9
4679,6.09,13:08,160,196.9
4680,6.09,13:24,160,196.9
4681,6.09,13:41,160,196.9
4682,6.09,13:41,161,196.9
4683,6.1,13:49,160,197.5
4684,6.1,13:58,160,197.5
4685,6.1,14:16,161,197.5
4686,6.1,13:49,159,197.5
4687,6.1,13:41,159,197.5
4688,6.1,13:24,160,198.2
4689,6.1,12:53,160,198.2
4690,6.1,12:53,160,198.2
4691,6.11,12:53,160,198.2
4692,6.11,12:53,160,198.2
4693,6.11,12:53,161,198.2
4694,6.11,13:24,160,198.2
4695,6.11,13:41,161,198.2
4696,6.11,14:07,161,198.2
4697,6.11,13:49,161,198.2
4698,6.11,13:16,161,198.2
4699,6.12,12:25,161,198.8
4700,6.12,11:58,161,198.8
4701,6.12,11:39,161,198.8
4702,6.12,12:18,162,198.8
4703,6.12,12:46,161,198.8
4704,6.12,14:07,162,198.8
4705,6.12,14:25,162,198.8
4706,6.12,14:34,162,198.8
4707,6.13,14:07,162,198.8
4708,6.13,15:04,162,198.8
4709,6.13,14:44,163,198.8
4710,6.13,14:25,163,198.8
4711,6.13,14:25,163,199.5
4712,6.13,13:08,163,199.5
4713,6.13,12:46,163,199.5
4714,6.13,12:46,162,200.1
4715,6.14,12:39,162,200.1
4716,6.14,11:58,161,200.1
4717,6.14,13:01,160,200.1
4718,6.14,12:46,160,200.1
4719,6.14,12:39,160,200.8
4720,6.14,12:39,160,200.8
4721,6.14,12:53,160,200.8
4722,6.14,13:24,160,200.8
4723,6.15,13:49,160,200.8
4724,6.15,13:49,160,201.4
4725,6.15,14:07,160,202.1
4726,6.15,13:58,160,202.1
4727,6.15,11:58,161,202.8
4728,6.15,10:59,161,202.8
4729,6.15,10:59,162,202.8
4730,6.16,11:10,162,203.4
4731,6.16,11:33,162,203.4
4732,6.16,12:18,162,203.4
4733,6.16,13:16,162,204.1
4734,6.16,13:41,163,204.1
4735,6.16,12:39,163,204.1
4736,6.16,12:46,163,204.1
4737,6.16,13:41,163,204.1
4738,6.17,13:08,163,204.1
4739,6.17,12:39,162,204.1
4740,6.17,13:49,162,204.1
4741,6.17,13:32,161,204.1
4742,6.17,12:46,161,204.1
4743,6.17,13:16,162,204.1
4744,6.17,12:53,162,204.1
4745,6.17,13:08,162,204.1
4746,6.18,13:41,163,204.7
4747,6.18,13:58,163,204.7
4748,6.18,13:49,163,205.4
4749,6.18,14:34,163,205.4
4750,6.18,13:24,164,205.4
4751,6.18,13:24,164,205.4
4752,6.18,13:49,164,205.4
4753,6.18,13:32,164,205.4
4754,6.19,12:53,164,205.4
4755,6.19,12:04,164,205.4
4756,6.19,11:39,164,205.4
4757,6.19,10:54,164,205.4
4758,6.19,10:43,164,205.4
4759,6.19,10:59,164,205.4
4760,6.19,11:52,164,206.0
4761,6.2,12:04,164,206.0
4762,6.2,12:11,165,206.0
4763,6.2,12:18,165,206.0
4764,6.2,12:04,164,205.4
4765,6.2,13:16,164,205.4
4766,6.2,13:32,165,205.4
4767,6.2,14:54,164,205.4
4768,6.2,16:09,164,205.4
4769,6.21,15:24,164,205.4
4770,6.21,13:41,163,204.7
4771,6.21,14:07,163,204.7
4772,6.21,13:32,163,204.7
4773,6.21,12:25,163,204.1
4774,6.21,13:32,162,204.1
4775,6.21,13:58,163,204.1
4776,6.21,13:41,163,204.1
4777,6.22,13:24,162,204.1
4778,6.22,13:41,162,204.1
4779,6.22,13:08,162,204.1
4780,6.22,12:46,162,203.4
4781,6.22,12:11,161,203.4
4782,6.22,12:18,161,203.4
4783,6.22,12:32,161,203.4
4784,6.22,12:18,161,202.8
4785,6.23,12:39,161,202.8
4786,6.23,13:16,161,202.8
4787,6.23,13:41,161,202.8
4788,6.23,13:08,161,202.8
4789,6.23,13:24,160,202.8
4790,6.23,13:24,162,202.8
4791,6.23,13:16,162,202.8
4792,6.23,13:01,163,202.8
4793,6.24,13:41,163,202.1
4794,6.24,13:01,163,202.1
4795,6.24,12:32,163,201.4
4796,6.24,12:32,164,201.4
4797,6.24,12:04,165,200.8
4798,6.24,12:11,164,200.8
4799,6.24,12:53,164,200.8
4800,6.24,13:49,164,200.8
4801,6.25,13:32,164,200.1
4802,6.25,13:49,164,200.1
4803,6.25,12:18,163,200.1
4804,6.25,12:04,163,199.5
