elapsed_seconds,distance_miles,pace_per_mile,heartrate,altitude_ft
0,0.0,,93,23.6
1,0.0,38:19,84,23.6
2,0.0,41:15,84,23.0
3,0.0,29:48,84,23.0
4,0.0,21:27,86,23.0
5,0.01,16:21,87,22.3
6,0.01,13:16,88,22.3
7,0.01,11:58,90,23.0
8,0.01,11:16,92,23.0
9,0.01,12:46,95,23.0
10,0.01,14:54,99,23.6
11,0.01,16:21,101,23.6
12,0.01,16:58,105,24.3
13,0.01,19:43,108,23.6
14,0.01,19:09,111,23.6
15,0.01,20:37,112,24.3
16,0.02,20:57,116,24.3
17,0.02,16:09,118,24.3
18,0.02,13:49,119,24.3
19,0.02,12:25,120,24.3
20,0.02,10:28,121,24.3
21,0.02,9:07,121,24.3
22,0.03,9:34,122,24.3
23,0.03,9:03,123,24.3
24,0.03,8:32,123,24.3
25,0.03,9:00,124,24.3
26,0.03,9:22,124,24.9
27,0.04,9:38,125,24.9
28,0.04,10:23,126,24.9
29,0.04,11:05,126,24.9
30,0.04,11:10,126,24.9
31,0.04,12:25,127,24.9
32,0.04,13:08,128,25.6
33,0.04,14:07,129,25.6
34,0.04,14:34,129,25.6
35,0.04,16:09,129,26.2
36,0.05,16:09,129,26.2
37,0.05,14:16,129,26.2
38,0.05,13:49,130,26.9
39,0.05,13:32,130,26.9
40,0.05,11:27,130,26.9
41,0.05,11:05,130,26.9
42,0.05,11:05,129,26.9
43,0.06,10:38,129,26.9
44,0.06,10:33,129,26.9
45,0.06,9:47,129,26.9
46,0.06,8:56,129,26.9
47,0.07,7:45,129,26.9
48,0.07,6:23,129,26.9
49,0.07,6:14,129,27.6
50,0.07,5:59,128,27.6
51,0.08,5:52,128,27.6
52,0.08,6:28,127,27.6
53,0.08,7:14,126,27.6
54,0.08,7:37,126,26.9
55,0.08,9:18,128,26.9
56,0.08,10:43,128,27.6
57,0.09,11:39,129,27.6
58,0.09,14:34,130,27.6
59,0.09,14:25,131,27.6
60,0.09,14:07,131,27.6
61,0.09,13:49,132,27.6
62,0.09,13:08,132,27.6
63,0.09,12:11,133,27.6
64,0.09,12:11,133,27.6
65,0.1,11:16,133,27.6
66,0.1,11:45,134,28.2
67,0.1,12:32,134,28.2
68,0.1,13:08,134,28.2
69,0.1,13:58,134,28.2
70,0.1,16:33,134,28.2
71,0.1,16:45,134,28.2
72,0.1,16:09,133,28.9
73,0.11,15:46,133,28.9
74,0.11,14:54,134,28.9
75,0.11,14:07,135,28.9
76,0.11,13:32,134,28.2
77,0.11,12:39,134,28.9
78,0.11,12:11,134,28.9
79,0.11,11:58,133,28.9
80,0.11,12:25,133,28.9
81,0.12,12:39,133,28.9
82,0.12,13:24,133,28.9
83,0.12,14:16,132,28.9
84,0.12,14:16,132,28.9
85,0.12,13:49,131,28.9
86,0.12,12:32,131,29.5
87,0.12,12:32,130,29.5
88,0.12,12:18,130,29.5
89,0.13,12:53,128,28.9
90,0.13,13:24,128,28.9
91,0.13,14:16,128,28.9
92,0.13,13:41,128,28.9
93,0.13,12:53,128,28.9
94,0.13,11:33,128,28.9
95,0.13,10:54,124,28.9
96,0.14,10:54,120,28.9
97,0.14,10:28,121,29.5
98,0.14,10:14,126,29.5
99,0.14,9:34,128,29.5
100,0.14,9:14,129,29.5
101,0.15,8:07,130,29.5
102,0.15,7:39,131,29.5
103,0.15,7:05,132,30.2
104,0.15,7:50,133,30.2
105,0.15,8:07,133,30.2
106,0.15,9:43,134,30.2
107,0.16,10:23,134,30.2
108,0.16,11:05,136,30.2
109,0.16,10:28,136,30.2
110,0.16,9:22,135,30.2
111,0.16,9:03,135,30.2
112,0.17,9:22,135,30.8
113,0.17,11:10,134,30.8
114,0.17,12:46,134,30.8
115,0.17,16:58,133,30.8
116,0.17,19:09,133,30.8
117,0.17,22:43,132,30.2
118,0.17,28:32,132,30.2
119,0.17,22:21,132,30.2
120,0.17,19:09,133,30.2
121,0.17,18:37,133,30.8
122,0.17,23:31,135,30.8
123,0.17,23:31,135,30.8
124,0.17,36:14,136,30.8
125,0.17,78:53,136,30.8
126,0.17,335:16,136,30.8
127,0.17,167:38,135,30.8
128,0.17,134:06,135,30.8
129,0.17,103:09,135,31.5
130,0.17,55:52,135,31.5
131,0.17,40:38,135,31.5
132,0.18,33:31,136,31.5
133,0.18,26:17,136,31.5
134,0.18,25:47,136,31.5
135,0.18,27:22,136,31.5
136,0.18,26:17,136,31.5
137,0.18,15:46,136,31.5
138,0.18,14:44,137,31.5
139,0.18,12:53,137,31.5
140,0.18,12:04,137,31.5
141,0.18,11:58,137,32.2
142,0.19,16:58,137,32.2
143,0.19,16:21,136,32.2
144,0.19,16:33,136,32.2
145,0.19,14:07,137,32.2
146,0.19,11:27,137,32.2
147,0.19,9:38,136,32.2
148,0.2,9:11,135,32.2
149,0.2,8:01,134,32.2
150,0.2,8:04,133,32.2
151,0.2,8:26,133,32.2
152,0.2,8:16,134,32.2
153,0.21,8:35,136,32.2
154,0.21,9:14,136,32.2
155,0.21,9:11,135,32.8
156,0.21,9:00,135,32.8
157,0.21,9:26,134,33.5
158,0.21,9:11,134,33.5
159,0.22,9:22,134,33.5
160,0.22,8:22,134,33.5
161,0.22,8:29,134,33.5
162,0.22,8:42,135,32.8
163,0.23,7:56,135,32.8
164,0.23,7:42,135,32.8
165,0.23,8:01,135,32.8
166,0.23,8:07,135,32.8
167,0.23,8:07,135,32.8
168,0.23,9:30,134,32.8
169,0.23,10:43,133,32.8
170,0.24,12:25,132,32.8
171,0.24,11:52,132,32.8
172,0.24,12:11,131,32.8
173,0.24,10:05,131,32.8
174,0.24,9:18,131,32.8
175,0.25,8:42,131,32.8
176,0.25,8:45,130,32.8
177,0.25,7:42,129,33.5
178,0.25,7:53,129,33.5
179,0.25,7:56,129,33.5
180,0.26,8:10,128,33.5
181,0.26,8:42,128,33.5
182,0.26,10:09,129,33.5
183,0.26,11:45,129,33.5
184,0.26,12:53,129,33.5
185,0.26,12:11,130,34.1
186,0.26,12:18,130,34.1
187,0.27,12:46,130,34.1
188,0.27,13:24,130,34.1
189,0.27,14:25,130,34.1
190,0.27,20:01,131,34.1
191,0.27,24:50,132,34.1
192,0.27,31:11,132,34.1
193,0.27,33:31,132,34.1
194,0.27,32:42,132,34.1
195,0.27,31:11,133,34.8
196,0.27,27:22,133,34.8
197,0.27,23:56,132,34.8
198,0.27,23:31,132,34.8
199,0.27,18:37,132,34.8
200,0.27,16:33,131,34.8
201,0.28,15:46,131,34.1
202,0.28,16:09,131,34.1
203,0.28,16:45,132,34.8
204,0.28,18:07,132,34.8
205,0.28,18:37,131,34.8
206,0.28,18:53,132,34.8
207,0.28,16:45,132,34.8
208,0.28,15:04,134,34.8
209,0.28,13:01,136,34.8
210,0.29,11:58,134,34.1
211,0.29,10:54,135,34.1
212,0.29,10:43,135,34.1
213,0.29,9:34,135,34.1
214,0.29,10:09,135,34.1
215,0.29,10:18,136,34.1
216,0.3,10:59,136,34.1
217,0.3,10:38,135,34.1
218,0.3,10:09,133,34.1
219,0.3,9:26,132,34.1
220,0.3,8:26,131,34.8
221,0.31,7:29,130,34.8
222,0.31,7:19,130,34.1
223,0.31,8:01,131,34.1
224,0.31,8:52,132,34.1
225,0.31,10:38,133,34.1
226,0.31,11:45,134,34.1
227,0.32,12:11,133,34.1
228,0.32,12:11,134,34.1
229,0.32,10:43,134,34.1
230,0.32,9:34,134,33.5
231,0.32,9:07,135,34.1
232,0.32,9:47,134,34.1
233,0.33,9:56,135,34.1
234,0.33,10:43,136,34.1
235,0.33,11:52,136,34.1
236,0.33,13:24,136,34.1
237,0.33,11:45,135,34.1
238,0.33,11:39,135,34.8
239,0.33,11:58,135,34.8
240,0.33,11:52,135,34.8
241,0.34,12:04,135,34.8
242,0.34,14:16,134,34.1
243,0.34,14:54,134,34.1
244,0.34,13:58,133,34.1
245,0.34,13:32,133,34.1
246,0.34,12:04,133,34.1
247,0.34,10:14,134,34.1
248,0.35,8:04,135,34.1
249,0.35,8:16,136,34.1
250,0.35,8:13,136,34.8
251,0.35,8:49,134,34.8
252,0.35,8:52,133,34.1
253,0.36,11:05,133,34.1
254,0.36,11:58,132,34.1
255,0.36,11:21,132,34.1
256,0.36,11:21,132,34.1
257,0.36,13:41,132,34.8
258,0.36,13:58,133,34.8
259,0.36,16:21,133,34.8
260,0.36,16:58,135,34.1
261,0.36,17:25,136,34.1
262,0.37,17:11,137,34.1
263,0.37,16:33,138,34.8
264,0.37,13:01,139,34.8
265,0.37,13:32,140,34.8
266,0.37,11:52,139,35.4
267,0.37,10:43,138,35.4
268,0.38,9:51,137,34.8
269,0.38,9:26,137,34.8
270,0.38,9:18,136,34.8
271,0.38,9:22,137,35.4
272,0.38,9:26,138,35.4
273,0.38,10:05,138,36.1
274,0.39,9:51,139,36.1
275,0.39,9:38,139,36.1
276,0.39,9:56,139,36.7
277,0.39,8:32,139,36.7
278,0.39,7:56,140,36.7
279,0.4,7:37,140,36.7
280,0.4,7:45,140,36.7
281,0.4,8:04,140,36.1
282,0.4,9:38,141,36.1
283,0.4,11:21,141,36.1
284,0.4,13:49,141,36.1
285,0.4,15:14,142,35.4
286,0.4,16:09,140,35.4
287,0.4,17:11,141,35.4
288,0.41,17:11,141,34.8
289,0.41,16:21,142,34.8
290,0.41,15:24,142,34.1
291,0.41,14:16,142,34.8
292,0.41,13:32,143,34.8
293,0.41,13:16,143,34.8
294,0.41,13:49,144,34.8
295,0.41,13:32,144,34.8
296,0.42,13:49,144,34.8
297,0.42,13:16,143,34.8
298,0.42,12:46,143,34.8
299,0.42,12:04,142,34.8
300,0.42,12:04,141,34.8
301,0.42,12:25,140,34.8
302,0.42,13:08,139,34.8
303,0.42,13:41,139,34.1
304,0.43,13:58,139,34.1
305,0.43,14:25,138,34.1
306,0.43,13:41,138,34.1
307,0.43,13:32,139,34.1
308,0.43,13:32,139,34.1
309,0.43,13:24,138,34.1
310,0.43,13:08,139,34.8
311,0.44,13:01,139,34.8
312,0.44,13:01,139,34.8
313,0.44,12:46,139,34.8
314,0.44,13:01,139,34.8
315,0.44,13:16,139,34.8
316,0.44,13:58,139,34.8
317,0.44,14:25,140,34.8
318,0.44,14:16,140,34.8
319,0.44,13:41,141,34.8
320,0.45,13:08,141,34.8
321,0.45,12:53,141,34.8
322,0.45,12:18,141,34.8
323,0.45,12:32,141,34.1
324,0.45,13:01,142,34.1
325,0.45,13:16,142,34.1
326,0.45,13:16,142,34.1
327,0.45,13:58,143,34.1
328,0.46,14:54,143,34.8
329,0.46,14:54,142,34.8
330,0.46,11:58,142,34.8
331,0.46,10:18,141,34.8
332,0.46,9:22,142,34.1
333,0.47,8:22,141,34.1
334,0.47,8:35,142,34.8
335,0.47,9:34,142,35.4
336,0.47,10:23,142,35.4
337,0.47,10:43,142,35.4
338,0.47,11:27,142,35.4
339,0.47,10:38,141,35.4
340,0.48,10:43,141,34.8
341,0.48,10:54,141,34.8
342,0.48,10:48,141,34.8
343,0.48,10:59,141,34.8
344,0.48,11:39,142,34.8
345,0.48,12:39,142,34.8
346,0.48,12:39,142,34.8
347,0.49,13:16,141,35.4
348,0.49,13:24,142,35.4
349,0.49,13:32,143,35.4
350,0.49,13:32,142,35.4
351,0.49,13:58,143,34.8
352,0.49,14:25,142,34.8
353,0.49,14:16,141,34.8
354,0.49,13:49,140,35.4
355,0.49,13:32,140,35.4
356,0.5,13:58,138,35.4
357,0.5,13:16,138,35.4
358,0.5,13:41,139,35.4
359,0.5,14:34,139,35.4
360,0.5,15:24,139,35.4
361,0.5,15:46,140,35.4
362,0.5,16:45,140,35.4
363,0.5,14:34,140,35.4
364,0.51,12:25,140,35.4
365,0.51,11:16,141,35.4
366,0.51,10:28,141,35.4
367,0.51,10:00,142,35.4
368,0.51,10:54,142,35.4
369,0.51,11:58,143,35.4
370,0.51,12:32,142,35.4
371,0.52,13:41,142,35.4
372,0.52,14:16,141,36.1
373,0.52,14:25,141,36.1
374,0.52,13:32,141,36.1
375,0.52,13:24,142,36.1
376,0.52,13:08,142,36.1
377,0.52,13:16,141,36.1
378,0.52,13:01,141,36.1
379,0.53,14:16,141,36.1
380,0.53,13:49,140,36.1
381,0.53,13:16,141,36.1
382,0.53,13:01,141,36.1
383,0.53,12:53,142,36.1
384,0.53,12:11,142,36.1
385,0.53,12:53,143,36.1
386,0.53,13:08,142,36.1
387,0.54,13:16,143,36.1
388,0.54,13:24,143,36.1
389,0.54,13:24,143,36.1
390,0.54,12:39,143,36.1
391,0.54,12:39,143,36.1
392,0.54,13:01,143,36.1
393,0.54,12:46,143,35.4
394,0.54,12:39,142,35.4
395,0.55,12:25,142,35.4
396,0.55,12:04,142,35.4
397,0.55,11:21,142,35.4
398,0.55,11:58,142,35.4
399,0.55,11:39,141,35.4
400,0.55,11:45,142,35.4
401,0.55,12:11,142,35.4
402,0.56,12:32,142,36.1
403,0.56,12:18,142,36.1
404,0.56,13:41,142,36.1
405,0.56,14:25,142,36.1
406,0.56,14:44,142,36.1
407,0.56,14:54,142,36.1
408,0.56,14:44,142,36.1
409,0.56,14:07,142,36.1
410,0.57,13:16,142,36.1
411,0.57,12:46,141,36.1
412,0.57,13:08,141,36.1
413,0.57,13:41,141,36.1
414,0.57,13:41,142,36.1
415,0.57,15:24,142,36.1
416,0.57,15:46,144,36.1
417,0.57,15:24,144,36.1
418,0.57,13:58,144,36.1
419,0.58,13:49,145,36.7
420,0.58,13:08,145,36.7
421,0.58,12:46,145,36.7
422,0.58,12:32,145,36.7
423,0.58,13:08,145,36.7
424,0.58,12:25,145,36.7
425,0.58,11:39,144,36.7
426,0.59,11:05,144,36.7
427,0.59,10:48,144,36.7
428,0.59,10:28,145,36.7
429,0.59,10:38,145,36.7
430,0.59,10:54,146,36.7
431,0.59,11:39,144,37.4
432,0.59,11:52,143,37.4
433,0.6,12:32,143,37.4
434,0.6,13:01,141,37.4
435,0.6,13:24,141,38.1
436,0.6,13:41,140,38.1
437,0.6,14:07,141,38.1
438,0.6,13:58,141,38.1
439,0.6,14:25,141,38.1
440,0.6,14:16,141,37.4
441,0.61,13:16,140,37.4
442,0.61,13:01,140,37.4
443,0.61,12:53,141,37.4
444,0.61,12:32,141,37.4
445,0.61,13:08,142,38.1
446,0.61,13:58,142,38.1
447,0.61,14:16,141,38.1
448,0.61,13:24,141,38.1
449,0.62,13:58,141,38.1
450,0.62,13:58,141,37.4
451,0.62,14:07,141,37.4
452,0.62,14:44,142,37.4
453,0.62,16:21,141,37.4
454,0.62,15:57,141,37.4
455,0.62,15:14,141,37.4
456,0.62,14:54,141,37.4
457,0.62,13:32,140,38.1
458,0.63,12:39,140,38.1
459,0.63,12:11,141,38.1
460,0.63,12:18,141,38.1
461,0.63,12:04,141,37.4
462,0.63,12:39,141,37.4
463,0.63,13:08,141,37.4
464,0.63,12:53,142,37.4
465,0.63,13:08,141,38.1
466,0.64,13:08,141,38.1
467,0.64,11:58,142,38.1
468,0.64,11:45,142,38.7
469,0.64,11:45,142,38.7
470,0.64,10:48,142,38.1
471,0.64,10:43,143,38.7
472,0.65,11:45,142,38.7
473,0.65,11:21,144,38.1
474,0.65,11:21,144,38.1
475,0.65,11:52,145,38.1
476,0.65,12:11,145,38.1
477,0.65,11:39,145,38.1
478,0.65,11:33,145,38.1
479,0.66,10:54,146,38.1
480,0.66,10:54,147,38.1
481,0.66,10:33,147,38.1
482,0.66,10:33,147,38.1
483,0.66,10:48,146,38.1
484,0.66,12:04,146,38.7
485,0.66,12:18,146,38.7
486,0.67,12:32,147,38.7
487,0.67,12:39,147,38.7
488,0.67,12:39,146,38.7
489,0.67,11:45,146,38.7
490,0.67,11:10,146,38.7
491,0.67,11:10,146,38.7
492,0.67,11:16,147,38.7
493,0.68,11:27,146,38.7
494,0.68,12:18,146,38.7
495,0.68,12:46,146,38.7
496,0.68,12:39,146,38.7
497,0.68,13:08,146,38.1
498,0.68,13:16,147,38.1
499,0.68,13:16,148,37.4
500,0.68,13:41,148,37.4
501,0.69,14:07,148,36.7
502,0.69,13:24,148,36.7
503,0.69,12:46,147,37.4
504,0.69,12:25,147,37.4
505,0.69,12:18,148,37.4
506,0.69,12:18,148,37.4
507,0.69,12:25,147,37.4
508,0.69,13:32,148,37.4
509,0.7,13:58,147,37.4
510,0.7,14:07,147,37.4
511,0.7,14:25,148,38.1
512,0.7,15:14,148,38.1
513,0.7,13:58,148,37.4
514,0.7,13:32,148,37.4
515,0.7,13:32,148,37.4
516,0.7,12:53,148,37.4
517,0.71,12:39,148,37.4
518,0.71,13:24,148,37.4
519,0.71,13:41,149,37.4
520,0.71,13:49,149,37.4
521,0.71,14:25,149,37.4
522,0.71,13:49,149,36.7
523,0.71,13:16,150,36.7
524,0.71,13:16,150,36.7
525,0.72,12:53,151,36.7
526,0.72,13:08,150,37.4
527,0.72,13:16,150,37.4
528,0.72,13:24,150,37.4
529,0.72,13:41,149,37.4
530,0.72,13:08,148,37.4
531,0.72,12:25,148,37.4
532,0.72,12:39,149,37.4
533,0.73,12:39,149,36.7
534,0.73,11:52,149,36.7
535,0.73,12:25,148,37.4
536,0.73,12:32,149,36.7
537,0.73,11:52,148,36.7
538,0.73,11:33,148,36.7
539,0.73,11:39,148,36.7
540,0.74,11:39,148,36.7
541,0.74,11:39,148,36.7
542,0.74,11:52,148,36.7
543,0.74,11:58,148,36.7
544,0.74,11:45,148,36.7
545,0.74,11:33,148,36.7
546,0.74,11:16,148,36.7
547,0.75,11:27,148,36.7
548,0.75,11:21,150,36.7
549,0.75,11:39,150,36.7
550,0.75,11:16,150,37.4
551,0.75,11:10,151,37.4
552,0.75,10:48,151,37.4
553,0.75,11:10,150,37.4
554,0.76,11:33,151,37.4
555,0.76,12:25,151,37.4
556,0.76,13:32,151,37.4
557,0.76,14:07,151,37.4
558,0.76,13:32,150,38.1
559,0.76,12:53,150,38.1
560,0.76,12:46,150,38.1
561,0.76,12:11,150,38.1
562,0.77,12:32,149,38.1
563,0.77,13:16,149,38.1
564,0.77,14:07,149,38.1
565,0.77,14:44,150,38.1
566,0.77,14:25,149,38.7
567,0.77,14:25,149,38.7
568,0.77,14:07,150,38.7
569,0.77,13:58,150,38.7
570,0.78,13:16,150,38.7
571,0.78,14:16,151,38.7
572,0.78,14:34,151,38.7
573,0.78,14:54,152,38.7
574,0.78,14:54,150,38.7
575,0.78,14:25,151,38.7
576,0.78,14:16,151,38.7
577,0.78,13:58,151,38.7
578,0.78,13:58,151,38.7
579,0.79,13:58,151,38.7
580,0.79,15:14,151,38.7
581,0.79,14:25,152,39.4
582,0.79,13:49,152,39.4
583,0.79,13:32,151,39.4
584,0.79,13:08,151,39.4
585,0.79,12:18,150,39.4
586,0.79,12:39,149,39.4
587,0.8,12:39,150,39.4
588,0.8,12:39,149,39.4
589,0.8,12:11,149,39.4
590,0.8,12:25,150,39.4
591,0.8,11:58,150,39.4
592,0.8,11:39,150,39.4
593,0.8,11:27,151,39.4
594,0.81,11:52,151,39.4
595,0.81,11:58,151,39.4
596,0.81,12:53,151,39.4
597,0.81,13:16,152,40.0
598,0.81,13:32,152,40.0
599,0.81,13:41,152,40.0
600,0.81,13:49,153,40.0
601,0.81,13:32,153,40.0
602,0.82,12:46,153,40.0
603,0.82,11:21,153,40.0
604,0.82,11:10,153,40.7
605,0.82,10:23,153,40.7
606,0.82,9:34,152,40.7
607,0.82,9:34,152,40.7
608,0.83,9:18,152,40.7
609,0.83,8:35,151,40.7
610,0.83,8:19,151,40.7
611,0.83,8:01,153,40.7
612,0.84,7:47,153,40.7
613,0.84,7:47,153,40.7
614,0.84,7:42,154,40.7
615,0.84,7:17,156,40.0
616,0.85,7:08,156,40.0
617,0.85,6:56,158,40.7
618,0.85,7:01,159,40.7
619,0.85,6:56,160,40.7
620,0.85,7:14,163,41.3
621,0.86,7:19,163,41.3
622,0.86,7:37,164,41.3
623,0.86,8:10,164,41.3
624,0.86,9:07,164,41.3
625,0.86,9:51,165,41.3
626,0.86,10:38,167,41.3
627,0.87,11:45,167,41.3
628,0.87,12:25,168,42.0
629,0.87,12:39,167,42.7
630,0.87,12:53,168,42.7
631,0.87,14:07,168,43.3
632,0.87,14:07,168,43.3
633,0.87,15:24,167,44.0
634,0.87,17:52,166,44.0
635,0.87,20:19,167,43.3
636,0.87,20:37,167,43.3
637,0.88,22:43,167,43.3
638,0.88,18:53,167,43.3
639,0.88,15:14,166,43.3
640,0.88,13:16,166,44.0
641,0.88,11:21,165,44.0
642,0.88,9:47,164,44.6
643,0.89,8:29,164,44.6
644,0.89,7:53,164,45.3
645,0.89,7:22,164,45.3
646,0.89,7:34,163,45.3
647,0.89,7:53,164,45.9
648,0.9,8:39,164,45.9
649,0.9,9:14,164,46.6
650,0.9,10:09,163,46.6
651,0.9,10:59,163,46.6
652,0.9,11:27,163,47.2
653,0.9,12:04,163,47.2
654,0.9,12:53,163,47.2
655,0.91,13:41,163,47.2
656,0.91,13:16,163,47.2
657,0.91,13:08,163,47.9
658,0.91,13:32,164,47.9
659,0.91,13:01,164,47.9
660,0.91,11:52,164,47.9
661,0.91,11:52,163,47.9
662,0.91,12:32,163,47.9
663,0.92,12:53,162,47.9
664,0.92,13:49,162,47.2
665,0.92,15:14,161,47.2
666,0.92,15:14,162,47.2
667,0.92,13:32,161,47.2
668,0.92,13:01,162,47.2
669,0.92,12:39,162,47.2
670,0.92,12:46,163,47.2
671,0.93,13:08,162,47.2
672,0.93,13:41,162,47.2
673,0.93,13:16,162,47.2
674,0.93,13:08,162,47.2
675,0.93,13:08,161,47.2
676,0.93,13:16,159,47.2
677,0.93,13:49,159,47.2
678,0.93,14:25,158,47.2
679,0.93,14:34,158,47.2
680,0.94,13:08,157,47.2
681,0.94,14:54,157,47.2
682,0.94,15:14,155,47.2
683,0.94,14:54,154,47.2
684,0.94,15:46,154,47.2
685,0.94,17:38,153,46.6
686,0.94,13:24,153,46.6
687,0.94,12:11,152,45.9
688,0.95,11:39,153,45.9
689,0.95,10:33,154,45.3
690,0.95,10:18,154,45.3
691,0.95,10:48,154,44.6
692,0.95,11:27,154,44.6
693,0.95,10:59,155,44.6
694,0.96,10:54,156,44.6
695,0.96,11:27,158,45.3
696,0.96,11:10,157,45.3
697,0.96,10:33,158,45.3
698,0.96,10:33,159,45.3
699,0.96,10:28,160,45.9
700,0.97,9:38,160,45.9
701,0.97,9:26,160,45.9
702,0.97,9:11,159,45.9
703,0.97,9:30,158,45.9
704,0.97,10:05,159,45.9
705,0.97,10:18,159,45.9
706,0.97,10:48,160,45.9
707,0.98,12:04,159,45.9
708,0.98,12:18,159,45.9
709,0.98,11:45,154,45.9
710,0.98,11:45,152,45.9
711,0.98,11:27,149,45.9
712,0.98,10:33,146,45.9
713,0.99,10:23,139,45.9
714,0.99,10:33,134,45.9
715,0.99,10:43,135,45.9
716,0.99,11:05,136,46.6
717,0.99,11:45,136,46.6
718,0.99,11:58,136,46.6
719,0.99,11:39,136,46.6
720,1.0,11:21,138,46.6
721,1.0,11:27,145,46.6
722,1.0,10:54,148,46.6
723,1.0,10:38,154,45.9
724,1.0,10:59,155,45.9
725,1.0,11:05,156,45.9
726,1.0,10:59,158,45.9
727,1.01,11:27,160,45.9
728,1.01,11:21,160,45.9
729,1.01,10:59,161,45.9
730,1.01,10:54,163,45.9
731,1.01,11:16,164,45.9
732,1.01,11:27,165,45.3
733,1.01,11:52,165,45.3
734,1.02,12:04,166,45.3
735,1.02,12:46,167,44.6
736,1.02,12:18,168,44.6
737,1.02,11:39,167,44.6
738,1.02,11:39,167,44.6
739,1.02,11:33,166,44.0
740,1.02,11:27,165,44.0
741,1.03,11:39,164,44.0
742,1.03,12:04,163,44.0
743,1.03,11:52,163,44.0
744,1.03,11:27,163,44.0
745,1.03,11:05,163,44.0
746,1.03,10:38,163,43.3
747,1.04,10:18,163,43.3
748,1.04,10:09,163,43.3
749,1.04,10:05,163,43.3
750,1.04,10:18,163,43.3
751,1.04,10:43,163,44.0
752,1.04,11:33,163,44.0
753,1.04,13:24,163,44.6
754,1.04,14:34,162,44.0
755,1.05,13:32,161,44.0
756,1.05,13:08,160,44.0
757,1.05,11:58,159,44.0
758,1.05,10:43,158,44.0
759,1.05,10:38,158,44.0
760,1.05,10:59,158,43.3
761,1.06,10:48,158,43.3
762,1.06,11:10,157,43.3
763,1.06,11:21,158,42.7
764,1.06,11:16,158,42.7
765,1.06,11:21,159,42.7
766,1.06,11:33,160,42.7
767,1.06,11:33,160,42.7
768,1.07,12:04,160,42.7
769,1.07,12:18,161,42.7
770,1.07,12:46,162,42.7
771,1.07,12:46,161,42.7
772,1.07,12:25,161,42.0
773,1.07,11:58,161,42.0
774,1.07,11:58,161,42.0
775,1.08,11:33,161,42.0
776,1.08,11:45,161,42.0
777,1.08,12:18,161,42.0
778,1.08,12:04,161,42.0
779,1.08,11:52,161,42.0
780,1.08,12:04,161,41.3
781,1.08,11:52,161,41.3
782,1.08,11:33,161,41.3
783,1.09,11:52,161,40.7
784,1.09,12:18,160,40.7
785,1.09,12:04,160,40.7
786,1.09,12:32,159,40.7
787,1.09,12:25,159,40.7
788,1.09,11:52,159,40.7
789,1.09,11:39,160,40.0
790,1.1,12:11,160,40.0
791,1.1,11:33,161,40.0
792,1.1,12:46,161,40.0
793,1.1,13:49,161,40.0
794,1.1,13:58,161,40.0
795,1.1,13:32,160,40.0
796,1.1,13:32,161,40.0
797,1.11,11:58,161,40.0
798,1.11,11:27,162,40.0
799,1.11,11:27,162,40.0
800,1.11,11:39,163,40.0
801,1.11,12:04,163,40.0
802,1.11,12:25,163,40.0
803,1.11,12:32,162,39.4
804,1.11,13:01,163,39.4
805,1.12,12:46,163,39.4
806,1.12,12:53,163,39.4
807,1.12,12:53,163,39.4
808,1.12,12:25,163,39.4
809,1.12,11:52,163,38.7
810,1.12,11:27,163,38.7
811,1.12,11:10,163,38.7
812,1.13,11:10,163,38.7
813,1.13,11:21,163,38.7
814,1.13,11:10,164,38.7
815,1.13,11:52,164,38.7
816,1.13,12:11,163,38.7
817,1.13,12:18,164,38.7
818,1.13,11:16,164,38.7
819,1.14,11:21,163,38.7
820,1.14,10:48,162,38.7
821,1.14,10:18,162,38.7
822,1.14,9:56,162,38.7
823,1.14,10:38,162,38.1
824,1.14,10:38,162,38.1
825,1.15,10:59,161,38.1
826,1.15,11:16,161,38.1
827,1.15,11:52,160,38.1
828,1.15,12:25,161,37.4
829,1.15,12:32,161,37.4
830,1.15,12:32,161,37.4
831,1.15,12:46,160,37.4
832,1.15,12:25,160,37.4
833,1.16,12:25,159,36.7
834,1.16,12:25,159,36.7
835,1.16,12:25,159,36.7
836,1.16,12:39,158,36.7
837,1.16,12:53,157,36.7
838,1.16,11:52,157,36.7
839,1.16,11:58,157,36.7
840,1.17,11:52,157,36.7
841,1.17,11:58,158,36.7
842,1.17,12:04,159,36.7
843,1.17,13:16,158,36.1
844,1.17,13:16,159,36.7
845,1.17,13:16,159,36.1
846,1.17,12:53,159,36.1
847,1.17,12:11,159,36.1
848,1.18,11:39,159,36.1
849,1.18,10:48,159,36.1
850,1.18,10:09,159,36.1
851,1.18,9:47,159,36.1
852,1.18,9:56,158,36.1
853,1.18,9:47,158,36.1
854,1.19,10:23,157,36.1
855,1.19,10:54,156,36.1
856,1.19,11:21,155,36.1
857,1.19,12:32,154,36.1
858,1.19,12:46,154,36.1
859,1.19,12:46,155,36.1
860,1.19,13:24,156,36.1
861,1.2,13:24,156,36.1
862,1.2,12:25,156,35.4
863,1.2,12:25,157,36.1
864,1.2,12:32,157,35.4
865,1.2,11:58,157,35.4
866,1.2,11:52,156,35.4
867,1.2,11:39,156,35.4
868,1.2,11:52,155,35.4
869,1.21,11:52,154,35.4
870,1.21,11:52,154,35.4
871,1.21,11:45,154,35.4
872,1.21,11:52,155,35.4
873,1.21,11:21,157,35.4
874,1.21,11:21,158,35.4
875,1.21,11:58,158,34.8
876,1.22,12:25,159,34.8
877,1.22,12:18,159,34.8
878,1.22,12:53,160,34.1
879,1.22,12:39,160,34.1
880,1.22,12:04,160,34.1
881,1.22,11:52,159,33.5
882,1.22,11:52,158,33.5
883,1.23,11:33,158,33.5
884,1.23,11:45,158,33.5
885,1.23,11:58,158,33.5
886,1.23,12:11,157,33.5
887,1.23,13:08,157,33.5
888,1.23,13:24,157,33.5
889,1.23,13:16,157,33.5
890,1.23,13:24,157,33.5
891,1.24,13:01,157,32.8
892,1.24,11:52,157,32.8
893,1.24,12:04,156,32.8
894,1.24,12:04,155,32.8
895,1.24,11:39,155,32.8
896,1.24,11:45,155,32.8
897,1.24,12:04,155,32.8
898,1.25,11:39,155,32.8
899,1.25,11:52,156,33.5
900,1.25,12:18,156,32.8
901,1.25,12:04,156,32.8
902,1.25,12:25,157,32.8
903,1.25,12:46,157,32.8
904,1.25,12:25,157,32.8
905,1.26,11:58,157,32.8
906,1.26,12:25,157,32.8
907,1.26,12:11,156,32.8
908,1.26,11:58,157,32.8
909,1.26,12:11,157,32.8
910,1.26,12:39,157,32.8
911,1.26,12:32,157,32.8
912,1.26,12:39,157,32.8
913,1.27,13:01,157,32.8
914,1.27,12:39,157,32.8
915,1.27,12:39,157,32.8
916,1.27,13:49,157,32.8
917,1.27,13:32,157,32.8
918,1.27,13:24,156,32.2
919,1.27,14:07,157,32.8
920,1.27,13:58,157,32.8
921,1.28,12:53,158,32.8
922,1.28,13:08,158,32.8
923,1.28,13:01,158,32.2
924,1.28,12:18,159,32.2
925,1.28,11:52,159,32.2
926,1.28,11:33,159,32.2
927,1.28,10:59,158,32.2
928,1.29,10:43,157,31.5
929,1.29,10:54,157,31.5
930,1.29,10:59,157,31.5
931,1.29,10:59,157,31.5
932,1.29,11:33,157,31.5
933,1.29,12:11,156,31.5
934,1.29,12:25,156,31.5
935,1.3,12:53,155,31.5
936,1.3,13:49,155,31.5
937,1.3,13:41,155,30.8
938,1.3,13:08,155,30.8
939,1.3,13:16,156,30.8
940,1.3,13:01,156,30.8
941,1.3,11:52,156,30.8
942,1.31,11:45,155,30.8
943,1.31,11:27,155,30.8
944,1.31,11:05,155,30.8
945,1.31,11:16,155,30.8
946,1.31,12:11,155,30.8
947,1.31,11:58,155,30.8
948,1.31,12:32,155,30.8
949,1.31,12:53,156,30.8
950,1.32,12:25,157,30.2
951,1.32,12:18,158,30.2
952,1.32,12:53,158,30.2
953,1.32,13:01,158,30.2
954,1.32,12:53,158,30.2
955,1.32,13:08,158,30.2
956,1.32,12:39,159,30.2
957,1.33,12:18,159,29.5
958,1.33,11:58,159,29.5
959,1.33,11:21,159,29.5
960,1.33,11:16,159,29.5
961,1.33,11:10,159,29.5
962,1.33,11:16,159,29.5
963,1.33,11:21,159,29.5
964,1.34,11:45,160,29.5
965,1.34,12:04,160,29.5
966,1.34,12:18,160,29.5
967,1.34,12:18,160,29.5
968,1.34,12:18,160,29.5
969,1.34,12:32,160,29.5
970,1.34,12:11,159,29.5
971,1.35,12:04,160,29.5
972,1.35,12:04,159,28.9
973,1.35,13:01,159,28.9
974,1.35,13:41,159,28.9
975,1.35,14:16,159,28.2
976,1.35,15:14,158,28.2
977,1.35,15:24,158,28.2
978,1.35,13:32,159,28.2
979,1.35,13:08,159,28.2
980,1.36,13:01,158,28.2
981,1.36,12:18,158,28.2
982,1.36,11:45,158,28.2
983,1.36,12:18,158,28.2
984,1.36,12:18,158,28.2
985,1.36,11:58,157,28.2
986,1.36,12:04,157,28.2
987,1.37,12:53,156,28.2
988,1.37,12:53,156,28.2
989,1.37,13:08,156,28.2
990,1.37,13:24,155,27.6
991,1.37,13:08,154,27.6
992,1.37,12:39,153,27.6
993,1.37,12:32,152,27.6
994,1.37,12:04,153,27.6
995,1.38,11:33,153,27.6
996,1.38,11:39,154,27.6
997,1.38,12:04,154,27.6
998,1.38,12:53,155,27.6
999,1.38,13:32,155,27.6
1000,1.38,14:34,156,27.6
1001,1.38,14:16,157,27.6
1002,1.39,13:49,157,27.6
1003,1.39,13:16,157,26.9
1004,1.39,12:46,157,26.9
1005,1.39,11:58,157,26.9
1006,1.39,11:39,157,26.9
1007,1.39,11:16,158,26.9
1008,1.39,10:48,158,26.9
1009,1.4,10:48,157,26.9
1010,1.4,11:16,157,26.9
1011,1.4,11:33,158,26.9
1012,1.4,12:04,157,26.9
1013,1.4,12:32,156,26.9
1014,1.4,12:53,156,26.2
1015,1.4,13:01,156,26.2
1016,1.4,13:41,155,26.2
1017,1.41,13:58,155,26.2
1018,1.41,13:41,155,26.2
1019,1.41,13:16,155,26.2
1020,1.41,12:53,156,26.2
1021,1.41,12:18,156,26.2
1022,1.41,11:58,156,26.2
1023,1.41,12:11,156,26.2
1024,1.41,12:04,157,26.2
1025,1.42,12:46,157,26.2
1026,1.42,13:24,157,25.6
1027,1.42,13:24,157,25.6
1028,1.42,13:01,156,25.6
1029,1.42,12:53,155,25.6
1030,1.42,12:18,155,25.6
1031,1.42,11:45,155,25.6
1032,1.43,11:52,155,24.9
1033,1.43,11:45,154,24.9
1034,1.43,11:39,154,24.9
1035,1.43,11:58,154,24.9
1036,1.43,12:46,154,24.9
1037,1.43,12:53,154,24.9
1038,1.43,13:41,153,24.9
1039,1.43,14:54,153,24.9
1040,1.44,14:25,153,24.3
1041,1.44,14:07,151,24.3
1042,1.44,14:25,152,24.3
1043,1.44,14:34,152,24.3
1044,1.44,13:24,151,24.9
1045,1.44,13:16,152,24.9
1046,1.44,12:39,153,24.9
1047,1.44,12:11,153,24.9
1048,1.45,11:58,153,24.3
1049,1.45,12:39,153,24.3
1050,1.45,12:46,153,24.3
1051,1.45,13:24,152,24.3
1052,1.45,13:49,153,24.3
1053,1.45,13:08,152,24.3
1054,1.45,12:46,151,24.3
1055,1.45,13:08,151,24.3
1056,1.46,13:01,151,24.3
1057,1.46,12:32,151,23.6
1058,1.46,12:46,152,23.6
1059,1.46,12:53,153,23.6
1060,1.46,12:11,154,23.6
1061,1.46,12:11,154,23.6
1062,1.46,12:39,153,23.0
1063,1.47,12:39,153,23.0
1064,1.47,12:46,152,23.0
1065,1.47,13:24,152,23.0
1066,1.47,13:01,151,23.0
1067,1.47,12:39,151,23.0
1068,1.47,13:08,151,23.0
1069,1.47,13:08,151,23.0
1070,1.47,12:32,152,23.0
1071,1.48,12:46,152,23.0
1072,1.48,12:11,152,23.0
1073,1.48,11:39,152,23.0
1074,1.48,11:27,152,23.0
1075,1.48,11:52,152,23.0
1076,1.48,11:33,153,23.0
1077,1.48,12:04,153,22.3
1078,1.49,12:11,152,22.3
1079,1.49,12:04,152,22.3
1080,1.49,11:52,153,22.3
1081,1.49,12:39,153,22.3
1082,1.49,12:46,154,22.3
1083,1.49,12:53,155,22.3
1084,1.49,13:01,155,22.3
1085,1.49,13:16,155,22.3
1086,1.5,12:32,155,22.3
1087,1.5,12:18,155,21.7
1088,1.5,12:25,155,21.7
1089,1.5,12:32,155,21.7
1090,1.5,12:25,155,21.7
1091,1.5,12:25,154,21.0
1092,1.5,12:25,154,21.0
1093,1.51,12:46,154,21.0
1094,1.51,12:32,154,21.0
1095,1.51,12:32,154,21.0
1096,1.51,12:39,155,21.7
1097,1.51,12:39,155,21.0
1098,1.51,12:11,154,21.0
1099,1.51,11:52,154,21.0
1100,1.52,11:39,153,21.0
1101,1.52,11:16,152,20.3
1102,1.52,10:59,152,20.3
1103,1.52,11:05,151,20.3
1104,1.52,11:16,152,20.3
1105,1.52,10:33,153,20.3
1106,1.52,10:43,153,19.7
1107,1.53,10:48,154,19.7
1108,1.53,10:28,155,19.7
1109,1.53,10:48,155,19.7
1110,1.53,11:39,155,19.7
1111,1.53,11:45,155,19.7
1112,1.53,12:04,154,19.7
1113,1.53,12:18,154,19.7
1114,1.54,11:52,153,19.0
1115,1.54,11:52,153,19.0
1116,1.54,11:39,153,19.0
1117,1.54,11:33,153,19.0
1118,1.54,11:33,153,19.0
1119,1.54,11:27,154,19.0
1120,1.54,11:21,154,19.0
1121,1.55,11:33,155,19.0
1122,1.55,11:21,155,19.0
1123,1.55,11:21,156,19.0
1124,1.55,11:27,157,19.0
1125,1.55,11:45,158,19.0
1126,1.55,11:39,158,19.0
1127,1.55,12:04,158,18.4
1128,1.56,12:11,158,18.4
1129,1.56,11:58,158,18.4
1130,1.56,11:52,157,18.4
1131,1.56,12:25,158,17.7
1132,1.56,13:32,158,17.7
1133,1.56,13:32,158,17.7
1134,1.56,14:16,159,17.7
1135,1.56,14:16,158,17.7
1136,1.57,13:24,159,17.7
1137,1.57,11:52,159,17.7
1138,1.57,11:16,159,17.7
1139,1.57,10:59,159,17.1
1140,1.57,11:05,159,17.1
1141,1.57,11:45,158,17.1
1142,1.57,12:32,158,17.1
1143,1.58,13:24,158,17.1
1144,1.58,13:01,158,17.1
1145,1.58,12:46,157,17.1
1146,1.58,12:53,157,17.1
1147,1.58,12:11,157,17.1
1148,1.58,11:33,157,17.1
1149,1.58,11:52,157,17.1
1150,1.59,11:52,158,17.1
1151,1.59,10:38,157,17.1
1152,1.59,10:33,157,17.1
1153,1.59,10:48,156,17.1
1154,1.59,10:43,156,16.4
1155,1.59,10:28,156,16.4
1156,1.6,10:38,157,16.4
1157,1.6,11:16,157,16.4
1158,1.6,11:05,157,16.4
1159,1.6,11:33,157,16.4
1160,1.6,12:32,157,16.4
1161,1.6,13:32,157,16.4
1162,1.6,13:24,157,15.7
1163,1.6,13:58,157,15.7
1164,1.6,14:07,156,15.7
1165,1.61,13:24,156,15.7
1166,1.61,13:01,156,15.7
1167,1.61,13:16,155,15.1
1168,1.61,13:58,155,15.1
1169,1.61,13:32,153,15.1
1170,1.61,13:58,152,15.1
1171,1.61,14:25,152,15.1
1172,1.61,13:49,145,15.1
1173,1.62,13:41,141,15.1
1174,1.62,13:58,135,15.1
1175,1.62,13:58,138,15.1
1176,1.62,14:07,138,15.1
1177,1.62,14:07,138,15.1
1178,1.62,13:41,138,15.1
1179,1.62,13:32,138,15.1
1180,1.62,13:08,137,14.4
1181,1.63,12:32,134,14.4
1182,1.63,12:46,131,14.4
1183,1.63,12:46,134,14.4
1184,1.63,12:39,140,14.4
1185,1.63,12:39,144,14.4
1186,1.63,13:01,148,13.8
1187,1.63,11:58,151,13.8
1188,1.64,11:39,153,13.8
1189,1.64,11:21,153,13.8
1190,1.64,10:33,156,13.8
1191,1.64,10:28,156,14.4
1192,1.64,11:16,158,14.4
1193,1.64,10:59,158,14.4
1194,1.64,11:27,159,14.4
1195,1.65,12:39,159,14.4
1196,1.65,12:25,159,13.8
1197,1.65,12:25,160,13.8
1198,1.65,13:01,160,13.8
1199,1.65,12:46,159,13.8
1200,1.65,12:46,159,13.1
1201,1.65,13:24,159,13.1
1202,1.65,12:53,157,13.1
1203,1.66,12:46,156,13.1
1204,1.66,12:39,155,13.1
1205,1.66,12:18,155,13.1
1206,1.66,12:39,155,13.1
1207,1.66,12:53,156,13.1
1208,1.66,12:53,156,13.1
1209,1.66,13:16,156,13.1
1210,1.67,13:32,156,12.5
1211,1.67,12:39,156,12.5
1212,1.67,12:39,157,12.5
1213,1.67,12:04,156,12.5
1214,1.67,11:45,156,12.5
1215,1.67,11:39,155,12.5
1216,1.67,11:45,154,12.5
1217,1.68,11:16,154,12.5
1218,1.68,12:18,154,12.5
1219,1.68,11:52,154,12.5
1220,1.68,11:33,154,12.5
1221,1.68,11:58,154,12.5
1222,1.68,12:11,153,12.5
1223,1.68,11:27,154,12.5
1224,1.68,12:18,154,12.5
1225,1.69,13:16,154,13.1
1226,1.69,13:01,154,13.1
1227,1.69,13:32,154,13.1
1228,1.69,14:16,155,13.1
1229,1.69,14:07,154,13.1
1230,1.69,14:25,154,13.1
1231,1.69,13:58,154,13.1
1232,1.69,13:58,154,12.5
1233,1.7,14:16,153,12.5
1234,1.7,13:58,153,13.1
1235,1.7,12:53,154,13.1
1236,1.7,13:32,154,13.1
1237,1.7,13:49,154,13.1
1238,1.7,13:24,154,13.1
1239,1.7,13:41,155,13.1
1240,1.7,13:49,156,12.5
1241,1.71,12:39,157,12.5
1242,1.71,12:04,158,12.5
1243,1.71,11:33,158,12.5
1244,1.71,10:48,158,13.1
1245,1.71,10:54,158,13.1
1246,1.71,11:16,158,13.1
1247,1.71,11:27,159,13.1
1248,1.72,11:33,159,13.1
1249,1.72,11:58,160,13.1
1250,1.72,11:45,160,13.1
1251,1.72,11:45,160,13.1
1252,1.72,11:39,160,13.1
1253,1.72,11:33,161,13.1
1254,1.72,11:27,161,13.1
1255,1.73,11:27,161,13.1
1256,1.73,11:58,161,13.1
1257,1.73,11:58,161,13.1
1258,1.73,12:32,161,13.1
1259,1.73,11:58,161,13.1
1260,1.73,12:04,160,13.1
1261,1.73,11:21,159,13.1
1262,1.74,11:05,159,13.1
1263,1.74,10:54,158,12.5
1264,1.74,11:33,157,12.5
1265,1.74,11:45,157,12.5
1266,1.74,11:39,157,12.5
1267,1.74,11:39,157,12.5
1268,1.74,11:45,157,12.5
1269,1.75,12:04,157,12.5
1270,1.75,11:45,157,12.5
1271,1.75,12:32,157,12.5
1272,1.75,12:53,157,12.5
1273,1.75,12:39,156,12.5
1274,1.75,13:08,156,12.5
1275,1.75,13:32,155,12.5
1276,1.75,13:08,154,12.5
1277,1.76,13:24,154,12.5
1278,1.76,13:41,153,12.5
1279,1.76,12:32,153,12.5
1280,1.76,12:46,154,12.5
1281,1.76,13:08,154,12.5
1282,1.76,13:16,155,12.5
1283,1.76,13:49,155,11.8
1284,1.76,13:58,154,11.8
1285,1.77,14:07,155,11.8
1286,1.77,13:41,155,11.8
1287,1.77,13:01,154,11.8
1288,1.77,12:53,153,11.8
1289,1.77,13:16,153,11.8
1290,1.77,12:39,153,11.8
1291,1.77,13:08,153,11.8
1292,1.77,13:58,153,11.8
1293,1.78,12:53,153,11.8
1294,1.78,12:53,153,11.8
1295,1.78,12:25,152,11.8
1296,1.78,11:27,152,11.8
1297,1.78,10:54,152,11.2
1298,1.78,10:38,151,11.8
1299,1.79,10:28,151,11.8
1300,1.79,10:54,152,11.2
1301,1.79,11:10,153,11.2
1302,1.79,11:21,153,11.2
1303,1.79,12:11,153,10.5
1304,1.79,12:11,153,10.5
1305,1.79,12:32,154,10.5
1306,1.79,13:08,154,10.5
1307,1.8,13:24,154,10.5
1308,1.8,13:32,154,10.5
1309,1.8,13:24,154,11.2
1310,1.8,12:25,154,11.2
1311,1.8,12:04,154,11.2
1312,1.8,12:11,154,11.2
1313,1.8,11:45,154,11.2
1314,1.8,12:32,153,11.2
1315,1.81,13:24,153,11.2
1316,1.81,13:41,153,11.2
1317,1.81,13:01,153,11.2
1318,1.81,13:24,153,11.2
1319,1.81,12:32,154,11.2
1320,1.81,12:39,154,11.2
1321,1.81,12:25,154,11.2
1322,1.82,12:39,154,11.2
1323,1.82,13:01,153,11.2
1324,1.82,13:41,152,11.2
1325,1.82,13:58,152,11.2
1326,1.82,13:49,152,11.2
1327,1.82,13:32,152,11.2
1328,1.82,13:49,153,11.2
1329,1.82,13:16,153,11.2
1330,1.83,12:46,154,11.2
1331,1.83,13:32,154,10.5
1332,1.83,14:25,154,10.5
1333,1.83,13:24,154,10.5
1334,1.83,14:07,154,10.5
1335,1.83,13:08,154,10.5
1336,1.83,12:46,155,10.5
1337,1.83,12:46,154,10.5
1338,1.84,12:53,153,10.5
1339,1.84,12:11,153,10.5
1340,1.84,12:25,152,11.2
1341,1.84,11:45,152,11.2
1342,1.84,11:10,152,11.2
1343,1.84,11:33,152,11.2
1344,1.84,11:45,152,11.2
1345,1.85,12:11,152,11.8
1346,1.85,13:01,152,11.8
1347,1.85,13:01,152,11.8
1348,1.85,12:25,152,11.8
1349,1.85,12:25,154,11.8
1350,1.85,13:24,154,11.8
1351,1.85,14:07,154,11.8
1352,1.85,13:41,154,12.5
1353,1.86,13:58,154,12.5
1354,1.86,13:32,154,12.5
1355,1.86,12:32,153,12.5
1356,1.86,11:45,153,12.5
1357,1.86,11:52,152,12.5
1358,1.86,11:33,152,12.5
1359,1.86,11:27,153,12.5
1360,1.87,11:39,152,12.5
1361,1.87,11:21,153,12.5
1362,1.87,11:45,153,12.5
1363,1.87,11:45,154,13.1
1364,1.87,12:32,155,13.1
1365,1.87,12:25,155,13.1
1366,1.87,12:25,155,13.1
1367,1.87,12:25,156,13.1
1368,1.88,13:41,156,13.1
1369,1.88,14:16,156,13.1
1370,1.88,14:07,156,13.1
1371,1.88,14:54,156,13.1
1372,1.88,15:46,155,13.1
1373,1.88,15:04,156,13.1
1374,1.88,13:41,156,13.1
1375,1.88,13:41,156,13.1
1376,1.89,13:24,156,13.1
1377,1.89,12:18,156,13.1
1378,1.89,12:04,155,13.1
1379,1.89,12:32,155,13.1
1380,1.89,12:53,156,13.1
1381,1.89,13:16,156,12.5
1382,1.89,15:04,157,12.5
1383,1.89,15:35,156,13.1
1384,1.89,15:35,158,13.1
1385,1.9,16:09,158,13.1
1386,1.9,15:57,158,13.1
1387,1.9,13:32,158,13.1
1388,1.9,12:32,159,12.5
1389,1.9,11:58,159,12.5
1390,1.9,11:05,159,12.5
1391,1.9,10:38,158,12.5
1392,1.91,11:05,158,12.5
1393,1.91,11:45,158,12.5
1394,1.91,12:11,158,13.1
1395,1.91,12:39,158,13.1
1396,1.91,13:41,158,12.5
1397,1.91,13:08,159,12.5
1398,1.91,12:18,159,12.5
1399,1.92,11:33,160,12.5
1400,1.92,11:05,158,12.5
1401,1.92,10:54,159,12.5
1402,1.92,11:39,159,12.5
1403,1.92,12:32,159,12.5
1404,1.92,13:16,159,12.5
1405,1.92,13:01,159,12.5
1406,1.92,12:53,159,12.5
1407,1.93,12:53,160,12.5
1408,1.93,12:32,160,12.5
1409,1.93,12:18,161,12.5
1410,1.93,12:53,161,12.5
1411,1.93,12:39,161,12.5
1412,1.93,12:32,161,12.5
1413,1.93,12:32,162,12.5
1414,1.93,13:08,162,12.5
1415,1.94,13:08,162,12.5
1416,1.94,12:32,161,12.5
1417,1.94,12:25,161,12.5
1418,1.94,12:18,160,12.5
1419,1.94,11:39,159,12.5
1420,1.94,11:45,159,12.5
1421,1.94,12:46,159,12.5
1422,1.95,12:11,159,12.5
1423,1.95,12:25,160,12.5
1424,1.95,12:46,159,12.5
1425,1.95,12:32,159,12.5
1426,1.95,12:18,159,12.5
1427,1.95,13:01,158,12.5
1428,1.95,12:46,158,12.5
1429,1.96,12:53,159,12.5
1430,1.96,13:32,159,13.1
1431,1.96,13:16,158,13.1
1432,1.96,12:53,158,13.1
1433,1.96,12:53,158,13.1
1434,1.96,12:25,158,13.1
1435,1.96,11:52,158,13.1
1436,1.96,11:21,158,13.1
1437,1.97,11:21,158,13.1
1438,1.97,11:21,157,13.1
1439,1.97,11:33,157,13.1
1440,1.97,11:58,156,13.1
1441,1.97,13:01,157,13.1
1442,1.97,13:01,156,13.1
1443,1.97,12:53,155,13.1
1444,1.98,12:53,155,13.1
1445,1.98,12:32,155,13.1
1446,1.98,11:52,155,13.1
1447,1.98,11:58,155,13.1
1448,1.98,12:04,155,13.8
1449,1.98,11:45,155,13.8
1450,1.98,12:18,156,13.8
1451,1.98,13:01,156,13.8
1452,1.99,13:32,156,13.8
1453,1.99,14:07,155,13.8
1454,1.99,16:09,155,13.8
1455,1.99,15:57,154,13.8
1456,1.99,15:35,154,13.8
1457,1.99,15:14,153,13.8
1458,1.99,14:16,153,13.8
1459,1.99,13:24,153,13.8
1460,2.0,13:08,154,13.8
1461,2.0,12:25,154,13.8
1462,2.0,12:25,154,13.8
1463,2.0,12:39,155,13.8
1464,2.0,12:18,155,13.8
1465,2.0,12:04,155,13.8
1466,2.0,12:11,156,14.4
1467,2.01,11:45,155,14.4
1468,2.01,11:45,155,14.4
1469,2.01,11:52,155,14.4
1470,2.01,11:52,154,14.4
1471,2.01,11:58,153,13.8
1472,2.01,12:25,153,13.8
1473,2.01,12:04,154,13.8
1474,2.01,12:18,155,13.8
1475,2.02,12:32,155,13.8
1476,2.02,12:46,156,13.8
1477,2.02,12:18,156,13.8
1478,2.02,12:39,156,13.8
1479,2.02,12:46,157,13.8
1480,2.02,12:53,157,13.8
1481,2.02,13:16,156,13.8
1482,2.02,13:49,156,13.8
1483,2.03,13:58,156,13.8
1484,2.03,14:07,155,13.8
1485,2.03,14:25,155,13.8
1486,2.03,12:53,154,13.8
1487,2.03,12:39,154,13.8
1488,2.03,13:16,154,13.8
1489,2.03,12:04,153,13.1
1490,2.04,11:27,154,13.1
1491,2.04,12:46,154,13.1
1492,2.04,13:24,154,13.1
1493,2.04,12:11,153,13.1
1494,2.04,13:01,152,13.1
1495,2.04,13:24,152,13.8
1496,2.04,13:24,152,13.8
1497,2.04,13:49,151,13.8
1498,2.04,15:35,150,13.8
1499,2.05,15:24,150,13.8
1500,2.05,14:54,150,13.8
1501,2.05,13:16,150,13.1
1502,2.05,12:25,149,13.1
1503,2.05,11:52,149,13.1
1504,2.05,11:39,149,13.1
1505,2.05,11:27,150,13.1
1506,2.06,12:18,151,13.1
1507,2.06,12:04,150,13.1
1508,2.06,11:58,151,13.1
1509,2.06,12:32,151,13.1
1510,2.06,13:08,150,13.1
1511,2.06,13:01,150,13.1
1512,2.06,14:16,151,13.1
1513,2.06,13:24,151,13.1
1514,2.07,12:46,151,13.1
1515,2.07,12:53,151,13.1
1516,2.07,13:01,151,13.1
1517,2.07,12:46,152,13.1
1518,2.07,13:24,152,13.1
1519,2.07,13:58,153,13.1
1520,2.07,13:32,153,13.1
1521,2.07,13:16,153,13.1
1522,2.08,12:46,152,13.1
1523,2.08,12:18,151,13.1
1524,2.08,12:11,152,13.1
1525,2.08,13:08,152,13.1
1526,2.08,13:58,152,13.1
1527,2.08,13:58,152,13.1
1528,2.08,14:34,153,13.1
1529,2.08,14:44,153,13.1
1530,2.09,14:34,153,12.5
1531,2.09,13:49,154,12.5
1532,2.09,13:41,154,13.1
1533,2.09,13:41,154,12.5
1534,2.09,12:53,155,12.5
1535,2.09,12:18,155,12.5
1536,2.09,12:04,155,12.5
1537,2.09,12:04,154,11.8
1538,2.1,12:04,153,11.8
1539,2.1,12:32,154,11.8
1540,2.1,11:52,154,11.8
1541,2.1,11:39,155,11.8
1542,2.1,11:39,156,11.8
1543,2.1,12:18,156,11.8
1544,2.1,13:01,156,11.8
1545,2.1,14:07,156,12.5
1546,2.11,14:54,155,12.5
1547,2.11,14:54,155,12.5
1548,2.11,14:25,155,12.5
1549,2.11,13:16,154,12.5
1550,2.11,12:46,153,12.5
1551,2.11,13:08,152,12.5
1552,2.11,13:24,152,12.5
1553,2.12,12:53,152,12.5
1554,2.12,13:08,152,12.5
1555,2.12,13:01,152,12.5
1556,2.12,12:11,152,12.5
1557,2.12,12:25,151,12.5
1558,2.12,12:11,151,12.5
1559,2.12,11:39,152,12.5
1560,2.12,12:04,151,12.5
1561,2.13,12:32,151,12.5
1562,2.13,12:32,152,12.5
1563,2.13,12:46,152,12.5
1564,2.13,13:58,153,12.5
1565,2.13,14:07,153,12.5
1566,2.13,14:16,154,12.5
1567,2.13,14:16,154,12.5
1568,2.13,14:07,154,12.5
1569,2.14,13:41,154,12.5
1570,2.14,13:16,154,12.5
1571,2.14,12:32,154,12.5
1572,2.14,11:58,154,12.5
1573,2.14,12:32,153,12.5
1574,2.14,13:01,153,12.5
1575,2.14,13:01,153,12.5
1576,2.14,14:25,154,12.5
1577,2.15,14:16,154,13.1
1578,2.15,13:16,154,13.1
1579,2.15,13:08,154,13.1
1580,2.15,12:53,153,13.1
1581,2.15,11:39,154,13.1
1582,2.15,12:04,154,12.5
1583,2.15,12:46,154,12.5
1584,2.16,12:18,154,12.5
1585,2.16,13:08,154,12.5
1586,2.16,13:58,153,12.5
1587,2.16,13:16,154,12.5
1588,2.16,12:32,155,12.5
1589,2.16,12:25,155,12.5
1590,2.16,11:39,155,12.5
1591,2.16,11:27,155,12.5
1592,2.17,11:58,156,12.5
1593,2.17,12:32,156,12.5
1594,2.17,12:53,156,12.5
1595,2.17,13:24,155,12.5
1596,2.17,13:58,154,12.5
1597,2.17,14:16,153,12.5
1598,2.17,13:41,152,12.5
1599,2.17,13:08,152,12.5
1600,2.18,13:24,151,12.5
1601,2.18,13:41,152,12.5
1602,2.18,12:53,152,12.5
1603,2.18,13:32,153,12.5
1604,2.18,13:24,153,12.5
1605,2.18,12:46,153,12.5
1606,2.18,11:45,153,12.5
1607,2.19,11:52,153,12.5
1608,2.19,11:52,152,12.5
1609,2.19,12:32,150,12.5
1610,2.19,12:46,150,11.8
1611,2.19,13:24,151,11.8
1612,2.19,14:07,151,12.5
1613,2.19,14:16,152,12.5
1614,2.19,14:44,152,12.5
1615,2.19,14:54,152,12.5
1616,2.2,14:25,152,12.5
1617,2.2,13:01,152,12.5
1618,2.2,12:32,152,12.5
1619,2.2,11:58,151,12.5
1620,2.2,12:11,150,12.5
1621,2.2,12:04,150,12.5
1622,2.2,13:01,151,12.5
1623,2.2,13:41,151,12.5
1624,2.21,13:32,151,12.5
1625,2.21,12:53,153,12.5
1626,2.21,13:24,152,12.5
1627,2.21,13:24,152,12.5
1628,2.21,13:01,152,12.5
1629,2.21,13:01,152,12.5
1630,2.21,13:24,152,12.5
1631,2.22,13:41,151,12.5
1632,2.22,12:46,149,12.5
1633,2.22,12:18,148,12.5
1634,2.22,11:58,147,11.8
1635,2.22,11:45,147,11.8
1636,2.22,11:21,146,11.8
1637,2.22,11:33,145,11.8
1638,2.22,12:18,146,11.8
1639,2.23,13:32,146,11.8
1640,2.23,13:16,146,11.8
1641,2.23,13:58,146,11.8
1642,2.23,15:24,148,11.8
1643,2.23,14:54,148,11.8
1644,2.23,14:34,148,11.8
1645,2.23,15:14,148,11.8
1646,2.23,14:44,149,11.8
1647,2.24,13:08,150,11.8
1648,2.24,13:24,150,11.8
1649,2.24,11:21,149,11.8
1650,2.24,11:16,149,12.5
1651,2.24,11:52,149,12.5
1652,2.24,12:53,149,12.5
1653,2.24,12:46,149,12.5
1654,2.24,15:04,149,12.5
1655,2.25,14:44,150,12.5
1656,2.25,13:49,151,12.5
1657,2.25,14:16,151,12.5
1658,2.25,14:34,152,12.5
1659,2.25,14:25,151,12.5
1660,2.25,15:04,150,11.8
1661,2.25,14:44,151,11.8
1662,2.25,13:49,151,11.8
1663,2.26,13:32,151,12.5
1664,2.26,13:01,151,12.5
1665,2.26,12:39,151,12.5
1666,2.26,13:08,151,12.5
1667,2.26,13:24,149,12.5
1668,2.26,12:53,149,11.8
1669,2.26,13:32,149,11.8
1670,2.26,14:16,150,11.8
1671,2.27,13:41,150,11.8
1672,2.27,13:16,150,11.8
1673,2.27,13:49,150,11.8
1674,2.27,13:32,150,11.8
1675,2.27,12:53,150,11.8
1676,2.27,13:32,150,11.8
1677,2.27,14:07,151,11.8
1678,2.27,13:58,151,11.8
1679,2.27,13:58,151,11.8
1680,2.28,13:41,150,11.8
1681,2.28,13:01,150,11.8
1682,2.28,12:18,150,11.8
1683,2.28,12:04,151,11.8
1684,2.28,11:52,151,11.8
1685,2.28,12:39,151,11.8
1686,2.28,12:46,152,11.8
1687,2.29,12:46,152,11.8
1688,2.29,12:53,150,11.8
1689,2.29,13:41,151,11.8
1690,2.29,13:01,151,11.8
1691,2.29,13:16,151,11.8
1692,2.29,14:44,152,11.8
1693,2.29,14:34,152,11.8
1694,2.29,13:49,151,11.8
1695,2.3,14:25,151,11.8
1696,2.3,14:16,151,11.8
1697,2.3,12:53,151,11.8
1698,2.3,12:53,150,11.8
1699,2.3,13:08,149,11.8
1700,2.3,12:53,149,11.8
1701,2.3,13:08,148,11.8
1702,2.3,14:16,149,11.8
1703,2.3,15:24,148,11.2
1704,2.31,15:35,149,11.2
1705,2.31,15:14,148,11.2
1706,2.31,15:04,148,11.8
1707,2.31,14:34,149,11.8
1708,2.31,14:07,151,11.8
1709,2.31,13:32,151,11.8
1710,2.31,13:41,152,11.8
1711,2.31,13:24,152,11.2
1712,2.32,13:32,153,11.8
1713,2.32,13:08,153,11.8
1714,2.32,13:32,153,11.8
1715,2.32,13:24,152,11.8
1716,2.32,13:41,152,11.8
1717,2.32,13:16,152,11.2
1718,2.32,13:24,151,11.2
1719,2.32,13:24,151,11.2
1720,2.33,13:41,152,11.2
1721,2.33,13:58,152,11.2
1722,2.33,13:58,152,11.2
1723,2.33,13:58,152,11.8
1724,2.33,13:58,152,11.8
1725,2.33,13:49,151,11.8
1726,2.33,13:01,151,11.8
1727,2.33,13:08,151,11.8
1728,2.34,13:08,151,11.8
1729,2.34,13:01,150,11.8
1730,2.34,13:01,149,11.8
1731,2.34,13:41,148,11.8
1732,2.34,13:24,149,11.8
1733,2.34,13:32,149,11.8
1734,2.34,13:58,150,11.8
1735,2.34,14:34,150,11.8
1736,2.34,14:07,150,11.8
1737,2.35,14:25,149,11.8
1738,2.35,14:44,149,11.8
1739,2.35,14:07,150,11.8
1740,2.35,13:16,149,11.8
1741,2.35,13:16,149,11.8
1742,2.35,13:16,148,11.8
1743,2.35,12:32,148,11.8
1744,2.36,12:25,148,11.8
1745,2.36,13:01,148,11.8
1746,2.36,13:16,149,11.8
1747,2.36,13:49,149,11.8
1748,2.36,14:44,149,11.8
1749,2.36,15:35,148,11.8
1750,2.36,14:44,148,11.8
1751,2.36,14:44,147,11.8
1752,2.36,14:44,146,11.8
1753,2.37,14:34,145,11.8
1754,2.37,13:58,146,11.8
1755,2.37,13:58,146,11.8
1756,2.37,14:07,146,11.8
1757,2.37,13:16,147,11.8
1758,2.37,12:39,147,11.8
1759,2.37,13:08,146,11.8
1760,2.37,13:41,146,11.8
1761,2.38,12:53,147,11.8
1762,2.38,13:08,147,11.8
1763,2.38,13:41,148,12.5
1764,2.38,12:32,149,12.5
1765,2.38,11:58,149,12.5
1766,2.38,12:25,149,12.5
1767,2.38,12:04,149,12.5
1768,2.38,11:58,150,12.5
1769,2.39,12:18,150,12.5
1770,2.39,12:53,150,12.5
1771,2.39,13:01,149,12.5
1772,2.39,13:08,149,12.5
1773,2.39,13:49,149,12.5
1774,2.39,14:34,150,12.5
1775,2.39,13:58,151,12.5
1776,2.39,13:49,152,12.5
1777,2.4,14:07,153,12.5
1778,2.4,13:32,153,12.5
1779,2.4,12:53,153,12.5
1780,2.4,12:53,153,12.5
1781,2.4,12:46,153,12.5
1782,2.4,13:32,153,13.1
1783,2.4,13:24,153,13.1
1784,2.4,13:41,153,13.1
1785,2.41,15:14,153,13.1
1786,2.41,15:46,153,13.1
1787,2.41,15:14,153,13.8
1788,2.41,15:46,153,13.8
1789,2.41,16:09,152,13.8
1790,2.41,14:25,153,13.8
1791,2.41,13:41,153,13.8
1792,2.41,13:24,154,13.8
1793,2.41,13:32,153,13.8
1794,2.42,13:08,154,13.8
1795,2.42,12:53,153,13.8
1796,2.42,13:24,153,13.8
1797,2.42,12:53,153,13.8
1798,2.42,12:25,153,13.8
1799,2.42,12:46,153,13.8
1800,2.42,12:53,153,13.8
1801,2.43,12:25,153,13.8
1802,2.43,12:25,154,13.8
1803,2.43,12:39,155,13.8
1804,2.43,12:18,155,13.8
1805,2.43,12:46,155,13.8
1806,2.43,13:16,155,13.8
1807,2.43,13:08,155,13.8
1808,2.43,12:46,155,13.8
1809,2.44,12:53,155,13.8
1810,2.44,12:18,155,13.8
1811,2.44,13:01,155,14.4
1812,2.44,13:49,155,14.4
1813,2.44,13:58,156,14.4
1814,2.44,14:34,155,14.4
1815,2.44,14:44,156,14.4
1816,2.44,13:24,156,14.4
1817,2.45,12:53,156,13.8
1818,2.45,13:01,157,13.8
1819,2.45,12:18,158,13.8
1820,2.45,12:11,158,13.8
1821,2.45,12:11,159,13.8
1822,2.45,12:39,159,13.8
1823,2.45,11:45,160,13.8
1824,2.46,11:45,160,13.8
1825,2.46,12:04,161,13.8
1826,2.46,12:11,161,14.4
1827,2.46,11:58,162,14.4
1828,2.46,12:25,163,14.4
1829,2.46,12:32,162,14.4
1830,2.46,12:11,163,14.4
1831,2.46,12:18,162,14.4
1832,2.47,12:11,162,14.4
1833,2.47,12:25,163,14.4
1834,2.47,12:46,163,14.4
1835,2.47,13:01,164,14.4
1836,2.47,12:25,164,13.8
1837,2.47,12:32,163,13.8
1838,2.47,12:53,162,13.8
1839,2.47,12:46,162,13.8
1840,2.48,12:53,161,13.8
1841,2.48,13:41,160,14.4
1842,2.48,13:01,160,14.4
1843,2.48,12:25,161,14.4
1844,2.48,12:32,160,14.4
1845,2.48,12:39,160,14.4
1846,2.48,12:11,160,14.4
1847,2.49,12:39,160,14.4
1848,2.49,13:08,161,14.4
1849,2.49,12:39,161,14.4
1850,2.49,12:25,160,14.4
1851,2.49,11:58,160,14.4
1852,2.49,11:45,159,14.4
1853,2.49,11:39,157,14.4
1854,2.5,12:04,157,14.4
1855,2.5,11:39,157,14.4
1856,2.5,11:58,157,15.1
1857,2.5,12:25,157,15.1
1858,2.5,13:16,157,15.1
1859,2.5,13:32,157,15.1
1860,2.5,15:04,157,15.1
1861,2.5,16:21,157,15.1
1862,2.5,16:21,157,15.1
1863,2.51,14:44,157,14.4
1864,2.51,14:25,157,14.4
1865,2.51,13:24,157,14.4
1866,2.51,12:18,157,14.4
1867,2.51,12:11,157,14.4
1868,2.51,12:32,157,14.4
1869,2.51,12:39,157,14.4
1870,2.52,12:32,158,14.4
1871,2.52,13:24,157,14.4
1872,2.52,13:08,156,14.4
1873,2.52,12:53,156,14.4
1874,2.52,13:16,156,13.8
1875,2.52,13:49,157,13.8
1876,2.52,13:16,157,13.8
1877,2.52,13:24,157,13.8
1878,2.52,14:07,156,14.4
1879,2.53,13:08,155,14.4
1880,2.53,13:01,155,14.4
1881,2.53,13:49,155,14.4
1882,2.53,13:32,155,14.4
1883,2.53,12:32,155,14.4
1884,2.53,13:01,156,14.4
1885,2.53,13:16,155,13.8
1886,2.54,12:53,156,13.8
1887,2.54,13:16,157,13.8
1888,2.54,13:49,156,13.8
1889,2.54,13:16,157,13.8
1890,2.54,12:53,156,13.8
1891,2.54,12:46,157,13.8
1892,2.54,12:32,157,13.8
1893,2.54,12:18,157,13.8
1894,2.55,12:46,157,13.8
1895,2.55,12:32,156,13.8
1896,2.55,12:53,156,13.8
1897,2.55,13:16,157,13.8
1898,2.55,13:08,157,13.8
1899,2.55,13:08,158,13.8
1900,2.55,13:41,158,13.8
1901,2.55,13:08,158,13.1
1902,2.56,13:32,158,13.1
1903,2.56,13:16,157,13.8
1904,2.56,12:53,158,14.4
1905,2.56,12:32,157,14.4
1906,2.56,12:39,157,14.4
1907,2.56,12:04,157,14.4
1908,2.56,12:46,156,13.8
1909,2.56,13:01,155,13.8
1910,2.57,13:41,155,13.8
1911,2.57,13:32,154,13.8
1912,2.57,14:34,154,13.8
1913,2.57,14:54,154,13.8
1914,2.57,15:14,151,13.8
1915,2.57,14:44,148,13.8
1916,2.57,15:35,148,13.8
1917,2.57,14:25,149,13.8
1918,2.58,13:58,149,13.8
1919,2.58,13:24,149,13.8
1920,2.58,13:32,143,13.8
1921,2.58,13:32,144,13.8
1922,2.58,13:58,146,14.4
1923,2.58,14:16,147,14.4
1924,2.58,14:16,148,13.8
1925,2.58,14:34,149,13.8
1926,2.58,13:58,150,13.8
1927,2.59,13:08,152,13.8
1928,2.59,12:46,153,13.8
1929,2.59,13:01,153,13.8
1930,2.59,12:25,152,13.8
1931,2.59,12:32,152,13.8
1932,2.59,13:08,151,13.8
1933,2.59,13:01,150,13.8
1934,2.6,12:46,149,13.8
1935,2.6,13:16,149,13.1
1936,2.6,13:58,149,13.1
1937,2.6,13:32,149,13.1
1938,2.6,13:24,150,13.1
1939,2.6,13:49,150,13.1
1940,2.6,13:58,150,13.1
1941,2.6,13:01,150,13.8
1942,2.6,13:24,151,13.8
1943,2.61,14:16,150,13.8
1944,2.61,13:32,151,13.8
1945,2.61,13:32,150,13.1
1946,2.61,15:46,149,13.1
1947,2.61,15:46,149,13.1
1948,2.61,15:14,150,13.1
1949,2.61,17:25,150,13.1
1950,2.61,17:25,150,13.1
1951,2.61,15:35,150,13.1
1952,2.62,15:35,151,13.1
1953,2.62,14:54,151,13.1
1954,2.62,13:01,151,13.1
1955,2.62,12:04,150,13.1
1956,2.62,11:27,149,13.1
1957,2.62,11:21,149,13.1
1958,2.62,11:52,149,13.1
1959,2.63,12:11,149,13.1
1960,2.63,13:24,150,13.1
1961,2.63,13:32,149,13.1
1962,2.63,13:24,149,13.1
1963,2.63,12:39,149,13.1
1964,2.63,12:39,149,13.1
1965,2.63,12:18,148,13.1
1966,2.63,12:53,149,13.1
1967,2.64,12:53,149,13.1
1968,2.64,14:16,149,13.1
1969,2.64,15:35,148,13.1
1970,2.64,17:38,148,13.1
1971,2.64,17:52,148,13.1
1972,2.64,18:37,148,13.1
1973,2.64,17:52,149,13.1
1974,2.64,16:21,148,13.1
1975,2.64,14:25,148,13.1
1976,2.64,13:58,148,13.1
1977,2.65,13:24,148,13.1
1978,2.65,13:16,147,13.1
1979,2.65,13:08,146,13.1
1980,2.65,13:41,146,13.1
1981,2.65,13:16,147,13.1
1982,2.65,13:49,147,13.1
1983,2.65,13:24,148,13.1
1984,2.65,14:07,148,13.1
1985,2.66,13:32,148,13.1
1986,2.66,13:58,148,13.1
1987,2.66,13:41,148,13.1
1988,2.66,13:16,148,13.1
1989,2.66,12:39,148,13.1
1990,2.66,12:46,148,13.1
1991,2.66,11:58,147,13.1
1992,2.67,11:58,148,13.1
1993,2.67,12:18,147,13.1
1994,2.67,11:21,146,13.1
1995,2.67,11:45,145,13.1
1996,2.67,13:01,146,13.1
1997,2.67,13:08,145,13.1
1998,2.67,12:53,145,13.1
1999,2.67,14:25,146,13.1
2000,2.68,13:32,146,13.1
2001,2.68,13:01,146,13.1
2002,2.68,12:32,147,13.1
2003,2.68,12:53,148,13.1
2004,2.68,12:04,148,13.1
2005,2.68,11:33,149,13.1
2006,2.68,11:10,149,12.5
2007,2.69,11:16,149,12.5
2008,2.69,11:27,149,12.5
2009,2.69,12:32,149,12.5
2010,2.69,13:32,149,12.5
2011,2.69,14:16,150,12.5
2012,2.69,14:34,149,12.5
2013,2.69,14:44,150,12.5
2014,2.69,14:34,150,12.5
2015,2.69,15:04,151,11.8
2016,2.7,14:16,152,11.8
2017,2.7,14:34,151,11.8
2018,2.7,14:07,152,11.8
2019,2.7,14:44,152,11.8
2020,2.7,14:16,151,11.8
2021,2.7,14:34,151,11.8
2022,2.7,15:14,151,11.8
2023,2.7,15:35,151,12.5
2024,2.7,14:34,151,12.5
2025,2.71,13:16,152,11.8
2026,2.71,12:46,152,11.8
2027,2.71,11:33,152,12.5
2028,2.71,11:21,152,12.5
2029,2.71,11:21,152,12.5
2030,2.71,11:58,152,12.5
2031,2.71,12:32,152,12.5
2032,2.72,13:24,152,12.5
2033,2.72,12:46,152,12.5
2034,2.72,13:16,151,12.5
2035,2.72,14:07,150,12.5
2036,2.72,14:16,151,12.5
2037,2.72,13:32,151,12.5
2038,2.72,14:34,151,12.5
2039,2.72,13:32,150,12.5
2040,2.73,12:11,151,12.5
2041,2.73,11:52,152,12.5
2042,2.73,12:04,152,12.5
2043,2.73,11:52,152,12.5
2044,2.73,12:04,152,12.5
2045,2.73,12:46,151,12.5
2046,2.73,12:53,151,12.5
2047,2.74,13:08,152,12.5
2048,2.74,13:32,152,12.5
2049,2.74,13:32,152,12.5
2050,2.74,13:58,152,12.5
2051,2.74,14:25,152,12.5
2052,2.74,14:44,151,12.5
2053,2.74,14:07,151,12.5
2054,2.74,14:07,150,12.5
2055,2.74,14:07,149,12.5
2056,2.75,14:07,150,12.5
2057,2.75,12:53,150,12.5
2058,2.75,13:08,151,12.5
2059,2.75,13:08,151,12.5
2060,2.75,12:32,151,12.5
2061,2.75,12:04,152,12.5
2062,2.75,12:11,152,12.5
2063,2.76,12:25,152,12.5
2064,2.76,12:32,152,12.5
2065,2.76,12:32,152,12.5
2066,2.76,12:46,152,12.5
2067,2.76,13:58,151,12.5
2068,2.76,14:07,151,12.5
2069,2.76,13:41,152,12.5
2070,2.76,13:58,152,12.5
2071,2.77,13:49,152,12.5
2072,2.77,13:01,152,12.5
2073,2.77,13:16,153,12.5
2074,2.77,13:24,153,12.5
2075,2.77,13:32,152,12.5
2076,2.77,13:24,151,12.5
2077,2.77,13:49,151,12.5
2078,2.77,12:46,150,12.5
2079,2.78,12:32,149,12.5
2080,2.78,12:46,148,12.5
2081,2.78,13:41,149,12.5
2082,2.78,13:24,150,12.5
2083,2.78,14:54,150,12.5
2084,2.78,16:09,150,12.5
2085,2.78,15:14,151,12.5
2086,2.78,14:25,151,12.5
2087,2.78,14:44,151,12.5
2088,2.79,13:49,151,12.5
2089,2.79,12:32,150,12.5
2090,2.79,12:53,150,12.5
2091,2.79,12:53,150,12.5
2092,2.79,12:39,150,12.5
2093,2.79,12:46,150,12.5
2094,2.79,13:32,150,12.5
2095,2.79,13:32,150,12.5
2096,2.8,13:16,150,12.5
2097,2.8,13:16,150,12.5
2098,2.8,13:01,151,12.5
2099,2.8,12:53,151,12.5
2100,2.8,12:46,150,12.5
2101,2.8,13:41,149,12.5
2102,2.8,13:49,149,12.5
2103,2.8,13:24,150,12.5
2104,2.81,13:49,151,12.5
2105,2.81,13:08,151,12.5
2106,2.81,12:32,151,12.5
2107,2.81,12:32,151,12.5
2108,2.81,12:39,151,12.5
2109,2.81,12:25,151,12.5
2110,2.81,13:01,151,12.5
2111,2.82,12:46,151,12.5
2112,2.82,12:53,151,12.5
2113,2.82,13:16,151,12.5
2114,2.82,13:32,151,12.5
2115,2.82,13:16,151,12.5
2116,2.82,13:24,151,12.5
2117,2.82,13:16,151,11.8
2118,2.82,13:08,152,11.8
2119,2.83,12:32,151,12.5
2120,2.83,12:39,149,12.5
2121,2.83,12:53,149,12.5
2122,2.83,13:01,149,12.5
2123,2.83,13:08,150,12.5
2124,2.83,13:08,151,12.5
2125,2.83,12:39,151,12.5
2126,2.83,12:18,151,12.5
2127,2.84,12:18,152,13.1
2128,2.84,12:39,152,12.5
2129,2.84,12:39,151,12.5
2130,2.84,13:08,151,13.1
2131,2.84,14:25,151,13.1
2132,2.84,14:34,151,13.1
2133,2.84,13:32,150,13.1
2134,2.84,13:49,148,13.1
2135,2.85,13:32,148,13.1
2136,2.85,12:18,148,13.1
2137,2.85,12:04,149,13.1
2138,2.85,13:01,148,13.1
2139,2.85,13:24,148,13.1
2140,2.85,13:58,149,13.1
2141,2.85,15:04,149,13.1
2142,2.85,15:04,149,13.1
2143,2.86,13:49,150,13.1
2144,2.86,13:32,149,13.1
2145,2.86,13:32,150,13.1
2146,2.86,12:53,151,13.1
2147,2.86,12:32,151,13.8
2148,2.86,12:32,151,13.8
2149,2.86,13:24,151,13.8
2150,2.86,13:01,152,13.8
2151,2.87,13:01,151,13.8
2152,2.87,13:24,151,13.8
2153,2.87,14:07,150,13.1
2154,2.87,13:24,151,13.1
2155,2.87,13:32,151,13.1
2156,2.87,13:08,151,13.1
2157,2.87,13:16,151,13.1
2158,2.87,12:53,151,13.1
2159,2.88,12:25,152,13.1
2160,2.88,12:39,152,13.1
2161,2.88,13:08,152,13.1
2162,2.88,13:32,152,13.1
2163,2.88,13:24,151,13.1
2164,2.88,13:01,151,13.1
2165,2.88,13:32,151,13.1
2166,2.88,14:07,150,13.1
2167,2.89,13:08,151,13.1
2168,2.89,13:01,151,13.1
2169,2.89,13:41,152,13.1
2170,2.89,13:41,152,13.1
2171,2.89,13:58,152,13.8
2172,2.89,13:58,151,13.8
2173,2.89,13:49,151,13.8
2174,2.89,13:24,150,13.8
2175,2.9,12:39,150,13.8
2176,2.9,11:58,150,13.8
2177,2.9,12:11,150,13.8
2178,2.9,12:46,151,13.8
2179,2.9,13:08,152,13.8
2180,2.9,14:07,153,13.8
2181,2.9,14:25,151,13.8
2182,2.9,14:07,151,13.8
2183,2.91,13:32,150,13.8
2184,2.91,13:32,151,13.8
2185,2.91,13:01,151,13.8
2186,2.91,13:16,151,14.4
2187,2.91,13:32,151,14.4
2188,2.91,14:25,151,13.8
2189,2.91,14:54,150,14.4
2190,2.91,15:04,151,14.4
2191,2.91,15:04,151,13.8
2192,2.92,14:44,151,14.4
2193,2.92,13:49,151,13.8
2194,2.92,13:24,151,13.8
2195,2.92,13:41,151,13.8
2196,2.92,12:53,152,13.8
2197,2.92,13:16,153,13.8
2198,2.92,13:49,153,14.4
2199,2.93,13:32,153,14.4
2200,2.93,12:39,154,14.4
2201,2.93,13:08,154,14.4
2202,2.93,13:41,153,14.4
2203,2.93,13:08,153,14.4
2204,2.93,13:41,152,14.4
2205,2.93,13:58,152,14.4
2206,2.93,13:32,151,14.4
2207,2.94,12:53,151,14.4
2208,2.94,13:16,151,14.4
2209,2.94,12:25,152,14.4
2210,2.94,11:52,152,14.4
2211,2.94,11:58,152,14.4
2212,2.94,11:58,152,14.4
2213,2.94,11:45,152,14.4
2214,2.94,12:32,152,14.4
2215,2.95,13:49,153,14.4
2216,2.95,14:16,153,14.4
2217,2.95,14:25,154,14.4
2218,2.95,14:07,154,14.4
2219,2.95,13:41,153,14.4
2220,2.95,13:01,153,14.4
2221,2.95,12:11,153,14.4
2222,2.95,12:25,153,14.4
2223,2.96,12:53,152,14.4
2224,2.96,13:32,153,14.4
2225,2.96,13:49,153,14.4
2226,2.96,14:16,154,14.4
2227,2.96,13:32,154,14.4
2228,2.96,13:49,154,14.4
2229,2.96,13:16,153,14.4
2230,2.96,13:08,152,14.4
2231,2.97,12:53,152,14.4
2232,2.97,13:01,152,13.8
2233,2.97,13:01,153,13.8
2234,2.97,13:08,153,13.8
2235,2.97,12:53,153,13.8
2236,2.97,13:08,153,13.8
2237,2.97,13:32,153,13.8
2238,2.97,13:16,153,13.8
2239,2.98,13:49,153,13.8
2240,2.98,14:16,153,13.8
2241,2.98,14:34,154,13.8
2242,2.98,14:16,154,13.8
2243,2.98,14:16,155,13.8
2244,2.98,14:34,157,13.8
2245,2.98,14:16,157,13.8
2246,2.98,13:32,157,13.8
2247,2.99,13:49,157,13.8
2248,2.99,14:07,159,13.8
2249,2.99,12:53,159,13.8
2250,2.99,12:53,158,13.8
2251,2.99,13:16,157,13.8
2252,2.99,12:25,157,13.8
2253,2.99,12:11,156,13.8
2254,2.99,12:11,157,13.8
2255,3.0,11:52,156,13.8
2256,3.0,11:52,156,13.8
2257,3.0,12:18,156,13.8
2258,3.0,11:45,157,13.8
2259,3.0,12:04,156,13.8
2260,3.0,12:53,156,13.8
2261,3.0,13:16,156,13.8
2262,3.0,13:49,156,13.8
2263,3.01,14:44,155,13.8
2264,3.01,15:24,156,13.8
2265,3.01,14:34,155,13.8
2266,3.01,13:49,155,13.8
2267,3.01,13:32,155,13.8
2268,3.01,13:24,155,13.8
2269,3.01,12:46,154,13.8
2270,3.01,12:46,154,13.8
2271,3.02,13:16,153,13.8
2272,3.02,13:24,154,13.8
2273,3.02,13:01,154,13.8
2274,3.02,12:53,154,13.8
2275,3.02,12:25,154,13.8
2276,3.02,12:18,155,13.8
2277,3.02,12:53,154,13.8
2278,3.02,13:32,154,13.8
2279,3.03,13:24,154,13.8
2280,3.03,13:49,154,13.8
2281,3.03,13:49,153,13.8
2282,3.03,13:08,153,13.8
2283,3.03,13:08,154,13.8
2284,3.03,13:32,154,13.8
2285,3.03,13:58,154,13.8
2286,3.03,13:49,154,13.8
2287,3.04,14:16,154,13.8
2288,3.04,14:07,154,13.8
2289,3.04,13:58,153,13.8
2290,3.04,14:16,153,13.8
2291,3.04,14:34,152,13.8
2292,3.04,13:08,151,13.8
2293,3.04,12:32,150,13.8
2294,3.04,12:39,150,13.8
2295,3.05,12:18,150,13.8
2296,3.05,12:39,151,13.8
2297,3.05,13:49,152,14.4
2298,3.05,14:34,153,14.4
2299,3.05,14:54,153,14.4
2300,3.05,15:14,153,14.4
2301,3.05,14:07,154,13.8
2302,3.05,13:49,154,13.8
2303,3.06,13:41,153,14.4
2304,3.06,13:32,153,14.4
2305,3.06,14:16,153,14.4
2306,3.06,15:35,153,14.4
2307,3.06,15:35,153,14.4
2308,3.06,15:46,152,14.4
2309,3.06,14:44,152,14.4
2310,3.06,13:41,152,14.4
2311,3.06,13:24,151,14.4
2312,3.07,13:58,150,14.4
2313,3.07,13:32,150,14.4
2314,3.07,13:58,150,14.4
2315,3.07,14:07,151,14.4
2316,3.07,13:24,152,14.4
2317,3.07,13:01,152,14.4
2318,3.07,13:16,152,14.4
2319,3.07,13:08,152,14.4
2320,3.08,13:01,153,14.4
2321,3.08,13:41,154,14.4
2322,3.08,13:24,154,14.4
2323,3.08,13:58,155,14.4
2324,3.08,14:34,155,14.4
2325,3.08,14:25,156,14.4
2326,3.08,12:53,156,14.4
2327,3.08,12:32,155,14.4
2328,3.09,11:58,156,14.4
2329,3.09,11:33,156,14.4
2330,3.09,11:58,156,14.4
2331,3.09,12:25,156,14.4
2332,3.09,12:39,156,14.4
2333,3.09,12:32,156,14.4
2334,3.09,13:01,156,14.4
2335,3.09,12:53,156,14.4
2336,3.1,13:32,156,14.4
2337,3.1,14:07,156,14.4
2338,3.1,14:44,155,14.4
2339,3.1,14:25,155,14.4
2340,3.1,13:58,155,14.4
2341,3.1,14:07,155,14.4
2342,3.1,13:32,154,14.4
2343,3.1,13:32,153,14.4
2344,3.11,13:58,151,14.4
2345,3.11,14:16,150,14.4
2346,3.11,13:32,149,14.4
2347,3.11,13:49,150,14.4
2348,3.11,13:49,150,14.4
2349,3.11,13:58,153,14.4
2350,3.11,14:54,153,14.4
2351,3.11,15:46,155,14.4
2352,3.11,15:35,155,14.4
2353,3.12,14:44,155,14.4
2354,3.12,14:07,156,14.4
2355,3.12,13:24,156,14.4
2356,3.12,13:08,156,14.4
2357,3.12,13:01,156,14.4
2358,3.12,12:25,156,14.4
2359,3.12,12:04,155,14.4
2360,3.13,11:45,155,14.4
2361,3.13,11:58,155,14.4
2362,3.13,11:52,156,15.1
2363,3.13,13:01,155,15.1
2364,3.13,13:24,156,15.1
2365,3.13,13:16,156,15.1
2366,3.13,13:24,156,15.1
2367,3.13,14:16,155,15.1
2368,3.14,13:32,155,15.1
2369,3.14,13:16,155,15.1
2370,3.14,13:32,154,15.1
2371,3.14,13:01,153,15.1
2372,3.14,12:46,153,15.1
2373,3.14,13:24,152,15.1
2374,3.14,13:32,152,15.7
2375,3.14,13:49,151,15.7
2376,3.15,13:49,150,15.7
2377,3.15,13:41,150,15.7
2378,3.15,13:41,149,15.7
2379,3.15,14:34,149,15.7
2380,3.15,14:07,150,15.7
2381,3.15,14:07,151,15.7
2382,3.15,14:16,152,15.7
2383,3.15,13:49,152,16.4
2384,3.16,12:53,153,16.4
2385,3.16,13:01,153,16.4
2386,3.16,13:32,153,16.4
2387,3.16,13:01,153,16.4
2388,3.16,13:32,153,16.4
2389,3.16,13:49,152,16.4
2390,3.16,14:07,151,15.7
2391,3.16,14:54,151,15.7
2392,3.16,15:24,152,15.7
2393,3.17,15:14,152,15.7
2394,3.17,16:09,153,15.7
2395,3.17,16:09,153,16.4
2396,3.17,14:54,152,16.4
2397,3.17,15:14,152,16.4
2398,3.17,14:16,152,16.4
2399,3.17,13:16,152,16.4
2400,3.17,13:49,152,16.4
2401,3.17,14:16,151,16.4
2402,3.18,13:16,150,16.4
2403,3.18,13:08,150,16.4
2404,3.18,13:41,151,16.4
2405,3.18,12:18,151,16.4
2406,3.18,11:39,151,16.4
2407,3.18,12:18,151,16.4
2408,3.18,13:24,150,16.4
2409,3.19,12:53,149,16.4
2410,3.19,13:32,149,16.4
2411,3.19,14:07,148,16.4
2412,3.19,14:25,148,16.4
2413,3.19,14:25,149,16.4
2414,3.19,15:46,149,16.4
2415,3.19,15:57,148,16.4
2416,3.19,15:35,149,16.4
2417,3.19,14:54,150,16.4
2418,3.2,13:58,149,16.4
2419,3.2,13:08,150,16.4
2420,3.2,13:32,150,16.4
2421,3.2,13:49,151,16.4
2422,3.2,13:49,151,16.4
2423,3.2,13:49,152,16.4
2424,3.2,14:25,152,16.4
2425,3.2,14:44,153,16.4
2426,3.2,14:34,153,16.4
2427,3.21,14:54,154,16.4
2428,3.21,15:46,154,16.4
2429,3.21,15:14,154,16.4
2430,3.21,13:49,154,16.4
2431,3.21,12:46,155,16.4
2432,3.21,11:58,155,16.4
2433,3.21,10:54,154,15.7
2434,3.22,10:43,155,16.4
2435,3.22,10:38,154,16.4
2436,3.22,11:10,154,16.4
2437,3.22,11:45,153,16.4
2438,3.22,12:39,152,16.4
2439,3.22,13:01,151,16.4
2440,3.22,13:24,151,16.4
2441,3.22,13:32,152,16.4
2442,3.23,13:49,151,16.4
2443,3.23,13:08,152,16.4
2444,3.23,13:08,152,16.4
2445,3.23,13:24,153,16.4
2446,3.23,13:32,154,16.4
2447,3.23,13:49,155,16.4
2448,3.23,14:54,155,16.4
2449,3.23,14:44,155,16.4
2450,3.24,14:16,154,16.4
2451,3.24,13:49,153,16.4
2452,3.24,13:16,153,16.4
2453,3.24,13:08,152,16.4
2454,3.24,13:16,153,17.1
2455,3.24,13:58,153,17.1
2456,3.24,14:07,152,17.1
2457,3.24,13:58,151,17.1
2458,3.25,12:53,151,17.1
2459,3.25,12:46,150,17.1
2460,3.25,12:11,151,16.4
2461,3.25,12:39,152,16.4
2462,3.25,12:11,152,16.4
2463,3.25,13:24,150,16.4
2464,3.25,13:49,145,16.4
2465,3.25,14:34,140,16.4
2466,3.25,14:54,136,16.4
2467,3.26,16:21,135,17.1
2468,3.26,16:45,136,17.1
2469,3.26,16:21,136,16.4
2470,3.26,16:09,136,16.4
2471,3.26,15:35,136,16.4
2472,3.26,15:35,136,16.4
2473,3.26,14:16,136,16.4
2474,3.26,13:32,135,16.4
2475,3.27,13:16,135,16.4
2476,3.27,13:01,142,16.4
2477,3.27,12:53,145,16.4
2478,3.27,13:32,146,16.4
2479,3.27,14:44,147,16.4
2480,3.27,14:54,149,16.4
2481,3.27,14:54,149,16.4
2482,3.27,13:58,150,16.4
2483,3.28,13:01,151,16.4
2484,3.28,11:58,151,16.4
2485,3.28,12:04,152,16.4
2486,3.28,12:46,151,16.4
2487,3.28,13:16,151,17.1
2488,3.28,13:58,150,17.1
2489,3.28,16:09,149,17.1
2490,3.28,15:35,149,17.1
2491,3.28,14:16,149,17.1
2492,3.29,13:32,150,17.1
2493,3.29,13:16,151,17.1
2494,3.29,12:18,152,17.1
2495,3.29,12:25,151,17.1
2496,3.29,12:53,150,17.1
2497,3.29,13:58,148,16.4
2498,3.29,14:34,148,16.4
2499,3.29,15:14,148,16.4
2500,3.3,15:24,148,16.4
2501,3.3,14:44,147,16.4
2502,3.3,15:24,147,16.4
2503,3.3,15:04,146,16.4
2504,3.3,14:44,146,16.4
2505,3.3,16:33,146,16.4
2506,3.3,18:22,147,16.4
2507,3.3,16:21,146,16.4
2508,3.3,15:46,146,16.4
2509,3.31,15:14,145,16.4
2510,3.31,13:16,146,16.4
2511,3.31,12:11,147,16.4
2512,3.31,12:18,148,16.4
2513,3.31,13:16,148,16.4
2514,3.31,13:24,148,16.4
2515,3.31,13:49,148,16.4
2516,3.31,14:25,148,16.4
2517,3.32,13:49,148,16.4
2518,3.32,13:08,148,16.4
2519,3.32,13:24,147,16.4
2520,3.32,12:53,148,16.4
2521,3.32,12:53,150,17.1
2522,3.32,13:24,150,17.1
2523,3.32,13:49,150,16.4
2524,3.32,13:01,150,17.1
2525,3.33,13:08,151,17.1
2526,3.33,13:58,150,17.1
2527,3.33,15:04,149,17.1
2528,3.33,14:44,149,17.1
2529,3.33,15:24,148,17.1
2530,3.33,15:57,148,17.1
2531,3.33,13:32,149,17.1
2532,3.33,12:25,149,17.1
2533,3.34,12:11,149,17.1
2534,3.34,12:04,149,17.1
2535,3.34,11:58,149,17.1
2536,3.34,13:01,149,17.1
2537,3.34,13:16,148,17.1
2538,3.34,13:01,148,17.1
2539,3.34,13:24,148,17.1
2540,3.34,15:04,148,17.1
2541,3.34,14:54,149,17.1
2542,3.35,15:24,149,17.1
2543,3.35,16:09,149,17.1
2544,3.35,15:46,149,17.1
2545,3.35,13:49,149,17.1
2546,3.35,13:16,149,17.1
2547,3.35,12:53,149,17.1
2548,3.35,12:25,148,17.1
2549,3.35,12:04,148,17.1
2550,3.36,12:32,149,17.1
2551,3.36,13:16,149,17.1
2552,3.36,12:53,150,17.1
2553,3.36,13:32,150,17.1
2554,3.36,13:24,150,17.1
2555,3.36,12:46,150,17.1
2556,3.36,12:25,150,17.1
2557,3.36,13:01,150,17.7
2558,3.37,13:01,150,17.7
2559,3.37,14:07,148,17.7
2560,3.37,15:04,148,17.1
2561,3.37,15:57,149,17.1
2562,3.37,16:09,150,17.1
2563,3.37,16:33,150,17.1
2564,3.37,15:57,150,17.7
2565,3.37,14:34,150,17.7
2566,3.37,14:16,151,17.7
2567,3.38,14:16,151,17.7
2568,3.38,13:41,150,17.7
2569,3.38,13:24,149,17.1
2570,3.38,14:07,149,17.1
2571,3.38,13:41,150,17.1
2572,3.38,12:46,150,17.1
2573,3.38,13:08,150,17.1
2574,3.38,14:07,150,17.1
2575,3.39,13:58,150,17.7
2576,3.39,13:58,151,17.1
2577,3.39,15:24,150,17.7
2578,3.39,16:09,150,17.7
2579,3.39,15:04,149,17.1
2580,3.39,14:44,150,17.1
2581,3.39,14:44,152,17.1
2582,3.39,13:32,152,17.1
2583,3.4,12:11,152,17.7
2584,3.4,11:33,153,17.7
2585,3.4,11:05,153,17.7
2586,3.4,10:23,153,17.7
2587,3.4,10:38,153,17.7
2588,3.4,11:10,152,17.7
2589,3.4,11:39,152,17.7
2590,3.41,11:45,151,17.7
2591,3.41,13:32,150,17.7
2592,3.41,12:53,150,17.7
2593,3.41,12:32,150,17.7
2594,3.41,12:53,150,17.7
2595,3.41,13:49,151,17.7
2596,3.41,13:58,151,18.4
2597,3.41,14:44,153,18.4
2598,3.42,14:54,153,18.4
2599,3.42,13:58,154,18.4
2600,3.42,13:41,155,17.7
2601,3.42,12:32,156,17.7
2602,3.42,12:11,157,17.7
2603,3.42,12:04,157,17.7
2604,3.42,12:18,157,17.7
2605,3.42,11:58,157,17.7
2606,3.43,11:52,157,17.7
2607,3.43,12:18,157,17.7
2608,3.43,12:11,157,17.7
2609,3.43,12:04,156,17.7
2610,3.43,12:32,156,18.4
2611,3.43,13:49,156,18.4
2612,3.43,13:41,155,18.4
2613,3.43,13:32,155,18.4
2614,3.44,13:49,154,18.4
2615,3.44,14:07,154,18.4
2616,3.44,12:11,154,18.4
2617,3.44,11:58,154,18.4
2618,3.44,12:46,153,18.4
2619,3.44,12:32,152,18.4
2620,3.44,12:11,152,18.4
2621,3.45,13:41,153,18.4
2622,3.45,13:49,153,18.4
2623,3.45,13:32,154,18.4
2624,3.45,13:41,153,18.4
2625,3.45,14:25,154,18.4
2626,3.45,13:41,154,18.4
2627,3.45,14:25,154,19.0
2628,3.45,14:44,155,19.0
2629,3.45,14:54,155,19.0
2630,3.46,14:16,155,19.0
2631,3.46,14:44,155,19.0
2632,3.46,14:07,156,19.0
2633,3.46,13:01,155,19.0
2634,3.46,13:16,155,19.0
2635,3.46,13:08,154,19.0
2636,3.46,13:16,154,19.0
2637,3.46,13:01,155,19.0
2638,3.47,13:16,154,19.0
2639,3.47,13:16,154,19.0
2640,3.47,13:08,154,19.0
2641,3.47,12:25,154,19.0
2642,3.47,12:32,154,19.0
2643,3.47,12:53,154,19.0
2644,3.47,12:11,154,19.0
2645,3.48,11:39,156,19.0
2646,3.48,12:18,157,19.0
2647,3.48,13:01,157,19.0
2648,3.48,12:46,157,19.0
2649,3.48,13:41,156,19.7
2650,3.48,14:25,156,19.0
2651,3.48,13:49,158,19.0
2652,3.48,13:49,158,19.0
2653,3.48,14:16,158,19.0
2654,3.49,13:24,159,19.0
2655,3.49,13:16,158,19.0
2656,3.49,13:16,159,19.7
2657,3.49,12:11,157,19.7
2658,3.49,12:04,157,19.7
2659,3.49,12:32,157,19.7
2660,3.49,12:53,158,19.7
2661,3.5,13:08,158,19.7
2662,3.5,13:16,157,19.7
2663,3.5,12:32,156,19.7
2664,3.5,11:58,156,19.7
2665,3.5,12:11,156,19.7
2666,3.5,11:52,156,20.3
2667,3.5,11:45,156,20.3
2668,3.51,12:11,156,20.3
2669,3.51,13:08,156,20.3
2670,3.51,12:53,157,20.3
2671,3.51,12:39,156,20.3
2672,3.51,12:53,156,20.3
2673,3.51,12:46,156,20.3
2674,3.51,12:11,156,20.3
2675,3.51,12:18,156,20.3
2676,3.52,13:16,155,20.3
2677,3.52,13:32,154,20.3
2678,3.52,14:07,154,20.3
2679,3.52,15:04,153,20.3
2680,3.52,14:54,153,20.3
2681,3.52,13:58,154,20.3
2682,3.52,14:25,155,20.3
2683,3.52,14:54,155,20.3
2684,3.52,14:34,155,20.3
2685,3.53,15:04,155,21.0
2686,3.53,15:35,155,21.0
2687,3.53,14:25,155,20.3
2688,3.53,13:01,155,20.3
2689,3.53,13:01,156,20.3
2690,3.53,12:39,155,20.3
2691,3.53,12:53,155,20.3
2692,3.53,13:16,155,20.3
2693,3.54,13:49,155,20.3
2694,3.54,13:32,155,20.3
2695,3.54,13:16,155,20.3
2696,3.54,13:08,154,21.0
2697,3.54,12:53,154,21.0
2698,3.54,12:46,153,21.0
2699,3.54,13:08,153,21.0
2700,3.54,12:53,153,21.0
2701,3.55,12:39,152,21.0
2702,3.55,13:16,152,21.0
2703,3.55,13:49,151,21.0
2704,3.55,12:53,151,20.3
2705,3.55,13:41,151,20.3
2706,3.55,14:25,151,20.3
2707,3.55,13:32,152,20.3
2708,3.55,13:01,152,20.3
2709,3.56,13:32,152,20.3
2710,3.56,13:41,153,20.3
2711,3.56,12:53,154,21.0
2712,3.56,13:08,154,21.0
2713,3.56,12:39,156,21.0
2714,3.56,12:18,156,21.0
2715,3.56,11:45,157,21.0
2716,3.57,11:27,157,20.3
2717,3.57,11:33,157,20.3
2718,3.57,12:04,157,21.0
2719,3.57,12:11,156,21.0
2720,3.57,12:32,156,21.0
2721,3.57,13:16,156,21.0
2722,3.57,13:24,156,21.0
2723,3.57,13:58,156,21.0
2724,3.58,14:44,155,21.0
2725,3.58,14:34,154,21.0
2726,3.58,13:49,154,21.0
2727,3.58,14:25,154,21.0
2728,3.58,13:58,154,21.0
2729,3.58,13:24,154,21.0
2730,3.58,13:32,154,21.0
2731,3.58,14:07,154,21.0
2732,3.58,13:32,155,20.3
2733,3.59,13:32,156,20.3
2734,3.59,13:16,157,20.3
2735,3.59,12:32,157,20.3
2736,3.59,11:27,158,20.3
2737,3.59,11:16,158,20.3
2738,3.59,10:59,158,20.3
2739,3.59,11:21,158,20.3
2740,3.6,11:58,159,20.3
2741,3.6,13:08,159,20.3
2742,3.6,13:24,158,20.3
2743,3.6,14:16,158,20.3
2744,3.6,14:16,158,20.3
2745,3.6,13:16,158,20.3
2746,3.6,13:08,158,20.3
2747,3.6,13:24,158,20.3
2748,3.61,12:53,159,20.3
2749,3.61,13:01,159,20.3
2750,3.61,14:44,158,20.3
2751,3.61,14:44,158,20.3
2752,3.61,14:34,158,20.3
2753,3.61,14:34,158,20.3
2754,3.61,13:24,158,21.0
2755,3.61,11:58,158,21.0
2756,3.62,11:45,158,21.0
2757,3.62,11:16,158,21.0
2758,3.62,11:10,158,21.0
2759,3.62,11:39,157,21.0
2760,3.62,12:11,157,21.0
2761,3.62,11:58,157,21.0
2762,3.62,12:32,157,20.3
2763,3.63,12:18,157,20.3
2764,3.63,11:52,158,20.3
2765,3.63,11:45,157,20.3
2766,3.63,12:25,157,21.0
2767,3.63,12:39,157,21.0
2768,3.63,13:08,157,20.3
2769,3.63,13:49,157,20.3
2770,3.63,14:44,157,20.3
2771,3.64,14:25,157,20.3
2772,3.64,13:16,157,20.3
2773,3.64,12:46,157,20.3
2774,3.64,12:04,155,20.3
2775,3.64,11:16,155,20.3
2776,3.64,11:27,156,20.3
2777,3.64,11:52,156,20.3
2778,3.65,11:58,157,20.3
2779,3.65,12:39,157,20.3
2780,3.65,12:32,158,20.3
2781,3.65,11:52,158,20.3
2782,3.65,11:39,158,20.3
2783,3.65,12:11,158,20.3
2784,3.65,12:25,158,20.3
2785,3.65,13:32,158,20.3
2786,3.66,15:04,158,20.3
2787,3.66,15:24,159,20.3
2788,3.66,14:44,159,20.3
2789,3.66,15:04,160,20.3
2790,3.66,14:16,160,20.3
2791,3.66,13:08,160,20.3
2792,3.66,12:39,160,20.3
2793,3.67,12:18,160,20.3
2794,3.67,11:45,160,20.3
2795,3.67,11:52,161,20.3
2796,3.67,12:04,160,20.3
2797,3.67,12:25,161,20.3
2798,3.67,13:08,161,20.3
2799,3.67,12:32,160,20.3
2800,3.67,11:39,160,20.3
2801,3.68,10:54,160,20.3
2802,3.68,11:16,161,20.3
2803,3.68,11:10,161,20.3
2804,3.68,11:27,161,20.3
2805,3.68,12:32,160,20.3
2806,3.68,13:41,160,20.3
2807,3.68,13:24,161,20.3
2808,3.68,13:32,161,19.7
2809,3.69,14:16,160,19.7
2810,3.69,14:34,159,19.7
2811,3.69,14:54,158,19.7
2812,3.69,15:35,156,19.7
2813,3.69,15:14,156,19.7
2814,3.69,14:44,156,19.7
2815,3.69,14:16,156,19.7
2816,3.69,13:08,155,19.7
2817,3.7,12:32,155,19.7
2818,3.7,12:39,156,19.7
2819,3.7,13:08,156,19.7
2820,3.7,12:53,156,20.3
2821,3.7,12:39,157,20.3
2822,3.7,12:11,157,20.3
2823,3.7,11:58,157,20.3
2824,3.71,11:10,158,19.7
2825,3.71,11:27,158,19.7
2826,3.71,11:58,158,19.7
2827,3.71,12:32,158,19.7
2828,3.71,12:18,158,19.7
2829,3.71,13:01,158,19.7
2830,3.71,12:46,158,19.7
2831,3.71,13:24,158,19.7
2832,3.72,13:01,158,19.7
2833,3.72,13:24,158,19.7
2834,3.72,13:24,158,19.7
2835,3.72,13:24,157,19.7
2836,3.72,12:46,157,19.7
2837,3.72,13:08,156,19.7
2838,3.72,13:08,156,19.7
2839,3.72,13:24,155,19.0
2840,3.73,13:08,155,19.0
2841,3.73,12:53,155,19.0
2842,3.73,12:32,155,19.0
2843,3.73,12:25,156,19.0
2844,3.73,12:04,156,19.0
2845,3.73,12:04,156,19.0
2846,3.73,11:58,156,19.0
2847,3.74,12:25,157,19.0
2848,3.74,13:16,157,18.4
2849,3.74,13:24,157,18.4
2850,3.74,13:49,158,18.4
2851,3.74,14:34,158,19.0
2852,3.74,14:16,158,18.4
2853,3.74,13:32,158,19.0
2854,3.74,13:49,158,19.0
2855,3.74,14:25,157,18.4
2856,3.75,14:34,158,18.4
2857,3.75,13:58,158,18.4
2858,3.75,13:49,158,18.4
2859,3.75,13:08,159,18.4
2860,3.75,12:32,159,19.0
2861,3.75,12:39,158,19.0
2862,3.75,13:49,158,19.0
2863,3.75,13:49,157,19.0
2864,3.76,14:16,157,19.0
2865,3.76,14:34,157,19.0
2866,3.76,13:58,155,19.0
2867,3.76,13:08,154,19.0
2868,3.76,13:41,154,19.0
2869,3.76,13:32,153,19.0
2870,3.76,13:16,153,19.0
2871,3.76,13:49,153,19.0
2872,3.77,13:58,153,18.4
2873,3.77,14:07,152,18.4
2874,3.77,13:49,153,19.0
2875,3.77,13:49,153,19.0
2876,3.77,14:07,153,19.0
2877,3.77,14:07,153,19.0
2878,3.77,12:25,153,19.0
2879,3.77,12:18,153,19.0
2880,3.78,12:11,153,18.4
2881,3.78,11:21,153,19.0
2882,3.78,11:21,153,19.0
2883,3.78,12:18,155,19.0
2884,3.78,12:39,156,19.0
2885,3.78,13:24,156,19.0
2886,3.78,13:58,155,19.0
2887,3.78,13:41,155,19.0
2888,3.79,13:16,155,19.0
2889,3.79,13:16,156,19.0
2890,3.79,13:01,156,19.0
2891,3.79,12:39,155,19.0
2892,3.79,13:01,155,19.0
2893,3.79,13:41,155,19.0
2894,3.79,13:58,154,19.0
2895,3.79,13:41,154,19.0
2896,3.8,13:24,154,19.0
2897,3.8,14:54,154,19.0
2898,3.8,14:44,153,19.0
2899,3.8,14:54,154,19.0
2900,3.8,15:24,154,19.0
2901,3.8,16:21,155,19.0
2902,3.8,13:41,155,19.0
2903,3.8,12:25,155,19.0
2904,3.81,11:58,156,19.0
2905,3.81,11:33,156,19.0
2906,3.81,11:21,156,19.0
2907,3.81,11:27,157,19.7
2908,3.81,12:53,157,19.0
2909,3.81,13:16,156,19.0
2910,3.81,13:16,158,19.0
2911,3.81,13:32,158,19.0
2912,3.82,14:44,157,19.0
2913,3.82,14:07,157,19.0
2914,3.82,13:49,156,19.0
2915,3.82,13:24,155,19.0
2916,3.82,12:53,155,19.0
2917,3.82,12:32,156,19.7
2918,3.82,12:18,156,19.7
2919,3.83,12:18,155,19.7
2920,3.83,11:58,155,19.7
2921,3.83,11:58,155,19.7
2922,3.83,11:45,155,19.7
2923,3.83,11:39,154,19.7
2924,3.83,11:39,154,19.7
2925,3.83,11:39,154,19.7
2926,3.84,11:33,154,19.0
2927,3.84,11:52,154,19.0
2928,3.84,12:04,153,19.0
2929,3.84,11:58,153,19.0
2930,3.84,12:18,152,19.0
2931,3.84,12:39,152,19.0
2932,3.84,11:52,152,19.0
2933,3.85,11:27,152,19.0
2934,3.85,11:33,152,19.0
2935,3.85,11:52,152,19.0
2936,3.85,12:18,152,19.0
2937,3.85,13:41,153,19.0
2938,3.85,14:16,153,19.0
2939,3.85,13:49,153,19.0
2940,3.85,13:41,154,19.0
2941,3.85,13:24,154,19.0
2942,3.86,12:32,155,19.0
2943,3.86,12:18,154,19.0
2944,3.86,12:46,153,19.0
2945,3.86,12:53,153,19.0
2946,3.86,13:01,152,19.0
2947,3.86,13:32,153,19.0
2948,3.86,14:25,153,19.0
2949,3.86,13:49,153,19.0
2950,3.87,13:32,152,19.0
2951,3.87,13:49,152,19.0
2952,3.87,13:24,151,19.7
2953,3.87,13:08,151,19.7
2954,3.87,13:41,151,19.7
2955,3.87,14:34,152,19.0
2956,3.87,14:34,153,19.0
2957,3.87,13:32,154,19.0
2958,3.88,13:32,154,19.0
2959,3.88,13:01,154,19.0
2960,3.88,11:58,153,19.0
2961,3.88,11:27,153,19.0
2962,3.88,12:11,153,19.0
2963,3.88,11:27,154,19.0
2964,3.88,11:33,154,19.0
2965,3.89,11:33,154,19.0
2966,3.89,11:16,153,19.0
2967,3.89,11:16,154,19.0
2968,3.89,11:52,156,19.0
2969,3.89,12:25,156,19.7
2970,3.89,13:16,157,19.0
2971,3.89,14:25,158,19.0
2972,3.89,14:44,158,19.0
2973,3.9,14:07,159,19.0
2974,3.9,13:32,159,18.4
2975,3.9,12:53,160,19.0
2976,3.9,11:58,160,19.0
2977,3.9,11:21,160,18.4
2978,3.9,11:21,159,18.4
2979,3.9,11:27,158,18.4
2980,3.91,11:58,158,18.4
2981,3.91,12:32,158,19.0
2982,3.91,13:08,157,19.0
2983,3.91,13:01,158,19.0
2984,3.91,12:25,158,19.0
2985,3.91,12:18,158,19.0
2986,3.91,11:58,158,19.0
2987,3.92,11:52,158,19.0
2988,3.92,12:11,158,19.0
2989,3.92,12:53,159,19.0
2990,3.92,13:01,159,19.0
2991,3.92,13:24,159,19.0
2992,3.92,15:14,160,19.0
2993,3.92,15:04,160,19.0
2994,3.92,13:49,160,19.7
2995,3.93,13:16,160,19.7
2996,3.93,13:01,162,19.7
2997,3.93,11:10,163,19.7
2998,3.93,11:16,163,19.7
2999,3.93,11:58,162,19.7
3000,3.93,11:33,161,19.7
3001,3.93,11:16,161,20.3
3002,3.94,11:10,160,20.3
3003,3.94,11:16,158,20.3
3004,3.94,11:16,157,20.3
3005,3.94,11:52,155,20.3
3006,3.94,12:11,149,20.3
3007,3.94,12:39,147,20.3
3008,3.94,13:01,143,20.3
3009,3.94,13:58,135,20.3
3010,3.95,13:58,131,21.0
3011,3.95,14:16,130,21.0
3012,3.95,14:16,128,21.0
3013,3.95,12:46,126,21.0
3014,3.95,12:04,128,21.0
3015,3.95,12:46,133,21.0
3016,3.95,12:46,137,21.0
3017,3.95,12:53,141,21.0
3018,3.96,13:49,143,21.0
3019,3.96,12:53,147,21.0
3020,3.96,12:32,154,21.0
3021,3.96,11:52,157,21.7
3022,3.96,12:32,160,21.7
3023,3.96,12:39,161,21.7
3024,3.96,13:08,162,21.7
3025,3.97,12:39,163,21.7
3026,3.97,13:01,163,21.0
3027,3.97,12:11,163,21.0
3028,3.97,11:27,162,21.0
3029,3.97,11:45,163,21.0
3030,3.97,11:58,163,21.0
3031,3.97,12:25,164,21.0
3032,3.97,12:39,164,21.0
3033,3.98,13:58,163,21.0
3034,3.98,13:58,162,21.0
3035,3.98,13:41,162,21.0
3036,3.98,13:49,162,21.0
3037,3.98,13:49,162,21.0
3038,3.98,13:24,162,21.0
3039,3.98,12:53,162,21.0
3040,3.98,12:46,162,21.0
3041,3.99,12:18,162,21.0
3042,3.99,11:58,161,21.0
3043,3.99,12:11,162,21.0
3044,3.99,12:39,161,20.3
3045,3.99,12:18,162,20.3
3046,3.99,12:11,162,20.3
3047,3.99,12:39,162,20.3
3048,4.0,12:32,161,20.3
3049,4.0,12:32,161,20.3
3050,4.0,13:24,161,20.3
3051,4.0,13:32,160,20.3
3052,4.0,13:08,160,20.3
3053,4.0,12:53,159,19.7
3054,4.0,13:24,159,20.3
3055,4.0,12:39,159,20.3
3056,4.01,11:52,159,20.3
3057,4.01,12:04,159,20.3
3058,4.01,12:39,158,20.3
3059,4.01,12:11,158,19.7
3060,4.01,12:53,158,19.7
3061,4.01,13:16,159,19.7
3062,4.01,13:49,158,20.3
3063,4.01,13:41,158,20.3
3064,4.02,13:49,158,20.3
3065,4.02,13:01,159,20.3
3066,4.02,14:07,160,20.3
3067,4.02,13:32,159,20.3
3068,4.02,12:46,159,20.3
3069,4.02,11:58,159,20.3
3070,4.02,11:58,159,20.3
3071,4.03,11:33,158,20.3
3072,4.03,11:27,158,20.3
3073,4.03,11:16,158,20.3
3074,4.03,11:39,158,20.3
3075,4.03,12:25,157,20.3
3076,4.03,12:39,157,20.3
3077,4.03,13:01,158,20.3
3078,4.03,14:16,157,20.3
3079,4.04,14:07,157,20.3
3080,4.04,12:53,156,20.3
3081,4.04,12:46,156,20.3
3082,4.04,12:46,156,20.3
3083,4.04,11:39,156,20.3
3084,4.04,11:39,156,20.3
3085,4.04,12:39,157,20.3
3086,4.05,13:24,156,20.3
3087,4.05,12:39,154,20.3
3088,4.05,13:41,155,20.3
3089,4.05,14:07,155,21.0
3090,4.05,13:41,155,21.0
3091,4.05,13:01,154,21.0
3092,4.05,14:34,154,21.0
3093,4.05,15:46,154,21.0
3094,4.05,15:35,153,21.0
3095,4.06,15:35,154,21.0
3096,4.06,15:35,154,21.0
3097,4.06,14:25,153,21.0
3098,4.06,13:01,153,21.0
3099,4.06,12:32,154,21.0
3100,4.06,13:01,154,21.0
3101,4.06,13:01,155,21.0
3102,4.06,12:32,155,21.0
3103,4.07,13:01,154,21.0
3104,4.07,13:49,154,21.0
3105,4.07,13:01,154,21.0
3106,4.07,13:16,154,21.0
3107,4.07,14:07,155,21.0
3108,4.07,15:24,155,20.3
3109,4.07,14:07,155,20.3
3110,4.07,14:16,156,20.3
3111,4.08,13:41,156,20.3
3112,4.08,13:01,157,20.3
3113,4.08,11:05,157,20.3
3114,4.08,11:52,156,20.3
3115,4.08,11:52,156,20.3
3116,4.08,11:45,156,20.3
3117,4.08,11:52,156,20.3
3118,4.09,13:16,157,20.3
3119,4.09,12:53,156,20.3
3120,4.09,12:39,156,20.3
3121,4.09,13:08,156,21.0
3122,4.09,13:16,155,21.0
3123,4.09,13:08,155,21.0
3124,4.09,13:08,155,20.3
3125,4.09,13:32,155,20.3
3126,4.1,13:24,155,20.3
3127,4.1,14:16,155,21.0
3128,4.1,14:25,155,21.0
3129,4.1,13:58,155,21.0
3130,4.1,13:49,156,21.0
3131,4.1,13:24,155,21.0
3132,4.1,13:24,155,21.0
3133,4.1,13:08,155,21.0
3134,4.11,12:53,156,21.0
3135,4.11,12:32,156,21.0
3136,4.11,13:01,155,21.0
3137,4.11,12:11,156,21.0
3138,4.11,11:33,156,21.0
3139,4.11,12:18,155,21.7
3140,4.11,12:39,156,21.0
3141,4.11,12:32,156,21.7
3142,4.12,13:16,156,21.7
3143,4.12,13:32,156,21.7
3144,4.12,13:41,156,21.7
3145,4.12,14:44,156,21.0
3146,4.12,15:57,156,21.0
3147,4.12,16:09,156,21.0
3148,4.12,17:11,155,21.0
3149,4.12,17:25,155,21.7
3150,4.12,15:46,155,21.0
3151,4.13,14:25,155,21.0
3152,4.13,13:58,155,21.0
3153,4.13,12:32,154,21.0
3154,4.13,11:33,154,21.0
3155,4.13,11:39,155,21.0
3156,4.13,12:18,155,21.0
3157,4.13,12:32,156,21.0
3158,4.13,13:24,156,21.0
3159,4.14,14:07,157,21.0
3160,4.14,14:16,157,21.0
3161,4.14,13:01,157,21.0
3162,4.14,12:25,157,21.0
3163,4.14,12:46,157,21.0
3164,4.14,12:25,157,21.0
3165,4.14,12:46,156,21.0
3166,4.14,13:08,156,21.0
3167,4.15,12:46,156,21.0
3168,4.15,12:11,156,21.0
3169,4.15,12:18,156,21.0
3170,4.15,12:11,157,21.0
3171,4.15,12:32,157,21.0
3172,4.15,13:01,157,21.0
3173,4.15,13:32,158,21.0
3174,4.15,15:04,158,21.0
3175,4.16,15:04,158,21.0
3176,4.16,15:35,158,21.0
3177,4.16,15:04,158,21.0
3178,4.16,13:58,157,21.0
3179,4.16,12:53,157,21.0
3180,4.16,12:25,158,21.0
3181,4.16,11:27,158,21.7
3182,4.17,12:04,158,21.7
3183,4.17,12:25,158,22.3
3184,4.17,13:32,158,22.3
3185,4.17,14:16,158,22.3
3186,4.17,15:14,159,22.3
3187,4.17,14:54,160,22.3
3188,4.17,14:07,160,22.3
3189,4.17,11:52,160,22.3
3190,4.18,11:10,160,22.3
3191,4.18,10:59,159,22.3
3192,4.18,10:48,159,21.7
3193,4.18,11:27,158,21.7
3194,4.18,12:32,159,21.7
3195,4.18,13:08,159,21.7
3196,4.18,13:58,161,21.0
3197,4.18,14:54,161,21.0
3198,4.19,15:04,161,21.0
3199,4.19,15:35,160,21.0
3200,4.19,15:57,160,21.7
3201,4.19,15:57,160,21.7
3202,4.19,15:04,160,21.7
3203,4.19,15:35,159,21.7
3204,4.19,14:34,159,21.7
3205,4.19,13:16,160,21.7
3206,4.2,12:04,160,21.7
3207,4.2,11:45,159,21.7
3208,4.2,11:45,158,21.7
3209,4.2,11:52,158,21.7
3210,4.2,12:32,157,21.7
3211,4.2,12:53,157,21.7
3212,4.2,13:41,157,21.7
3213,4.2,13:16,157,21.7
3214,4.21,12:32,156,21.0
3215,4.21,12:39,155,21.0
3216,4.21,12:53,155,21.0
3217,4.21,12:25,154,21.0
3218,4.21,12:39,153,21.7
3219,4.21,13:58,153,21.7
3220,4.21,14:16,153,21.7
3221,4.21,15:35,153,21.7
3222,4.21,16:45,152,21.7
3223,4.22,16:45,151,21.7
3224,4.22,15:57,151,21.7
3225,4.22,14:54,151,21.7
3226,4.22,13:24,151,21.7
3227,4.22,13:01,150,21.7
3228,4.22,12:53,151,21.7
3229,4.22,13:32,150,21.0
3230,4.22,13:49,150,21.0
3231,4.23,13:24,150,21.0
3232,4.23,12:18,151,21.0
3233,4.23,11:45,151,21.0
3234,4.23,11:16,151,21.0
3235,4.23,11:05,151,21.7
3236,4.23,11:16,151,21.7
3237,4.23,12:53,152,21.7
3238,4.24,13:32,152,21.7
3239,4.24,13:49,152,21.7
3240,4.24,14:44,152,21.7
3241,4.24,13:24,152,21.7
3242,4.24,12:53,153,21.7
3243,4.24,13:24,154,21.0
3244,4.24,14:44,154,21.0
3245,4.24,15:04,155,21.0
3246,4.24,17:52,155,21.0
3247,4.25,18:22,156,21.0
3248,4.25,17:52,156,21.0
3249,4.25,15:24,155,20.3
3250,4.25,14:07,153,20.3
3251,4.25,12:25,153,20.3
3252,4.25,11:33,153,20.3
3253,4.25,11:16,153,20.3
3254,4.26,11:10,154,20.3
3255,4.26,11:33,154,20.3
3256,4.26,12:53,154,20.3
3257,4.26,12:53,155,20.3
3258,4.26,13:01,155,20.3
3259,4.26,13:16,155,20.3
3260,4.26,13:16,156,20.3
3261,4.26,11:52,156,20.3
3262,4.27,11:05,157,20.3
3263,4.27,10:23,157,20.3
3264,4.27,10:09,157,20.3
3265,4.27,9:51,157,21.0
3266,4.27,10:09,157,21.0
3267,4.27,10:59,157,21.0
3268,4.28,11:27,157,21.7
3269,4.28,12:11,157,21.7
3270,4.28,12:39,158,22.3
3271,4.28,13:32,158,22.3
3272,4.28,13:41,158,22.3
3273,4.28,13:16,157,23.0
3274,4.28,13:01,157,23.0
3275,4.28,13:01,157,23.0
3276,4.29,12:11,156,23.6
3277,4.29,11:45,156,23.6
3278,4.29,12:25,157,24.3
3279,4.29,13:01,157,24.3
3280,4.29,13:32,158,24.3
3281,4.29,13:58,158,24.3
3282,4.29,13:32,159,24.9
3283,4.29,12:53,158,24.9
3284,4.3,11:58,157,24.3
3285,4.3,11:16,157,24.3
3286,4.3,11:52,157,24.3
3287,4.3,12:39,158,24.3
3288,4.3,13:01,158,23.6
3289,4.3,12:39,159,23.6
3290,4.3,12:32,159,23.6
3291,4.31,11:52,160,23.6
3292,4.31,12:04,159,23.6
3293,4.31,13:01,159,23.6
3294,4.31,14:25,159,23.6
3295,4.31,14:25,160,23.0
3296,4.31,14:34,160,23.0
3297,4.31,13:24,160,23.0
3298,4.31,11:52,160,22.3
3299,4.32,11:16,160,22.3
3300,4.32,11:16,159,22.3
3301,4.32,11:10,159,22.3
3302,4.32,11:58,160,22.3
3303,4.32,12:46,159,22.3
3304,4.32,13:32,159,21.7
3305,4.32,14:25,159,21.7
3306,4.32,15:35,159,21.0
3307,4.33,16:09,159,21.0
3308,4.33,16:45,160,21.0
3309,4.33,14:44,161,21.0
3310,4.33,12:53,161,21.0
3311,4.33,12:32,160,21.0
3312,4.33,12:53,160,21.0
3313,4.33,12:11,159,21.0
3314,4.33,13:01,158,21.0
3315,4.34,14:34,158,21.7
3316,4.34,13:58,158,21.7
3317,4.34,12:11,159,21.7
3318,4.34,12:18,159,21.7
3319,4.34,12:32,159,21.7
3320,4.34,11:21,159,21.7
3321,4.34,12:25,158,21.7
3322,4.34,13:32,157,21.7
3323,4.35,13:24,158,21.7
3324,4.35,13:16,157,21.7
3325,4.35,14:44,157,21.7
3326,4.35,13:49,157,21.0
3327,4.35,12:25,156,21.0
3328,4.35,12:18,157,21.0
3329,4.35,12:04,157,21.0
3330,4.36,11:52,156,21.0
3331,4.36,11:52,156,21.0
3332,4.36,12:39,155,20.3
3333,4.36,13:08,155,20.3
3334,4.36,13:08,155,20.3
3335,4.36,13:58,156,20.3
3336,4.36,14:34,156,20.3
3337,4.36,14:54,157,20.3
3338,4.36,14:07,157,20.3
3339,4.37,14:25,156,20.3
3340,4.37,13:24,156,20.3
3341,4.37,12:32,157,20.3
3342,4.37,12:39,158,20.3
3343,4.37,13:08,158,20.3
3344,4.37,13:24,157,20.3
3345,4.37,13:41,156,20.3
3346,4.37,13:49,155,20.3
3347,4.38,14:34,153,20.3
3348,4.38,14:25,154,20.3
3349,4.38,13:08,154,19.7
3350,4.38,12:53,154,19.7
3351,4.38,12:46,154,19.7
3352,4.38,11:45,154,19.7
3353,4.38,11:33,155,19.7
3354,4.39,11:58,155,19.7
3355,4.39,12:25,156,19.7
3356,4.39,13:08,156,19.7
3357,4.39,14:54,156,19.0
3358,4.39,17:25,156,19.0
3359,4.39,18:07,155,19.0
3360,4.39,15:14,156,19.0
3361,4.39,13:41,156,19.0
3362,4.4,11:21,156,19.0
3363,4.4,9:56,156,19.0
3364,4.4,9:14,157,18.4
3365,4.4,9:43,158,18.4
3366,4.4,9:22,159,18.4
3367,4.4,9:26,159,17.7
3368,4.41,9:18,159,17.7
3369,4.41,9:14,160,17.7
3370,4.41,8:39,161,18.4
3371,4.41,8:16,161,18.4
3372,4.42,7:58,162,18.4
3373,4.42,7:50,162,18.4
3374,4.42,7:56,162,17.7
3375,4.42,8:10,163,17.7
3376,4.42,9:00,164,17.7
3377,4.42,9:26,164,17.7
3378,4.43,9:34,164,17.1
3379,4.43,8:56,166,17.1
3380,4.43,8:29,166,17.1
3381,4.43,7:22,167,17.7
3382,4.44,6:59,168,17.7
3383,4.44,7:03,168,18.4
3384,4.44,7:56,169,19.0
3419,4.44,478:58,146,14.4
3420,4.44,462:27,157,13.8
3421,4.44,235:17,157,13.8
3422,4.44,169:45,156,13.8
3423,4.44,127:43,153,13.8
3424,4.45,12:25,152,13.8
3425,4.45,11:39,152,13.8
3426,4.45,10:48,150,13.8
3427,4.45,10:28,147,14.4
3428,4.45,10:43,147,14.4
3429,4.45,10:48,146,14.4
3430,4.45,10:43,145,14.4
3431,4.46,11:21,145,14.4
3432,4.46,11:16,145,14.4
3433,4.46,11:05,144,14.4
3434,4.46,11:45,143,15.1
3435,4.46,11:52,144,15.1
3436,4.46,11:58,144,15.1
3437,4.46,12:25,143,15.1
3438,4.47,12:32,144,15.1
3439,4.47,12:39,145,15.1
3440,4.47,13:08,147,15.1
3441,4.47,13:01,147,15.7
3442,4.47,13:01,147,15.7
3443,4.47,13:24,148,15.7
3444,4.47,13:41,147,15.7
3445,4.47,14:07,147,15.7
3446,4.48,14:16,148,15.7
3447,4.48,14:16,148,15.7
3448,4.48,13:01,148,15.7
3449,4.48,12:32,149,16.4
3450,4.48,11:58,150,16.4
3451,4.48,11:58,150,16.4
3452,4.48,11:33,149,16.4
3453,4.48,12:18,148,16.4
3454,4.49,12:46,148,16.4
3455,4.49,12:53,147,16.4
3456,4.49,13:16,147,16.4
3457,4.49,13:41,147,16.4
3458,4.49,13:32,147,16.4
3459,4.49,13:41,147,16.4
3460,4.49,13:41,147,17.1
3461,4.49,13:16,147,16.4
3462,4.5,12:53,147,16.4
3463,4.5,13:01,147,16.4
3464,4.5,12:25,147,16.4
3465,4.5,12:53,146,16.4
3466,4.5,13:41,146,16.4
3467,4.5,14:34,147,16.4
3468,4.5,14:44,147,16.4
3469,4.5,15:04,147,16.4
3470,4.51,15:14,147,16.4
3471,4.51,14:25,148,16.4
3472,4.51,13:24,148,16.4
3473,4.51,13:16,148,16.4
3474,4.51,12:32,147,16.4
3475,4.51,11:45,148,16.4
3476,4.51,11:45,148,16.4
3477,4.51,12:39,148,16.4
3478,4.52,12:32,147,16.4
3479,4.52,13:32,147,16.4
3480,4.52,14:16,147,16.4
3481,4.52,14:44,147,16.4
3482,4.52,14:16,148,16.4
3483,4.52,14:54,147,16.4
3484,4.52,15:04,146,16.4
3485,4.52,15:24,146,16.4
3486,4.52,15:46,146,16.4
3487,4.53,15:57,146,16.4
3488,4.53,14:44,147,16.4
3489,4.53,14:07,147,16.4
3490,4.53,14:16,148,16.4
3491,4.53,13:24,148,16.4
3492,4.53,12:39,149,16.4
3493,4.53,13:01,147,16.4
3494,4.54,13:01,147,16.4
3495,4.54,12:46,146,16.4
3496,4.54,12:46,147,15.7
3497,4.54,12:39,147,15.7
3498,4.54,12:32,148,15.7
3499,4.54,13:01,148,16.4
3500,4.54,13:08,148,16.4
3501,4.54,13:16,147,16.4
3502,4.55,13:32,147,16.4
3503,4.55,13:32,147,16.4
3504,4.55,12:53,147,16.4
3505,4.55,11:33,148,16.4
3506,4.55,11:27,147,16.4
3507,4.55,11:33,147,16.4
3508,4.55,11:33,146,16.4
3509,4.55,11:52,148,16.4
3510,4.56,12:25,147,16.4
3511,4.56,12:25,147,16.4
3512,4.56,12:32,147,16.4
3513,4.56,12:53,147,15.7
3514,4.56,12:53,148,15.7
3515,4.56,13:08,148,15.7
3516,4.56,12:53,149,16.4
3517,4.57,13:16,149,16.4
3518,4.57,13:16,149,16.4
3519,4.57,13:24,148,16.4
3520,4.57,13:32,148,16.4
3521,4.57,14:07,148,16.4
3522,4.57,13:41,149,16.4
3523,4.57,12:39,150,16.4
3524,4.57,13:01,151,16.4
3525,4.57,14:07,150,16.4
3526,4.58,15:24,151,16.4
3527,4.58,16:33,151,16.4
3528,4.58,18:22,150,16.4
3529,4.58,16:45,150,16.4
3530,4.58,14:34,149,16.4
3531,4.58,13:58,150,17.1
3532,4.58,13:01,150,17.1
3533,4.58,12:25,150,17.1
3534,4.59,12:25,150,16.4
3535,4.59,13:01,150,16.4
3536,4.59,12:18,151,16.4
3537,4.59,12:32,151,16.4
3538,4.59,13:08,152,16.4
3539,4.59,13:08,152,16.4
3540,4.59,12:46,152,16.4
3541,4.59,12:46,152,17.1
3542,4.6,12:11,152,17.1
3543,4.6,12:18,152,17.1
3544,4.6,12:53,151,17.1
3545,4.6,13:01,151,17.1
3546,4.6,13:49,151,17.1
3547,4.6,15:04,152,17.1
3548,4.6,15:24,151,17.1
3549,4.6,13:32,151,17.1
3550,4.61,11:39,151,17.1
3551,4.61,10:23,151,17.1
3552,4.61,9:47,152,17.1
3553,4.61,9:00,153,17.1
3554,4.61,9:14,153,17.1
3555,4.62,10:00,153,17.7
3556,4.62,10:05,154,17.7
3557,4.62,10:05,154,17.7
3558,4.62,10:23,154,17.7
3559,4.62,10:23,155,18.4
3560,4.62,10:59,155,18.4
3561,4.62,11:58,154,18.4
3562,4.63,12:04,155,18.4
3563,4.63,12:18,154,18.4
3564,4.63,12:18,155,18.4
3565,4.63,11:33,155,18.4
3566,4.63,10:59,155,18.4
3567,4.63,11:10,154,17.7
3568,4.63,10:43,153,17.7
3569,4.64,10:38,153,17.7
3570,4.64,10:33,154,17.7
3571,4.64,11:10,154,17.1
3572,4.64,11:05,156,17.1
3573,4.64,11:16,157,17.1
3574,4.64,12:18,157,17.1
3575,4.64,13:49,158,17.1
3576,4.65,13:32,159,17.7
3577,4.65,13:49,159,17.7
3578,4.65,13:58,159,17.7
3579,4.65,13:41,159,17.7
3580,4.65,13:08,160,17.7
3581,4.65,12:32,159,17.1
3582,4.65,12:18,158,17.1
3583,4.65,12:32,158,17.1
3584,4.66,12:18,158,16.4
3585,4.66,12:18,157,16.4
3586,4.66,12:46,157,16.4
3587,4.66,13:41,157,17.1
3588,4.66,13:16,157,17.1
3589,4.66,12:46,157,17.1
3590,4.66,13:01,158,17.7
3591,4.66,13:58,158,17.7
3592,4.67,12:53,158,17.1
3593,4.67,12:46,158,17.1
3594,4.67,13:16,158,17.1
3595,4.67,13:01,158,17.1
3596,4.67,11:39,157,17.1
3597,4.67,12:18,157,17.1
3598,4.67,13:16,157,17.1
3599,4.68,12:53,156,17.1
3600,4.68,12:46,156,17.1
3601,4.68,13:24,156,17.1
3602,4.68,12:39,156,17.1
3603,4.68,11:52,155,17.1
3604,4.68,11:45,154,17.1
3605,4.68,11:16,153,17.1
3606,4.69,11:10,153,17.1
3607,4.69,11:33,154,17.1
3608,4.69,12:11,154,17.1
3609,4.69,13:08,155,17.1
3610,4.69,15:46,156,17.1
3611,4.69,16:33,157,17.1
3612,4.69,16:58,157,17.1
3613,4.69,17:52,157,17.1
3614,4.69,17:52,158,17.1
3615,4.69,14:44,159,17.1
3616,4.7,14:16,159,17.1
3617,4.7,12:39,160,17.1
3618,4.7,11:33,160,17.1
3619,4.7,11:05,160,17.7
3620,4.7,10:54,160,17.7
3621,4.7,10:54,159,17.7
3622,4.71,11:45,159,17.7
3623,4.71,12:46,160,17.7
3624,4.71,11:58,161,17.7
3625,4.71,11:45,161,17.7
3626,4.71,11:33,160,17.7
3627,4.71,11:16,159,17.7
3628,4.71,10:00,159,17.7
3629,4.72,10:28,159,17.7
3630,4.72,11:05,159,17.7
3631,4.72,11:21,158,17.7
3632,4.72,11:27,159,17.7
3633,4.72,12:39,159,17.7
3634,4.72,13:24,158,17.7
3635,4.72,14:34,158,17.7
3636,4.72,14:25,158,17.7
3637,4.73,14:34,158,17.7
3638,4.73,13:58,157,17.7
3639,4.73,13:08,158,17.1
3640,4.73,12:18,157,17.1
3641,4.73,12:18,158,17.1
3642,4.73,12:39,157,17.1
3643,4.73,13:24,157,17.1
3644,4.73,14:07,156,17.1
3645,4.74,13:41,157,17.1
3646,4.74,13:08,155,17.1
3647,4.74,13:08,154,17.1
3648,4.74,12:46,154,17.1
3649,4.74,11:52,154,17.1
3650,4.74,12:25,153,17.1
3651,4.74,13:08,151,16.4
3652,4.74,13:32,151,16.4
3653,4.75,13:41,151,17.1
3654,4.75,14:44,152,17.1
3655,4.75,15:14,153,17.1
3656,4.75,15:14,153,17.1
3657,4.75,13:58,153,17.1
3658,4.75,13:24,153,17.1
3659,4.75,13:08,153,17.1
3660,4.75,13:01,153,17.1
3661,4.76,12:53,152,17.1
3662,4.76,12:53,152,17.1
3663,4.76,13:08,152,17.1
3664,4.76,13:16,151,17.1
3665,4.76,12:53,151,17.1
3666,4.76,12:53,151,17.1
3667,4.76,13:41,149,17.1
3668,4.76,13:32,149,17.1
3669,4.77,13:08,149,17.1
3670,4.77,13:01,150,17.1
3671,4.77,12:53,152,17.1
3672,4.77,12:11,152,17.1
3673,4.77,13:01,152,17.1
3674,4.77,13:01,152,17.1
3675,4.77,12:39,152,17.1
3676,4.78,12:11,152,17.1
3677,4.78,12:11,152,16.4
3678,4.78,11:33,152,17.1
3679,4.78,11:33,150,16.4
3680,4.78,11:33,150,16.4
3681,4.78,11:52,150,16.4
3682,4.78,11:58,149,16.4
3683,4.79,11:52,149,15.7
3684,4.79,12:25,149,16.4
3685,4.79,13:24,151,15.7
3686,4.79,13:08,151,16.4
3687,4.79,14:44,152,16.4
3688,4.79,15:04,152,15.7
3689,4.79,15:14,153,15.7
3690,4.79,14:16,152,15.1
3691,4.79,15:14,152,15.1
3692,4.8,14:07,152,15.1
3693,4.8,13:49,152,15.1
3694,4.8,13:01,152,15.1
3695,4.8,12:39,152,15.1
3696,4.8,11:52,152,15.1
3697,4.8,11:16,151,15.1
3698,4.8,11:16,151,15.1
3699,4.81,11:16,151,15.1
3700,4.81,11:58,152,15.1
3701,4.81,12:25,152,15.1
3702,4.81,13:16,153,15.1
3703,4.81,13:32,153,15.1
3704,4.81,13:58,153,15.1
3705,4.81,14:07,153,15.1
3706,4.81,13:49,153,15.1
3707,4.82,12:53,153,15.1
3708,4.82,12:46,153,15.1
3709,4.82,12:04,154,15.1
3710,4.82,11:45,154,15.1
3711,4.82,12:25,153,15.1
3712,4.82,12:39,152,15.1
3713,4.82,13:01,152,15.1
3714,4.82,13:49,152,15.1
3715,4.83,13:58,153,15.1
3716,4.83,13:24,154,15.1
3717,4.83,13:58,154,15.1
3718,4.83,14:07,154,15.1
3719,4.83,13:24,154,15.1
3720,4.83,12:53,155,14.4
3721,4.83,14:16,155,15.1
3722,4.83,13:41,155,15.1
3723,4.84,13:24,154,15.1
3724,4.84,13:58,154,15.1
3725,4.84,14:25,154,15.1
3726,4.84,13:24,153,15.1
3727,4.84,13:32,153,15.1
3728,4.84,13:01,153,15.1
3729,4.84,12:39,152,15.1
3730,4.84,12:04,152,15.1
3731,4.85,12:11,152,15.1
3732,4.85,12:11,153,15.1
3733,4.85,12:39,153,15.1
3734,4.85,13:49,154,15.1
3735,4.85,14:54,155,15.1
3736,4.85,13:41,155,15.1
3737,4.85,14:07,155,15.1
3738,4.85,13:32,155,15.1
3739,4.86,13:01,155,15.1
3740,4.86,12:32,155,15.1
3741,4.86,13:01,155,15.1
3742,4.86,11:58,154,15.1
3743,4.86,12:04,153,15.1
3744,4.86,11:58,153,15.1
3745,4.86,12:32,153,15.1
3746,4.87,11:58,153,15.1
3747,4.87,12:04,154,15.1
3748,4.87,12:04,153,15.1
3749,4.87,12:39,153,15.1
3750,4.87,12:32,153,14.4
3751,4.87,13:01,152,14.4
3752,4.87,13:32,151,14.4
3753,4.87,13:41,152,14.4
3754,4.88,12:32,152,14.4
3755,4.88,11:39,153,14.4
3756,4.88,11:45,153,14.4
3757,4.88,11:58,154,14.4
3758,4.88,12:18,154,14.4
3759,4.88,12:46,155,14.4
3760,4.88,13:16,155,14.4
3761,4.89,12:32,155,14.4
3762,4.89,11:39,155,14.4
3763,4.89,11:39,156,14.4
3764,4.89,11:39,156,14.4
3765,4.89,12:04,156,14.4
3766,4.89,12:11,157,13.8
3767,4.89,12:46,156,13.8
3768,4.89,12:18,157,13.8
3769,4.9,12:18,157,13.8
3770,4.9,12:11,158,13.8
3771,4.9,12:46,158,13.8
3772,4.9,13:41,158,13.8
3773,4.9,13:58,158,13.8
3774,4.9,13:41,158,13.8
3775,4.9,13:58,159,13.8
3776,4.9,13:58,158,13.8
3777,4.91,13:49,158,13.8
3778,4.91,14:16,158,13.1
3779,4.91,14:16,158,13.8
3780,4.91,13:41,158,13.8
3781,4.91,14:34,158,13.8
3782,4.91,14:16,157,13.8
3783,4.91,12:39,158,14.4
3784,4.91,12:32,157,13.8
3785,4.92,12:25,157,13.8
3786,4.92,11:58,158,13.8
3787,4.92,12:04,158,13.8
3788,4.92,12:53,158,13.8
3789,4.92,12:46,158,13.8
3790,4.92,12:46,158,13.8
3791,4.92,12:25,160,13.8
3792,4.93,11:52,160,13.8
3793,4.93,11:39,160,13.8
3794,4.93,11:45,160,13.8
3795,4.93,11:45,160,13.8
3796,4.93,12:04,160,13.8
3797,4.93,13:01,160,13.8
3798,4.93,13:08,160,13.8
3799,4.93,13:32,160,13.8
3800,4.94,14:16,159,13.8
3801,4.94,14:07,159,13.8
3802,4.94,13:16,159,13.1
3803,4.94,13:41,157,13.1
3804,4.94,13:32,157,13.1
3805,4.94,13:24,158,13.8
3806,4.94,13:16,157,14.4
3807,4.94,15:14,157,14.4
3808,4.95,14:25,156,15.1
3809,4.95,14:25,156,14.4
3810,4.95,14:07,155,14.4
3811,4.95,14:34,157,13.8
3812,4.95,12:25,156,13.8
3813,4.95,12:53,156,13.8
3814,4.95,12:32,157,13.8
3815,4.95,11:52,158,13.8
3816,4.96,11:52,158,13.8
3817,4.96,11:52,158,13.8
3818,4.96,11:52,159,13.8
3819,4.96,11:58,159,14.4
3820,4.96,12:18,158,14.4
3821,4.96,11:10,158,14.4
3822,4.96,10:54,159,14.4
3823,4.97,10:14,159,14.4
3824,4.97,10:00,159,14.4
3825,4.97,9:43,159,14.4
3826,4.97,10:14,159,13.8
3827,4.97,10:28,158,13.8
3828,4.97,10:54,158,13.8
3829,4.98,11:16,159,13.8
3830,4.98,11:27,159,13.8
3831,4.98,11:16,159,13.8
3832,4.98,11:45,159,14.4
3833,4.98,12:11,159,14.4
3834,4.98,12:25,159,14.4
3835,4.98,12:39,160,13.8
3836,4.99,12:46,160,13.8
3837,4.99,12:04,160,13.8
3838,4.99,11:27,161,13.8
3839,4.99,10:54,161,13.8
3840,4.99,10:05,161,13.8
3841,4.99,9:43,162,13.8
3842,5.0,9:38,161,13.8
3843,5.0,9:43,161,13.8
3844,5.0,9:51,161,13.8
3845,5.0,10:38,163,13.8
3846,5.0,10:54,163,14.4
3847,5.0,11:10,164,14.4
3848,5.0,11:33,164,15.1
3849,5.01,11:05,165,15.1
3850,5.01,10:38,164,15.1
3851,5.01,10:54,165,15.7
3852,5.01,11:10,165,15.7
3853,5.01,10:33,165,15.1
3854,5.01,10:54,165,15.1
3855,5.01,11:45,166,15.1
3856,5.02,11:05,165,15.7
3857,5.02,10:33,165,15.7
3858,5.02,11:21,165,15.1
3859,5.02,10:28,164,15.1
3860,5.02,9:56,165,15.1
3861,5.02,10:33,165,14.4
3862,5.03,10:59,164,13.8
3863,5.03,10:28,164,13.8
3864,5.03,13:32,164,13.8
3865,5.03,15:04,163,13.8
3866,5.03,15:24,163,13.8
3867,5.03,16:09,162,13.8
3868,5.03,17:25,163,14.4
3869,5.03,16:09,163,14.4
3870,5.03,14:16,162,13.8
3871,5.04,13:32,161,13.8
3872,5.04,12:04,161,13.8
3873,5.04,11:58,161,13.8
3874,5.04,10:43,160,13.8
3875,5.04,11:16,160,13.8
3876,5.04,11:16,159,13.8
3877,5.04,12:25,160,13.8
3878,5.05,13:01,160,13.8
3879,5.05,12:53,159,13.8
3880,5.05,13:01,160,13.8
3881,5.05,13:58,159,14.4
3882,5.05,14:16,159,13.8
3883,5.05,14:07,158,13.8
3884,5.05,15:14,158,13.8
3885,5.05,16:09,158,13.8
3886,5.05,16:09,159,13.8
3887,5.06,16:09,159,13.8
3888,5.06,14:34,159,14.4
3889,5.06,13:32,159,14.4
3890,5.06,13:41,160,14.4
3891,5.06,13:41,160,14.4
3892,5.06,14:34,161,14.4
3893,5.06,17:25,160,14.4
3894,5.06,20:57,161,14.4
3895,5.06,19:43,160,15.1
3896,5.07,19:09,161,15.1
3897,5.07,16:33,159,15.1
3898,5.07,15:24,158,15.1
3899,5.07,14:07,159,15.1
3900,5.07,12:18,159,15.1
3901,5.07,10:48,159,15.1
3902,5.07,10:00,159,15.1
3903,5.08,9:11,160,15.7
3904,5.08,8:32,160,15.7
3905,5.08,8:22,160,15.7
3906,5.08,8:07,161,15.7
3907,5.09,7:37,161,16.4
3908,5.09,7:22,161,16.4
3909,5.09,7:24,162,16.4
3910,5.09,7:45,161,16.4
3911,5.09,8:22,160,17.1
3912,5.09,9:51,160,17.1
3913,5.1,10:59,160,16.4
3914,5.1,12:04,160,16.4
3915,5.1,12:53,160,17.1
3916,5.1,13:41,160,17.1
3917,5.1,13:01,160,16.4
3918,5.1,13:41,159,16.4
3919,5.1,14:07,159,16.4
3920,5.1,14:25,159,16.4
3921,5.1,14:54,159,16.4
3922,5.11,14:34,159,16.4
3923,5.11,12:39,159,16.4
3924,5.11,11:16,159,16.4
3925,5.11,10:28,159,16.4
3926,5.11,9:14,159,16.4
3927,5.12,8:56,159,16.4
3928,5.12,9:07,159,16.4
3929,5.12,9:22,159,16.4
3930,5.12,9:43,158,16.4
3931,5.12,10:09,158,16.4
3932,5.12,11:27,158,16.4
3933,5.12,12:11,158,16.4
3934,5.13,12:53,158,16.4
3935,5.13,13:24,158,16.4
3936,5.13,14:34,158,16.4
3937,5.13,14:07,158,16.4
3938,5.13,13:49,158,16.4
3939,5.13,13:49,158,16.4
3940,5.13,13:32,158,16.4
3941,5.13,13:41,157,16.4
3942,5.13,13:24,156,16.4
3943,5.14,13:49,156,17.1
3944,5.14,12:18,156,17.1
3945,5.14,11:52,156,17.1
3946,5.14,11:16,156,17.1
3947,5.14,11:16,156,17.1
3948,5.14,11:27,156,17.1
3949,5.14,13:24,155,17.1
3950,5.15,14:44,155,17.1
3951,5.15,16:33,155,17.1
3952,5.15,17:52,155,17.1
3953,5.15,16:58,155,17.1
3954,5.15,15:04,156,17.1
3955,5.15,14:07,156,17.1
3956,5.15,14:34,156,17.1
3957,5.15,13:58,155,17.1
3958,5.15,13:32,155,17.1
3959,5.16,13:49,154,17.7
3960,5.16,13:24,154,17.7
3961,5.16,11:58,153,17.7
3962,5.16,12:04,153,17.7
3963,5.16,12:04,153,17.7
3964,5.16,11:58,154,17.7
3965,5.16,12:46,154,17.7
3966,5.17,12:53,154,17.7
3967,5.17,12:46,155,17.7
3968,5.17,12:53,154,17.7
3969,5.17,13:01,154,17.7
3970,5.17,13:24,153,17.7
3971,5.17,14:25,152,17.7
3972,5.17,14:54,153,17.1
3973,5.17,14:07,154,17.1
3974,5.18,12:53,153,17.1
3975,5.18,11:21,153,17.1
3976,5.18,11:21,152,16.4
3977,5.18,11:16,152,16.4
3978,5.18,12:46,152,16.4
3979,5.18,13:32,152,17.1
3980,5.18,15:24,154,17.1
3981,5.18,14:34,154,17.7
3982,5.19,14:16,155,17.7
3983,5.19,12:46,155,17.7
3984,5.19,13:16,156,17.7
3985,5.19,13:24,156,17.7
3986,5.19,13:49,157,17.7
3987,5.19,14:07,157,17.7
3988,5.19,14:25,158,17.7
3989,5.19,15:35,158,17.1
3990,5.19,15:35,157,17.1
3991,5.2,15:24,157,17.1
3992,5.2,13:58,156,17.1
3993,5.2,15:14,156,17.1
3994,5.2,14:34,156,17.1
3995,5.2,15:24,156,17.1
3996,5.2,17:11,156,17.1
3997,5.2,18:22,156,17.1
3998,5.2,17:25,156,16.4
3999,5.2,16:58,156,16.4
4000,5.21,15:24,156,16.4
4001,5.21,12:53,156,16.4
4002,5.21,13:08,156,16.4
4003,5.21,12:18,156,16.4
4004,5.21,12:18,156,16.4
4005,5.21,11:27,156,15.7
