elapsed_seconds,distance_miles,pace_per_mile,heartrate,altitude_ft
0,0.0,,85,181.8
1,0.0,134:06,100,181.1
2,0.0,26:49,100,181.1
3,0.0,28:44,99,181.1
4,0.0,17:18,99,181.1
5,0.01,16:21,99,181.1
6,0.01,14:07,99,181.1
7,0.01,13:32,100,181.1
8,0.01,12:46,100,181.1
9,0.01,15:04,102,181.1
10,0.01,13:16,102,181.1
11,0.01,12:11,103,181.1
12,0.01,11:52,104,181.1
13,0.02,10:59,104,180.4
14,0.02,10:33,106,180.4
15,0.02,11:21,107,180.4
16,0.02,11:27,107,179.8
17,0.02,11:21,108,179.8
18,0.02,11:33,109,180.4
19,0.02,11:39,109,180.4
20,0.03,11:33,109,180.4
21,0.03,11:21,108,180.4
22,0.03,11:21,108,180.4
23,0.03,11:05,108,179.8
24,0.03,10:54,108,179.8
25,0.03,11:27,107,179.8
26,0.03,11:39,107,179.8
27,0.04,11:58,108,179.8
28,0.04,12:04,108,179.8
29,0.04,11:45,108,179.1
30,0.04,10:28,109,178.5
31,0.04,10:09,111,178.5
32,0.04,10:28,111,178.5
33,0.05,10:38,112,178.5
34,0.05,11:27,113,179.1
35,0.05,12:11,114,179.1
36,0.05,12:39,115,179.1
37,0.05,11:21,116,179.1
38,0.05,10:54,117,179.8
39,0.05,10:23,117,179.8
40,0.06,10:43,119,179.8
41,0.06,10:48,119,179.8
42,0.06,11:39,119,179.8
43,0.06,11:52,119,179.8
44,0.06,12:04,119,179.8
45,0.06,12:11,119,179.1
46,0.06,11:58,116,179.1
47,0.07,11:05,110,179.1
48,0.07,10:54,108,179.1
49,0.07,10:59,107,178.5
50,0.07,11:05,108,179.1
51,0.07,11:39,108,179.1
52,0.07,12:39,108,179.1
53,0.07,13:24,108,178.5
54,0.08,12:18,108,178.5
55,0.08,11:39,108,178.5
56,0.08,11:05,109,178.5
57,0.08,10:59,109,178.5
58,0.08,10:54,110,178.5
59,0.08,11:39,119,178.5
60,0.08,13:01,110,178.5
61,0.09,13:16,111,178.5
62,0.09,14:44,111,178.5
63,0.09,15:14,111,179.1
64,0.09,16:33,111,179.1
65,0.09,15:46,112,179.1
66,0.09,15:46,112,179.1
67,0.09,15:24,112,179.1
68,0.09,14:34,112,179.1
69,0.09,13:41,113,178.5
70,0.1,13:01,113,179.1
71,0.1,11:52,114,179.1
72,0.1,12:32,114,179.1
73,0.1,11:39,115,179.1
74,0.1,10:14,116,179.8
75,0.1,9:18,117,179.1
76,0.11,9:26,119,179.1
77,0.11,8:26,121,179.1
78,0.11,8:32,122,179.8
79,0.11,9:18,124,179.8
80,0.11,9:51,126,179.8
81,0.11,10:33,128,179.8
82,0.12,10:54,130,179.8
83,0.12,11:39,131,179.8
84,0.12,12:39,133,179.1
85,0.12,13:08,133,179.1
86,0.12,13:16,133,179.1
87,0.12,12:39,134,179.1
88,0.12,12:32,135,179.1
89,0.12,11:33,135,179.1
90,0.13,11:45,136,179.1
91,0.13,11:45,136,178.5
92,0.13,11:52,136,178.5
93,0.13,11:58,136,178.5
94,0.13,12:18,136,177.8
95,0.13,12:18,136,178.5
96,0.13,12:18,136,178.5
97,0.14,13:01,137,179.1
98,0.14,13:32,137,179.1
99,0.14,13:32,137,179.1
100,0.14,13:32,137,178.5
101,0.14,13:01,136,177.8
102,0.14,12:25,137,177.8
103,0.14,11:58,138,177.8
104,0.14,11:45,137,178.5
105,0.15,12:04,137,178.5
106,0.15,12:39,137,179.1
107,0.15,12:53,138,179.1
108,0.15,12:25,138,179.1
109,0.15,11:58,138,178.5
110,0.15,11:16,138,178.5
111,0.15,10:59,138,178.5
112,0.16,11:16,138,178.5
113,0.16,11:58,138,178.5
114,0.16,12:11,138,177.8
115,0.16,12:11,137,177.2
116,0.16,11:52,137,176.5
117,0.16,11:16,137,175.9
118,0.16,10:38,137,175.2
119,0.17,10:43,137,174.5
120,0.17,11:05,137,174.5
121,0.17,11:33,136,173.9
122,0.17,12:04,135,173.9
123,0.17,12:18,135,174.5
124,0.17,12:11,134,174.5
125,0.17,11:58,134,174.5
126,0.18,11:33,134,174.5
127,0.18,11:33,134,174.5
128,0.18,11:05,134,174.5
129,0.18,11:27,134,175.2
130,0.18,11:16,135,175.2
131,0.18,11:27,135,175.2
132,0.18,11:21,135,175.9
133,0.19,11:58,135,176.5
134,0.19,12:04,137,176.5
135,0.19,12:18,137,175.9
136,0.19,12:25,137,175.9
137,0.19,11:58,137,175.9
138,0.19,11:45,137,175.9
139,0.19,11:21,137,175.9
140,0.2,11:16,138,176.5
141,0.2,11:10,138,176.5
142,0.2,11:10,139,176.5
143,0.2,11:05,140,177.2
144,0.2,10:54,140,177.2
145,0.2,10:48,139,177.8
146,0.21,10:43,140,177.8
147,0.21,11:16,140,177.8
148,0.21,11:52,140,177.8
149,0.21,12:11,141,177.8
150,0.21,12:32,140,177.8
151,0.21,12:39,140,177.8
152,0.21,12:11,140,177.8
153,0.21,11:45,141,177.8
154,0.22,11:39,141,177.2
155,0.22,11:52,141,177.2
156,0.22,11:58,141,177.2
157,0.22,11:58,141,177.8
158,0.22,12:11,140,177.8
159,0.22,12:18,140,178.5
160,0.22,12:25,140,178.5
161,0.23,12:32,142,178.5
162,0.23,13:16,145,178.5
163,0.23,13:32,145,178.5
164,0.23,14:07,145,178.5
165,0.23,14:07,141,178.5
166,0.23,13:49,140,179.1
167,0.23,13:16,139,179.1
168,0.23,12:39,138,179.1
169,0.24,11:58,137,179.8
170,0.24,11:33,137,179.8
171,0.24,10:59,137,179.8
172,0.24,11:05,137,179.8
173,0.24,12:11,136,180.4
174,0.24,12:39,136,180.4
175,0.24,13:08,136,180.4
176,0.25,13:16,135,180.4
177,0.25,11:58,135,179.8
178,0.25,10:23,135,179.8
179,0.25,10:09,136,179.8
180,0.25,9:51,137,180.4
181,0.25,9:51,137,180.4
182,0.26,10:48,138,181.1
183,0.26,10:59,138,181.1
184,0.26,10:59,138,181.1
185,0.26,10:59,139,181.1
186,0.26,11:21,139,181.1
187,0.26,11:16,139,181.1
188,0.26,11:27,139,181.1
189,0.27,11:52,139,181.1
190,0.27,11:39,140,181.1
191,0.27,11:45,140,181.1
192,0.27,11:39,141,181.1
193,0.27,11:45,142,181.8
194,0.27,11:39,140,181.8
195,0.27,12:11,140,181.8
196,0.27,12:39,140,181.8
197,0.28,13:08,141,181.8
212,0.28,237:21,131,181.1
213,0.28,171:56,136,181.1
214,0.28,93:08,136,181.1
215,0.28,66:03,136,180.4
216,0.28,51:58,136,180.4
217,0.28,10:54,135,180.4
218,0.29,11:05,133,180.4
219,0.29,11:16,132,180.4
220,0.29,11:10,130,180.4
221,0.29,11:16,132,180.4
222,0.29,11:21,131,179.8
223,0.29,11:10,132,179.8
224,0.29,11:33,132,179.8
225,0.3,11:16,133,180.4
226,0.3,11:33,134,180.4
227,0.3,11:52,135,180.4
228,0.3,11:58,136,181.1
229,0.3,11:52,136,180.4
230,0.3,12:53,137,180.4
231,0.3,13:01,137,180.4
232,0.3,13:08,137,179.8
233,0.31,14:16,137,179.8
234,0.31,13:49,138,179.8
235,0.31,13:16,138,179.8
236,0.31,12:18,138,179.8
237,0.31,11:52,138,179.8
238,0.31,11:21,138,180.4
239,0.31,11:21,138,180.4
240,0.32,11:52,138,180.4
241,0.32,12:46,139,181.1
242,0.32,13:08,139,181.8
243,0.32,13:32,139,181.8
244,0.32,13:08,138,182.4
245,0.32,13:01,138,182.4
246,0.32,12:11,138,182.4
247,0.32,12:04,140,183.1
248,0.33,11:39,139,183.1
249,0.33,11:58,139,183.1
250,0.33,11:52,139,183.7
251,0.33,12:04,139,183.7
252,0.33,12:04,139,183.7
253,0.33,12:25,139,183.7
254,0.33,12:46,139,183.7
255,0.33,13:16,140,183.7
256,0.34,13:49,139,183.1
257,0.34,13:32,139,183.1
258,0.34,11:45,139,183.1
259,0.34,11:39,139,182.4
260,0.34,10:43,139,182.4
261,0.34,10:23,139,183.1
262,0.35,10:38,139,182.4
263,0.35,11:45,139,183.1
264,0.35,11:16,139,182.4
265,0.35,11:16,139,182.4
266,0.35,11:21,140,182.4
267,0.35,10:48,139,182.4
268,0.35,10:43,139,183.1
269,0.36,10:59,139,183.1
270,0.36,11:16,138,183.1
271,0.36,11:21,139,183.1
272,0.36,11:52,139,183.1
273,0.36,11:58,138,183.1
274,0.36,11:52,139,183.1
275,0.36,11:52,138,183.1
276,0.37,11:33,139,183.7
277,0.37,11:39,139,183.1
278,0.37,12:04,140,183.1
279,0.37,12:11,140,182.4
280,0.37,12:32,140,182.4
281,0.37,12:53,139,182.4
282,0.37,13:08,139,182.4
283,0.38,12:25,141,182.4
284,0.38,12:11,141,183.1
285,0.38,11:45,141,183.1
286,0.38,11:45,140,183.1
287,0.38,11:21,140,183.1
288,0.38,11:21,140,183.1
289,0.38,11:27,140,182.4
290,0.39,11:27,140,182.4
291,0.39,11:45,140,182.4
292,0.39,11:58,140,182.4
293,0.39,12:25,140,182.4
294,0.39,12:53,139,182.4
295,0.39,13:16,139,182.4
296,0.39,13:24,140,181.8
297,0.39,12:53,140,181.8
298,0.4,12:32,140,181.8
299,0.4,11:39,140,181.1
300,0.4,11:27,140,181.1
301,0.4,11:10,140,181.1
302,0.4,11:10,141,181.1
303,0.4,11:27,141,181.1
304,0.4,11:39,142,181.1
305,0.41,11:45,142,181.1
306,0.41,11:39,142,181.1
307,0.41,12:04,141,180.4
308,0.41,11:52,141,180.4
309,0.41,12:32,141,180.4
310,0.41,12:18,140,180.4
311,0.41,11:45,140,180.4
312,0.42,11:21,140,180.4
313,0.42,11:05,140,180.4
314,0.42,10:48,140,180.4
315,0.42,10:38,140,180.4
316,0.42,11:27,141,180.4
317,0.42,11:45,142,180.4
318,0.42,12:32,143,180.4
319,0.43,12:25,142,180.4
320,0.43,12:46,143,180.4
321,0.43,12:25,143,180.4
322,0.43,12:32,142,179.8
323,0.43,12:39,143,179.8
324,0.43,12:46,142,180.4
325,0.43,13:01,142,180.4
326,0.43,13:24,142,179.8
327,0.44,13:58,142,179.8
328,0.44,12:11,141,179.8
329,0.44,11:27,142,179.8
330,0.44,10:54,141,179.8
331,0.44,10:33,141,179.8
332,0.44,10:00,141,179.8
333,0.45,10:38,140,179.8
334,0.45,11:45,140,179.8
335,0.45,12:39,139,179.8
336,0.45,12:39,139,179.1
337,0.45,12:46,139,179.1
338,0.45,12:46,140,179.1
339,0.45,11:39,140,178.5
340,0.46,10:54,140,178.5
341,0.46,10:28,140,178.5
342,0.46,10:33,140,178.5
343,0.46,10:33,139,178.5
344,0.46,11:16,139,178.5
345,0.46,11:21,138,177.8
346,0.46,11:33,138,177.8
347,0.47,11:33,137,177.8
348,0.47,11:27,138,178.5
349,0.47,10:54,138,178.5
350,0.47,11:39,139,178.5
351,0.47,11:58,139,177.8
352,0.47,11:58,139,177.8
353,0.47,12:11,138,177.2
354,0.48,12:25,138,176.5
355,0.48,11:52,138,176.5
356,0.48,11:21,138,175.9
357,0.48,11:27,138,175.9
358,0.48,11:33,138,175.9
359,0.48,11:21,138,175.9
360,0.48,11:05,137,175.9
361,0.49,11:10,136,175.9
362,0.49,10:59,136,175.9
363,0.49,10:48,137,175.9
364,0.49,10:43,137,175.9
365,0.49,10:38,138,175.9
366,0.49,10:43,138,175.9
367,0.5,10:43,139,175.9
368,0.5,10:28,139,176.5
369,0.5,10:54,139,176.5
370,0.5,11:27,140,176.5
371,0.5,12:04,139,176.5
372,0.5,12:18,139,176.5
373,0.5,12:32,138,176.5
374,0.5,12:46,138,176.5
375,0.51,12:11,137,176.5
376,0.51,12:25,137,176.5
377,0.51,12:25,137,176.5
378,0.51,12:46,137,177.2
379,0.51,12:46,137,177.2
380,0.51,12:53,138,177.2
381,0.51,12:32,139,177.2
382,0.52,12:11,139,176.5
383,0.52,12:25,140,176.5
384,0.52,12:32,140,176.5
385,0.52,13:24,140,176.5
386,0.52,13:49,139,177.2
387,0.52,15:04,140,177.2
388,0.52,15:24,139,177.2
389,0.52,15:14,140,177.8
390,0.52,15:14,140,177.8
391,0.53,15:04,140,177.8
392,0.53,14:07,140,177.8
393,0.53,13:24,139,177.8
394,0.53,13:32,139,177.8
395,0.53,13:08,139,177.8
396,0.53,13:16,138,177.2
397,0.53,13:16,139,177.2
398,0.53,13:24,139,177.2
399,0.54,12:32,139,177.2
400,0.54,11:52,139,176.5
401,0.54,11:21,138,177.2
402,0.54,11:05,138,176.5
403,0.54,10:54,138,176.5
404,0.54,11:21,137,176.5
405,0.54,12:18,137,176.5
406,0.55,12:46,137,176.5
407,0.55,13:24,137,175.9
408,0.55,13:32,137,175.9
409,0.55,13:01,139,175.9
410,0.55,12:04,139,175.9
411,0.55,11:27,139,175.9
412,0.55,11:10,140,175.9
413,0.56,10:59,140,175.9
414,0.56,11:21,140,175.9
415,0.56,11:52,141,175.9
416,0.56,12:04,143,175.9
417,0.56,12:11,144,176.5
418,0.56,12:18,144,176.5
419,0.56,12:39,144,176.5
420,0.57,12:46,144,176.5
421,0.57,12:53,145,176.5
422,0.57,12:46,145,176.5
423,0.57,14:07,145,176.5
424,0.57,13:32,145,176.5
425,0.57,13:08,145,176.5
426,0.57,13:08,145,176.5
427,0.57,13:01,145,176.5
428,0.58,11:16,144,176.5
429,0.58,10:54,143,175.9
430,0.58,10:43,144,175.9
431,0.58,10:43,144,175.9
432,0.58,10:48,144,175.2
433,0.58,11:10,144,175.2
434,0.58,11:39,144,174.5
435,0.59,11:39,144,173.9
436,0.59,11:33,145,173.2
437,0.59,11:52,145,172.6
438,0.59,12:46,145,172.6
439,0.59,13:08,146,172.6
440,0.59,13:08,146,172.6
441,0.59,12:39,146,172.6
442,0.6,12:11,147,172.6
443,0.6,11:52,146,172.6
444,0.6,10:23,147,172.6
445,0.6,10:38,147,172.6
446,0.6,11:05,148,172.6
447,0.6,11:16,148,172.6
448,0.61,10:28,147,172.6
449,0.61,11:05,147,171.9
450,0.61,11:27,146,171.9
451,0.61,11:39,146,171.9
452,0.61,11:39,146,171.9
453,0.61,12:46,146,171.9
454,0.61,13:08,146,171.3
455,0.61,12:46,145,171.3
456,0.62,12:39,145,171.3
457,0.62,12:39,144,170.6
458,0.62,12:39,143,170.6
459,0.62,13:08,143,169.9
460,0.62,12:53,143,169.9
461,0.62,12:25,142,169.3
462,0.62,12:18,141,169.3
463,0.63,11:58,141,169.3
464,0.63,11:39,141,169.3
465,0.63,11:45,141,169.3
466,0.63,11:05,141,169.3
467,0.63,10:43,141,168.6
468,0.63,10:28,141,168.6
469,0.63,10:33,141,168.6
470,0.64,10:18,142,168.0
471,0.64,10:59,142,168.0
472,0.64,11:05,142,168.0
473,0.64,11:33,142,168.0
474,0.64,11:27,143,168.0
475,0.64,11:39,143,168.0
476,0.64,12:04,143,167.3
477,0.65,13:01,143,167.3
478,0.65,12:18,143,166.7
479,0.65,12:25,143,166.7
480,0.65,13:01,144,166.0
481,0.65,13:08,144,166.0
482,0.65,12:32,144,165.4
483,0.65,12:11,144,165.4
484,0.66,11:52,143,164.7
485,0.66,11:10,142,164.7
486,0.66,10:48,141,164.7
487,0.66,10:28,140,164.7
488,0.66,10:28,139,164.7
489,0.66,10:18,139,164.0
490,0.67,10:00,139,164.0
491,0.67,9:38,138,164.0
492,0.67,10:00,137,164.0
493,0.67,10:09,135,163.4
494,0.67,10:18,133,163.4
495,0.67,10:54,129,162.7
496,0.67,11:10,124,162.1
497,0.68,10:59,124,161.4
498,0.68,12:11,124,160.8
499,0.68,12:53,124,160.8
500,0.68,12:11,125,160.1
501,0.68,12:04,125,160.1
502,0.68,12:46,125,159.4
503,0.68,11:45,125,159.4
504,0.69,11:10,125,158.8
505,0.69,10:59,132,158.1
506,0.69,10:38,133,158.1
507,0.69,9:43,135,157.5
508,0.69,9:43,137,157.5
509,0.69,10:00,138,158.1
510,0.7,10:33,139,158.1
511,0.7,10:33,139,158.8
512,0.7,11:21,139,158.8
513,0.7,12:11,139,158.8
514,0.7,12:04,139,158.1
515,0.7,12:18,139,157.5
516,0.7,13:41,139,156.8
517,0.7,13:24,140,156.8
518,0.71,12:25,140,157.5
519,0.71,11:58,141,157.5
520,0.71,11:52,141,157.5
521,0.71,11:27,142,157.5
522,0.71,11:33,142,157.5
523,0.71,11:27,142,156.8
524,0.72,11:05,142,157.5
525,0.72,10:54,142,157.5
526,0.72,10:09,142,157.5
527,0.72,10:00,143,156.8
528,0.72,10:23,142,156.8
529,0.72,11:21,143,156.8
530,0.72,11:33,142,156.2
531,0.73,12:32,141,155.5
532,0.73,13:01,141,155.5
533,0.73,12:46,141,154.9
534,0.73,12:11,140,154.9
535,0.73,11:21,140,154.2
536,0.73,11:10,140,153.5
537,0.73,10:48,140,153.5
538,0.74,10:54,141,152.9
539,0.74,10:33,141,152.2
540,0.74,11:05,142,151.6
541,0.74,10:54,141,150.9
542,0.74,10:33,141,150.3
543,0.74,10:23,141,150.3
544,0.75,10:23,140,149.6
545,0.75,10:23,140,149.0
546,0.75,10:28,140,149.0
547,0.75,11:05,140,148.3
548,0.75,11:16,139,148.3
549,0.75,11:58,138,147.6
550,0.75,12:18,138,147.0
551,0.75,12:39,138,147.0
552,0.76,12:25,136,146.3
553,0.76,11:21,135,145.7
554,0.76,10:54,135,145.7
555,0.76,10:28,135,145.0
556,0.76,10:28,134,144.4
557,0.76,10:43,134,144.4
558,0.77,11:33,133,143.7
559,0.77,11:45,134,143.7
560,0.77,12:25,134,143.0
561,0.77,12:18,135,143.0
562,0.77,11:52,136,142.4
563,0.77,11:39,136,142.4
564,0.77,11:27,135,141.7
565,0.78,11:10,135,141.7
566,0.78,11:27,135,141.1
567,0.78,11:39,135,140.4
568,0.78,11:45,134,140.4
569,0.78,12:04,135,139.8
570,0.78,12:18,135,139.1
571,0.78,12:04,135,139.1
572,0.79,11:52,136,138.5
573,0.79,11:39,136,138.5
574,0.79,11:39,135,137.8
575,0.79,11:05,135,137.8
576,0.79,10:54,134,137.1
577,0.79,10:43,134,136.5
578,0.79,10:54,134,135.8
579,0.8,10:59,134,135.2
580,0.8,11:21,134,134.5
581,0.8,11:27,135,134.5
582,0.8,11:45,135,133.9
583,0.8,11:27,135,133.2
584,0.8,11:21,135,133.2
585,0.8,11:39,136,132.5
586,0.81,11:39,136,132.5
587,0.81,11:27,136,132.5
588,0.81,11:10,137,132.5
589,0.81,10:48,137,131.9
590,0.81,10:23,138,132.5
591,0.81,10:33,138,132.5
592,0.82,10:43,137,131.9
593,0.82,11:16,137,131.9
594,0.82,11:16,138,131.9
595,0.82,11:21,138,131.9
596,0.82,11:27,138,131.9
597,0.82,11:27,138,131.9
598,0.82,11:58,138,131.2
599,0.83,12:18,138,131.2
600,0.83,12:18,137,131.2
601,0.83,11:21,137,130.6
602,0.83,11:05,137,130.6
603,0.83,10:38,137,130.6
604,0.83,10:54,138,130.6
605,0.83,11:52,138,130.6
606,0.83,14:44,138,130.6
607,0.83,18:22,139,130.6
608,0.84,23:07,140,129.9
609,0.84,24:50,140,130.6
610,0.84,18:53,140,130.6
611,0.84,14:07,140,130.6
612,0.84,11:58,140,131.2
613,0.84,9:38,141,131.2
614,0.85,8:35,140,131.2
615,0.85,8:32,141,131.2
616,0.85,8:56,141,131.2
617,0.85,8:52,141,130.6
618,0.85,9:34,140,130.6
619,0.85,10:14,141,130.6
620,0.86,10:28,140,130.6
621,0.86,10:43,141,130.6
622,0.86,10:59,140,131.2
623,0.86,10:59,141,131.2
624,0.86,11:05,141,131.2
625,0.86,11:45,141,131.2
626,0.86,11:45,140,131.2
627,0.87,11:33,140,131.2
628,0.87,11:58,140,131.2
629,0.87,12:39,140,131.2
630,0.87,13:01,139,131.2
631,0.87,13:08,139,131.2
632,0.87,13:49,140,130.6
633,0.87,13:32,139,130.6
634,0.87,13:32,139,130.6
635,0.88,13:08,139,130.6
636,0.88,13:16,139,130.6
637,0.88,12:53,140,130.6
638,0.88,12:53,141,130.6
639,0.88,12:18,141,130.6
640,0.88,12:18,141,131.2
641,0.88,12:32,141,131.2
642,0.88,12:32,141,131.2
643,0.89,12:32,141,131.2
644,0.89,12:53,141,131.2
645,0.89,12:53,142,131.2
646,0.89,12:32,142,131.2
647,0.89,12:11,141,131.9
648,0.89,12:18,141,131.9
649,0.89,12:25,141,131.9
650,0.9,12:11,141,131.9
651,0.9,11:58,142,131.2
652,0.9,12:32,142,131.2
653,0.9,12:32,141,131.2
654,0.9,11:45,142,131.2
655,0.9,11:52,142,131.2
656,0.9,12:18,142,131.2
657,0.91,12:11,143,131.2
658,0.91,12:11,143,131.2
659,0.91,12:11,143,130.6
660,0.91,12:11,144,130.6
661,0.91,11:52,145,129.9
662,0.91,11:33,145,129.9
663,0.91,11:10,146,129.9
664,0.92,11:16,148,129.9
665,0.92,11:33,148,129.9
666,0.92,11:16,147,129.9
667,0.92,11:21,147,129.9
668,0.92,11:39,147,129.3
669,0.92,11:27,148,129.3
670,0.92,11:10,148,129.3
671,0.93,11:05,147,128.6
672,0.93,11:16,147,128.6
673,0.93,11:10,147,128.6
674,0.93,11:33,146,128.6
675,0.93,11:27,145,128.6
676,0.93,11:33,145,128.6
677,0.93,11:39,145,128.6
678,0.94,11:33,146,128.0
679,0.94,11:33,146,128.0
680,0.94,11:16,146,128.0
681,0.94,11:39,146,127.3
682,0.94,11:21,146,127.3
683,0.94,12:25,146,127.3
684,0.94,12:32,146,127.3
685,0.95,13:01,146,127.3
686,0.95,12:53,146,127.3
687,0.95,12:39,146,127.3
688,0.95,11:33,147,127.3
689,0.95,11:33,146,126.6
690,0.95,11:10,146,127.3
691,0.95,10:43,146,126.6
692,0.96,10:28,146,126.6
693,0.96,10:43,146,126.6
694,0.96,10:23,145,126.6
695,0.96,10:48,145,126.0
696,0.96,11:27,146,126.0
697,0.96,11:52,147,126.0
698,0.96,11:45,147,126.0
699,0.97,12:18,147,126.0
700,0.97,12:32,147,125.3
701,0.97,12:11,147,125.3
702,0.97,12:11,147,124.7
703,0.97,12:18,146,124.7
704,0.97,11:45,146,124.7
705,0.97,11:27,146,124.7
706,0.98,11:16,147,124.7
707,0.98,11:27,147,124.7
708,0.98,11:39,147,124.0
709,0.98,11:52,147,123.4
710,0.98,11:45,147,123.4
711,0.98,11:45,147,123.4
712,0.98,11:45,148,123.4
713,0.99,11:21,149,122.7
714,0.99,11:16,149,122.7
715,0.99,11:27,149,122.7
716,0.99,11:45,150,123.4
717,0.99,11:52,150,123.4
718,0.99,12:25,150,123.4
719,0.99,12:39,149,123.4
720,1.0,12:32,149,123.4
721,1.0,12:04,148,123.4
722,1.0,11:58,148,123.4
723,1.0,11:10,148,123.4
724,1.0,11:05,147,123.4
725,1.0,11:10,146,123.4
726,1.0,11:10,147,123.4
727,1.01,11:16,146,122.7
728,1.01,11:45,146,122.7
729,1.01,11:52,145,122.7
730,1.01,11:52,145,122.7
731,1.01,12:11,146,122.7
732,1.01,11:58,145,122.7
733,1.01,11:33,145,122.0
734,1.02,11:27,145,122.0
735,1.02,11:27,144,122.7
736,1.02,11:39,144,122.0
737,1.02,12:04,144,122.0
738,1.02,12:25,143,122.0
739,1.02,12:25,143,122.0
740,1.02,12:11,142,122.0
741,1.03,11:58,143,122.0
742,1.03,11:45,143,122.0
743,1.03,11:39,143,122.0
744,1.03,11:45,143,122.0
745,1.03,12:04,141,122.0
746,1.03,12:25,141,122.0
747,1.03,12:39,140,122.0
748,1.03,12:39,140,121.4
749,1.04,13:08,141,121.4
750,1.04,13:01,140,121.4
751,1.04,12:46,140,121.4
752,1.04,13:01,140,120.7
753,1.04,13:32,140,120.7
754,1.04,13:01,139,120.7
755,1.04,13:01,139,120.1
756,1.05,12:39,139,120.1
757,1.05,11:58,139,120.1
758,1.05,11:16,139,120.1
759,1.05,10:59,140,120.1
760,1.05,11:21,141,120.1
761,1.05,11:52,141,119.4
762,1.05,11:45,141,119.4
763,1.06,11:58,141,119.4
764,1.06,12:04,141,119.4
765,1.06,11:27,143,118.8
766,1.06,11:05,142,118.8
767,1.06,11:45,143,118.8
768,1.06,12:04,142,118.8
769,1.06,12:32,141,118.8
770,1.06,13:01,140,118.8
771,1.07,13:08,140,118.8
772,1.07,12:32,141,118.8
773,1.07,11:58,141,118.8
774,1.07,11:39,141,118.1
775,1.07,11:10,141,118.1
776,1.07,10:59,142,118.1
777,1.07,11:05,142,118.1
778,1.08,11:27,142,117.5
779,1.08,11:52,142,117.5
780,1.08,12:04,142,117.5
781,1.08,12:46,142,117.5
782,1.08,12:46,142,117.5
783,1.08,12:11,142,116.8
784,1.08,11:58,142,116.8
785,1.09,12:39,142,116.1
786,1.09,12:04,141,116.1
787,1.09,12:18,141,116.1
788,1.09,12:25,140,116.1
789,1.09,11:58,140,116.1
790,1.09,11:33,140,116.1
791,1.09,11:16,140,116.1
792,1.1,10:38,141,116.1
793,1.1,10:38,140,116.1
794,1.1,10:54,141,116.1
795,1.1,10:54,140,116.1
796,1.1,11:27,140,116.1
797,1.1,11:39,139,116.1
798,1.1,12:04,139,115.5
799,1.11,11:39,139,115.5
800,1.11,11:21,139,115.5
801,1.11,10:54,139,115.5
802,1.11,10:59,139,114.8
803,1.11,11:16,140,114.8
804,1.11,11:58,140,114.8
805,1.11,12:39,141,114.2
806,1.12,13:16,143,114.2
807,1.12,13:32,143,114.2
808,1.12,13:01,143,114.2
809,1.12,12:25,144,114.2
810,1.12,12:11,145,113.5
811,1.12,12:04,145,113.5
812,1.12,11:58,147,113.5
813,1.13,11:58,146,113.5
814,1.13,12:32,146,113.5
815,1.13,12:53,146,113.5
816,1.13,13:01,146,113.5
817,1.13,12:39,146,113.5
818,1.13,12:18,148,113.5
819,1.13,11:39,148,112.9
820,1.13,11:21,148,113.5
821,1.14,11:16,148,113.5
822,1.14,11:52,148,113.5
823,1.14,12:32,147,113.5
824,1.14,12:46,148,113.5
825,1.14,12:39,147,113.5
826,1.14,12:32,147,113.5
827,1.14,12:39,146,113.5
828,1.15,11:58,146,113.5
829,1.15,11:39,145,113.5
830,1.15,11:52,144,113.5
831,1.15,12:11,143,113.5
832,1.15,12:11,142,113.5
833,1.15,12:46,142,113.5
834,1.15,13:16,141,113.5
835,1.15,12:53,139,113.5
836,1.16,12:32,138,113.5
837,1.16,11:33,138,113.5
838,1.16,11:33,138,113.5
839,1.16,11:05,138,114.2
840,1.16,10:54,138,114.2
841,1.16,11:10,135,114.2
842,1.17,11:52,134,114.2
843,1.17,11:27,136,114.2
844,1.17,12:04,137,114.2
845,1.17,11:58,137,114.2
846,1.17,11:33,135,114.2
847,1.17,10:59,136,114.2
848,1.17,10:59,137,114.2
849,1.18,10:59,138,114.2
850,1.18,11:10,139,114.2
851,1.18,11:39,140,114.2
852,1.18,12:32,141,114.8
853,1.18,12:39,142,114.8
854,1.18,12:46,142,114.2
855,1.18,12:46,144,114.2
856,1.19,11:58,144,114.2
857,1.19,11:52,144,114.8
858,1.19,11:58,144,114.8
859,1.19,11:52,145,114.8
860,1.19,12:04,145,114.8
861,1.19,12:32,145,114.8
862,1.19,12:46,144,114.8
863,1.19,13:24,144,114.2
864,1.2,12:46,144,114.2
865,1.2,12:18,144,114.8
866,1.2,12:18,144,114.2
867,1.2,11:52,144,114.2
868,1.2,11:21,145,114.2
869,1.2,11:45,143,114.2
870,1.2,12:18,142,114.2
871,1.21,12:11,142,114.2
872,1.21,12:18,142,114.2
873,1.21,12:11,142,113.5
874,1.21,12:25,142,113.5
875,1.21,12:32,142,113.5
876,1.21,12:25,142,113.5
877,1.21,11:58,141,113.5
878,1.22,11:52,141,113.5
879,1.22,11:39,141,112.9
880,1.22,11:10,141,112.9
881,1.22,11:21,141,112.9
882,1.22,11:52,141,112.2
883,1.22,12:18,142,112.2
884,1.22,12:11,142,112.2
885,1.23,11:39,142,112.2
886,1.23,10:59,142,112.2
887,1.23,10:33,141,112.2
888,1.23,10:18,140,112.2
889,1.23,10:33,139,112.2
890,1.23,11:10,139,112.2
891,1.23,12:11,139,112.2
892,1.24,12:46,139,112.2
893,1.24,13:08,139,112.2
894,1.24,12:46,139,112.2
895,1.24,13:01,138,112.2
896,1.24,12:11,138,111.5
897,1.24,12:04,138,111.5
898,1.24,11:52,138,111.5
899,1.24,11:58,139,111.5
900,1.25,11:39,139,111.5
901,1.25,11:58,139,111.5
902,1.25,11:45,139,111.5
903,1.25,11:52,140,110.9
904,1.25,12:04,140,110.9
905,1.25,12:25,140,110.9
906,1.25,12:18,139,110.2
907,1.26,12:53,139,110.2
908,1.26,13:24,139,110.2
909,1.26,13:32,139,110.2
910,1.26,13:32,138,110.2
911,1.26,14:07,138,110.2
912,1.26,13:32,138,109.6
913,1.26,13:01,138,109.6
914,1.26,12:18,138,109.6
915,1.27,12:04,138,109.6
916,1.27,11:33,138,108.9
917,1.27,11:05,141,108.9
918,1.27,10:48,141,108.9
919,1.27,10:54,141,108.9
920,1.27,11:05,142,108.9
921,1.27,11:10,142,108.9
922,1.28,11:21,142,108.3
923,1.28,11:21,142,108.3
924,1.28,11:21,142,108.3
925,1.28,11:21,141,107.6
926,1.28,11:10,141,107.6
927,1.28,11:33,141,107.6
928,1.29,11:39,141,107.6
929,1.29,11:39,141,107.0
930,1.29,11:27,140,107.0
931,1.29,11:52,141,107.0
932,1.29,11:45,141,107.0
933,1.29,12:11,141,107.0
934,1.29,12:46,139,107.0
935,1.29,13:08,138,106.3
936,1.3,13:01,138,106.3
937,1.3,13:16,138,106.3
938,1.3,12:39,138,105.6
939,1.3,12:04,138,105.6
940,1.3,11:52,138,105.0
941,1.3,11:39,138,105.0
942,1.3,11:39,138,105.0
943,1.31,11:39,139,105.0
944,1.31,11:39,140,105.0
945,1.31,11:27,142,105.0
946,1.31,11:45,142,104.3
947,1.31,11:45,142,104.3
948,1.31,11:52,143,104.3
949,1.31,11:58,143,103.7
950,1.32,11:21,144,103.7
951,1.32,11:05,144,103.7
952,1.32,10:48,144,103.0
953,1.32,10:54,143,103.0
954,1.32,11:16,143,103.0
955,1.32,11:52,144,103.0
956,1.32,12:46,144,103.0
957,1.33,13:24,144,103.0
958,1.33,13:32,144,102.4
959,1.33,13:01,144,102.4
960,1.33,12:53,144,102.4
961,1.33,12:18,145,102.4
962,1.33,11:21,145,102.4
963,1.33,11:16,145,102.4
964,1.34,10:54,146,102.4
965,1.34,11:10,146,101.7
966,1.34,10:54,145,101.7
967,1.34,11:21,145,101.7
968,1.34,10:43,146,101.7
969,1.34,11:05,146,101.7
970,1.34,10:48,146,101.7
971,1.35,10:59,147,101.7
972,1.35,11:05,146,101.7
973,1.35,11:10,146,101.7
974,1.35,11:21,145,101.7
975,1.35,11:39,146,101.7
976,1.35,11:52,146,101.7
977,1.35,11:52,146,101.7
978,1.36,11:52,147,101.7
979,1.36,11:39,147,101.7
980,1.36,11:27,147,101.7
981,1.36,11:21,147,101.7
982,1.36,11:05,148,101.7
983,1.36,11:45,149,101.7
984,1.36,11:45,149,101.7
985,1.37,11:52,150,101.7
986,1.37,11:52,149,101.7
987,1.37,12:04,149,101.7
988,1.37,12:04,149,101.7
989,1.37,12:39,149,101.7
990,1.37,12:53,149,101.7
991,1.37,13:01,149,101.7
992,1.38,13:24,149,102.4
993,1.38,13:16,149,102.4
994,1.38,12:04,148,102.4
995,1.38,12:18,149,101.7
996,1.38,12:25,148,101.7
997,1.38,12:11,148,101.7
998,1.38,12:53,148,101.7
999,1.38,13:41,148,101.7
1000,1.39,13:01,147,101.7
1001,1.39,13:16,148,101.7
1002,1.39,13:41,148,101.7
1003,1.39,14:16,148,101.7
1004,1.39,15:14,147,101.7
1005,1.39,16:58,147,101.7
1006,1.39,14:44,147,101.7
1007,1.39,13:32,147,101.0
1008,1.4,12:11,147,101.0
1009,1.4,11:10,147,101.0
1010,1.4,10:05,148,101.0
1011,1.4,10:05,148,101.0
1012,1.4,10:14,147,100.4
1013,1.4,10:09,148,100.4
1014,1.4,10:48,148,100.4
1015,1.41,11:21,147,100.4
1016,1.41,11:27,148,100.4
1017,1.41,11:52,148,100.4
1018,1.41,12:39,147,100.4
1019,1.41,12:04,148,100.4
1020,1.41,11:39,147,99.7
1021,1.42,11:52,148,99.7
1022,1.42,11:16,149,99.7
1023,1.42,10:59,150,99.7
1024,1.42,10:54,150,99.7
1025,1.42,11:05,150,99.7
1026,1.42,10:59,149,99.7
1027,1.42,11:05,149,99.7
1028,1.43,11:05,149,99.7
1029,1.43,10:43,149,99.7
1030,1.43,10:43,149,99.1
1031,1.43,11:16,149,99.1
1032,1.43,11:27,149,99.1
1033,1.43,11:16,148,99.1
1034,1.43,11:45,148,99.1
1035,1.44,11:45,148,99.1
1036,1.44,11:33,148,99.1
1037,1.44,11:39,147,99.1
1038,1.44,12:04,146,99.1
1039,1.44,11:58,145,99.7
1040,1.44,12:25,146,99.7
1041,1.44,12:32,146,99.7
1042,1.45,12:25,145,99.7
1043,1.45,11:52,145,99.7
1044,1.45,11:39,146,99.7
1045,1.45,11:33,145,99.7
1046,1.45,12:04,145,99.7
1047,1.45,12:11,145,99.7
1048,1.45,12:25,145,99.7
1049,1.46,12:46,146,99.7
1050,1.46,12:18,146,99.7
1051,1.46,11:21,146,99.7
1052,1.46,11:10,147,99.7
1053,1.46,11:27,147,99.7
1054,1.46,11:21,146,99.7
1055,1.46,11:39,146,99.7
1056,1.46,12:18,146,99.7
1057,1.47,12:39,146,99.7
1058,1.47,11:58,146,99.7
1059,1.47,11:52,145,99.7
1060,1.47,11:21,145,99.7
1061,1.47,11:16,145,99.1
1062,1.47,10:38,145,99.1
1063,1.48,10:48,146,99.1
1064,1.48,11:33,146,99.1
1065,1.48,12:25,146,99.1
1066,1.48,12:46,146,99.1
1067,1.48,12:18,146,99.1
1068,1.48,11:52,147,98.4
1069,1.48,11:10,147,98.4
1070,1.49,10:33,147,98.4
1071,1.49,10:38,147,97.8
1072,1.49,11:39,148,97.8
1073,1.49,12:25,148,98.4
1074,1.49,13:41,148,98.4
1075,1.49,14:34,148,98.4
1076,1.49,13:58,149,98.4
1077,1.49,13:58,149,98.4
1078,1.5,13:49,149,98.4
1079,1.5,13:16,149,98.4
1080,1.5,12:32,149,97.8
1081,1.5,12:39,148,97.8
1082,1.5,11:58,148,97.1
1083,1.5,11:33,149,97.1
1084,1.5,10:38,147,96.5
1085,1.51,10:38,147,96.5
1086,1.51,10:28,146,96.5
1087,1.51,11:05,146,96.5
1088,1.51,11:21,146,96.5
1089,1.51,12:32,147,96.5
1090,1.51,13:08,147,97.1
1091,1.51,13:24,148,97.1
1092,1.51,13:24,149,97.8
1093,1.52,13:08,149,97.8
1094,1.52,12:25,150,97.8
1095,1.52,12:18,151,97.8
1096,1.52,12:04,151,97.1
1097,1.52,11:45,151,96.5
1098,1.52,11:45,152,96.5
1099,1.52,11:58,152,96.5
1100,1.53,12:04,153,96.5
1101,1.53,12:04,153,96.5
1102,1.53,12:25,153,96.5
1103,1.53,12:25,155,96.5
1104,1.53,12:39,155,96.5
1105,1.53,12:39,155,95.8
1106,1.53,12:32,155,95.8
1107,1.53,12:46,155,95.8
1108,1.54,13:16,155,95.1
1109,1.54,12:53,155,95.1
1110,1.54,13:01,155,94.5
1111,1.54,13:16,155,94.5
1112,1.54,12:53,155,93.8
1113,1.54,12:32,155,93.8
1114,1.54,12:18,156,93.8
1115,1.55,11:45,156,93.8
1116,1.55,11:39,155,93.8
1117,1.55,11:21,155,93.2
1118,1.55,10:54,155,93.2
1119,1.55,10:38,154,92.5
1120,1.55,11:05,153,92.5
1121,1.55,10:48,152,91.9
1122,1.56,11:05,153,91.9
1123,1.56,11:33,152,91.9
1124,1.56,12:11,152,91.9
1125,1.56,12:04,152,91.9
1126,1.56,12:25,151,91.9
1127,1.56,12:46,150,91.2
1128,1.56,13:16,149,91.9
1129,1.57,12:32,149,91.2
1130,1.57,12:32,149,91.2
1131,1.57,13:08,148,91.2
1132,1.57,12:53,148,91.2
1133,1.57,13:08,148,91.2
1134,1.57,13:58,149,91.2
1135,1.57,13:41,149,91.2
1136,1.57,13:08,148,91.2
1137,1.58,13:32,148,91.2
1138,1.58,12:53,148,91.9
1139,1.58,12:39,147,91.9
1140,1.58,12:18,146,91.9
1141,1.58,12:11,147,91.9
1142,1.58,11:58,148,92.5
1143,1.58,10:59,148,92.5
1144,1.59,11:21,148,92.5
1145,1.59,11:10,148,92.5
1146,1.59,11:10,147,92.5
1147,1.59,11:05,147,93.2
1148,1.59,11:52,148,93.2
1149,1.59,11:16,149,93.2
1150,1.59,11:52,148,93.2
1151,1.6,11:52,149,93.2
1152,1.6,12:25,149,93.2
1153,1.6,13:41,148,93.2
1154,1.6,14:07,148,93.2
1155,1.6,14:34,148,93.2
1156,1.6,15:14,147,93.8
1157,1.6,14:07,148,93.8
1158,1.6,13:24,149,93.8
1159,1.61,13:01,148,94.5
1160,1.61,12:25,149,94.5
1161,1.61,12:39,149,94.5
1162,1.61,12:11,149,94.5
1163,1.61,11:45,149,95.1
1164,1.61,12:11,149,95.1
1165,1.61,12:18,150,94.5
1166,1.61,11:58,150,94.5
1167,1.62,12:53,149,95.1
1168,1.62,13:41,149,95.1
1169,1.62,13:08,148,95.8
1170,1.62,13:08,146,95.8
1171,1.62,13:01,146,95.8
1172,1.62,12:53,144,96.5
1173,1.62,11:39,142,96.5
1174,1.63,12:04,142,96.5
1175,1.63,12:11,142,97.1
1176,1.63,11:45,142,97.1
1177,1.63,11:33,142,97.8
1178,1.63,11:58,142,97.8
1179,1.63,11:21,142,97.8
1180,1.63,11:21,142,97.8
1181,1.64,11:33,142,97.8
1182,1.64,10:38,142,97.8
1183,1.64,10:48,142,98.4
1184,1.64,11:45,143,98.4
1185,1.64,11:21,143,98.4
1186,1.64,11:45,143,98.4
1187,1.64,13:16,143,99.1
1188,1.64,13:32,144,99.1
1189,1.65,13:32,144,99.1
1190,1.65,13:16,144,99.1
1191,1.65,13:01,144,99.1
1192,1.65,13:24,144,99.1
1193,1.65,13:32,144,98.4
1194,1.65,12:39,144,98.4
1195,1.65,12:53,145,97.8
1196,1.66,12:18,145,97.1
1197,1.66,11:21,146,97.1
1198,1.66,11:05,146,97.1
1199,1.66,11:10,147,97.1
1200,1.66,11:39,148,97.1
1201,1.66,12:04,149,97.1
1202,1.66,12:11,151,96.5
1203,1.67,12:18,152,96.5
1204,1.67,12:11,153,96.5
1205,1.67,11:45,154,96.5
1206,1.67,11:21,155,97.1
1207,1.67,11:33,156,97.1
1208,1.67,11:58,159,97.1
1209,1.67,12:11,156,97.1
1210,1.67,12:32,157,96.5
1211,1.68,13:49,156,96.5
1212,1.68,14:25,156,95.8
1213,1.68,13:58,155,96.5
1214,1.68,14:34,158,96.5
1215,1.68,14:34,158,97.1
1216,1.68,13:41,158,97.1
1217,1.68,13:24,158,97.1
1218,1.68,13:49,155,97.1
1219,1.69,13:49,154,97.1
1220,1.69,13:58,154,97.1
1221,1.69,13:24,154,97.1
1222,1.69,13:01,153,96.5
1223,1.69,12:32,153,96.5
1224,1.69,12:04,153,95.8
1225,1.69,12:25,153,95.8
1226,1.69,12:46,154,95.8
1227,1.7,11:58,153,95.8
1228,1.7,11:21,152,95.1
1229,1.7,10:54,152,95.1
1230,1.7,10:18,152,95.1
1231,1.7,10:00,151,95.1
1232,1.7,10:18,151,95.1
1233,1.71,10:43,150,95.1
1234,1.71,11:16,150,95.1
1235,1.71,11:39,149,95.1
1236,1.71,11:39,149,95.1
1237,1.71,12:04,149,94.5
1238,1.71,12:04,149,94.5
1239,1.71,12:11,150,94.5
1240,1.72,12:25,150,94.5
1241,1.72,12:39,150,94.5
1242,1.72,12:25,150,93.8
1243,1.72,12:39,150,93.8
1244,1.72,12:18,150,93.8
1245,1.72,11:05,151,93.8
1246,1.72,11:10,150,93.8
1247,1.73,11:10,151,94.5
1248,1.73,11:33,151,94.5
1249,1.73,11:39,151,94.5
1250,1.73,12:25,151,94.5
1251,1.73,12:18,150,94.5
1252,1.73,11:52,150,93.8
1253,1.73,11:16,150,93.8
1254,1.74,11:33,150,93.8
1255,1.74,11:33,150,94.5
1256,1.74,13:01,151,94.5
1257,1.74,14:07,151,94.5
1258,1.74,14:07,150,94.5
1259,1.74,13:41,151,95.1
1260,1.74,13:41,151,95.1
1261,1.74,12:25,150,95.1
1262,1.75,12:04,150,95.1
1263,1.75,12:25,150,95.1
1264,1.75,13:08,150,95.1
1265,1.75,12:53,150,95.1
1266,1.75,12:39,150,95.8
1267,1.75,12:39,150,95.8
1268,1.75,11:33,150,95.8
1269,1.76,11:10,150,95.8
1270,1.76,10:43,150,95.8
1271,1.76,11:21,151,95.8
1272,1.76,12:11,151,95.8
1273,1.76,13:16,151,95.8
1274,1.76,12:46,151,95.8
1275,1.76,13:41,150,96.5
1276,1.76,13:24,151,96.5
1277,1.77,12:18,151,96.5
1278,1.77,11:58,151,96.5
1279,1.77,12:39,151,96.5
1280,1.77,12:53,151,96.5
1281,1.77,12:32,151,96.5
1282,1.77,12:46,151,96.5
1283,1.77,12:46,151,97.1
1284,1.77,12:39,151,97.1
1285,1.78,12:46,151,97.1
1286,1.78,12:32,152,97.1
1287,1.78,11:52,153,97.8
1288,1.78,11:52,152,97.8
1289,1.78,11:52,152,97.8
1290,1.78,11:39,152,97.8
1291,1.78,12:11,151,97.8
1292,1.79,12:46,151,97.8
1293,1.79,13:01,151,97.8
1294,1.79,12:46,151,97.8
1295,1.79,13:24,151,97.8
1296,1.79,13:01,151,97.8
1297,1.79,12:39,151,97.8
1298,1.79,11:39,151,97.8
1299,1.8,11:45,151,97.8
1300,1.8,11:16,153,97.8
1301,1.8,11:16,153,98.4
1302,1.8,11:27,153,98.4
1303,1.8,12:18,153,98.4
1304,1.8,11:58,153,99.1
1305,1.8,12:04,154,99.1
1306,1.81,11:58,154,99.1
1307,1.81,12:39,154,99.1
1308,1.81,12:11,154,99.1
1309,1.81,12:18,154,98.4
1310,1.81,12:11,154,98.4
1311,1.81,12:04,154,98.4
1312,1.81,11:33,155,98.4
1313,1.81,11:58,155,98.4
1314,1.82,12:11,154,98.4
1315,1.82,12:46,155,98.4
1316,1.82,14:25,155,98.4
1317,1.82,15:24,155,98.4
1318,1.82,15:04,155,97.8
1319,1.82,14:34,156,97.8
1320,1.82,13:41,156,97.8
1321,1.82,12:25,156,97.8
1322,1.83,11:05,156,97.8
1323,1.83,10:28,156,97.8
1324,1.83,10:43,156,97.8
1325,1.83,10:48,157,97.8
1326,1.83,10:48,157,98.4
1327,1.83,11:10,158,98.4
1328,1.84,11:52,158,98.4
1329,1.84,11:45,159,98.4
1330,1.84,12:04,158,98.4
1331,1.84,12:25,158,98.4
1332,1.84,13:08,157,99.1
1333,1.84,13:01,157,99.1
1334,1.84,12:53,156,99.1
1335,1.84,12:39,156,99.7
1336,1.85,12:18,156,99.7
1337,1.85,11:45,157,99.7
1338,1.85,12:11,157,99.7
1339,1.85,11:45,157,99.7
1340,1.85,11:39,156,100.4
1341,1.85,11:45,155,100.4
1342,1.85,11:39,153,100.4
1343,1.86,11:39,152,100.4
1344,1.86,12:04,153,99.7
1345,1.86,12:32,152,99.7
1346,1.86,12:46,152,99.7
1347,1.86,13:16,152,99.7
1348,1.86,12:53,152,99.1
1349,1.86,13:01,152,99.1
1350,1.86,13:24,152,98.4
1351,1.87,14:07,151,98.4
1352,1.87,13:41,152,97.8
1353,1.87,14:07,151,97.8
1354,1.87,12:11,152,97.8
1355,1.87,10:48,153,97.8
1356,1.87,10:14,153,97.8
1357,1.87,10:05,153,97.8
1358,1.88,9:51,153,97.8
1359,1.88,10:43,153,97.8
1360,1.88,11:10,153,97.8
1361,1.88,10:59,153,97.8
1362,1.88,11:27,154,97.8
1363,1.88,11:39,153,97.8
1364,1.88,12:04,152,98.4
1365,1.89,12:18,153,99.1
1366,1.89,12:18,153,99.7
1367,1.89,12:32,154,99.7
1368,1.89,13:08,154,100.4
1369,1.89,13:08,154,100.4
1370,1.89,13:41,155,101.0
1371,1.89,14:34,156,101.7
1372,1.89,13:58,156,102.4
1373,1.9,13:24,156,103.0
1374,1.9,13:49,156,103.0
1375,1.9,12:53,156,103.7
1376,1.9,12:32,156,104.3
1377,1.9,13:16,156,105.0
1378,1.9,13:24,156,105.6
1379,1.9,13:58,157,106.3
1380,1.9,14:54,157,107.0
1381,1.91,14:16,159,107.0
1382,1.91,14:25,159,107.6
1383,1.91,14:16,160,107.6
1384,1.91,13:01,160,107.6
1385,1.91,13:08,161,107.6
1386,1.91,13:58,161,107.6
1387,1.91,13:32,161,107.6
1388,1.91,14:07,162,107.6
1389,1.92,14:25,161,107.0
1390,1.92,14:07,161,107.0
1391,1.92,13:49,160,106.3
1392,1.92,13:24,160,105.6
1393,1.92,12:46,161,104.3
1394,1.92,13:01,160,103.7
1395,1.92,13:08,159,103.0
1396,1.92,12:53,159,102.4
1397,1.93,12:46,158,101.7
1398,1.93,12:39,159,101.7
1399,1.93,12:11,159,101.0
1400,1.93,12:18,159,101.0
1401,1.93,12:46,159,101.0
1402,1.93,13:16,159,100.4
1403,1.93,13:49,159,100.4
1404,1.93,13:24,158,100.4
1405,1.94,13:16,158,100.4
1406,1.94,12:46,159,100.4
1407,1.94,12:32,160,100.4
1408,1.94,12:04,160,100.4
1409,1.94,12:04,160,99.7
1410,1.94,11:39,160,99.7
1411,1.94,11:27,160,99.7
1412,1.95,10:59,160,99.7
1413,1.95,11:05,160,99.7
1414,1.95,11:58,159,100.4
1415,1.95,12:39,159,100.4
1416,1.95,13:16,160,100.4
1417,1.95,13:41,159,99.7
1418,1.95,13:16,160,99.7
1419,1.96,12:32,161,99.7
1420,1.96,11:58,161,99.7
1421,1.96,11:52,161,99.7
1422,1.96,11:45,161,99.1
1423,1.96,12:32,160,99.1
1424,1.96,13:01,158,99.1
1425,1.96,12:53,159,99.1
1426,1.96,12:46,158,99.7
1427,1.97,13:49,159,99.7
1428,1.97,13:24,159,99.7
1429,1.97,12:32,159,99.7
1430,1.97,11:58,159,99.7
1431,1.97,11:45,158,99.7
1432,1.97,11:05,157,99.7
1433,1.97,10:54,157,99.7
1434,1.98,11:21,156,99.7
1435,1.98,11:58,156,99.7
1436,1.98,11:33,156,99.7
1437,1.98,11:10,157,99.7
1438,1.98,11:10,157,99.7
1439,1.98,10:59,156,99.7
1440,1.98,11:16,155,99.7
1441,1.99,12:04,155,99.7
1442,1.99,12:46,154,99.7
1443,1.99,13:08,155,99.7
1444,1.99,13:16,155,99.7
1445,1.99,13:01,155,99.7
1446,1.99,12:18,155,99.7
1447,1.99,12:04,155,99.7
1448,2.0,12:04,155,99.7
1449,2.0,11:52,156,99.7
1450,2.0,11:52,156,99.7
1451,2.0,12:25,157,99.7
1452,2.0,12:39,157,99.7
1453,2.0,12:18,156,99.7
1454,2.0,12:39,156,99.7
1455,2.0,12:25,155,99.7
1456,2.01,12:11,155,99.1
1457,2.01,11:45,156,99.1
1458,2.01,11:39,155,98.4
1459,2.01,11:33,155,98.4
1460,2.01,11:52,154,97.8
1461,2.01,12:04,154,97.1
1462,2.01,12:39,154,96.5
1463,2.02,13:49,154,95.8
1464,2.02,14:44,154,95.1
1465,2.02,17:11,155,95.1
1466,2.02,16:58,154,94.5
1467,2.02,16:33,153,94.5
1468,2.02,15:57,153,94.5
1469,2.02,14:07,152,94.5
1470,2.02,11:45,153,94.5
1471,2.03,10:48,153,95.1
1472,2.03,10:00,153,95.1
1473,2.03,8:52,153,95.1
1474,2.03,9:14,153,95.1
1475,2.03,9:26,153,95.1
1476,2.03,9:47,154,94.5
1477,2.04,10:28,153,94.5
1478,2.04,11:10,153,94.5
1479,2.04,11:05,153,93.8
1480,2.04,10:48,153,93.8
1481,2.04,11:10,155,93.8
1482,2.04,11:21,154,94.5
1483,2.04,12:11,155,94.5
1484,2.05,12:18,156,94.5
1485,2.05,12:53,156,94.5
1486,2.05,12:25,158,94.5
1487,2.05,12:18,158,94.5
1488,2.05,11:39,159,95.1
1489,2.05,11:05,160,95.1
1490,2.05,11:05,160,95.8
1491,2.06,11:27,160,95.8
1492,2.06,11:27,160,95.8
1493,2.06,12:04,159,95.8
1494,2.06,12:32,159,95.8
1495,2.06,13:01,158,96.5
1496,2.06,12:46,158,96.5
1497,2.06,12:53,157,96.5
1498,2.06,12:39,157,97.1
1499,2.07,12:46,157,97.1
1500,2.07,11:52,157,97.1
1501,2.07,12:18,156,97.1
1502,2.07,12:25,157,97.1
1503,2.07,12:18,157,97.1
1504,2.07,12:39,158,97.8
1505,2.07,13:24,158,97.8
1506,2.08,13:16,159,98.4
1507,2.08,13:24,159,98.4
1508,2.08,13:49,160,98.4
1509,2.08,13:41,161,98.4
1510,2.08,14:07,161,98.4
1511,2.08,14:25,161,98.4
1512,2.08,13:41,160,98.4
1513,2.08,13:32,162,98.4
1514,2.08,13:32,162,98.4
1515,2.09,12:39,162,99.1
1516,2.09,12:46,161,99.1
1517,2.09,12:32,161,99.1
1518,2.09,12:39,161,99.1
1519,2.09,12:46,161,99.1
1520,2.09,13:08,160,99.1
1521,2.09,12:46,159,99.1
1522,2.1,13:01,158,98.4
1523,2.1,12:25,158,98.4
1524,2.1,12:11,157,98.4
1525,2.1,11:33,157,97.8
1526,2.1,11:16,157,97.8
1527,2.1,11:05,157,97.8
1528,2.1,10:43,157,97.8
1529,2.11,10:33,156,97.8
1530,2.11,10:54,156,97.1
1531,2.11,10:43,156,97.1
1532,2.11,11:21,156,97.1
1533,2.11,12:11,157,97.1
1534,2.11,12:04,157,97.8
1535,2.11,13:01,157,97.8
1536,2.12,13:32,156,97.8
1537,2.12,13:41,156,97.8
1538,2.12,13:16,157,97.8
1539,2.12,13:16,157,97.8
1540,2.12,13:01,157,97.8
1541,2.12,13:24,157,97.8
1542,2.12,12:53,159,97.8
1543,2.12,13:24,159,97.8
1544,2.13,14:07,159,98.4
1545,2.13,13:16,160,98.4
1546,2.13,12:53,160,98.4
1547,2.13,11:39,160,98.4
1548,2.13,11:16,160,98.4
1549,2.13,11:05,159,98.4
1550,2.13,10:48,159,98.4
1551,2.14,10:38,158,98.4
1552,2.14,11:39,158,98.4
1553,2.14,11:33,158,98.4
1554,2.14,11:16,158,98.4
1555,2.14,11:16,158,98.4
1556,2.14,11:39,158,98.4
1557,2.14,12:18,158,98.4
1558,2.14,13:08,158,98.4
1559,2.15,13:32,158,98.4
1560,2.15,14:34,157,97.8
1561,2.15,13:58,158,97.8
1562,2.15,13:16,158,97.8
1563,2.15,12:39,158,97.8
1564,2.15,12:32,158,97.8
1565,2.15,12:04,158,97.8
1566,2.16,12:46,159,97.1
1567,2.16,13:08,158,97.1
1568,2.16,13:01,158,97.1
1569,2.16,12:46,158,97.1
1570,2.16,12:53,158,97.1
1571,2.16,11:58,159,97.1
1572,2.16,11:21,159,97.1
1573,2.16,11:58,161,97.1
1574,2.17,11:45,160,97.1
1575,2.17,11:45,160,97.8
1576,2.17,12:32,159,97.8
1577,2.17,12:25,159,98.4
1578,2.17,11:39,158,98.4
1579,2.17,11:27,158,98.4
1580,2.18,10:59,158,98.4
1581,2.18,10:54,158,97.8
1582,2.18,10:54,159,97.8
1583,2.18,10:59,159,97.8
1584,2.18,11:39,159,97.1
1585,2.18,11:33,159,97.1
1586,2.18,11:21,159,97.1
1587,2.19,11:21,159,97.1
1588,2.19,11:21,160,97.1
1589,2.19,11:10,159,97.1
1590,2.19,11:58,158,97.1
1591,2.19,11:52,159,97.1
1592,2.19,12:18,158,97.1
1593,2.19,12:53,159,97.1
1594,2.19,13:32,160,96.5
1595,2.2,13:16,159,96.5
1596,2.2,13:16,160,96.5
1597,2.2,13:08,159,97.1
1598,2.2,13:01,159,97.1
1599,2.2,12:32,159,97.1
1600,2.2,12:46,159,97.1
1601,2.2,12:53,158,97.1
1602,2.2,13:16,158,97.1
1603,2.21,13:01,157,97.1
1604,2.21,12:53,158,97.1
1605,2.21,12:46,158,97.1
1606,2.21,13:01,157,97.1
1607,2.21,13:01,157,97.1
1608,2.21,13:01,157,97.1
1609,2.21,13:08,157,97.1
1610,2.22,12:53,156,97.1
1611,2.22,12:32,156,97.1
1612,2.22,11:58,157,97.1
1613,2.22,11:33,157,97.1
1614,2.22,11:33,157,97.1
1615,2.22,11:52,156,97.1
1616,2.22,11:52,156,97.8
1617,2.23,11:52,155,97.8
1618,2.23,11:39,155,97.8
1619,2.23,11:52,155,97.8
1620,2.23,11:10,155,97.8
1621,2.23,11:05,154,97.8
1622,2.23,11:10,153,97.8
1623,2.23,11:27,153,97.8
1624,2.24,10:59,153,97.8
1625,2.24,11:27,152,97.8
1626,2.24,11:33,151,97.8
1627,2.24,11:33,151,97.8
1628,2.24,11:58,152,97.1
1629,2.24,12:53,152,97.8
1630,2.24,12:46,152,98.4
1631,2.24,13:32,152,99.1
1632,2.25,13:41,154,99.1
1633,2.25,13:49,154,99.7
1634,2.25,13:24,153,99.7
1635,2.25,13:32,153,99.1
1636,2.25,13:08,154,99.1
1637,2.25,14:07,153,99.1
1638,2.25,14:07,152,98.4
1639,2.25,13:32,150,98.4
1640,2.26,12:53,151,98.4
1641,2.26,12:11,151,98.4
1642,2.26,11:27,151,98.4
1643,2.26,10:59,152,98.4
1644,2.26,11:05,154,98.4
1645,2.26,11:16,155,98.4
1646,2.27,11:10,154,98.4
1647,2.27,11:10,156,99.1
1648,2.27,10:59,155,99.1
1649,2.27,11:10,155,99.1
1650,2.27,11:33,157,99.1
1651,2.27,12:11,157,99.1
1652,2.27,12:53,158,99.7
1653,2.27,13:58,159,99.7
1654,2.28,13:32,158,99.7
1655,2.28,13:16,159,99.7
1656,2.28,12:53,160,99.7
1657,2.28,11:27,160,99.7
1658,2.28,10:43,160,99.7
1659,2.28,10:23,160,99.7
1660,2.29,10:28,161,99.7
1661,2.29,10:18,161,99.7
1662,2.29,10:38,161,99.7
1663,2.29,11:05,163,99.7
1664,2.29,11:45,163,100.4
1665,2.29,11:39,163,100.4
1666,2.29,11:52,164,100.4
1667,2.3,11:45,163,100.4
1668,2.3,11:39,163,100.4
1669,2.3,11:05,163,100.4
1670,2.3,10:54,163,100.4
1671,2.3,10:59,163,100.4
1672,2.3,11:21,163,100.4
1673,2.3,11:10,162,100.4
1674,2.31,11:33,162,100.4
1675,2.31,11:52,162,100.4
1676,2.31,11:39,162,100.4
1677,2.31,11:58,161,100.4
1678,2.31,12:11,161,100.4
1679,2.31,13:08,160,100.4
1680,2.31,13:08,160,101.0
1681,2.31,14:07,160,101.0
1682,2.32,13:41,160,101.0
1683,2.32,13:32,161,101.7
1684,2.32,12:53,162,101.7
1685,2.32,12:32,161,101.7
1686,2.32,11:52,162,101.7
1687,2.32,12:11,162,101.7
1688,2.32,12:32,162,101.7
1689,2.32,12:32,162,102.4
1690,2.33,13:08,162,103.0
1691,2.33,13:32,162,103.7
1692,2.33,13:24,162,103.7
1693,2.33,13:58,162,104.3
1694,2.33,13:41,161,105.0
1695,2.33,13:08,161,105.0
1696,2.33,14:16,161,105.6
1697,2.33,14:25,161,105.6
1698,2.34,13:58,162,106.3
1699,2.34,14:44,161,106.3
1700,2.34,14:34,161,107.0
1701,2.34,13:41,161,107.0
1702,2.34,13:58,160,107.6
1703,2.34,14:25,160,107.6
1704,2.34,14:25,160,107.6
1705,2.34,15:35,160,108.3
1706,2.34,15:04,159,108.3
1707,2.35,14:25,159,108.3
1708,2.35,13:49,158,108.9
1709,2.35,13:41,159,108.9
1710,2.35,13:24,160,108.9
1711,2.35,13:08,159,109.6
1712,2.35,13:08,159,109.6
1713,2.35,12:53,159,109.6
1714,2.36,11:45,159,109.6
1715,2.36,11:05,159,109.6
1716,2.36,11:05,158,109.6
1717,2.36,10:54,158,108.9
1718,2.36,10:23,159,108.9
1719,2.36,10:38,158,108.9
1720,2.36,10:59,158,108.3
1721,2.37,10:59,158,107.6
1722,2.37,11:21,158,107.6
1723,2.37,11:58,157,107.6
1724,2.37,12:18,158,107.6
1725,2.37,12:39,159,107.6
1726,2.37,12:46,160,107.6
1727,2.37,12:32,160,107.0
1728,2.38,12:46,158,107.0
1729,2.38,12:18,159,106.3
1730,2.38,11:45,159,106.3
1731,2.38,12:18,159,105.6
1732,2.38,12:32,158,105.6
1733,2.38,12:32,159,105.6
1734,2.38,13:16,159,105.0
1735,2.38,13:41,158,105.0
1736,2.39,13:08,158,105.0
1737,2.39,12:25,158,105.0
1738,2.39,11:52,158,104.3
1739,2.39,11:10,158,104.3
1740,2.39,10:54,158,104.3
1741,2.39,11:05,158,104.3
1742,2.39,11:16,159,103.7
1743,2.4,11:27,158,103.7
1744,2.4,11:33,159,103.7
1745,2.4,11:27,159,103.7
1746,2.4,10:59,159,103.7
1747,2.4,10:54,159,103.7
1748,2.4,10:59,160,103.7
1749,2.41,11:10,159,103.7
1750,2.41,11:33,159,103.7
1751,2.41,11:39,159,103.7
1752,2.41,11:33,159,103.7
1753,2.41,11:39,158,103.7
1754,2.41,11:33,158,103.7
1755,2.41,11:39,157,103.0
1756,2.42,12:04,157,103.0
1757,2.42,12:32,158,103.0
1758,2.42,11:52,158,102.4
1759,2.42,11:33,156,102.4
1760,2.42,11:05,157,102.4
1761,2.42,10:48,157,102.4
1762,2.42,10:33,156,102.4
1763,2.43,10:48,157,102.4
1764,2.43,11:58,158,102.4
1765,2.43,12:46,156,103.0
1766,2.43,13:24,156,103.0
1767,2.43,14:07,155,103.0
1768,2.43,14:44,157,103.7
1769,2.43,13:32,158,103.0
1770,2.43,13:08,157,103.0
1771,2.44,12:46,157,103.0
1772,2.44,12:46,157,102.4
1773,2.44,11:58,156,102.4
1774,2.44,12:18,157,102.4
1775,2.44,12:04,157,101.7
1776,2.44,11:52,158,101.7
1777,2.44,11:27,158,101.7
1778,2.45,11:52,157,101.7
1779,2.45,12:18,156,101.7
1780,2.45,12:32,156,101.7
1781,2.45,12:25,157,101.0
1782,2.45,12:18,157,101.0
1783,2.45,12:25,156,101.0
1784,2.45,11:27,155,101.0
1785,2.46,11:05,155,101.7
1786,2.46,11:05,155,101.7
1787,2.46,11:16,155,102.4
1788,2.46,11:16,155,102.4
1789,2.46,11:33,154,102.4
1790,2.46,11:58,154,102.4
1791,2.46,12:25,155,101.7
1792,2.46,12:46,154,101.7
1793,2.47,12:32,154,102.4
1794,2.47,12:11,154,102.4
1795,2.47,11:27,154,102.4
1796,2.47,11:27,154,103.0
1797,2.47,11:10,155,103.0
1798,2.47,11:05,154,102.4
1799,2.48,11:33,156,102.4
1800,2.48,12:32,156,102.4
1801,2.48,12:25,156,101.7
1802,2.48,12:18,158,101.7
1803,2.48,12:39,158,101.7
1804,2.48,12:32,159,101.7
1805,2.48,12:32,158,102.4
1806,2.48,12:32,159,102.4
1807,2.49,12:18,160,102.4
1808,2.49,12:18,160,102.4
1809,2.49,12:11,160,102.4
1810,2.49,12:04,160,102.4
1811,2.49,12:25,162,101.7
1812,2.49,12:46,161,101.7
1813,2.49,13:16,161,101.7
1814,2.49,13:24,161,101.7
1815,2.5,12:46,161,101.7
1816,2.5,11:52,162,101.7
1817,2.5,11:52,162,101.7
1818,2.5,11:33,162,101.0
1819,2.5,11:21,161,101.0
1820,2.5,11:39,162,101.0
1821,2.51,11:33,162,101.0
1822,2.51,11:10,161,101.0
1823,2.51,10:38,162,101.0
1824,2.51,10:38,163,101.0
1825,2.51,10:48,162,101.0
1826,2.51,11:05,162,101.0
1827,2.51,11:33,163,101.0
1828,2.52,11:39,162,101.0
1829,2.52,12:04,163,101.0
1830,2.52,11:45,163,101.0
1831,2.52,11:16,164,101.0
1832,2.52,10:18,165,101.7
1833,2.52,9:43,166,101.7
1834,2.53,9:26,166,102.4
1835,2.53,9:51,166,103.0
1836,2.53,10:18,166,103.0
1837,2.53,10:59,167,103.0
1838,2.53,11:05,168,103.0
1839,2.53,11:10,168,103.0
1840,2.53,10:48,168,103.7
1841,2.54,10:43,169,103.7
1842,2.54,10:33,169,104.3
1843,2.54,11:33,169,105.0
1844,2.54,11:16,169,105.0
1845,2.54,10:48,169,105.6
1846,2.54,10:33,170,105.6
1847,2.55,10:54,169,105.6
1848,2.55,9:56,169,105.6
1849,2.55,9:56,169,105.6
1850,2.55,9:51,169,105.6
1851,2.55,9:56,170,105.0
1852,2.55,10:00,170,105.0
1853,2.56,10:43,170,105.0
1854,2.56,10:48,170,105.0
1855,2.56,10:38,170,105.6
1856,2.56,10:59,170,106.3
1857,2.56,10:59,169,106.3
1858,2.56,10:48,170,106.3
1859,2.56,11:10,170,106.3
1860,2.57,11:27,169,106.3
1861,2.57,11:21,170,105.6
1862,2.57,11:16,171,105.6
1863,2.57,11:39,171,105.6
1864,2.57,11:39,170,105.6
1865,2.57,11:58,170,105.6
1866,2.57,12:11,170,105.6
1867,2.58,12:04,170,105.6
1868,2.58,12:04,170,105.6
1869,2.58,11:33,170,105.6
1870,2.58,11:05,170,106.3
1871,2.58,10:54,170,106.3
1872,2.58,10:33,170,107.0
1873,2.58,10:48,170,107.6
1874,2.59,10:48,170,107.6
1875,2.59,11:05,170,107.6
1876,2.59,11:10,169,107.6
1877,2.59,11:10,168,107.6
1878,2.59,11:05,168,107.0
1879,2.59,11:05,168,107.0
1880,2.6,11:10,167,107.6
1881,2.6,10:28,167,107.6
1882,2.6,10:38,167,107.0
1883,2.6,10:48,167,107.6
1884,2.6,10:38,167,107.6
1885,2.6,10:54,166,108.3
1886,2.6,11:21,166,108.9
1887,2.61,12:04,166,108.9
1888,2.61,11:39,166,109.6
1889,2.61,11:58,166,109.6
1890,2.61,11:39,166,108.9
1891,2.61,11:16,166,108.9
1892,2.61,10:43,166,108.9
1893,2.61,10:48,166,108.9
1894,2.62,10:43,166,108.9
1895,2.62,11:16,166,108.9
1896,2.62,12:11,167,109.6
1897,2.62,12:32,166,109.6
1898,2.62,12:25,166,109.6
1899,2.62,12:04,166,110.2
1900,2.62,11:52,166,110.2
1901,2.63,11:27,166,110.2
1902,2.63,11:16,166,110.2
1903,2.63,11:16,166,110.9
1904,2.63,11:45,165,111.5
1905,2.63,11:33,166,111.5
1906,2.63,11:05,167,111.5
1907,2.63,10:48,167,112.2
1908,2.64,10:09,167,112.2
1909,2.64,9:43,167,112.2
1910,2.64,9:22,166,112.2
1911,2.64,9:34,166,112.2
1912,2.64,10:05,166,112.9
1913,2.65,9:51,167,112.9
1914,2.65,10:05,167,112.9
1915,2.65,10:00,167,112.9
1916,2.65,10:05,167,112.9
1917,2.65,9:47,168,112.9
1918,2.65,10:48,167,112.9
1919,2.65,11:10,166,112.2
1920,2.66,11:21,165,112.9
1921,2.66,11:39,165,113.5
1922,2.66,11:16,165,113.5
1923,2.66,11:21,165,113.5
1924,2.66,11:33,166,114.2
1925,2.66,11:45,167,114.2
1926,2.66,11:39,166,114.2
1927,2.67,11:52,167,114.2
1928,2.67,11:58,167,114.2
1929,2.67,11:27,167,114.2
1930,2.67,10:59,166,114.2
1931,2.67,10:43,166,114.8
1932,2.67,10:33,166,115.5
1933,2.68,9:51,167,116.1
1934,2.68,10:00,167,116.1
1935,2.68,10:18,166,116.1
1936,2.68,10:48,167,116.1
1937,2.68,11:16,167,115.5
1938,2.68,12:11,167,115.5
1939,2.68,12:32,168,116.1
1940,2.69,12:39,168,116.1
1941,2.69,12:11,169,116.8
1942,2.69,12:18,170,116.8
1943,2.69,11:33,169,116.8
1944,2.69,11:52,168,116.8
1945,2.69,11:45,167,116.8
1946,2.69,12:18,167,116.8
1947,2.7,11:27,167,116.8
1948,2.7,11:27,166,116.8
1949,2.7,10:48,167,116.8
1950,2.7,10:43,167,116.8
1951,2.7,10:09,167,116.8
1952,2.7,10:18,167,117.5
1953,2.71,10:00,167,117.5
1954,2.71,10:00,168,117.5
1955,2.71,10:33,168,117.5
1956,2.71,10:28,167,117.5
1957,2.71,10:54,168,118.1
1958,2.71,10:59,169,118.1
1959,2.71,10:48,169,118.1
1960,2.72,10:14,170,118.1
1961,2.72,10:43,170,118.1
1962,2.72,10:28,169,118.1
1963,2.72,10:33,169,118.1
1964,2.72,10:33,169,118.8
1965,2.72,10:38,168,118.8
1966,2.73,10:23,169,118.8
1967,2.73,10:38,169,118.8
1968,2.73,10:54,169,118.8
1969,2.73,11:16,169,119.4
1970,2.73,11:52,169,119.4
1971,2.73,11:33,167,119.4
1972,2.73,11:33,166,119.4
1973,2.74,11:39,161,120.1
1974,2.74,11:58,159,120.1
1975,2.74,11:58,159,120.1
1976,2.74,12:46,160,120.1
1977,2.74,13:01,160,119.4
1978,2.74,13:32,160,119.4
1979,2.74,12:25,160,120.1
1980,2.74,12:18,160,120.1
1981,2.75,11:52,160,120.1
1982,2.75,11:52,160,120.1
1983,2.75,11:33,160,120.1
1984,2.75,11:33,160,120.1
1985,2.75,11:05,160,120.1
1986,2.75,10:28,160,120.7
1987,2.76,9:38,160,120.7
1988,2.76,9:26,160,120.7
1989,2.76,9:43,160,120.7
1990,2.76,10:14,160,120.7
1991,2.76,10:33,160,120.7
1992,2.76,11:21,160,120.7
1993,2.76,12:04,160,120.7
1994,2.77,12:04,159,120.7
1995,2.77,11:16,160,120.7
1996,2.77,11:39,161,120.7
1997,2.77,11:05,162,120.7
1998,2.77,10:54,162,120.7
1999,2.77,11:16,163,120.7
2000,2.78,11:21,164,121.4
2001,2.78,11:16,166,121.4
2002,2.78,10:54,167,121.4
2003,2.78,10:09,168,121.4
2004,2.78,10:09,169,121.4
2005,2.78,10:05,170,121.4
2006,2.78,10:09,172,121.4
2007,2.79,10:54,171,121.4
2008,2.79,11:16,171,122.0
2009,2.79,11:05,171,122.0
2010,2.79,11:39,171,122.0
2011,2.79,12:11,170,122.0
2012,2.79,12:18,170,122.0
2013,2.79,12:39,170,122.0
2014,2.8,12:18,170,122.0
2015,2.8,11:21,170,122.0
2016,2.8,10:48,170,122.0
2017,2.8,10:48,170,122.0
2018,2.8,10:43,169,122.0
2019,2.8,11:10,169,122.0
2020,2.8,12:39,169,122.0
2021,2.81,12:46,170,122.0
2022,2.81,12:32,170,122.0
2023,2.81,12:04,170,122.7
2024,2.81,11:21,170,122.7
2025,2.81,10:28,171,122.7
2026,2.81,10:38,170,122.7
2027,2.82,10:54,170,122.7
2028,2.82,11:10,170,122.7
2029,2.82,11:33,170,122.0
2030,2.82,11:45,170,122.7
2031,2.82,11:05,170,122.7
2032,2.82,10:59,172,122.7
2033,2.82,11:10,171,123.4
2034,2.83,11:16,172,123.4
2035,2.83,11:39,172,123.4
2036,2.83,11:21,172,124.0
2037,2.83,10:54,171,124.0
2038,2.83,11:10,171,124.0
2039,2.83,10:54,172,124.7
2040,2.83,10:43,173,124.7
2041,2.84,11:45,174,124.7
2042,2.84,12:46,174,125.3
2043,2.84,12:32,172,126.0
2044,2.84,12:53,173,126.6
2045,2.84,12:11,172,126.6
2046,2.84,11:39,174,127.3
2047,2.84,10:48,174,128.0
2048,2.85,11:05,173,128.0
2049,2.85,10:09,173,128.0
2050,2.85,10:14,173,128.0
2051,2.85,10:23,173,128.0
2052,2.85,10:14,173,127.3
2053,2.85,10:09,174,127.3
2054,2.86,11:10,174,126.6
2055,2.86,11:21,174,126.0
2056,2.86,12:04,173,126.0
2057,2.86,13:08,172,125.3
2058,2.86,13:16,172,125.3
2059,2.86,12:39,172,125.3
2060,2.86,13:08,173,124.7
2061,2.86,12:53,172,124.7
2062,2.87,12:18,172,124.7
2063,2.87,11:27,173,124.7
2064,2.87,10:18,173,124.7
2065,2.87,9:47,173,125.3
2066,2.87,9:22,174,125.3
2067,2.87,9:43,174,124.7
2068,2.88,9:51,174,124.7
2069,2.88,11:58,174,124.0
2070,2.88,12:25,172,123.4
2071,2.88,12:04,172,123.4
2072,2.88,11:05,173,122.7
2073,2.88,11:10,172,122.7
2074,2.88,10:23,172,122.7
2075,2.89,10:05,172,123.4
2076,2.89,10:38,172,123.4
2077,2.89,11:10,172,123.4
2078,2.89,11:21,172,123.4
2079,2.89,11:21,171,122.7
2080,2.89,11:27,171,122.7
2081,2.9,10:48,172,122.7
2082,2.9,10:54,172,122.7
2083,2.9,11:10,172,122.7
2084,2.9,10:54,171,122.7
2085,2.9,10:59,170,122.7
2086,2.9,11:10,169,122.7
2087,2.9,10:59,169,122.7
2088,2.91,10:38,169,122.7
2089,2.91,10:43,168,122.7
2090,2.91,10:43,168,123.4
2091,2.91,10:38,168,123.4
2092,2.91,10:14,168,123.4
2093,2.91,9:43,169,123.4
2094,2.92,9:56,169,123.4
2095,2.92,9:51,168,123.4
2096,2.92,9:47,168,123.4
2097,2.92,10:00,168,123.4
2098,2.92,10:14,169,124.0
2099,2.92,9:56,169,124.0
2100,2.93,9:47,169,124.7
2101,2.93,9:51,169,124.0
2102,2.93,9:43,168,124.0
2103,2.93,10:00,169,124.0
2104,2.93,10:09,170,124.7
2105,2.93,10:48,170,124.7
2106,2.94,11:05,171,125.3
2107,2.94,11:33,170,125.3
2108,2.94,11:39,170,125.3
2109,2.94,11:58,170,125.3
2110,2.94,11:21,170,125.3
2111,2.94,11:21,170,125.3
2112,2.94,11:16,170,125.3
2113,2.95,11:10,170,125.3
2114,2.95,11:16,171,125.3
2115,2.95,11:10,171,125.3
2116,2.95,10:43,170,125.3
2117,2.95,10:33,169,125.3
2118,2.95,10:23,169,125.3
2119,2.96,10:09,169,125.3
2120,2.96,10:14,169,125.3
2121,2.96,10:38,169,125.3
2122,2.96,11:16,169,126.0
2123,2.96,11:27,169,126.0
2124,2.96,11:52,169,126.0
2125,2.96,12:11,169,126.0
2126,2.96,12:25,169,126.0
2127,2.97,12:18,169,126.6
2128,2.97,12:04,169,126.6
2129,2.97,12:39,169,126.6
2130,2.97,12:18,169,126.6
2131,2.97,12:04,170,126.6
2132,2.97,11:21,170,126.6
2133,2.98,10:48,169,126.6
2134,2.98,10:14,168,126.6
2135,2.98,10:14,169,127.3
2136,2.98,10:18,169,127.3
2137,2.98,10:14,169,127.3
2138,2.98,10:43,168,127.3
2139,2.98,11:16,168,127.3
2140,2.99,11:16,168,127.3
2141,2.99,11:27,168,127.3
2142,2.99,11:45,168,128.0
2143,2.99,11:27,168,128.0
2144,2.99,10:54,169,128.0
2145,2.99,10:59,168,128.0
2146,2.99,10:54,168,128.0
2147,3.0,11:16,168,128.0
2148,3.0,11:10,168,128.6
2149,3.0,11:05,168,128.6
2150,3.0,11:10,167,128.6
2151,3.0,10:28,167,128.6
2152,3.0,10:18,166,128.6
2153,3.01,10:43,166,128.6
2154,3.01,10:54,166,128.6
2155,3.01,11:10,166,129.3
2156,3.01,11:58,165,129.3
2157,3.01,12:18,165,129.3
2158,3.01,12:18,166,129.3
2159,3.01,12:25,166,129.3
2160,3.02,12:04,166,129.3
2161,3.02,11:39,165,129.3
2162,3.02,11:10,166,129.3
2163,3.02,11:10,165,129.3
2164,3.02,11:10,164,129.3
2165,3.02,11:27,164,129.3
2166,3.02,11:27,164,129.9
2167,3.03,11:45,164,129.9
2168,3.03,11:21,163,129.9
2169,3.03,11:10,154,129.9
2170,3.03,10:59,153,129.9
2171,3.03,10:33,153,129.9
2172,3.03,10:09,154,129.9
2173,3.04,10:18,157,129.9
2174,3.04,10:09,159,129.9
2175,3.04,9:51,159,129.9
2176,3.04,10:05,161,129.9
2177,3.04,10:09,163,129.9
2178,3.04,10:18,164,129.9
2179,3.04,10:38,165,129.9
2180,3.05,11:10,166,129.9
2181,3.05,12:11,167,129.9
2182,3.05,12:04,168,129.9
2183,3.05,12:25,169,129.9
2184,3.05,12:04,169,130.6
2185,3.05,11:58,169,130.6
2186,3.05,11:16,170,130.6
2187,3.06,11:27,169,130.6
2188,3.06,10:54,169,130.6
2189,3.06,10:33,170,130.6
2190,3.06,9:51,168,130.6
2191,3.06,9:34,168,129.9
2192,3.06,9:43,168,130.6
2193,3.07,9:22,169,129.9
2194,3.07,9:26,169,129.9
2195,3.07,9:22,168,129.9
2196,3.07,9:26,169,129.9
2197,3.07,9:14,169,129.9
2198,3.08,9:38,169,129.9
2199,3.08,10:05,169,129.9
2200,3.08,10:33,169,129.9
2201,3.08,10:59,169,129.9
2202,3.08,11:05,169,129.9
2203,3.08,10:54,169,129.9
2204,3.08,10:59,170,129.9
2205,3.09,11:10,170,129.9
2206,3.09,11:10,170,129.9
2207,3.09,11:27,170,129.9
2208,3.09,11:21,170,129.9
2209,3.09,10:54,169,130.6
2210,3.09,10:54,169,130.6
2211,3.1,10:28,169,130.6
2212,3.1,10:23,169,130.6
2213,3.1,10:43,168,130.6
2214,3.1,10:38,167,130.6
2215,3.1,10:23,167,130.6
2216,3.1,10:23,167,129.9
2217,3.1,10:23,167,129.9
2218,3.11,10:33,167,129.9
2219,3.11,11:16,167,129.9
2220,3.11,11:58,167,129.9
2221,3.11,12:11,166,129.9
2222,3.11,12:18,167,130.6
2223,3.11,11:58,168,130.6
2224,3.11,11:39,168,130.6
2225,3.12,11:10,169,130.6
2226,3.12,11:10,169,129.9
2227,3.12,11:05,170,129.9
2228,3.12,10:59,170,129.9
2229,3.12,10:59,171,129.9
2230,3.12,11:21,171,129.9
2231,3.12,11:21,171,129.9
2232,3.13,11:16,171,129.9
2233,3.13,11:33,172,130.6
2234,3.13,11:21,172,130.6
2235,3.13,10:54,172,130.6
2236,3.13,10:48,172,130.6
2237,3.13,10:54,172,130.6
2238,3.14,10:59,172,130.6
2239,3.14,11:16,171,130.6
2240,3.14,11:45,170,130.6
2241,3.14,12:04,171,130.6
2242,3.14,12:11,171,130.6
2243,3.14,12:18,171,130.6
2244,3.14,11:27,172,130.6
2245,3.15,10:43,171,130.6
2246,3.15,10:54,171,130.6
2247,3.15,10:48,170,130.6
2248,3.15,11:05,170,130.6
2249,3.15,11:33,170,131.2
2250,3.15,12:46,170,131.2
2251,3.15,12:39,170,131.2
2252,3.16,12:11,170,131.2
2253,3.16,11:16,170,131.2
2254,3.16,10:38,170,131.2
2255,3.16,10:00,171,131.2
2256,3.16,9:47,170,131.2
2257,3.16,9:51,170,131.2
2258,3.17,10:09,169,131.9
2259,3.17,10:43,168,131.9
2260,3.17,11:21,168,131.9
2261,3.17,11:58,168,131.9
2262,3.17,12:46,168,131.9
2263,3.17,13:16,168,131.9
2264,3.17,13:49,168,132.5
2265,3.17,13:32,168,132.5
2266,3.18,12:53,168,132.5
2267,3.18,12:25,168,132.5
2268,3.18,12:18,168,132.5
2269,3.18,11:27,168,132.5
2270,3.18,11:05,167,132.5
2271,3.18,10:59,167,132.5
2272,3.18,11:05,168,132.5
2273,3.19,10:18,167,133.2
2274,3.19,10:09,167,133.2
2275,3.19,10:23,168,133.2
2276,3.19,10:18,168,133.2
2277,3.19,10:14,169,133.2
2278,3.19,10:43,169,133.9
2279,3.2,11:16,170,133.9
2280,3.2,11:21,170,133.9
2281,3.2,11:05,170,133.9
2282,3.2,11:05,171,133.9
2283,3.2,10:54,170,133.9
2284,3.2,10:38,171,133.9
2285,3.2,10:33,170,134.5
2286,3.21,10:43,170,134.5
2287,3.21,11:05,171,134.5
2288,3.21,11:21,171,135.2
2289,3.21,11:52,172,135.2
2290,3.21,12:32,172,135.2
2291,3.21,12:18,172,135.2
2292,3.21,12:04,172,135.2
2293,3.22,12:04,171,135.2
2294,3.22,11:27,171,135.2
2295,3.22,10:43,171,135.2
2296,3.22,11:10,171,135.8
2297,3.22,10:59,171,135.8
2298,3.22,10:48,171,135.8
2299,3.23,10:38,170,136.5
2300,3.23,10:33,170,136.5
2301,3.23,10:33,170,137.1
2302,3.23,10:33,170,137.1
2303,3.23,10:18,170,137.8
2304,3.23,10:23,170,137.8
2305,3.23,10:43,171,138.5
2306,3.24,10:43,172,138.5
2307,3.24,10:43,172,138.5
2308,3.24,11:05,172,138.5
2309,3.24,11:16,172,138.5
2310,3.24,11:10,172,138.5
2311,3.24,11:10,173,138.5
2312,3.24,11:45,173,138.5
2313,3.25,11:21,173,139.1
2314,3.25,11:27,172,139.1
2315,3.25,11:16,172,139.1
2316,3.25,11:16,172,139.1
2317,3.25,10:18,173,139.8
2318,3.25,10:18,174,140.4
2319,3.26,10:28,174,140.4
2320,3.26,10:43,174,141.1
2321,3.26,11:52,174,141.1
2322,3.26,12:32,172,141.1
2323,3.26,13:24,172,140.4
2324,3.26,13:08,172,140.4
2325,3.26,12:18,171,140.4
2326,3.27,10:59,171,140.4
2327,3.27,11:10,171,140.4
2328,3.27,10:48,171,140.4
2329,3.27,11:10,171,140.4
2330,3.27,11:21,171,141.1
2331,3.27,10:59,171,141.1
2332,3.28,10:18,171,141.1
2333,3.28,9:34,171,141.1
2334,3.28,8:56,172,141.1
2335,3.28,8:45,172,141.1
2336,3.28,8:49,172,141.1
2337,3.28,9:00,173,141.1
2338,3.29,9:34,174,141.1
2339,3.29,10:48,173,141.1
2340,3.29,11:27,174,141.1
2341,3.29,11:33,174,141.7
2342,3.29,11:27,173,141.7
2343,3.29,11:33,173,141.7
2344,3.29,10:54,173,142.4
2345,3.3,10:59,174,142.4
2346,3.3,11:33,173,142.4
2347,3.3,12:11,175,142.4
2348,3.3,11:52,173,142.4
2349,3.3,11:45,174,142.4
2350,3.3,11:16,174,142.4
2351,3.31,10:43,174,142.4
2352,3.31,10:43,174,142.4
2353,3.31,10:38,173,142.4
2354,3.31,10:38,174,142.4
2355,3.31,10:09,174,143.0
2356,3.31,9:56,175,143.0
2357,3.32,9:34,175,143.0
2358,3.32,9:34,175,143.0
2359,3.32,9:43,175,143.0
2360,3.32,10:05,175,143.0
2361,3.32,10:18,175,143.0
2362,3.32,10:23,175,143.0
2363,3.32,10:33,176,143.7
2364,3.33,10:05,176,143.7
2365,3.33,10:33,175,143.7
2366,3.33,10:23,174,143.7
2367,3.33,10:28,175,143.7
2368,3.33,10:38,175,143.7
2369,3.33,11:05,175,143.7
2370,3.34,10:48,176,143.7
2371,3.34,10:59,175,143.7
2372,3.34,11:10,175,143.7
2373,3.34,11:39,175,143.7
2374,3.34,13:01,175,143.7
2375,3.34,13:24,174,143.7
2376,3.34,13:41,174,143.7
2377,3.34,13:24,175,143.7
2378,3.35,11:52,175,143.7
2379,3.35,10:05,175,143.7
2380,3.35,9:38,175,143.7
2381,3.35,9:14,175,143.7
2382,3.35,9:26,175,143.7
2383,3.36,9:43,174,144.4
2384,3.36,10:05,175,144.4
2385,3.36,10:14,176,144.4
2386,3.36,10:43,176,144.4
2387,3.36,10:28,175,144.4
2388,3.36,10:54,175,144.4
2389,3.36,10:43,174,144.4
2390,3.37,10:54,175,144.4
2391,3.37,11:27,175,145.0
2392,3.37,10:59,175,145.0
2393,3.37,11:10,174,145.0
2394,3.37,11:21,173,145.0
2395,3.37,11:27,173,145.0
2396,3.37,11:05,173,145.0
2397,3.38,11:33,170,145.0
2398,3.38,11:52,167,145.7
2399,3.38,12:25,164,145.7
2400,3.38,11:52,161,145.7
2401,3.38,12:18,160,145.7
2402,3.38,12:25,159,146.3
2403,3.38,11:52,160,146.3
2404,3.39,11:27,163,146.3
2405,3.39,11:45,165,146.3
2406,3.39,11:27,166,146.3
2407,3.39,11:10,167,146.3
2408,3.39,10:43,167,147.0
2409,3.39,10:48,169,147.0
2410,3.4,10:54,169,147.6
2411,3.4,11:05,169,147.6
2412,3.4,11:21,171,147.6
2413,3.4,11:52,171,147.6
2414,3.4,11:33,172,147.6
2415,3.4,11:21,172,148.3
2416,3.4,10:59,172,148.3
2417,3.41,11:16,173,148.3
2418,3.41,11:10,173,149.0
2419,3.41,11:27,174,149.0
2420,3.41,11:39,174,149.0
2421,3.41,11:27,174,149.0
2422,3.41,11:27,174,149.0
2423,3.41,11:58,174,149.0
2424,3.42,11:58,173,149.6
2425,3.42,12:11,172,149.6
2426,3.42,11:58,172,149.6
2427,3.42,11:52,172,149.6
2428,3.42,11:39,173,149.6
2429,3.42,11:21,174,150.3
2430,3.42,11:21,173,150.3
2431,3.42,12:11,173,150.3
2432,3.43,12:25,172,150.9
2433,3.43,12:25,173,150.9
2434,3.43,13:41,173,150.9
2435,3.43,13:32,173,151.6
2436,3.43,12:39,173,151.6
2437,3.43,11:45,172,151.6
2438,3.43,11:21,172,152.2
2439,3.44,10:33,174,152.2
2440,3.44,10:14,173,152.2
2441,3.44,9:56,173,152.2
2442,3.44,9:34,173,152.2
2443,3.44,9:22,174,152.2
2444,3.45,9:07,174,152.9
2445,3.45,9:18,174,152.9
2446,3.45,9:43,173,152.9
2447,3.45,10:28,173,152.9
2448,3.45,11:05,173,153.5
2449,3.45,11:27,174,153.5
2450,3.45,11:16,174,153.5
2451,3.46,11:21,174,153.5
2452,3.46,10:43,174,154.2
2453,3.46,10:18,175,154.2
2454,3.46,10:00,176,154.2
2455,3.46,10:05,174,154.9
2456,3.46,9:47,175,154.9
2457,3.47,9:51,175,154.9
2458,3.47,9:34,175,154.9
2459,3.47,9:38,176,155.5
2460,3.47,10:00,175,155.5
2461,3.47,10:18,177,155.5
2462,3.47,10:59,177,156.2
2463,3.48,11:39,178,156.2
2464,3.48,12:18,176,156.2
2465,3.48,12:04,176,156.2
2466,3.48,12:18,176,156.2
2467,3.48,12:18,176,156.8
2468,3.48,12:18,177,156.8
2469,3.48,11:39,177,157.5
2470,3.48,11:39,177,157.5
2471,3.49,11:27,176,157.5
2472,3.49,11:10,176,157.5
2473,3.49,10:48,176,157.5
2474,3.49,10:48,177,157.5
2475,3.49,10:28,177,158.1
2476,3.49,10:05,176,158.1
2477,3.5,10:09,176,158.1
2478,3.5,10:09,176,158.1
2479,3.5,10:54,176,158.8
2480,3.5,11:10,177,158.8
2481,3.5,12:18,176,159.4
2482,3.5,12:39,176,159.4
2483,3.5,12:39,176,159.4
2484,3.51,12:18,175,160.1
2485,3.51,11:33,175,159.4
2486,3.51,10:23,174,159.4
2487,3.51,9:43,175,158.8
2488,3.51,10:00,175,158.8
2489,3.51,9:51,175,158.8
2490,3.52,10:00,175,158.8
2491,3.52,10:09,175,159.4
2492,3.52,10:28,176,159.4
2493,3.52,10:23,175,159.4
2494,3.52,10:18,174,159.4
2495,3.52,10:28,175,159.4
2496,3.53,10:33,176,159.4
2497,3.53,10:18,176,160.1
2498,3.53,10:23,176,160.1
2499,3.53,10:14,176,160.1
2500,3.53,10:18,176,160.1
2501,3.53,10:23,176,160.8
2502,3.54,10:28,177,160.8
2503,3.54,10:43,177,160.8
2504,3.54,10:59,176,160.8
2505,3.54,11:16,176,160.8
2506,3.54,11:27,176,160.8
2507,3.54,11:16,175,160.8
2508,3.54,11:27,175,161.4
2509,3.55,11:33,177,161.4
2510,3.55,11:10,176,161.4
2511,3.55,11:05,177,161.4
2512,3.55,11:52,176,162.1
2513,3.55,11:39,175,162.1
2514,3.55,11:52,175,162.1
2515,3.55,11:33,175,162.7
2516,3.56,11:45,176,162.7
2517,3.56,11:05,176,162.7
2518,3.56,10:28,176,162.7
2519,3.56,10:28,176,162.7
2520,3.56,10:23,174,162.7
2521,3.56,10:14,176,162.7
2522,3.57,10:23,175,163.4
2523,3.57,11:16,176,163.4
2524,3.57,11:16,175,164.0
2525,3.57,11:16,175,164.0
2526,3.57,11:39,175,164.0
2527,3.57,11:45,176,164.0
2528,3.57,11:05,177,164.0
2529,3.58,10:43,176,164.7
2530,3.58,11:21,176,164.7
2531,3.58,11:10,176,165.4
2532,3.58,11:10,177,165.4
2533,3.58,11:16,176,165.4
2534,3.58,11:10,177,165.4
2535,3.58,11:05,176,166.0
2536,3.59,11:10,176,166.0
2537,3.59,11:45,175,166.0
2538,3.59,11:33,175,166.7
2539,3.59,11:27,177,166.7
2540,3.59,11:10,176,166.7
2541,3.59,10:59,176,167.3
2542,3.59,10:38,176,167.3
2543,3.6,10:54,176,167.3
2544,3.6,10:59,176,167.3
2545,3.6,11:21,177,167.3
2546,3.6,11:27,176,168.0
2547,3.6,11:10,176,168.0
2548,3.6,11:10,175,168.0
2549,3.6,11:33,176,168.6
2550,3.61,11:33,175,168.6
2551,3.61,11:05,176,169.3
2552,3.61,11:05,176,169.3
2553,3.61,11:21,176,169.9
2554,3.61,11:10,176,169.9
2555,3.61,11:05,175,169.9
2556,3.62,11:16,176,169.9
2557,3.62,10:48,176,169.9
2558,3.62,10:43,176,170.6
2559,3.62,10:48,176,170.6
2560,3.62,10:54,176,171.3
2561,3.62,11:10,175,171.3
2562,3.62,11:27,175,171.3
2563,3.63,11:33,177,171.3
2564,3.63,11:33,176,171.3
2565,3.63,11:33,175,171.3
2566,3.63,12:04,175,171.3
2567,3.63,13:16,175,171.9
2568,3.63,13:01,175,171.9
2569,3.63,12:39,175,171.9
2570,3.64,12:04,176,171.9
2571,3.64,11:39,176,172.6
2572,3.64,10:33,176,172.6
2573,3.64,10:38,175,172.6
2574,3.64,10:48,175,172.6
2575,3.64,10:59,175,173.2
2576,3.64,10:48,176,172.6
2577,3.65,11:16,177,173.2
2578,3.65,10:59,176,173.2
2579,3.65,11:05,176,173.2
2580,3.65,10:59,176,173.2
2581,3.65,11:16,175,173.9
2582,3.65,10:59,176,173.9
2583,3.66,10:54,175,173.9
2584,3.66,10:23,177,173.9
2585,3.66,10:23,175,173.9
2586,3.66,10:18,176,173.9
2587,3.66,10:09,175,173.9
2588,3.66,10:18,175,174.5
2589,3.67,10:14,175,174.5
2590,3.67,10:33,177,174.5
2591,3.67,10:23,176,174.5
2592,3.67,10:43,176,175.2
2593,3.67,10:54,175,175.2
2594,3.67,10:48,175,175.2
2595,3.67,11:10,175,175.2
2596,3.68,11:21,175,175.2
2597,3.68,10:59,175,175.2
2598,3.68,10:43,176,175.9
2599,3.68,11:05,175,175.9
2600,3.68,10:18,174,175.9
2601,3.68,10:00,174,175.9
2602,3.69,10:18,174,175.9
2603,3.69,10:23,174,175.9
2604,3.69,10:09,175,176.5
2605,3.69,10:54,175,176.5
2606,3.69,11:10,176,176.5
2607,3.69,10:54,176,176.5
2608,3.69,11:27,175,176.5
2609,3.7,12:04,175,176.5
2610,3.7,11:27,175,177.2
2611,3.7,11:45,176,177.2
2612,3.7,11:45,177,177.2
2613,3.7,10:54,177,177.2
2614,3.7,10:18,176,177.2
2615,3.71,9:56,176,177.2
2616,3.71,9:38,176,177.2
2617,3.71,9:30,176,177.2
2618,3.71,9:47,177,177.2
2619,3.71,9:43,178,177.2
2620,3.71,9:47,177,177.2
2621,3.72,9:30,178,177.2
2622,3.72,9:22,178,177.2
2623,3.72,9:00,177,177.8
2624,3.72,9:22,177,177.8
2625,3.72,9:56,177,177.8
2626,3.72,10:23,178,177.8
2627,3.73,10:48,178,177.8
2628,3.73,11:10,178,177.8
2629,3.73,11:05,178,177.8
2630,3.73,10:28,177,178.5
2631,3.73,10:33,178,178.5
2632,3.73,10:43,177,178.5
2633,3.73,10:48,178,178.5
2634,3.74,11:05,177,178.5
2635,3.74,11:33,177,179.1
2636,3.74,11:39,177,179.1
2637,3.74,12:11,177,179.1
2638,3.74,12:25,178,179.1
2639,3.74,12:46,178,179.1
2640,3.74,12:25,177,179.8
2641,3.75,11:39,176,179.8
2642,3.75,10:59,177,179.8
2643,3.75,10:43,178,179.8
2644,3.75,10:43,177,179.8
2645,3.75,10:54,175,180.4
2646,3.75,11:10,177,180.4
2647,3.75,11:58,176,181.1
2648,3.76,11:27,175,181.1
2649,3.76,11:05,175,181.1
2650,3.76,10:48,175,181.1
2651,3.76,11:16,174,180.4
2652,3.76,10:28,172,180.4
2653,3.76,10:54,172,180.4
2654,3.77,10:43,172,179.8
2655,3.77,10:43,171,180.4
2656,3.77,10:33,172,180.4
2657,3.77,10:54,171,179.8
2658,3.77,11:05,172,180.4
2659,3.77,11:16,171,180.4
2660,3.77,11:21,172,180.4
2661,3.78,11:33,172,180.4
2662,3.78,11:27,173,181.1
2663,3.78,11:45,173,181.1
2664,3.78,12:11,174,181.1
2665,3.78,11:58,174,181.1
2666,3.78,11:39,174,181.1
2667,3.78,11:21,174,181.1
2668,3.79,11:05,174,181.1
2669,3.79,10:38,174,181.1
2670,3.79,10:48,174,181.1
2671,3.79,10:48,174,181.1
2672,3.79,11:05,175,181.8
2673,3.79,10:33,175,181.8
2674,3.8,10:43,175,181.8
2675,3.8,10:48,175,181.8
2676,3.8,10:48,175,181.8
2677,3.8,11:05,174,181.8
2678,3.8,11:10,174,181.8
2679,3.8,11:05,175,181.8
2680,3.8,10:48,175,181.8
2681,3.81,10:48,176,182.4
2682,3.81,10:48,176,182.4
2683,3.81,10:59,175,182.4
2684,3.81,11:33,175,182.4
2685,3.81,12:18,175,182.4
2686,3.81,12:11,175,183.1
2687,3.81,11:21,174,183.1
2688,3.82,11:16,174,183.1
2689,3.82,10:48,176,183.7
2690,3.82,10:43,176,183.7
2691,3.82,10:59,176,184.4
2692,3.82,11:16,176,184.4
2693,3.82,11:10,175,184.4
2694,3.83,10:48,175,184.4
2695,3.83,10:09,174,184.4
2696,3.83,9:38,175,184.4
2697,3.83,9:26,176,184.4
2698,3.83,9:26,176,184.4
2699,3.83,9:03,177,184.4
2700,3.84,9:07,176,184.4
2701,3.84,9:34,176,184.4
2702,3.84,10:14,176,184.4
2703,3.84,10:43,176,184.4
2704,3.84,12:11,176,184.4
2705,3.84,12:25,176,184.4
2706,3.84,12:11,176,184.4
2707,3.85,11:33,176,184.4
2708,3.85,11:45,176,184.4
2709,3.85,11:27,176,184.4
2710,3.85,11:05,177,185.0
2711,3.85,10:59,176,185.0
2712,3.85,10:48,175,185.0
2713,3.86,10:09,175,185.0
2714,3.86,10:18,176,185.0
2715,3.86,11:21,175,185.0
2716,3.86,11:58,176,185.0
2717,3.86,12:32,175,185.0
2718,3.86,12:46,175,185.0
2719,3.86,12:18,175,185.0
2720,3.87,11:27,175,185.0
2721,3.87,10:38,175,185.0
2722,3.87,10:43,176,185.0
2723,3.87,10:59,175,185.0
2724,3.87,11:16,175,185.0
2725,3.87,11:16,174,185.0
2726,3.87,11:27,174,185.0
2727,3.88,11:27,173,185.0
2728,3.88,11:10,170,185.0
2729,3.88,10:59,166,185.0
2730,3.88,10:48,164,185.0
2731,3.88,10:54,160,185.7
2732,3.88,11:21,161,185.7
2733,3.88,11:21,162,185.7
2734,3.89,11:16,162,185.7
2735,3.89,11:45,162,185.7
2736,3.89,11:52,162,185.0
2737,3.89,11:33,162,185.7
2738,3.89,11:45,162,185.7
2739,3.89,11:33,152,185.7
2740,3.9,11:10,149,185.7
2741,3.9,10:54,151,185.7
2742,3.9,10:18,156,185.0
2743,3.9,10:18,162,185.0
2744,3.9,10:18,164,185.7
2745,3.9,10:18,166,185.7
2746,3.91,9:51,168,186.4
2747,3.91,10:18,170,186.4
2748,3.91,10:09,171,186.4
2749,3.91,10:23,173,186.4
2750,3.91,10:38,174,186.4
2751,3.91,11:10,174,185.7
2752,3.91,10:59,174,185.7
2753,3.92,10:59,175,185.7
2754,3.92,10:59,176,185.7
2755,3.92,10:54,177,185.7
2756,3.92,10:48,176,186.4
2757,3.92,10:43,175,186.4
2758,3.92,10:48,176,186.4
2759,3.92,10:33,177,186.4
2760,3.93,10:38,177,186.4
2761,3.93,10:48,177,186.4
2762,3.93,10:33,176,186.4
2763,3.93,10:14,177,186.4
2764,3.93,10:05,177,186.4
2765,3.93,10:05,177,186.4
2766,3.94,10:05,177,186.4
2767,3.94,10:09,176,187.0
2768,3.94,10:38,176,187.0
2769,3.94,10:54,176,187.0
2770,3.94,11:05,176,186.4
2771,3.94,11:52,177,186.4
2772,3.94,12:04,176,186.4
2773,3.95,12:04,176,187.0
2774,3.95,12:25,175,187.0
2775,3.95,12:32,176,187.0
2776,3.95,12:04,176,187.7
2777,3.95,12:32,177,187.7
2778,3.95,12:11,175,187.0
2779,3.95,11:58,176,187.0
2780,3.96,11:33,177,187.0
2781,3.96,11:21,177,187.0
2782,3.96,10:48,176,187.0
2783,3.96,10:54,176,187.0
2784,3.96,11:10,175,187.0
2785,3.96,11:05,176,187.7
2786,3.97,10:59,176,187.7
2787,3.97,11:16,176,187.7
2788,3.97,11:21,176,187.7
2789,3.97,11:21,176,187.7
2790,3.97,11:39,176,187.7
2791,3.97,11:45,176,187.0
2792,3.97,12:25,176,187.0
2793,3.97,12:39,175,187.0
2794,3.98,11:58,176,187.0
2795,3.98,11:52,176,187.0
2796,3.98,11:52,177,187.0
2797,3.98,11:10,177,187.0
2798,3.98,10:48,177,186.4
2799,3.98,10:38,176,186.4
2800,3.99,10:05,176,186.4
2801,3.99,9:51,175,186.4
2802,3.99,9:56,176,186.4
2803,3.99,9:56,177,186.4
2804,3.99,10:18,177,186.4
2805,3.99,10:33,175,186.4
2806,4.0,10:28,175,186.4
2807,4.0,10:33,176,186.4
2808,4.0,10:23,176,186.4
2809,4.0,10:05,175,186.4
2810,4.0,10:09,175,185.7
2811,4.0,10:05,175,185.7
2812,4.01,9:30,175,185.7
2813,4.01,9:14,174,185.7
2814,4.01,9:26,176,185.7
2815,4.01,9:14,176,185.7
2816,4.01,9:30,176,186.4
2817,4.01,9:51,176,186.4
2818,4.02,10:14,175,186.4
2819,4.02,10:18,176,186.4
2820,4.02,11:05,176,186.4
2821,4.02,10:54,178,186.4
2822,4.02,11:21,179,187.0
2823,4.02,11:05,177,187.0
2824,4.03,10:48,176,187.0
2825,4.03,10:38,177,187.0
2826,4.03,10:28,178,187.0
2827,4.03,9:56,178,187.0
2828,4.03,10:14,177,187.0
2829,4.03,10:28,177,187.0
2830,4.03,10:33,178,187.0
2831,4.04,10:23,178,187.7
2832,4.04,10:23,178,187.7
2833,4.04,10:28,178,187.7
2834,4.04,9:56,177,187.7
2835,4.04,9:43,179,187.7
2836,4.04,10:05,179,187.0
2837,4.05,10:18,178,187.0
2838,4.05,10:38,178,187.0
2839,4.05,10:54,179,187.0
2840,4.05,10:54,179,187.7
2841,4.05,10:43,180,187.7
2842,4.05,10:38,178,187.7
2843,4.06,10:00,178,187.7
2844,4.06,10:09,179,187.7
2845,4.06,10:09,178,187.7
2846,4.06,10:14,178,187.7
2847,4.06,10:28,177,187.7
2848,4.06,11:21,178,187.7
2849,4.06,12:11,178,187.7
2850,4.07,13:08,177,187.7
2851,4.07,12:39,177,187.7
2852,4.07,11:39,177,187.7
2853,4.07,10:05,178,187.0
2854,4.07,9:18,177,187.7
2855,4.07,9:14,176,187.7
2856,4.08,9:43,176,187.7
2857,4.08,10:33,176,187.7
2858,4.08,11:45,176,187.7
2859,4.08,11:52,176,187.7
2860,4.08,11:21,175,187.7
2861,4.08,11:21,175,187.0
2862,4.08,10:48,176,187.0
2863,4.09,10:48,176,187.0
2864,4.09,10:48,176,187.0
2865,4.09,10:28,175,187.0
2866,4.09,10:05,175,187.0
2867,4.09,10:00,176,187.0
2868,4.09,10:05,176,187.0
2869,4.1,10:33,176,187.0
2870,4.1,10:43,174,187.0
2871,4.1,11:16,174,187.0
2872,4.1,11:58,175,186.4
2873,4.1,12:11,175,187.0
2874,4.1,12:04,176,187.0
2875,4.1,12:11,174,187.0
2876,4.11,11:39,174,187.7
2877,4.11,11:16,175,187.7
2878,4.11,10:48,175,187.7
2879,4.11,11:05,175,187.7
2880,4.11,10:59,175,187.0
2881,4.11,11:21,176,187.0
2882,4.11,11:21,176,187.0
2883,4.12,11:10,175,187.0
2884,4.12,10:38,175,187.0
2885,4.12,10:23,175,186.4
2886,4.12,10:14,175,187.0
2887,4.12,10:14,176,187.0
2888,4.12,10:05,174,187.0
2889,4.13,10:33,175,187.0
2890,4.13,11:05,174,187.0
2891,4.13,11:16,174,187.0
2892,4.13,11:45,174,187.0
2893,4.13,12:18,175,187.0
2894,4.13,11:58,175,187.0
2895,4.13,11:45,175,187.0
2896,4.14,11:33,175,187.0
2897,4.14,11:27,174,187.0
2898,4.14,11:16,174,187.0
2899,4.14,11:16,175,187.0
2900,4.14,11:33,175,187.0
2901,4.14,11:39,175,187.0
2902,4.14,11:16,174,187.0
2903,4.15,11:45,175,187.0
2904,4.15,11:21,175,187.0
2905,4.15,11:10,175,187.0
2906,4.15,11:21,175,187.0
2907,4.15,11:27,175,187.0
2908,4.15,11:27,174,187.0
2909,4.15,11:39,174,187.0
2910,4.16,11:45,174,187.0
2911,4.16,11:58,175,186.4
2912,4.16,12:25,175,186.4
2913,4.16,12:39,176,186.4
2914,4.16,13:16,174,186.4
2915,4.16,13:24,174,187.0
2916,4.16,13:16,174,187.0
2917,4.16,13:01,174,187.0
2918,4.17,12:32,174,187.0
2919,4.17,12:32,173,187.0
2920,4.17,11:52,174,187.0
2921,4.17,11:33,174,187.0
2922,4.17,11:39,174,187.0
2923,4.17,11:16,174,187.0
2924,4.18,11:05,174,187.0
2925,4.18,11:33,175,187.0
2926,4.18,11:33,174,187.0
2927,4.18,11:21,174,187.0
2928,4.18,11:05,173,187.0
2929,4.18,10:28,174,186.4
2930,4.18,10:00,173,187.0
2931,4.19,10:00,174,187.0
2932,4.19,9:56,174,186.4
2933,4.19,9:56,174,186.4
2934,4.19,10:14,173,186.4
2935,4.19,10:23,173,186.4
2936,4.19,10:14,173,186.4
2937,4.2,10:14,174,186.4
2938,4.2,10:48,174,186.4
2939,4.2,10:38,174,186.4
2940,4.2,10:38,174,185.7
2941,4.2,10:18,173,185.7
2942,4.2,10:09,173,185.7
2943,4.21,10:00,173,185.7
2944,4.21,9:51,174,185.7
2945,4.21,10:00,173,185.7
2946,4.21,10:05,174,185.7
2947,4.21,9:47,174,185.0
2948,4.21,9:34,175,185.0
2949,4.22,9:47,174,185.0
2950,4.22,9:56,174,185.0
2951,4.22,10:05,174,185.0
2952,4.22,10:28,174,185.0
2953,4.22,11:10,175,185.0
2954,4.22,11:10,175,185.0
2955,4.22,11:05,175,185.0
2956,4.23,11:16,175,185.0
2957,4.23,11:05,174,185.0
2958,4.23,10:43,174,185.0
2959,4.23,10:23,175,185.0
2960,4.23,10:05,175,185.0
2961,4.23,10:00,175,185.0
2962,4.24,9:47,175,184.4
2963,4.24,9:47,175,184.4
2964,4.24,10:14,174,184.4
2965,4.24,10:00,174,184.4
2966,4.24,10:09,176,184.4
2967,4.24,11:05,175,184.4
2968,4.25,11:39,175,184.4
2969,4.25,11:52,174,184.4
2970,4.25,12:39,175,183.7
2971,4.25,12:46,176,183.7
2972,4.25,11:27,177,183.7
2973,4.25,10:33,176,183.7
2974,4.25,10:14,175,183.7
2975,4.26,9:56,175,184.4
2976,4.26,9:43,175,184.4
2977,4.26,10:14,176,184.4
2978,4.26,10:38,176,184.4
2979,4.26,11:05,176,185.0
2980,4.26,11:39,176,185.0
2981,4.26,12:46,174,184.4
2982,4.27,12:39,174,184.4
2983,4.27,12:04,173,183.7
2984,4.27,12:18,174,183.7
2985,4.27,12:25,175,183.7
2986,4.27,11:33,175,183.7
2987,4.27,11:33,175,183.1
2988,4.28,11:16,175,183.1
2989,4.28,10:38,173,183.1
2990,4.28,10:09,173,183.1
2991,4.28,10:00,174,183.1
2992,4.28,10:00,174,183.1
2993,4.28,10:18,175,183.1
2994,4.28,10:18,174,183.1
2995,4.29,10:23,175,183.1
2996,4.29,10:18,176,183.1
2997,4.29,10:18,176,183.1
2998,4.29,10:23,175,183.7
2999,4.29,10:38,176,183.1
3000,4.29,10:48,176,183.1
3001,4.3,10:28,176,183.1
3002,4.3,10:28,176,183.7
3003,4.3,10:23,176,183.7
3004,4.3,10:00,176,183.7
3005,4.3,10:00,176,183.7
3006,4.3,10:05,177,183.7
3007,4.31,10:14,177,183.7
3008,4.31,10:54,177,183.7
3009,4.31,10:59,177,183.7
3010,4.31,11:05,176,183.7
3011,4.31,11:58,176,183.7
3012,4.31,11:27,177,183.7
3013,4.31,10:48,178,183.7
3014,4.32,11:05,178,183.7
3015,4.32,11:05,176,183.1
3016,4.32,10:48,177,183.7
3017,4.32,11:05,176,183.7
3018,4.32,11:27,177,183.1
3019,4.32,11:33,178,183.7
3020,4.32,11:39,177,183.7
3021,4.33,11:16,177,183.1
3022,4.33,10:54,175,183.7
3023,4.33,10:38,175,183.7
3024,4.33,10:28,177,183.7
3025,4.33,10:14,176,183.1
3026,4.33,10:33,176,183.1
3027,4.34,10:33,175,183.7
3028,4.34,10:59,176,183.7
3029,4.34,11:21,176,183.7
3030,4.34,11:10,177,183.7
3031,4.34,11:33,176,183.7
3032,4.34,12:18,176,183.7
3033,4.34,11:45,176,183.7
3034,4.35,11:27,176,183.7
3035,4.35,10:59,176,183.7
3036,4.35,10:43,176,183.7
3037,4.35,10:28,176,184.4
3038,4.35,10:33,175,184.4
3039,4.35,10:18,176,184.4
3040,4.36,11:21,177,184.4
3041,4.36,11:21,176,185.0
3042,4.36,11:52,175,185.0
3043,4.36,12:25,174,185.0
3044,4.36,13:16,174,185.7
3045,4.36,13:01,175,185.7
3046,4.36,12:53,175,185.7
3047,4.36,12:46,175,185.7
3048,4.37,11:58,175,185.7
3049,4.37,11:39,174,185.7
3050,4.37,11:21,174,185.7
3051,4.37,11:16,173,185.7
3052,4.37,10:59,174,185.7
3053,4.37,11:21,175,185.7
3054,4.37,11:16,175,185.7
3055,4.38,11:39,175,186.4
3056,4.38,11:45,174,186.4
3057,4.38,11:52,175,186.4
3058,4.38,11:45,175,186.4
3059,4.38,12:04,175,186.4
3060,4.38,11:45,175,187.0
3061,4.38,11:52,175,186.4
3062,4.39,11:52,175,186.4
3063,4.39,12:11,176,186.4
3064,4.39,11:45,177,186.4
3065,4.39,11:16,175,186.4
3066,4.39,10:54,175,187.0
3067,4.39,10:59,176,187.0
3068,4.39,10:48,175,187.0
3069,4.4,11:10,175,187.0
3070,4.4,11:33,175,187.7
3071,4.4,11:33,175,187.7
3072,4.4,11:27,175,187.7
3073,4.4,11:10,177,187.7
3074,4.4,10:38,176,187.7
3075,4.41,10:09,176,187.7
3076,4.41,10:14,176,187.7
3077,4.41,10:18,177,187.7
3078,4.41,10:33,176,187.7
3079,4.41,10:33,177,187.7
3080,4.41,11:21,176,187.7
3081,4.41,11:39,176,187.7
3082,4.42,11:27,176,187.7
3083,4.42,11:16,177,187.0
3084,4.42,11:27,176,187.0
3085,4.42,10:59,176,187.0
3086,4.42,10:59,175,187.0
3087,4.42,10:38,176,187.0
3088,4.43,10:33,176,187.0
3089,4.43,10:14,177,187.0
3090,4.43,10:14,176,187.0
3091,4.43,9:56,176,186.4
3092,4.43,10:00,175,186.4
3093,4.43,9:51,177,186.4
3094,4.44,10:14,177,185.7
3095,4.44,10:23,176,185.7
3096,4.44,10:38,176,185.7
3097,4.44,11:05,175,185.7
3098,4.44,11:10,176,185.0
3099,4.44,10:43,176,185.0
3100,4.44,10:33,176,185.0
3101,4.45,10:38,177,185.0
3102,4.45,10:14,176,185.0
3103,4.45,10:05,175,184.4
3104,4.45,10:33,175,184.4
3105,4.45,10:23,175,183.7
3106,4.45,9:51,176,183.7
3107,4.46,9:34,177,183.7
3108,4.46,9:22,176,183.7
3109,4.46,9:18,176,183.7
3110,4.46,9:22,176,183.7
3111,4.46,10:05,176,183.1
3112,4.46,10:33,176,183.1
3113,4.47,11:16,176,183.1
3114,4.47,11:16,177,183.1
3115,4.47,10:48,176,183.1
3116,4.47,10:14,174,183.1
3117,4.47,10:14,175,183.1
3118,4.47,9:47,175,183.1
3119,4.48,9:34,176,183.1
3120,4.48,9:47,176,183.1
3121,4.48,9:38,174,182.4
3122,4.48,9:30,175,182.4
3123,4.48,9:14,174,182.4
3124,4.48,9:30,174,182.4
3125,4.49,9:56,174,182.4
3126,4.49,9:56,175,182.4
3127,4.49,10:09,175,183.1
3128,4.49,10:18,175,183.1
3129,4.49,9:56,175,183.1
3130,4.49,9:47,174,183.1
3131,4.5,10:14,174,183.1
3132,4.5,10:43,174,183.1
3133,4.5,11:39,174,183.1
3134,4.5,11:45,175,183.1
3135,4.5,11:52,175,183.1
3136,4.5,11:52,174,182.4
3137,4.5,11:33,174,182.4
3138,4.51,11:05,174,182.4
3139,4.51,11:05,174,183.1
3140,4.51,10:54,175,183.1
3141,4.51,10:38,175,183.7
3142,4.51,10:09,176,183.7
3143,4.51,10:14,175,183.7
3144,4.52,10:33,175,183.1
3145,4.52,10:54,175,183.1
3146,4.52,11:16,174,182.4
3147,4.52,11:27,175,182.4
3148,4.52,11:27,175,182.4
3149,4.52,11:27,174,181.8
3150,4.52,11:21,174,181.8
3151,4.53,10:48,174,181.8
3152,4.53,10:14,175,181.8
3153,4.53,10:14,176,181.8
3154,4.53,9:43,175,181.8
3155,4.53,9:18,176,181.8
3156,4.54,9:11,176,181.8
3157,4.54,9:38,176,181.8
3158,4.54,9:34,177,181.8
3159,4.54,9:43,176,181.8
3160,4.54,10:28,176,182.4
3161,4.54,10:54,176,182.4
3162,4.54,10:59,178,182.4
3163,4.55,10:43,178,182.4
3164,4.55,10:33,178,182.4
3165,4.55,10:00,177,182.4
3166,4.55,9:47,178,182.4
3167,4.55,9:43,178,182.4
3168,4.55,10:09,179,182.4
3169,4.56,10:33,178,182.4
3170,4.56,10:43,178,182.4
3171,4.56,10:43,178,182.4
3172,4.56,10:43,176,182.4
3173,4.56,10:23,176,182.4
3174,4.56,10:09,177,182.4
3175,4.57,10:05,177,182.4
3176,4.57,10:33,178,183.1
3177,4.57,10:43,178,183.1
3178,4.57,10:23,177,183.7
3179,4.57,10:28,177,183.7
3180,4.57,10:18,177,183.7
3181,4.58,9:51,177,183.7
3182,4.58,9:47,178,183.7
3183,4.58,9:51,177,183.7
3184,4.58,9:56,176,183.7
3185,4.58,9:47,176,183.7
3186,4.58,9:56,177,183.7
3187,4.59,9:47,178,184.4
3188,4.59,10:00,177,184.4
3189,4.59,9:43,177,184.4
3190,4.59,10:09,177,184.4
3191,4.59,10:14,178,184.4
3192,4.59,10:23,179,184.4
3193,4.6,10:33,178,184.4
3194,4.6,10:43,178,183.7
3195,4.6,10:38,178,183.7
3196,4.6,10:33,178,184.4
3197,4.6,10:14,178,184.4
3198,4.6,10:18,177,184.4
3199,4.6,10:33,177,184.4
3200,4.61,10:18,178,184.4
3201,4.61,10:18,178,183.7
3202,4.61,10:14,177,183.7
3203,4.61,9:43,177,184.4
3204,4.61,9:43,178,184.4
3205,4.62,9:47,179,184.4
3206,4.62,10:14,178,184.4
3207,4.62,11:05,177,183.7
3208,4.62,12:18,176,183.1
3209,4.62,12:25,176,183.1
3210,4.62,12:18,176,183.1
3211,4.62,11:52,177,183.1
3212,4.62,11:10,176,183.1
3213,4.63,10:38,175,183.1
3214,4.63,10:33,175,183.1
3215,4.63,10:33,175,182.4
3216,4.63,10:33,175,182.4
3217,4.63,10:48,176,182.4
3218,4.63,10:43,176,182.4
3219,4.64,10:38,176,182.4
3220,4.64,10:05,176,182.4
3221,4.64,9:38,176,182.4
3222,4.64,9:18,176,182.4
3223,4.64,9:18,177,182.4
3224,4.64,9:56,177,181.8
3225,4.65,10:28,178,181.8
3226,4.65,11:27,177,181.8
3227,4.65,11:58,177,181.8
3228,4.65,11:21,176,181.8
3229,4.65,10:33,177,181.8
3230,4.65,10:14,177,181.8
3231,4.66,9:47,177,181.8
3232,4.66,9:43,176,181.8
3233,4.66,10:18,176,181.8
3234,4.66,10:54,177,181.8
3235,4.66,11:21,179,181.8
3236,4.66,11:10,177,181.8
3237,4.66,11:27,176,181.8
3238,4.67,11:33,177,181.8
3239,4.67,11:27,177,181.8
3240,4.67,12:04,177,181.8
3241,4.67,12:11,176,181.8
3242,4.67,11:45,175,181.8
3243,4.67,11:52,176,181.8
3244,4.67,11:33,176,181.1
3245,4.68,11:27,177,181.1
3246,4.68,11:27,175,181.1
3247,4.68,11:16,174,181.8
3248,4.68,10:38,171,181.8
3249,4.68,9:51,169,181.8
3250,4.68,9:00,163,181.8
3251,4.69,8:32,161,181.8
3252,4.69,8:13,167,181.8
3253,4.69,8:16,167,181.1
3254,4.69,8:29,167,181.1
3255,4.69,8:42,167,181.1
3256,4.7,9:18,167,181.1
3257,4.7,9:56,165,181.1
3258,4.7,10:28,165,181.8
3259,4.7,11:05,157,181.8
3260,4.7,11:27,152,181.8
3261,4.7,10:59,149,181.8
3262,4.71,10:54,149,181.8
3263,4.71,10:38,149,181.8
3264,4.71,10:23,149,181.8
3265,4.71,10:23,154,181.8
3266,4.71,11:16,157,181.8
3267,4.71,11:33,161,181.8
3268,4.71,11:33,164,181.8
3269,4.72,11:39,172,181.8
3270,4.72,11:39,175,181.8
3271,4.72,11:05,176,181.8
3272,4.72,10:33,178,181.8
3273,4.72,10:14,178,181.8
3274,4.72,10:23,179,181.8
3275,4.72,10:33,179,181.8
3276,4.73,10:33,180,181.8
3277,4.73,11:10,181,181.8
3278,4.73,11:21,179,181.8
3279,4.73,11:10,179,181.8
3280,4.73,10:48,181,182.4
3281,4.73,10:43,181,182.4
3282,4.74,10:48,180,182.4
3283,4.74,11:16,180,181.8
3284,4.74,11:16,179,181.8
3285,4.74,11:52,179,181.1
3286,4.74,12:04,178,181.1
3287,4.74,11:39,178,181.1
3288,4.74,11:21,179,181.1
3289,4.75,10:59,178,181.1
3290,4.75,10:43,177,181.1
3291,4.75,10:28,178,181.1
3292,4.75,10:23,178,181.1
3293,4.75,10:33,179,181.1
3294,4.75,11:45,178,181.1
3295,4.75,13:16,177,181.1
3296,4.75,14:16,179,181.1
3297,4.76,14:16,178,181.1
3298,4.76,14:34,178,180.4
3299,4.76,13:24,178,180.4
3300,4.76,11:27,178,179.8
3301,4.76,10:48,178,179.8
3302,4.76,10:23,180,179.8
3303,4.77,9:34,179,180.4
3304,4.77,9:26,178,179.8
3305,4.77,9:38,179,179.8
3306,4.77,9:26,180,179.8
3307,4.77,9:30,180,179.8
3308,4.77,9:38,178,179.8
3309,4.78,9:43,179,179.8
3310,4.78,9:47,181,179.8
3311,4.78,10:00,181,179.8
3312,4.78,10:09,180,179.8
3313,4.78,9:51,179,179.1
3314,4.79,9:34,180,179.1
3315,4.79,9:47,181,179.1
3316,4.79,9:38,180,179.1
3317,4.79,9:30,180,179.1
3318,4.79,9:51,181,179.8
3319,4.79,10:09,181,179.1
3320,4.79,10:05,181,179.1
3321,4.8,10:09,180,179.1
3322,4.8,10:09,180,179.1
3323,4.8,10:18,181,179.1
3324,4.8,10:18,181,179.1
3325,4.8,10:14,180,179.8
3326,4.8,10:14,179,179.8
3327,4.81,10:28,181,179.1
3328,4.81,10:33,180,179.8
3329,4.81,10:23,179,179.8
3330,4.81,10:18,179,179.8
3331,4.81,10:43,180,179.8
3332,4.81,10:38,180,179.1
3333,4.82,10:43,180,179.1
3334,4.82,10:48,179,179.1
3335,4.82,10:38,179,178.5
3336,4.82,10:28,180,178.5
3337,4.82,10:38,180,178.5
3338,4.82,10:43,180,178.5
3339,4.83,10:18,180,178.5
3340,4.83,10:28,179,178.5
3341,4.83,10:05,180,178.5
3342,4.83,10:05,180,178.5
3343,4.83,10:05,179,178.5
3344,4.83,10:09,178,178.5
3345,4.84,10:00,179,178.5
3346,4.84,10:09,180,179.1
3347,4.84,9:43,179,179.1
3348,4.84,9:18,179,179.1
3349,4.84,9:51,178,179.1
3350,4.84,9:34,179,179.1
3351,4.85,9:34,179,179.1
3352,4.85,10:09,178,179.1
3353,4.85,10:18,178,179.1
3354,4.85,9:56,179,179.1
3355,4.85,9:56,179,179.1
3356,4.85,10:18,179,179.1
3357,4.86,10:09,178,179.1
3358,4.86,10:05,178,179.1
3359,4.86,10:33,178,179.1
3360,4.86,10:59,179,179.1
3361,4.86,10:54,178,179.1
3362,4.86,10:54,178,179.1
3363,4.86,11:16,177,179.8
3364,4.87,11:05,178,179.8
3365,4.87,11:10,178,179.1
3366,4.87,11:21,177,179.1
3367,4.87,11:27,177,179.1
3368,4.87,11:21,177,179.1
3369,4.87,11:21,177,179.1
3370,4.87,11:39,178,179.1
3371,4.88,11:27,177,179.1
3372,4.88,11:45,176,179.1
3373,4.88,11:39,176,178.5
3374,4.88,11:27,177,178.5
3375,4.88,11:05,177,178.5
3376,4.88,11:05,176,178.5
3377,4.88,10:38,176,178.5
3378,4.89,10:43,176,177.8
3379,4.89,10:54,176,177.8
3380,4.89,10:38,176,177.8
3381,4.89,10:28,176,177.2
3382,4.89,10:33,175,177.2
3383,4.89,10:54,175,177.2
3384,4.9,10:33,175,177.2
3385,4.9,10:59,174,177.2
3386,4.9,10:54,176,177.2
3387,4.9,10:59,175,177.2
3388,4.9,10:43,176,176.5
3389,4.9,11:05,175,176.5
3390,4.9,11:16,176,176.5
3391,4.91,11:33,176,176.5
3392,4.91,11:39,176,175.9
3393,4.91,11:21,177,175.9
3394,4.91,11:05,177,175.9
3395,4.91,10:09,177,175.9
3396,4.91,9:51,178,175.2
3397,4.92,9:34,178,175.2
3398,4.92,10:00,178,174.5
3399,4.92,9:56,178,174.5
3400,4.92,10:38,178,174.5
3401,4.92,10:28,177,174.5
3402,4.92,10:38,177,174.5
3403,4.93,10:00,178,175.2
3404,4.93,10:00,178,175.2
3405,4.93,9:43,178,175.2
3406,4.93,10:14,178,175.2
3407,4.93,10:14,178,175.2
3408,4.93,10:33,178,175.2
3409,4.94,10:43,178,175.2
3410,4.94,10:33,178,174.5
3411,4.94,10:23,178,174.5
3412,4.94,10:18,179,174.5
3413,4.94,10:43,180,174.5
3414,4.94,10:54,180,174.5
3415,4.94,11:33,180,174.5
3416,4.95,12:25,179,174.5
3417,4.95,11:58,179,175.2
3418,4.95,11:27,179,175.2
3419,4.95,10:54,179,175.2
3420,4.95,10:38,179,174.5
3421,4.95,10:14,179,174.5
3422,4.96,10:18,180,175.2
3423,4.96,10:38,179,175.2
3424,4.96,11:10,178,175.2
3425,4.96,11:27,178,175.9
3426,4.96,11:21,180,175.9
3427,4.96,11:58,178,175.9
3428,4.96,11:33,179,175.9
3429,4.97,10:59,178,175.9
3430,4.97,10:59,178,175.9
3431,4.97,11:05,178,176.5
3432,4.97,10:48,179,176.5
3433,4.97,11:16,178,175.9
3434,4.97,12:04,177,176.5
3435,4.97,11:21,177,176.5
3436,4.98,11:05,176,176.5
3437,4.98,11:05,177,176.5
3438,4.98,10:33,178,176.5
3439,4.98,9:56,176,177.2
3440,4.98,9:51,176,177.2
3441,4.98,9:56,176,177.2
3442,4.99,10:09,177,177.2
3443,4.99,10:05,177,177.2
3444,4.99,10:23,176,177.2
3445,4.99,10:43,176,176.5
3446,4.99,10:33,175,176.5
3447,4.99,10:54,176,176.5
3448,4.99,11:05,176,177.2
3449,5.0,11:05,175,177.8
3450,5.0,11:39,175,177.8
3451,5.0,11:27,175,177.8
3452,5.0,11:05,176,177.8
3453,5.0,10:48,177,177.2
3454,5.0,10:33,175,177.2
3455,5.01,10:00,175,177.2
3456,5.01,9:43,174,177.2
3457,5.01,9:22,174,176.5
3458,5.01,9:00,174,176.5
3459,5.01,8:52,175,176.5
3460,5.02,8:56,176,176.5
3461,5.02,9:07,177,176.5
3462,5.02,8:56,177,176.5
3463,5.02,9:18,176,176.5
3464,5.02,9:34,176,177.2
3465,5.02,9:22,176,177.2
3466,5.03,9:34,176,177.8
3467,5.03,9:51,178,177.8
3468,5.03,10:00,179,177.8
3469,5.03,9:51,179,177.8
3470,5.03,10:09,179,178.5
3471,5.03,10:09,179,178.5
3472,5.04,10:23,180,178.5
3473,5.04,10:28,180,179.1
3474,5.04,10:28,178,179.1
3475,5.04,10:33,178,179.1
3476,5.04,10:43,180,179.1
3477,5.04,10:43,180,179.1
3478,5.04,10:33,179,179.1
3479,5.05,10:33,179,179.1
3480,5.05,10:28,179,179.1
3481,5.05,10:05,180,179.1
3482,5.05,9:56,179,179.1
3483,5.05,10:05,179,179.1
3484,5.06,9:51,180,179.8
3485,5.06,10:00,180,179.8
3486,5.06,10:28,179,179.8
3487,5.06,10:23,178,179.1
3488,5.06,10:14,179,179.1
3489,5.06,11:05,178,179.1
3490,5.06,11:21,178,179.1
3491,5.07,11:27,178,179.1
3492,5.07,12:25,180,179.8
3493,5.07,13:01,179,179.8
3494,5.07,12:11,178,180.4
3495,5.07,11:27,178,180.4
3496,5.07,11:05,180,181.1
3497,5.07,10:09,179,181.1
3498,5.08,9:47,178,181.8
3499,5.08,10:18,180,181.8
3500,5.08,10:43,180,181.8
3501,5.08,10:33,179,181.8
3502,5.08,10:48,178,181.8
3503,5.08,11:21,180,181.8
3504,5.09,10:48,180,182.4
3505,5.09,10:54,179,182.4
3506,5.09,11:39,178,182.4
3507,5.09,11:45,179,182.4
3508,5.09,11:45,179,182.4
3509,5.09,12:11,179,182.4
3510,5.09,12:11,179,182.4
3511,5.09,12:11,180,182.4
3512,5.1,12:25,179,182.4
3513,5.1,11:33,178,182.4
3514,5.1,11:27,179,182.4
3515,5.1,11:33,179,182.4
3516,5.1,10:59,178,183.1
3517,5.1,11:16,179,183.1
3518,5.1,12:04,180,183.1
3519,5.11,12:32,179,183.1
3520,5.11,12:25,178,183.1
3521,5.11,12:25,180,183.1
3522,5.11,11:21,179,183.1
3523,5.11,10:54,179,183.1
3524,5.11,10:18,179,183.1
3525,5.12,10:18,180,183.1
3526,5.12,10:14,180,183.1
3527,5.12,10:28,178,183.1
3528,5.12,10:23,179,183.1
3529,5.12,10:28,179,183.1
3530,5.12,10:09,179,182.4
3531,5.13,10:18,179,182.4
3532,5.13,10:23,177,182.4
3533,5.13,10:23,178,182.4
3534,5.13,10:05,179,182.4
3535,5.13,10:05,179,182.4
3536,5.13,10:05,179,181.8
3537,5.13,10:18,178,181.8
3538,5.14,10:43,178,181.8
3539,5.14,10:48,178,181.1
3540,5.14,11:05,178,181.1
3541,5.14,11:05,178,180.4
3542,5.14,10:48,178,180.4
3543,5.14,10:38,178,180.4
3544,5.15,10:33,179,179.8
3545,5.15,10:23,180,179.8
3546,5.15,10:28,179,179.8
3547,5.15,10:23,178,179.1
3548,5.15,10:33,178,179.1
3549,5.15,10:33,177,178.5
3550,5.16,10:14,178,178.5
3551,5.16,9:56,178,178.5
3552,5.16,9:47,179,177.8
3553,5.16,9:38,178,177.8
3554,5.16,9:43,178,177.8
3555,5.16,9:51,178,177.2
3556,5.17,10:00,178,177.2
3557,5.17,10:23,178,177.2
3558,5.17,10:09,179,177.2
3559,5.17,10:05,178,177.2
3560,5.17,10:05,178,176.5
3561,5.17,10:28,178,176.5
3562,5.18,10:14,178,176.5
3563,5.18,10:18,179,176.5
3564,5.18,10:09,177,176.5
3565,5.18,10:14,178,175.9
3566,5.18,9:56,178,175.9
3567,5.18,9:47,178,175.9
3568,5.19,9:34,178,175.9
3569,5.19,9:43,178,175.9
3570,5.19,9:51,177,175.2
3571,5.19,9:43,178,175.2
3572,5.19,10:14,178,175.2
3573,5.19,10:28,177,175.2
3574,5.19,11:05,177,175.2
3575,5.2,10:54,177,175.2
3576,5.2,11:52,176,175.2
3577,5.2,11:27,177,175.2
3578,5.2,11:21,178,175.2
3579,5.2,11:16,178,175.2
3580,5.2,11:21,176,174.5
3581,5.21,10:38,176,174.5
3582,5.21,10:38,177,174.5
3583,5.21,10:48,177,174.5
3584,5.21,10:59,177,174.5
3585,5.21,10:48,176,174.5
3586,5.21,10:54,176,174.5
3587,5.21,10:59,177,174.5
3588,5.22,10:48,178,174.5
3589,5.22,10:23,177,173.9
3590,5.22,10:33,176,173.9
3591,5.22,10:00,176,173.9
3592,5.22,10:14,176,173.9
3593,5.22,10:28,177,173.9
3594,5.23,10:18,178,173.9
3595,5.23,10:00,177,173.9
3596,5.23,10:28,176,173.9
3597,5.23,9:56,176,173.2
3598,5.23,9:38,177,173.2
3599,5.23,9:30,178,172.6
3600,5.24,9:51,178,172.6
3601,5.24,9:38,177,172.6
3602,5.24,9:47,176,173.2
3603,5.24,9:56,176,173.2
3604,5.24,10:14,178,173.2
3605,5.24,9:51,177,172.6
3606,5.25,9:47,177,173.2
3607,5.25,9:56,177,173.2
3608,5.25,9:56,178,173.2
3609,5.25,9:51,178,173.9
3610,5.25,10:00,178,173.9
3611,5.25,10:14,178,173.9
3612,5.26,10:23,178,173.9
3613,5.26,10:43,177,173.2
3614,5.26,10:43,176,172.6
3615,5.26,10:33,175,172.6
3616,5.26,10:38,176,171.9
3617,5.26,10:33,176,171.9
3618,5.27,10:05,176,171.9
3619,5.27,10:05,176,171.9
3620,5.27,10:28,174,171.9
3621,5.27,10:14,175,171.9
3622,5.27,10:18,176,171.9
3623,5.27,10:38,176,171.9
3624,5.27,11:10,176,171.3
3625,5.28,11:27,175,171.3
3626,5.28,11:21,176,171.3
3627,5.28,10:54,177,171.3
3628,5.28,10:54,176,171.3
3629,5.28,10:38,175,171.3
3630,5.28,10:14,176,171.9
3631,5.29,10:48,177,171.9
3632,5.29,11:16,177,171.3
3633,5.29,11:16,176,171.3
3634,5.29,11:10,177,171.3
3635,5.29,10:54,178,171.3
3636,5.29,10:54,179,171.3
3637,5.29,10:33,177,171.3
3638,5.3,10:18,176,171.3
3639,5.3,10:33,176,171.3
3640,5.3,11:10,178,171.3
3641,5.3,10:48,177,170.6
3642,5.3,11:27,176,170.6
3643,5.3,11:58,176,170.6
3644,5.3,11:58,177,170.6
3645,5.31,11:52,177,170.6
3646,5.31,11:45,177,171.3
3647,5.31,10:59,176,170.6
3648,5.31,10:43,175,170.6
3649,5.31,10:33,176,170.6
3650,5.31,10:38,177,170.6
3651,5.32,10:59,177,170.6
3652,5.32,11:27,174,170.6
3653,5.32,11:52,175,170.6
3654,5.32,11:33,175,170.6
3655,5.32,11:05,175,170.6
3656,5.32,10:59,176,170.6
3657,5.32,10:48,175,170.6
3658,5.33,10:38,174,169.9
3659,5.33,10:48,176,169.9
3660,5.33,10:54,176,170.6
3661,5.33,10:38,177,170.6
3662,5.33,10:38,176,170.6
3663,5.33,10:05,175,170.6
3664,5.34,9:56,175,170.6
3665,5.34,10:00,175,169.9
3666,5.34,9:56,176,169.9
3667,5.34,9:43,177,169.9
3668,5.34,9:56,176,169.9
3669,5.34,10:05,177,169.9
3670,5.35,9:56,176,169.9
3671,5.35,10:14,176,169.9
3672,5.35,10:28,176,169.9
3673,5.35,10:43,177,169.9
3674,5.35,10:28,177,169.9
3675,5.35,10:18,176,169.3
3676,5.36,10:00,176,169.3
3677,5.36,9:43,176,169.3
3678,5.36,9:18,176,169.3
3679,5.36,9:34,177,169.3
3680,5.36,9:51,177,169.3
3681,5.36,10:28,176,169.3
3682,5.36,11:27,176,169.3
3683,5.37,12:04,177,169.3
3684,5.37,12:39,176,169.3
3685,5.37,12:46,176,169.9
3686,5.37,12:32,176,169.9
3687,5.37,12:04,177,169.3
3688,5.37,11:21,177,169.3
3689,5.38,10:28,177,169.3
3690,5.38,10:14,176,169.3
3691,5.38,10:00,176,168.6
3692,5.38,10:09,176,168.6
3693,5.38,10:54,176,168.6
3694,5.38,11:33,178,168.6
3695,5.38,11:58,177,168.6
3696,5.39,11:33,176,168.6
3697,5.39,10:54,175,168.6
3698,5.39,10:43,176,168.6
3699,5.39,9:56,176,168.6
3700,5.39,9:30,176,168.6
3701,5.39,9:30,176,168.6
3702,5.4,9:38,176,168.6
3703,5.4,9:30,175,168.6
3704,5.4,9:38,175,168.6
3705,5.4,9:47,175,168.6
3706,5.4,10:14,176,168.6
3707,5.4,10:05,177,168.6
3708,5.41,10:09,176,168.6
3709,5.41,10:43,176,168.6
3710,5.41,10:54,177,168.6
3711,5.41,11:05,178,168.6
3712,5.41,10:59,178,168.6
3713,5.41,11:05,177,168.6
3714,5.42,11:05,177,168.6
3715,5.42,10:48,179,168.6
3716,5.42,10:18,179,169.3
3717,5.42,10:09,179,169.3
3718,5.42,9:56,179,169.3
3719,5.42,9:38,178,169.3
3720,5.43,9:26,180,169.3
3721,5.43,9:34,179,169.3
3722,5.43,9:56,179,169.3
3723,5.43,9:51,179,169.3
3724,5.43,9:51,179,168.6
3725,5.43,10:18,180,168.6
3726,5.44,10:23,179,168.6
3727,5.44,10:18,179,168.6
3728,5.44,10:54,179,168.6
3729,5.44,11:33,180,168.6
3730,5.44,12:32,181,168.6
3731,5.44,11:58,179,168.6
3732,5.44,12:39,179,168.6
3733,5.44,12:39,179,168.0
3734,5.45,11:27,180,168.0
3735,5.45,10:43,180,168.0
3736,5.45,10:54,178,168.0
3737,5.45,10:23,179,168.0
3738,5.45,9:34,179,168.0
3739,5.46,9:26,180,168.0
3740,5.46,9:14,179,168.0
3741,5.46,9:18,178,168.0
3742,5.46,9:07,179,168.0
3743,5.46,9:14,179,168.0
3744,5.46,9:26,179,168.0
3745,5.47,9:38,179,167.3
3746,5.47,9:47,178,167.3
3747,5.47,10:05,176,166.7
3748,5.47,10:09,178,167.3
3749,5.47,10:09,178,167.3
3750,5.47,10:00,178,167.3
3751,5.48,9:51,178,167.3
3752,5.48,10:00,179,168.0
3753,5.48,10:18,179,168.0
3754,5.48,10:28,178,168.0
3755,5.48,10:54,177,168.0
3756,5.48,10:59,177,167.3
3757,5.49,10:28,177,166.7
3758,5.49,10:23,177,166.0
3759,5.49,10:33,177,165.4
3760,5.49,10:18,176,165.4
3761,5.49,10:09,175,165.4
3762,5.49,10:38,176,165.4
3763,5.49,10:43,177,165.4
3764,5.5,10:43,177,165.4
3765,5.5,10:33,176,165.4
3766,5.5,10:48,176,164.7
3767,5.5,10:28,177,164.7
3768,5.5,10:33,178,164.7
3769,5.5,10:28,179,164.7
3770,5.51,10:14,178,164.7
3771,5.51,10:18,178,164.7
3772,5.51,10:38,178,164.0
3773,5.51,10:38,179,164.0
3774,5.51,10:28,179,164.0
3775,5.51,10:54,178,164.0
3776,5.52,10:43,178,164.0
3777,5.52,10:28,178,164.0
3778,5.52,10:05,179,164.0
3779,5.52,10:33,179,164.0
3780,5.52,10:28,178,164.0
3781,5.52,10:33,177,164.0
3782,5.52,10:38,178,164.0
3783,5.53,11:05,178,163.4
3784,5.53,11:10,178,163.4
3785,5.53,11:05,178,163.4
3786,5.53,10:33,177,163.4
3787,5.53,10:38,177,163.4
3788,5.53,10:09,178,164.0
3789,5.54,9:47,178,164.0
3790,5.54,9:38,177,164.0
3791,5.54,9:38,176,164.0
3792,5.54,9:34,177,164.0
3793,5.54,9:47,177,163.4
3794,5.54,9:34,176,163.4
3795,5.55,9:47,175,163.4
3796,5.55,10:18,175,163.4
3797,5.55,10:23,176,163.4
3798,5.55,11:05,175,163.4
3799,5.55,11:39,175,163.4
3800,5.55,12:04,174,162.7
3801,5.55,12:04,174,162.7
3802,5.56,12:11,174,162.7
3803,5.56,11:39,174,162.1
3804,5.56,11:10,174,162.1
3805,5.56,10:54,175,162.1
3806,5.56,10:33,174,162.1
3807,5.56,10:23,174,162.1
3808,5.57,10:14,175,161.4
3809,5.57,10:09,175,161.4
3810,5.57,10:05,175,161.4
3811,5.57,10:18,175,160.8
3812,5.57,10:23,176,160.8
3813,5.57,10:28,177,160.8
3814,5.58,10:48,177,160.1
3815,5.58,10:48,177,160.1
3816,5.58,10:33,176,160.1
3817,5.58,10:18,177,160.1
3818,5.58,10:14,177,160.1
3819,5.58,10:18,179,159.4
3820,5.58,10:14,178,159.4
3821,5.59,10:18,178,158.8
3822,5.59,10:28,178,158.8
3823,5.59,10:28,178,158.8
3824,5.59,10:18,177,158.8
3825,5.59,10:48,177,159.4
3826,5.59,11:16,178,160.1
3827,5.6,11:21,178,160.1
3828,5.6,11:21,178,160.1
3829,5.6,11:05,177,160.1
3830,5.6,10:23,175,158.8
3831,5.6,10:00,176,158.8
3832,5.6,9:43,177,158.8
3833,5.61,9:51,177,158.1
3834,5.61,10:14,176,158.1
3835,5.61,10:28,177,157.5
3836,5.61,10:38,177,157.5
3837,5.61,10:59,177,157.5
3838,5.61,10:59,177,157.5
3839,5.61,11:21,177,157.5
3840,5.62,11:27,178,157.5
3841,5.62,11:05,177,156.8
3842,5.62,10:18,177,156.8
3843,5.62,10:00,179,156.8
3844,5.62,9:51,179,156.8
3845,5.62,9:38,177,157.5
3846,5.63,9:51,178,157.5
3847,5.63,10:28,179,157.5
3848,5.63,10:48,179,157.5
3849,5.63,10:48,178,157.5
3850,5.63,10:54,177,157.5
3851,5.63,11:16,179,158.1
3852,5.63,11:10,180,158.8
3853,5.64,10:59,180,159.4
3854,5.64,10:33,180,160.1
3855,5.64,10:14,180,159.4
3856,5.64,9:43,180,158.8
3857,5.64,10:00,178,158.1
3858,5.64,9:56,177,158.1
3859,5.65,10:23,177,157.5
3860,5.65,11:10,178,157.5
3861,5.65,11:21,177,157.5
3862,5.65,11:10,177,158.1
3863,5.65,11:27,178,158.1
3864,5.65,10:54,180,158.1
3865,5.66,10:38,180,158.8
3866,5.66,10:48,178,158.8
3867,5.66,10:38,178,158.8
3868,5.66,10:18,181,158.8
3869,5.66,10:18,181,158.8
3870,5.66,10:09,180,158.8
3871,5.67,9:38,180,158.8
3872,5.67,9:00,180,158.8
3873,5.67,8:45,181,158.8
3874,5.67,8:32,180,158.8
3875,5.67,8:07,180,159.4
3876,5.68,8:13,182,159.4
3877,5.68,8:19,181,158.8
3878,5.68,8:35,181,158.8
3879,5.68,8:49,181,158.8
3880,5.68,9:11,182,158.8
3881,5.68,9:22,182,158.8
3882,5.69,9:51,181,158.8
3883,5.69,10:09,182,158.8
3884,5.69,10:23,182,158.8
3885,5.69,10:33,182,158.8
3886,5.69,10:28,181,159.4
3887,5.69,10:18,182,159.4
3888,5.7,9:51,181,159.4
3889,5.7,9:30,181,160.1
3890,5.7,8:52,183,160.1
3891,5.7,8:45,183,160.1
3892,5.7,9:18,182,160.1
3893,5.7,9:51,181,160.1
3894,5.71,10:23,183,160.1
3895,5.71,11:21,181,160.1
3896,5.71,11:39,180,160.1
3897,5.71,11:27,181,160.8
3898,5.71,11:05,182,160.8
3899,5.71,10:33,180,160.8
3900,5.71,11:21,180,160.8
3901,5.72,12:04,180,160.8
3902,5.72,11:16,181,160.1
3903,5.72,11:10,180,160.1
3904,5.72,11:33,179,160.1
3905,5.72,10:48,181,160.1
3906,5.72,10:18,180,160.1
3907,5.73,10:28,179,159.4
3908,5.73,10:23,180,159.4
3909,5.73,10:28,179,159.4
3910,5.73,10:23,180,160.1
3911,5.73,10:09,179,160.1
3912,5.73,10:23,179,160.1
3913,5.74,10:33,179,160.1
3914,5.74,10:38,181,160.1
3915,5.74,10:59,181,160.1
3916,5.74,10:59,180,160.1
3917,5.74,10:09,179,160.1
3918,5.74,10:05,180,160.1
3919,5.75,9:56,180,160.1
3920,5.75,9:43,181,160.1
3921,5.75,9:56,181,159.4
3922,5.75,10:23,180,159.4
3923,5.75,10:48,179,159.4
3924,5.75,10:23,180,159.4
3925,5.76,10:09,180,159.4
3926,5.76,9:47,179,159.4
3927,5.76,9:47,179,159.4
3928,5.76,9:30,179,158.8
3929,5.76,9:47,180,158.8
3930,5.76,9:56,179,158.8
3931,5.77,10:14,179,158.8
3932,5.77,11:05,179,158.8
3933,5.77,10:54,178,158.8
3934,5.77,10:48,179,158.8
3935,5.77,10:48,179,158.8
3936,5.77,11:21,178,158.8
3937,5.77,10:43,178,158.8
3938,5.78,10:48,177,158.8
3939,5.78,10:54,178,158.8
3940,5.78,10:38,178,158.8
3941,5.78,10:05,178,158.8
3942,5.78,10:28,177,159.4
3943,5.78,10:48,178,159.4
3944,5.78,10:48,177,159.4
3945,5.79,10:48,178,160.1
3946,5.79,11:21,178,160.1
3947,5.79,11:33,176,160.1
3948,5.79,11:33,176,159.4
3949,5.79,11:58,176,159.4
3950,5.79,11:33,176,158.8
3951,5.8,10:59,177,158.8
3952,5.8,10:14,176,158.8
3953,5.8,10:00,176,158.8
3954,5.8,9:47,175,158.8
3955,5.8,9:56,176,158.8
3956,5.8,9:51,176,158.8
3957,5.81,10:09,177,159.4
3958,5.81,9:56,178,159.4
3959,5.81,9:56,177,159.4
3960,5.81,10:14,177,159.4
3961,5.81,10:54,177,159.4
3962,5.81,11:16,177,158.8
3963,5.81,11:45,179,158.8
3964,5.82,11:45,179,158.8
3965,5.82,11:52,177,158.8
3966,5.82,11:21,177,158.8
3967,5.82,10:48,176,158.8
3968,5.82,10:54,177,158.8
3969,5.82,10:48,177,158.1
3970,5.83,10:28,177,158.1
3971,5.83,10:23,177,158.1
3972,5.83,10:48,176,158.1
3973,5.83,10:33,177,158.1
3974,5.83,10:23,177,158.1
3975,5.83,10:28,176,158.1
3976,5.83,10:33,178,158.1
3977,5.84,10:09,177,158.1
3978,5.84,10:09,176,158.1
3979,5.84,10:18,174,158.1
3980,5.84,10:38,170,158.1
3981,5.84,10:38,167,158.1
3982,5.84,10:43,169,158.1
3983,5.85,10:54,169,157.5
3984,5.85,10:59,168,157.5
3985,5.85,10:54,168,157.5
3986,5.85,10:59,168,157.5
3987,5.85,10:48,167,157.5
3988,5.85,10:43,167,157.5
3989,5.86,10:33,167,157.5
3990,5.86,10:09,167,157.5
3991,5.86,10:09,167,157.5
3992,5.86,10:28,167,157.5
3993,5.86,10:43,167,157.5
3994,5.86,11:16,167,157.5
3995,5.86,12:04,167,157.5
3996,5.87,11:45,167,157.5
3997,5.87,11:33,167,156.8
3998,5.87,11:27,167,156.8
3999,5.87,11:10,167,156.8
4000,5.87,11:05,167,156.8
4001,5.87,11:33,167,156.8
4002,5.87,11:21,166,156.2
4003,5.88,11:05,167,156.2
4004,5.88,10:59,167,156.2
4005,5.88,10:43,168,156.2
4006,5.88,10:18,168,156.2
4007,5.88,10:14,169,156.2
4008,5.88,10:18,171,156.2
4009,5.89,10:05,172,156.2
4010,5.89,10:00,173,156.2
4011,5.89,10:00,173,155.5
4012,5.89,10:09,174,155.5
4013,5.89,9:47,176,155.5
4014,5.89,9:51,177,155.5
4015,5.9,9:56,176,155.5
4016,5.9,9:56,177,155.5
4017,5.9,9:47,176,155.5
4018,5.9,9:47,175,155.5
4019,5.9,9:43,175,154.9
4020,5.9,10:05,175,154.9
4021,5.91,10:05,176,154.9
4022,5.91,10:23,176,154.2
4023,5.91,10:48,176,154.2
4024,5.91,11:10,176,154.2
4025,5.91,10:43,175,154.2
4026,5.91,10:23,177,154.2
4027,5.92,10:09,177,154.2
4028,5.92,9:56,176,154.2
4029,5.92,9:51,176,153.5
4030,5.92,9:43,176,153.5
4031,5.92,10:14,176,152.9
4032,5.92,10:33,177,152.9
4033,5.93,10:28,176,152.9
4034,5.93,11:05,175,152.9
4035,5.93,11:33,175,152.9
4036,5.93,11:58,175,152.9
4037,5.93,12:11,177,152.9
4038,5.93,12:18,176,152.9
4039,5.93,11:27,177,152.2
4040,5.94,10:59,175,152.2
4041,5.94,10:54,176,152.2
4042,5.94,10:23,176,152.2
4043,5.94,9:51,177,152.2
4044,5.94,9:47,177,152.2
4045,5.94,9:47,176,152.2
4046,5.95,9:34,176,152.2
4047,5.95,9:47,176,151.6
4048,5.95,10:48,177,151.6
4049,5.95,10:59,176,151.6
4050,5.95,11:33,175,151.6
4051,5.95,11:58,175,151.6
4052,5.95,11:45,176,151.6
4053,5.96,11:58,177,151.6
4054,5.96,11:16,176,151.6
4055,5.96,10:54,175,151.6
4056,5.96,10:33,175,150.9
4057,5.96,10:14,175,150.9
4058,5.96,9:43,175,150.9
4059,5.96,10:43,176,150.9
4060,5.97,10:43,177,150.9
4061,5.97,10:59,176,150.9
4062,5.97,11:21,175,150.3
4063,5.97,11:33,175,150.3
4064,5.97,11:05,175,150.3
4065,5.97,11:45,176,150.3
4066,5.98,11:16,176,150.3
4067,5.98,11:05,177,150.3
4068,5.98,11:16,177,150.3
4069,5.98,10:43,176,149.6
4070,5.98,10:09,175,149.6
4071,5.98,10:38,176,149.6
4072,5.98,10:33,176,149.6
4073,5.99,10:18,176,149.0
4074,5.99,10:43,175,149.0
4075,5.99,10:43,175,149.0
4076,5.99,10:33,175,149.0
4077,5.99,10:23,176,149.0
4078,5.99,10:18,177,149.0
4079,6.0,10:09,177,149.0
4080,6.0,10:05,175,149.6
4081,6.0,9:47,175,149.6
4082,6.0,10:14,177,149.6
4083,6.0,10:18,178,149.6
4084,6.0,10:33,177,149.6
4085,6.01,10:33,176,149.0
4086,6.01,10:59,175,149.0
4087,6.01,10:54,176,148.3
4088,6.01,10:54,176,147.6
4089,6.01,10:43,176,147.6
4090,6.01,10:43,177,147.6
4091,6.02,10:14,175,147.6
4092,6.02,10:48,176,147.6
4093,6.02,10:38,176,147.6
4094,6.02,10:38,177,147.6
4095,6.02,10:48,177,147.6
4096,6.02,10:33,176,147.6
4097,6.02,10:09,176,147.6
4098,6.03,10:23,176,147.6
4099,6.03,10:00,177,147.0
4100,6.03,10:09,178,147.0
4101,6.03,10:14,177,147.0
4102,6.03,10:05,177,147.0
4103,6.03,10:09,177,147.0
4104,6.04,10:14,176,147.0
4105,6.04,9:56,178,146.3
4106,6.04,9:51,178,146.3
4107,6.04,9:47,177,146.3
4108,6.04,9:22,177,146.3
4109,6.04,9:34,177,146.3
4110,6.05,9:51,177,146.3
4111,6.05,9:26,178,146.3
4112,6.05,9:07,178,146.3
4113,6.05,9:30,177,146.3
4114,6.05,10:05,177,146.3
4115,6.05,9:34,177,146.3
4116,6.06,10:05,176,145.7
4117,6.06,10:23,177,145.7
4118,6.06,10:28,176,145.0
4119,6.06,10:23,176,145.0
4120,6.06,10:33,174,145.0
4121,6.06,10:43,175,144.4
4122,6.07,10:54,175,144.4
4123,6.07,10:05,175,144.4
4124,6.07,9:47,176,143.7
4125,6.07,10:18,175,143.7
4126,6.07,10:18,176,143.7
4127,6.07,10:09,174,143.7
4128,6.08,10:33,175,143.7
4129,6.08,10:38,176,143.7
4130,6.08,9:56,176,143.0
4131,6.08,9:34,176,143.0
4132,6.08,9:51,175,142.4
4133,6.08,10:18,176,142.4
4134,6.09,10:23,176,142.4
4135,6.09,11:33,177,142.4
4136,6.09,12:32,176,142.4
4137,6.09,12:39,176,142.4
4138,6.09,12:32,174,142.4
4139,6.09,12:18,176,142.4
4140,6.09,11:33,176,141.7
4141,6.1,10:48,175,141.7
4142,6.1,10:48,174,141.7
4143,6.1,10:48,174,141.1
4144,6.1,10:43,175,141.1
4145,6.1,11:05,175,141.1
4146,6.1,11:52,175,141.1
4147,6.1,11:33,175,140.4
4148,6.11,10:43,174,140.4
4149,6.11,10:38,174,140.4
4150,6.11,10:43,175,140.4
4151,6.11,10:38,176,140.4
4152,6.11,10:48,176,140.4
4153,6.11,11:27,174,140.4
4154,6.12,11:16,174,140.4
4155,6.12,9:51,175,140.4
4156,6.12,9:56,176,140.4
4157,6.12,10:05,176,140.4
4158,6.12,10:14,176,140.4
4159,6.12,10:28,176,140.4
4160,6.12,11:39,175,139.8
4161,6.13,11:05,175,139.8
4162,6.13,10:48,176,139.1
4163,6.13,11:10,177,139.1
4164,6.13,11:33,177,139.1
4165,6.13,11:27,175,139.1
4166,6.13,12:04,175,138.5
4167,6.13,12:25,175,138.5
4168,6.14,11:33,175,138.5
4169,6.14,11:21,175,138.5
4170,6.14,11:16,174,138.5
4171,6.14,11:10,173,138.5
4172,6.14,10:54,173,138.5
4173,6.14,10:33,176,138.5
4174,6.15,10:14,175,138.5
4175,6.15,10:05,174,137.8
4176,6.15,9:56,174,137.8
4177,6.15,9:34,174,137.8
4178,6.15,10:00,174,137.8
4179,6.15,10:28,174,137.1
4180,6.16,10:18,176,137.1
4181,6.16,10:33,176,137.1
4182,6.16,11:05,176,137.1
4183,6.16,10:33,176,137.1
4184,6.16,10:00,175,136.5
4185,6.16,10:05,175,136.5
4186,6.17,9:56,175,136.5
4187,6.17,9:43,176,136.5
4188,6.17,10:05,175,136.5
4189,6.17,10:00,175,136.5
4190,6.17,10:38,176,136.5
4191,6.17,10:14,176,135.8
4192,6.18,10:18,175,135.8
4193,6.18,10:09,175,135.8
4194,6.18,10:09,176,135.8
4195,6.18,9:43,176,135.8
4196,6.18,10:00,176,136.5
4197,6.18,10:18,174,136.5
4198,6.18,10:28,174,136.5
4199,6.19,11:05,174,136.5
4200,6.19,10:48,173,136.5
4201,6.19,10:59,175,135.8
4202,6.19,10:59,175,135.8
4203,6.19,11:16,175,135.8
4204,6.19,10:28,174,135.8
4205,6.2,10:54,174,135.8
4206,6.2,10:23,174,136.5
4207,6.2,9:51,174,135.8
4208,6.2,9:43,176,135.8
4209,6.2,9:51,176,135.8
4210,6.2,9:38,176,135.8
4211,6.21,9:51,176,135.2
4212,6.21,10:14,176,135.2
4213,6.21,10:09,177,135.2
4214,6.21,10:28,178,135.8
4215,6.21,10:54,177,135.8
4216,6.21,10:28,177,135.8
4217,6.22,10:14,177,135.8
4218,6.22,10:05,178,135.8
4219,6.22,9:43,178,135.2
4220,6.22,9:34,177,135.2
4221,6.22,10:09,176,135.8
4222,6.22,10:38,177,135.8
4223,6.22,10:59,177,136.5
4224,6.23,11:33,176,136.5
4225,6.23,11:10,175,135.8
4226,6.23,11:10,175,135.8
4227,6.23,10:28,175,135.8
4228,6.23,10:05,177,135.2
4229,6.23,10:00,178,135.8
4230,6.24,10:09,178,135.8
4231,6.24,10:05,176,135.2
4232,6.24,10:14,177,135.2
4233,6.24,10:18,177,135.8
4234,6.24,9:56,178,135.8
4235,6.24,10:05,179,135.8
4236,6.25,10:09,178,135.8
4237,6.25,10:05,178,135.8
4238,6.25,10:38,177,135.2
4239,6.25,10:59,178,135.2
4240,6.25,10:59,178,135.2
4241,6.25,10:59,178,135.2
4242,6.25,11:39,178,135.2
4243,6.26,11:21,177,134.5
4244,6.26,12:04,177,134.5
4245,6.26,12:04,176,133.9
4246,6.26,11:52,177,133.2
4247,6.26,11:27,176,133.2
4248,6.26,11:16,175,132.5
4249,6.27,10:33,175,132.5
4250,6.27,10:33,175,132.5
4251,6.27,10:28,175,132.5
4252,6.27,10:18,177,132.5
4253,6.27,10:14,177,132.5
4254,6.27,10:23,177,132.5
4255,6.27,10:38,177,131.9
4256,6.28,10:18,177,131.9
4257,6.28,10:09,178,131.9
4258,6.28,9:51,178,131.9
4259,6.28,9:38,178,131.9
4260,6.28,9:03,179,131.9
4261,6.29,9:22,179,131.9
4262,6.29,9:34,177,131.9
4263,6.29,9:51,177,131.9
4264,6.29,10:28,178,131.9
4265,6.29,10:14,178,131.9
4266,6.29,9:56,178,131.9
4267,6.3,10:14,177,131.9
4268,6.3,10:23,177,131.9
4269,6.3,10:09,178,131.9
4270,6.3,11:05,179,131.9
4271,6.3,11:21,178,131.9
4272,6.3,11:10,177,131.9
4273,6.3,10:38,178,131.9
4274,6.31,10:23,179,131.9
4275,6.31,9:56,180,131.9
4276,6.31,10:14,178,131.9
4277,6.31,9:56,178,131.9
4278,6.31,10:00,179,131.2
4279,6.31,10:05,180,131.2
4280,6.32,9:47,179,131.2
4281,6.32,9:30,179,130.6
4282,6.32,9:56,179,130.6
4283,6.32,9:56,179,130.6
4284,6.32,10:18,179,130.6
4285,6.32,10:59,178,130.6
4286,6.33,10:59,178,130.6
4287,6.33,10:33,179,130.6
4288,6.33,11:10,179,130.6
4289,6.33,10:38,179,129.9
4290,6.33,10:28,180,129.9
4291,6.33,10:38,178,129.9
4292,6.33,10:54,179,129.9
4293,6.34,10:28,180,129.9
4294,6.34,10:18,179,129.9
4295,6.34,10:28,179,129.9
4296,6.34,10:23,180,129.9
4297,6.34,10:28,181,129.9
4298,6.34,10:33,179,129.9
4299,6.35,10:33,178,129.9
4300,6.35,10:18,180,129.9
4301,6.35,10:05,180,129.3
4302,6.35,10:14,179,129.9
4303,6.35,10:54,179,129.3
4304,6.35,11:16,178,129.3
4305,6.36,11:39,178,129.9
4306,6.36,11:39,178,129.3
4307,6.36,10:33,178,129.3
4308,6.36,10:09,179,129.3
4309,6.36,9:56,179,129.3
4310,6.36,9:43,178,129.3
4311,6.37,10:09,178,129.9
4312,6.37,10:28,180,129.9
4313,6.37,10:28,179,129.9
4314,6.37,10:48,178,129.9
4315,6.37,10:33,178,129.9
4316,6.37,10:43,177,129.3
4317,6.37,11:10,179,129.3
4318,6.38,11:16,178,129.3
4319,6.38,11:21,177,129.3
4320,6.38,11:52,178,129.3
4321,6.38,11:16,178,129.3
4322,6.38,10:59,178,129.3
4323,6.38,10:28,177,129.3
4324,6.39,10:14,177,129.3
4325,6.39,10:18,178,129.3
4326,6.39,10:14,178,129.3
4327,6.39,10:14,177,129.3
4328,6.39,10:18,177,129.3
4329,6.39,10:09,178,129.3
4330,6.39,10:23,179,129.3
4331,6.4,10:23,178,129.3
4332,6.4,10:14,177,129.3
4333,6.4,10:14,177,129.3
4334,6.4,10:09,180,129.3
4335,6.4,9:56,180,128.6
4336,6.4,10:09,178,128.6
4337,6.41,10:54,177,128.6
4338,6.41,10:28,178,128.6
4339,6.41,10:54,178,128.6
4340,6.41,10:28,178,128.6
4341,6.41,10:48,177,128.6
4342,6.41,10:38,177,128.6
4343,6.42,11:21,178,128.6
4344,6.42,11:16,179,128.0
4345,6.42,11:33,179,128.0
4346,6.42,11:16,177,128.0
4347,6.42,10:54,177,128.0
4348,6.42,10:48,176,128.0
4349,6.42,10:23,178,128.0
4350,6.43,10:28,178,127.3
4351,6.43,10:23,177,127.3
4352,6.43,10:23,178,127.3
4353,6.43,10:33,178,127.3
4354,6.43,10:38,178,127.3
4355,6.43,10:38,178,127.3
4356,6.44,10:28,178,127.3
4357,6.44,10:14,176,127.3
4358,6.44,9:51,177,127.3
4359,6.44,10:18,178,127.3
4360,6.44,10:23,178,127.3
4361,6.44,10:28,178,127.3
4362,6.45,10:33,177,127.3
4363,6.45,10:43,177,128.0
4364,6.45,10:38,178,128.0
4365,6.45,10:28,179,128.6
4366,6.45,10:23,179,128.6
4367,6.45,10:33,177,128.6
4368,6.45,10:33,177,128.6
4369,6.46,10:09,178,128.0
4370,6.46,9:56,178,127.3
4371,6.46,9:38,178,126.6
4372,6.46,9:22,177,126.6
4373,6.46,9:18,176,126.6
4374,6.47,9:26,176,126.6
4375,6.47,9:34,177,126.6
4376,6.47,10:05,177,126.6
4377,6.47,10:33,177,126.6
4378,6.47,10:18,177,126.6
4379,6.47,10:28,177,126.6
4380,6.47,10:28,178,126.6
4381,6.48,10:05,179,126.6
4382,6.48,9:56,179,126.0
4383,6.48,9:22,179,126.0
4384,6.48,9:00,180,126.0
4385,6.48,9:00,179,126.0
4386,6.49,9:00,181,126.0
4387,6.49,8:52,183,125.3
4388,6.49,9:43,181,126.0
4389,6.49,10:14,180,126.0
4390,6.49,9:56,181,126.0
4391,6.49,10:00,183,125.3
4392,6.5,10:14,183,125.3
4393,6.5,10:09,181,126.0
4394,6.5,10:28,181,125.3
4395,6.5,10:48,182,126.0
4396,6.5,10:59,182,126.0
4397,6.5,10:59,181,126.0
4398,6.51,11:10,180,125.3
4399,6.51,10:28,181,125.3
4400,6.51,10:18,181,126.0
4401,6.51,9:43,180,126.0
4402,6.51,9:43,179,126.0
4403,6.51,9:18,181,126.0
4404,6.52,9:18,182,126.0
4405,6.52,9:22,181,126.0
4406,6.52,9:43,181,126.0
4407,6.52,9:56,180,126.0
4408,6.52,10:00,180,126.6
4409,6.52,9:56,180,126.6
4410,6.53,10:00,180,126.6
4411,6.53,10:09,181,126.6
4412,6.53,9:47,180,126.6
4413,6.53,9:34,180,126.6
4414,6.53,9:51,180,126.6
4415,6.53,10:14,180,126.6
4416,6.54,10:28,180,126.6
4417,6.54,10:38,180,126.6
4418,6.54,11:10,180,126.6
4419,6.54,10:54,181,126.6
4420,6.54,10:33,180,126.6
4421,6.54,10:14,181,126.6
4422,6.54,10:14,181,126.6
4423,6.55,10:05,182,126.6
4424,6.55,9:56,181,126.6
4425,6.55,9:26,183,126.6
4426,6.55,9:18,182,126.6
4427,6.55,8:35,181,126.6
4428,6.56,8:32,182,126.6
4429,6.56,8:49,182,126.6
4430,6.56,9:22,182,126.0
4431,6.56,9:47,181,126.0
4432,6.56,10:28,180,126.0
4433,6.56,10:38,181,126.0
4434,6.57,10:09,181,126.0
4435,6.57,9:51,182,126.0
4436,6.57,9:38,180,125.3
4437,6.57,10:14,181,125.3
4438,6.57,10:33,182,126.0
4439,6.57,10:43,182,126.0
4440,6.58,10:54,181,126.0
4441,6.58,10:38,180,126.0
4442,6.58,9:51,181,126.0
4443,6.58,9:34,182,126.0
4444,6.58,10:05,180,125.3
4445,6.58,10:18,181,125.3
4446,6.58,10:54,181,126.0
4447,6.59,11:39,180,125.3
4448,6.59,12:04,180,126.0
4449,6.59,11:52,180,125.3
4450,6.59,11:27,181,125.3
4451,6.59,11:39,182,125.3
4452,6.59,11:16,182,125.3
4453,6.6,10:38,181,125.3
4454,6.6,10:33,182,125.3
4455,6.6,10:38,180,125.3
4456,6.6,10:23,179,124.7
4457,6.6,10:43,181,124.7
4458,6.6,11:16,181,124.7
4459,6.6,11:39,181,124.7
4460,6.61,11:16,179,124.7
4461,6.61,10:59,180,124.7
4462,6.61,10:28,181,124.7
4463,6.61,10:00,180,124.7
4464,6.61,9:47,181,124.7
4465,6.61,10:14,182,124.7
4466,6.62,10:09,182,124.7
4467,6.62,9:56,181,124.7
4468,6.62,9:56,180,124.7
4469,6.62,9:22,182,124.7
4470,6.62,9:11,180,124.7
4471,6.62,9:14,181,124.7
4472,6.63,9:43,181,125.3
4473,6.63,10:00,181,125.3
4474,6.63,10:33,181,125.3
4475,6.63,10:54,181,124.7
4476,6.63,11:10,181,124.7
4477,6.63,10:54,179,124.0
4478,6.64,10:33,179,124.0
4479,6.64,10:33,179,124.0
4480,6.64,10:33,178,124.0
4481,6.64,10:33,177,124.0
4482,6.64,10:28,178,124.0
4483,6.64,10:54,179,124.0
4484,6.65,10:48,180,124.7
4485,6.65,10:33,179,124.7
4486,6.65,10:23,178,125.3
4487,6.65,10:18,180,126.0
4488,6.65,10:00,179,126.0
4489,6.65,10:14,179,126.6
4490,6.65,10:18,180,127.3
4491,6.66,10:18,180,127.3
4492,6.66,10:48,180,128.0
4493,6.66,11:21,179,127.3
4494,6.66,11:16,182,127.3
4495,6.66,11:05,181,126.6
4496,6.66,11:21,179,126.6
4497,6.67,10:59,180,126.0
4498,6.67,10:28,180,125.3
4499,6.67,10:00,180,124.7
4500,6.67,9:56,181,124.7
4501,6.67,9:43,181,124.0
4502,6.67,10:14,179,123.4
4503,6.68,10:18,180,123.4
4504,6.68,10:38,181,122.7
4505,6.68,10:59,181,122.7
4506,6.68,11:21,180,122.0
4507,6.68,10:48,181,122.0
4508,6.68,10:59,181,121.4
4509,6.68,10:59,181,121.4
4510,6.69,10:38,180,121.4
4511,6.69,10:18,181,121.4
4512,6.69,10:23,180,121.4
4513,6.69,10:23,180,121.4
4514,6.69,10:18,181,121.4
4515,6.69,10:54,181,121.4
4516,6.7,10:59,180,120.7
4517,6.7,11:05,182,120.7
4518,6.7,11:05,181,120.7
4519,6.7,10:43,180,121.4
4520,6.7,10:14,179,121.4
4521,6.7,10:38,180,121.4
4522,6.7,10:14,180,121.4
4523,6.71,10:00,180,120.7
4524,6.71,9:56,181,120.7
4525,6.71,9:30,181,120.7
4526,6.71,8:56,181,120.1
4527,6.71,8:52,181,120.1
4528,6.72,9:22,180,120.1
4529,6.72,9:30,180,120.1
4530,6.72,9:51,181,120.1
4531,6.72,10:00,180,120.7
4532,6.72,9:56,179,120.1
4533,6.72,9:26,179,120.1
4534,6.73,9:11,180,120.1
4535,6.73,8:56,179,119.4
4536,6.73,8:45,179,119.4
4537,6.73,8:49,179,119.4
4538,6.73,8:42,179,118.8
4539,6.74,8:52,181,118.8
4540,6.74,8:49,180,118.8
4541,6.74,9:00,180,118.8
4542,6.74,9:00,179,118.1
4543,6.74,9:00,180,118.1
4544,6.75,9:00,182,118.1
4545,6.75,9:03,180,118.1
4546,6.75,9:07,180,118.1
4547,6.75,9:38,180,118.1
4548,6.75,9:47,180,118.1
4549,6.75,10:14,180,117.5
4550,6.76,10:18,182,118.1
4551,6.76,10:14,181,118.1
4552,6.76,9:56,181,117.5
4553,6.76,10:14,180,118.1
4554,6.76,9:51,181,118.1
4555,6.76,10:28,183,118.8
4556,6.76,10:33,182,118.8
4557,6.77,10:43,180,118.1
4558,6.77,10:33,182,118.1
4559,6.77,10:38,181,117.5
4560,6.77,10:00,180,116.8
4561,6.77,9:43,181,116.8
4562,6.77,9:47,181,116.8
4563,6.78,10:00,181,116.8
4564,6.78,9:47,180,116.8
4565,6.78,10:14,180,116.1
4566,6.78,10:18,182,116.1
4567,6.78,9:56,182,116.1
4568,6.78,9:30,181,116.1
4569,6.79,9:34,182,116.1
4570,6.79,9:11,182,116.1
4571,6.79,9:18,182,116.1
4572,6.79,9:18,182,116.1
4573,6.79,9:47,183,115.5
4574,6.79,10:14,183,115.5
4575,6.8,10:14,181,115.5
4576,6.8,10:14,182,114.8
4577,6.8,10:33,182,114.8
4578,6.8,10:14,182,115.5
4579,6.8,10:00,180,115.5
4580,6.8,10:14,182,115.5
4581,6.81,10:14,182,115.5
4582,6.81,10:09,181,114.8
4583,6.81,10:09,181,114.8
4584,6.81,10:18,182,114.8
4585,6.81,10:28,182,114.8
4586,6.81,10:28,182,114.8
4587,6.82,10:28,182,114.8
4588,6.82,10:09,182,114.8
4589,6.82,9:43,181,114.2
4590,6.82,9:22,181,114.2
4591,6.82,9:11,181,114.2
4592,6.83,9:03,180,114.2
4593,6.83,9:11,177,114.2
4594,6.83,9:14,177,114.2
4595,6.83,9:34,179,114.2
4596,6.83,9:26,180,114.2
4597,6.83,9:34,182,114.2
4598,6.84,9:38,182,114.2
4599,6.84,9:38,182,114.2
4600,6.84,9:26,182,113.5
4601,6.84,9:47,182,113.5
4602,6.84,9:38,181,113.5
4603,6.84,9:51,178,112.9
4604,6.85,10:05,178,112.9
4605,6.85,10:14,169,112.9
4606,6.85,10:18,168,112.9
4607,6.85,10:09,168,112.9
4608,6.85,9:51,169,112.9
4609,6.85,9:51,169,112.9
4610,6.86,9:47,169,112.9
4611,6.86,9:47,169,112.9
4612,6.86,9:51,169,112.9
4613,6.86,9:47,169,112.2
4614,6.86,10:00,168,112.2
4615,6.86,10:28,169,112.2
4616,6.87,10:33,168,112.2
4617,6.87,10:54,168,112.2
4618,6.87,10:54,168,112.2
4619,6.87,10:14,168,112.2
4620,6.87,9:56,168,112.2
4621,6.87,9:34,168,112.2
4622,6.88,9:26,169,112.2
4623,6.88,9:11,169,111.5
4624,6.88,9:14,170,111.5
4625,6.88,8:52,170,111.5
4626,6.88,9:00,171,111.5
4627,6.89,8:56,172,111.5
4628,6.89,9:22,173,111.5
4629,6.89,9:30,175,111.5
4630,6.89,9:47,176,111.5
4631,6.89,9:43,178,111.5
4632,6.89,9:34,179,110.9
4633,6.9,9:03,180,110.9
4634,6.9,8:45,181,110.9
4635,6.9,8:49,184,110.9
4636,6.9,8:49,182,110.9
4637,6.9,8:49,184,110.9
4638,6.9,9:11,182,110.9
4639,6.91,9:43,183,110.9
4640,6.91,9:43,183,110.9
4641,6.91,9:56,182,110.9
4642,6.91,9:38,183,110.2
4643,6.91,9:43,183,110.2
4644,6.91,9:51,181,110.2
4645,6.92,9:34,182,110.2
4646,6.92,9:34,176,109.6
4647,6.92,10:18,177,109.6
4648,6.92,10:38,177,109.6
4649,6.92,10:33,179,109.6
4650,6.92,11:16,181,109.6
4651,6.93,11:33,183,109.6
4652,6.93,11:33,181,109.6
4653,6.93,12:04,180,109.6
4654,6.93,11:52,182,109.6
4655,6.93,11:39,181,109.6
4656,6.93,11:58,180,109.6
4657,6.93,11:45,181,110.2
4658,6.94,11:10,182,110.2
4659,6.94,11:27,181,110.2
4660,6.94,11:10,180,109.6
4661,6.94,10:38,182,109.6
4662,6.94,10:43,180,109.6
4663,6.94,10:14,180,109.6
4664,6.95,10:05,181,109.6
4665,6.95,9:47,180,109.6
4666,6.95,9:38,179,109.6
4667,6.95,9:30,179,109.6
4668,6.95,9:56,180,108.9
4669,6.95,10:09,180,108.9
4670,6.95,10:59,181,108.9
4671,6.96,11:16,181,108.9
4672,6.96,11:39,181,108.9
4673,6.96,11:21,180,108.9
4674,6.96,10:48,181,109.6
4675,6.96,10:23,181,109.6
4676,6.96,10:28,181,108.9
4677,6.97,9:51,181,108.9
4678,6.97,10:00,182,108.9
4679,6.97,10:14,183,108.3
4680,6.97,10:38,181,108.3
4681,6.97,10:59,181,108.3
4682,6.97,11:05,183,108.9
4683,6.98,11:05,181,108.9
4684,6.98,11:27,181,108.9
4685,6.98,10:48,183,108.3
4686,6.98,10:28,181,108.3
4687,6.98,11:10,181,108.3
4688,6.98,11:10,182,108.3
4689,6.98,10:59,183,108.3
4690,6.99,11:10,182,108.3
4691,6.99,10:38,181,108.3
4692,6.99,10:33,182,108.3
4693,6.99,10:33,182,108.3
4694,6.99,10:48,181,108.3
4695,6.99,11:27,182,108.9
4696,6.99,12:25,182,108.9
4697,7.0,12:18,181,109.6
4698,7.0,12:25,181,108.9
4699,7.0,12:04,182,108.9
4700,7.0,10:59,181,108.3
4701,7.0,9:51,181,108.3
4702,7.0,9:26,180,107.6
4703,7.01,9:07,180,107.6
4704,7.01,8:49,180,107.6
4705,7.01,8:49,179,107.6
4706,7.01,9:03,179,107.6
4707,7.01,9:14,180,107.6
4708,7.02,9:51,180,108.3
4709,7.02,9:51,180,108.3
4710,7.02,10:14,181,108.3
4711,7.02,10:28,180,108.9
4712,7.02,10:28,180,108.3
4713,7.02,10:09,181,108.3
4714,7.03,10:09,182,108.3
4715,7.03,9:51,182,108.3
4716,7.03,9:43,182,108.3
4717,7.03,9:07,182,108.3
4718,7.03,9:07,183,108.3
4719,7.03,9:07,183,108.3
4720,7.04,9:14,182,108.3
4721,7.04,9:26,184,108.3
4722,7.04,9:51,183,108.3
4723,7.04,9:26,184,108.3
4724,7.04,9:30,185,108.3
4725,7.04,9:30,185,108.3
4726,7.05,9:22,185,108.3
4727,7.05,9:51,185,108.3
4728,7.05,9:56,185,108.3
4729,7.05,9:47,185,108.3
4730,7.05,9:22,184,108.9
4731,7.06,9:03,183,108.9
4732,7.06,8:26,184,108.9
4733,7.06,8:22,184,108.9
4734,7.06,8:26,184,108.9
4735,7.06,8:32,185,108.9
4736,7.07,8:29,185,109.6
4737,7.07,8:52,185,109.6
4738,7.07,9:07,185,109.6
4739,7.07,9:26,185,109.6
4740,7.07,9:43,185,109.6
4741,7.07,10:14,185,109.6
4742,7.08,10:05,186,109.6
4743,7.08,10:05,186,109.6
4744,7.08,9:26,186,109.6
4745,7.08,8:45,184,109.6
4746,7.08,8:22,185,110.2
4747,7.09,8:19,184,110.2
4748,7.09,8:13,184,110.2
4749,7.09,8:32,185,110.9
4750,7.09,9:11,184,110.9
4751,7.09,9:51,184,111.5
4752,7.09,9:51,184,111.5
4753,7.1,9:47,183,111.5
4754,7.1,9:38,185,111.5
4755,7.1,10:09,184,111.5
4756,7.1,10:18,185,111.5
4757,7.1,10:59,185,111.5
4758,7.1,11:45,184,110.9
4759,7.1,12:18,185,111.5
4760,7.11,11:21,185,111.5
4761,7.11,11:10,184,111.5
4762,7.11,10:54,184,111.5
4763,7.11,10:38,184,111.5
4764,7.11,10:23,184,112.2
4765,7.11,10:38,187,112.9
4766,7.12,10:28,187,112.9
4767,7.12,10:23,186,113.5
4768,7.12,10:09,183,114.2
4769,7.12,10:23,185,114.2
4770,7.12,10:14,185,114.8
4771,7.12,10:38,184,114.8
4772,7.12,10:54,185,114.8
4773,7.13,10:59,184,115.5
4774,7.13,10:54,184,115.5
4775,7.13,11:45,185,115.5
4776,7.13,11:27,185,115.5
4777,7.13,11:21,185,116.1
4778,7.13,12:04,184,115.5
4779,7.13,12:04,184,115.5
4780,7.14,11:27,185,115.5
4781,7.14,11:39,183,116.1
4782,7.14,11:16,184,116.1
4783,7.14,10:23,185,116.1
4784,7.14,10:23,184,116.8
4785,7.14,10:28,185,116.8
4786,7.15,10:28,185,117.5
4787,7.15,10:18,185,117.5
4788,7.15,10:38,185,117.5
4789,7.15,10:23,185,117.5
4790,7.15,10:05,184,117.5
4791,7.15,10:05,184,116.8
4792,7.16,10:18,185,116.8
4793,7.16,10:05,184,116.1
4794,7.16,10:05,185,115.5
4795,7.16,10:00,185,115.5
4796,7.16,9:43,185,114.8
4797,7.16,9:47,186,114.2
4798,7.17,9:43,185,113.5
4799,7.17,9:43,184,113.5
4800,7.17,9:26,187,112.9
4801,7.17,9:22,185,112.2
4802,7.17,8:56,186,111.5
4803,7.18,8:52,187,110.9
4804,7.18,8:49,187,110.2
4805,7.18,9:11,187,109.6
4806,7.18,9:22,186,109.6
4807,7.18,9:47,185,108.9
4808,7.18,10:14,185,108.9
4809,7.19,10:09,187,108.9
4810,7.19,10:18,187,108.3
4811,7.19,9:56,186,108.3
4812,7.19,9:47,186,108.3
4813,7.19,9:43,186,108.3
4814,7.19,10:23,186,108.3
4815,7.19,10:23,186,108.9
4816,7.2,10:54,186,108.9
4817,7.2,11:33,185,108.3
4818,7.2,11:45,184,107.6
4819,7.2,10:48,183,107.0
4820,7.2,10:54,184,107.0
4821,7.2,10:23,184,107.0
4822,7.21,10:05,184,106.3
4823,7.21,9:51,183,106.3
4824,7.21,10:14,183,106.3
4825,7.21,10:09,183,106.3
4826,7.21,10:14,183,106.3
4827,7.21,9:56,183,105.6
4828,7.22,9:34,182,105.6
4829,7.22,9:30,182,105.6
4830,7.22,9:56,182,105.6
4831,7.22,10:00,182,105.6
4832,7.22,10:14,182,105.6
4833,7.22,10:00,182,105.6
4834,7.23,9:47,182,105.6
4835,7.23,9:11,183,105.6
4836,7.23,9:11,183,105.0
4837,7.23,9:03,183,105.0
4838,7.23,9:18,185,105.0
4839,7.24,9:30,185,105.0
4840,7.24,9:38,184,105.6
4841,7.24,10:05,185,105.6
4842,7.24,10:23,183,105.6
4843,7.24,10:18,185,105.6
4844,7.24,10:33,184,105.0
4845,7.24,10:18,184,105.0
4846,7.25,10:18,184,105.0
4847,7.25,9:56,185,105.0
4848,7.25,10:09,183,105.0
4849,7.25,9:38,184,105.6
4850,7.25,9:38,184,105.6
4851,7.26,9:14,184,105.6
4852,7.26,9:18,184,105.6
4853,7.26,8:56,184,105.6
4854,7.26,9:11,183,106.3
4855,7.26,9:14,184,106.3
4856,7.26,9:07,185,106.3
4857,7.27,9:11,183,106.3
4858,7.27,9:26,185,106.3
4859,7.27,9:14,184,106.3
4860,7.27,9:26,183,106.3
4861,7.27,9:47,184,106.3
4862,7.27,10:09,184,105.6
4863,7.28,10:38,184,105.6
4864,7.28,10:48,184,105.6
4865,7.28,10:59,185,105.6
4866,7.28,11:10,184,105.0
4867,7.28,11:27,184,105.0
4868,7.28,11:33,185,105.0
4869,7.28,11:33,185,105.0
4870,7.29,11:21,183,105.0
4871,7.29,11:05,185,105.0
4872,7.29,10:18,184,104.3
4873,7.29,10:09,183,104.3
4874,7.29,10:05,184,104.3
4875,7.29,9:56,183,104.3
4876,7.3,9:56,184,104.3
4877,7.3,9:14,185,104.3
4878,7.3,9:00,184,104.3
4879,7.3,8:52,185,104.3
4880,7.3,8:52,184,104.3
4881,7.31,9:18,184,104.3
4882,7.31,10:09,185,104.3
4883,7.31,10:18,185,104.3
4884,7.31,10:48,184,104.3
4885,7.31,10:43,185,104.3
4886,7.31,10:18,185,105.0
4887,7.31,10:38,184,105.0
4888,7.32,11:10,183,105.0
4889,7.32,11:16,185,105.0
4890,7.32,11:16,183,105.0
4891,7.32,11:10,184,105.0
4892,7.32,10:59,185,105.0
4893,7.32,10:14,184,105.0
4894,7.33,10:05,184,104.3
4895,7.33,10:14,185,104.3
4896,7.33,9:56,185,104.3
4897,7.33,9:56,184,104.3
4898,7.33,10:23,185,104.3
4899,7.33,10:09,184,104.3
4900,7.34,10:18,184,104.3
4901,7.34,10:23,185,104.3
4902,7.34,9:56,184,104.3
4903,7.34,9:51,185,104.3
4904,7.34,9:38,185,103.7
4905,7.34,9:26,183,103.7
4906,7.35,9:34,185,104.3
4907,7.35,9:26,184,104.3
4908,7.35,9:11,183,104.3
4909,7.35,9:18,184,104.3
4910,7.35,9:18,184,104.3
4911,7.35,9:11,184,104.3
4912,7.36,9:47,184,104.3
4913,7.36,10:09,184,104.3
4914,7.36,10:33,184,104.3
4915,7.36,10:28,184,104.3
4916,7.36,10:14,184,104.3
4917,7.36,10:05,185,104.3
4918,7.37,10:00,183,103.7
4919,7.37,9:51,185,103.7
4920,7.37,10:09,185,103.7
4921,7.37,10:43,184,103.0
4922,7.37,10:59,186,103.0
4923,7.37,11:10,183,103.0
4924,7.37,11:33,182,103.0
4925,7.38,11:33,186,103.0
4926,7.38,11:27,184,103.0
4927,7.38,11:16,184,103.0
4928,7.38,11:27,186,103.0
4929,7.38,11:33,186,102.4
4930,7.38,11:27,184,102.4
4931,7.39,11:33,185,101.7
4932,7.39,11:21,184,101.7
4933,7.39,11:10,183,101.0
4934,7.39,11:05,185,101.0
4935,7.39,10:48,186,100.4
4936,7.39,10:23,184,100.4
4937,7.4,10:14,185,100.4
4938,7.4,9:51,187,100.4
4939,7.4,9:26,185,100.4
4940,7.4,9:26,184,100.4
4941,7.4,9:14,185,100.4
4942,7.4,9:03,185,100.4
4943,7.41,9:00,185,100.4
4944,7.41,9:03,185,100.4
4945,7.41,9:00,185,100.4
4946,7.41,9:14,185,100.4
4947,7.41,9:26,186,100.4
4948,7.41,9:18,187,100.4
4949,7.42,9:22,184,100.4
4950,7.42,9:14,187,99.7
4951,7.42,9:03,187,99.7
4952,7.42,9:07,187,99.7
4953,7.42,9:26,186,99.1
4954,7.43,9:18,186,99.1
4955,7.43,9:26,187,99.1
4956,7.43,9:34,186,99.1
4957,7.43,9:43,185,98.4
4958,7.43,9:51,186,98.4
4959,7.43,9:56,185,98.4
4960,7.44,10:00,184,97.8
4961,7.44,10:23,186,97.1
4962,7.44,10:33,188,97.1
4963,7.44,10:18,188,97.1
4964,7.44,10:09,188,96.5
4965,7.44,10:05,188,95.8
4966,7.45,9:30,186,95.8
4967,7.45,9:11,188,95.1
4968,7.45,9:14,188,94.5
4969,7.45,9:34,188,93.8
4970,7.45,9:30,188,93.8
4971,7.45,9:30,188,93.8
4972,7.46,9:18,187,93.2
4973,7.46,9:03,187,93.2
4974,7.46,8:56,187,93.2
4975,7.46,8:56,187,93.2
4976,7.46,9:14,187,93.2
4977,7.47,9:22,186,92.5
4978,7.47,9:07,188,92.5
4979,7.47,8:39,186,92.5
4980,7.47,8:26,186,92.5
4981,7.47,8:29,187,91.9
4982,7.48,8:45,186,91.9
4983,7.48,9:34,187,91.9
4984,7.48,10:18,187,91.9
4985,7.48,11:52,187,92.5
4986,7.48,10:43,187,93.2
4987,7.48,10:00,187,93.8
4988,7.49,9:22,187,94.5
4989,7.49,9:07,187,95.1
4990,7.49,8:39,186,95.8
4991,7.49,9:14,187,95.8
4992,7.49,10:05,187,95.8
4993,7.49,10:00,186,96.5
4994,7.5,9:47,186,95.8
4995,7.5,10:05,186,95.8
4996,7.5,10:09,186,95.8
4997,7.5,10:00,186,95.8
4998,7.5,10:23,187,95.8
4999,7.5,11:16,186,95.8
5000,7.5,10:43,186,95.8
5001,7.51,10:43,187,95.8
5002,7.51,10:28,186,96.5
5003,7.51,10:38,187,96.5
5004,7.51,10:18,188,96.5
5005,7.51,10:28,186,96.5
5006,7.51,11:05,184,95.8
5007,7.52,11:05,184,95.1
5008,7.52,11:16,184,95.1
5009,7.52,11:39,184,94.5
5010,7.52,11:45,184,94.5
5011,7.52,11:21,183,94.5
5012,7.52,10:59,182,93.8
5013,7.52,10:38,183,93.8
5014,7.53,10:14,183,93.8
5015,7.53,10:18,183,93.8
5016,7.53,10:09,183,93.8
5017,7.53,10:38,183,93.8
5018,7.53,10:38,183,93.8
5019,7.53,10:00,184,93.8
5020,7.54,9:43,184,93.8
5021,7.54,9:43,184,93.8
5022,7.54,9:18,184,93.8
5023,7.54,9:11,184,93.8
5024,7.54,9:30,184,94.5
5025,7.54,9:34,184,94.5
5026,7.55,9:38,185,94.5
5027,7.55,9:47,184,93.8
5028,7.55,9:43,184,93.8
5029,7.55,10:09,185,93.8
5030,7.55,10:00,184,93.8
5031,7.55,9:56,184,94.5
5032,7.56,10:23,184,94.5
5033,7.56,10:54,185,94.5
5034,7.56,10:59,184,95.1
5035,7.56,11:21,184,95.1
5036,7.56,11:39,184,95.1
5037,7.56,11:10,185,95.1
5038,7.57,11:21,184,95.1
5039,7.57,11:05,184,95.1
5040,7.57,10:38,184,95.8
5041,7.57,10:33,185,95.8
5042,7.57,10:54,185,95.8
5043,7.57,10:59,185,96.5
5044,7.57,11:27,185,96.5
5045,7.58,11:52,184,97.1
5046,7.58,11:58,184,97.8
5047,7.58,11:58,184,98.4
5048,7.58,11:58,184,99.1
5049,7.58,11:33,184,99.7
5050,7.58,11:39,183,100.4
5051,7.58,11:52,184,101.0
5052,7.59,12:04,184,101.7
5053,7.59,11:33,184,102.4
5054,7.59,11:33,184,102.4
5055,7.59,12:04,184,102.4
5056,7.59,12:04,185,102.4
5057,7.59,11:58,185,102.4
5058,7.59,12:25,185,102.4
5059,7.6,12:11,186,101.7
5060,7.6,11:52,186,101.0
5061,7.6,10:59,186,100.4
5062,7.6,10:48,186,99.1
5063,7.6,10:23,186,98.4
5064,7.6,10:33,185,97.1
5065,7.6,10:14,185,96.5
5066,7.61,10:28,185,95.8
5067,7.61,10:18,185,94.5
5068,7.61,10:09,185,93.8
5069,7.61,9:56,185,93.2
5070,7.61,9:47,185,92.5
5071,7.62,9:26,185,92.5
5072,7.62,9:22,184,91.9
5073,7.62,9:34,185,91.9
5074,7.62,9:38,184,91.9
5075,7.62,9:47,184,91.2
5076,7.62,10:18,184,91.2
5077,7.63,10:14,185,91.2
5078,7.63,10:33,184,91.9
5079,7.63,10:43,184,91.9
5080,7.63,10:38,184,91.9
5081,7.63,10:59,185,91.9
5082,7.63,11:10,184,91.9
5083,7.63,10:54,184,91.9
5084,7.64,10:38,184,91.9
5085,7.64,10:59,184,92.5
5086,7.64,10:48,184,92.5
5087,7.64,10:33,184,93.2
5088,7.64,10:18,184,93.2
5089,7.64,10:28,184,93.2
5090,7.65,10:28,185,93.8
5091,7.65,9:51,185,94.5
5092,7.65,10:09,185,94.5
5093,7.65,10:05,185,94.5
5094,7.65,10:05,185,94.5
5095,7.65,9:47,185,94.5
5096,7.66,10:09,185,94.5
5097,7.66,9:51,186,94.5
5098,7.66,9:43,185,94.5
5099,7.66,9:43,185,94.5
5100,7.66,9:56,185,93.8
5101,7.66,9:56,185,93.8
5102,7.67,10:00,186,93.2
5103,7.67,10:18,185,92.5
5104,7.67,10:28,185,92.5
5105,7.67,10:18,185,92.5
5106,7.67,10:28,185,92.5
5107,7.67,10:38,185,92.5
5108,7.68,10:18,185,92.5
5109,7.68,9:34,185,92.5
5110,7.68,9:22,186,93.2
5111,7.68,8:49,185,93.2
5112,7.68,8:52,185,93.8
5113,7.68,9:11,185,93.8
5114,7.69,9:47,185,93.8
5115,7.69,9:51,185,93.8
5116,7.69,10:23,185,93.8
5117,7.69,9:56,185,93.8
5118,7.69,9:47,185,93.8
5119,7.69,9:43,185,93.8
5120,7.7,9:22,185,93.8
5121,7.7,9:18,185,93.8
5122,7.7,9:38,185,93.8
5123,7.7,9:30,185,93.8
5124,7.7,9:07,185,93.8
5125,7.71,9:18,185,93.8
5126,7.71,9:38,185,93.8
5127,7.71,9:26,185,93.8
5128,7.71,9:03,186,93.8
5129,7.71,9:22,186,93.8
5130,7.71,9:30,186,93.8
5131,7.72,9:26,186,93.8
5132,7.72,9:34,187,93.8
5133,7.72,10:09,187,93.8
5134,7.72,10:14,187,93.2
5135,7.72,10:09,187,93.2
5136,7.72,9:22,187,93.2
5137,7.73,9:14,187,92.5
5138,7.73,9:22,187,92.5
5139,7.73,9:14,188,92.5
5140,7.73,9:22,189,91.9
5141,7.73,9:51,189,91.9
5142,7.73,9:56,189,91.9
5143,7.74,10:00,189,91.9
5144,7.74,10:18,188,91.9
5145,7.74,10:14,189,92.5
5146,7.74,10:14,189,92.5
5147,7.74,9:56,188,92.5
5148,7.74,10:00,188,92.5
5149,7.75,9:30,188,92.5
5150,7.75,9:26,188,91.9
5151,7.75,9:26,188,91.9
5152,7.75,9:38,189,91.2
5153,7.75,9:22,189,91.2
5154,7.75,9:34,189,91.2
5155,7.76,9:43,189,91.2
5156,7.76,9:22,189,91.2
5157,7.76,9:56,188,91.2
5158,7.76,9:38,189,91.2
5159,7.76,9:18,188,91.2
5160,7.77,9:18,188,91.2
5161,7.77,9:38,188,91.2
5162,7.77,9:14,188,91.2
5163,7.77,9:47,188,91.2
5164,7.77,10:09,188,91.9
5165,7.77,10:23,188,91.9
5166,7.77,11:21,188,91.9
5167,7.78,11:58,188,91.9
5168,7.78,11:52,188,91.9
5169,7.78,12:32,187,91.9
5170,7.78,12:18,187,91.9
5171,7.78,11:52,187,92.5
5172,7.78,11:16,187,92.5
5173,7.79,10:43,187,93.2
5174,7.79,10:14,187,93.2
5175,7.79,10:09,187,93.2
5176,7.79,9:38,187,93.2
5177,7.79,9:34,187,93.2
5178,7.79,9:43,187,93.2
5179,7.8,9:43,187,93.2
5180,7.8,9:47,187,93.2
5181,7.8,10:05,187,93.2
5182,7.8,9:43,187,93.2
5183,7.8,9:47,188,93.2
5184,7.8,10:09,188,93.8
5185,7.81,9:43,188,93.8
5186,7.81,9:26,188,94.5
5187,7.81,10:14,188,94.5
5188,7.81,10:28,188,94.5
5189,7.81,10:09,188,94.5
5190,7.81,11:39,189,95.1
5191,7.81,12:18,188,94.5
5192,7.82,12:04,188,94.5
5193,7.82,12:39,188,94.5
5194,7.82,13:41,188,94.5
5195,7.82,11:52,188,94.5
5196,7.82,11:27,189,94.5
5197,7.82,10:28,188,94.5
5198,7.83,9:07,188,94.5
5199,7.83,8:26,188,94.5
5200,7.83,8:32,188,94.5
5201,7.83,8:35,188,94.5
5202,7.83,9:07,188,94.5
5203,7.83,9:56,188,94.5
5204,7.84,10:05,188,95.1
5205,7.84,10:05,188,95.1
5206,7.84,10:00,188,95.1
5207,7.84,9:47,188,95.1
5208,7.84,9:47,188,95.1
5209,7.84,10:18,187,95.1
5210,7.85,10:33,187,95.1
5211,7.85,10:14,187,95.8
5212,7.85,10:23,187,95.8
5213,7.85,10:28,187,95.8
5214,7.85,10:33,187,95.8
5215,7.85,10:43,187,95.8
5216,7.86,10:59,186,95.8
5217,7.86,11:10,186,96.5
5218,7.86,10:54,186,96.5
5219,7.86,10:23,186,97.1
5220,7.86,10:05,186,97.1
5221,7.86,10:18,186,97.1
5222,7.86,10:28,186,97.1
5223,7.87,10:23,186,96.5
5224,7.87,10:28,186,96.5
5225,7.87,10:38,186,96.5
5226,7.87,10:05,186,96.5
5227,7.87,10:00,186,95.8
5228,7.87,10:00,187,95.8
5229,7.88,10:09,186,95.8
5230,7.88,10:05,186,95.8
5231,7.88,10:38,186,95.1
5232,7.88,10:18,187,95.1
5233,7.88,10:23,186,95.1
5234,7.88,10:05,186,94.5
5235,7.89,10:18,186,94.5
5236,7.89,9:38,186,93.8
5237,7.89,9:47,186,93.8
5238,7.89,9:34,186,93.2
5239,7.89,9:43,186,93.2
5240,7.89,9:14,186,93.2
5241,7.9,9:26,186,93.2
5242,7.9,9:14,186,93.2
5243,7.9,9:18,186,93.2
5244,7.9,9:11,186,93.2
5245,7.9,9:03,186,93.2
5246,7.91,9:00,186,93.2
5247,7.91,9:30,185,93.2
5248,7.91,10:00,185,93.2
5249,7.91,10:05,185,93.2
5250,7.91,10:43,185,93.2
5251,7.91,10:54,186,93.2
5252,7.92,10:18,185,92.5
5253,7.92,10:09,186,92.5
5254,7.92,9:56,185,92.5
5255,7.92,9:47,185,92.5
5256,7.92,10:14,185,92.5
5257,7.92,10:33,186,93.2
5258,7.92,10:43,185,93.2
5259,7.93,10:28,185,93.2
5260,7.93,10:00,186,93.2
5261,7.93,9:43,185,93.8
5262,7.93,9:38,185,93.8
5263,7.93,9:03,185,93.8
5264,7.94,9:30,186,93.8
5265,7.94,10:05,185,94.5
5266,7.94,9:47,185,94.5
5267,7.94,9:30,185,94.5
5268,7.94,10:09,186,94.5
5269,7.94,10:54,185,95.1
5270,7.94,11:05,185,95.1
5271,7.95,11:58,186,95.1
5272,7.95,12:25,185,95.8
5273,7.95,11:58,186,95.8
5274,7.95,11:10,186,96.5
5275,7.95,10:38,186,96.5
5276,7.95,9:51,186,96.5
5277,7.96,10:00,186,96.5
5278,7.96,9:47,186,96.5
5279,7.96,9:38,186,97.1
5280,7.96,9:43,186,97.1
5281,7.96,10:18,187,97.1
5282,7.96,9:43,187,97.8
5283,7.97,9:47,187,97.8
5284,7.97,9:30,187,97.8
5285,7.97,9:34,187,97.1
5286,7.97,9:22,187,97.1
5287,7.97,9:26,188,97.1
5288,7.97,9:26,188,97.1
5289,7.98,10:00,188,97.1
5290,7.98,9:43,188,97.1
5291,7.98,9:43,188,97.1
5292,7.98,10:09,188,97.1
5293,7.98,10:09,188,97.1
5294,7.98,9:51,189,97.1
5295,7.99,10:23,189,96.5
5296,7.99,9:56,189,96.5
5297,7.99,9:56,189,95.8
5298,7.99,10:18,189,95.8
5299,7.99,10:23,188,95.8
5300,7.99,10:14,189,95.8
5301,8.0,10:48,189,95.8
5302,8.0,10:14,189,95.8
5303,8.0,9:56,188,96.5
5304,8.0,9:47,189,96.5
5305,8.0,9:34,189,96.5
5306,8.0,9:38,188,96.5
5307,8.01,9:47,189,95.8
5308,8.01,10:05,189,95.1
5309,8.01,10:33,188,95.1
5310,8.01,10:48,189,94.5
5311,8.01,10:38,189,94.5
5312,8.01,10:54,188,94.5
5313,8.02,10:09,188,93.8
5314,8.02,9:38,188,93.8
5315,8.02,9:26,189,94.5
5316,8.02,9:22,188,94.5
5317,8.02,9:18,188,93.8
5318,8.02,9:22,188,93.8
5319,8.03,9:18,187,93.8
5320,8.03,9:03,187,93.8
5321,8.03,8:56,187,93.8
5322,8.03,8:39,188,93.8
5323,8.03,9:00,187,93.8
5324,8.04,9:00,187,93.8
5325,8.04,9:00,187,93.8
5326,8.04,9:22,188,93.8
5327,8.04,9:51,187,93.8
5328,8.04,9:38,187,93.2
5329,8.04,9:56,187,93.2
5330,8.05,10:23,188,93.8
5331,8.05,10:00,187,93.8
5332,8.05,9:51,187,93.8
5333,8.05,9:43,187,93.8
5334,8.05,9:34,188,93.8
5335,8.06,9:14,187,93.8
5336,8.06,9:47,188,93.8
5337,8.06,10:00,188,93.8
5338,8.06,10:43,188,94.5
5339,8.06,11:27,187,94.5
5340,8.06,12:25,188,95.1
5341,8.06,11:21,188,95.8
5342,8.07,11:10,187,95.8
5343,8.07,10:54,188,96.5
5344,8.07,10:18,188,96.5
5345,8.07,10:05,187,97.1
5346,8.07,10:23,188,97.1
5347,8.07,10:05,188,97.8
5348,8.08,9:56,187,97.8
5349,8.08,10:05,188,97.8
5350,8.08,9:51,188,98.4
5351,8.08,9:47,188,98.4
5352,8.08,10:09,188,98.4
5353,8.08,10:23,188,98.4
5354,8.08,10:33,188,98.4
5355,8.09,10:38,188,99.1
5356,8.09,10:28,188,99.1
5357,8.09,10:14,188,99.1
5358,8.09,9:51,188,99.1
5359,8.09,9:43,188,99.1
5360,8.09,9:43,188,99.7
5361,8.1,9:38,188,99.7
5362,8.1,9:34,188,99.1
5363,8.1,10:05,188,99.1
5364,8.1,10:00,188,99.1
5365,8.1,10:14,188,99.1
5366,8.1,10:54,186,99.1
5367,8.11,11:27,185,99.1
5368,8.11,11:39,185,99.7
5369,8.11,12:04,185,99.7
5370,8.11,12:04,185,99.7
5371,8.11,11:52,186,99.1
5372,8.11,11:39,186,99.1
5373,8.11,10:59,187,99.1
5374,8.12,10:09,187,99.1
5375,8.12,9:51,187,98.4
5376,8.12,10:05,187,98.4
5377,8.12,9:56,187,98.4
5378,8.12,10:00,187,98.4
5379,8.12,10:43,187,98.4
5380,8.13,11:10,188,99.1
5381,8.13,10:23,188,99.1
5382,8.13,10:14,188,99.1
5383,8.13,10:14,187,99.7
5384,8.13,10:00,188,99.7
5385,8.13,9:56,188,99.7
5386,8.14,10:09,187,99.1
5387,8.14,10:23,188,99.1
5388,8.14,10:43,188,99.1
5389,8.14,10:54,187,99.1
5390,8.14,10:54,188,99.1
5391,8.14,11:10,188,99.1
5392,8.14,11:58,187,99.1
5393,8.15,11:45,187,99.1
5394,8.15,12:04,187,99.1
5395,8.15,12:04,188,99.1
5396,8.15,11:39,187,99.1
5397,8.15,11:05,187,99.1
5398,8.15,10:48,187,99.1
5399,8.16,10:33,187,99.7
5400,8.16,10:28,187,99.7
5401,8.16,10:48,186,99.7
5402,8.16,10:48,185,99.7
5403,8.16,11:05,185,99.7
5404,8.16,10:48,185,99.7
5405,8.16,10:23,184,99.7
5406,8.17,9:43,185,99.1
5407,8.17,9:26,184,99.1
5408,8.17,9:11,184,99.1
5409,8.17,8:52,184,99.1
5410,8.17,8:39,184,99.1
5411,8.18,9:11,184,99.1
5412,8.18,9:14,184,98.4
5413,8.18,9:11,184,97.8
5414,8.18,9:22,184,97.1
5415,8.18,9:47,184,95.8
5416,8.18,9:26,183,95.1
5417,8.19,9:30,184,94.5
5418,8.19,9:22,184,95.1
5419,8.19,9:47,183,95.1
5420,8.19,9:26,184,95.8
5421,8.19,9:34,184,96.5
5422,8.19,9:43,185,96.5
5423,8.2,9:51,185,96.5
5424,8.2,9:43,185,95.8
5425,8.2,10:18,185,95.8
5426,8.2,10:09,185,95.8
5427,8.2,9:51,185,95.8
5428,8.2,10:14,185,96.5
5429,8.21,10:18,184,96.5
5430,8.21,10:09,185,96.5
5431,8.21,10:28,185,95.8
5432,8.21,10:23,184,95.8
5433,8.21,10:18,184,95.1
5434,8.21,10:23,185,94.5
5435,8.22,10:23,186,93.8
5436,8.22,10:23,186,92.5
5437,8.22,10:18,187,91.9
5438,8.22,9:56,187,91.2
5439,8.22,9:30,187,90.6
5440,8.23,9:00,187,90.6
5441,8.23,8:45,188,89.9
5442,8.23,9:00,188,89.9
5443,8.23,8:56,188,89.2
5444,8.23,9:14,187,89.2
5445,8.23,10:14,187,89.2
5446,8.23,11:05,187,89.2
5447,8.24,11:39,188,88.6
5448,8.24,13:24,187,88.6
5449,8.24,13:49,187,88.6
5450,8.24,14:16,187,88.6
5451,8.24,14:07,187,89.2
5452,8.24,13:01,187,89.9
5453,8.24,12:18,187,90.6
5454,8.25,11:45,187,91.9
5455,8.25,10:48,187,91.9
5456,8.25,10:23,187,91.9
5457,8.25,10:43,187,91.2
5458,8.25,10:18,187,90.6
5459,8.25,10:23,187,89.9
5460,8.26,10:14,187,89.2
5461,8.26,9:51,187,88.6
5462,8.26,9:30,187,87.9
5463,8.26,9:14,187,87.9
5464,8.26,8:52,187,87.3
5465,8.26,9:00,187,86.6
5466,8.27,9:07,187,86.6
5467,8.27,8:56,187,86.6
5468,8.27,9:18,187,86.6
5469,8.27,9:47,187,86.6
5470,8.27,9:38,187,86.6
5471,8.27,9:56,187,86.6
5472,8.28,10:18,187,86.0
5473,8.28,10:28,187,86.0
5474,8.28,10:18,187,85.3
5475,8.28,10:05,187,84.6
5476,8.28,9:34,187,84.0
5477,8.28,9:26,187,84.0
5478,8.29,9:14,187,83.3
5479,8.29,9:00,187,83.3
5480,8.29,9:00,187,83.3
5481,8.29,9:07,188,83.3
5482,8.29,9:14,188,84.0
5483,8.3,8:56,188,84.0
5484,8.3,9:07,188,84.0
5485,8.3,9:34,187,84.0
5486,8.3,9:43,188,83.3
5487,8.3,9:34,187,83.3
5488,8.3,9:56,187,83.3
5489,8.31,9:51,187,83.3
5490,8.31,9:38,188,83.3
5491,8.31,10:05,187,83.3
5492,8.31,10:05,188,83.3
5493,8.31,9:43,189,82.7
5494,8.31,9:56,189,82.7
5495,8.32,9:38,189,82.7
5496,8.32,9:14,189,82.7
5497,8.32,9:34,190,82.0
5498,8.32,9:56,190,82.0
5499,8.32,9:38,190,82.0
5500,8.32,10:28,189,82.0
5501,8.33,10:43,190,82.0
5502,8.33,10:23,190,82.0
5503,8.33,10:59,189,82.0
5504,8.33,11:33,190,82.0
5505,8.33,11:16,190,82.0
5506,8.33,11:10,190,82.0
5507,8.34,11:10,189,82.0
5508,8.34,10:43,190,82.0
5509,8.34,10:54,189,81.4
5510,8.34,11:05,189,81.4
5511,8.34,11:05,188,81.4
5512,8.34,11:05,188,81.4
5513,8.34,10:38,187,81.4
5514,8.35,10:14,186,81.4
5515,8.35,9:51,186,81.4
5516,8.35,9:43,186,81.4
5517,8.35,9:47,186,81.4
5518,8.35,10:05,187,81.4
5519,8.35,10:38,187,81.4
5520,8.36,10:48,187,81.4
5521,8.36,10:54,187,81.4
5522,8.36,10:38,187,82.0
5523,8.36,10:38,187,82.0
5524,8.36,10:05,186,82.0
5525,8.36,9:51,186,82.0
5526,8.37,9:56,186,82.0
5527,8.37,10:38,186,82.0
5528,8.37,10:28,186,82.0
5529,8.37,10:33,186,82.0
5530,8.37,10:43,186,82.0
5531,8.37,10:43,186,82.0
5532,8.38,10:05,186,82.7
5533,8.38,10:09,186,82.7
5534,8.38,10:05,186,82.0
5535,8.38,9:56,186,82.7
5536,8.38,9:26,186,82.7
5537,8.38,9:34,186,82.0
5538,8.39,9:22,186,82.0
5539,8.39,9:22,187,82.0
5540,8.39,9:30,188,82.7
5541,8.39,9:38,188,82.7
5542,8.39,9:56,188,82.7
5543,8.39,10:33,188,82.7
5544,8.39,11:05,188,82.7
5545,8.4,11:58,188,82.7
5546,8.4,11:52,188,82.7
5547,8.4,11:16,189,82.7
5548,8.4,10:38,189,82.7
5549,8.4,10:14,189,82.7
5550,8.4,9:34,188,82.7
5551,8.41,9:38,188,83.3
5552,8.41,9:51,188,83.3
5553,8.41,10:05,188,83.3
5554,8.41,10:00,188,84.0
5555,8.41,10:14,188,84.0
5556,8.41,10:43,188,84.0
5557,8.42,10:38,189,83.3
5558,8.42,10:38,189,83.3
5559,8.42,10:28,188,83.3
5560,8.42,10:00,188,83.3
5561,8.42,9:47,188,83.3
5562,8.42,9:14,189,83.3
5563,8.43,9:07,188,83.3
5564,8.43,9:14,188,82.7
5565,8.43,9:00,189,82.7
5566,8.43,9:03,188,82.7
5567,8.43,9:00,188,82.7
5568,8.44,8:39,189,82.7
5569,8.44,8:19,189,82.7
5570,8.44,8:22,189,83.3
5571,8.44,8:16,189,83.3
5572,8.44,8:56,189,83.3
5573,8.45,9:22,188,83.3
5574,8.45,9:43,188,83.3
5575,8.45,10:33,188,82.7
5576,8.45,10:43,188,82.7
5577,8.45,10:23,188,83.3
5578,8.45,10:48,189,83.3
5579,8.45,10:48,188,83.3
5580,8.46,10:23,189,83.3
5581,8.46,10:09,189,82.7
5582,8.46,10:00,189,82.7
5583,8.46,9:26,188,82.7
5584,8.46,9:34,189,82.7
5585,8.46,9:26,189,82.7
5586,8.47,9:38,189,83.3
5587,8.47,9:38,188,83.3
5588,8.47,9:43,189,83.3
5589,8.47,9:38,189,83.3
5590,8.47,9:43,189,83.3
5591,8.48,9:30,188,82.7
5592,8.48,9:34,189,82.7
5593,8.48,9:18,189,82.7
5594,8.48,9:07,189,82.0
5595,8.48,9:07,188,82.0
5596,8.48,9:14,189,82.0
5597,8.49,9:30,189,81.4
5598,8.49,10:09,189,81.4
5599,8.49,10:33,188,81.4
5600,8.49,10:48,189,81.4
5601,8.49,11:05,189,81.4
5602,8.49,11:05,189,81.4
5603,8.5,10:33,188,81.4
5604,8.5,10:38,189,81.4
5605,8.5,10:54,189,81.4
5606,8.5,10:28,188,82.0
5607,8.5,10:28,189,82.0
5608,8.5,10:48,189,82.0
5609,8.5,10:05,189,82.7
5610,8.51,9:30,189,82.7
5611,8.51,9:47,189,82.7
5612,8.51,10:00,189,82.7
5613,8.51,9:56,189,82.7
5614,8.51,10:28,189,83.3
5615,8.51,10:54,188,83.3
5616,8.52,10:59,189,84.0
5617,8.52,10:54,189,84.0
5618,8.52,11:27,188,84.0
5619,8.52,12:25,188,84.0
5620,8.52,13:16,188,83.3
5621,8.52,13:49,189,83.3
5622,8.52,13:49,189,83.3
5623,8.52,13:16,189,84.0
5624,8.53,12:11,189,84.0
5625,8.53,11:16,188,84.0
5626,8.53,11:05,189,84.0
5627,8.53,10:59,189,84.6
5628,8.53,11:16,188,84.6
5629,8.53,11:39,188,85.3
5630,8.54,11:52,188,86.0
5631,8.54,11:21,187,86.6
5632,8.54,11:33,187,87.3
5633,8.54,11:33,187,87.3
5634,8.54,11:21,187,87.9
5635,8.54,11:58,187,87.9
5636,8.54,13:32,187,87.9
5637,8.54,14:07,187,88.6
5638,8.55,14:16,187,88.6
5639,8.55,14:54,187,89.2
5640,8.55,15:04,187,89.9
5641,8.55,13:41,188,90.6
5642,8.55,13:16,188,90.6
5643,8.55,13:24,188,91.2
5644,8.55,12:46,188,91.2
5645,8.55,12:18,188,91.2
5646,8.56,12:39,189,91.2
5647,8.56,12:11,189,91.9
5648,8.56,11:27,189,91.9
5649,8.56,11:39,189,92.5
5650,8.56,11:16,189,92.5
5651,8.56,10:38,189,93.2
5652,8.56,10:54,189,93.2
5653,8.57,11:21,189,93.8
5654,8.57,11:10,189,93.8
5655,8.57,11:45,190,93.8
5656,8.57,13:16,189,94.5
5657,8.57,13:41,189,94.5
5658,8.57,12:39,189,95.1
5659,8.57,12:46,189,95.1
5660,8.58,12:46,189,95.8
5661,8.58,11:27,190,95.8
5662,8.58,10:43,189,95.1
5663,8.58,11:10,189,95.1
5664,8.58,11:05,189,95.1
5665,8.58,11:05,189,95.1
5666,8.58,11:27,189,95.1
5667,8.59,12:11,189,95.1
5668,8.59,12:18,189,95.1
5669,8.59,12:46,188,95.8
5670,8.59,12:39,189,95.8
5671,8.59,11:58,189,95.8
5672,8.59,11:45,189,95.8
5673,8.59,11:52,188,95.8
5674,8.6,11:16,189,95.8
5675,8.6,10:48,189,95.8
5676,8.6,11:33,189,95.8
5677,8.6,11:52,189,95.8
5678,8.6,11:21,189,95.8
5679,8.6,11:45,189,95.8
5680,8.6,12:18,188,95.1
5681,8.61,12:32,188,95.1
5682,8.61,12:18,187,95.1
5683,8.61,12:53,187,95.1
5684,8.61,12:11,187,94.5
5685,8.61,11:52,187,94.5
5686,8.61,11:21,187,94.5
5687,8.61,11:10,187,94.5
5688,8.62,11:10,187,94.5
5689,8.62,11:21,186,94.5
5690,8.62,11:21,186,93.8
5691,8.62,11:21,186,93.8
5692,8.62,11:27,186,93.8
5693,8.62,11:10,186,94.5
5694,8.62,11:52,185,93.8
5695,8.63,11:58,185,93.8
5696,8.63,11:58,185,93.8
5697,8.63,12:18,185,93.2
5698,8.63,13:01,185,93.2
5699,8.63,12:18,185,93.2
5700,8.63,12:11,184,93.2
5701,8.63,11:52,183,93.8
5702,8.64,11:27,182,93.8
5703,8.64,10:59,183,93.8
5704,8.64,10:54,183,93.8
5705,8.64,10:48,184,93.8
5706,8.64,11:10,184,93.2
5707,8.64,11:16,184,93.2
5708,8.64,11:05,184,92.5
5709,8.65,11:21,184,91.9
5710,8.65,11:39,184,91.9
5711,8.65,11:58,185,91.9
5712,8.65,12:04,184,91.9
5713,8.65,12:32,185,91.9
5714,8.65,11:58,185,91.9
5715,8.65,11:39,185,91.9
5716,8.66,11:16,185,91.9
5717,8.66,10:43,186,91.2
5718,8.66,10:23,187,91.2
5719,8.66,11:05,187,91.2
5720,8.66,10:59,187,90.6
5721,8.66,10:38,187,90.6
5722,8.66,11:10,187,90.6
5723,8.67,11:27,187,90.6
5724,8.67,11:33,187,90.6
5725,8.67,11:52,187,89.9
5726,8.67,11:27,187,89.9
5727,8.67,10:43,187,89.9
5728,8.67,10:43,187,89.2
5729,8.68,10:14,187,89.2
5730,8.68,10:09,186,88.6
5731,8.68,10:59,186,88.6
5732,8.68,11:33,186,87.9
5733,8.68,11:21,186,87.9
5734,8.68,11:33,187,87.9
5735,8.68,11:39,186,87.3
5736,8.69,11:21,186,87.3
5737,8.69,11:39,186,87.3
5738,8.69,11:27,186,87.3
5739,8.69,11:52,185,86.6
5740,8.69,11:45,185,86.6
5741,8.69,11:21,185,86.6
5742,8.69,10:18,185,86.6
5743,8.7,10:18,185,86.6
5744,8.7,9:51,185,86.6
5745,8.7,9:30,185,86.0
5746,8.7,9:56,184,86.0
5747,8.7,10:48,184,86.0
5748,8.7,11:05,184,85.3
5749,8.71,11:33,184,85.3
5750,8.71,12:18,185,85.3
5751,8.71,12:04,185,84.6
5752,8.71,11:58,185,84.6
5753,8.71,11:52,185,84.6
5754,8.71,11:45,185,84.0
5755,8.71,11:45,185,84.0
5756,8.72,11:52,185,84.0
5757,8.72,11:33,184,84.0
5758,8.72,11:52,185,83.3
5759,8.72,11:27,185,84.0
5760,8.72,11:10,184,84.0
5761,8.72,11:05,184,84.0
5762,8.72,11:10,184,84.0
5763,8.73,10:43,185,84.6
5764,8.73,10:48,184,84.6
5765,8.73,11:16,184,84.6
5766,8.73,11:27,184,84.6
5767,8.73,11:33,184,84.6
5768,8.73,12:25,183,84.0
5769,8.73,13:01,182,84.0
5770,8.74,12:32,182,84.0
5771,8.74,12:18,182,84.0
5772,8.74,11:39,181,84.0
5773,8.74,10:59,181,84.0
5774,8.74,10:28,181,84.0
5775,8.74,10:28,182,84.0
5776,8.74,10:14,183,83.3
5777,8.75,10:38,182,82.7
5778,8.75,11:05,183,82.7
5779,8.75,11:21,182,82.7
5780,8.75,11:16,182,82.0
5781,8.75,11:45,184,82.0
5782,8.75,11:52,183,82.0
5783,8.75,11:58,184,81.4
5784,8.76,12:46,184,81.4
5785,8.76,13:08,183,81.4
5786,8.76,13:16,181,81.4
5787,8.76,13:24,181,81.4
5788,8.76,12:46,182,81.4
5789,8.76,12:18,183,81.4
5790,8.76,12:11,184,81.4
5791,8.77,11:16,185,80.7
5792,8.77,11:05,185,80.7
5793,8.77,11:21,185,80.7
5794,8.77,10:48,184,80.7
5795,8.77,10:54,184,80.7
5796,8.77,11:05,183,80.1
5797,8.77,10:48,184,80.7
5798,8.78,10:33,185,80.7
5799,8.78,10:43,184,80.7
5800,8.78,10:33,184,80.7
5801,8.78,11:05,183,80.7
5802,8.78,12:25,182,80.7
5803,8.78,13:01,183,80.7
5804,8.78,14:34,181,80.1
5805,8.78,14:54,182,80.1
5806,8.79,14:25,182,80.1
5807,8.79,13:32,182,79.4
5808,8.79,13:58,182,80.1
5809,8.79,12:46,182,80.1
5810,8.79,12:46,181,80.1
5811,8.79,13:16,180,80.1
5812,8.79,12:25,180,80.1
5813,8.8,11:39,179,79.4
5814,8.8,11:16,179,79.4
5815,8.8,10:38,178,79.4
5816,8.8,10:23,180,79.4
5817,8.8,10:33,180,79.4
5818,8.8,10:38,181,80.1
5819,8.81,10:54,181,80.1
5820,8.81,11:10,181,80.1
5821,8.81,11:27,181,80.1
5822,8.81,11:21,182,80.1
5823,8.81,10:59,182,80.7
5824,8.81,10:38,182,80.7
5825,8.81,10:48,181,80.7
5826,8.82,10:43,182,80.7
5827,8.82,10:38,182,80.7
5828,8.82,11:05,182,80.7
5829,8.82,11:33,182,80.7
5830,8.82,11:45,181,80.7
5831,8.82,12:04,181,80.7
5832,8.82,12:25,181,80.7
5833,8.83,11:52,181,80.7
5834,8.83,11:45,182,80.7
5835,8.83,11:39,181,80.7
5836,8.83,11:21,181,81.4
5837,8.83,11:10,181,81.4
5838,8.83,11:45,182,81.4
5839,8.83,12:18,181,81.4
5840,8.84,12:04,181,81.4
5841,8.84,12:46,181,81.4
5842,8.84,13:41,181,82.0
5843,8.84,13:58,181,82.0
5844,8.84,13:32,181,82.0
5845,8.84,14:16,181,82.0
5846,8.84,13:32,181,82.7
5847,8.84,13:24,181,82.7
5848,8.85,12:53,181,82.7
5849,8.85,12:25,182,82.7
5850,8.85,11:45,182,83.3
5851,8.85,11:39,182,83.3
5852,8.85,11:16,182,83.3
5853,8.85,10:59,181,83.3
5854,8.85,11:27,181,83.3
5855,8.86,11:21,181,83.3
5856,8.86,11:33,182,84.0
5857,8.86,11:45,182,84.0
5858,8.86,12:11,182,84.0
5859,8.86,11:58,182,84.0
5860,8.86,12:32,182,84.6
5861,8.86,12:04,182,84.0
5862,8.87,11:58,182,84.0
5863,8.87,11:52,182,84.0
5864,8.87,12:18,181,84.0
5865,8.87,12:04,182,84.0
5866,8.87,12:18,182,84.0
5867,8.87,12:18,181,84.0
5868,8.87,12:46,181,84.0
5869,8.87,12:25,181,84.0
5870,8.88,12:11,182,84.0
5871,8.88,12:11,181,84.0
5872,8.88,12:46,181,84.0
5873,8.88,12:32,182,84.0
5874,8.88,12:11,181,84.0
5875,8.88,12:39,182,84.0
5876,8.88,12:53,182,84.0
5877,8.89,12:04,182,84.0
5878,8.89,11:58,182,84.0
5879,8.89,12:04,181,84.0
5880,8.89,12:04,181,84.0
5881,8.89,11:58,181,84.0
5882,8.89,11:45,181,83.3
5883,8.89,11:52,181,83.3
5884,8.9,11:33,181,83.3
5885,8.9,11:52,182,83.3
5886,8.9,11:16,181,83.3
5887,8.9,11:21,181,83.3
5888,8.9,11:45,181,83.3
5889,8.9,11:52,181,83.3
5890,8.9,11:33,181,83.3
5891,8.91,11:58,180,83.3
5892,8.91,12:25,180,83.3
5893,8.91,11:52,180,83.3
5894,8.91,11:39,180,83.3
5895,8.91,11:52,180,83.3
5896,8.91,11:45,180,83.3
5897,8.91,11:33,180,83.3
5898,8.92,11:33,180,83.3
5899,8.92,11:52,179,82.7
5900,8.92,11:05,179,82.7
5901,8.92,10:59,179,82.0
5902,8.92,10:59,179,82.0
5903,8.92,10:54,179,82.0
5904,8.92,11:10,179,82.0
5905,8.93,11:39,179,82.7
5906,8.93,11:52,179,82.7
5907,8.93,12:04,179,82.7
5908,8.93,11:45,178,82.7
5909,8.93,11:21,179,82.7
5910,8.93,11:27,179,82.7
5911,8.93,11:45,178,82.7
5912,8.94,11:52,179,82.7
5913,8.94,12:25,179,82.7
5914,8.94,12:46,179,82.7
5915,8.94,12:46,178,82.7
5916,8.94,12:32,179,82.0
5917,8.94,12:53,179,82.0
5918,8.94,13:01,179,82.0
5919,8.94,12:46,179,82.0
5920,8.95,12:46,180,82.0
5921,8.95,12:11,180,82.0
5922,8.95,11:45,180,82.0
5923,8.95,11:21,179,81.4
5924,8.95,11:16,180,81.4
5925,8.95,11:21,180,81.4
5926,8.95,12:04,181,80.7
5927,8.96,11:58,181,81.4
5928,8.96,11:45,181,81.4
5929,8.96,11:39,181,81.4
5930,8.96,11:39,181,81.4
5931,8.96,11:05,181,81.4
5932,8.96,10:38,181,81.4
5933,8.96,11:21,181,81.4
5934,8.97,11:16,181,81.4
5935,8.97,11:05,181,81.4
5936,8.97,11:45,181,82.0
5937,8.97,12:39,181,82.0
5938,8.97,12:25,181,82.7
5939,8.97,12:39,182,82.7
5940,8.97,12:46,181,82.7
5941,8.98,12:25,181,82.0
5942,8.98,12:39,181,82.0
5943,8.98,11:45,181,82.0
5944,8.98,11:58,180,82.0
5945,8.98,11:39,180,82.0
5946,8.98,11:27,180,82.0
5947,8.98,11:16,181,82.0
5948,8.99,11:58,180,82.0
5949,8.99,11:33,179,82.0
5950,8.99,11:45,179,82.0
5951,8.99,11:58,179,81.4
5952,8.99,11:52,178,81.4
5953,8.99,11:52,178,81.4
5954,8.99,12:25,179,81.4
5955,9.0,12:11,179,80.7
5956,9.0,11:52,179,80.7
5957,9.0,12:04,179,80.7
5958,9.0,12:11,178,80.7
5959,9.0,12:04,179,81.4
5960,9.0,12:25,179,81.4
5961,9.0,12:39,178,81.4
5962,9.01,11:58,179,81.4
5963,9.01,11:52,179,81.4
5964,9.01,11:45,180,81.4
5965,9.01,11:45,181,81.4
5966,9.01,11:58,181,81.4
5967,9.01,12:04,181,81.4
5968,9.01,11:45,181,81.4
5969,9.01,11:52,181,81.4
5970,9.02,12:04,180,81.4
5971,9.02,12:04,180,81.4
5972,9.02,12:04,181,81.4
5973,9.02,12:39,181,81.4
5974,9.02,13:01,181,81.4
5975,9.02,13:01,181,81.4
5976,9.02,13:08,180,81.4
5977,9.03,13:08,180,81.4
5978,9.03,13:16,180,81.4
5979,9.03,13:32,180,81.4
5980,9.03,13:16,180,81.4
5981,9.03,13:16,180,81.4
5982,9.03,13:16,180,81.4
5983,9.03,12:04,180,81.4
5984,9.03,11:21,180,81.4
5985,9.04,11:45,180,81.4
5986,9.04,11:27,179,81.4
5987,9.04,12:18,179,81.4
5988,9.04,12:53,179,81.4
5989,9.04,13:24,179,81.4
5990,9.04,12:39,178,80.7
5991,9.04,12:25,178,80.7
5992,9.05,11:33,177,80.1
5993,9.05,11:16,177,80.1
5994,9.05,10:54,177,80.1
5995,9.05,10:38,177,79.4
5996,9.05,10:43,177,79.4
5997,9.05,10:48,178,78.7
5998,9.05,11:05,178,78.7
5999,9.06,11:10,178,78.7
6000,9.06,11:16,179,78.1
6001,9.06,11:16,179,78.1
6002,9.06,10:54,179,78.1
6003,9.06,10:59,180,77.4
6004,9.06,10:43,180,77.4
6005,9.07,11:10,181,77.4
6006,9.07,11:16,181,77.4
6007,9.07,11:27,181,77.4
6008,9.07,11:33,181,77.4
6009,9.07,12:18,180,77.4
6010,9.07,13:01,180,77.4
6011,9.07,14:16,180,77.4
6012,9.07,15:14,180,77.4
6013,9.07,15:35,180,77.4
6014,9.08,15:04,180,76.8
6015,9.08,14:16,180,76.8
6016,9.08,12:53,180,76.8
6017,9.08,12:04,180,76.8
6018,9.08,12:04,180,76.8
6019,9.08,12:32,180,77.4
6020,9.08,12:04,180,77.4
6021,9.09,11:58,180,77.4
6022,9.09,11:33,180,77.4
6023,9.09,10:38,180,77.4
6024,9.09,10:14,181,77.4
6025,9.09,10:18,181,77.4
6026,9.09,10:38,181,77.4
6027,9.09,11:39,180,78.1
6028,9.1,12:39,180,78.1
6029,9.1,12:18,180,78.1
6030,9.1,12:25,180,78.7
6031,9.1,12:04,180,78.7
6032,9.1,12:11,180,78.7
6033,9.1,11:58,179,78.1
6034,9.1,12:32,179,78.1
6035,9.11,12:18,179,78.1
6036,9.11,12:25,179,78.1
6037,9.11,11:45,179,77.4
6038,9.11,11:39,178,77.4
6039,9.11,11:21,178,77.4
6040,9.11,11:27,178,77.4
6041,9.11,11:16,178,77.4
6042,9.12,11:16,179,76.8
6043,9.12,11:05,178,76.8
6044,9.12,10:59,178,76.1
6045,9.12,11:21,179,76.1
6046,9.12,11:52,179,75.5
6047,9.12,12:32,178,75.5
6048,9.12,12:32,178,75.5
6049,9.13,12:53,178,74.8
6050,9.13,12:25,178,74.8
6051,9.13,12:25,178,74.8
6052,9.13,11:45,179,74.8
6053,9.13,11:52,179,74.8
6054,9.13,12:04,179,74.8
6055,9.13,12:11,179,74.8
6056,9.14,11:58,179,74.8
6057,9.14,12:53,179,74.8
6058,9.14,13:01,179,75.5
6059,9.14,12:18,179,75.5
6060,9.14,11:58,179,75.5
6061,9.14,12:04,180,75.5
6062,9.14,11:16,179,75.5
6063,9.15,11:33,179,76.1
6064,9.15,11:45,179,76.1
6065,9.15,11:52,180,76.1
6066,9.15,11:33,179,76.1
6067,9.15,11:39,179,76.1
6068,9.15,11:16,180,76.8
6069,9.15,11:39,180,76.8
6070,9.16,11:45,180,76.8
6071,9.16,11:52,180,77.4
6072,9.16,11:45,181,77.4
6073,9.16,11:58,180,77.4
6074,9.16,11:39,180,77.4
6075,9.16,12:04,181,77.4
6076,9.16,12:11,181,77.4
6077,9.16,12:18,181,77.4
6078,9.17,12:25,182,77.4
6079,9.17,12:11,182,77.4
6080,9.17,11:33,182,77.4
6081,9.17,11:52,182,77.4
6082,9.17,12:04,182,77.4
6083,9.17,11:45,182,77.4
6084,9.17,12:25,182,77.4
6085,9.18,13:01,182,78.1
6086,9.18,12:25,182,78.1
6087,9.18,12:32,182,78.1
6088,9.18,13:24,182,78.1
6089,9.18,14:25,183,78.7
6090,9.18,15:14,182,78.7
6091,9.18,15:46,182,78.7
6092,9.18,15:35,182,78.1
6093,9.19,14:34,182,78.1
6094,9.19,12:39,182,78.1
6095,9.19,12:04,182,78.1
6096,9.19,12:25,182,77.4
6097,9.19,12:39,181,77.4
6098,9.19,13:01,181,77.4
6099,9.19,13:32,181,77.4
6100,9.19,12:04,181,76.8
6101,9.2,10:59,181,76.8
6102,9.2,10:48,181,76.8
6103,9.2,10:38,181,76.8
6104,9.2,10:48,181,76.8
6105,9.2,11:45,181,76.1
6106,9.2,12:18,182,76.1
6107,9.2,12:04,182,76.1
6108,9.21,12:04,182,76.1
6109,9.21,11:52,182,76.1
6110,9.21,11:45,182,76.1
6111,9.21,11:45,182,76.1
6112,9.21,12:04,183,76.1
6113,9.21,12:18,183,75.5
6114,9.21,12:11,183,74.8
6115,9.22,12:32,183,74.1
6116,9.22,12:53,183,73.5
6117,9.22,12:32,183,73.5
6118,9.22,12:32,184,73.5
6119,9.22,12:25,183,72.8
6120,9.22,11:52,183,72.8
6121,9.22,11:39,183,72.2
6122,9.23,11:45,183,72.2
6123,9.23,11:21,183,72.2
6124,9.23,11:21,183,72.2
6125,9.23,11:39,181,72.2
6126,9.23,11:21,181,72.2
6127,9.23,11:27,180,72.2
6128,9.23,11:33,180,72.2
6129,9.24,11:39,180,72.2
6130,9.24,12:04,180,72.2
6131,9.24,12:25,180,72.2
6132,9.24,12:11,180,72.8
6133,9.24,12:25,180,72.8
6134,9.24,12:18,180,72.8
6135,9.24,11:39,180,73.5
6136,9.25,11:58,180,73.5
6137,9.25,11:33,179,74.1
6138,9.25,11:21,180,74.1
6139,9.25,11:39,180,74.1
6140,9.25,11:52,180,74.8
6141,9.25,11:33,179,74.8
6142,9.25,12:25,180,75.5
6143,9.25,12:46,180,75.5
6144,9.26,12:32,179,76.1
6145,9.26,12:53,180,76.1
6146,9.26,13:08,180,76.8
6147,9.26,13:01,180,76.8
6148,9.26,12:39,179,77.4
6149,9.26,12:25,180,77.4
6150,9.26,11:52,180,77.4
6151,9.27,12:18,180,78.1
6152,9.27,11:58,180,78.1
6153,9.27,12:18,181,78.1
6154,9.27,12:53,181,78.1
6155,9.27,13:01,181,78.1
6156,9.27,12:46,181,78.1
6157,9.27,13:32,181,78.1
6158,9.27,13:01,182,78.1
6159,9.28,12:25,182,78.1
6160,9.28,12:39,182,78.1
6161,9.28,11:58,182,78.7
6162,9.28,11:33,183,78.7
6163,9.28,12:04,182,79.4
6164,9.28,12:46,182,79.4
6165,9.28,12:53,182,79.4
6166,9.28,14:25,183,78.7
6167,9.29,14:54,183,78.7
6168,9.29,14:34,183,78.7
6169,9.29,14:07,183,78.1
6170,9.29,12:25,183,78.1
6171,9.29,11:33,183,78.1
6172,9.29,10:59,182,78.1
6173,9.29,10:59,182,78.1
6174,9.3,10:54,182,78.1
6175,9.3,12:39,182,78.1
6176,9.3,12:53,182,78.7
6177,9.3,12:32,181,78.7
6178,9.3,12:25,181,78.7
6179,9.3,11:33,181,79.4
6180,9.3,10:48,182,79.4
6181,9.31,10:05,181,80.1
6182,9.31,10:18,181,80.1
6183,9.31,10:09,181,80.1
6184,9.31,11:16,182,80.7
6185,9.31,11:21,182,80.7
6186,9.31,12:32,182,80.7
6187,9.31,12:53,182,81.4
6188,9.32,14:07,182,81.4
6189,9.32,13:16,182,81.4
6190,9.32,13:24,182,82.0
6191,9.32,12:39,182,82.0
6192,9.32,12:18,182,82.7
6193,9.32,11:39,181,82.7
6194,9.32,12:04,182,82.0
6195,9.33,12:25,182,82.0
6196,9.33,12:53,182,82.0
6197,9.33,13:49,183,82.0
6198,9.33,14:44,183,82.0
6199,9.33,14:44,183,82.0
6200,9.33,14:07,183,82.0
6201,9.33,13:32,183,82.0
6202,9.33,12:53,183,82.0
6203,9.34,12:04,183,82.0
6204,9.34,11:39,183,82.0
6205,9.34,11:52,183,82.0
6206,9.34,12:18,183,82.0
6207,9.34,12:11,184,82.7
6208,9.34,12:11,183,82.7
6209,9.34,12:25,183,82.7
6210,9.34,12:32,183,82.7
6211,9.35,12:25,183,82.7
6212,9.35,12:25,183,82.7
6213,9.35,11:58,183,82.7
6214,9.35,11:45,183,82.7
6215,9.35,11:16,183,83.3
6216,9.35,10:59,183,83.3
6217,9.36,10:54,183,83.3
6218,9.36,11:33,183,83.3
6219,9.36,12:11,183,84.0
6220,9.36,12:39,183,84.0
6221,9.36,13:08,183,84.0
6222,9.36,13:24,183,84.0
6223,9.36,13:16,183,84.0
6224,9.36,12:32,183,84.6
6225,9.37,12:25,183,84.6
6226,9.37,12:11,183,85.3
6227,9.37,12:11,183,85.3
6228,9.37,11:52,183,85.3
6229,9.37,12:25,182,85.3
6230,9.37,12:53,183,85.3
6231,9.37,13:41,183,85.3
6232,9.37,15:04,183,85.3
6233,9.37,15:46,183,85.3
6234,9.38,15:35,183,85.3
6235,9.38,15:04,182,86.0
6236,9.38,13:58,182,86.0
6237,9.38,12:25,182,86.0
6238,9.38,11:45,182,86.6
6239,9.38,11:10,181,86.6
6240,9.38,11:05,181,86.6
6241,9.39,11:05,181,86.6
6242,9.39,10:54,181,86.6
6243,9.39,10:54,181,86.6
6244,9.39,11:39,181,86.6
6245,9.39,11:58,181,86.6
6246,9.39,11:58,182,86.6
6247,9.39,13:24,182,87.3
6248,9.4,13:58,182,87.3
6249,9.4,11:45,182,86.6
6250,9.4,11:27,182,86.6
6251,9.4,11:39,182,86.6
6252,9.4,10:54,182,86.6
6253,9.4,10:48,182,86.6
6254,9.4,12:04,182,86.6
6255,9.41,11:16,182,86.6
6256,9.41,10:59,182,86.6
6257,9.41,11:10,182,86.6
6258,9.41,11:10,182,86.6
6259,9.41,10:54,183,86.6
6260,9.41,11:33,183,86.6
6261,9.42,11:52,183,86.6
6262,9.42,11:52,183,86.6
6263,9.42,11:33,182,86.6
6264,9.42,12:18,182,87.3
6265,9.42,12:39,182,87.3
6266,9.42,12:32,182,87.9
6267,9.42,11:52,182,87.9
6268,9.42,11:52,181,87.9
6269,9.43,11:21,182,87.9
6270,9.43,10:59,182,87.9
6271,9.43,11:27,182,87.9
6272,9.43,12:04,182,87.9
6273,9.43,13:01,182,88.6
6274,9.43,13:32,183,88.6
6275,9.43,13:49,182,89.2
6276,9.44,13:01,182,89.9
6277,9.44,12:46,182,89.9
6278,9.44,12:32,183,89.9
6279,9.44,12:04,182,89.2
6280,9.44,11:52,182,88.6
6281,9.44,11:39,183,87.9
6282,9.44,11:39,182,87.9
6283,9.45,11:10,182,88.6
6284,9.45,11:21,183,88.6
6285,9.45,11:10,182,89.2
6286,9.45,11:21,182,89.2
6287,9.45,11:33,182,89.2
6288,9.45,11:27,182,89.2
6289,9.45,11:33,182,89.9
6290,9.46,12:18,182,89.9
6291,9.46,11:58,182,89.9
6292,9.46,11:58,182,89.9
6293,9.46,13:01,182,90.6
6294,9.46,12:46,182,90.6
6295,9.46,12:32,182,90.6
6296,9.46,13:01,182,90.6
6297,9.46,12:25,182,90.6
6298,9.47,11:52,182,90.6
6299,9.47,12:18,182,90.6
6300,9.47,12:04,183,90.6
6301,9.47,11:58,182,90.6
6302,9.47,12:39,182,90.6
6303,9.47,12:32,182,90.6
6304,9.47,12:11,183,90.6
6305,9.48,12:04,183,90.6
6306,9.48,12:25,183,90.6
6307,9.48,12:25,183,90.6
6308,9.48,12:53,183,90.6
6309,9.48,13:08,182,91.2
6310,9.48,13:16,183,91.2
6311,9.48,13:24,182,91.2
6312,9.48,13:16,182,91.2
6313,9.49,12:53,182,91.9
6314,9.49,12:39,182,91.9
6315,9.49,12:53,182,91.2
6316,9.49,12:46,181,91.2
6317,9.49,13:16,182,91.9
6318,9.49,13:16,182,91.9
6319,9.49,13:16,182,91.9
6320,9.49,13:24,182,92.5
6321,9.5,13:08,182,92.5
6322,9.5,13:08,182,92.5
6323,9.5,13:24,181,92.5
6324,9.5,13:41,181,92.5
6325,9.5,14:34,181,92.5
6326,9.5,14:54,181,92.5
6327,9.5,14:16,181,92.5
