elapsed_seconds,distance_miles,pace_per_mile,heartrate,altitude_ft
0,0.0,,137,181.1
1,0.0,,137,181.1
2,0.0,,87,181.1
3,0.0,,87,181.1
4,0.0,178:48,89,181.1
5,0.0,38:19,90,181.1
6,0.0,17:38,92,181.8
7,0.01,10:38,94,182.4
8,0.01,9:03,95,183.1
9,0.01,9:26,96,183.1
10,0.01,10:59,97,183.1
11,0.01,12:46,99,183.1
12,0.01,18:07,99,183.1
13,0.01,19:26,99,183.1
14,0.01,16:21,99,183.1
15,0.02,13:41,99,182.4
16,0.02,18:07,99,182.4
17,0.02,17:52,99,182.4
18,0.02,17:11,100,182.4
19,0.02,15:24,100,181.8
20,0.02,17:25,101,181.8
21,0.02,14:16,102,181.8
22,0.02,13:58,103,181.8
23,0.02,13:58,105,181.1
24,0.03,12:46,107,181.1
25,0.03,11:45,110,180.4
26,0.03,11:16,114,180.4
27,0.03,10:18,117,180.4
28,0.03,10:00,120,180.4
29,0.03,10:23,124,180.4
30,0.04,10:23,127,181.1
31,0.04,10:09,130,181.1
32,0.04,10:59,132,181.1
33,0.04,11:45,133,181.1
34,0.04,12:46,134,181.8
35,0.04,13:32,134,181.8
36,0.04,14:54,135,181.8
37,0.04,16:33,134,182.4
38,0.05,15:35,135,182.4
39,0.05,15:24,135,182.4
40,0.05,14:44,136,183.1
41,0.05,13:49,136,183.1
42,0.05,13:24,136,183.7
43,0.05,14:07,135,183.7
44,0.05,14:07,136,183.7
45,0.05,14:07,136,184.4
46,0.05,15:35,135,184.4
47,0.06,15:46,135,184.4
48,0.06,14:54,135,185.0
49,0.06,15:46,135,185.0
50,0.06,15:24,134,185.7
51,0.06,14:07,133,185.7
52,0.06,12:53,133,185.7
53,0.06,12:53,132,186.4
54,0.06,12:18,130,186.4
55,0.07,12:25,129,186.4
56,0.07,12:18,127,187.0
57,0.07,12:53,127,187.0
58,0.07,12:53,126,187.7
59,0.07,12:46,121,188.3
60,0.07,13:08,121,188.3
61,0.07,13:32,121,189.0
62,0.07,14:07,127,189.0
63,0.08,14:44,127,189.0
64,0.08,15:57,127,189.0
65,0.08,16:09,127,189.0
66,0.08,16:09,128,189.0
67,0.08,13:58,128,189.0
68,0.08,12:53,126,189.0
69,0.08,11:45,127,189.6
70,0.08,11:33,128,189.6
71,0.09,11:21,129,189.6
72,0.09,11:33,129,190.3
73,0.09,12:11,130,190.3
74,0.09,12:18,130,190.3
75,0.09,12:39,131,190.3
76,0.09,12:11,131,190.3
77,0.09,12:25,132,190.9
78,0.1,12:25,132,190.9
79,0.1,11:52,132,190.9
80,0.1,11:33,133,191.6
81,0.1,11:27,134,191.6
82,0.1,11:39,134,192.3
83,0.1,11:45,135,192.3
84,0.1,12:18,136,192.3
85,0.11,11:52,137,192.9
86,0.11,11:52,137,192.9
87,0.11,11:52,138,192.3
88,0.11,11:10,138,192.3
89,0.11,10:48,138,192.3
90,0.11,11:10,138,192.9
91,0.11,12:11,137,192.9
92,0.12,11:58,137,192.9
93,0.12,13:16,137,193.6
94,0.12,13:16,137,193.6
95,0.12,13:01,137,193.6
96,0.12,12:32,137,194.2
97,0.12,12:53,137,194.2
98,0.12,12:18,136,194.9
99,0.12,11:58,136,194.9
100,0.13,11:21,135,195.5
101,0.13,11:21,134,195.5
102,0.13,11:21,134,196.2
103,0.13,11:21,134,196.9
104,0.13,12:53,134,196.9
105,0.13,14:25,134,196.9
106,0.13,14:34,134,196.9
107,0.13,14:34,133,196.9
108,0.14,14:44,133,196.9
109,0.14,14:34,132,196.9
110,0.14,13:49,133,196.9
111,0.14,13:24,133,196.9
112,0.14,13:01,133,196.9
113,0.14,12:53,133,197.5
114,0.14,12:46,132,197.5
115,0.14,12:53,132,198.2
116,0.15,13:58,132,198.8
117,0.15,14:34,132,198.8
118,0.15,14:07,132,199.5
119,0.15,13:32,132,199.5
135,0.15,138:15,126,198.2
136,0.15,106:01,127,198.2
137,0.15,70:01,127,198.2
138,0.15,57:55,126,198.2
139,0.16,45:27,126,198.8
140,0.16,45:27,126,198.8
141,0.16,11:10,125,198.8
142,0.16,12:11,125,198.8
143,0.16,12:32,124,199.5
144,0.16,12:32,125,199.5
145,0.16,12:46,126,199.5
146,0.17,12:25,126,199.5
147,0.17,12:04,127,199.5
148,0.17,11:33,128,199.5
149,0.17,12:04,129,199.5
150,0.17,12:32,130,199.5
151,0.17,12:39,130,200.1
152,0.17,12:04,131,200.1
153,0.18,11:45,132,200.1
154,0.18,11:16,132,200.8
155,0.18,10:48,132,200.8
156,0.18,10:28,132,201.4
157,0.18,10:33,132,201.4
158,0.18,10:18,132,202.1
159,0.19,10:48,132,202.1
160,0.19,11:27,132,202.1
161,0.19,11:27,133,202.8
162,0.19,11:39,133,202.8
163,0.19,12:04,133,203.4
164,0.19,12:53,132,203.4
165,0.19,12:18,132,203.4
166,0.19,12:53,132,204.1
167,0.2,12:53,133,204.1
168,0.2,13:32,133,204.1
169,0.2,12:53,134,204.1
170,0.2,13:41,135,204.7
171,0.2,13:24,135,204.7
172,0.2,13:32,135,204.7
173,0.2,13:24,136,204.7
174,0.2,13:49,137,205.4
175,0.21,13:32,137,205.4
176,0.21,13:16,137,206.0
177,0.21,12:39,137,206.0
178,0.21,12:11,138,206.0
179,0.21,11:45,137,206.7
180,0.21,11:58,136,206.7
181,0.21,11:58,136,207.3
182,0.22,11:58,137,207.3
183,0.22,12:25,137,207.3
184,0.22,13:01,137,208.0
185,0.22,13:49,136,208.0
186,0.22,14:07,136,208.0
187,0.22,15:24,135,208.0
188,0.22,16:45,135,208.0
189,0.22,18:53,135,208.7
190,0.22,20:19,135,208.7
191,0.22,26:17,136,208.7
192,0.22,37:15,136,209.3
193,0.22,27:56,136,209.3
194,0.23,26:49,134,209.3
195,0.23,24:23,133,209.3
196,0.23,13:01,133,209.3
197,0.23,7:58,134,209.3
198,0.24,7:29,135,209.3
199,0.24,6:10,135,209.3
200,0.24,5:40,136,209.3
201,0.24,6:21,136,209.3
202,0.24,7:45,135,209.3
203,0.25,8:26,135,209.3
204,0.25,10:05,136,209.3
205,0.25,10:43,136,209.3
206,0.25,11:16,137,209.3
207,0.25,10:43,138,209.3
208,0.25,11:05,138,209.3
209,0.25,10:54,138,210.0
210,0.26,11:54,138,210.0
211,0.26,11:17,137,210.0
212,0.26,10:33,138,210.0
213,0.26,9:56,138,210.6
214,0.26,9:56,139,210.6
215,0.27,8:44,139,211.3
216,0.27,7:58,140,211.3
217,0.27,8:13,140,211.3
218,0.27,8:04,140,211.3
219,0.27,7:32,140,211.3
220,0.28,7:56,140,211.3
221,0.28,8:49,140,211.3
222,0.28,9:34,141,211.3
223,0.28,9:26,141,211.3
224,0.28,10:14,141,211.3
225,0.28,9:47,141,211.3
226,0.29,9:51,141,210.6
227,0.29,9:56,141,210.6
228,0.29,9:14,141,210.6
229,0.29,9:03,141,210.0
230,0.29,9:03,142,210.6
231,0.29,9:22,141,210.6
232,0.3,9:14,141,210.6
233,0.3,10:09,141,210.6
234,0.3,10:23,141,210.6
235,0.3,11:33,141,210.0
236,0.3,13:08,141,210.0
237,0.3,17:52,141,210.0
238,0.3,27:56,142,210.0
239,0.3,23:31,141,210.0
240,0.3,18:53,141,210.0
241,0.31,14:34,141,209.3
242,0.31,11:21,141,209.3
243,0.31,9:00,140,208.7
244,0.31,9:34,140,208.7
245,0.31,9:56,141,208.7
246,0.32,9:47,141,208.7
247,0.32,9:18,141,208.7
248,0.32,9:38,140,208.7
249,0.32,9:30,141,208.7
250,0.32,9:51,141,208.7
251,0.32,10:28,141,208.0
252,0.32,11:10,141,208.0
253,0.33,12:39,140,208.0
254,0.33,13:01,140,207.3
255,0.33,12:11,139,207.3
256,0.33,11:39,139,207.3
257,0.33,11:39,138,206.7
258,0.33,10:43,138,206.7
259,0.33,10:33,138,206.7
260,0.34,11:16,137,206.7
261,0.34,11:52,137,207.3
262,0.34,12:11,137,207.3
263,0.34,12:18,137,207.3
264,0.34,12:39,138,207.3
265,0.34,11:58,137,207.3
266,0.34,11:10,137,207.3
267,0.35,11:05,138,208.0
268,0.35,10:54,138,208.0
269,0.35,11:05,137,207.3
270,0.35,11:45,137,207.3
271,0.35,12:39,138,206.7
272,0.35,13:16,137,206.7
273,0.35,13:16,137,206.0
274,0.36,13:16,137,206.0
275,0.36,12:18,137,206.7
276,0.36,11:10,138,206.7
277,0.36,10:28,138,206.7
278,0.36,10:14,139,206.7
279,0.36,9:38,138,206.7
280,0.36,10:05,138,206.7
281,0.37,10:43,138,206.7
282,0.37,11:10,137,206.7
283,0.37,11:33,137,206.7
284,0.37,12:39,138,206.7
285,0.37,12:18,139,206.7
286,0.37,12:46,139,206.7
287,0.37,12:46,139,206.7
288,0.38,12:32,139,206.7
289,0.38,12:11,139,206.7
290,0.38,11:45,138,206.0
291,0.38,11:39,138,206.0
292,0.38,11:10,138,206.7
293,0.38,11:52,138,206.7
294,0.38,12:18,137,206.7
295,0.39,13:01,137,206.7
296,0.39,12:18,137,206.7
297,0.39,12:25,137,206.0
298,0.39,11:39,137,206.0
299,0.39,11:16,138,206.0
300,0.39,11:05,138,206.0
301,0.39,11:16,138,206.0
302,0.4,10:38,138,206.7
303,0.4,10:14,138,206.7
304,0.4,9:56,138,206.7
305,0.4,9:30,138,206.7
306,0.4,9:43,137,206.7
307,0.4,10:23,137,206.0
308,0.41,10:54,136,206.0
309,0.41,10:28,136,206.0
310,0.41,11:39,135,206.0
311,0.41,11:33,135,206.0
312,0.41,11:27,135,206.0
313,0.41,11:10,135,206.0
314,0.41,11:45,133,206.0
315,0.42,11:05,133,205.4
316,0.42,10:28,133,205.4
317,0.42,10:28,133,204.7
318,0.42,10:33,133,204.7
319,0.42,11:05,134,204.7
320,0.42,11:33,134,204.7
321,0.42,12:46,134,204.7
322,0.43,13:16,134,204.7
323,0.43,14:34,136,204.7
324,0.43,14:34,136,204.7
325,0.43,14:34,135,204.7
326,0.43,14:44,136,204.7
327,0.43,14:07,136,204.1
328,0.43,12:53,136,204.1
329,0.43,13:01,136,204.1
330,0.44,12:46,136,204.1
331,0.44,12:04,136,203.4
332,0.44,12:25,137,202.8
333,0.44,12:11,136,202.8
334,0.44,11:45,135,202.8
335,0.44,11:05,136,202.8
336,0.44,11:16,135,202.1
337,0.45,10:59,135,202.1
338,0.45,10:54,135,202.1
339,0.45,10:48,135,201.4
340,0.45,11:05,135,201.4
341,0.45,11:39,134,201.4
342,0.45,12:25,134,201.4
343,0.45,13:41,135,201.4
344,0.45,14:44,134,201.4
345,0.46,15:04,134,201.4
346,0.46,13:32,134,200.8
347,0.46,12:25,133,200.8
348,0.46,11:52,134,201.4
349,0.46,11:10,134,201.4
350,0.46,10:38,134,201.4
351,0.47,10:33,134,201.4
352,0.47,10:59,133,201.4
353,0.47,11:05,132,201.4
354,0.47,11:10,132,201.4
355,0.47,11:33,133,201.4
356,0.47,11:45,133,200.8
357,0.47,12:04,133,200.8
358,0.48,12:11,134,200.8
359,0.48,11:58,134,200.8
360,0.48,12:11,135,200.1
361,0.48,12:53,135,200.1
362,0.48,11:52,135,199.5
363,0.48,10:48,135,198.8
364,0.48,11:10,135,198.2
365,0.49,10:59,134,198.2
366,0.49,10:23,134,198.2
367,0.49,10:28,134,198.2
368,0.49,11:39,134,198.8
369,0.49,11:33,134,198.8
370,0.49,11:10,133,198.8
371,0.49,11:05,134,199.5
372,0.5,11:10,135,199.5
373,0.5,11:10,135,200.1
374,0.5,11:21,135,200.1
375,0.5,12:25,135,200.8
376,0.5,13:01,134,200.8
377,0.5,13:08,134,200.8
378,0.5,13:01,134,200.8
379,0.51,12:32,134,200.1
380,0.51,12:18,135,199.5
381,0.51,12:39,135,199.5
382,0.51,12:39,134,199.5
383,0.51,12:25,133,199.5
384,0.51,13:08,133,199.5
385,0.51,12:53,132,199.5
386,0.51,12:53,132,199.5
387,0.52,12:46,132,198.8
388,0.52,12:18,131,198.8
389,0.52,12:04,131,198.8
390,0.52,12:11,130,198.8
391,0.52,12:04,130,198.8
392,0.52,11:45,127,198.8
393,0.52,12:18,125,198.8
394,0.53,12:04,124,198.2
395,0.53,12:04,124,198.2
396,0.53,11:58,124,198.2
397,0.53,11:58,124,198.2
398,0.53,11:33,125,197.5
399,0.53,11:27,125,197.5
400,0.53,11:05,125,197.5
401,0.54,10:43,125,197.5
402,0.54,10:48,126,197.5
403,0.54,10:43,126,197.5
404,0.54,10:23,127,197.5
405,0.54,10:33,126,197.5
406,0.54,10:18,126,196.9
407,0.55,10:33,125,196.9
408,0.55,11:05,125,196.9
409,0.55,11:21,124,197.5
410,0.55,11:27,124,196.9
411,0.55,12:11,124,196.9
412,0.55,12:04,125,196.9
413,0.55,11:45,126,196.2
414,0.56,11:52,127,196.2
415,0.56,11:21,128,195.5
416,0.56,10:59,129,195.5
417,0.56,11:21,130,195.5
418,0.56,11:05,131,195.5
419,0.56,11:05,131,195.5
420,0.56,11:39,133,195.5
421,0.57,11:52,133,195.5
422,0.57,11:33,134,195.5
423,0.57,12:25,135,195.5
424,0.57,13:08,136,194.9
425,0.57,13:24,136,194.9
426,0.57,13:32,136,194.9
427,0.57,14:16,135,194.9
428,0.57,13:41,135,194.2
429,0.58,13:01,135,194.2
430,0.58,11:52,135,194.2
431,0.58,11:58,135,194.2
432,0.58,10:59,136,193.6
433,0.58,10:54,136,193.6
434,0.58,10:38,136,192.9
435,0.58,11:16,135,192.9
436,0.59,10:59,136,192.9
437,0.59,11:45,135,192.9
438,0.59,11:58,136,192.9
439,0.59,12:32,136,193.6
440,0.59,12:53,135,193.6
441,0.59,13:01,135,192.9
442,0.59,13:01,135,192.9
443,0.6,11:52,135,192.9
444,0.6,11:33,135,192.3
445,0.6,11:05,135,192.3
446,0.6,10:23,134,192.3
447,0.6,10:09,135,191.6
448,0.6,10:33,134,191.6
449,0.61,10:14,134,190.9
450,0.61,10:09,134,190.9
451,0.61,10:54,133,190.9
452,0.61,11:10,132,190.9
453,0.61,11:45,131,190.9
454,0.61,12:25,131,190.3
455,0.61,12:32,131,190.3
456,0.62,11:58,131,190.3
457,0.62,11:33,131,190.3
458,0.62,11:21,131,189.6
459,0.62,11:05,131,189.6
460,0.62,10:59,130,189.0
461,0.62,11:16,131,189.0
462,0.62,11:16,131,189.0
463,0.63,11:21,131,188.3
464,0.63,11:10,131,188.3
465,0.63,11:45,131,188.3
466,0.63,12:11,131,188.3
467,0.63,13:01,131,188.3
468,0.63,13:32,131,188.3
469,0.63,14:25,131,188.3
470,0.63,14:16,131,188.3
471,0.64,12:46,131,188.3
472,0.64,12:11,131,187.7
473,0.64,11:16,131,187.7
474,0.64,10:59,131,187.7
475,0.64,11:05,131,187.7
476,0.64,11:21,131,187.7
477,0.65,10:38,132,187.0
478,0.65,10:43,132,187.0
479,0.65,10:33,133,187.0
480,0.65,10:05,133,187.0
481,0.65,10:18,134,186.4
482,0.65,11:10,134,186.4
483,0.65,11:27,134,186.4
484,0.66,11:58,134,186.4
485,0.66,12:25,134,185.7
486,0.66,12:53,134,185.7
487,0.66,12:39,134,185.7
488,0.66,12:53,134,185.7
489,0.66,13:01,133,185.0
490,0.66,12:39,133,185.0
491,0.66,12:11,133,185.0
492,0.67,11:52,134,185.0
493,0.67,11:39,133,185.0
494,0.67,11:10,134,185.0
495,0.67,11:21,133,185.0
496,0.67,11:39,133,184.4
497,0.67,11:52,131,184.4
498,0.67,11:33,131,184.4
499,0.68,11:45,131,183.7
500,0.68,11:33,130,183.7
501,0.68,11:45,130,183.7
502,0.68,11:58,130,183.1
503,0.68,11:39,130,183.1
504,0.68,11:45,130,183.1
505,0.68,12:04,129,182.4
506,0.69,12:18,129,182.4
507,0.69,12:32,130,182.4
508,0.69,12:25,130,181.8
509,0.69,11:39,130,181.8
510,0.69,11:33,130,181.1
511,0.69,10:59,131,180.4
512,0.69,10:38,132,180.4
513,0.7,11:21,132,180.4
514,0.7,12:25,132,180.4
515,0.7,11:58,131,180.4
516,0.7,12:11,132,180.4
517,0.7,12:11,133,180.4
518,0.7,11:52,132,180.4
519,0.7,11:27,133,180.4
520,0.71,11:39,134,179.8
521,0.71,11:39,134,179.8
522,0.71,11:33,134,179.8
523,0.71,11:39,134,179.8
524,0.71,11:45,134,179.8
525,0.71,11:52,134,179.8
526,0.71,12:11,134,179.8
527,0.72,12:39,134,180.4
528,0.72,12:46,133,180.4
529,0.72,12:18,133,180.4
530,0.72,11:45,133,180.4
531,0.72,11:16,134,179.8
532,0.72,11:10,134,179.8
533,0.72,11:21,134,179.1
534,0.73,10:38,134,178.5
535,0.73,10:43,134,177.8
536,0.73,10:28,135,177.8
537,0.73,10:28,134,177.8
538,0.73,10:28,134,177.2
539,0.73,11:58,134,177.2
540,0.73,12:32,135,177.2
541,0.74,12:39,134,177.2
542,0.74,12:39,135,176.5
543,0.74,12:11,136,176.5
544,0.74,11:52,136,176.5
545,0.74,11:52,136,175.9
546,0.74,11:58,137,175.9
547,0.74,11:52,137,175.2
548,0.75,11:52,138,175.2
549,0.75,11:39,138,175.2
550,0.75,11:52,138,175.2
551,0.75,11:52,138,175.2
552,0.75,11:39,138,175.2
553,0.75,11:45,138,175.2
554,0.75,11:39,138,175.2
555,0.76,11:16,138,175.2
556,0.76,11:05,138,175.2
557,0.76,11:05,137,174.5
558,0.76,11:05,137,174.5
559,0.76,10:59,136,174.5
560,0.76,11:05,136,174.5
561,0.76,11:16,137,174.5
562,0.77,11:52,137,175.2
563,0.77,11:52,138,175.2
564,0.77,11:33,139,175.2
565,0.77,10:59,139,175.2
566,0.77,10:54,139,175.9
567,0.77,10:38,139,175.9
568,0.78,10:38,139,175.2
569,0.78,10:48,139,175.2
570,0.78,11:21,139,175.2
571,0.78,11:16,139,175.9
572,0.78,11:05,138,175.9
573,0.78,11:39,138,175.9
574,0.78,12:32,138,175.9
575,0.78,13:01,138,175.9
576,0.79,13:49,138,175.9
577,0.79,14:16,138,175.9
578,0.79,14:34,139,175.9
579,0.79,14:16,138,176.5
580,0.79,14:16,138,176.5
581,0.79,14:25,137,176.5
582,0.79,13:49,137,176.5
583,0.79,12:53,137,176.5
584,0.8,12:25,137,176.5
585,0.8,12:04,136,176.5
586,0.8,11:21,137,176.5
587,0.8,11:21,137,176.5
588,0.8,11:16,138,176.5
589,0.8,10:54,138,176.5
590,0.8,10:59,138,176.5
591,0.81,11:10,138,176.5
592,0.81,11:16,138,176.5
593,0.81,11:16,138,176.5
594,0.81,11:58,137,176.5
595,0.81,12:11,137,176.5
596,0.81,12:32,138,176.5
597,0.81,13:01,137,176.5
598,0.82,13:01,138,176.5
599,0.82,12:39,138,176.5
600,0.82,12:39,137,176.5
601,0.82,12:32,137,176.5
602,0.82,11:52,136,176.5
603,0.82,11:45,137,177.2
604,0.82,11:33,138,177.2
605,0.83,10:59,137,177.2
606,0.83,10:48,138,177.2
607,0.83,11:16,137,176.5
608,0.83,11:33,137,176.5
609,0.83,11:33,136,176.5
610,0.83,11:52,136,176.5
611,0.83,12:25,136,176.5
612,0.84,12:25,135,177.2
613,0.84,12:39,136,177.2
614,0.84,13:01,135,177.8
615,0.84,13:01,136,177.8
616,0.84,13:16,136,178.5
617,0.84,13:32,137,178.5
618,0.84,13:01,137,178.5
619,0.84,12:39,137,178.5
620,0.85,12:39,138,178.5
621,0.85,11:58,139,178.5
622,0.85,11:21,139,178.5
623,0.85,11:05,140,178.5
624,0.85,11:05,140,178.5
625,0.85,11:05,139,178.5
626,0.85,11:21,140,177.8
627,0.86,11:45,140,177.8
628,0.86,12:25,140,177.8
629,0.86,12:25,141,177.8
630,0.86,12:32,141,177.2
631,0.86,11:58,141,177.8
632,0.86,11:39,142,177.8
633,0.86,11:27,142,177.8
634,0.87,12:04,142,178.5
635,0.87,11:52,143,178.5
636,0.87,11:58,143,178.5
637,0.87,12:11,143,178.5
638,0.87,12:04,143,178.5
639,0.87,12:04,142,178.5
640,0.87,12:11,142,179.1
641,0.88,12:18,141,179.1
642,0.88,12:18,141,179.1
643,0.88,12:18,141,179.8
644,0.88,12:25,142,179.8
645,0.88,11:58,141,179.8
646,0.88,12:18,141,179.8
647,0.88,12:18,140,179.8
648,0.88,12:18,140,179.8
649,0.89,11:45,139,179.8
650,0.89,11:58,139,179.8
651,0.89,11:39,139,179.8
652,0.89,11:16,139,179.8
653,0.89,11:27,139,179.8
654,0.89,11:33,139,179.8
655,0.89,12:04,139,179.8
656,0.9,12:04,139,179.1
657,0.9,12:39,139,178.5
658,0.9,12:11,138,178.5
659,0.9,11:58,137,177.8
660,0.9,12:18,137,178.5
661,0.9,12:46,137,178.5
662,0.9,13:08,138,178.5
663,0.91,13:32,139,178.5
664,0.91,13:58,139,178.5
665,0.91,13:16,137,177.8
666,0.91,12:32,137,177.2
667,0.91,12:25,136,177.2
668,0.91,12:11,136,176.5
669,0.91,11:39,136,176.5
670,0.91,11:45,135,175.9
671,0.92,12:04,135,176.5
672,0.92,11:27,134,176.5
673,0.92,11:33,135,175.9
674,0.92,12:39,134,175.9
675,0.92,11:39,135,175.9
676,0.92,12:04,135,175.2
677,0.92,12:39,135,174.5
678,0.93,12:39,135,173.9
679,0.93,12:04,136,173.9
680,0.93,12:25,136,173.2
681,0.93,11:52,137,173.2
682,0.93,11:16,137,172.6
683,0.93,11:45,137,171.9
684,0.93,11:21,137,171.3
685,0.94,11:10,137,170.6
686,0.94,10:43,136,169.9
687,0.94,11:21,135,169.3
688,0.94,10:38,134,168.6
689,0.94,10:43,136,168.6
690,0.94,11:21,136,168.0
691,0.95,11:33,136,168.0
692,0.95,11:27,136,167.3
693,0.95,11:52,135,167.3
694,0.95,11:33,136,166.7
695,0.95,10:43,136,166.7
696,0.95,11:05,135,166.7
697,0.95,10:33,134,166.7
698,0.96,10:23,134,166.7
699,0.96,10:48,133,166.0
700,0.96,11:05,133,165.4
701,0.96,10:48,133,165.4
702,0.96,11:16,132,164.7
703,0.96,11:05,133,164.0
704,0.96,10:38,133,163.4
705,0.97,10:54,133,163.4
706,0.97,10:54,133,162.7
707,0.97,10:43,132,162.7
708,0.97,10:43,132,162.1
709,0.97,10:59,131,162.1
710,0.97,10:48,131,161.4
711,0.98,10:28,131,160.8
712,0.98,10:18,130,160.8
713,0.98,10:43,130,160.1
714,0.98,10:48,130,160.1
715,0.98,11:16,129,159.4
716,0.98,11:45,130,158.8
717,0.98,12:32,130,158.1
718,0.99,13:01,130,157.5
719,0.99,13:49,130,156.8
720,0.99,14:07,130,157.5
721,0.99,14:16,131,157.5
722,0.99,13:58,131,158.1
723,0.99,13:24,132,158.1
724,0.99,12:39,132,158.1
725,0.99,12:53,132,158.8
726,1.0,13:32,132,159.4
727,1.0,13:41,133,160.1
728,1.0,13:24,134,160.8
729,1.0,13:32,134,161.4
730,1.0,13:08,134,161.4
731,1.0,13:08,134,161.4
732,1.0,13:16,135,161.4
733,1.0,13:58,135,162.1
734,1.01,13:32,135,162.1
735,1.01,13:08,135,162.7
736,1.01,12:25,136,162.7
737,1.01,12:04,136,163.4
738,1.01,11:52,136,163.4
739,1.01,12:04,136,164.0
740,1.01,12:18,137,164.7
741,1.01,12:25,137,164.7
742,1.02,12:32,138,165.4
743,1.02,12:04,139,165.4
744,1.02,11:45,139,165.4
745,1.02,11:58,138,166.0
746,1.02,11:33,138,166.0
747,1.02,11:16,138,166.7
748,1.02,11:21,137,167.3
749,1.03,11:45,137,167.3
750,1.03,11:10,137,168.0
751,1.03,11:10,138,168.0
752,1.03,11:33,138,168.6
753,1.03,12:11,139,168.6
754,1.03,12:11,140,169.3
755,1.03,12:25,140,169.3
756,1.04,13:01,140,168.6
757,1.04,12:32,140,168.6
758,1.04,11:39,140,168.6
759,1.04,11:21,140,168.6
760,1.04,11:33,141,168.6
761,1.04,11:39,141,168.6
762,1.04,12:18,141,168.0
763,1.05,13:08,142,168.0
764,1.05,13:08,141,167.3
765,1.05,13:32,142,167.3
766,1.05,13:58,141,167.3
767,1.05,13:58,141,167.3
768,1.05,14:16,141,166.7
769,1.05,14:07,141,166.0
770,1.05,13:24,141,166.0
771,1.06,13:01,140,166.0
772,1.06,12:04,140,165.4
773,1.06,11:21,140,165.4
774,1.06,11:16,140,165.4
775,1.06,11:10,139,164.7
776,1.06,10:23,139,164.0
777,1.06,10:33,139,163.4
778,1.07,10:43,139,163.4
779,1.07,11:33,139,162.7
780,1.07,11:45,139,162.7
781,1.07,12:18,140,162.1
782,1.07,12:18,140,162.1
783,1.07,11:27,140,161.4
784,1.08,10:28,141,161.4
785,1.08,10:09,141,160.8
786,1.08,10:14,140,160.8
787,1.08,10:14,140,160.8
788,1.08,10:18,139,160.1
789,1.08,10:14,139,160.1
790,1.08,10:28,139,159.4
791,1.09,10:54,139,159.4
792,1.09,11:16,139,158.8
793,1.09,11:58,138,158.8
794,1.09,13:24,138,158.8
795,1.09,14:44,137,158.8
796,1.09,14:25,137,158.8
797,1.09,14:07,137,158.1
798,1.09,13:49,137,158.1
799,1.1,13:32,137,157.5
800,1.1,12:46,138,157.5
801,1.1,13:08,137,156.8
802,1.1,13:01,138,156.8
803,1.1,13:01,138,156.8
804,1.1,12:46,138,156.2
805,1.1,12:25,139,156.2
806,1.11,11:45,139,155.5
807,1.11,11:39,139,154.9
808,1.11,11:58,139,154.9
809,1.11,12:18,139,154.2
810,1.11,12:32,138,154.2
811,1.11,12:32,137,153.5
812,1.11,12:46,137,153.5
813,1.11,12:11,137,153.5
814,1.12,11:58,137,152.9
815,1.12,11:45,137,152.9
816,1.12,11:39,137,152.2
817,1.12,11:27,136,152.2
818,1.12,11:10,136,151.6
819,1.12,10:54,136,151.6
820,1.13,10:43,137,150.9
821,1.13,10:48,136,150.9
822,1.13,10:54,136,150.9
823,1.13,11:45,137,150.3
824,1.13,12:39,136,149.6
825,1.13,13:16,135,149.6
826,1.13,13:58,134,149.6
827,1.13,14:54,134,149.0
828,1.14,14:07,135,149.0
829,1.14,13:24,134,149.0
830,1.14,13:16,133,148.3
831,1.14,12:18,132,148.3
832,1.14,11:27,132,147.6
833,1.14,11:52,132,147.6
834,1.14,11:52,132,147.6
835,1.14,11:45,131,147.0
836,1.15,11:39,131,146.3
837,1.15,11:52,131,146.3
838,1.15,11:58,131,145.7
839,1.15,12:25,133,145.0
840,1.15,12:53,132,145.0
841,1.15,14:54,134,144.4
842,1.15,15:35,132,144.4
843,1.15,15:24,132,144.4
844,1.16,14:25,132,144.4
845,1.16,13:41,131,144.4
846,1.16,12:32,130,144.4
847,1.16,12:11,130,145.0
848,1.16,11:45,129,145.0
849,1.16,12:04,128,145.7
850,1.16,12:46,129,145.7
851,1.17,12:53,128,145.7
852,1.17,12:53,129,146.3
853,1.17,14:07,129,147.0
854,1.17,14:44,130,147.6
882,1.17,487:40,117,135.8
883,1.17,372:32,123,135.2
884,1.17,175:18,123,135.2
885,1.17,112:13,122,135.2
886,1.17,86:48,122,135.2
887,1.18,86:48,121,135.2
888,1.18,10:18,120,135.2
889,1.18,10:33,119,135.2
890,1.18,11:05,120,135.8
891,1.18,11:16,123,135.8
892,1.18,11:52,123,135.2
893,1.18,12:04,122,135.2
894,1.19,12:25,123,135.2
895,1.19,12:46,124,135.2
896,1.19,13:24,124,135.2
897,1.19,14:16,125,135.8
898,1.19,13:58,126,135.8
899,1.19,13:24,126,135.8
900,1.19,12:25,127,135.8
901,1.2,11:39,128,135.8
902,1.2,11:16,128,135.8
903,1.2,11:45,127,135.8
904,1.2,12:18,127,135.8
905,1.2,13:08,127,135.8
906,1.2,14:34,128,135.8
907,1.2,13:49,127,135.8
908,1.2,13:16,127,135.8
909,1.21,12:11,126,135.8
910,1.21,12:11,126,135.8
911,1.21,11:58,126,135.8
912,1.21,12:11,126,135.8
913,1.21,12:25,126,135.8
914,1.21,12:18,127,135.8
915,1.21,11:45,127,135.8
916,1.22,11:05,127,135.2
917,1.22,11:16,127,135.2
918,1.22,11:58,127,135.2
919,1.22,12:46,127,134.5
920,1.22,13:41,127,134.5
921,1.22,13:49,127,133.9
922,1.22,13:58,127,133.9
923,1.22,13:24,128,133.9
924,1.23,13:08,129,133.9
925,1.23,12:11,128,133.9
926,1.23,11:52,128,133.9
927,1.23,11:33,129,133.9
928,1.23,10:59,129,133.9
929,1.23,10:48,129,133.2
930,1.23,11:21,129,133.2
931,1.24,11:45,130,132.5
932,1.24,12:04,130,132.5
933,1.24,11:45,130,132.5
934,1.24,12:04,130,131.9
935,1.24,11:21,131,132.5
936,1.24,11:10,132,132.5
937,1.24,11:05,132,131.9
938,1.25,11:33,131,131.9
939,1.25,11:58,132,131.9
940,1.25,12:39,132,131.9
941,1.25,12:46,132,131.2
942,1.25,12:32,133,131.2
943,1.25,12:39,133,130.6
944,1.25,12:11,133,130.6
945,1.26,11:52,133,129.9
946,1.26,11:45,133,129.9
947,1.26,11:52,133,129.9
948,1.26,12:04,134,129.9
949,1.26,12:39,134,129.9
950,1.26,12:39,134,129.3
951,1.26,12:46,135,129.3
952,1.26,12:39,136,128.6
953,1.27,12:53,136,128.6
954,1.27,12:39,136,128.6
955,1.27,12:32,138,128.6
956,1.27,12:39,138,129.3
957,1.27,12:46,138,130.6
958,1.27,11:52,139,131.2
959,1.27,11:39,138,132.5
960,1.28,11:58,138,133.2
961,1.28,11:58,138,133.9
962,1.28,12:04,137,134.5
963,1.28,12:46,137,133.9
964,1.28,12:39,137,133.2
965,1.28,11:58,137,131.9
966,1.28,12:32,136,130.6
967,1.28,12:32,137,129.9
968,1.29,12:11,136,129.9
969,1.29,12:04,137,129.9
970,1.29,12:39,137,129.9
971,1.29,11:52,138,129.9
972,1.29,11:33,139,130.6
973,1.29,11:21,139,130.6
974,1.29,11:21,139,131.2
975,1.3,11:39,138,131.2
976,1.3,11:33,138,131.2
977,1.3,11:45,137,129.9
978,1.3,11:52,137,128.6
979,1.3,11:58,137,127.3
980,1.3,11:39,137,126.0
981,1.3,11:27,137,125.3
982,1.31,11:45,137,124.7
983,1.31,12:39,137,124.7
984,1.31,12:25,137,124.0
985,1.31,12:39,138,124.0
986,1.31,13:24,137,124.7
987,1.31,13:24,137,125.3
988,1.31,12:46,137,126.0
989,1.31,13:41,137,127.3
990,1.32,13:58,137,128.0
991,1.32,13:49,137,128.6
992,1.32,13:58,137,128.6
993,1.32,13:49,137,129.3
994,1.32,13:24,137,129.9
995,1.32,13:24,137,130.6
996,1.32,13:08,137,131.9
997,1.32,12:46,136,132.5
998,1.33,12:53,136,133.2
999,1.33,12:53,136,133.2
1000,1.33,12:46,136,133.9
1001,1.33,12:53,138,134.5
1002,1.33,12:39,139,135.2
1003,1.33,12:32,140,135.2
1004,1.33,12:04,142,135.2
1005,1.34,11:52,142,134.5
1006,1.34,11:52,142,134.5
1007,1.34,12:11,142,134.5
1008,1.34,12:25,141,134.5
1009,1.34,13:01,141,134.5
1010,1.34,13:08,141,134.5
1011,1.34,13:01,141,135.2
1012,1.34,12:53,140,135.2
1013,1.35,12:32,140,135.2
1014,1.35,12:32,139,135.8
1015,1.35,12:25,139,136.5
1016,1.35,12:18,140,136.5
1017,1.35,11:52,140,136.5
1018,1.35,11:39,140,135.8
1019,1.35,11:16,139,135.2
1020,1.36,11:16,139,134.5
1021,1.36,11:27,139,134.5
1022,1.36,12:04,140,134.5
1023,1.36,12:18,140,134.5
1024,1.36,12:32,140,135.8
1025,1.36,12:25,139,136.5
1026,1.36,12:46,139,137.8
1027,1.37,12:25,139,138.5
1028,1.37,12:04,138,138.5
1029,1.37,12:04,137,138.5
1030,1.37,12:11,137,138.5
1031,1.37,12:04,137,139.1
1032,1.37,11:39,137,139.1
1033,1.37,11:39,137,139.1
1034,1.38,11:33,137,138.5
1035,1.38,11:27,138,137.8
1036,1.38,11:27,138,137.1
1037,1.38,11:39,138,137.1
1038,1.38,12:25,137,137.8
1039,1.38,12:46,137,137.8
1040,1.38,12:53,139,138.5
1041,1.38,13:24,138,138.5
1042,1.39,13:49,138,137.8
1043,1.39,13:08,138,137.8
1044,1.39,12:53,138,137.8
1045,1.39,12:46,137,138.5
1046,1.39,12:11,136,138.5
1047,1.39,11:45,135,139.1
1048,1.39,11:52,135,139.1
1049,1.4,11:33,134,139.1
1050,1.4,11:45,134,139.1
1051,1.4,11:45,134,138.5
1052,1.4,12:04,133,138.5
1053,1.4,11:21,133,138.5
1054,1.4,10:54,134,138.5
1055,1.4,10:33,134,138.5
1056,1.41,10:23,135,138.5
1057,1.41,10:18,135,137.8
1058,1.41,10:59,135,137.8
1059,1.41,11:52,135,137.8
1060,1.41,12:18,135,137.8
1061,1.41,13:08,135,137.1
1062,1.41,13:24,137,137.1
1063,1.42,13:16,137,136.5
1064,1.42,12:53,137,136.5
1065,1.42,12:39,137,135.8
1066,1.42,12:32,137,135.8
1067,1.42,13:08,137,135.8
1068,1.42,13:32,137,135.8
1069,1.42,13:41,137,135.2
1070,1.42,14:16,137,135.2
1071,1.43,13:32,137,135.8
1072,1.43,12:46,138,135.8
1073,1.43,12:11,138,135.8
1074,1.43,11:39,139,135.8
1075,1.43,11:21,139,135.8
1076,1.43,11:33,139,135.8
1077,1.43,11:27,139,135.8
1078,1.44,11:45,139,135.8
1079,1.44,12:11,139,135.8
1080,1.44,12:39,139,135.8
1081,1.44,12:53,139,135.8
1082,1.44,13:24,139,135.2
1083,1.44,13:32,139,135.2
1084,1.44,14:16,138,135.2
1085,1.44,13:32,138,135.2
1086,1.45,13:16,137,135.8
1087,1.45,12:39,138,135.8
1088,1.45,12:11,138,135.8
1089,1.45,11:45,139,135.8
1090,1.45,11:52,138,135.2
1091,1.45,11:45,139,135.2
1092,1.45,12:11,139,135.2
1093,1.46,12:04,139,135.2
1094,1.46,12:04,139,135.2
1095,1.46,12:18,139,135.2
1096,1.46,12:32,139,135.2
1097,1.46,12:04,139,135.2
1098,1.46,12:11,138,135.2
1099,1.46,12:04,138,134.5
1100,1.47,11:16,139,134.5
1101,1.47,11:05,140,134.5
1102,1.47,10:54,140,134.5
1103,1.47,11:05,140,133.9
1104,1.47,11:16,140,133.9
1105,1.47,11:52,140,133.2
1106,1.47,12:04,140,133.2
1107,1.47,12:39,140,132.5
1108,1.48,12:53,141,132.5
1109,1.48,13:08,141,132.5
1110,1.48,12:46,141,131.9
1111,1.48,12:25,142,131.9
1112,1.48,12:11,142,131.2
1113,1.48,11:58,141,131.2
1114,1.48,11:33,141,130.6
1115,1.49,11:27,141,129.9
1116,1.49,11:21,141,129.3
1117,1.49,11:05,141,128.6
1118,1.49,10:43,141,128.0
1119,1.49,10:48,142,127.3
1120,1.49,11:10,142,126.6
1121,1.49,11:52,142,126.6
1122,1.5,12:25,142,126.0
1123,1.5,12:53,141,126.0
1124,1.5,12:32,142,125.3
1125,1.5,12:18,140,125.3
1126,1.5,11:58,140,125.3
1127,1.5,11:52,140,125.3
1128,1.5,12:11,140,125.3
1129,1.51,13:01,139,125.3
1130,1.51,12:53,140,124.7
1131,1.51,12:25,140,124.7
1132,1.51,12:11,140,124.0
1133,1.51,11:45,140,124.0
1134,1.51,11:10,140,124.0
1135,1.51,11:21,140,124.0
1136,1.52,11:33,140,124.7
1137,1.52,11:45,140,124.7
1138,1.52,12:04,141,124.7
1139,1.52,12:11,141,124.7
1140,1.52,11:58,142,124.0
1141,1.52,11:45,141,123.4
1142,1.52,11:21,141,123.4
1143,1.53,10:59,141,123.4
1144,1.53,10:59,141,123.4
1145,1.53,11:10,140,123.4
1146,1.53,11:16,140,123.4
1147,1.53,11:33,140,123.4
1148,1.53,11:52,139,123.4
1149,1.53,12:04,140,122.7
1150,1.54,12:18,139,122.0
1151,1.54,12:32,139,122.0
1152,1.54,13:08,139,121.4
1153,1.54,13:01,139,121.4
1154,1.54,13:01,139,121.4
1155,1.54,12:46,138,121.4
1156,1.54,13:08,138,122.0
1157,1.54,12:46,138,122.0
1158,1.55,13:08,138,122.0
1159,1.55,12:25,138,122.0
1160,1.55,12:32,138,122.7
1161,1.55,11:58,139,123.4
1162,1.55,11:45,139,123.4
1163,1.55,11:27,139,123.4
1164,1.55,12:11,139,122.7
1165,1.56,12:11,139,122.7
1166,1.56,12:32,140,122.0
1167,1.56,12:46,139,121.4
1168,1.56,12:53,139,120.7
1169,1.56,12:39,140,120.7
1170,1.56,12:25,140,120.7
1171,1.56,12:04,139,120.7
1172,1.56,11:52,139,119.4
1173,1.57,12:04,139,118.1
1174,1.57,11:52,139,118.1
1175,1.57,11:52,139,117.5
1176,1.57,11:39,139,117.5
1177,1.57,11:39,140,121.4
1178,1.57,11:16,140,125.3
1179,1.57,11:16,140,126.0
1180,1.58,11:16,140,126.0
1181,1.58,11:21,139,126.0
1182,1.58,11:16,139,125.3
1183,1.58,11:27,139,125.3
1184,1.58,11:27,140,124.7
1185,1.58,11:39,140,124.7
1186,1.59,11:39,140,125.3
1187,1.59,11:52,141,125.3
1188,1.59,11:45,140,126.6
1189,1.59,11:45,141,127.3
1190,1.59,11:39,141,128.6
1191,1.59,11:52,141,128.6
1192,1.59,12:18,142,128.6
1193,1.59,12:25,142,128.6
1194,1.6,12:32,141,128.6
1195,1.6,12:46,141,128.6
1196,1.6,12:53,142,128.6
1197,1.6,12:25,142,129.3
1198,1.6,12:32,141,129.9
1199,1.6,12:53,141,129.3
1200,1.6,13:01,141,129.3
1201,1.61,12:25,141,129.3
1202,1.61,11:45,141,129.3
1203,1.61,11:39,141,129.9
1204,1.61,11:10,141,129.9
1205,1.61,11:05,141,130.6
1206,1.61,11:52,142,130.6
1207,1.61,12:32,141,130.6
1208,1.62,12:04,141,131.2
1209,1.62,12:11,141,131.9
1210,1.62,12:11,141,133.2
1211,1.62,11:33,141,134.5
1212,1.62,11:39,140,134.5
1213,1.62,11:58,139,134.5
1214,1.62,12:11,139,134.5
1215,1.62,12:04,139,134.5
1216,1.63,12:25,138,134.5
1217,1.63,12:11,138,134.5
1218,1.63,12:18,139,134.5
1219,1.63,12:04,138,134.5
1220,1.63,11:52,138,133.9
1221,1.63,12:18,138,133.2
1222,1.63,12:39,138,133.2
1223,1.64,13:16,139,132.5
1224,1.64,13:24,139,132.5
1225,1.64,13:58,139,132.5
1226,1.64,13:16,139,133.2
1227,1.64,12:39,138,133.2
1228,1.64,12:11,139,133.9
1229,1.64,12:18,139,133.9
1230,1.64,12:53,139,133.9
1231,1.65,12:46,139,134.5
1232,1.65,13:16,139,135.2
1233,1.65,13:01,139,134.5
1234,1.65,13:16,138,134.5
1235,1.65,13:01,137,134.5
1236,1.65,13:24,137,133.9
1237,1.65,13:58,137,133.2
1238,1.65,14:07,137,133.9
1239,1.66,13:49,136,133.9
1240,1.66,12:53,136,133.9
1241,1.66,12:18,136,134.5
1242,1.66,11:33,137,134.5
1243,1.66,11:27,137,135.2
1244,1.66,11:16,138,135.2
1245,1.66,11:21,137,135.2
1246,1.67,11:21,137,135.2
1247,1.67,11:27,137,135.2
1248,1.67,11:21,136,135.2
1249,1.67,11:39,136,135.2
1250,1.67,11:45,137,135.2
1251,1.67,12:04,138,135.2
1252,1.67,11:52,138,135.2
1253,1.68,11:58,138,134.5
1254,1.68,12:04,138,134.5
1255,1.68,11:58,140,134.5
1256,1.68,11:45,140,134.5
1257,1.68,12:11,140,135.2
1258,1.68,12:18,140,135.2
1259,1.68,11:58,140,135.2
1260,1.69,11:52,141,135.2
1261,1.69,12:04,141,135.2
1262,1.69,11:33,140,135.2
1263,1.69,11:33,141,135.2
1264,1.69,11:21,140,135.2
1265,1.69,11:27,140,135.2
1266,1.69,11:27,141,135.2
1267,1.7,11:58,141,135.2
1268,1.7,11:52,141,135.2
1269,1.7,12:39,141,135.2
1270,1.7,13:01,140,135.2
1271,1.7,12:53,140,135.2
1272,1.7,12:25,141,135.2
1273,1.7,11:58,141,135.2
1274,1.71,11:16,141,135.2
1275,1.71,10:48,141,135.2
1276,1.71,10:54,142,135.2
1277,1.71,11:05,142,134.5
1278,1.71,11:39,142,134.5
1279,1.71,11:52,142,134.5
1280,1.71,12:04,142,134.5
1281,1.72,11:58,143,134.5
1282,1.72,12:25,142,134.5
1283,1.72,11:58,142,135.2
1284,1.72,12:04,142,135.2
1285,1.72,11:39,142,134.5
1286,1.72,11:16,143,134.5
1287,1.72,10:59,143,133.9
1288,1.73,11:10,143,133.2
1289,1.73,11:33,144,132.5
1290,1.73,12:32,144,131.9
1291,1.73,13:32,144,131.2
1292,1.73,13:41,144,131.2
1293,1.73,13:41,144,130.6
1294,1.73,13:01,144,130.6
1295,1.73,12:32,145,130.6
1296,1.74,11:33,145,129.9
1297,1.74,11:21,145,129.3
1298,1.74,10:54,146,128.6
1299,1.74,10:14,146,128.0
1300,1.74,10:05,146,127.3
1301,1.74,10:43,146,127.3
1302,1.75,10:54,146,127.3
1303,1.75,11:27,146,127.3
1304,1.75,12:25,146,126.6
1305,1.75,12:18,146,126.0
1306,1.75,11:39,146,126.0
1307,1.75,11:10,146,125.3
1308,1.75,11:10,146,125.3
1309,1.75,11:39,146,125.3
1310,1.76,13:01,145,126.0
1311,1.76,14:07,144,126.0
1312,1.76,16:09,144,126.0
1313,1.76,16:58,144,126.0
1314,1.76,17:25,144,125.3
1315,1.76,15:24,143,125.3
1316,1.76,14:54,143,124.7
1317,1.76,15:04,142,124.7
1318,1.76,15:24,142,125.3
1319,1.77,14:54,142,125.3
1320,1.77,15:14,141,125.3
1321,1.77,16:45,140,124.0
1322,1.77,16:58,139,122.7
1323,1.77,18:22,138,121.4
1324,1.77,19:09,138,121.4
1325,1.77,21:17,138,122.0
1326,1.77,22:21,137,122.7
1327,1.77,20:57,136,123.4
1328,1.77,18:07,134,124.0
1329,1.77,16:45,133,124.7
1330,1.78,16:45,132,124.7
1331,1.78,16:09,130,124.7
1332,1.78,15:35,130,124.7
1333,1.78,15:57,129,125.3
1334,1.78,17:25,128,125.3
1335,1.78,17:25,128,125.3
1336,1.78,17:38,127,126.0
1337,1.78,19:09,125,126.6
1338,1.78,20:37,124,126.6
1339,1.78,20:01,123,127.3
1340,1.78,20:01,122,128.0
1341,1.79,18:22,121,128.0
1342,1.79,17:25,120,128.0
1343,1.79,15:57,120,127.3
1344,1.79,15:24,120,127.3
1345,1.79,15:04,120,126.0
1346,1.79,16:45,117,126.0
1347,1.79,17:38,116,125.3
1348,1.79,19:09,115,124.7
1349,1.79,20:57,113,124.7
1350,1.79,20:37,113,125.3
1351,1.8,18:37,113,125.3
1352,1.8,16:58,113,125.3
1353,1.8,16:58,113,126.0
1354,1.8,17:11,112,126.0
1355,1.8,17:38,110,125.3
1356,1.8,17:11,109,125.3
1357,1.8,18:22,109,125.3
1358,1.8,18:22,109,125.3
1359,1.8,17:52,109,125.3
1360,1.8,18:22,109,126.0
1361,1.8,18:53,109,126.6
1362,1.81,18:37,109,126.6
1363,1.81,18:07,108,126.6
1364,1.81,18:22,108,126.6
1365,1.81,17:11,108,126.0
1366,1.81,16:45,108,126.0
1367,1.81,16:45,107,125.3
1368,1.81,16:21,104,125.3
1369,1.81,15:24,103,124.7
1370,1.81,16:33,102,124.7
1371,1.81,17:52,101,124.7
1372,1.82,17:11,101,124.7
1373,1.82,18:53,102,124.7
1374,1.82,21:37,102,124.7
1375,1.82,21:59,102,124.7
1376,1.82,21:59,100,125.3
1377,1.82,22:43,99,125.3
1378,1.82,20:37,98,125.3
1379,1.82,19:09,98,125.3
1380,1.82,17:38,99,125.3
1381,1.82,16:58,100,125.3
1382,1.82,18:07,101,124.7
1412,1.82,319:18,104,127.3
1413,1.83,268:13,103,127.3
1414,1.83,194:21,104,128.0
1415,1.83,157:46,106,128.0
1416,1.83,136:09,106,128.6
1417,1.83,20:57,105,128.6
1418,1.83,22:21,104,128.6
1419,1.83,20:57,103,128.0
1420,1.83,17:52,101,127.3
1421,1.83,14:54,96,127.3
1422,1.83,12:18,102,127.3
1423,1.84,11:21,104,128.0
1424,1.84,10:28,106,128.0
1425,1.84,10:18,109,129.3
1426,1.84,10:09,110,130.6
1427,1.84,10:33,110,131.2
1428,1.84,10:38,110,131.2
1429,1.85,10:48,109,130.6
1430,1.85,10:54,109,130.6
1431,1.85,11:21,109,130.6
1432,1.85,11:10,109,129.9
1433,1.85,10:28,111,129.9
1434,1.85,10:09,112,130.6
1435,1.86,9:43,115,129.9
1436,1.86,9:22,116,129.9
1437,1.86,9:11,117,130.6
1438,1.86,9:07,119,131.2
1439,1.86,9:11,121,131.9
1440,1.86,9:26,123,132.5
1441,1.87,9:11,123,132.5
1442,1.87,9:14,126,133.2
1443,1.87,9:38,127,133.2
1444,1.87,10:05,129,133.2
1445,1.87,10:28,130,133.9
1446,1.87,10:54,130,133.9
1447,1.88,11:16,131,133.9
1448,1.88,11:05,132,133.9
1449,1.88,11:05,133,133.9
1450,1.88,10:33,133,133.9
1451,1.88,10:28,134,133.9
1452,1.88,10:14,134,133.9
1453,1.89,10:00,134,133.9
1454,1.89,9:47,136,133.9
1455,1.89,9:43,135,133.9
1456,1.89,9:56,137,133.9
1457,1.89,10:05,137,133.9
1458,1.89,10:18,136,133.9
1459,1.9,10:23,138,133.9
1460,1.9,10:28,138,133.9
1461,1.9,10:05,139,133.2
1462,1.9,9:38,140,133.2
1463,1.9,9:30,140,133.2
1464,1.9,9:11,141,133.2
1465,1.91,9:14,142,133.2
1466,1.91,9:34,142,133.2
1467,1.91,10:23,143,133.9
1468,1.91,10:00,143,133.9
1469,1.91,10:05,144,133.9
1470,1.91,10:23,144,133.9
1471,1.92,10:23,145,133.9
1472,1.92,10:00,146,133.2
1473,1.92,10:23,147,133.2
1474,1.92,10:09,148,133.2
1475,1.92,10:00,148,133.9
1476,1.92,10:14,149,133.9
1477,1.92,10:54,149,134.5
1478,1.93,10:59,150,135.2
1479,1.93,11:58,150,135.2
1480,1.93,12:25,151,135.2
1481,1.93,11:58,151,134.5
1482,1.93,10:54,150,133.9
1483,1.93,10:48,150,133.2
1484,1.94,10:18,150,132.5
1485,1.94,9:43,150,132.5
1486,1.94,9:26,150,132.5
1487,1.94,9:43,149,132.5
1488,1.94,10:00,150,133.2
1489,1.94,10:28,150,133.2
1490,1.95,10:59,150,133.2
1491,1.95,11:33,151,133.2
1492,1.95,11:58,151,133.9
1493,1.95,12:04,151,133.9
1494,1.95,11:21,151,133.9
1495,1.95,10:59,152,133.9
1496,1.95,10:48,153,133.9
1497,1.96,9:51,153,133.2
1498,1.96,9:30,154,133.2
1499,1.96,9:43,154,133.2
1500,1.96,10:09,153,133.2
1501,1.96,9:56,154,133.2
1502,1.96,10:54,153,133.2
1503,1.97,10:54,154,132.5
1504,1.97,10:38,154,132.5
1505,1.97,10:54,154,131.9
1506,1.97,11:16,154,131.9
1507,1.97,10:43,154,131.9
1508,1.97,10:23,154,131.9
1509,1.98,10:14,154,131.2
1510,1.98,9:03,154,131.2
1511,1.98,8:32,153,131.2
1512,1.98,8:32,153,131.2
1513,1.98,9:18,153,131.2
1514,1.98,9:51,153,131.2
1515,1.99,10:38,153,130.6
1516,1.99,11:10,153,130.6
1517,1.99,11:16,153,130.6
1518,1.99,10:59,153,130.6
1519,1.99,10:33,154,129.9
1520,1.99,10:23,154,129.9
1521,2.0,10:54,154,129.9
1522,2.0,10:54,154,128.6
1523,2.0,10:33,154,128.0
1524,2.0,10:48,154,128.0
1525,2.0,10:59,154,127.3
1526,2.0,10:33,153,127.3
1527,2.0,10:18,154,127.3
1528,2.01,9:51,154,126.6
1529,2.01,9:26,153,126.6
1530,2.01,9:07,153,126.0
1531,2.01,8:56,154,126.0
1532,2.01,9:11,153,125.3
1533,2.02,9:22,153,125.3
1534,2.02,9:30,153,124.7
1535,2.02,9:34,154,124.7
1536,2.02,9:43,153,124.0
1537,2.02,9:51,153,124.0
1538,2.02,9:51,153,123.4
1539,2.03,10:05,154,123.4
1540,2.03,9:56,154,122.7
1541,2.03,10:09,154,122.0
1542,2.03,10:09,155,122.0
1543,2.03,10:18,155,122.7
1544,2.03,10:14,154,122.7
1545,2.04,10:09,155,124.0
1546,2.04,10:05,155,123.4
1547,2.04,9:38,155,122.7
1548,2.04,10:00,155,122.0
1549,2.04,10:00,155,121.4
1550,2.04,10:05,156,121.4
1551,2.05,10:14,155,120.7
1552,2.05,9:56,155,120.7
1553,2.05,9:51,155,120.7
1554,2.05,9:56,156,120.7
1555,2.05,10:23,155,120.7
1556,2.05,10:28,155,121.4
1557,2.05,11:16,155,122.0
1558,2.06,11:16,155,122.0
1559,2.06,11:21,155,120.7
1560,2.06,11:39,156,120.1
1561,2.06,11:21,157,119.4
1562,2.06,11:10,157,118.8
1563,2.06,10:43,157,118.8
1564,2.07,10:14,156,118.8
1565,2.07,9:51,157,119.4
1566,2.07,9:30,157,120.1
1567,2.07,9:26,158,120.1
1568,2.07,9:30,156,120.1
1569,2.07,9:43,156,120.7
1570,2.08,9:47,157,121.4
1571,2.08,10:00,157,122.0
1572,2.08,10:09,156,122.7
1573,2.08,10:05,157,123.4
1574,2.08,10:00,157,124.0
1575,2.08,9:43,157,124.0
1576,2.09,9:22,157,124.7
1577,2.09,9:03,158,124.7
1578,2.09,8:52,159,124.7
1579,2.09,9:00,159,124.7
1580,2.09,9:07,160,124.0
1581,2.1,9:38,160,124.0
1582,2.1,9:56,159,124.7
1583,2.1,10:09,160,125.3
1584,2.1,10:18,160,126.6
1585,2.1,10:00,159,127.3
1586,2.1,10:00,159,128.0
1587,2.11,10:00,158,128.6
1588,2.11,10:14,157,129.3
1589,2.11,10:00,157,130.6
1590,2.11,10:18,157,131.2
1591,2.11,10:00,157,131.2
1592,2.11,10:09,156,131.9
1593,2.12,10:05,157,131.9
1594,2.12,10:09,157,131.2
1595,2.12,10:00,157,130.6
1596,2.12,10:18,158,130.6
1597,2.12,10:18,157,130.6
1598,2.12,10:14,158,131.2
1599,2.13,10:00,158,131.2
1600,2.13,10:09,158,131.9
1601,2.13,9:47,158,132.5
1602,2.13,9:22,158,132.5
1603,2.13,9:22,158,132.5
1604,2.13,9:22,159,133.2
1605,2.14,9:30,158,132.5
1606,2.14,9:34,159,132.5
1607,2.14,9:18,159,132.5
1608,2.14,9:00,159,132.5
1609,2.14,8:39,159,132.5
1610,2.15,8:35,159,133.2
1611,2.15,8:45,158,133.2
1612,2.15,9:18,158,133.9
1613,2.15,9:30,158,133.9
1614,2.15,10:18,158,133.9
1615,2.15,10:00,158,133.2
1616,2.16,9:47,157,133.2
1617,2.16,9:56,157,133.2
1618,2.16,10:18,157,133.2
1619,2.16,9:56,157,133.2
1620,2.16,9:56,157,133.9
1621,2.16,10:09,156,133.9
1622,2.17,9:43,157,133.9
1623,2.17,9:43,157,133.9
1624,2.17,10:14,158,134.5
1625,2.17,10:09,157,135.2
1626,2.17,10:05,157,135.2
1627,2.17,10:18,157,135.2
1628,2.18,9:56,157,135.2
1629,2.18,8:56,158,134.5
1630,2.18,9:34,157,134.5
1631,2.18,10:43,157,133.9
1632,2.18,11:10,157,133.9
1633,2.18,10:48,158,133.9
1634,2.18,11:45,157,133.9
1635,2.19,10:59,157,133.2
1636,2.19,9:26,158,133.2
1637,2.19,8:49,158,133.9
1638,2.19,9:03,159,133.9
1639,2.19,8:56,158,133.9
1640,2.2,9:11,158,133.9
1641,2.2,9:26,158,133.9
1642,2.2,9:38,158,133.9
1643,2.2,9:43,158,133.9
1644,2.2,10:33,159,133.9
1645,2.2,10:28,158,133.9
1646,2.21,10:23,159,134.5
1647,2.21,10:23,159,134.5
1648,2.21,10:18,159,134.5
1649,2.21,9:30,159,134.5
1650,2.21,9:11,159,134.5
1651,2.21,9:38,159,134.5
1652,2.21,10:23,159,134.5
1653,2.22,11:21,159,133.9
1654,2.22,12:18,160,133.2
1655,2.22,13:24,160,133.2
1656,2.22,13:58,159,133.2
1657,2.22,14:16,159,133.2
1658,2.22,14:34,159,133.2
1659,2.22,13:58,158,133.2
1660,2.22,13:32,158,133.2
1661,2.23,13:08,156,133.2
1662,2.23,13:01,155,132.5
1663,2.23,13:16,154,132.5
1664,2.23,15:24,152,133.2
1665,2.23,18:53,149,132.5
1666,2.23,22:43,147,132.5
1667,2.23,25:47,146,132.5
1668,2.23,28:32,139,131.9
1669,2.23,28:32,142,131.9
1670,2.23,26:49,142,131.2
1671,2.23,24:50,142,131.2
1672,2.23,21:59,142,131.2
1673,2.24,17:52,142,131.2
1674,2.24,16:09,143,131.2
1675,2.24,14:44,143,130.6
1676,2.24,13:24,143,130.6
1677,2.24,13:01,143,130.6
1678,2.24,13:41,143,129.9
1679,2.24,13:32,142,129.9
1680,2.24,13:49,142,129.3
1681,2.25,14:16,141,128.6
1682,2.25,14:44,141,128.0
1683,2.25,15:14,140,128.0
1684,2.25,16:33,140,128.0
1685,2.25,17:52,139,128.0
1686,2.25,18:37,139,128.0
1687,2.25,18:53,139,128.0
1688,2.25,18:37,138,128.6
1689,2.25,17:52,138,128.6
1690,2.25,16:45,138,128.6
1691,2.25,16:09,138,128.6
1692,2.26,15:24,137,128.6
1693,2.26,14:54,137,128.6
1694,2.26,14:34,137,128.0
1695,2.26,14:34,138,128.0
1696,2.26,14:54,138,128.0
1697,2.26,15:24,138,128.0
1698,2.26,16:33,138,128.6
1699,2.26,17:11,138,128.6
1700,2.26,17:25,136,128.0
1701,2.27,17:52,135,128.0
1702,2.27,18:07,134,127.3
1703,2.27,17:11,132,127.3
1704,2.27,16:33,131,127.3
1705,2.27,16:33,128,126.6
1706,2.27,16:33,121,126.6
1707,2.27,16:33,116,126.0
1708,2.27,16:58,115,126.0
1709,2.27,17:25,113,126.6
1710,2.27,17:25,112,126.6
1711,2.28,16:45,111,126.6
1712,2.28,16:58,111,127.3
1713,2.28,16:58,111,127.3
1714,2.28,17:38,111,128.0
1715,2.28,17:38,111,128.0
1716,2.28,19:26,111,128.6
1717,2.28,18:37,112,128.6
1718,2.28,18:37,111,128.6
1719,2.28,17:11,109,128.6
1720,2.28,16:58,108,128.6
1721,2.28,15:46,107,128.6
1722,2.29,16:09,107,129.3
1723,2.29,16:09,110,129.3
1724,2.29,16:33,111,128.6
1725,2.29,15:35,112,128.6
1726,2.29,15:46,112,128.0
1727,2.29,16:21,111,128.0
1728,2.29,15:24,109,127.3
1729,2.29,15:04,111,127.3
1730,2.29,14:34,112,126.0
1731,2.3,12:53,113,124.0
1732,2.3,10:59,113,122.7
1733,2.3,10:18,114,122.0
1734,2.3,9:26,118,122.0
1735,2.3,9:00,121,122.7
1736,2.31,8:32,124,124.0
1737,2.31,8:16,124,124.7
1738,2.31,8:10,125,125.3
1739,2.31,8:07,125,125.3
1740,2.31,8:07,125,124.0
1741,2.32,8:22,126,123.4
1742,2.32,8:32,127,122.0
1743,2.32,8:32,129,122.0
1744,2.32,8:29,131,121.4
1745,2.32,8:45,132,120.7
1746,2.33,8:49,132,120.7
1747,2.33,8:56,132,121.4
1748,2.33,9:11,133,122.7
1749,2.33,9:18,135,122.7
1750,2.33,9:18,136,124.7
1751,2.33,9:07,136,125.3
1752,2.34,9:18,138,126.0
1753,2.34,9:03,139,125.3
1754,2.34,9:18,140,125.3
1755,2.34,9:00,142,125.3
1756,2.34,9:03,144,125.3
1757,2.35,9:11,145,125.3
1758,2.35,9:11,146,125.3
1759,2.35,9:00,146,126.6
1760,2.35,9:03,147,127.3
1761,2.35,9:07,148,128.6
1762,2.35,9:00,149,129.3
1763,2.36,9:03,149,129.9
1764,2.36,9:00,150,130.6
1765,2.36,8:49,150,130.6
1766,2.36,9:11,151,131.2
1767,2.36,9:14,152,132.5
1768,2.37,9:03,152,133.2
1769,2.37,9:22,153,132.5
1770,2.37,9:47,153,132.5
1771,2.37,9:43,153,132.5
1772,2.37,9:34,154,132.5
1773,2.37,9:51,154,133.2
1774,2.38,9:38,155,133.2
1775,2.38,9:30,156,134.5
1776,2.38,9:26,155,134.5
1777,2.38,9:26,155,134.5
1778,2.38,9:18,156,134.5
1779,2.39,9:07,157,133.9
1780,2.39,9:26,157,133.9
1781,2.39,9:38,156,133.2
1782,2.39,9:56,157,132.5
1783,2.39,10:14,157,132.5
1784,2.39,10:23,157,132.5
1785,2.39,10:14,157,131.9
1786,2.4,9:56,158,133.2
1787,2.4,9:47,159,134.5
1788,2.4,9:43,159,135.8
1789,2.4,9:51,160,136.5
1790,2.4,9:43,160,137.1
1791,2.4,9:51,160,136.5
1792,2.41,9:43,159,135.8
1793,2.41,9:38,159,135.2
1794,2.41,9:47,159,133.2
1795,2.41,10:00,160,131.9
1796,2.41,9:38,159,131.2
1797,2.42,9:51,159,131.2
1798,2.42,9:43,159,130.6
1799,2.42,9:34,159,131.2
1800,2.42,9:43,159,131.9
1801,2.42,10:05,159,132.5
1802,2.42,10:09,158,133.9
1803,2.43,10:14,159,135.8
1804,2.43,10:14,159,136.5
1805,2.43,10:14,160,136.5
1806,2.43,10:09,160,136.5
1807,2.43,10:28,161,135.8
1808,2.43,10:28,160,135.2
1809,2.44,10:14,160,134.5
1810,2.44,9:47,160,134.5
1811,2.44,9:03,160,134.5
1812,2.44,8:39,159,134.5
1813,2.44,8:10,160,134.5
1814,2.45,8:07,160,135.2
1815,2.45,8:13,160,134.5
1816,2.45,8:39,160,134.5
1817,2.45,8:35,160,134.5
1818,2.45,9:11,161,134.5
1819,2.45,9:14,161,133.9
1820,2.46,9:22,162,133.9
1821,2.46,9:22,162,133.9
1822,2.46,9:30,162,133.9
1823,2.46,9:26,162,133.9
1824,2.46,9:22,163,133.9
1825,2.47,9:07,163,133.9
1826,2.47,9:47,163,133.9
1827,2.47,10:18,162,133.9
1828,2.47,10:38,163,133.9
1829,2.47,11:10,163,133.9
1830,2.47,11:45,163,133.9
1831,2.47,12:18,162,133.9
1832,2.47,11:52,162,133.2
1833,2.48,13:01,161,133.2
1834,2.48,12:32,160,132.5
1835,2.48,11:39,161,132.5
1836,2.48,10:05,160,131.9
1837,2.48,9:38,161,132.5
1838,2.48,8:45,161,132.5
1839,2.49,8:42,160,131.9
1840,2.49,9:03,161,131.9
1841,2.49,9:26,161,131.2
1842,2.49,9:51,161,130.6
1843,2.49,10:23,161,129.9
1844,2.49,10:23,160,129.3
1845,2.5,10:14,160,129.3
1846,2.5,10:14,160,129.3
1847,2.5,10:14,160,128.6
1848,2.5,9:51,159,128.0
1849,2.5,9:47,160,127.3
1850,2.5,10:05,160,126.0
1851,2.51,9:47,160,124.0
1852,2.51,9:30,161,122.7
1853,2.51,9:26,161,122.7
1854,2.51,9:56,160,123.4
1855,2.51,9:56,161,124.0
1856,2.51,10:09,161,124.0
1857,2.52,10:23,161,124.0
1858,2.52,10:38,162,123.4
1859,2.52,10:33,161,122.7
1860,2.52,10:28,161,122.0
1861,2.52,10:33,162,122.0
1862,2.52,10:48,162,122.0
1863,2.53,10:38,162,122.0
1864,2.53,10:23,161,121.4
1865,2.53,10:09,160,121.4
1866,2.53,10:18,161,122.0
1867,2.53,10:14,161,122.7
1868,2.53,10:23,160,122.7
1869,2.54,10:33,160,122.7
1870,2.54,10:33,159,123.4
1871,2.54,10:28,159,123.4
1872,2.54,10:14,159,123.4
1873,2.54,10:05,159,124.0
1874,2.54,10:09,159,124.0
1875,2.55,10:09,159,123.4
1876,2.55,10:00,159,122.7
1877,2.55,9:51,158,122.0
1878,2.55,10:14,158,121.4
1879,2.55,10:05,158,121.4
1880,2.55,10:28,157,121.4
1881,2.55,10:54,158,121.4
1882,2.56,10:43,158,121.4
1883,2.56,10:18,159,120.7
1884,2.56,10:00,160,120.1
1885,2.56,9:43,159,120.1
1886,2.56,9:43,159,120.1
1887,2.57,9:56,159,120.7
1888,2.57,10:18,160,121.4
1889,2.57,10:38,159,122.0
1890,2.57,10:33,160,122.0
1891,2.57,10:23,160,122.7
1892,2.57,10:28,159,122.7
1893,2.57,10:00,158,122.0
1894,2.58,9:56,158,121.4
1895,2.58,9:56,158,120.7
1896,2.58,9:56,158,120.1
1897,2.58,9:51,158,120.1
1898,2.58,10:14,158,120.1
1899,2.58,10:23,157,120.7
1900,2.59,10:48,156,121.4
1901,2.59,10:48,156,122.0
1902,2.59,10:48,156,122.7
1903,2.59,10:33,157,122.7
1904,2.59,10:28,156,122.7
1905,2.59,10:23,156,123.4
1906,2.6,10:23,156,123.4
1907,2.6,10:23,157,123.4
1908,2.6,10:33,155,124.0
1909,2.6,10:43,156,124.0
1910,2.6,10:33,156,124.7
1911,2.6,10:33,155,125.3
1912,2.61,10:23,154,126.0
1913,2.61,10:14,154,126.0
1914,2.61,10:14,154,126.0
1915,2.61,10:18,154,125.3
1916,2.61,10:23,155,125.3
1917,2.61,10:43,154,126.0
1918,2.61,11:05,154,126.6
1919,2.62,11:10,154,127.3
1920,2.62,11:27,154,128.0
1921,2.62,11:33,153,129.3
1922,2.62,11:21,153,129.3
1923,2.62,11:16,153,129.3
1924,2.62,11:05,154,129.3
1925,2.63,10:38,154,128.6
1926,2.63,10:38,154,128.6
1927,2.63,10:28,154,128.6
1928,2.63,10:09,154,128.6
1929,2.63,9:51,154,128.6
1930,2.63,10:05,153,128.6
1931,2.63,10:14,154,128.6
1932,2.64,10:59,153,129.3
1933,2.64,11:16,153,129.3
1934,2.64,11:52,153,129.9
1935,2.64,11:33,153,130.6
1936,2.64,11:10,152,130.6
1937,2.64,10:33,152,130.6
1938,2.65,10:48,152,130.6
1939,2.65,10:28,152,130.6
1940,2.65,10:23,151,130.6
1941,2.65,10:05,151,130.6
1942,2.65,9:47,151,130.6
1943,2.65,9:47,151,129.9
1944,2.66,10:09,151,130.6
1945,2.66,10:38,151,130.6
1946,2.66,11:05,151,130.6
1947,2.66,11:10,150,130.6
1948,2.66,10:43,150,131.2
1949,2.66,10:18,150,130.6
1950,2.66,9:56,150,130.6
1951,2.67,9:11,150,130.6
1952,2.67,9:38,152,130.6
1953,2.67,9:18,152,130.6
1954,2.67,9:26,151,131.2
1955,2.67,9:14,150,131.2
1956,2.68,9:26,151,131.9
1957,2.68,9:00,150,131.9
1958,2.68,8:52,150,132.5
1959,2.68,8:42,151,132.5
1960,2.68,8:49,150,131.9
1961,2.69,8:49,150,131.9
1962,2.69,9:03,150,131.9
1963,2.69,9:51,150,131.9
1964,2.69,10:54,149,131.2
1965,2.69,12:04,149,131.2
1966,2.69,14:07,148,131.2
1967,2.69,16:21,148,131.2
1968,2.69,17:11,148,131.2
1969,2.69,16:33,148,131.2
1970,2.69,17:38,148,131.2
1971,2.7,16:21,149,131.2
1972,2.7,14:54,149,131.2
1973,2.7,14:25,149,131.2
1974,2.7,15:14,149,131.2
1975,2.7,14:54,148,131.2
1976,2.7,15:57,147,131.2
1977,2.7,17:11,146,131.2
1978,2.7,18:37,146,131.2
1979,2.7,18:22,145,131.2
1980,2.71,17:38,144,131.2
1981,2.71,18:07,143,131.2
1982,2.71,17:25,143,131.2
1983,2.71,15:46,142,130.6
1984,2.71,15:35,142,130.6
1985,2.71,15:57,141,130.6
1986,2.71,16:58,140,129.9
1987,2.71,20:19,138,129.9
1988,2.71,29:09,137,129.9
1989,2.71,33:31,136,129.9
1990,2.71,29:09,135,129.9
1991,2.71,36:14,134,129.3
1992,2.71,23:56,133,129.3
1993,2.72,19:09,132,129.3
1994,2.72,16:21,132,128.6
1995,2.72,15:46,131,128.6
1996,2.72,11:52,130,128.6
1997,2.72,11:33,129,128.0
1998,2.72,11:21,128,128.0
1999,2.72,11:39,127,128.0
2000,2.73,12:04,125,128.0
2001,2.73,13:08,123,127.3
2002,2.73,14:34,122,127.3
2003,2.73,15:24,121,127.3
2004,2.73,17:11,120,127.3
2005,2.73,19:09,119,127.3
2006,2.73,21:17,118,128.0
2007,2.73,22:21,118,128.0
2008,2.73,21:59,117,128.6
2009,2.73,20:57,116,128.0
2010,2.73,19:43,116,128.0
2011,2.74,18:22,115,127.3
2012,2.74,17:11,115,126.6
2013,2.74,15:14,115,126.6
2014,2.74,14:54,115,126.6
2015,2.74,15:14,115,126.6
2016,2.74,15:35,114,126.6
2017,2.74,15:57,113,126.6
2018,2.74,19:26,111,127.3
2019,2.74,22:21,110,127.3
2020,2.74,22:21,108,127.3
2021,2.74,20:37,108,127.3
2022,2.75,19:26,107,127.3
2023,2.75,16:09,107,127.3
2024,2.75,13:16,107,126.6
2025,2.75,12:39,107,126.6
2026,2.75,13:16,107,126.0
2027,2.75,13:58,107,126.0
2028,2.75,14:44,108,126.0
2029,2.75,15:35,109,126.0
2030,2.76,15:24,110,126.0
2031,2.76,14:54,110,126.6
2032,2.76,14:07,110,127.3
2033,2.76,14:16,110,127.3
2034,2.76,14:16,111,127.3
2035,2.76,14:07,111,126.6
2036,2.76,13:41,111,126.6
2037,2.76,13:41,112,126.0
2038,2.77,12:39,113,125.3
2039,2.77,11:58,113,124.7
2040,2.77,11:21,114,124.0
2041,2.77,10:59,113,124.0
2042,2.77,10:23,113,124.0
2043,2.77,10:38,114,124.0
2044,2.77,10:33,114,123.4
2045,2.78,10:28,116,122.7
2046,2.78,10:33,116,122.0
2047,2.78,10:48,118,122.0
2048,2.78,10:28,121,122.0
2049,2.78,10:43,122,122.0
2050,2.78,10:54,124,123.4
2051,2.79,10:43,124,123.4
2052,2.79,10:09,125,124.0
2053,2.79,9:51,126,124.0
2054,2.79,9:26,127,124.0
2055,2.79,9:00,128,123.4
2056,2.8,8:49,130,123.4
2057,2.8,8:45,131,122.7
2058,2.8,8:42,134,122.7
2059,2.8,8:29,135,123.4
2060,2.8,8:56,135,124.0
2061,2.8,9:07,138,124.7
2062,2.81,9:22,138,124.7
2063,2.81,9:43,139,124.0
2064,2.81,9:47,139,124.0
2065,2.81,9:34,140,123.4
2066,2.81,9:18,142,123.4
2067,2.82,9:14,142,123.4
2068,2.82,9:00,143,122.7
2069,2.82,9:34,144,122.7
2070,2.82,9:51,145,122.7
2071,2.82,10:05,145,122.7
2072,2.82,10:05,146,122.7
2073,2.83,10:14,145,122.0
2074,2.83,9:47,147,121.4
2075,2.83,9:30,147,120.7
2076,2.83,9:22,148,120.7
2077,2.83,9:34,148,120.1
2078,2.83,9:30,149,120.7
2079,2.84,9:43,149,120.7
2080,2.84,9:38,149,121.4
2081,2.84,9:51,149,120.7
2082,2.84,10:09,149,120.7
2083,2.84,10:28,150,121.4
2084,2.84,10:28,150,122.0
2085,2.85,10:05,151,122.7
2086,2.85,10:05,151,123.4
2087,2.85,9:22,152,125.3
2088,2.85,9:14,152,126.0
2089,2.85,9:11,154,126.6
2090,2.85,9:34,153,126.6
2091,2.86,9:51,155,126.0
2092,2.86,10:09,156,125.3
2093,2.86,10:09,156,124.0
2094,2.86,9:51,156,122.7
2095,2.86,10:14,156,122.7
2096,2.86,9:38,157,122.7
2097,2.87,10:00,156,123.4
2098,2.87,10:23,156,124.7
2099,2.87,10:48,156,125.3
2100,2.87,10:38,157,126.0
2101,2.87,10:38,156,126.0
2102,2.87,10:28,156,126.6
2103,2.88,10:18,156,127.3
2104,2.88,10:23,156,128.0
2105,2.88,10:23,155,128.0
2106,2.88,10:33,155,128.0
2107,2.88,10:43,155,128.0
2108,2.88,10:28,155,128.0
2109,2.88,10:23,156,128.0
2110,2.89,10:28,155,128.6
2111,2.89,10:43,155,129.3
2112,2.89,10:48,155,129.3
2113,2.89,10:54,155,129.9
2114,2.89,10:54,154,130.6
2115,2.89,10:43,154,130.6
2116,2.9,10:23,154,130.6
2117,2.9,10:14,154,130.6
2118,2.9,10:09,153,131.2
2119,2.9,10:05,154,131.2
2120,2.9,10:00,154,131.2
2121,2.9,10:14,154,131.2
2122,2.91,10:00,154,131.2
2123,2.91,10:00,154,131.2
2124,2.91,10:14,155,131.2
2125,2.91,9:43,154,131.2
2126,2.91,9:47,155,131.2
2127,2.91,10:00,155,131.2
2128,2.92,10:05,155,130.6
2129,2.92,9:47,154,130.6
2130,2.92,10:33,155,131.2
2131,2.92,10:43,154,131.9
2132,2.92,10:33,154,131.9
2133,2.92,10:28,154,132.5
2134,2.93,10:38,154,132.5
2135,2.93,10:18,154,133.2
2136,2.93,9:56,155,132.5
2137,2.93,10:23,155,133.2
2138,2.93,10:28,154,132.5
2139,2.93,10:23,154,132.5
2140,2.93,10:18,155,132.5
2141,2.94,10:14,155,131.9
2142,2.94,9:30,156,131.2
2143,2.94,9:18,156,131.2
2144,2.94,9:11,157,131.2
2145,2.94,9:30,157,131.2
2146,2.95,9:43,156,131.2
2147,2.95,9:47,156,131.2
2148,2.95,9:18,157,131.2
2149,2.95,9:18,157,131.2
2150,2.95,8:49,157,131.2
2151,2.96,8:19,157,131.2
2152,2.96,8:07,158,131.2
2153,2.96,8:32,158,131.9
2154,2.96,8:35,158,131.9
2155,2.96,8:52,158,131.9
2156,2.96,9:11,159,131.9
2157,2.97,10:33,160,131.9
2158,2.97,10:48,159,131.9
2159,2.97,10:54,160,132.5
2160,2.97,10:23,161,132.5
2161,2.97,10:33,161,132.5
2162,2.97,9:34,162,132.5
2163,2.98,9:07,163,133.2
2164,2.98,8:56,162,133.2
2165,2.98,8:39,162,133.2
2166,2.98,8:10,162,133.2
2167,2.98,7:58,163,133.2
2168,2.99,7:47,164,133.2
2169,2.99,7:32,165,132.5
2170,2.99,7:50,164,132.5
2171,2.99,8:19,164,132.5
2172,2.99,8:35,165,132.5
2173,3.0,8:52,165,132.5
2174,3.0,9:22,165,132.5
2175,3.0,9:22,165,131.9
2176,3.0,9:11,166,131.9
2177,3.0,8:35,166,131.9
2178,3.01,8:39,166,131.2
2179,3.01,8:35,166,131.2
2180,3.01,8:42,165,131.2
2181,3.01,8:29,165,131.2
2182,3.01,9:11,165,130.6
2183,3.01,9:18,166,130.6
2184,3.02,9:14,166,130.6
2185,3.02,8:49,166,130.6
2186,3.02,9:30,166,130.6
2187,3.02,9:18,167,129.9
2188,3.02,9:47,167,129.9
2189,3.03,9:34,166,129.9
2190,3.03,9:47,166,129.3
2191,3.03,9:11,166,129.3
2192,3.03,8:56,166,128.6
2193,3.03,8:35,166,128.6
2194,3.03,9:03,166,128.0
2195,3.04,9:18,166,127.3
2196,3.04,9:38,166,127.3
2197,3.04,10:00,165,126.6
2198,3.04,9:56,165,126.6
2199,3.04,9:43,164,126.0
2200,3.04,9:47,164,126.0
2201,3.05,9:56,164,126.0
2202,3.05,9:47,165,125.3
2203,3.05,10:00,164,125.3
2204,3.05,10:14,164,124.7
2205,3.05,10:05,162,124.0
2206,3.05,10:05,162,124.0
2207,3.06,10:23,162,124.0
2208,3.06,10:18,162,124.0
2209,3.06,10:05,162,124.0
2210,3.06,10:00,163,124.0
2211,3.06,10:18,163,123.4
2212,3.06,10:18,164,123.4
2213,3.07,10:23,163,122.7
2214,3.07,10:33,163,122.0
2215,3.07,10:28,163,121.4
2216,3.07,9:56,163,121.4
2217,3.07,9:34,163,120.7
2218,3.07,9:14,163,120.1
2219,3.08,9:11,163,120.7
2220,3.08,9:38,164,120.1
2221,3.08,9:56,164,120.1
2222,3.08,10:14,164,119.4
2223,3.08,10:05,163,118.8
2224,3.08,10:18,163,117.5
2225,3.09,9:47,162,117.5
2226,3.09,9:22,163,118.1
2227,3.09,9:11,163,119.4
2228,3.09,9:26,165,120.1
2229,3.09,9:26,164,120.1
2230,3.09,9:47,165,120.1
2231,3.1,10:05,163,120.1
2232,3.1,10:43,163,120.1
2233,3.1,10:38,163,120.1
2234,3.1,10:38,162,120.7
2235,3.1,10:38,163,121.4
2236,3.1,10:48,163,121.4
2237,3.11,10:18,163,121.4
2238,3.11,10:09,163,121.4
2239,3.11,9:56,163,121.4
2240,3.11,9:47,162,122.0
2241,3.11,9:43,162,122.0
2242,3.11,9:47,162,122.7
2243,3.12,9:51,163,123.4
2244,3.12,10:00,164,123.4
2245,3.12,10:18,164,124.0
2246,3.12,10:28,164,124.7
2247,3.12,10:43,164,125.3
2248,3.12,11:10,165,125.3
2249,3.13,10:48,165,125.3
2250,3.13,10:43,165,125.3
2251,3.13,10:23,166,125.3
2252,3.13,10:09,166,125.3
2253,3.13,10:14,166,126.0
2254,3.13,10:14,166,127.3
2255,3.14,9:56,166,128.0
2256,3.14,9:26,167,128.0
2257,3.14,9:03,167,128.6
2258,3.14,9:14,167,129.3
2259,3.14,9:30,167,128.6
2260,3.14,10:00,166,129.3
2261,3.15,10:54,167,129.3
2262,3.15,12:04,167,129.3
2263,3.15,12:11,167,129.3
2264,3.15,12:04,167,129.9
2265,3.15,11:33,167,129.9
2266,3.15,10:48,167,130.6
2267,3.15,10:28,166,130.6
2268,3.16,10:00,167,130.6
2269,3.16,10:00,166,130.6
2270,3.16,10:18,165,130.6
2271,3.16,10:59,165,131.2
2272,3.16,10:48,164,131.2
2273,3.16,11:10,163,131.9
2274,3.16,11:45,163,132.5
2275,3.17,12:11,162,132.5
2276,3.17,12:46,161,131.9
2277,3.17,14:07,160,131.2
2278,3.17,14:54,160,130.6
2279,3.17,16:33,159,129.9
2280,3.17,18:07,158,129.9
2281,3.17,18:07,157,129.9
2282,3.17,18:22,157,129.9
2283,3.17,17:52,156,130.6
2284,3.17,17:25,155,130.6
2285,3.17,18:07,155,130.6
2286,3.18,20:01,153,130.6
2287,3.18,20:37,152,130.6
2288,3.18,21:37,152,129.9
2289,3.18,20:57,150,129.9
2290,3.18,19:26,150,129.3
2291,3.18,18:22,149,129.3
2292,3.18,17:25,148,129.3
2293,3.18,16:21,146,129.9
2294,3.18,14:44,146,130.6
2295,3.19,13:41,145,131.2
2296,3.19,13:01,143,131.2
2297,3.19,12:32,143,131.9
2298,3.19,12:46,141,132.5
2299,3.19,13:49,140,131.9
2300,3.19,14:07,138,131.9
2301,3.19,15:14,137,131.9
2302,3.19,17:11,137,131.9
2303,3.19,19:26,135,131.2
2304,3.19,17:52,135,131.2
2305,3.2,18:07,134,131.2
2306,3.2,16:33,134,130.6
2307,3.2,16:45,133,130.6
2308,3.2,16:21,132,130.6
2309,3.2,17:11,132,130.6
2310,3.2,18:07,131,130.6
2311,3.2,19:09,128,130.6
2312,3.2,18:07,127,130.6
2313,3.2,17:38,126,130.6
2314,3.2,17:52,124,130.6
2315,3.2,18:37,124,130.6
2316,3.21,19:43,125,130.6
2317,3.21,20:19,124,130.6
2318,3.21,21:37,122,130.6
2319,3.21,24:50,120,130.6
2320,3.21,23:56,119,129.9
2321,3.21,21:17,118,129.9
2322,3.21,21:37,118,129.9
2323,3.21,19:09,118,129.9
2324,3.21,17:52,118,129.3
2325,3.21,18:22,118,129.3
2326,3.21,19:43,118,129.3
2327,3.21,18:37,116,128.6
2328,3.22,20:01,116,128.6
2329,3.22,18:37,115,128.6
2330,3.22,17:11,114,128.0
2331,3.22,16:21,114,128.0
2332,3.22,17:11,114,128.0
2333,3.22,16:21,115,128.0
2334,3.22,16:45,114,128.0
2335,3.22,16:33,113,128.0
2336,3.22,16:21,112,128.0
2337,3.23,14:54,112,127.3
2338,3.23,13:49,113,127.3
2339,3.23,13:58,114,127.3
2340,3.23,14:07,115,127.3
2341,3.23,14:44,116,126.6
2342,3.23,15:46,116,126.6
2343,3.23,17:38,117,126.0
2344,3.23,17:11,117,126.0
2345,3.23,16:58,117,125.3
2346,3.23,15:57,116,125.3
2347,3.24,15:04,116,125.3
2348,3.24,14:34,115,125.3
2349,3.24,13:41,114,125.3
2350,3.24,13:24,114,125.3
2351,3.24,15:04,113,125.3
2352,3.24,14:44,113,125.3
2353,3.24,14:44,113,124.7
2354,3.24,17:52,113,124.0
2355,3.24,19:26,112,124.0
2356,3.25,17:11,112,123.4
2357,3.25,17:11,112,123.4
2358,3.25,17:25,112,123.4
2359,3.25,14:54,112,123.4
2360,3.25,14:34,112,123.4
2361,3.25,14:54,112,123.4
2362,3.25,15:24,113,122.7
2363,3.25,15:57,113,122.7
2364,3.25,16:45,113,122.7
2365,3.25,16:45,113,122.7
2366,3.26,16:33,113,122.0
2367,3.26,15:57,113,122.0
2368,3.26,15:35,113,121.4
2369,3.26,15:14,112,121.4
2370,3.26,15:24,111,120.7
2371,3.26,15:46,111,120.1
2372,3.26,17:11,112,120.1
2373,3.26,17:25,112,120.7
2374,3.26,18:07,114,121.4
2375,3.26,17:25,115,121.4
2376,3.27,16:09,114,122.0
2377,3.27,14:54,115,122.0
2378,3.27,13:58,116,122.0
2379,3.27,13:32,118,122.0
2380,3.27,13:49,118,121.4
2381,3.27,13:41,119,121.4
2382,3.27,13:41,118,121.4
2383,3.27,13:41,118,121.4
2384,3.28,13:24,118,122.0
2385,3.28,12:53,118,122.0
2386,3.28,12:53,118,122.7
2387,3.28,13:01,118,122.0
2388,3.28,13:08,117,122.0
2389,3.28,12:53,118,121.4
2390,3.28,12:53,118,120.7
2391,3.28,13:41,118,120.1
2392,3.29,13:58,119,120.1
2393,3.29,13:58,119,119.4
2394,3.29,14:25,120,119.4
2395,3.29,14:44,120,119.4
2396,3.29,14:25,120,119.4
2397,3.29,13:58,121,119.4
2398,3.29,13:58,121,120.1
2399,3.29,14:07,122,120.1
2400,3.3,14:07,122,120.1
2401,3.3,14:25,122,120.7
2402,3.3,14:54,122,120.7
2403,3.3,15:24,122,120.7
2404,3.3,14:34,122,120.1
2405,3.3,12:53,123,119.4
2406,3.3,11:10,125,118.1
2407,3.31,10:05,125,117.5
2408,3.31,9:07,127,117.5
2409,3.31,8:35,128,117.5
2410,3.31,8:32,129,116.8
2411,3.31,8:39,130,116.8
2412,3.32,8:42,130,116.8
2413,3.32,8:56,132,116.8
2414,3.32,9:11,132,117.5
2415,3.32,9:14,135,118.1
2416,3.32,9:07,135,118.8
2417,3.32,9:07,135,119.4
2418,3.33,8:45,136,119.4
2419,3.33,8:39,137,120.1
2420,3.33,8:45,138,119.4
2421,3.33,8:45,138,118.8
2422,3.33,8:49,139,117.5
2423,3.34,8:32,139,117.5
2424,3.34,8:52,142,117.5
2425,3.34,8:49,142,117.5
2426,3.34,9:07,142,118.8
2427,3.34,8:56,143,118.8
2428,3.34,9:51,144,118.8
2429,3.35,9:30,144,118.8
2430,3.35,9:30,144,118.1
2431,3.35,9:14,145,118.1
2432,3.35,9:26,146,118.8
2433,3.35,9:18,148,119.4
2434,3.36,9:18,148,119.4
2435,3.36,9:22,149,119.4
2436,3.36,9:22,149,119.4
2437,3.36,9:26,150,120.1
2438,3.36,9:18,151,120.1
2439,3.36,9:22,151,120.7
2440,3.37,9:18,152,121.4
2441,3.37,9:11,153,122.7
2442,3.37,8:56,154,123.4
2443,3.37,9:03,155,123.4
2444,3.37,9:18,155,123.4
2445,3.38,9:14,156,123.4
2446,3.38,9:30,156,124.0
2447,3.38,10:00,157,124.7
2448,3.38,9:43,157,125.3
2449,3.38,9:38,158,126.0
2450,3.38,9:43,158,126.6
2451,3.39,9:56,158,127.3
2452,3.39,9:38,158,126.6
2453,3.39,9:38,158,126.6
2454,3.39,9:47,159,126.6
2455,3.39,9:43,159,127.3
2456,3.39,9:34,159,128.0
2457,3.4,9:22,158,128.0
2458,3.4,9:47,159,128.6
2459,3.4,9:34,159,129.3
2460,3.4,9:56,159,129.9
2461,3.4,10:14,159,129.9
2462,3.4,10:23,159,130.6
2463,3.41,10:09,160,130.6
2464,3.41,10:05,160,130.6
2465,3.41,9:43,160,129.9
2466,3.41,9:30,161,129.9
2467,3.41,9:38,161,129.9
2468,3.41,9:34,161,129.9
2469,3.42,9:18,162,129.9
2470,3.42,9:26,161,129.9
2471,3.42,9:18,162,129.9
2472,3.42,9:26,162,130.6
2473,3.42,9:34,162,129.9
2474,3.42,9:47,162,129.9
2475,3.43,10:05,162,130.6
2476,3.43,10:33,162,130.6
2477,3.43,10:28,162,131.2
2478,3.43,10:00,161,131.9
2479,3.43,10:14,162,131.9
2480,3.44,9:22,162,131.9
2481,3.44,9:07,162,131.9
2482,3.44,9:03,162,131.9
2483,3.44,9:14,164,131.2
2484,3.44,9:07,163,131.2
2485,3.44,9:34,162,130.6
2486,3.45,9:30,163,131.2
2487,3.45,9:07,163,131.2
2488,3.45,9:11,164,131.9
2489,3.45,9:30,164,131.9
2490,3.45,10:05,163,131.9
2491,3.45,10:14,164,131.2
2492,3.46,10:33,164,130.6
2493,3.46,10:43,164,130.6
2494,3.46,9:47,164,131.2
2495,3.46,9:22,164,131.2
2496,3.46,9:26,165,131.9
2497,3.46,9:56,165,132.5
2498,3.47,9:47,165,133.2
2499,3.47,10:14,164,133.9
2500,3.47,10:14,164,133.9
2501,3.47,10:05,164,133.9
2502,3.47,10:00,165,133.9
2503,3.47,10:00,165,133.2
2504,3.48,10:00,165,133.2
2505,3.48,10:00,166,133.2
2506,3.48,9:38,165,133.2
2507,3.48,9:18,165,133.2
2508,3.48,8:45,164,133.2
2509,3.49,8:42,164,133.2
2510,3.49,8:22,165,133.2
2511,3.49,8:32,164,133.2
2512,3.49,8:26,165,133.2
2513,3.49,8:56,165,133.2
2514,3.49,8:56,165,133.2
2515,3.5,9:14,165,132.5
2516,3.5,9:14,165,133.2
2517,3.5,9:07,166,133.2
2518,3.5,9:14,166,132.5
2519,3.5,9:30,167,132.5
2520,3.51,9:43,168,132.5
2521,3.51,9:38,167,131.9
2522,3.51,10:00,168,131.9
2523,3.51,9:47,167,131.9
2524,3.51,9:22,167,131.9
2525,3.51,9:11,166,131.9
2526,3.52,9:11,166,131.9
2527,3.52,9:14,165,131.9
2528,3.52,9:30,165,131.9
2529,3.52,9:43,166,131.9
2530,3.52,9:51,165,131.2
2531,3.52,9:34,166,131.2
2532,3.53,9:26,166,131.2
2533,3.53,9:11,167,130.6
2534,3.53,9:11,167,129.9
2535,3.53,9:07,168,129.9
2536,3.53,9:14,168,129.3
2537,3.54,9:30,167,129.3
2538,3.54,9:30,168,128.6
2539,3.54,9:30,167,128.0
2540,3.54,9:18,167,127.3
2541,3.54,9:38,167,126.6
2542,3.54,9:43,167,126.0
2543,3.55,9:51,166,126.0
2544,3.55,9:56,166,125.3
2545,3.55,10:18,165,125.3
2546,3.55,10:09,164,125.3
2547,3.55,10:14,164,125.3
2548,3.55,10:09,164,125.3
2549,3.56,10:14,164,125.3
2550,3.56,10:09,164,125.3
2551,3.56,10:28,165,126.0
2552,3.56,10:18,164,126.0
2553,3.56,10:09,164,126.0
2554,3.56,10:09,163,124.7
2555,3.57,10:09,163,124.0
2556,3.57,9:51,163,122.7
2557,3.57,9:47,162,122.0
2558,3.57,9:43,161,122.0
2559,3.57,9:51,161,122.7
2560,3.57,9:43,162,122.0
2561,3.58,9:56,162,122.0
2562,3.58,9:47,161,122.7
2563,3.58,9:43,161,122.0
2564,3.58,9:47,161,122.0
2565,3.58,9:47,160,122.7
2566,3.58,9:56,160,122.7
2567,3.59,10:05,160,122.0
2568,3.59,10:23,160,121.4
2569,3.59,10:09,160,120.1
2570,3.59,9:43,159,119.4
2571,3.59,9:18,159,118.8
2572,3.59,9:14,159,118.8
2573,3.6,9:18,160,118.8
2574,3.6,9:30,160,118.8
2575,3.6,9:51,160,119.4
2576,3.6,10:18,159,119.4
2577,3.6,10:18,158,120.1
2578,3.6,10:43,156,120.7
2579,3.61,10:43,152,122.0
2580,3.61,10:43,151,122.7
2581,3.61,10:38,146,123.4
2582,3.61,10:18,143,124.0
2583,3.61,10:00,133,124.7
2584,3.61,9:43,127,124.7
2585,3.62,9:51,124,125.3
2586,3.62,9:38,121,127.3
2587,3.62,9:56,120,128.0
2588,3.62,10:00,125,128.6
2589,3.62,10:05,128,128.6
2590,3.62,10:05,133,128.6
2591,3.63,9:56,136,126.6
2592,3.63,9:26,136,126.0
2593,3.63,9:14,139,126.6
2594,3.63,9:00,144,126.6
2595,3.63,9:14,147,128.0
2596,3.63,9:38,154,128.6
2597,3.64,10:14,158,129.3
2598,3.64,10:28,160,129.9
2599,3.64,10:28,160,130.6
2600,3.64,9:51,161,131.2
2601,3.64,9:34,162,131.2
2602,3.64,9:18,164,131.2
2603,3.65,9:18,163,131.2
2604,3.65,9:34,163,130.6
2605,3.65,10:05,164,130.6
2606,3.65,9:56,166,130.6
2607,3.65,10:00,164,129.9
2608,3.66,9:43,165,130.6
2609,3.66,9:43,165,130.6
2610,3.66,9:14,164,131.2
2611,3.66,9:18,164,131.2
2612,3.66,9:18,165,131.9
2613,3.66,9:07,165,131.9
2614,3.67,8:52,165,132.5
2615,3.67,8:19,165,132.5
2616,3.67,8:07,166,132.5
2617,3.67,7:58,167,132.5
2618,3.67,8:16,166,132.5
2619,3.68,8:35,165,132.5
2620,3.68,9:30,165,132.5
2621,3.68,10:18,165,132.5
2622,3.68,10:09,165,132.5
2623,3.68,9:38,164,131.9
2624,3.68,9:18,165,131.9
2625,3.69,9:00,165,131.9
2626,3.69,8:45,164,131.9
2627,3.69,9:00,163,132.5
2628,3.69,9:22,163,132.5
2629,3.69,9:43,164,132.5
2630,3.69,10:18,164,133.2
2631,3.7,10:48,164,132.5
2632,3.7,11:39,163,132.5
2633,3.7,13:08,163,132.5
2634,3.7,15:04,162,133.2
2635,3.7,15:24,162,133.2
2636,3.7,15:14,162,133.9
2637,3.7,15:35,162,133.9
2638,3.7,15:24,162,133.9
2639,3.7,14:44,162,133.9
2640,3.71,14:34,161,133.9
2641,3.71,15:04,161,133.2
2642,3.71,15:57,161,133.9
2643,3.71,16:21,160,133.9
2644,3.71,17:11,159,133.9
2645,3.71,20:01,158,133.9
2646,3.71,22:21,158,133.9
2647,3.71,21:59,157,133.2
2648,3.71,22:43,157,133.2
2649,3.71,21:59,156,132.5
2650,3.71,22:21,155,132.5
2651,3.71,20:01,154,132.5
2652,3.72,18:53,153,132.5
2653,3.72,18:07,153,132.5
2654,3.72,19:09,152,132.5
2655,3.72,17:52,151,132.5
2656,3.72,18:07,149,132.5
2657,3.72,18:37,148,132.5
2658,3.72,18:37,147,131.9
2659,3.72,16:45,145,131.9
2660,3.72,16:09,143,131.2
2661,3.72,15:24,141,131.2
2662,3.73,15:57,140,131.2
2663,3.73,15:57,139,130.6
2664,3.73,16:21,139,130.6
2665,3.73,15:35,138,130.6
2666,3.73,16:09,138,130.6
2667,3.73,14:07,138,130.6
2668,3.73,13:16,136,130.6
2669,3.73,12:39,136,130.6
2670,3.74,13:08,136,130.6
2671,3.74,13:16,135,129.9
2672,3.74,15:04,135,129.9
2673,3.74,16:09,135,129.9
2674,3.74,16:09,135,129.3
2675,3.74,16:09,134,129.3
2676,3.74,15:57,133,129.3
2677,3.74,15:46,132,129.3
2678,3.74,15:14,131,129.3
2679,3.74,16:21,131,128.6
2680,3.75,16:45,130,128.6
2681,3.75,16:33,130,128.6
2682,3.75,16:09,129,128.0
2683,3.75,16:45,128,128.0
2684,3.75,16:45,126,127.3
2685,3.75,16:58,125,127.3
2686,3.75,17:11,125,127.3
2687,3.75,16:58,123,127.3
2688,3.75,16:58,123,126.6
2689,3.75,17:11,122,126.0
2690,3.76,16:45,122,126.0
2691,3.76,16:58,122,125.3
2692,3.76,16:58,122,124.7
2693,3.76,16:45,121,124.7
2694,3.76,16:33,121,124.7
2695,3.76,16:21,121,124.0
2696,3.76,16:21,122,124.0
2697,3.76,17:11,122,124.7
2698,3.76,16:45,122,124.7
2699,3.76,19:09,120,124.7
2700,3.76,20:37,118,124.7
2701,3.77,20:37,117,125.3
2702,3.77,19:43,116,125.3
2703,3.77,21:17,116,126.0
2704,3.77,19:09,116,126.0
2705,3.77,19:09,117,126.0
2706,3.77,19:26,117,125.3
2707,3.77,18:07,117,125.3
2708,3.77,15:35,116,124.7
2709,3.77,14:34,115,124.7
2710,3.77,14:07,115,124.0
2711,3.78,13:32,115,124.0
2712,3.78,13:01,115,123.4
2713,3.78,13:24,116,123.4
2714,3.78,12:53,116,122.7
2715,3.78,12:04,116,122.7
2716,3.78,11:39,116,122.0
2717,3.78,11:39,116,121.4
2718,3.79,10:48,119,121.4
2719,3.79,10:23,119,120.7
2720,3.79,9:56,120,120.1
2721,3.79,9:26,120,120.1
2722,3.79,9:14,122,120.7
2723,3.8,9:03,123,120.7
2724,3.8,8:52,124,120.7
2725,3.8,8:49,125,120.7
2726,3.8,8:52,127,120.1
2727,3.8,8:45,129,120.1
2728,3.81,8:52,130,120.1
2729,3.81,9:00,131,120.1
2730,3.81,9:00,131,120.1
2731,3.81,9:00,132,120.7
2732,3.81,8:56,134,120.1
2733,3.81,9:00,135,120.1
2734,3.82,8:42,136,120.1
2735,3.82,8:42,138,120.1
2736,3.82,8:45,139,119.4
2737,3.82,8:56,140,119.4
2738,3.82,9:14,141,118.8
2739,3.83,9:34,141,118.8
2740,3.83,9:43,142,118.1
2741,3.83,10:05,143,117.5
2742,3.83,9:51,143,117.5
2743,3.83,9:43,144,118.1
2744,3.83,9:34,144,118.1
2745,3.84,9:47,145,118.8
2746,3.84,9:38,146,119.4
2747,3.84,9:47,146,118.8
2748,3.84,9:56,147,118.1
2749,3.84,9:34,147,118.1
2750,3.84,9:22,148,116.8
2751,3.85,9:22,148,116.8
2752,3.85,9:38,148,116.8
2753,3.85,9:47,149,116.8
2754,3.85,10:43,148,116.8
2755,3.85,11:05,149,116.1
2756,3.85,10:54,150,115.5
2757,3.85,10:59,150,114.8
2758,3.86,10:48,151,114.2
2759,3.86,10:23,151,114.2
2760,3.86,10:14,153,114.8
2761,3.86,10:23,153,116.1
2762,3.86,10:23,153,117.5
2763,3.86,10:09,154,118.8
2764,3.87,9:56,154,119.4
2765,3.87,9:51,154,119.4
2766,3.87,9:47,154,119.4
2767,3.87,9:43,156,118.8
2768,3.87,9:43,155,119.4
2769,3.88,9:47,155,120.1
2770,3.88,10:05,156,121.4
2771,3.88,10:05,156,122.7
2772,3.88,10:05,157,123.4
2773,3.88,10:23,157,123.4
2774,3.88,10:28,156,122.7
2775,3.88,10:00,157,122.7
2776,3.89,9:26,156,122.7
2777,3.89,9:11,156,123.4
2778,3.89,8:32,156,123.4
2779,3.89,8:35,157,124.7
2780,3.89,8:26,158,125.3
2781,3.9,8:45,157,126.0
2782,3.9,9:03,158,126.0
2783,3.9,9:34,158,126.6
2784,3.9,9:38,159,127.3
2785,3.9,9:43,158,127.3
2786,3.9,9:56,159,128.0
2787,3.91,9:34,160,128.6
2788,3.91,9:34,159,128.6
2789,3.91,9:11,159,129.3
2790,3.91,9:14,159,129.3
2791,3.91,9:00,160,129.9
2792,3.92,9:07,159,129.9
2793,3.92,9:11,160,129.9
2794,3.92,9:38,160,129.9
2795,3.92,9:51,161,129.9
2796,3.92,9:38,161,130.6
2797,3.92,9:30,161,131.2
2798,3.93,9:22,161,131.2
2799,3.93,9:30,162,131.2
2800,3.93,9:47,161,131.2
2801,3.93,9:51,161,131.2
2802,3.93,9:43,162,130.6
2803,3.93,9:56,161,129.9
2804,3.94,10:05,162,129.9
2805,3.94,9:22,162,129.3
2806,3.94,9:22,161,129.3
2807,3.94,9:38,162,129.9
2808,3.94,9:30,162,130.6
2809,3.95,9:00,161,131.2
2810,3.95,9:18,161,131.2
2811,3.95,9:43,161,131.2
2812,3.95,9:30,161,131.2
2813,3.95,9:34,161,130.6
2814,3.95,9:38,161,130.6
2815,3.96,9:43,160,130.6
2816,3.96,9:38,161,131.2
2817,3.96,9:38,162,131.2
2818,3.96,10:00,161,131.2
2819,3.96,10:18,161,131.2
2820,3.96,10:33,162,130.6
2821,3.97,10:23,161,130.6
2822,3.97,10:28,161,130.6
2823,3.97,10:09,162,130.6
2824,3.97,9:30,162,131.2
2825,3.97,9:22,163,131.2
2826,3.97,9:43,163,131.2
2827,3.98,10:09,163,131.2
2828,3.98,10:14,163,131.9
2829,3.98,10:33,163,132.5
2830,3.98,10:33,164,132.5
2831,3.98,9:51,164,132.5
2832,3.98,9:34,163,133.2
2833,3.99,9:11,164,133.2
2834,3.99,9:11,165,133.2
2835,3.99,9:07,165,133.2
2836,3.99,9:07,165,133.2
2837,3.99,9:11,164,133.2
2838,3.99,9:22,163,133.2
2839,4.0,9:51,163,133.2
2840,4.0,10:05,163,133.2
2841,4.0,10:33,164,132.5
2842,4.0,10:33,164,132.5
2843,4.0,10:05,163,132.5
2844,4.0,9:43,163,132.5
2845,4.01,9:34,163,132.5
2846,4.01,9:34,163,132.5
2847,4.01,9:30,162,132.5
2848,4.01,10:05,162,132.5
2849,4.01,10:14,162,131.9
2850,4.01,9:56,163,131.9
2851,4.02,9:47,163,131.9
2852,4.02,9:26,164,131.2
2853,4.02,9:26,163,131.2
2854,4.02,9:26,163,130.6
2855,4.02,9:47,164,130.6
2856,4.02,10:00,164,129.9
2857,4.03,10:23,165,129.9
2858,4.03,10:14,165,129.3
2859,4.03,9:30,164,129.3
2860,4.03,9:07,164,128.6
2861,4.03,8:45,164,128.6
2862,4.04,8:29,164,128.6
2863,4.04,8:19,164,129.3
2864,4.04,8:35,164,129.3
2865,4.04,8:42,166,129.3
2866,4.04,8:35,165,128.6
2867,4.05,8:45,165,128.0
2868,4.05,8:52,165,127.3
2869,4.05,9:14,166,127.3
2870,4.05,9:18,167,127.3
2871,4.05,9:43,167,126.6
2872,4.05,9:47,168,126.0
2873,4.06,9:51,166,126.0
2874,4.06,9:30,166,125.3
2875,4.06,9:22,166,124.7
2876,4.06,9:18,168,124.7
2877,4.06,8:56,167,125.3
2878,4.07,8:49,167,125.3
2879,4.07,8:49,167,124.7
2880,4.07,9:11,167,124.7
2881,4.07,9:18,167,124.7
2882,4.07,9:43,168,124.7
2883,4.07,10:09,168,124.0
2884,4.08,10:05,167,124.0
2885,4.08,9:47,165,123.4
2886,4.08,9:34,166,122.7
2887,4.08,9:34,166,122.0
2888,4.08,9:26,166,122.7
2889,4.08,9:47,166,122.7
2890,4.09,9:56,166,122.7
2891,4.09,9:51,166,123.4
2892,4.09,9:51,166,124.0
2893,4.09,9:30,167,124.0
2894,4.09,9:26,167,124.0
2895,4.09,9:18,165,124.0
2896,4.1,9:30,165,122.7
2897,4.1,9:30,165,122.0
2898,4.1,9:26,166,121.4
2899,4.1,9:34,166,121.4
2900,4.1,9:30,166,121.4
2901,4.11,9:47,166,122.0
2902,4.11,9:47,166,122.7
2903,4.11,10:14,167,123.4
2904,4.11,10:05,167,124.0
2905,4.11,9:43,167,124.0
2906,4.11,9:30,166,124.0
2907,4.12,9:11,166,124.0
2908,4.12,9:03,166,124.7
2909,4.12,9:07,166,124.0
2910,4.12,9:22,166,124.0
2911,4.12,9:11,168,124.7
2912,4.12,9:18,167,124.7
2913,4.13,9:14,168,124.7
2914,4.13,9:07,167,125.3
2915,4.13,9:26,167,126.0
2916,4.13,9:22,167,126.0
2917,4.13,9:34,168,126.0
2918,4.14,9:34,167,126.6
2919,4.14,9:47,165,127.3
2920,4.14,9:47,166,127.3
2921,4.14,9:51,166,127.3
2922,4.14,10:09,166,127.3
2923,4.14,10:00,166,128.0
2924,4.15,9:47,166,128.0
2925,4.15,9:38,167,128.6
2926,4.15,9:34,167,128.6
2927,4.15,9:14,168,129.3
2928,4.15,9:11,168,129.9
2929,4.15,9:11,167,129.9
2930,4.16,8:56,167,129.9
2931,4.16,9:14,167,130.6
2932,4.16,9:38,167,129.9
2933,4.16,10:00,168,130.6
2934,4.16,10:28,167,131.2
2935,4.16,11:16,167,131.2
2936,4.16,11:52,168,131.9
2937,4.17,12:25,168,132.5
2938,4.17,13:32,168,133.2
2939,4.17,14:07,168,133.2
2940,4.17,14:34,168,133.2
2941,4.17,15:04,167,133.2
2942,4.17,15:24,167,132.5
2943,4.17,15:57,167,132.5
2944,4.17,17:25,166,132.5
2945,4.17,18:37,165,132.5
2946,4.17,19:43,165,132.5
2947,4.18,20:01,164,131.9
2948,4.18,18:53,164,131.9
2949,4.18,16:45,163,131.9
2950,4.18,16:21,162,131.9
2951,4.18,15:04,162,131.9
2952,4.18,14:34,162,131.9
2953,4.18,14:34,161,132.5
2954,4.18,15:46,161,131.9
2955,4.18,16:45,160,131.9
2956,4.18,18:22,159,131.2
2957,4.19,18:22,158,130.6
2958,4.19,17:25,157,129.9
2959,4.19,15:04,156,129.9
2960,4.19,13:32,156,130.6
2961,4.19,12:18,155,130.6
2962,4.19,12:11,153,131.2
2963,4.19,13:16,152,131.9
2964,4.19,15:04,152,132.5
2965,4.2,16:21,151,132.5
2966,4.2,19:26,150,133.2
2967,4.2,21:17,149,133.2
2968,4.2,22:21,147,132.5
2969,4.2,21:37,145,131.9
2970,4.2,20:37,144,131.9
2971,4.2,19:26,144,131.2
2972,4.2,17:38,143,131.2
2973,4.2,15:57,143,131.2
2974,4.2,15:35,142,130.6
2975,4.2,15:14,141,130.6
2976,4.21,14:25,140,130.6
2977,4.21,14:54,139,129.9
2978,4.21,14:54,138,129.9
2979,4.21,14:44,137,129.9
2980,4.21,15:04,136,129.9
2981,4.21,15:57,133,129.9
2982,4.21,15:46,133,129.9
2983,4.21,16:58,132,129.9
2984,4.21,16:58,132,129.9
2985,4.21,18:07,131,129.3
2986,4.22,17:38,131,129.3
2987,4.22,18:22,130,128.6
2988,4.22,18:07,129,128.6
2989,4.22,18:53,128,128.0
2990,4.22,18:37,128,128.0
2991,4.22,16:45,128,128.0
2992,4.22,17:11,127,127.3
2993,4.22,16:09,126,127.3
2994,4.22,16:58,125,127.3
2995,4.22,15:35,123,127.3
2996,4.23,16:58,123,127.3
2997,4.23,18:07,124,128.0
2998,4.23,20:19,124,129.3
2999,4.23,18:53,124,129.9
3000,4.23,19:43,124,130.6
3001,4.23,19:43,123,130.6
3002,4.23,16:45,123,130.6
3003,4.23,14:54,123,130.6
3004,4.23,14:07,123,129.9
3005,4.23,14:16,124,129.9
3006,4.24,13:24,125,129.9
3007,4.24,12:18,126,129.9
3008,4.24,12:11,126,129.9
3009,4.24,12:32,123,129.9
3010,4.24,12:32,121,129.9
3011,4.24,13:08,121,129.9
3012,4.24,14:16,121,129.9
3013,4.25,14:07,121,129.9
3014,4.25,13:32,123,130.6
3015,4.25,12:39,125,130.6
3016,4.25,11:33,126,130.6
3017,4.25,10:54,127,130.6
3018,4.25,10:14,128,130.6
3019,4.26,9:34,129,130.6
3020,4.26,9:18,130,129.9
3021,4.26,9:00,131,129.9
3022,4.26,9:07,133,129.9
3023,4.26,9:07,134,129.9
3024,4.26,9:14,135,129.3
3025,4.27,9:14,135,129.3
3026,4.27,10:00,135,129.3
3027,4.27,10:18,133,129.3
3028,4.27,10:54,133,129.3
3029,4.27,12:11,133,129.3
3030,4.27,13:49,134,129.3
3031,4.27,15:04,138,128.6
3032,4.27,17:11,139,128.6
3033,4.27,20:19,139,128.0
3034,4.28,20:57,139,128.0
3035,4.28,19:26,139,127.3
3036,4.28,19:09,138,126.6
3037,4.28,16:21,137,126.0
3038,4.28,14:54,136,125.3
3039,4.28,15:46,134,125.3
3040,4.28,16:33,133,124.7
3041,4.28,15:24,132,124.7
3042,4.28,15:35,131,125.3
3043,4.29,15:14,130,126.0
3044,4.29,13:32,129,126.6
3045,4.29,13:24,127,126.6
3046,4.29,13:41,127,126.6
3047,4.29,13:58,127,126.6
3048,4.29,14:44,127,126.6
3049,4.29,15:35,127,126.0
3050,4.29,15:46,126,125.3
3051,4.29,16:45,125,124.7
3052,4.29,17:25,124,123.4
3053,4.3,17:38,122,122.7
3054,4.3,17:11,121,122.0
3055,4.3,16:45,119,122.0
3056,4.3,16:21,118,122.0
3057,4.3,15:57,118,122.0
3058,4.3,15:04,117,122.0
3059,4.3,15:35,116,122.0
3060,4.3,15:46,116,122.0
3061,4.3,16:09,116,122.0
3062,4.3,16:58,116,122.0
3063,4.31,18:07,116,122.0
3064,4.31,18:53,116,122.0
3065,4.31,19:43,115,122.0
3066,4.31,19:09,116,122.7
3067,4.31,18:53,116,122.7
3068,4.31,16:58,116,122.7
3069,4.31,14:16,115,122.7
3070,4.31,12:53,117,122.0
3071,4.32,12:04,118,121.4
3072,4.32,10:43,118,120.7
3073,4.32,9:51,116,120.7
3074,4.32,9:22,116,120.7
3075,4.32,8:45,116,120.7
3076,4.33,8:04,118,121.4
3077,4.33,7:58,125,121.4
3078,4.33,7:56,127,122.0
3079,4.33,8:10,128,122.0
3080,4.33,8:16,130,122.0
3081,4.34,8:35,131,121.4
3082,4.34,8:39,132,121.4
3083,4.34,8:56,134,120.7
3084,4.34,8:56,135,120.7
3085,4.34,8:56,135,120.7
3086,4.34,9:18,135,120.7
3087,4.35,9:22,137,120.7
3088,4.35,9:30,138,119.4
3089,4.35,9:14,139,118.8
3090,4.35,9:14,141,118.8
3091,4.35,8:49,141,118.1
3092,4.36,8:56,144,118.1
3093,4.36,8:49,144,118.1
3094,4.36,9:00,146,118.8
3095,4.36,9:00,147,118.8
3096,4.36,9:03,147,118.8
3097,4.36,9:07,148,118.8
3098,4.37,9:07,150,118.8
3099,4.37,9:14,150,118.8
3100,4.37,9:00,151,119.4
3101,4.37,8:56,151,119.4
3102,4.37,8:29,152,119.4
3103,4.38,8:32,154,120.1
3104,4.38,8:26,154,120.7
3105,4.38,8:29,154,120.7
3106,4.38,8:29,155,121.4
3107,4.38,8:39,156,122.0
3108,4.39,8:39,156,122.7
3109,4.39,8:07,157,123.4
3110,4.39,8:19,157,123.4
3111,4.39,8:19,157,124.0
3112,4.39,8:26,159,124.0
3113,4.4,8:16,159,124.7
3114,4.4,8:42,159,125.3
3115,4.4,8:32,159,125.3
3116,4.4,8:32,161,125.3
3117,4.4,8:22,162,125.3
3118,4.41,8:22,161,125.3
3119,4.41,8:26,162,125.3
3120,4.41,8:22,164,126.0
3121,4.41,8:32,164,126.0
3122,4.41,8:42,165,126.6
3123,4.42,8:49,165,127.3
3124,4.42,8:56,165,127.3
3125,4.42,9:22,166,127.3
3126,4.42,9:03,166,127.3
3127,4.42,8:52,167,127.3
3128,4.42,8:45,167,127.3
3129,4.43,8:16,168,127.3
3130,4.43,8:13,169,128.0
3131,4.43,8:04,168,128.0
3132,4.43,8:16,168,128.0
3133,4.43,8:16,167,127.3
3134,4.44,8:49,168,127.3
3135,4.44,8:32,169,127.3
3136,4.44,8:45,169,127.3
3137,4.44,8:45,169,127.3
3138,4.44,8:52,168,127.3
3139,4.45,8:49,169,128.6
3140,4.45,8:45,169,129.3
3141,4.45,8:45,168,129.3
3142,4.45,8:22,168,129.9
3143,4.45,8:26,167,129.9
3144,4.46,8:22,167,129.9
3145,4.46,8:42,167,129.9
3146,4.46,8:56,166,129.9
3147,4.46,9:00,167,129.9
3148,4.46,8:56,167,129.9
3149,4.47,8:45,167,129.9
3150,4.47,9:00,166,129.9
3151,4.47,9:03,166,129.9
3152,4.47,9:07,166,129.9
3153,4.47,9:07,166,129.9
3154,4.47,9:03,167,129.9
3155,4.48,8:52,166,130.6
3156,4.48,9:11,166,130.6
3157,4.48,9:47,165,131.2
3158,4.48,10:09,165,131.2
3159,4.48,10:23,166,131.2
3160,4.48,10:14,166,131.9
3161,4.49,9:43,167,131.9
3162,4.49,9:34,166,131.9
3163,4.49,9:34,166,131.9
3164,4.49,9:11,167,132.5
3165,4.49,9:07,166,132.5
3166,4.5,8:52,166,131.9
3167,4.5,8:49,166,131.9
3168,4.5,8:35,167,131.9
3169,4.5,9:07,167,131.9
3170,4.5,9:14,168,131.9
3171,4.5,9:18,167,131.9
3172,4.51,9:14,166,131.9
3173,4.51,9:03,167,131.9
3174,4.51,9:03,168,131.2
3175,4.51,8:52,168,131.2
3176,4.51,9:07,169,131.2
3177,4.52,8:49,169,131.2
3178,4.52,8:45,169,130.6
3179,4.52,8:35,169,130.6
3180,4.52,8:22,170,129.9
3181,4.52,8:13,169,129.3
3182,4.53,8:10,170,129.3
3183,4.53,8:13,170,128.6
3184,4.53,8:16,170,128.6
3185,4.53,8:22,170,128.6
3186,4.53,8:29,170,128.6
3187,4.54,8:26,171,128.6
3188,4.54,8:29,171,128.6
3189,4.54,8:29,172,128.0
3190,4.54,8:32,172,128.0
3191,4.54,8:32,172,127.3
3192,4.55,8:42,172,126.6
3193,4.55,8:39,171,126.0
3194,4.55,8:29,171,125.3
3195,4.55,8:16,172,124.7
3196,4.55,8:10,172,124.0
3197,4.56,8:26,171,124.0
3198,4.56,8:42,172,124.7
3199,4.56,8:39,172,124.7
3200,4.56,9:00,172,125.3
3201,4.56,9:00,172,125.3
3202,4.56,8:39,172,125.3
3203,4.57,8:35,173,124.7
3204,4.57,8:32,173,124.7
3205,4.57,8:32,174,124.7
3206,4.57,8:32,174,124.7
3207,4.57,8:42,173,124.7
3208,4.58,8:35,173,125.3
3209,4.58,8:39,172,126.0
3210,4.58,8:45,172,126.0
3211,4.58,8:49,172,125.3
3212,4.58,9:00,173,125.3
3213,4.59,8:49,171,124.7
3214,4.59,8:45,171,124.0
3215,4.59,8:29,171,124.0
3216,4.59,8:07,171,123.4
3217,4.59,7:39,172,123.4
3218,4.6,7:34,172,123.4
3219,4.6,7:39,172,124.0
3220,4.6,7:42,173,124.0
3221,4.6,8:04,173,124.0
3222,4.6,8:29,173,124.0
3223,4.61,8:49,173,124.0
3224,4.61,8:52,173,123.4
3225,4.61,9:00,173,122.7
3226,4.61,8:56,173,123.4
3227,4.61,9:00,173,124.0
3228,4.62,9:14,173,124.0
3229,4.62,9:00,174,124.0
3230,4.62,9:11,174,124.7
3231,4.62,9:07,174,124.7
3232,4.62,8:56,174,124.7
3233,4.62,8:49,173,124.7
3234,4.63,9:11,173,124.7
3235,4.63,9:07,172,124.0
3236,4.63,9:18,172,124.7
3237,4.63,9:26,173,125.3
3238,4.63,9:14,173,126.6
3239,4.64,9:03,173,128.0
3240,4.64,8:56,174,128.6
3241,4.64,8:49,173,128.6
3242,4.64,8:52,174,128.0
3243,4.64,8:52,174,128.0
3244,4.64,9:03,174,127.3
3245,4.65,9:07,174,127.3
3246,4.65,9:03,174,126.6
3247,4.65,8:56,174,126.0
3248,4.65,8:45,175,126.0
3249,4.65,8:29,175,126.6
3250,4.66,8:29,175,127.3
3251,4.66,8:22,176,129.9
3252,4.66,8:32,174,131.9
3253,4.66,8:39,174,133.2
3254,4.66,8:45,174,133.2
3255,4.67,8:56,173,133.2
3256,4.67,9:03,173,132.5
3257,4.67,9:22,173,132.5
3258,4.67,9:26,174,132.5
3259,4.67,9:14,174,132.5
3260,4.68,8:42,176,133.2
3261,4.68,8:22,176,133.2
3262,4.68,7:50,175,133.2
3263,4.68,7:42,175,133.2
3264,4.68,7:50,175,133.2
3265,4.69,7:58,177,133.2
3266,4.69,8:22,177,133.2
3267,4.69,8:42,177,132.5
3268,4.69,8:39,177,133.2
3269,4.69,8:52,175,132.5
3270,4.69,9:03,175,132.5
3271,4.7,9:00,176,133.2
3272,4.7,8:45,177,133.2
3273,4.7,8:32,176,133.2
3274,4.7,8:22,176,133.9
3275,4.71,8:07,175,133.9
3276,4.71,8:04,175,133.9
3277,4.71,8:13,175,133.9
3278,4.71,9:26,175,133.9
3279,4.71,11:05,176,133.9
3280,4.71,14:07,174,133.9
3281,4.71,16:33,174,133.9
3282,4.71,21:37,174,133.9
3283,4.71,20:57,174,134.5
3284,4.72,18:07,174,134.5
3285,4.72,15:46,173,133.9
3286,4.72,14:54,172,133.2
3287,4.72,13:49,171,132.5
3288,4.72,14:07,170,132.5
3289,4.72,15:24,169,132.5
3290,4.72,16:21,170,131.9
3291,4.72,18:37,170,131.9
3292,4.72,21:17,169,131.9
3293,4.72,23:07,169,131.2
3294,4.72,23:07,168,131.2
3295,4.73,23:07,167,131.2
3296,4.73,19:09,167,131.2
3297,4.73,16:33,166,131.9
3298,4.73,14:54,165,131.9
3299,4.73,13:49,164,131.9
3300,4.73,13:16,164,131.9
3301,4.73,14:16,163,131.9
3302,4.73,14:44,162,131.9
3303,4.73,15:46,161,131.9
3304,4.74,17:11,160,131.9
3305,4.74,20:01,159,131.9
3306,4.74,22:21,157,131.9
3307,4.74,26:49,157,131.9
3308,4.74,27:56,156,131.9
3309,4.74,27:22,154,131.2
3310,4.74,29:48,152,131.2
3311,4.74,34:23,152,130.6
3312,4.74,26:17,151,129.9
3313,4.74,27:56,149,129.3
3314,4.74,29:09,147,129.3
3315,4.74,23:56,143,129.3
3316,4.74,19:43,143,129.9
3317,4.74,20:01,144,129.9
3318,4.74,18:07,144,129.9
3319,4.75,16:33,146,130.6
3320,4.75,15:57,146,130.6
3321,4.75,16:09,147,130.6
3322,4.75,17:11,147,130.6
3323,4.75,18:07,147,130.6
3324,4.75,18:37,146,130.6
3325,4.75,18:53,145,130.6
3326,4.75,20:19,144,131.2
3327,4.75,19:26,144,130.6
3328,4.75,19:43,144,130.6
3329,4.75,21:37,144,129.9
3330,4.76,21:59,144,129.9
3331,4.76,18:37,143,129.9
3332,4.76,17:25,143,130.6
3333,4.76,15:57,142,131.2
3334,4.76,15:14,141,132.5
3335,4.76,14:54,141,133.2
3336,4.76,14:44,141,133.9
3337,4.76,14:25,140,133.9
3338,4.76,14:25,139,133.9
3339,4.77,13:58,139,133.9
3340,4.77,13:41,137,134.5
3341,4.77,14:25,138,134.5
3342,4.77,14:54,138,134.5
3343,4.77,15:04,139,135.2
3344,4.77,15:14,140,135.2
3345,4.77,15:46,140,135.2
3346,4.77,16:21,138,135.8
3347,4.77,18:07,137,135.8
3348,4.77,19:09,136,136.5
3349,4.78,20:01,135,137.8
3350,4.78,18:07,134,137.8
3351,4.78,16:45,134,137.8
3352,4.78,15:14,133,137.8
3353,4.78,14:54,133,137.1
3354,4.78,14:25,133,137.1
3355,4.78,15:46,134,137.8
3356,4.78,16:45,134,138.5
3357,4.78,17:25,135,139.1
3358,4.79,17:11,134,139.1
3359,4.79,20:37,133,139.1
3360,4.79,20:01,133,139.1
3361,4.79,20:19,132,139.1
3362,4.79,19:09,131,139.1
3363,4.79,19:09,131,139.1
3364,4.79,15:57,130,139.1
3365,4.79,15:35,129,139.1
3366,4.79,15:14,127,139.1
3367,4.79,15:57,126,139.1
3368,4.79,15:35,126,139.1
3369,4.8,14:25,126,139.1
3370,4.8,13:49,128,139.8
3371,4.8,12:53,129,140.4
3372,4.8,11:58,131,141.1
3373,4.8,11:21,131,141.1
3374,4.8,11:45,132,141.1
3375,4.8,11:27,133,141.7
3376,4.81,11:33,133,141.7
3377,4.81,11:33,133,141.7
3378,4.81,11:33,133,141.7
3379,4.81,10:43,134,141.7
3380,4.81,10:48,135,141.7
3381,4.81,10:43,136,141.7
3382,4.82,10:23,137,142.4
3383,4.82,10:05,138,142.4
3384,4.82,10:38,138,143.0
3385,4.82,10:38,140,143.7
3386,4.82,10:48,140,143.7
3387,4.82,11:05,143,143.7
3388,4.83,10:48,143,144.4
3389,4.83,10:23,144,144.4
3390,4.83,10:05,145,145.0
3391,4.83,9:56,145,145.7
3392,4.83,9:51,147,145.7
3393,4.83,10:18,146,145.7
3394,4.83,10:43,147,145.7
3395,4.84,11:45,149,145.0
3396,4.84,12:32,148,145.0
3397,4.84,13:01,149,145.7
3398,4.84,14:07,149,146.3
3399,4.84,14:07,146,147.0
3400,4.84,13:58,145,147.6
3401,4.84,12:39,145,148.3
3402,4.84,12:11,145,149.0
3403,4.85,11:45,145,149.0
3404,4.85,11:33,145,149.0
3405,4.85,10:54,145,149.6
3406,4.85,11:10,145,149.6
3407,4.85,11:33,139,149.0
3408,4.85,11:16,141,149.0
3409,4.86,11:33,143,149.0
3410,4.86,11:52,145,149.6
3411,4.86,11:58,146,149.6
3412,4.86,12:04,150,150.3
3413,4.86,12:18,151,150.9
3414,4.86,11:33,151,151.6
3415,4.86,11:16,154,151.6
3416,4.87,11:10,155,151.6
3417,4.87,10:59,156,152.2
3418,4.87,10:43,157,152.9
3419,4.87,11:05,159,152.9
3420,4.87,11:05,159,152.9
3421,4.87,10:38,160,153.5
3422,4.87,10:18,161,153.5
3423,4.88,10:33,162,154.2
3424,4.88,11:10,162,154.9
3425,4.88,11:45,163,154.9
3426,4.88,12:39,163,155.5
3427,4.88,13:32,163,156.2
3428,4.88,13:01,163,156.2
3429,4.88,12:18,163,156.2
3430,4.88,13:32,162,156.8
3431,4.89,14:16,161,156.8
3432,4.89,13:58,160,156.8
3433,4.89,14:44,161,156.8
3434,4.89,15:46,160,156.8
3435,4.89,13:41,160,156.8
3436,4.89,12:32,161,156.8
3437,4.89,13:01,160,157.5
3438,4.89,13:24,160,157.5
3439,4.9,12:11,160,157.5
3440,4.9,11:45,160,156.8
3441,4.9,12:11,160,156.2
3442,4.9,12:11,159,156.2
3443,4.9,12:32,159,155.5
3444,4.9,13:24,158,154.9
3445,4.9,13:32,158,154.9
3446,4.91,13:16,158,154.2
3447,4.91,12:46,158,154.2
3448,4.91,11:39,158,154.2
3449,4.91,11:10,158,154.2
3450,4.91,11:21,158,154.2
3451,4.91,11:10,158,153.5
3452,4.91,10:48,157,153.5
3453,4.92,11:10,158,153.5
3454,4.92,11:27,157,152.9
3455,4.92,11:52,156,152.9
3456,4.92,11:52,155,152.2
3457,4.92,13:08,155,152.2
3458,4.92,13:32,155,151.6
3459,4.92,13:01,155,151.6
3460,4.92,12:46,155,151.6
3461,4.93,13:32,155,151.6
3462,4.93,14:54,155,151.6
3463,4.93,14:34,153,150.9
3464,4.93,15:04,154,150.9
3465,4.93,14:25,154,150.3
3466,4.93,14:07,155,150.3
3467,4.93,12:39,155,150.3
3468,4.93,12:53,155,150.3
3469,4.94,13:08,155,150.3
3470,4.94,14:44,154,150.3
3471,4.94,15:04,154,150.3
3472,4.94,13:58,154,150.3
3473,4.94,13:32,153,150.3
3474,4.94,13:24,153,150.9
3475,4.94,12:04,153,151.6
3476,4.94,11:45,152,151.6
3477,4.95,11:52,153,151.6
3478,4.95,12:04,151,151.6
3479,4.95,12:32,151,151.6
3480,4.95,13:16,151,151.6
3481,4.95,13:01,150,151.6
3482,4.95,13:49,151,151.6
3483,4.95,13:16,151,151.6
3484,4.95,13:32,150,151.6
3485,4.96,13:08,150,151.6
3486,4.96,14:07,150,151.6
3487,4.96,13:41,151,151.6
3488,4.96,13:49,150,151.6
3489,4.96,13:08,150,151.6
3490,4.96,12:46,151,152.2
3491,4.96,11:27,151,152.2
3492,4.97,11:05,150,152.2
3493,4.97,10:43,150,152.2
3494,4.97,10:23,151,152.2
3495,4.97,10:14,151,152.2
3496,4.97,10:33,151,152.9
3497,4.97,10:43,151,152.9
3498,4.97,10:38,152,152.9
3499,4.98,10:59,152,152.9
3500,4.98,11:16,153,152.9
3501,4.98,11:05,152,153.5
3502,4.98,11:10,153,153.5
3503,4.98,11:39,153,154.2
3504,4.98,11:21,152,154.2
3505,4.98,11:45,151,154.9
3506,4.99,12:32,152,154.2
3507,4.99,12:25,153,154.2
3508,4.99,11:45,153,154.2
3509,4.99,11:39,152,154.2
3510,4.99,11:33,152,154.2
3511,4.99,11:10,151,154.9
3512,5.0,10:38,152,154.9
3513,5.0,10:38,153,154.9
3514,5.0,10:38,153,154.9
3515,5.0,9:56,152,154.9
3516,5.0,9:30,152,154.9
3517,5.0,9:51,152,154.9
3518,5.01,10:09,153,154.9
3519,5.01,10:33,153,154.9
3520,5.01,11:21,153,155.5
3521,5.01,11:58,153,155.5
3522,5.01,12:46,154,156.2
3523,5.01,13:16,155,155.5
3524,5.01,12:32,155,155.5
3525,5.01,12:32,156,155.5
3526,5.02,12:25,156,154.9
3527,5.02,12:25,155,154.9
3528,5.02,12:25,154,154.2
3529,5.02,12:39,155,154.2
3530,5.02,11:52,155,154.2
3531,5.02,11:10,155,154.9
3532,5.02,10:18,155,154.9
3533,5.03,10:18,154,155.5
3534,5.03,10:43,155,155.5
3535,5.03,11:05,155,155.5
3536,5.03,11:45,155,155.5
3537,5.03,11:16,156,155.5
3538,5.03,10:33,156,156.2
3539,5.04,10:00,156,156.2
3540,5.04,10:09,157,156.2
3541,5.04,10:23,157,156.8
3542,5.04,10:48,157,156.8
3543,5.04,11:27,157,156.8
3544,5.04,11:39,158,157.5
3545,5.04,11:39,159,158.1
3546,5.05,11:58,158,158.1
3547,5.05,12:39,157,158.1
3548,5.05,13:08,157,158.1
3549,5.05,14:34,157,158.1
3550,5.05,14:54,157,157.5
3551,5.05,13:58,159,157.5
3552,5.05,14:34,158,157.5
3553,5.05,13:49,158,157.5
3554,5.05,13:32,158,157.5
3555,5.06,12:39,158,158.1
3556,5.06,12:32,158,158.1
3557,5.06,11:33,157,158.8
3558,5.06,11:27,157,158.8
3559,5.06,10:54,157,158.8
3560,5.06,10:43,157,158.8
3561,5.07,10:33,157,158.8
3562,5.07,10:48,158,159.4
3563,5.07,10:33,158,159.4
3564,5.07,10:09,157,159.4
3565,5.07,10:59,157,160.1
3566,5.07,11:45,156,160.1
3567,5.07,13:01,156,160.1
3568,5.07,14:07,156,160.8
3569,5.08,14:54,156,160.8
3570,5.08,14:54,155,160.1
3571,5.08,14:16,154,160.1
3572,5.08,12:46,155,160.1
3573,5.08,12:39,155,159.4
3574,5.08,12:32,155,159.4
3575,5.08,12:11,155,159.4
3576,5.09,12:04,156,159.4
3577,5.09,11:58,155,159.4
3578,5.09,11:39,155,160.1
3579,5.09,11:21,156,160.1
3580,5.09,11:05,156,160.1
3581,5.09,10:43,156,160.1
3582,5.1,10:09,156,160.1
3583,5.1,9:56,156,160.1
3584,5.1,9:51,155,160.1
3585,5.1,9:43,155,160.8
3586,5.1,10:09,156,160.8
3587,5.1,10:48,155,160.8
3588,5.1,10:59,155,160.8
3589,5.11,11:58,156,161.4
3590,5.11,13:16,154,162.1
3591,5.11,13:08,155,162.1
3592,5.11,13:08,156,162.7
3593,5.11,14:25,156,162.7
3594,5.11,14:34,157,162.7
3595,5.11,14:07,157,162.7
3596,5.11,14:34,157,163.4
3597,5.12,14:54,157,163.4
3598,5.12,13:49,157,162.7
3599,5.12,13:16,157,162.7
3600,5.12,12:53,155,162.7
3601,5.12,12:25,155,162.7
3602,5.12,11:45,156,162.7
3603,5.12,12:11,157,162.7
3604,5.12,11:45,157,162.7
3605,5.13,11:27,157,162.7
3606,5.13,12:04,157,162.7
3607,5.13,12:11,156,162.7
3608,5.13,11:58,157,162.7
3609,5.13,12:25,157,163.4
3610,5.13,12:25,156,164.0
3611,5.13,11:33,156,164.0
3612,5.14,11:52,156,164.7
3613,5.14,11:52,157,164.7
3614,5.14,12:04,158,164.0
3615,5.14,12:11,156,164.0
3616,5.14,13:01,157,164.0
3617,5.14,13:41,156,164.0
3618,5.14,13:16,156,164.0
3619,5.14,12:53,155,164.0
3620,5.15,13:08,154,164.0
3621,5.15,12:39,154,164.0
3622,5.15,12:18,153,164.0
3623,5.15,12:53,153,164.7
3624,5.15,12:11,152,164.7
3625,5.15,11:52,152,165.4
3626,5.16,11:05,153,165.4
3627,5.16,10:28,153,165.4
3628,5.16,9:43,153,165.4
3629,5.16,10:18,155,165.4
3630,5.16,10:48,156,165.4
3631,5.16,11:58,156,165.4
3632,5.16,13:01,157,165.4
3633,5.16,13:49,157,165.4
3634,5.17,13:41,157,165.4
3635,5.17,13:32,157,166.0
3636,5.17,13:08,157,166.0
3637,5.17,13:32,157,166.0
3638,5.17,13:41,157,166.0
3639,5.17,13:32,157,166.0
3640,5.17,13:41,158,166.7
3641,5.17,13:32,159,166.7
3642,5.18,13:08,159,167.3
3643,5.18,13:49,160,167.3
3644,5.18,13:24,160,167.3
3645,5.18,13:08,161,167.3
3646,5.18,13:08,160,167.3
3647,5.18,12:39,161,167.3
3648,5.18,12:04,161,167.3
3649,5.18,12:53,162,168.0
3650,5.19,13:24,162,167.3
3651,5.19,13:49,162,167.3
3652,5.19,13:08,162,167.3
3653,5.19,13:16,161,167.3
3654,5.19,12:53,161,167.3
3655,5.19,11:58,162,167.3
3656,5.19,11:27,162,167.3
3657,5.2,12:04,161,166.7
3658,5.2,12:04,161,166.7
3659,5.2,11:52,160,167.3
3660,5.2,12:46,160,168.0
3661,5.2,13:49,161,168.6
3662,5.2,13:24,162,169.3
3663,5.2,12:46,162,169.9
3664,5.21,11:45,162,169.9
3665,5.21,11:10,162,170.6
3666,5.21,10:28,162,170.6
3667,5.21,10:43,161,170.6
3668,5.21,10:33,161,169.9
3669,5.21,11:10,161,169.9
3670,5.21,10:59,162,169.9
3671,5.22,11:10,160,170.6
3672,5.22,10:59,160,170.6
3673,5.22,11:45,159,171.3
3674,5.22,12:11,159,171.3
3675,5.22,12:53,158,171.3
3676,5.22,12:46,158,171.3
3677,5.22,12:53,159,171.3
3678,5.23,12:04,160,171.9
3679,5.23,12:11,160,171.9
3680,5.23,11:45,161,171.9
3681,5.23,11:52,160,172.6
3682,5.23,12:25,161,172.6
3683,5.23,13:08,161,172.6
3684,5.23,13:16,161,172.6
3685,5.23,13:58,161,173.2
3686,5.23,14:34,160,173.9
3687,5.24,14:07,160,173.9
3688,5.24,14:07,160,174.5
3689,5.24,13:49,160,174.5
3690,5.24,13:24,160,174.5
3691,5.24,13:24,159,174.5
3692,5.24,13:16,158,174.5
3693,5.24,13:16,159,174.5
3694,5.24,13:24,159,174.5
3695,5.25,13:58,158,174.5
3696,5.25,14:25,158,174.5
3697,5.25,14:16,158,175.2
3698,5.25,14:07,159,175.9
3699,5.25,14:07,159,175.9
3700,5.25,13:41,159,175.9
3701,5.25,12:53,160,175.9
3702,5.25,13:08,160,176.5
3703,5.26,13:32,161,176.5
3704,5.26,12:46,160,176.5
3705,5.26,12:46,161,176.5
3706,5.26,12:39,161,176.5
3707,5.26,12:04,163,176.5
3708,5.26,12:04,159,176.5
3709,5.26,12:53,160,176.5
3710,5.26,13:08,160,176.5
3711,5.27,14:16,159,176.5
3712,5.27,14:54,159,176.5
3713,5.27,13:49,159,176.5
3714,5.27,13:08,158,175.9
3715,5.27,11:52,158,175.9
3716,5.27,10:43,156,175.9
3717,5.28,10:18,156,175.2
3718,5.28,10:23,157,175.2
3719,5.28,10:23,156,175.9
3720,5.28,10:59,155,175.9
3721,5.28,10:48,154,176.5
3722,5.28,10:54,154,176.5
3723,5.28,11:10,153,176.5
3724,5.29,10:59,153,175.9
3725,5.29,11:05,152,175.9
3726,5.29,12:11,152,175.2
3727,5.29,12:46,153,175.2
3728,5.29,13:01,154,175.9
3729,5.29,13:24,154,176.5
3730,5.29,13:01,155,177.2
3731,5.29,12:32,156,177.8
3732,5.3,12:04,155,178.5
3733,5.3,11:45,155,179.1
3734,5.3,12:11,156,179.1
3735,5.3,12:11,155,179.8
3736,5.3,12:04,154,179.1
3737,5.3,12:32,155,179.1
3738,5.3,12:25,155,179.8
3739,5.31,11:39,156,179.8
3740,5.31,11:52,157,179.8
3741,5.31,11:45,158,179.8
3742,5.31,11:33,158,179.8
3743,5.31,11:45,158,180.4
3744,5.31,13:24,158,180.4
3745,5.31,13:49,158,181.1
3746,5.31,14:07,157,180.4
3747,5.32,13:58,157,180.4
3748,5.32,13:08,157,180.4
3749,5.32,11:58,157,180.4
3750,5.32,11:52,157,181.1
3751,5.32,11:39,157,181.8
3752,5.32,12:04,158,182.4
3753,5.32,12:25,158,182.4
3754,5.33,11:58,159,182.4
3755,5.33,11:45,159,182.4
3756,5.33,11:58,160,182.4
3757,5.33,11:27,160,181.8
3758,5.33,12:04,161,181.8
3759,5.33,12:25,161,181.8
3760,5.33,11:52,161,181.8
3761,5.34,12:04,161,181.8
3762,5.34,12:25,161,181.8
3763,5.34,12:11,161,181.8
3764,5.34,12:32,160,181.8
3765,5.34,13:24,160,181.8
3766,5.34,12:39,161,181.8
3767,5.34,12:39,163,182.4
3768,5.35,11:27,163,182.4
3769,5.35,11:21,159,183.1
3770,5.35,10:48,157,183.1
3771,5.35,10:48,157,182.4
3772,5.35,10:18,157,181.8
3773,5.35,10:33,157,181.8
3774,5.35,10:23,156,181.8
3775,5.36,10:43,156,182.4
3776,5.36,11:16,157,183.1
3777,5.36,12:25,158,183.7
3778,5.36,13:24,158,183.7
3779,5.36,14:07,158,183.7
3780,5.36,15:14,158,183.7
3781,5.36,15:57,158,183.7
3782,5.36,14:54,160,183.7
3783,5.37,13:32,159,183.1
3784,5.37,12:46,159,182.4
3785,5.37,12:11,159,181.8
3786,5.37,11:33,159,181.1
3787,5.37,12:25,158,181.8
3788,5.37,13:16,158,183.1
3789,5.37,13:01,157,184.4
3790,5.38,12:18,157,186.4
3791,5.38,11:27,158,187.7
3792,5.38,10:23,158,188.3
3793,5.38,10:18,160,188.3
3794,5.38,10:28,159,187.7
3795,5.38,10:28,159,187.0
3796,5.38,11:39,159,186.4
3797,5.39,11:52,160,186.4
3798,5.39,11:39,159,187.0
3799,5.39,11:58,159,187.7
3800,5.39,12:11,159,188.3
3801,5.39,11:39,158,188.3
3802,5.39,12:04,158,189.0
3803,5.39,12:18,159,189.0
3804,5.4,11:58,159,189.0
3805,5.4,13:08,159,189.0
3806,5.4,13:49,159,188.3
3807,5.4,13:01,160,188.3
3808,5.4,13:08,160,189.0
3809,5.4,13:16,161,189.0
3810,5.4,12:18,160,189.6
3811,5.4,12:32,160,189.6
3812,5.41,13:01,160,189.6
3813,5.41,13:16,160,189.6
3814,5.41,13:32,160,189.6
3815,5.41,13:32,159,189.6
3816,5.41,12:04,159,190.3
3817,5.41,11:58,158,190.3
3818,5.41,11:33,158,190.3
3819,5.42,11:27,158,190.9
3820,5.42,11:05,158,190.3
3821,5.42,11:39,159,190.3
3822,5.42,11:45,158,190.3
3823,5.42,12:04,158,190.3
3824,5.42,11:39,158,190.3
3825,5.42,12:04,158,190.3
3826,5.43,11:33,159,190.3
3827,5.43,11:16,159,190.3
3828,5.43,11:21,160,190.3
3829,5.43,11:33,160,190.3
3830,5.43,11:33,161,190.3
3831,5.43,12:04,160,190.9
3832,5.43,12:53,160,190.9
3833,5.43,12:25,160,190.9
3834,5.44,12:18,159,190.9
3835,5.44,12:04,158,190.9
3836,5.44,11:52,159,190.3
3837,5.44,11:27,161,190.3
3838,5.44,11:39,160,190.3
3839,5.44,11:45,160,190.3
3840,5.44,11:52,160,190.3
3841,5.45,12:04,159,190.9
3842,5.45,13:08,159,190.9
3843,5.45,13:08,159,190.9
3844,5.45,13:01,160,191.6
3845,5.45,13:08,159,191.6
3846,5.45,13:08,160,191.6
3847,5.45,12:04,160,191.6
3848,5.45,12:53,161,191.6
3849,5.46,13:16,161,191.6
3850,5.46,14:16,161,192.3
3851,5.46,13:58,162,192.3
3852,5.46,12:46,161,192.3
3853,5.46,11:33,161,192.3
3854,5.46,12:25,161,192.3
3855,5.46,12:25,161,192.3
3856,5.46,13:16,160,192.3
3857,5.47,15:04,160,192.3
3858,5.47,15:24,161,192.3
3859,5.47,13:24,160,192.3
3860,5.47,12:32,160,192.9
3861,5.47,12:04,159,192.9
3862,5.47,12:04,160,192.9
3863,5.47,12:25,160,192.9
3864,5.48,12:46,161,192.3
3865,5.48,12:53,160,192.3
3866,5.48,12:32,160,192.9
3867,5.48,12:39,160,192.9
3868,5.48,12:25,159,193.6
3869,5.48,12:32,159,193.6
3870,5.48,12:25,159,194.2
3871,5.49,11:52,159,194.2
3872,5.49,11:33,158,194.2
3873,5.49,11:58,157,193.6
3874,5.49,12:11,156,193.6
3875,5.49,12:04,155,193.6
3876,5.49,12:53,154,193.6
3877,5.49,12:32,154,194.2
3878,5.49,11:45,155,194.2
3879,5.5,11:10,155,194.2
3880,5.5,11:05,155,194.2
3881,5.5,11:05,155,194.2
3882,5.5,11:16,156,194.2
3883,5.5,12:04,156,194.2
3884,5.5,12:53,157,194.2
3885,5.5,13:16,157,194.2
3886,5.51,13:16,157,194.2
3887,5.51,13:32,157,194.2
3888,5.51,13:08,157,194.2
3889,5.51,12:39,156,194.2
3890,5.51,12:32,155,194.9
3891,5.51,12:53,157,194.9
3892,5.51,12:46,156,195.5
3893,5.51,12:04,157,195.5
3894,5.52,12:11,156,195.5
3895,5.52,11:39,156,195.5
3896,5.52,11:27,156,195.5
3897,5.52,11:52,155,195.5
3898,5.52,12:46,156,194.9
3899,5.52,13:08,156,194.9
3900,5.52,13:41,156,194.9
3901,5.53,13:01,156,195.5
3902,5.53,12:32,156,196.2
3903,5.53,12:25,156,196.9
3904,5.53,11:58,154,197.5
3905,5.53,12:04,153,198.2
3906,5.53,12:18,152,198.2
3907,5.53,12:11,151,198.2
3908,5.53,12:04,146,197.5
3909,5.54,12:18,141,197.5
3910,5.54,12:46,140,197.5
3911,5.54,13:16,141,197.5
3912,5.54,12:39,141,197.5
3913,5.54,12:25,141,198.2
3914,5.54,11:45,141,198.8
3915,5.54,10:59,141,198.8
3916,5.55,10:43,141,198.8
3917,5.55,10:59,141,199.5
3918,5.55,10:59,141,199.5
3919,5.55,11:58,141,198.8
3920,5.55,12:32,141,198.8
3921,5.55,12:18,141,198.8
3922,5.55,12:39,141,198.8
3923,5.56,12:53,142,199.5
3924,5.56,12:32,142,199.5
3925,5.56,12:25,142,199.5
3926,5.56,12:32,142,199.5
3927,5.56,12:18,142,199.5
3928,5.56,12:25,142,199.5
3929,5.56,12:11,142,199.5
3930,5.56,12:39,143,200.1
3931,5.57,13:16,142,200.8
3932,5.57,13:24,142,200.8
3933,5.57,12:53,143,200.8
3934,5.57,13:01,142,201.4
3935,5.57,12:04,142,201.4
3936,5.57,11:21,142,200.8
3937,5.57,11:05,142,200.8
3938,5.58,11:27,142,201.4
3939,5.58,11:45,142,201.4
3940,5.58,12:18,142,201.4
3941,5.58,13:01,143,200.8
3942,5.58,13:41,144,200.8
3943,5.58,13:24,144,200.1
3944,5.58,12:46,145,199.5
3945,5.59,12:53,146,199.5
3946,5.59,12:11,148,198.8
3947,5.59,11:52,149,198.8
3948,5.59,11:39,150,198.8
3949,5.59,11:27,152,198.8
3950,5.59,11:21,153,199.5
3951,5.59,11:52,154,199.5
3952,5.59,12:32,153,200.1
3953,5.6,12:46,155,200.1
3954,5.6,13:16,156,200.8
3955,5.6,13:41,156,200.8
3956,5.6,13:49,155,200.8
3957,5.6,13:16,155,200.8
3958,5.6,13:49,155,200.8
3959,5.6,13:41,155,201.4
3960,5.6,13:16,154,201.4
3961,5.61,12:39,154,201.4
3962,5.61,11:45,154,201.4
3963,5.61,10:54,153,201.4
3964,5.61,11:10,153,201.4
3965,5.61,11:16,152,201.4
3966,5.61,11:45,152,201.4
3967,5.61,13:08,152,200.8
3968,5.62,13:41,151,200.8
3969,5.62,13:01,151,200.8
3970,5.62,12:53,151,200.8
3971,5.62,10:43,150,201.4
3972,5.62,9:56,151,202.1
3973,5.62,9:51,152,202.1
3974,5.63,9:51,152,202.1
3975,5.63,10:14,152,202.1
3976,5.63,12:11,152,201.4
3977,5.63,13:08,151,201.4
3978,5.63,13:32,151,201.4
3979,5.63,13:49,151,201.4
3980,5.63,13:16,151,202.1
3981,5.63,13:24,152,202.1
3982,5.64,12:53,152,202.1
3983,5.64,13:49,151,202.8
3984,5.64,14:34,152,203.4
3985,5.64,13:41,152,203.4
3986,5.64,12:46,152,203.4
3987,5.64,11:45,152,204.1
3988,5.64,10:18,152,204.1
3989,5.65,9:34,152,204.7
3990,5.65,9:43,153,204.7
3991,5.65,10:18,153,204.7
3992,5.65,11:27,154,203.4
3993,5.65,12:32,153,202.8
3994,5.65,12:53,154,202.8
3995,5.65,13:01,155,203.4
3996,5.66,12:18,156,204.1
3997,5.66,11:52,155,204.7
3998,5.66,12:25,155,203.4
3999,5.66,12:46,156,202.8
4000,5.66,13:08,156,202.8
4001,5.66,12:46,155,202.8
4002,5.66,12:25,155,203.4
4003,5.67,11:39,155,204.1
4004,5.67,11:39,155,204.1
4005,5.67,11:21,155,204.1
4006,5.67,12:04,155,204.1
4007,5.67,12:11,154,204.1
4008,5.67,12:25,155,204.1
4009,5.67,12:18,155,204.1
4010,5.67,12:11,155,204.1
4011,5.68,11:58,154,204.1
4012,5.68,11:52,154,204.1
4013,5.68,11:39,154,203.4
4014,5.68,11:52,155,202.8
4015,5.68,11:52,154,202.1
4016,5.68,11:33,153,201.4
4017,5.68,12:04,153,199.5
4018,5.69,11:58,152,198.8
4019,5.69,11:39,152,197.5
4020,5.69,11:45,152,196.9
4021,5.69,11:58,151,196.2
4022,5.69,12:04,151,196.9
4023,5.69,11:45,151,197.5
4024,5.69,11:45,151,198.8
4025,5.7,11:33,151,199.5
4026,5.7,11:05,151,199.5
4027,5.7,10:48,151,200.1
4028,5.7,10:43,150,200.1
4029,5.7,10:43,150,199.5
4030,5.7,11:21,150,199.5
4031,5.7,12:11,151,199.5
4032,5.71,13:01,151,198.8
4033,5.71,14:16,151,198.8
4034,5.71,13:41,152,198.2
4035,5.71,13:16,151,197.5
4036,5.71,12:39,151,196.9
4037,5.71,12:04,151,196.2
4038,5.71,11:58,151,195.5
4039,5.71,12:32,151,194.9
4040,5.72,12:04,151,194.9
4041,5.72,12:04,151,194.2
4042,5.72,11:27,151,194.2
4043,5.72,10:59,151,193.6
4044,5.72,10:14,152,193.6
4045,5.72,10:00,153,193.6
4046,5.73,10:09,153,193.6
4047,5.73,10:00,152,193.6
4048,5.73,10:05,152,193.6
4049,5.73,10:23,152,192.9
4050,5.73,10:28,152,192.3
4051,5.73,10:38,152,191.6
4052,5.74,10:43,151,191.6
4053,5.74,10:43,151,191.6
4054,5.74,10:59,151,191.6
4055,5.74,11:16,150,191.6
4056,5.74,10:59,149,191.6
4057,5.74,11:16,149,191.6
4058,5.74,11:05,150,190.9
4059,5.75,10:59,150,190.3
4060,5.75,10:33,149,189.6
4061,5.75,10:23,149,189.0
4062,5.75,10:23,150,189.0
4063,5.75,10:28,149,189.0
4064,5.75,10:38,150,189.0
4065,5.76,10:43,149,189.0
4066,5.76,11:33,149,188.3
4067,5.76,11:39,150,188.3
4068,5.76,11:33,149,188.3
4069,5.76,11:39,149,188.3
4070,5.76,11:39,148,189.0
4071,5.76,10:59,149,189.0
4072,5.77,10:48,149,189.0
4073,5.77,10:38,149,189.0
4074,5.77,10:23,150,188.3
4075,5.77,10:43,150,187.0
4076,5.77,10:48,150,185.7
4077,5.77,11:27,151,184.4
4078,5.77,11:58,151,183.7
4079,5.78,12:46,150,183.1
4080,5.78,13:41,150,182.4
4081,5.78,12:53,150,183.1
4082,5.78,12:11,149,183.1
4083,5.78,11:33,150,182.4
4084,5.78,10:54,149,182.4
4085,5.79,10:05,149,181.8
4086,5.79,10:43,150,181.1
4087,5.79,10:59,150,181.1
4088,5.79,11:21,150,181.1
4089,5.79,11:33,150,181.1
4090,5.79,11:39,150,181.1
4091,5.79,10:59,149,181.1
4092,5.8,10:54,149,181.1
4093,5.8,10:38,150,180.4
4094,5.8,10:38,150,179.8
4095,5.8,10:48,150,179.8
4096,5.8,10:43,149,179.1
4097,5.8,10:14,149,178.5
4098,5.8,10:38,149,177.8
4099,5.81,10:38,149,177.8
4100,5.81,10:23,148,177.8
4101,5.81,10:43,149,178.5
4102,5.81,11:10,149,179.1
4103,5.81,11:27,148,179.1
4104,5.81,11:27,148,179.1
4105,5.81,12:53,149,179.1
4106,5.82,13:16,148,178.5
4107,5.82,13:16,149,177.8
4108,5.82,12:46,148,177.8
4109,5.82,13:16,148,177.8
4110,5.82,12:25,147,177.8
4111,5.82,12:04,148,177.8
4112,5.82,11:52,148,177.2
4113,5.83,11:21,148,177.2
4114,5.83,10:05,148,177.2
4115,5.83,9:47,147,176.5
4116,5.83,10:09,147,176.5
4117,5.83,10:18,147,176.5
4118,5.83,10:18,147,176.5
4119,5.84,11:10,147,176.5
4120,5.84,11:33,148,177.2
4121,5.84,11:10,148,177.2
4122,5.84,11:27,149,177.2
4123,5.84,12:25,149,177.8
4124,5.84,12:25,148,177.8
4125,5.84,12:04,148,177.2
4126,5.85,11:52,148,177.2
4127,5.85,11:16,148,177.8
4128,5.85,10:54,148,177.2
4129,5.85,11:16,147,177.2
4130,5.85,11:27,148,177.2
4131,5.85,11:27,148,177.2
4132,5.85,11:33,148,176.5
4133,5.86,11:52,148,176.5
4134,5.86,11:21,148,177.2
4135,5.86,10:54,148,177.2
4136,5.86,11:05,148,177.2
4137,5.86,10:48,148,177.2
4138,5.86,10:18,148,177.2
4139,5.86,10:54,148,176.5
4140,5.87,10:59,149,177.2
4141,5.87,10:48,151,177.2
4142,5.87,11:21,150,177.8
4143,5.87,11:16,150,177.8
4144,5.87,10:48,151,177.8
4145,5.87,11:21,151,177.8
4146,5.88,11:16,151,177.8
4147,5.88,11:21,151,177.8
4148,5.88,12:04,151,177.2
4149,5.88,12:18,151,177.2
4150,5.88,12:11,151,177.2
4151,5.88,12:25,151,177.2
4152,5.88,12:18,151,177.2
4153,5.88,12:11,151,177.2
4154,5.89,11:58,152,177.8
4155,5.89,11:45,152,177.8
4156,5.89,11:52,153,177.8
4157,5.89,11:45,153,177.8
4158,5.89,11:27,153,177.2
4159,5.89,11:16,154,177.8
4160,5.89,11:16,153,177.8
4161,5.9,11:39,154,177.2
4162,5.9,11:33,154,177.8
4163,5.9,11:27,154,177.8
4164,5.9,12:04,154,177.8
4165,5.9,12:11,154,178.5
4166,5.9,12:04,155,178.5
4167,5.9,12:32,155,178.5
4168,5.91,12:32,156,177.8
4169,5.91,11:58,155,177.8
4170,5.91,12:18,154,177.8
4171,5.91,11:58,154,177.8
4172,5.91,11:39,154,177.8
4173,5.91,11:52,155,177.8
4174,5.91,11:33,155,177.2
4175,5.92,10:59,156,177.2
4176,5.92,11:05,155,177.2
4177,5.92,11:39,155,177.2
4178,5.92,12:04,155,177.2
4179,5.92,13:01,154,177.2
