elapsed_seconds,distance_miles,pace_per_mile,heartrate,altitude_ft
0,0.0,,87,7.9
1,0.0,17:52,84,8.5
2,0.0,16:45,84,8.5
3,0.0,15:28,85,8.5
4,0.01,14:29,86,8.5
5,0.01,13:41,88,8.5
6,0.01,12:32,89,8.5
7,0.01,11:39,91,8.5
8,0.01,11:10,94,8.5
9,0.01,10:54,99,8.5
10,0.01,10:48,101,8.5
11,0.02,10:38,102,8.5
12,0.02,10:33,104,8.5
13,0.02,10:23,105,8.5
14,0.02,10:14,107,9.2
15,0.02,10:05,108,9.2
16,0.02,10:00,109,9.2
17,0.03,9:51,109,9.2
18,0.03,9:51,108,9.8
19,0.03,9:43,108,9.8
20,0.03,9:38,107,9.8
21,0.03,9:30,104,9.8
22,0.03,9:30,102,10.5
23,0.04,9:26,102,10.5
24,0.04,9:30,103,10.5
25,0.04,9:30,106,11.2
26,0.04,9:30,110,11.2
27,0.04,9:26,111,11.2
28,0.05,9:26,112,11.2
29,0.05,9:22,113,11.8
30,0.05,9:22,116,11.8
31,0.05,9:22,117,11.8
32,0.05,9:26,118,12.5
33,0.05,9:26,118,12.5
34,0.06,9:30,119,13.1
35,0.06,9:30,120,13.1
36,0.06,9:34,120,13.8
37,0.06,9:34,120,13.8
38,0.06,9:34,122,13.8
39,0.06,9:34,122,14.4
40,0.07,9:38,124,14.4
41,0.07,9:43,124,14.4
42,0.07,9:47,125,14.4
43,0.07,9:56,125,15.1
44,0.07,9:56,125,15.1
45,0.07,9:56,126,15.1
46,0.08,9:51,125,15.7
47,0.08,9:51,126,15.7
48,0.08,9:43,126,15.7
49,0.08,9:43,125,15.7
50,0.08,9:38,126,16.4
51,0.09,9:38,126,16.4
52,0.09,9:34,126,16.4
53,0.09,9:34,127,16.4
54,0.09,9:30,127,16.4
55,0.09,9:30,128,16.4
56,0.09,9:26,129,17.1
57,0.1,9:26,129,17.1
58,0.1,9:26,129,17.1
59,0.1,9:26,129,17.1
60,0.1,9:26,130,17.1
61,0.1,9:26,131,17.1
62,0.1,9:26,131,17.7
63,0.11,9:22,131,17.7
64,0.11,9:22,133,17.7
65,0.11,9:22,133,18.4
66,0.11,9:26,133,18.4
67,0.11,9:22,134,18.4
68,0.12,9:30,135,18.4
69,0.12,9:34,135,19.0
70,0.12,9:38,136,19.0
71,0.12,9:38,136,18.4
72,0.12,9:47,136,18.4
73,0.12,9:47,136,18.4
74,0.13,9:47,136,18.4
75,0.13,9:38,136,18.4
76,0.13,9:26,136,18.4
77,0.13,9:14,135,19.0
78,0.13,9:03,136,19.7
79,0.13,9:00,136,19.7
80,0.14,9:03,137,19.7
81,0.14,9:11,136,20.3
82,0.14,9:14,137,20.3
83,0.14,9:22,137,20.3
84,0.14,9:26,137,20.3
85,0.15,9:26,138,20.3
86,0.15,9:30,137,20.3
87,0.15,9:34,137,20.3
88,0.15,9:38,137,20.3
89,0.15,9:38,137,20.3
90,0.15,9:43,137,20.3
91,0.16,9:43,138,20.3
92,0.16,9:43,138,20.3
93,0.16,9:43,138,20.3
94,0.16,9:43,138,20.3
95,0.16,9:38,138,19.7
96,0.16,9:38,139,19.7
97,0.17,9:38,139,19.7
98,0.17,9:38,140,19.7
99,0.17,9:38,140,19.7
100,0.17,9:43,140,19.7
101,0.17,9:47,141,19.7
102,0.17,9:51,140,19.7
103,0.18,9:51,140,19.0
104,0.18,9:56,140,19.0
105,0.18,9:56,141,19.0
106,0.18,9:56,141,19.0
107,0.18,9:51,141,19.0
108,0.18,9:51,142,19.0
109,0.19,9:51,142,19.0
110,0.19,9:47,142,19.0
111,0.19,9:47,141,19.0
112,0.19,9:51,142,19.0
113,0.19,9:51,142,19.0
114,0.19,9:51,142,19.0
115,0.2,10:00,142,18.4
116,0.2,10:00,142,18.4
117,0.2,11:03,142,18.4
118,0.2,12:21,142,18.4
119,0.2,14:00,142,18.4
120,0.2,15:57,143,17.7
121,0.2,23:31,143,17.7
122,0.2,25:25,142,17.7
123,0.2,22:32,142,17.7
124,0.2,19:21,140,17.7
125,0.21,16:58,140,17.1
126,0.21,13:49,140,16.4
127,0.21,12:18,139,15.7
128,0.21,12:04,138,15.7
129,0.21,12:04,138,15.1
130,0.21,12:39,138,15.1
131,0.21,12:11,138,15.1
132,0.22,12:18,137,15.1
133,0.22,12:25,138,15.1
134,0.22,13:01,138,15.1
135,0.22,11:58,139,15.1
136,0.22,12:04,139,14.4
137,0.22,11:39,139,14.4
138,0.22,11:58,139,13.8
139,0.23,11:58,139,13.8
140,0.23,13:08,138,13.1
141,0.23,13:58,136,13.1
142,0.23,15:24,135,13.1
143,0.23,15:35,132,13.8
144,0.23,15:46,132,13.8
145,0.23,14:54,131,14.4
146,0.23,12:18,128,14.4
147,0.24,11:16,127,15.1
148,0.24,10:09,126,15.7
149,0.24,9:11,124,15.7
150,0.24,9:00,126,15.7
151,0.24,9:18,127,16.4
152,0.24,9:18,125,16.4
153,0.25,9:56,122,17.1
154,0.25,10:38,122,17.1
155,0.25,10:09,113,17.1
156,0.25,10:23,115,17.1
157,0.25,10:23,115,17.1
158,0.25,10:23,115,17.1
159,0.25,11:05,115,17.1
160,0.26,12:18,115,17.7
161,0.26,13:49,117,18.4
162,0.26,14:54,121,18.4
163,0.26,15:04,126,19.0
164,0.26,13:41,127,19.7
165,0.26,13:32,132,20.3
166,0.26,13:01,134,20.3
167,0.26,12:46,137,21.0
168,0.27,12:18,138,21.0
169,0.27,12:18,140,21.7
170,0.27,12:04,141,21.7
171,0.27,9:56,142,22.3
172,0.27,9:30,142,22.3
173,0.28,9:07,142,22.3
174,0.28,8:56,141,22.3
175,0.28,8:56,141,22.3
176,0.28,10:23,141,22.3
177,0.28,11:33,140,22.3
178,0.28,12:46,140,22.3
179,0.28,13:58,140,22.3
180,0.28,14:16,140,22.3
181,0.29,14:34,140,22.3
182,0.29,12:39,140,21.7
183,0.29,10:23,140,21.0
184,0.29,9:38,140,21.0
185,0.29,9:07,140,21.0
186,0.29,9:00,139,21.7
187,0.3,9:26,137,21.7
188,0.3,11:27,137,22.3
189,0.3,13:08,137,23.0
190,0.3,16:33,137,23.0
191,0.3,20:19,138,23.0
192,0.3,26:17,139,23.0
193,0.3,40:38,139,23.0
194,0.3,35:17,139,23.0
195,0.3,27:22,139,23.6
196,0.3,14:54,140,23.6
197,0.31,12:53,141,23.6
198,0.31,11:05,142,23.6
199,0.31,11:52,142,23.6
200,0.31,12:46,142,23.6
201,0.31,20:01,142,23.6
202,0.31,22:43,142,23.6
203,0.31,21:59,140,23.0
204,0.31,21:37,140,23.0
205,0.31,20:01,142,23.0
206,0.31,18:22,141,23.0
207,0.31,16:45,141,23.0
208,0.32,16:21,141,23.0
209,0.32,15:57,141,23.6
210,0.32,15:24,141,23.6
211,0.32,15:24,141,23.6
212,0.32,15:57,141,23.6
213,0.32,16:09,140,23.6
214,0.32,13:58,140,23.6
215,0.32,12:04,141,23.6
216,0.33,9:30,141,24.3
217,0.33,7:39,141,24.3
218,0.33,7:17,139,24.3
219,0.33,7:01,137,24.3
220,0.34,6:52,137,24.3
221,0.34,7:22,136,24.3
222,0.34,8:19,136,24.3
223,0.34,10:09,136,23.6
224,0.34,13:32,137,23.6
225,0.34,21:59,137,23.6
226,0.34,46:14,138,23.6
227,0.34,,138,24.3
228,0.34,,138,24.3
229,0.34,447:02,139,24.9
230,0.34,447:02,140,24.9
231,0.34,447:02,140,25.6
232,0.34,447:02,141,25.6
233,0.34,134:06,141,25.6
234,0.34,121:55,142,26.2
235,0.34,70:35,141,25.6
236,0.34,49:40,141,25.6
237,0.34,35:17,141,25.6
238,0.34,31:55,143,25.6
239,0.34,31:11,142,25.6
240,0.35,21:37,142,25.6
241,0.35,18:22,142,25.6
242,0.35,15:46,141,25.6
243,0.35,13:24,140,26.2
244,0.35,11:21,139,26.2
245,0.35,11:21,138,26.2
246,0.36,9:43,138,26.2
247,0.36,9:34,139,26.2
248,0.36,9:56,140,26.2
249,0.36,8:07,140,26.2
250,0.36,7:42,141,26.2
251,0.37,8:01,141,26.2
252,0.37,7:50,143,26.9
253,0.37,6:56,141,26.9
254,0.37,6:23,142,26.9
255,0.38,6:17,140,26.9
256,0.38,5:59,140,26.9
257,0.38,5:08,139,26.2
258,0.39,5:20,139,26.2
259,0.39,6:42,140,26.2
260,0.39,7:14,140,26.2
261,0.39,8:19,140,26.2
262,0.39,11:33,141,26.2
263,0.39,13:58,142,26.2
264,0.39,15:35,142,26.2
265,0.39,15:35,143,26.2
266,0.39,15:57,143,26.2
267,0.4,14:07,143,26.2
268,0.4,14:07,143,26.2
269,0.4,11:45,143,26.9
270,0.4,12:04,143,26.9
328,0.4,285:20,98,18.4
329,0.4,273:41,98,17.7
330,0.41,173:02,97,17.7
331,0.41,143:26,108,17.7
332,0.41,121:22,112,17.1
333,0.41,121:22,113,17.7
334,0.41,12:32,115,17.7
335,0.41,14:34,116,17.7
336,0.41,14:54,117,17.7
337,0.41,16:09,118,17.7
338,0.42,16:21,118,18.4
339,0.42,15:04,119,18.4
340,0.42,17:52,118,18.4
341,0.42,18:22,118,18.4
342,0.42,20:57,117,18.4
343,0.42,23:31,117,18.4
344,0.42,21:37,118,18.4
345,0.42,18:22,119,18.4
346,0.42,17:38,120,18.4
347,0.42,14:34,121,18.4
348,0.43,13:49,122,17.7
349,0.43,13:08,123,17.7
350,0.43,12:32,123,17.1
351,0.43,12:04,125,16.4
352,0.43,12:11,126,16.4
353,0.43,11:58,127,16.4
354,0.43,12:04,127,17.1
355,0.43,12:04,127,17.1
356,0.44,12:32,128,17.7
357,0.44,12:18,128,17.7
358,0.44,12:04,129,17.7
359,0.44,12:11,130,17.7
360,0.44,11:39,130,17.7
361,0.44,10:59,131,17.7
362,0.45,11:05,131,17.7
363,0.45,11:39,131,17.7
364,0.45,11:58,132,17.7
365,0.45,13:08,133,18.4
366,0.45,13:41,133,18.4
367,0.45,13:49,134,18.4
368,0.45,13:32,135,17.7
369,0.45,13:01,136,17.7
370,0.45,12:53,137,17.7
371,0.46,13:32,138,18.4
372,0.46,14:25,138,18.4
373,0.46,14:25,138,19.0
374,0.46,13:58,139,19.7
375,0.46,13:24,140,20.3
376,0.46,12:53,140,20.3
377,0.46,12:25,140,21.0
378,0.47,12:18,140,21.0
379,0.47,12:39,141,21.7
380,0.47,13:01,141,21.7
381,0.47,13:49,142,21.7
382,0.47,13:24,141,21.7
383,0.47,12:25,142,21.7
384,0.47,11:52,142,21.0
385,0.47,11:10,143,21.0
386,0.48,10:33,143,21.0
387,0.48,10:18,143,21.0
388,0.48,11:05,144,21.7
389,0.48,11:16,144,21.7
390,0.48,11:33,144,21.7
391,0.48,11:27,144,21.7
392,0.49,11:39,144,21.7
393,0.49,11:45,143,21.7
394,0.49,12:04,144,21.7
395,0.49,12:04,144,21.7
396,0.49,12:25,144,21.0
397,0.49,13:16,144,21.7
398,0.49,12:39,145,21.7
399,0.49,12:25,146,22.3
400,0.5,12:04,146,23.0
401,0.5,11:10,146,24.3
402,0.5,10:48,148,24.3
403,0.5,11:16,148,24.9
404,0.5,11:52,147,24.9
405,0.5,12:39,148,24.9
406,0.5,14:07,149,24.9
407,0.51,14:07,148,24.9
408,0.51,13:32,148,24.9
409,0.51,13:24,149,24.9
410,0.51,13:32,149,24.9
411,0.51,13:01,149,24.9
412,0.51,13:08,149,24.9
413,0.51,13:41,149,24.9
414,0.51,14:07,150,24.9
415,0.51,13:58,149,24.9
416,0.52,14:25,149,24.9
417,0.52,15:14,150,24.9
418,0.52,15:35,149,24.9
419,0.52,15:46,150,24.9
420,0.52,16:09,150,24.9
421,0.52,16:33,150,25.6
422,0.52,16:58,150,25.6
423,0.52,16:58,150,25.6
424,0.52,15:57,149,25.6
425,0.53,15:46,149,25.6
426,0.53,16:33,149,25.6
427,0.53,15:04,149,25.6
428,0.53,13:49,150,25.6
429,0.53,14:07,149,25.6
430,0.53,13:58,149,24.9
431,0.53,13:58,149,24.9
432,0.53,13:58,149,24.9
433,0.53,14:25,149,24.3
434,0.54,14:25,150,24.3
435,0.54,14:16,150,24.3
436,0.54,13:01,149,24.3
437,0.54,12:53,149,24.9
438,0.54,12:53,149,24.9
439,0.54,11:33,148,24.9
440,0.54,11:33,150,25.6
441,0.55,12:11,150,25.6
442,0.55,13:32,150,25.6
443,0.55,14:07,150,25.6
444,0.55,17:11,150,25.6
445,0.55,17:25,151,25.6
446,0.55,16:33,151,25.6
447,0.55,14:54,150,25.6
448,0.55,15:57,151,25.6
449,0.55,14:25,151,25.6
450,0.56,13:41,152,25.6
451,0.56,13:16,152,26.2
452,0.56,13:08,152,26.2
453,0.56,11:27,152,26.2
454,0.56,11:27,152,26.9
455,0.56,11:52,152,26.9
456,0.56,12:39,152,26.9
457,0.56,13:16,151,27.6
458,0.57,14:25,151,27.6
459,0.57,14:25,150,27.6
460,0.57,14:54,151,27.6
461,0.57,14:34,151,27.6
462,0.57,14:25,150,26.9
463,0.57,14:54,151,26.9
464,0.57,15:04,151,26.2
465,0.57,14:34,151,26.2
466,0.57,14:34,151,25.6
467,0.58,14:25,151,25.6
468,0.58,13:49,149,24.9
469,0.58,14:07,150,24.9
470,0.58,14:16,149,24.9
471,0.58,14:16,150,24.3
472,0.58,14:16,149,24.3
473,0.58,14:44,150,24.3
474,0.58,15:04,150,24.3
475,0.58,14:44,151,24.3
476,0.59,14:34,152,24.9
477,0.59,14:54,151,24.9
478,0.59,14:34,151,25.6
479,0.59,13:01,150,25.6
480,0.59,11:45,150,26.2
481,0.59,10:28,150,26.2
482,0.6,9:43,149,26.2
483,0.6,9:22,148,26.2
484,0.6,9:22,147,26.2
485,0.6,10:14,149,26.2
486,0.6,11:10,149,25.6
487,0.6,11:21,148,25.6
488,0.6,11:52,148,25.6
489,0.61,12:39,148,24.9
490,0.61,12:46,149,24.9
491,0.61,12:46,148,24.9
492,0.61,12:11,148,24.9
493,0.61,12:11,149,24.9
494,0.61,11:39,149,24.3
495,0.61,11:33,149,24.3
496,0.61,12:46,149,24.3
497,0.62,13:08,148,24.3
498,0.62,12:53,147,24.9
499,0.62,13:16,147,24.9
500,0.62,13:01,147,24.9
501,0.62,11:39,147,24.9
502,0.62,12:18,146,24.9
503,0.62,11:45,146,25.6
504,0.63,10:48,146,25.6
505,0.63,10:33,146,26.2
506,0.63,10:54,147,26.2
507,0.63,10:43,146,26.2
508,0.63,11:10,146,26.2
509,0.63,13:08,146,26.2
510,0.63,12:18,146,26.2
511,0.64,12:18,147,26.2
512,0.64,12:46,146,26.9
513,0.64,13:08,147,26.9
514,0.64,12:11,147,27.6
515,0.64,13:58,147,27.6
516,0.64,13:16,146,27.6
517,0.64,13:16,145,27.6
518,0.64,13:32,146,27.6
519,0.65,14:34,146,26.9
520,0.65,15:57,146,26.9
521,0.65,17:52,147,26.2
522,0.65,18:07,148,26.2
523,0.65,16:45,147,26.9
524,0.65,16:33,147,26.9
525,0.65,14:44,147,27.6
526,0.65,13:08,148,28.2
527,0.65,12:25,148,28.2
528,0.66,13:32,148,28.9
529,0.66,12:39,148,28.9
530,0.66,12:53,147,28.9
531,0.66,13:49,148,28.9
532,0.66,15:04,149,28.2
533,0.66,13:24,149,28.2
534,0.66,13:41,148,28.9
535,0.66,13:58,147,28.9
536,0.67,13:58,147,28.9
537,0.67,14:25,147,29.5
538,0.67,15:04,147,29.5
539,0.67,14:44,147,29.5
540,0.67,13:41,146,30.2
541,0.67,13:16,146,30.2
542,0.67,11:45,146,30.2
543,0.67,11:52,145,30.2
544,0.68,11:52,145,29.5
545,0.68,12:04,146,29.5
546,0.68,11:45,146,29.5
547,0.68,11:52,147,29.5
548,0.68,11:21,149,30.2
549,0.68,11:21,149,30.8
550,0.68,11:05,150,31.5
551,0.69,10:54,150,32.2
552,0.69,10:43,151,32.2
553,0.69,10:33,151,32.8
554,0.69,10:18,151,32.2
555,0.69,10:23,151,32.2
556,0.69,10:48,152,31.5
557,0.7,10:09,152,30.8
558,0.7,11:45,152,30.8
559,0.7,15:14,153,30.2
560,0.7,14:07,152,30.2
561,0.7,13:16,152,30.2
562,0.7,13:58,153,30.8
563,0.7,11:27,154,30.8
564,0.71,9:14,155,30.8
565,0.71,9:26,155,30.8
566,0.71,9:34,156,30.8
567,0.71,9:43,155,30.8
568,0.71,9:51,155,30.8
569,0.71,9:56,154,30.8
570,0.72,9:56,155,30.8
571,0.72,9:47,155,30.8
572,0.72,9:43,155,30.8
573,0.72,9:34,155,30.8
574,0.72,9:30,155,30.8
575,0.72,9:30,155,30.8
576,0.73,9:34,155,30.2
577,0.73,9:38,155,30.2
578,0.73,9:43,155,30.2
579,0.73,9:47,155,30.2
580,0.73,9:43,156,30.2
581,0.73,9:47,156,30.2
582,0.74,9:43,156,30.2
583,0.74,9:47,156,29.5
584,0.74,9:47,157,29.5
585,0.74,9:47,157,29.5
586,0.74,9:43,157,29.5
587,0.75,9:47,157,29.5
588,0.75,9:43,157,29.5
589,0.75,9:38,157,29.5
590,0.75,9:43,158,29.5
591,0.75,9:43,157,29.5
592,0.75,9:38,158,29.5
593,0.76,9:38,159,29.5
594,0.76,9:43,158,29.5
595,0.76,9:38,158,29.5
596,0.76,9:38,157,29.5
597,0.76,9:38,157,29.5
598,0.76,9:38,158,28.9
599,0.77,9:38,158,28.9
600,0.77,9:38,158,28.9
601,0.77,9:38,158,28.9
602,0.77,9:43,158,29.5
603,0.77,9:47,158,29.5
604,0.77,9:43,158,29.5
605,0.78,9:47,158,29.5
606,0.78,9:47,157,29.5
607,0.78,9:47,158,30.2
608,0.78,9:47,158,30.2
609,0.78,9:47,159,30.2
610,0.78,9:43,159,30.8
611,0.79,9:43,160,30.8
612,0.79,9:38,160,30.8
613,0.79,9:30,160,30.8
614,0.79,9:34,159,30.8
615,0.79,9:34,159,31.5
616,0.79,9:38,157,31.5
617,0.8,9:43,157,31.5
618,0.8,9:51,154,31.5
619,0.8,12:18,151,31.5
620,0.8,14:54,146,30.8
621,0.8,17:25,143,30.8
622,0.8,16:09,143,30.8
623,0.8,18:07,145,31.5
624,0.8,14:25,145,31.5
625,0.81,13:16,148,31.5
626,0.81,12:25,150,31.5
627,0.81,14:25,151,31.5
628,0.81,14:54,151,31.5
629,0.81,14:54,152,32.2
630,0.81,14:54,152,32.2
631,0.81,15:04,152,31.5
632,0.81,14:34,153,31.5
633,0.81,13:41,153,31.5
634,0.82,13:08,154,30.8
635,0.82,12:53,154,30.8
636,0.82,12:32,154,31.5
637,0.82,12:18,155,31.5
638,0.82,12:18,155,31.5
639,0.82,12:32,155,31.5
640,0.82,12:46,155,31.5
641,0.82,13:16,155,31.5
642,0.83,13:58,154,31.5
643,0.83,14:16,154,30.8
644,0.83,14:54,153,31.5
645,0.83,15:04,154,31.5
646,0.83,14:54,154,31.5
647,0.83,14:44,153,31.5
648,0.83,14:07,154,31.5
649,0.83,13:32,154,31.5
650,0.84,12:18,155,31.5
651,0.84,11:52,154,31.5
652,0.84,11:16,154,30.8
653,0.84,11:27,153,30.8
654,0.84,11:10,153,30.8
655,0.84,11:27,153,30.8
656,0.84,11:58,153,30.2
657,0.85,12:04,153,30.2
658,0.85,11:58,152,30.2
659,0.85,12:04,152,30.2
660,0.85,11:39,153,30.2
661,0.85,11:05,153,30.2
662,0.85,11:27,153,30.2
663,0.85,11:45,154,30.2
664,0.86,11:45,154,30.2
665,0.86,11:58,155,30.8
666,0.86,11:39,155,30.8
667,0.86,11:21,155,30.8
668,0.86,10:59,156,30.8
669,0.86,10:14,156,30.8
670,0.87,9:22,157,30.2
671,0.87,9:18,157,30.2
672,0.87,8:52,157,30.2
673,0.87,8:26,157,29.5
674,0.87,9:00,157,29.5
675,0.87,9:38,156,29.5
676,0.88,9:34,156,29.5
677,0.88,9:51,157,28.9
678,0.88,10:00,157,28.9
679,0.88,9:47,158,28.9
680,0.88,9:51,157,28.9
681,0.89,10:05,158,28.9
682,0.89,9:56,159,29.5
683,0.89,10:14,159,29.5
684,0.89,10:18,159,29.5
685,0.89,10:14,159,29.5
686,0.89,10:28,159,29.5
687,0.89,10:38,159,29.5
688,0.9,10:09,159,29.5
689,0.9,9:51,159,29.5
690,0.9,10:00,159,29.5
691,0.9,9:47,159,29.5
692,0.9,10:09,160,29.5
693,0.9,11:05,160,29.5
694,0.91,11:52,160,29.5
695,0.91,12:25,160,29.5
696,0.91,13:41,161,29.5
697,0.91,14:25,162,29.5
698,0.91,14:34,162,29.5
699,0.91,14:44,163,29.5
700,0.91,15:46,163,29.5
701,0.91,16:09,163,30.2
702,0.91,16:21,163,30.2
703,0.91,17:38,163,30.2
704,0.92,17:52,163,30.2
705,0.92,16:09,162,30.8
706,0.92,14:25,163,30.8
707,0.92,12:25,164,30.8
708,0.92,11:16,164,31.5
709,0.92,10:33,163,31.5
710,0.93,9:51,163,32.2
711,0.93,9:18,163,32.2
712,0.93,9:34,163,32.2
713,0.93,9:07,162,32.8
714,0.93,9:14,163,32.8
715,0.93,9:22,164,33.5
716,0.94,9:51,164,33.5
717,0.94,9:38,164,33.5
718,0.94,10:05,163,34.1
719,0.94,9:43,163,34.1
720,0.94,9:56,163,34.1
721,0.94,10:18,162,34.8
722,0.95,10:59,162,34.8
723,0.95,11:39,162,34.8
724,0.95,12:18,162,34.8
725,0.95,12:32,163,34.8
726,0.95,12:39,163,34.8
727,0.95,12:53,162,34.8
728,0.95,12:39,163,34.8
729,0.95,13:08,162,34.8
730,0.96,13:32,162,34.8
731,0.96,12:46,162,35.4
732,0.96,12:11,161,34.8
733,0.96,11:58,161,34.8
734,0.96,11:39,161,34.8
735,0.96,11:33,162,34.1
736,0.96,12:04,162,34.1
737,0.97,12:25,162,34.1
738,0.97,12:04,161,34.1
739,0.97,12:11,161,34.1
740,0.97,12:25,161,34.1
741,0.97,12:39,160,34.1
742,0.97,12:25,161,34.1
743,0.97,13:08,160,34.1
744,0.97,13:01,161,34.1
745,0.98,12:53,160,34.1
746,0.98,13:01,160,34.1
747,0.98,13:16,161,34.1
748,0.98,12:53,161,34.1
749,0.98,13:49,161,34.1
750,0.98,14:07,160,34.1
751,0.98,13:32,160,34.1
752,0.98,13:08,159,34.1
753,0.99,13:08,158,34.1
754,0.99,12:11,158,33.5
755,0.99,12:11,158,33.5
756,0.99,13:08,158,33.5
757,0.99,14:07,158,33.5
758,0.99,14:34,158,32.8
759,0.99,15:04,159,32.8
760,0.99,14:54,160,32.8
761,1.0,13:32,160,32.8
762,1.0,12:18,160,32.8
763,1.0,11:58,160,32.2
764,1.0,12:04,160,32.2
765,1.0,12:11,161,32.2
766,1.0,12:18,161,32.2
767,1.0,12:53,162,31.5
768,1.0,13:24,162,31.5
769,1.01,13:24,162,30.8
770,1.01,12:53,162,30.8
771,1.01,13:16,162,30.8
772,1.01,14:07,162,30.8
773,1.01,13:49,162,30.8
774,1.01,14:07,162,30.8
775,1.01,14:44,162,30.2
776,1.01,15:57,163,30.2
777,1.02,15:24,161,30.2
778,1.02,15:24,160,30.2
779,1.02,14:07,159,30.2
780,1.02,13:58,159,30.2
781,1.02,12:39,154,29.5
782,1.02,12:46,153,29.5
783,1.02,13:41,154,30.2
784,1.02,18:22,154,30.2
785,1.02,21:59,154,30.2
786,1.02,27:56,155,30.2
787,1.02,32:42,155,30.2
788,1.03,27:22,154,29.5
789,1.03,22:21,154,30.2
790,1.03,22:21,154,30.2
791,1.03,22:21,154,30.2
792,1.03,19:43,154,30.2
793,1.03,19:43,155,30.2
794,1.03,15:46,156,30.2
795,1.03,13:08,157,30.2
796,1.03,12:25,156,30.2
797,1.04,12:04,156,30.2
798,1.04,13:01,157,29.5
799,1.04,14:34,157,29.5
800,1.04,15:35,157,29.5
801,1.04,14:54,157,30.2
802,1.04,14:44,157,30.2
803,1.04,13:08,157,30.8
804,1.04,11:27,157,30.8
805,1.05,10:38,157,30.8
806,1.05,10:18,156,30.8
807,1.05,10:23,157,31.5
808,1.05,10:18,157,31.5
809,1.05,11:52,157,31.5
810,1.05,13:58,157,31.5
811,1.05,16:09,156,31.5
812,1.05,16:45,157,31.5
813,1.06,16:58,157,32.2
814,1.06,17:11,158,32.2
815,1.06,15:46,157,32.2
816,1.06,14:16,157,32.2
817,1.06,13:58,157,31.5
818,1.06,14:16,157,30.8
819,1.06,12:32,157,30.2
820,1.06,11:10,157,30.2
821,1.07,10:05,157,30.8
822,1.07,9:18,157,31.5
823,1.07,9:26,157,32.2
824,1.07,10:18,158,32.2
825,1.07,11:27,158,32.2
826,1.07,13:58,158,32.2
827,1.07,19:43,159,32.2
828,1.07,21:59,159,32.2
829,1.07,21:59,159,32.2
830,1.08,21:59,159,31.5
831,1.08,19:43,160,31.5
832,1.08,15:46,160,31.5
833,1.08,14:44,160,31.5
834,1.08,14:54,160,31.5
835,1.08,14:07,160,31.5
836,1.08,13:32,161,31.5
837,1.08,12:53,162,31.5
838,1.09,12:32,163,31.5
839,1.09,11:33,164,31.5
840,1.09,11:16,162,31.5
841,1.09,11:05,162,31.5
842,1.09,10:59,162,31.5
843,1.09,10:38,162,30.8
844,1.1,10:28,162,30.8
845,1.1,10:33,161,30.8
846,1.1,10:38,161,30.8
847,1.1,11:10,161,30.8
848,1.1,11:27,161,30.8
849,1.1,11:27,161,30.8
850,1.1,11:05,161,30.2
851,1.11,10:33,161,30.2
852,1.11,9:51,160,30.2
853,1.11,9:11,160,30.2
854,1.11,9:11,159,29.5
855,1.11,9:34,158,29.5
856,1.11,9:51,158,29.5
857,1.12,10:09,157,29.5
858,1.12,10:59,157,29.5
859,1.12,11:10,155,28.9
860,1.12,10:38,150,28.9
861,1.12,10:48,146,28.9
862,1.12,10:54,142,28.9
863,1.13,10:54,141,28.9
864,1.13,11:10,143,28.9
865,1.13,11:58,143,28.9
866,1.13,12:04,143,28.9
867,1.13,12:53,151,28.9
868,1.13,13:08,153,28.9
869,1.13,12:39,155,28.9
870,1.13,12:53,156,28.9
871,1.14,12:39,158,28.9
872,1.14,12:11,159,28.9
873,1.14,12:46,160,28.2
874,1.14,13:49,161,28.2
875,1.14,13:16,162,28.2
876,1.14,14:07,162,28.2
877,1.14,14:34,164,28.2
878,1.14,13:24,164,28.2
879,1.15,12:18,163,28.2
880,1.15,11:58,164,27.6
881,1.15,11:16,164,27.6
882,1.15,10:48,163,27.6
883,1.15,11:05,163,27.6
884,1.15,11:16,164,28.2
885,1.16,11:21,164,28.2
886,1.16,11:16,165,28.2
887,1.16,11:39,165,28.2
888,1.16,11:45,164,28.2
889,1.16,12:11,163,28.2
890,1.16,12:53,163,28.9
891,1.16,13:32,163,28.9
892,1.16,13:01,163,28.9
893,1.17,12:39,162,28.9
894,1.17,11:58,162,28.9
895,1.17,12:04,162,28.2
896,1.17,12:25,161,28.2
897,1.17,12:53,160,27.6
898,1.17,13:32,161,27.6
899,1.17,13:58,161,27.6
900,1.17,13:24,161,27.6
901,1.18,12:53,160,26.9
902,1.18,12:39,160,26.9
903,1.18,11:39,161,26.9
904,1.18,11:27,161,26.9
905,1.18,11:39,161,26.9
906,1.18,11:39,161,26.9
907,1.18,11:33,161,27.6
908,1.19,11:52,162,27.6
909,1.19,11:58,161,27.6
910,1.19,11:39,162,27.6
911,1.19,11:52,162,26.9
912,1.19,11:52,163,26.9
913,1.19,12:18,162,26.9
914,1.19,12:39,163,26.2
915,1.2,12:53,163,26.2
916,1.2,12:11,163,26.2
917,1.2,12:32,164,26.2
918,1.2,12:46,163,26.2
919,1.2,12:18,163,26.2
920,1.2,12:32,163,26.2
921,1.2,13:41,163,26.2
922,1.2,13:41,162,26.2
923,1.21,12:39,163,25.6
924,1.21,13:08,163,25.6
925,1.21,13:24,163,25.6
926,1.21,12:46,162,26.2
927,1.21,12:46,162,26.2
928,1.21,13:32,162,26.2
929,1.21,13:16,160,26.2
930,1.22,12:11,160,26.2
931,1.22,12:18,160,26.2
932,1.22,12:11,160,25.6
933,1.22,11:52,161,25.6
934,1.22,11:58,160,25.6
935,1.22,12:32,162,25.6
936,1.22,12:25,162,25.6
937,1.22,12:46,161,25.6
938,1.23,13:16,161,25.6
939,1.23,12:46,161,25.6
940,1.23,12:39,161,25.6
941,1.23,13:08,161,25.6
942,1.23,12:53,161,24.9
943,1.23,12:46,161,24.9
944,1.23,13:58,161,24.9
945,1.23,13:49,161,24.9
946,1.24,13:16,161,25.6
947,1.24,13:16,160,25.6
948,1.24,12:53,161,26.2
949,1.24,12:32,161,26.9
950,1.24,12:39,161,27.6
951,1.24,13:08,161,27.6
952,1.24,13:01,161,27.6
953,1.24,13:08,161,27.6
954,1.25,13:24,161,26.9
955,1.25,13:49,161,26.9
956,1.25,13:24,161,26.2
957,1.25,13:58,160,26.2
958,1.25,13:41,160,26.2
959,1.25,13:16,160,26.2
960,1.25,12:32,159,25.6
961,1.25,12:32,158,25.6
962,1.26,12:11,158,24.9
963,1.26,12:39,157,24.9
964,1.26,13:08,157,24.3
965,1.26,13:49,156,24.3
966,1.26,14:07,155,24.3
967,1.26,13:49,154,24.3
968,1.26,13:32,154,24.3
969,1.26,12:46,153,24.3
970,1.27,12:53,153,24.3
971,1.27,12:04,153,24.9
972,1.27,12:18,153,25.6
973,1.27,12:04,153,26.2
974,1.27,12:18,154,26.2
975,1.27,12:25,155,26.9
976,1.27,12:53,155,26.9
977,1.28,12:39,156,26.9
978,1.28,13:16,156,26.9
979,1.28,13:32,155,26.9
980,1.28,12:46,156,26.9
981,1.28,12:32,157,26.9
982,1.28,12:39,157,26.9
983,1.28,12:39,157,26.9
984,1.28,12:04,158,27.6
985,1.29,12:39,158,27.6
986,1.29,13:01,158,27.6
987,1.29,13:01,158,27.6
988,1.29,13:01,158,27.6
989,1.29,13:16,159,27.6
990,1.29,13:16,159,28.2
991,1.29,13:08,161,28.2
992,1.29,13:16,160,28.9
993,1.3,13:16,160,28.9
994,1.3,13:24,159,28.9
995,1.3,13:08,159,28.9
996,1.3,13:16,158,28.9
997,1.3,13:24,158,28.2
998,1.3,12:53,158,28.2
999,1.3,13:08,158,28.2
1000,1.3,13:24,158,28.2
1001,1.31,13:08,157,28.9
1002,1.31,13:16,157,28.9
1003,1.31,12:18,156,28.9
1004,1.31,11:45,156,28.9
1005,1.31,11:39,156,28.9
1006,1.31,12:04,155,29.5
1007,1.31,11:52,156,30.2
1008,1.32,12:39,155,30.2
1009,1.32,12:53,155,30.8
1010,1.32,13:01,155,30.8
1011,1.32,12:39,155,30.8
1012,1.32,12:39,154,30.8
1013,1.32,13:24,154,30.8
1014,1.32,13:49,154,30.8
1015,1.32,13:41,154,30.8
1016,1.33,14:07,154,30.8
1017,1.33,14:44,154,30.8
1018,1.33,13:58,154,30.2
1019,1.33,13:58,153,30.8
1020,1.33,14:34,153,30.8
1021,1.33,13:32,153,30.8
1022,1.33,12:46,153,30.8
1023,1.33,13:41,153,30.2
1024,1.34,12:32,153,30.2
1025,1.34,11:52,154,29.5
1026,1.34,12:46,155,29.5
1027,1.34,12:11,156,28.9
1028,1.34,11:52,156,29.5
1029,1.34,12:32,155,29.5
1030,1.34,12:18,155,30.2
1031,1.35,11:52,155,32.2
1032,1.35,12:39,155,32.8
1033,1.35,12:39,155,33.5
1034,1.35,12:39,156,32.8
1035,1.35,13:08,155,32.2
1036,1.35,13:49,155,30.8
1037,1.35,13:32,155,30.2
1038,1.35,13:32,155,30.2
1039,1.36,13:41,155,30.2
1040,1.36,13:16,155,30.2
1041,1.36,12:53,155,30.2
1042,1.36,13:41,155,29.5
1043,1.36,13:58,155,29.5
1044,1.36,13:41,155,28.9
1045,1.36,14:16,155,28.2
1046,1.36,14:16,157,28.2
1047,1.37,13:24,157,28.2
1048,1.37,13:01,156,28.2
1049,1.37,13:24,157,28.2
1050,1.37,12:53,157,28.2
1051,1.37,12:39,156,28.2
1052,1.37,12:39,156,28.9
1053,1.37,12:32,157,28.9
1054,1.37,12:25,155,28.9
1055,1.38,12:25,154,28.9
1056,1.38,12:39,154,28.2
1057,1.38,12:53,154,28.9
1058,1.38,12:53,154,28.9
1059,1.38,13:08,155,29.5
1060,1.38,13:01,155,30.2
1061,1.38,13:16,155,30.8
1062,1.38,13:16,156,30.8
1063,1.39,13:01,156,31.5
1064,1.39,12:25,156,32.2
1065,1.39,13:01,156,32.8
1066,1.39,12:39,157,32.8
1067,1.39,12:46,158,32.8
1068,1.39,13:16,157,32.2
1069,1.39,13:49,158,31.5
1070,1.39,13:32,158,30.8
1071,1.4,13:41,158,31.5
1072,1.4,13:01,158,31.5
1073,1.4,12:46,158,32.2
1074,1.4,13:08,158,33.5
1075,1.4,13:41,158,33.5
1076,1.4,13:08,156,33.5
1077,1.4,13:32,153,34.1
1078,1.4,13:24,151,33.5
1079,1.41,12:18,145,33.5
1080,1.41,11:39,142,33.5
1081,1.41,12:04,139,33.5
1082,1.41,11:58,138,33.5
1083,1.41,12:32,141,33.5
1084,1.41,13:08,143,33.5
1085,1.41,13:16,146,33.5
1086,1.42,12:53,149,33.5
1087,1.42,13:08,151,33.5
1088,1.42,12:46,152,32.8
1089,1.42,13:01,154,32.8
1090,1.42,13:32,156,33.5
1091,1.42,14:07,156,33.5
1092,1.42,13:41,159,33.5
1093,1.42,14:07,159,33.5
1094,1.42,14:25,159,33.5
1095,1.43,14:07,160,33.5
1096,1.43,14:07,161,33.5
1097,1.43,14:34,161,33.5
1098,1.43,13:41,160,33.5
1099,1.43,12:53,160,34.1
1100,1.43,12:46,161,34.1
1101,1.43,12:11,161,34.1
1102,1.44,12:18,161,34.1
1103,1.44,12:39,162,34.1
1104,1.44,12:11,162,34.1
1105,1.44,12:04,162,34.1
1106,1.44,12:11,162,34.1
1107,1.44,11:33,162,34.1
1108,1.44,11:21,161,34.1
1109,1.45,11:45,161,34.1
1110,1.45,11:45,161,33.5
1111,1.45,11:39,161,33.5
1112,1.45,11:52,161,33.5
1113,1.45,12:11,161,33.5
1114,1.45,12:25,160,33.5
1115,1.45,12:32,160,34.1
1116,1.45,12:53,160,34.1
1117,1.46,13:08,160,34.1
1118,1.46,13:16,159,34.1
1119,1.46,13:24,160,34.1
1120,1.46,13:16,160,33.5
1121,1.46,13:16,160,33.5
1122,1.46,13:01,160,32.8
1123,1.46,12:46,160,32.2
1124,1.46,12:46,160,32.2
1125,1.47,12:32,160,31.5
1126,1.47,12:32,162,31.5
1127,1.47,13:01,162,31.5
1128,1.47,12:53,161,31.5
1129,1.47,12:53,161,31.5
1130,1.47,12:46,160,31.5
1131,1.47,13:01,160,31.5
1132,1.48,12:25,160,31.5
1133,1.48,12:39,161,31.5
1134,1.48,12:18,160,31.5
1135,1.48,13:16,161,31.5
1136,1.48,12:46,160,31.5
1137,1.48,12:53,160,31.5
1138,1.48,12:32,159,31.5
1139,1.48,12:32,159,31.5
1140,1.49,12:04,159,31.5
1141,1.49,12:39,159,30.8
1142,1.49,13:08,159,30.8
1143,1.49,13:16,159,30.2
1144,1.49,14:07,159,29.5
1145,1.49,13:41,159,29.5
1146,1.49,13:41,159,29.5
1147,1.49,13:32,158,29.5
1148,1.5,13:24,158,29.5
1149,1.5,13:01,158,29.5
1150,1.5,13:08,158,29.5
1151,1.5,12:25,159,29.5
1152,1.5,12:25,159,29.5
1153,1.5,12:32,159,29.5
1154,1.5,11:58,159,30.2
1155,1.51,12:18,157,30.2
1156,1.51,13:01,157,29.5
1157,1.51,12:53,157,29.5
1158,1.51,12:46,157,29.5
1159,1.51,13:08,157,28.9
1160,1.51,12:53,157,29.5
1161,1.51,12:39,157,30.2
1162,1.51,13:16,157,30.2
1163,1.51,13:49,156,30.2
1164,1.52,13:49,157,30.2
1165,1.52,14:16,157,30.2
1166,1.52,13:41,157,30.2
1167,1.52,12:04,157,30.8
1168,1.52,11:39,156,30.8
1169,1.52,11:58,156,30.8
1170,1.52,11:33,156,31.5
1171,1.53,12:25,156,31.5
1172,1.53,14:07,156,31.5
1173,1.53,14:07,156,32.2
1174,1.53,13:58,156,32.2
1175,1.53,14:25,157,31.5
1176,1.53,13:32,157,30.8
1177,1.53,13:24,157,30.8
1178,1.53,13:58,157,30.8
1179,1.54,14:07,157,30.2
1180,1.54,13:24,157,30.8
1181,1.54,13:41,158,30.2
1182,1.54,13:08,158,30.2
1183,1.54,11:52,160,30.2
1184,1.54,11:27,161,30.2
1185,1.54,11:58,161,29.5
1186,1.55,11:33,161,28.9
1187,1.55,11:39,161,28.9
1188,1.55,12:53,160,28.9
1189,1.55,13:32,160,28.9
1190,1.55,13:01,160,28.9
1191,1.55,13:49,160,29.5
1192,1.55,13:41,161,29.5
1193,1.55,12:53,161,29.5
1194,1.55,12:46,161,29.5
1195,1.56,13:24,162,29.5
1196,1.56,12:53,161,29.5
1197,1.56,13:08,161,29.5
1198,1.56,13:41,161,29.5
1199,1.56,12:46,162,29.5
1200,1.56,13:16,162,29.5
1201,1.56,13:49,161,28.9
1202,1.56,13:32,161,28.9
1203,1.57,13:32,162,28.9
1204,1.57,14:34,162,28.2
1205,1.57,12:53,162,28.2
1206,1.57,12:46,162,28.2
1207,1.57,13:16,161,27.6
1208,1.57,13:08,161,27.6
1209,1.57,12:32,161,26.9
1210,1.58,13:08,160,26.9
1211,1.58,12:53,160,26.9
1212,1.58,12:18,160,26.2
1213,1.58,12:39,160,26.2
1214,1.58,13:24,160,25.6
1215,1.58,13:24,160,25.6
1216,1.58,13:49,160,25.6
1217,1.58,13:49,160,25.6
1218,1.59,13:24,161,25.6
1219,1.59,13:01,161,25.6
1220,1.59,13:24,161,24.9
1221,1.59,13:08,161,24.9
1222,1.59,13:16,161,24.9
1223,1.59,13:32,161,24.9
1224,1.59,13:24,160,24.9
1225,1.59,13:01,160,25.6
1226,1.6,13:32,160,24.9
1227,1.6,14:07,160,24.9
1228,1.6,14:16,160,24.3
1229,1.6,14:44,160,23.6
1230,1.6,14:54,160,23.6
1231,1.6,13:58,160,23.6
1232,1.6,13:32,159,23.6
1233,1.6,13:16,158,23.6
1234,1.6,12:39,158,23.6
1235,1.61,12:39,158,23.6
1236,1.61,12:53,158,23.6
1237,1.61,12:25,159,23.6
1238,1.61,12:32,158,23.0
1239,1.61,13:32,158,23.0
1240,1.61,13:41,158,23.0
1241,1.61,14:07,158,23.0
1242,1.61,14:54,158,22.3
1243,1.62,14:16,158,22.3
1244,1.62,13:32,158,22.3
1245,1.62,13:41,158,22.3
1246,1.62,13:01,158,22.3
1247,1.62,12:53,158,22.3
1248,1.62,13:16,158,22.3
1249,1.62,12:53,158,22.3
1250,1.63,12:18,158,21.7
1251,1.63,12:32,158,21.7
1252,1.63,12:18,157,21.7
1253,1.63,12:25,158,21.7
1254,1.63,12:53,158,21.0
1255,1.63,13:01,158,21.0
1256,1.63,13:01,158,21.0
1257,1.63,13:01,158,21.0
1258,1.64,12:04,158,21.0
1259,1.64,11:52,158,20.3
1260,1.64,12:46,158,20.3
1261,1.64,12:46,159,20.3
1262,1.64,13:16,160,19.7
1263,1.64,14:16,160,19.7
1264,1.64,14:16,159,19.0
1265,1.64,13:24,160,19.0
1266,1.65,13:16,161,19.0
1267,1.65,13:01,162,18.4
1268,1.65,12:53,163,17.7
1269,1.65,13:16,164,17.7
1270,1.65,13:16,164,17.1
1271,1.65,13:01,164,17.1
1272,1.65,12:53,163,17.1
1273,1.65,13:08,162,16.4
1274,1.66,12:32,162,16.4
1275,1.66,12:53,162,15.7
1276,1.66,13:01,162,15.1
1277,1.66,12:25,163,15.1
1278,1.66,12:32,162,14.4
1279,1.66,12:39,162,14.4
1280,1.66,12:11,164,13.8
1281,1.67,12:39,163,13.8
1282,1.67,13:08,163,13.1
1283,1.67,13:24,164,13.1
1284,1.67,15:04,164,13.1
1285,1.67,15:46,163,12.5
1286,1.67,15:24,163,12.5
1287,1.67,15:57,163,12.5
1288,1.67,14:54,164,12.5
1289,1.67,13:16,163,11.8
1290,1.68,13:08,164,11.8
1291,1.68,12:32,164,11.8
1292,1.68,12:18,164,11.8
1293,1.68,12:32,164,11.8
1294,1.68,12:53,164,11.2
1295,1.68,12:46,163,11.2
1296,1.68,13:08,164,11.2
1297,1.68,13:01,163,11.2
1298,1.69,12:25,164,10.5
1299,1.69,12:32,164,10.5
1300,1.69,12:32,163,10.5
1301,1.69,12:46,163,10.5
1302,1.69,12:32,163,9.8
1303,1.69,12:32,163,9.8
1304,1.69,12:18,162,9.2
1305,1.7,12:32,162,9.2
1306,1.7,12:39,162,9.2
1307,1.7,13:08,162,9.2
1308,1.7,13:32,162,9.2
1309,1.7,13:49,162,8.5
1310,1.7,13:49,162,8.5
1311,1.7,14:16,163,8.5
1312,1.7,14:44,163,8.5
1313,1.7,15:04,163,8.5
1314,1.71,14:54,163,7.9
1315,1.71,14:44,164,7.9
1316,1.71,13:49,164,7.2
1317,1.71,13:58,164,7.2
1318,1.71,13:41,164,7.2
1319,1.71,13:08,163,7.2
1320,1.71,12:39,163,7.2
1321,1.72,12:25,162,6.6
1322,1.72,11:39,161,6.6
1323,1.72,11:52,161,6.6
1324,1.72,12:46,162,5.9
1325,1.72,13:24,162,5.9
1326,1.72,13:58,162,5.9
1327,1.72,14:34,163,5.2
1328,1.72,14:34,163,5.2
1329,1.72,13:16,163,5.2
1330,1.73,12:18,163,5.2
1331,1.73,12:11,164,4.6
1332,1.73,12:18,164,4.6
1333,1.73,12:11,164,4.6
1334,1.73,12:46,164,3.9
1335,1.73,13:32,165,3.9
1336,1.73,13:24,166,3.3
1337,1.74,12:53,166,3.3
1338,1.74,13:01,164,3.3
1339,1.74,12:11,162,3.3
1340,1.74,11:39,163,3.9
1341,1.74,11:33,162,3.9
1342,1.74,11:58,162,3.9
1343,1.74,12:11,163,3.9
1344,1.74,12:53,163,3.3
1345,1.75,13:41,163,3.3
1346,1.75,14:44,163,3.3
1347,1.75,14:25,163,3.3
1348,1.75,13:08,163,3.3
1349,1.75,10:48,163,2.6
1350,1.75,10:33,163,2.6
1351,1.76,10:09,164,2.6
1352,1.76,9:22,164,2.0
1353,1.76,9:38,163,2.0
1354,1.76,11:10,163,1.3
1355,1.76,11:27,162,2.0
1356,1.76,11:45,161,2.0
1357,1.76,12:53,161,2.6
1358,1.76,13:16,161,3.3
1359,1.77,13:58,161,3.9
1360,1.77,13:58,162,3.9
1361,1.77,13:58,163,4.6
1362,1.77,14:07,163,4.6
1363,1.77,13:32,163,4.6
1364,1.77,13:32,163,4.6
1365,1.77,13:32,163,4.6
1366,1.77,13:24,164,4.6
1367,1.78,12:25,164,4.6
1368,1.78,12:53,165,5.2
1369,1.78,12:25,164,5.2
1370,1.78,12:11,164,5.2
1371,1.78,12:18,164,5.2
1372,1.78,13:32,163,5.2
1373,1.78,12:32,163,4.6
1374,1.79,12:46,164,4.6
1375,1.79,13:01,164,3.9
1376,1.79,12:32,164,3.9
1377,1.79,12:25,164,3.3
1378,1.79,13:41,163,2.6
1379,1.79,13:24,163,2.6
1380,1.79,13:16,161,2.6
1381,1.79,13:32,159,2.6
1382,1.8,13:58,156,3.3
1383,1.8,13:32,154,3.9
1384,1.8,13:49,146,3.9
1385,1.8,13:32,139,3.9
1386,1.8,13:16,139,3.9
1387,1.8,13:01,140,4.6
1388,1.8,13:08,140,3.9
1389,1.8,12:39,140,3.9
1390,1.81,13:01,140,3.9
1391,1.81,13:08,139,3.9
1392,1.81,13:01,138,3.9
1393,1.81,13:01,139,3.9
1394,1.81,13:32,144,4.6
1395,1.81,13:16,150,4.6
1396,1.81,13:32,152,5.2
1397,1.81,12:53,154,5.2
1398,1.82,12:32,155,5.2
1399,1.82,12:46,157,5.2
1400,1.82,13:01,158,5.2
1401,1.82,12:32,159,5.2
1402,1.82,13:24,161,5.9
1403,1.82,13:58,161,5.9
1404,1.82,13:32,161,6.6
1405,1.82,13:08,163,6.6
1406,1.83,13:41,163,6.6
1407,1.83,12:39,164,5.9
1408,1.83,12:32,164,5.9
1409,1.83,12:46,164,5.9
1410,1.83,13:08,164,6.6
1411,1.83,13:16,164,6.6
1412,1.83,13:16,165,6.6
1413,1.83,13:32,165,6.6
1414,1.84,13:41,166,7.2
1415,1.84,13:24,167,7.2
1416,1.84,13:08,167,7.2
1417,1.84,13:32,167,7.9
1418,1.84,12:32,168,8.5
1419,1.84,12:11,168,9.2
1420,1.84,12:32,166,9.8
1421,1.84,12:18,166,10.5
1422,1.85,12:46,165,10.5
1423,1.85,13:41,165,11.2
1424,1.85,13:08,166,11.2
1425,1.85,12:39,166,11.2
1426,1.85,13:08,167,11.8
1427,1.85,12:39,166,11.8
1428,1.85,11:52,166,11.8
1429,1.86,12:39,165,12.5
1430,1.86,12:53,165,12.5
1431,1.86,12:32,165,12.5
1432,1.86,13:16,165,12.5
1433,1.86,14:16,166,12.5
1434,1.86,13:49,166,12.5
1435,1.86,13:58,166,12.5
1436,1.86,14:34,164,13.1
1437,1.86,13:41,164,13.1
1438,1.87,13:49,163,14.4
1439,1.87,13:58,163,14.4
1440,1.87,13:08,161,14.4
1441,1.87,12:39,162,14.4
1442,1.87,12:53,162,14.4
1443,1.87,12:25,162,13.1
1444,1.87,12:25,162,12.5
1445,1.88,13:32,162,12.5
1446,1.88,13:41,162,12.5
1447,1.88,13:41,162,12.5
1448,1.88,13:16,163,12.5
1449,1.88,13:08,163,12.5
1450,1.88,13:16,163,11.8
1451,1.88,13:32,163,11.8
1452,1.88,13:24,162,11.8
1453,1.88,14:16,163,11.2
1454,1.89,14:34,161,11.2
1455,1.89,13:41,160,11.2
1456,1.89,13:01,159,11.2
1457,1.89,13:08,159,11.2
1458,1.89,13:16,160,11.2
1459,1.89,13:08,160,11.8
1460,1.89,13:24,160,11.8
1461,1.89,13:49,161,11.8
1462,1.9,13:24,161,11.8
1463,1.9,13:16,161,11.8
1464,1.9,13:24,161,11.2
1465,1.9,13:01,161,11.2
1466,1.9,13:01,161,10.5
1467,1.9,13:16,161,10.5
1468,1.9,12:46,162,9.8
1469,1.91,12:46,162,9.8
1470,1.91,12:39,163,10.5
1471,1.91,12:39,163,10.5
1472,1.91,12:53,164,10.5
1473,1.91,12:46,165,10.5
1474,1.91,11:52,164,10.5
1475,1.91,12:04,164,10.5
1476,1.91,12:04,163,10.5
1477,1.92,11:39,162,9.8
1478,1.92,11:52,162,9.8
1479,1.92,12:25,161,9.8
1480,1.92,12:25,161,9.8
1481,1.92,12:46,161,9.8
1482,1.92,13:08,161,9.8
1483,1.92,13:16,161,10.5
1484,1.93,13:24,161,10.5
1485,1.93,13:08,161,9.8
1486,1.93,12:25,161,9.8
1487,1.93,12:53,162,9.8
1488,1.93,12:46,162,9.2
1489,1.93,12:39,162,9.2
1490,1.93,12:46,162,9.2
1491,1.93,13:08,162,9.2
1492,1.94,13:01,162,9.2
1493,1.94,13:08,161,9.2
1494,1.94,13:16,161,9.8
1495,1.94,12:32,161,9.8
1496,1.94,12:39,161,9.8
1497,1.94,11:58,161,9.8
1498,1.94,11:45,161,9.8
1499,1.95,11:45,161,9.8
1500,1.95,12:18,161,9.8
1501,1.95,12:04,162,9.8
1502,1.95,12:25,162,9.8
1503,1.95,12:32,162,9.8
1504,1.95,12:18,162,9.8
1505,1.95,12:53,162,9.8
1506,1.95,13:01,162,9.2
1507,1.96,12:25,163,9.2
1508,1.96,12:32,162,9.2
1509,1.96,12:39,162,9.2
1510,1.96,11:52,162,9.2
1511,1.96,11:27,161,9.2
1512,1.96,11:45,159,8.5
1513,1.96,11:33,160,8.5
1514,1.97,11:58,160,8.5
1515,1.97,12:46,160,7.9
1516,1.97,13:01,160,7.9
1517,1.97,13:08,160,7.2
1518,1.97,13:24,161,7.2
1519,1.97,12:32,160,7.2
1520,1.97,12:04,161,7.2
1521,1.97,12:39,160,7.2
1522,1.98,12:32,160,7.2
1523,1.98,12:39,159,7.2
1524,1.98,13:24,160,6.6
1525,1.98,13:08,160,7.2
1526,1.98,12:46,160,7.2
1527,1.98,13:24,160,7.9
1528,1.98,13:01,161,8.5
1529,1.98,13:08,161,9.2
1530,1.99,13:41,161,9.8
1531,1.99,13:49,161,9.8
1532,1.99,13:08,161,10.5
1533,1.99,13:32,162,10.5
1534,1.99,13:24,163,11.2
1535,1.99,13:16,164,11.2
1536,1.99,12:46,163,11.2
1537,1.99,13:01,163,11.8
1538,2.0,13:41,163,11.8
1539,2.0,13:49,163,12.5
1540,2.0,14:07,162,12.5
1541,2.0,14:34,163,13.1
1542,2.0,14:34,163,13.1
1543,2.0,13:49,163,12.5
1544,2.0,13:01,163,12.5
1545,2.0,12:53,163,12.5
1546,2.01,13:58,164,12.5
1547,2.01,13:49,164,13.1
1548,2.01,13:16,164,13.1
1549,2.01,13:49,164,13.1
1550,2.01,13:49,164,13.1
1551,2.01,12:53,163,12.5
1552,2.01,13:24,162,12.5
1553,2.01,13:49,163,13.1
1554,2.02,13:41,163,13.1
1555,2.02,13:32,162,13.8
1556,2.02,13:16,162,14.4
1557,2.02,12:39,163,14.4
1558,2.02,12:46,163,15.1
1559,2.02,13:01,164,15.1
1560,2.02,13:01,165,15.1
1561,2.02,13:24,165,15.1
1562,2.03,13:49,165,15.1
1563,2.03,13:41,165,15.1
1564,2.03,13:49,165,15.1
1565,2.03,14:16,163,15.1
1566,2.03,13:49,163,15.1
1567,2.03,13:41,163,15.1
1568,2.03,13:49,163,15.1
1569,2.03,13:16,162,15.1
1570,2.04,13:08,162,15.1
1571,2.04,13:32,163,15.1
1572,2.04,13:01,163,15.1
1573,2.04,12:46,164,15.7
1574,2.04,13:08,164,15.7
1575,2.04,12:53,164,15.7
1576,2.04,12:46,163,15.7
1577,2.04,13:01,163,15.7
1578,2.05,12:46,163,15.1
1579,2.05,12:25,164,15.1
1580,2.05,12:25,163,15.1
1581,2.05,12:18,163,15.7
1582,2.05,12:32,164,15.7
1583,2.05,13:01,164,15.7
1584,2.05,13:41,164,15.7
1585,2.05,13:32,163,15.7
1586,2.06,13:08,163,15.7
1587,2.06,13:16,162,15.7
1588,2.06,13:01,162,16.4
1589,2.06,12:39,161,16.4
1590,2.06,13:24,162,17.1
1591,2.06,13:24,162,17.1
1592,2.06,13:08,162,17.1
1593,2.06,13:01,162,17.1
1594,2.07,12:32,163,17.1
1595,2.07,12:11,163,17.1
1596,2.07,12:25,163,17.1
1597,2.07,12:32,163,17.7
1598,2.07,12:53,163,18.4
1599,2.07,13:49,163,18.4
1600,2.07,13:24,164,18.4
1601,2.08,13:41,164,19.0
1602,2.08,13:41,165,19.0
1603,2.08,13:49,164,19.0
1604,2.08,13:41,164,19.0
1605,2.08,13:58,164,19.0
1606,2.08,13:24,163,19.0
1607,2.08,13:24,162,19.0
1608,2.08,12:53,162,19.7
1609,2.09,12:32,163,19.7
1610,2.09,12:53,163,20.3
1611,2.09,13:16,163,21.0
1612,2.09,12:53,163,21.0
1613,2.09,13:24,163,21.0
1614,2.09,13:24,163,21.7
1615,2.09,12:46,163,21.0
1616,2.09,12:46,163,21.0
1617,2.1,13:16,163,21.0
1618,2.1,12:53,163,21.0
1619,2.1,13:01,163,21.0
1620,2.1,13:16,163,21.7
1621,2.1,12:39,164,21.7
1622,2.1,12:39,163,21.7
1623,2.1,12:53,164,21.7
1624,2.1,12:25,164,21.7
1625,2.11,11:58,164,21.7
1626,2.11,12:18,164,21.7
1627,2.11,11:39,164,21.7
1628,2.11,11:45,164,22.3
1629,2.11,12:11,164,22.3
1630,2.11,12:25,163,22.3
1631,2.11,12:32,164,22.3
1632,2.12,13:01,164,22.3
1633,2.12,12:53,163,22.3
1634,2.12,12:53,164,22.3
1635,2.12,12:32,163,23.0
1636,2.12,12:32,162,23.0
1637,2.12,12:11,162,22.3
1638,2.12,11:52,162,22.3
1639,2.12,12:18,162,22.3
1640,2.13,13:32,163,23.0
1641,2.13,14:34,163,23.0
1642,2.13,15:35,163,23.0
1643,2.13,16:09,163,23.0
1644,2.13,15:35,163,23.0
1645,2.13,15:04,163,23.6
1646,2.13,13:49,164,23.6
1647,2.13,13:24,164,23.6
1648,2.14,13:16,164,23.6
1649,2.14,13:01,163,23.6
1650,2.14,12:32,162,24.3
1651,2.14,13:01,162,24.3
1652,2.14,13:24,162,24.3
1653,2.14,13:16,161,24.3
1654,2.14,13:41,160,24.3
1655,2.14,14:07,160,24.3
1656,2.14,13:41,160,24.3
1657,2.15,13:49,160,24.9
1658,2.15,14:25,160,24.9
1659,2.15,14:25,161,24.3
1660,2.15,15:14,161,24.3
1661,2.15,16:09,161,24.3
1662,2.15,15:57,161,24.3
1663,2.15,15:57,162,24.3
1664,2.15,15:46,162,23.6
1665,2.15,14:34,162,23.6
1666,2.16,13:32,162,23.0
1667,2.16,13:08,161,22.3
1668,2.16,12:46,161,21.7
1669,2.16,13:01,161,21.7
1670,2.16,13:24,160,21.7
1671,2.16,13:16,161,21.0
1672,2.16,13:58,161,21.7
1673,2.16,14:25,161,22.3
1674,2.17,13:58,161,23.0
1675,2.17,14:16,162,23.6
1676,2.17,15:04,162,24.3
1677,2.17,14:25,161,24.9
1678,2.17,13:58,161,24.9
1679,2.17,13:58,162,24.9
1680,2.17,13:24,162,24.9
1681,2.17,12:53,163,25.6
1682,2.18,12:46,164,24.9
1683,2.18,13:41,164,24.9
1684,2.18,13:41,165,24.9
1685,2.18,13:58,164,24.9
1686,2.18,15:14,163,24.3
1687,2.18,15:24,163,24.3
1688,2.18,14:16,164,24.3
1689,2.18,14:34,163,24.3
1690,2.18,13:58,163,24.9
1691,2.19,13:16,164,24.9
1692,2.19,13:58,164,25.6
1693,2.19,13:32,164,25.6
1694,2.19,12:46,163,25.6
1695,2.19,12:53,163,25.6
1696,2.19,13:01,162,25.6
1697,2.19,12:32,161,26.2
1698,2.2,13:01,161,27.6
1699,2.2,13:49,161,28.9
1700,2.2,14:34,160,29.5
1701,2.2,15:04,161,30.2
1702,2.2,15:35,160,30.2
1703,2.2,16:33,159,29.5
1704,2.2,16:09,160,29.5
1705,2.2,15:14,160,28.9
1706,2.2,14:07,160,28.9
1707,2.21,13:24,160,29.5
1708,2.21,12:11,160,29.5
1709,2.21,11:58,161,29.5
1710,2.21,11:58,160,30.2
1711,2.21,11:16,160,30.8
1712,2.21,10:59,160,30.8
1713,2.21,11:16,160,31.5
1714,2.22,11:33,160,32.2
1715,2.22,11:33,160,32.8
1716,2.22,13:01,160,32.8
1717,2.22,13:49,160,32.8
1718,2.22,14:07,161,32.8
1719,2.22,14:07,161,32.8
1720,2.22,14:07,161,32.8
1721,2.22,14:07,161,32.8
1722,2.23,13:49,161,32.8
1723,2.23,14:07,161,32.8
1724,2.23,13:58,161,32.8
1725,2.23,14:44,160,32.2
1726,2.23,14:16,161,32.2
1727,2.23,14:07,161,32.2
1728,2.23,14:07,162,31.5
1729,2.23,14:25,162,31.5
1730,2.23,14:07,163,31.5
1731,2.24,14:34,162,30.8
1732,2.24,14:34,163,30.2
1733,2.24,14:34,163,30.2
1734,2.24,14:44,163,29.5
1735,2.24,14:07,163,28.9
1736,2.24,13:32,162,28.2
1737,2.24,14:16,162,28.2
1738,2.24,14:16,163,27.6
1739,2.24,13:32,163,26.9
1740,2.25,13:41,162,26.9
1741,2.25,13:24,161,26.9
1742,2.25,12:46,161,26.9
1743,2.25,12:39,160,26.2
1744,2.25,12:46,160,26.2
1745,2.25,12:39,159,26.2
1746,2.25,12:46,159,26.2
1747,2.26,13:08,159,26.2
1748,2.26,13:16,159,26.2
1749,2.26,13:16,159,26.2
1750,2.26,13:41,159,26.2
1751,2.26,13:32,159,26.2
1752,2.26,12:46,160,26.2
1753,2.26,12:46,159,25.6
1754,2.26,12:46,159,25.6
1755,2.27,12:39,158,25.6
1756,2.27,13:08,158,24.9
1757,2.27,13:49,158,24.9
1758,2.27,13:41,159,24.9
1759,2.27,13:58,159,24.9
1760,2.27,13:32,160,24.9
1761,2.27,12:53,160,24.9
1762,2.27,12:32,160,24.9
1763,2.28,12:18,161,24.9
1764,2.28,12:18,161,24.9
1765,2.28,12:18,162,24.9
1766,2.28,12:46,162,24.9
1767,2.28,13:01,162,24.9
1768,2.28,12:39,162,24.9
1769,2.28,12:39,162,24.9
1770,2.28,14:07,163,24.3
1771,2.29,14:25,163,24.3
1772,2.29,14:07,163,24.3
1773,2.29,15:35,164,23.6
1774,2.29,15:24,165,23.6
1775,2.29,13:58,164,23.6
1776,2.29,13:41,163,23.0
1777,2.29,13:49,163,23.0
1778,2.29,13:16,164,23.0
1779,2.29,13:58,163,23.0
1780,2.3,13:32,162,22.3
1781,2.3,13:16,162,22.3
1782,2.3,13:49,163,22.3
1783,2.3,13:49,163,23.0
1784,2.3,13:08,163,22.3
1785,2.3,14:07,163,22.3
1786,2.3,14:16,162,22.3
1787,2.31,13:16,162,22.3
1788,2.31,12:46,163,22.3
1789,2.31,12:18,163,22.3
1790,2.31,12:18,163,22.3
1791,2.31,12:32,163,22.3
1792,2.31,13:08,163,22.3
1793,2.31,13:01,163,21.7
1794,2.31,13:49,163,21.7
1795,2.32,13:32,163,21.7
1796,2.32,12:53,162,21.7
1797,2.32,12:25,163,21.7
1798,2.32,12:53,162,21.0
1799,2.32,12:11,164,21.0
1800,2.32,12:11,163,21.0
1801,2.32,12:39,163,20.3
1802,2.32,12:46,163,20.3
1803,2.33,12:25,164,20.3
1804,2.33,13:58,164,20.3
1805,2.33,13:41,164,20.3
1806,2.33,14:07,164,20.3
1807,2.33,14:34,163,20.3
1808,2.33,15:24,164,19.7
1809,2.33,14:25,164,19.7
1810,2.33,14:07,164,19.7
1811,2.34,13:16,164,19.7
1812,2.34,13:08,164,19.7
1813,2.34,12:53,163,19.7
1814,2.34,12:25,163,19.7
1815,2.34,12:11,162,19.7
1816,2.34,12:39,162,19.7
1817,2.34,12:11,163,19.7
1818,2.34,12:32,163,19.7
1819,2.35,13:08,164,19.7
1820,2.35,13:16,165,19.7
1821,2.35,13:24,164,19.7
1822,2.35,13:49,164,19.7
1823,2.35,13:16,164,19.7
1824,2.35,13:16,164,19.7
1825,2.35,14:25,164,19.7
1826,2.35,13:41,163,20.3
1827,2.36,13:58,163,20.3
1828,2.36,14:16,164,20.3
1829,2.36,14:07,164,21.0
1830,2.36,13:41,164,21.0
1831,2.36,14:07,164,21.0
1832,2.36,13:41,164,21.7
1833,2.36,13:16,165,21.7
1834,2.36,12:39,164,21.7
1835,2.37,12:53,165,21.7
1836,2.37,12:11,164,21.7
1837,2.37,12:25,165,21.7
1838,2.37,13:16,164,21.0
1839,2.37,13:16,165,21.0
1840,2.37,12:46,165,21.0
1841,2.37,14:54,166,21.0
1842,2.37,14:54,165,20.3
1843,2.38,14:25,166,20.3
1844,2.38,14:25,165,19.7
1845,2.38,13:58,165,19.7
1846,2.38,12:39,164,19.7
1847,2.38,13:01,164,19.7
1848,2.38,12:11,164,19.7
1849,2.38,12:25,165,20.3
1850,2.38,12:25,165,19.7
1851,2.39,12:11,166,19.7
1852,2.39,11:45,166,19.7
1853,2.39,12:18,166,19.7
1854,2.39,13:01,165,19.7
1855,2.39,13:49,164,20.3
1856,2.39,14:16,164,21.0
1857,2.39,14:54,164,21.0
1858,2.39,15:04,165,21.7
1859,2.4,13:49,165,22.3
1860,2.4,13:58,165,22.3
1861,2.4,14:07,165,22.3
1862,2.4,13:41,165,23.0
1863,2.4,14:34,164,23.0
1864,2.4,14:54,164,22.3
1865,2.4,14:16,164,22.3
1866,2.4,13:32,163,22.3
1867,2.41,13:32,164,22.3
1868,2.41,12:11,163,21.7
1869,2.41,12:32,164,21.7
1870,2.41,12:32,164,21.0
1871,2.41,12:46,164,21.0
1872,2.41,12:53,165,21.0
1873,2.41,13:01,165,21.0
1874,2.41,12:25,166,21.7
1875,2.42,12:11,166,21.7
1876,2.42,12:11,166,21.0
1877,2.42,11:52,165,20.3
1878,2.42,12:39,165,20.3
1879,2.42,12:32,164,19.7
1880,2.42,13:01,164,19.7
1881,2.42,12:46,164,19.7
1882,2.43,12:39,164,20.3
1883,2.43,12:25,164,20.3
1884,2.43,13:08,164,21.0
1885,2.43,13:41,164,21.0
1886,2.43,14:07,164,21.7
1887,2.43,14:25,164,21.7
1888,2.43,13:41,164,22.3
1889,2.43,13:16,163,23.0
1890,2.43,13:08,163,23.6
1891,2.44,13:32,164,23.6
1892,2.44,13:41,165,23.6
1893,2.44,14:25,165,24.3
1894,2.44,14:07,165,24.3
1895,2.44,13:08,164,24.3
1896,2.44,12:46,165,24.9
1897,2.44,12:18,166,24.9
1898,2.45,12:18,166,25.6
1899,2.45,13:08,166,25.6
1900,2.45,13:16,166,25.6
1901,2.45,13:01,165,25.6
1902,2.45,13:16,166,25.6
1903,2.45,13:01,165,25.6
1904,2.45,12:04,165,25.6
1905,2.45,12:32,165,26.2
1906,2.46,12:53,165,26.2
1907,2.46,12:46,166,26.9
1908,2.46,12:39,166,26.9
1909,2.46,13:16,167,27.6
1910,2.46,12:46,166,27.6
1911,2.46,12:46,166,26.9
1912,2.46,13:08,166,26.9
1913,2.46,13:41,166,26.2
1914,2.47,13:32,167,26.2
1915,2.47,13:32,167,25.6
1916,2.47,13:32,168,26.2
1917,2.47,13:24,166,26.2
1918,2.47,12:46,166,26.2
1919,2.47,13:01,166,26.2
1920,2.47,13:24,166,26.9
1921,2.47,13:16,165,26.9
1922,2.48,13:01,164,26.2
1923,2.48,13:01,165,26.2
1924,2.48,12:32,166,26.2
1925,2.48,12:18,166,26.2
1926,2.48,12:18,164,26.2
1927,2.48,12:46,164,26.9
1928,2.48,13:08,164,26.9
1929,2.48,13:24,164,26.9
1930,2.49,13:58,164,26.2
1931,2.49,13:49,164,26.2
1932,2.49,13:58,165,26.2
1933,2.49,14:34,164,26.2
1934,2.49,14:16,164,26.2
1935,2.49,13:32,164,26.2
1936,2.49,13:41,163,26.2
1937,2.49,13:08,163,26.2
1938,2.5,12:32,163,26.2
1939,2.5,12:39,163,26.2
1940,2.5,13:08,162,26.2
1941,2.5,13:01,163,26.2
1942,2.5,13:01,164,26.2
1943,2.5,13:01,164,26.2
1944,2.5,13:08,164,26.2
1945,2.5,13:08,165,26.2
1946,2.51,13:58,164,26.9
1947,2.51,13:41,164,27.6
1948,2.51,13:32,163,28.2
1949,2.51,13:32,164,28.2
1950,2.51,13:01,164,28.9
1951,2.51,12:11,164,28.9
1952,2.51,12:46,165,28.2
1953,2.52,12:32,166,28.2
1954,2.52,12:25,166,27.6
1955,2.52,12:46,166,26.9
1956,2.52,12:46,165,26.9
1957,2.52,12:53,166,26.9
1958,2.52,13:41,165,27.6
1959,2.52,13:58,166,27.6
1960,2.52,13:32,166,28.2
1961,2.53,13:49,166,29.5
1962,2.53,13:08,167,30.2
1963,2.53,12:39,167,30.8
1964,2.53,12:46,166,30.8
1965,2.53,12:46,165,30.8
1966,2.53,12:18,165,30.8
1967,2.53,12:46,165,30.2
1968,2.53,13:01,166,29.5
1969,2.54,12:39,166,28.2
1970,2.54,13:24,165,27.6
1971,2.54,14:25,164,26.9
1972,2.54,13:49,163,26.2
1973,2.54,13:08,163,26.2
1974,2.54,13:24,163,26.2
1975,2.54,12:11,163,26.9
1976,2.54,12:04,164,26.2
1977,2.55,12:53,164,26.2
1978,2.55,13:01,164,25.6
1979,2.55,12:39,164,24.9
1980,2.55,13:58,162,24.9
1981,2.55,13:41,163,24.3
1982,2.55,13:41,162,24.3
1983,2.55,13:32,163,24.3
1984,2.55,13:24,163,24.3
1985,2.56,13:08,163,24.3
1986,2.56,13:32,164,24.3
1987,2.56,13:41,164,24.3
1988,2.56,14:44,165,24.3
1989,2.56,14:54,164,24.3
1990,2.56,14:16,164,24.3
1991,2.56,13:32,164,24.3
1992,2.56,12:53,163,23.6
1993,2.57,12:46,163,23.6
1994,2.57,13:01,164,23.6
1995,2.57,13:08,164,23.6
1996,2.57,12:53,164,23.6
1997,2.57,12:53,164,23.6
1998,2.57,12:11,164,23.6
1999,2.57,12:11,163,23.6
2000,2.57,11:58,163,23.6
2001,2.58,12:46,163,23.6
2002,2.58,12:39,163,23.6
2003,2.58,13:16,165,23.6
2004,2.58,13:58,165,23.6
2005,2.58,14:34,164,23.6
2006,2.58,13:49,164,23.6
2007,2.58,13:58,163,23.6
2008,2.58,13:32,163,24.3
2009,2.59,12:39,163,24.3
2010,2.59,12:32,163,24.3
2011,2.59,12:32,165,24.3
2012,2.59,12:25,165,24.3
2013,2.59,13:01,164,23.6
2014,2.59,13:24,164,23.6
2015,2.59,13:32,164,23.0
2016,2.59,14:16,163,23.0
2017,2.6,15:57,164,23.0
2018,2.6,16:09,164,23.0
2019,2.6,16:45,165,23.0
2020,2.6,16:58,166,23.0
2021,2.6,16:45,165,23.0
2022,2.6,15:04,165,23.6
2023,2.6,14:44,163,23.6
2024,2.6,13:32,162,24.3
2025,2.6,12:46,162,24.3
2026,2.61,12:53,162,24.3
2027,2.61,13:01,162,24.3
2028,2.61,12:25,163,23.6
2029,2.61,12:53,163,23.6
2030,2.61,12:32,163,23.0
2031,2.61,12:11,163,23.0
2032,2.61,12:53,163,23.0
2033,2.61,14:07,163,23.0
2034,2.62,14:07,162,23.0
2035,2.62,15:04,162,23.0
2036,2.62,15:04,162,23.0
2037,2.62,13:58,163,23.0
2038,2.62,13:08,163,23.6
2039,2.62,12:53,163,23.6
2040,2.62,12:46,163,23.6
2041,2.62,12:53,162,23.0
2042,2.63,12:46,162,23.0
2043,2.63,13:16,162,23.0
2044,2.63,13:49,162,22.3
2045,2.63,14:44,162,22.3
2046,2.63,14:25,163,22.3
2047,2.63,14:25,162,22.3
2048,2.63,14:16,162,22.3
2049,2.63,14:34,162,22.3
2050,2.63,14:16,161,22.3
2051,2.64,15:24,161,22.3
2052,2.64,16:45,161,21.7
2053,2.64,15:57,161,21.7
2054,2.64,15:14,162,21.7
2055,2.64,14:54,162,21.0
2056,2.64,14:25,162,21.0
2057,2.64,13:49,161,21.0
2058,2.64,13:32,161,20.3
2059,2.65,13:41,161,20.3
2060,2.65,13:08,161,19.7
2061,2.65,13:01,161,19.7
2062,2.65,13:08,161,19.7
2063,2.65,13:08,161,19.7
2064,2.65,13:16,161,19.0
2065,2.65,14:25,161,19.0
2066,2.65,13:58,161,19.0
2067,2.66,13:41,161,18.4
2068,2.66,14:16,161,18.4
2069,2.66,14:34,161,18.4
2070,2.66,14:07,161,18.4
2071,2.66,14:16,162,17.7
2072,2.66,14:54,162,17.7
2073,2.66,14:07,162,17.7
2074,2.66,13:32,161,17.7
2075,2.66,13:32,160,17.1
2076,2.67,13:41,159,17.1
2077,2.67,13:01,159,17.1
2078,2.67,13:49,158,17.1
2079,2.67,13:41,159,17.1
2080,2.67,13:32,159,17.1
2081,2.67,14:16,159,17.7
2082,2.67,13:49,159,17.7
2083,2.67,13:32,159,17.7
2084,2.68,13:49,160,17.7
2085,2.68,13:32,160,17.7
2086,2.68,12:53,160,17.1
2087,2.68,13:08,160,17.1
2088,2.68,12:32,160,17.1
2089,2.68,12:32,159,17.1
2090,2.68,12:53,160,16.4
2091,2.68,12:25,160,16.4
2092,2.69,12:32,160,16.4
2093,2.69,13:08,161,15.7
2094,2.69,13:01,161,15.7
2095,2.69,12:39,162,15.1
2096,2.69,13:24,161,15.1
2097,2.69,13:08,161,15.1
2098,2.69,13:01,161,14.4
2099,2.69,13:08,161,14.4
2100,2.7,13:58,161,14.4
2101,2.7,14:34,160,13.8
2102,2.7,15:04,157,13.8
2103,2.7,15:04,151,13.8
2104,2.7,14:34,150,13.1
2105,2.7,13:49,147,13.1
2106,2.7,13:41,142,13.1
2107,2.7,13:24,137,12.5
2108,2.71,14:16,133,12.5
2109,2.71,15:24,128,12.5
2110,2.71,15:14,122,11.8
2111,2.71,14:07,125,11.8
2112,2.71,13:49,135,11.2
2113,2.71,12:53,143,10.5
2114,2.71,12:11,150,10.5
2115,2.71,11:58,152,9.8
2116,2.72,11:27,155,9.8
2117,2.72,11:58,156,9.2
2118,2.72,12:39,158,9.2
2119,2.72,12:39,160,8.5
2120,2.72,12:46,160,8.5
2121,2.72,13:32,161,7.9
2122,2.72,13:49,163,7.9
2123,2.72,13:58,163,7.9
2124,2.73,14:07,163,7.2
2125,2.73,13:32,164,7.2
2126,2.73,13:01,163,7.2
2127,2.73,11:58,165,7.2
2128,2.73,10:59,165,6.6
2129,2.73,10:54,165,6.6
2130,2.73,11:58,167,6.6
2131,2.74,12:11,167,5.9
2132,2.74,12:46,167,5.9
2133,2.74,13:24,167,5.9
2134,2.74,13:49,167,5.9
2135,2.74,14:16,166,5.9
2136,2.74,15:46,166,5.2
2137,2.74,15:46,167,5.2
2138,2.74,15:57,167,5.2
2139,2.74,16:09,168,4.6
2140,2.75,14:44,167,4.6
2141,2.75,13:24,166,4.6
2142,2.75,13:24,165,4.6
2143,2.75,13:24,165,4.6
2144,2.75,13:32,166,4.6
2145,2.75,13:24,166,4.6
2146,2.75,13:32,166,3.9
2147,2.75,13:08,166,3.9
2148,2.76,13:08,166,3.3
2149,2.76,12:53,167,3.3
2150,2.76,12:53,167,3.3
2151,2.76,13:32,167,2.6
2152,2.76,13:58,167,2.6
2153,2.76,13:49,167,2.6
2154,2.76,13:58,167,2.6
2155,2.76,14:16,167,2.6
2156,2.77,14:16,168,2.6
2157,2.77,14:44,168,2.0
2158,2.77,14:25,168,2.0
2159,2.77,14:07,168,2.0
2160,2.77,14:54,167,2.0
2161,2.77,14:25,167,1.3
2162,2.77,14:07,168,1.3
2163,2.77,14:44,168,1.3
2164,2.77,14:25,169,0.7
2165,2.78,13:41,168,0.0
2166,2.78,13:41,168,-0.7
2167,2.78,13:08,167,-0.7
2168,2.78,12:32,169,-0.7
2169,2.78,12:46,169,-0.7
2170,2.78,12:18,169,-0.7
2171,2.78,11:45,168,-0.7
2172,2.79,11:27,167,-0.7
2173,2.79,12:11,167,0.0
2174,2.79,12:18,167,0.0
2175,2.79,12:46,167,-0.7
2176,2.79,13:41,168,-0.7
2177,2.79,15:14,167,-1.3
2178,2.79,14:44,167,-1.3
2179,2.79,14:34,166,-1.3
2180,2.79,14:16,165,-0.7
2181,2.8,13:49,165,-0.7
2182,2.8,13:16,167,-0.7
2183,2.8,13:24,166,-0.7
2184,2.8,13:08,167,-1.3
2185,2.8,13:08,166,-1.3
2186,2.8,13:16,165,-1.3
2187,2.8,13:01,165,-2.0
2188,2.81,12:39,165,-2.0
2189,2.81,12:25,165,-2.6
2190,2.81,12:25,166,-2.6
2191,2.81,13:01,167,-2.6
2192,2.81,13:24,167,-2.6
2193,2.81,13:58,168,-2.6
2194,2.81,14:07,167,-2.6
2195,2.81,13:58,167,-2.6
2196,2.82,12:39,167,-2.6
2197,2.82,12:32,167,-2.6
2198,2.82,11:45,166,-2.0
2199,2.82,12:04,166,-2.0
2200,2.82,12:46,168,-2.0
2201,2.82,13:08,168,-2.6
2202,2.82,12:46,167,-2.6
2203,2.82,13:32,166,-2.6
2204,2.83,13:41,165,-2.6
2205,2.83,12:39,166,-2.6
2206,2.83,12:53,166,-2.0
2207,2.83,13:16,167,-2.0
2208,2.83,12:53,166,-2.0
2209,2.83,12:46,165,-2.0
2210,2.83,13:41,165,-2.0
2211,2.83,13:41,165,-2.0
2212,2.84,14:07,165,-1.3
2213,2.84,15:14,167,-1.3
2214,2.84,14:07,167,-0.7
2215,2.84,13:49,168,-0.7
2216,2.84,13:32,167,-0.7
2217,2.84,13:08,166,-0.7
2218,2.84,12:11,166,-0.7
2219,2.84,12:53,166,-0.7
2220,2.85,12:46,166,-0.7
2221,2.85,12:53,167,-0.7
2222,2.85,12:39,168,-1.3
2223,2.85,12:18,168,-1.3
2224,2.85,12:18,167,-0.7
2225,2.85,11:52,166,-1.3
2226,2.85,11:16,166,-0.7
2227,2.86,11:27,167,-0.7
2228,2.86,11:52,168,-1.3
2229,2.86,11:58,167,-1.3
2230,2.86,12:25,166,-1.3
2231,2.86,13:16,166,-0.7
2232,2.86,13:08,165,-0.7
2233,2.86,13:01,165,0.0
2234,2.86,12:53,165,0.7
2235,2.87,13:24,165,1.3
2236,2.87,12:53,165,1.3
2237,2.87,12:53,165,2.0
2238,2.87,12:39,166,2.0
2239,2.87,13:01,165,2.6
2240,2.87,12:32,166,2.6
2241,2.87,13:24,165,2.6
2242,2.87,13:16,165,3.3
2243,2.88,13:41,164,3.9
2244,2.88,13:41,165,3.9
2245,2.88,13:41,164,3.9
2246,2.88,13:32,165,4.6
2247,2.88,15:24,165,4.6
2248,2.88,15:24,166,4.6
2249,2.88,14:54,166,4.6
2250,2.88,14:44,167,5.2
2251,2.89,14:16,167,5.2
2252,2.89,12:25,166,5.2
2253,2.89,12:11,166,5.2
2254,2.89,11:39,165,5.2
2255,2.89,11:45,165,5.2
2256,2.89,12:04,164,5.2
2257,2.89,12:04,164,5.2
2258,2.89,12:39,164,5.2
2259,2.9,13:32,164,5.2
2260,2.9,12:46,164,4.6
2261,2.9,12:25,165,3.9
2262,2.9,13:01,165,3.9
2263,2.9,12:32,165,3.9
2264,2.9,12:18,165,3.3
2265,2.9,13:58,165,3.3
2266,2.9,14:07,164,3.3
2267,2.91,13:41,163,3.3
2268,2.91,14:07,162,3.3
2269,2.91,14:25,163,3.9
2270,2.91,13:32,163,3.9
2271,2.91,13:01,164,3.9
2272,2.91,13:24,164,3.9
2273,2.91,13:08,164,3.9
2274,2.91,13:08,164,3.9
2275,2.92,12:46,164,3.9
2276,2.92,13:16,163,3.9
2277,2.92,13:24,163,3.3
2278,2.92,12:46,164,3.3
2279,2.92,11:58,164,2.6
2280,2.92,12:04,164,2.6
2281,2.92,11:52,164,2.0
2282,2.93,11:39,163,2.0
2283,2.93,12:39,164,1.3
2284,2.93,13:32,164,0.7
2285,2.93,13:58,164,-0.7
2286,2.93,14:44,164,-1.3
2287,2.93,14:54,163,-1.3
2288,2.93,14:25,163,-1.3
2289,2.93,14:16,163,-1.3
2290,2.93,14:07,163,-1.3
2291,2.94,13:16,162,-1.3
2292,2.94,12:39,162,-1.3
2293,2.94,12:25,162,-0.7
2294,2.94,11:33,162,-0.7
2295,2.94,11:05,162,-0.7
2296,2.94,11:21,162,-0.7
2297,2.95,11:33,162,-0.7
2298,2.95,11:21,161,-0.7
2299,2.95,12:11,161,0.0
2300,2.95,12:53,161,0.7
2301,2.95,12:11,162,1.3
2302,2.95,12:18,161,1.3
2303,2.95,13:01,161,0.7
2304,2.95,12:18,161,0.7
2305,2.96,12:04,161,0.0
2306,2.96,13:01,161,-0.7
2307,2.96,13:08,162,-0.7
2308,2.96,12:39,162,-0.7
2309,2.96,13:41,163,-0.7
2310,2.96,13:24,162,-0.7
2311,2.96,13:01,162,-0.7
2312,2.96,13:08,163,-0.7
2313,2.97,13:41,162,-0.7
2314,2.97,12:53,162,-0.7
2315,2.97,13:08,162,-0.7
2316,2.97,13:24,162,-1.3
2317,2.97,13:41,163,-1.3
2318,2.97,13:08,164,-1.3
2319,2.97,13:16,164,-0.7
2320,2.97,13:32,164,0.0
2321,2.98,13:08,163,0.0
2322,2.98,13:01,163,0.0
2323,2.98,13:49,163,0.0
2324,2.98,13:16,164,-0.7
2325,2.98,13:24,163,-0.7
2326,2.98,12:53,163,-0.7
2327,2.98,12:25,163,-1.3
2328,2.98,12:11,164,-1.3
2329,2.99,12:39,164,-2.0
2330,2.99,12:11,164,-2.0
2331,2.99,12:39,164,-2.0
2332,2.99,12:53,164,-2.6
2333,2.99,12:04,164,-2.0
2334,2.99,12:04,164,-2.6
2335,2.99,11:45,165,-2.0
2336,3.0,11:21,164,-2.0
2337,3.0,11:27,164,-2.0
2338,3.0,11:58,164,-2.0
2339,3.0,12:32,165,-1.3
2340,3.0,13:01,166,-1.3
2341,3.0,13:32,166,-1.3
2342,3.0,12:53,165,-0.7
2343,3.01,13:08,164,-1.3
2344,3.01,13:32,163,-2.0
2345,3.01,13:58,163,-2.6
2346,3.01,14:44,164,-2.0
2347,3.01,15:57,165,-2.0
2348,3.01,15:24,165,-0.7
2349,3.01,14:16,166,0.7
2350,3.01,13:24,166,1.3
2351,3.01,12:39,165,2.6
2352,3.02,12:18,165,2.6
2353,3.02,12:46,165,3.3
2354,3.02,13:24,165,3.3
2355,3.02,13:32,164,3.3
2356,3.02,14:16,164,3.3
2357,3.02,14:44,165,3.3
2358,3.02,13:58,165,3.3
2359,3.02,13:01,164,3.3
2360,3.03,13:58,163,4.6
2361,3.03,14:16,163,5.2
2362,3.03,13:41,164,5.9
2363,3.03,13:08,164,5.9
2364,3.03,13:08,165,6.6
2365,3.03,12:04,165,6.6
2366,3.03,11:39,165,7.2
2367,3.03,11:58,166,7.2
2368,3.04,12:53,166,7.9
2369,3.04,12:46,166,8.5
2370,3.04,13:32,165,8.5
2371,3.04,12:53,164,9.2
2372,3.04,12:18,164,9.2
2373,3.04,12:04,162,9.8
2374,3.04,12:39,161,10.5
2375,3.05,12:04,160,10.5
2376,3.05,12:25,160,10.5
2377,3.05,12:39,160,11.2
2378,3.05,12:46,161,10.5
2379,3.05,13:16,161,10.5
2380,3.05,14:07,161,9.8
2381,3.05,14:34,161,8.5
2382,3.05,15:04,162,7.9
2383,3.05,15:14,161,7.2
2384,3.06,15:04,161,7.2
2385,3.06,15:04,161,7.2
2386,3.06,14:07,161,7.9
2387,3.06,13:58,161,8.5
2388,3.06,13:08,161,9.2
2389,3.06,12:25,162,9.8
2390,3.06,12:32,161,9.8
2391,3.06,12:53,162,10.5
2392,3.07,13:01,163,10.5
2393,3.07,13:58,163,10.5
2394,3.07,13:49,163,11.2
2395,3.07,13:32,163,11.2
2396,3.07,13:41,163,11.2
2397,3.07,13:01,164,11.2
2398,3.07,13:01,165,11.2
2399,3.07,13:41,165,11.2
2400,3.08,13:41,165,11.2
2401,3.08,14:16,165,10.5
2402,3.08,14:16,165,10.5
2403,3.08,13:24,165,10.5
2404,3.08,13:24,165,10.5
2405,3.08,13:01,166,10.5
2406,3.08,12:25,166,10.5
2407,3.08,12:53,166,10.5
2408,3.09,13:16,166,10.5
2409,3.09,13:01,166,11.2
2410,3.09,13:16,165,11.2
2411,3.09,13:58,164,11.2
2412,3.09,14:07,164,10.5
2413,3.09,14:44,163,10.5
2414,3.09,14:16,163,10.5
2415,3.09,14:16,163,10.5
2416,3.1,14:07,163,10.5
2417,3.1,13:49,163,11.2
2418,3.1,13:41,163,11.2
2419,3.1,14:54,162,11.8
2420,3.1,15:35,163,11.8
2421,3.1,15:24,163,11.8
2422,3.1,16:33,163,11.8
2423,3.1,16:09,162,12.5
2424,3.1,15:04,162,12.5
2425,3.11,14:34,163,12.5
2426,3.11,14:16,163,11.8
2427,3.11,13:49,162,11.8
2428,3.11,14:16,163,11.8
2429,3.11,14:07,162,12.5
2430,3.11,13:24,162,13.1
2431,3.11,13:49,162,13.8
2432,3.11,13:08,161,14.4
2433,3.11,13:01,160,14.4
2434,3.12,12:46,159,14.4
2435,3.12,13:24,158,14.4
2436,3.12,13:41,158,13.8
2437,3.12,13:41,158,13.8
2438,3.12,13:01,158,13.8
2439,3.12,14:07,158,14.4
2440,3.12,14:16,159,14.4
2441,3.12,13:41,159,14.4
2442,3.13,14:34,159,14.4
2443,3.13,15:04,159,15.1
2444,3.13,14:25,158,15.1
2445,3.13,15:35,159,15.7
2446,3.13,15:57,158,15.7
2447,3.13,15:35,157,16.4
2448,3.13,15:46,157,16.4
2449,3.13,15:24,156,17.1
2450,3.13,13:58,156,17.1
2451,3.14,15:04,156,17.1
2452,3.14,14:07,157,17.1
2453,3.14,13:49,157,17.7
2454,3.14,14:07,157,17.7
2455,3.14,13:24,158,17.7
2456,3.14,11:45,157,17.7
2457,3.14,11:52,157,17.1
2458,3.15,11:33,158,17.1
2459,3.15,11:39,159,17.1
2460,3.15,12:46,159,17.1
2461,3.15,13:24,159,17.1
2462,3.15,13:58,159,17.1
2463,3.15,15:24,159,17.1
2464,3.15,15:14,159,17.1
2465,3.15,14:34,159,17.1
2466,3.15,14:54,160,17.1
2467,3.16,14:07,160,17.1
2468,3.16,13:16,161,17.1
2469,3.16,12:32,161,17.7
2470,3.16,12:39,161,17.7
2471,3.16,12:04,161,17.7
2472,3.16,12:39,161,17.7
2473,3.16,12:04,161,17.7
2474,3.17,12:11,162,17.1
2475,3.17,11:33,162,17.1
2476,3.17,11:21,163,17.1
2477,3.17,10:43,163,17.1
2478,3.17,11:58,163,17.1
2479,3.17,12:32,163,17.1
2480,3.17,13:08,164,17.1
2481,3.17,13:41,164,17.1
2482,3.18,14:25,164,17.1
2483,3.18,13:01,163,17.1
2484,3.18,12:46,164,17.1
2485,3.18,11:58,163,17.1
2486,3.18,11:39,162,17.1
2487,3.18,10:54,163,17.1
2488,3.19,10:33,163,17.1
2489,3.19,10:33,163,17.1
2490,3.19,10:54,162,17.1
2491,3.19,10:54,162,16.4
2492,3.19,11:10,163,16.4
2493,3.19,11:27,164,16.4
2494,3.19,11:21,164,16.4
2495,3.2,11:10,165,16.4
2496,3.2,11:33,165,16.4
2497,3.2,11:27,166,16.4
2498,3.2,11:21,167,16.4
2499,3.2,11:21,167,16.4
2500,3.2,11:21,168,16.4
2501,3.2,11:10,168,16.4
2502,3.21,11:33,167,16.4
2503,3.21,10:59,167,16.4
2504,3.21,10:54,167,16.4
2505,3.21,10:33,168,16.4
2506,3.21,10:14,167,17.1
2507,3.21,10:09,167,17.1
2508,3.22,10:48,167,17.1
2509,3.22,10:59,168,17.1
2510,3.22,11:27,168,17.7
2511,3.22,11:52,169,17.7
2512,3.22,11:39,169,17.7
2513,3.22,11:39,169,17.7
2514,3.22,11:16,169,18.4
2515,3.22,11:58,169,18.4
2516,3.23,11:39,169,18.4
2517,3.23,11:39,168,18.4
2518,3.23,12:04,168,18.4
2519,3.23,12:11,169,19.0
2520,3.23,10:54,169,19.0
2521,3.23,11:21,170,19.0
2522,3.24,11:58,169,19.0
2523,3.24,11:10,168,19.0
2524,3.24,11:21,168,19.0
2525,3.24,11:52,168,19.0
2526,3.24,11:21,168,19.0
2527,3.24,10:43,169,19.0
2528,3.24,11:16,169,18.4
2529,3.25,11:16,168,18.4
2530,3.25,11:39,168,18.4
2531,3.25,11:45,168,17.7
2532,3.25,12:11,167,18.4
2533,3.25,11:58,167,17.7
2534,3.25,11:52,168,17.7
2535,3.25,11:45,169,17.7
2536,3.26,11:58,170,17.7
2537,3.26,12:18,169,17.7
2538,3.26,12:04,169,17.7
2539,3.26,12:18,168,17.7
2540,3.26,11:58,168,17.7
2541,3.26,11:21,169,18.4
2542,3.26,11:16,169,18.4
2543,3.27,11:27,169,18.4
2544,3.27,11:16,169,18.4
2545,3.27,11:27,169,18.4
2546,3.27,12:18,168,18.4
2547,3.27,12:11,168,18.4
2548,3.27,12:32,168,19.0
2549,3.27,13:01,169,19.0
2550,3.27,12:46,169,19.0
2551,3.28,12:32,168,19.0
2552,3.28,12:32,168,19.0
2553,3.28,12:25,168,19.0
2554,3.28,12:32,168,19.0
2555,3.28,12:53,168,19.7
2556,3.28,12:53,168,19.7
2557,3.28,12:46,169,19.7
2558,3.29,11:58,168,20.3
2559,3.29,11:45,169,20.3
2560,3.29,11:39,170,21.0
2561,3.29,11:10,171,21.0
2562,3.29,10:48,171,21.7
2563,3.29,10:18,170,21.7
2564,3.3,9:47,170,22.3
2565,3.3,9:14,170,21.7
2566,3.3,9:34,170,21.7
2567,3.3,9:51,169,21.7
2568,3.3,10:33,170,22.3
2569,3.3,10:59,169,22.3
2570,3.3,11:33,170,22.3
2571,3.31,11:39,169,22.3
2572,3.31,11:27,170,22.3
2573,3.31,11:33,170,22.3
2574,3.31,11:21,169,22.3
2575,3.31,11:33,170,23.0
2576,3.31,11:05,171,23.0
2577,3.31,11:21,171,23.0
2578,3.32,11:33,171,23.0
2579,3.32,11:45,171,23.0
2580,3.32,11:21,170,23.0
2581,3.32,11:05,170,22.3
2582,3.32,10:43,170,22.3
2583,3.32,10:23,171,22.3
2584,3.33,10:05,173,22.3
2585,3.33,10:14,173,22.3
2586,3.33,10:38,172,22.3
2587,3.33,10:38,173,22.3
2588,3.33,10:48,172,22.3
2589,3.33,11:05,173,22.3
2590,3.33,10:54,173,22.3
2591,3.34,10:00,173,22.3
2592,3.34,9:30,174,22.3
2593,3.34,8:56,174,22.3
2594,3.34,8:35,173,22.3
2595,3.34,8:35,173,22.3
2596,3.35,9:00,173,22.3
2597,3.35,9:14,173,23.0
2598,3.35,9:56,173,23.0
2599,3.35,10:38,174,23.0
2600,3.35,10:54,175,23.0
2601,3.35,11:45,175,23.0
2602,3.35,12:18,175,22.3
2603,3.36,12:04,174,22.3
2604,3.36,11:58,174,22.3
2605,3.36,11:39,174,21.7
2606,3.36,11:05,175,22.3
2607,3.36,10:48,175,22.3
2608,3.36,10:33,175,22.3
2609,3.37,10:28,174,22.3
2610,3.37,10:23,174,22.3
2611,3.37,10:14,174,22.3
2612,3.37,10:43,175,22.3
2613,3.37,11:05,174,23.0
2614,3.37,11:05,174,23.0
2615,3.37,11:27,174,23.0
2616,3.38,11:39,173,23.0
2617,3.38,11:10,175,23.0
2618,3.38,10:48,175,23.0
2619,3.38,10:38,174,23.6
2620,3.38,10:43,173,23.6
2621,3.38,10:28,173,24.3
2622,3.39,10:28,174,24.3
2623,3.39,10:48,174,24.3
2624,3.39,10:59,172,24.3
2625,3.39,10:48,172,24.3
2626,3.39,11:45,173,24.3
2627,3.39,12:04,172,24.3
2628,3.39,12:04,173,24.3
2629,3.4,11:52,173,24.3
2630,3.4,12:04,172,24.3
2631,3.4,11:45,171,24.3
2632,3.4,11:33,172,24.3
2633,3.4,11:16,172,24.9
2634,3.4,10:59,172,24.9
2635,3.4,10:38,173,24.9
2636,3.41,9:56,172,24.9
2637,3.41,9:51,172,24.9
2638,3.41,9:43,173,24.9
2639,3.41,9:47,173,24.9
2640,3.41,9:56,173,24.9
2641,3.41,10:09,172,24.3
2642,3.42,10:09,173,24.3
2643,3.42,10:28,173,24.9
2644,3.42,10:59,174,24.9
2645,3.42,10:54,174,24.9
2646,3.42,11:05,174,24.9
2647,3.42,11:05,174,24.9
2648,3.43,10:54,175,24.9
2649,3.43,10:48,174,25.6
2650,3.43,11:21,174,25.6
2651,3.43,11:45,174,24.9
2652,3.43,12:04,174,24.9
2653,3.43,12:39,175,24.9
2654,3.43,11:52,174,24.9
2655,3.44,11:05,173,24.9
2656,3.44,11:05,173,24.9
2657,3.44,11:16,175,24.9
2658,3.44,10:59,175,24.9
2659,3.44,11:52,174,24.9
2660,3.44,11:58,174,24.9
2661,3.44,11:27,174,24.9
2662,3.45,11:39,174,24.9
2663,3.45,11:58,173,24.9
2664,3.45,12:18,174,25.6
2665,3.45,12:11,173,26.2
2666,3.45,12:11,174,26.2
2667,3.45,11:45,173,26.9
2668,3.45,11:45,173,26.9
2669,3.46,10:54,174,27.6
2670,3.46,11:16,174,27.6
2671,3.46,11:33,173,27.6
2672,3.46,10:59,173,26.9
2673,3.46,10:54,174,26.9
2674,3.46,11:21,174,26.9
2675,3.46,11:21,172,26.2
2676,3.47,11:10,173,26.2
2677,3.47,13:08,174,25.6
2678,3.47,13:24,174,25.6
2679,3.47,13:08,174,24.9
2680,3.47,13:32,173,24.9
2681,3.47,14:07,173,25.6
2682,3.47,12:25,173,26.2
2683,3.47,12:25,173,26.9
2684,3.48,12:11,173,26.9
2685,3.48,11:58,173,27.6
2686,3.48,12:53,173,26.9
2687,3.48,12:25,174,26.9
2688,3.48,11:58,173,26.9
2689,3.48,13:01,172,26.9
2690,3.48,13:08,172,26.2
2691,3.48,11:58,172,25.6
2692,3.49,12:11,172,25.6
2693,3.49,11:58,172,24.9
2694,3.49,11:16,172,25.6
2695,3.49,10:59,172,26.2
2696,3.49,10:54,173,26.9
2697,3.49,11:05,173,27.6
2698,3.5,11:52,173,28.2
2699,3.5,11:45,172,28.2
2700,3.5,12:18,172,28.2
2701,3.5,13:08,173,28.2
2702,3.5,12:53,173,28.2
2703,3.5,11:58,173,28.2
2704,3.5,11:52,173,28.2
2705,3.51,11:16,172,28.9
2706,3.51,10:54,172,29.5
2707,3.51,10:43,173,30.2
2708,3.51,11:05,173,30.8
2709,3.51,11:16,173,30.8
2710,3.51,11:33,171,30.8
2711,3.51,11:21,171,30.2
2712,3.52,11:45,172,29.5
2713,3.52,12:18,173,28.9
2714,3.52,12:46,172,28.9
2715,3.52,13:08,171,28.2
2716,3.52,13:49,171,28.2
2717,3.52,14:25,172,28.2
2718,3.52,14:16,171,28.2
2719,3.52,13:49,171,28.9
2720,3.53,12:53,170,29.5
2721,3.53,11:52,170,29.5
2722,3.53,11:27,171,30.2
2723,3.53,10:48,171,30.2
2724,3.53,10:43,171,30.8
2725,3.53,11:33,170,30.8
2726,3.53,11:39,170,30.8
2727,3.54,11:45,170,30.8
2728,3.54,12:04,171,30.8
2729,3.54,11:52,171,30.8
2730,3.54,11:05,171,30.2
2731,3.54,11:39,170,30.2
2732,3.54,11:21,171,30.2
2733,3.54,11:27,172,30.2
2734,3.55,12:04,172,30.2
2735,3.55,12:04,171,30.2
2736,3.55,12:11,171,30.2
2737,3.55,12:25,171,30.2
2738,3.55,11:10,171,30.2
2739,3.55,10:28,172,30.2
2740,3.55,10:33,172,30.2
2741,3.56,10:33,171,30.2
2742,3.56,10:54,170,29.5
2743,3.56,12:18,170,29.5
2744,3.56,13:01,171,29.5
2745,3.56,12:39,172,29.5
2746,3.56,11:52,172,29.5
2747,3.56,11:33,171,29.5
2748,3.57,10:59,171,29.5
2749,3.57,10:48,171,28.9
2750,3.57,11:21,171,28.9
2751,3.57,11:52,172,28.2
2752,3.57,11:58,172,28.2
2753,3.57,11:45,172,28.2
2754,3.57,11:58,171,28.2
2755,3.58,11:52,170,28.9
2756,3.58,12:18,170,28.9
2757,3.58,13:08,170,28.9
2758,3.58,13:58,170,28.9
2759,3.58,14:25,171,28.2
2760,3.58,14:54,171,28.2
2761,3.58,14:07,171,28.2
2762,3.58,13:08,171,28.2
2763,3.59,12:18,171,28.9
2764,3.59,11:52,171,28.9
2765,3.59,11:45,170,28.9
2766,3.59,12:04,170,28.9
2767,3.59,12:18,172,28.9
2768,3.59,12:53,172,28.2
2769,3.59,12:39,172,28.2
2770,3.59,12:46,170,27.6
2771,3.6,12:18,170,27.6
2772,3.6,11:39,170,27.6
2773,3.6,11:58,171,27.6
2774,3.6,12:11,171,26.9
2775,3.6,12:11,171,26.9
2776,3.6,12:32,171,26.9
2777,3.6,13:08,171,26.9
2778,3.61,13:16,172,26.9
2779,3.61,12:53,171,26.9
2780,3.61,12:18,171,26.9
2781,3.61,12:18,172,27.6
2782,3.61,11:58,171,27.6
2783,3.61,11:45,171,27.6
2784,3.61,11:33,171,27.6
2785,3.62,11:52,171,27.6
2786,3.62,11:52,171,27.6
2787,3.62,11:52,172,26.9
2788,3.62,11:52,173,26.9
2789,3.62,12:39,173,27.6
2790,3.62,11:52,173,26.9
2791,3.62,11:39,173,26.9
2792,3.63,12:11,172,27.6
2793,3.63,11:45,172,27.6
2794,3.63,11:16,172,27.6
2795,3.63,11:39,173,27.6
2796,3.63,11:33,174,27.6
2797,3.63,11:21,172,27.6
2798,3.63,11:52,172,27.6
2799,3.64,12:11,173,27.6
2800,3.64,12:25,173,27.6
2801,3.64,12:46,173,28.2
2802,3.64,12:11,172,27.6
2803,3.64,11:45,171,27.6
2804,3.64,11:27,172,27.6
2805,3.64,11:10,171,27.6
2806,3.65,10:59,172,27.6
2807,3.65,11:10,170,27.6
2808,3.65,11:05,170,26.9
2809,3.65,11:21,171,26.9
2810,3.65,11:58,170,26.9
2811,3.65,11:58,172,26.2
2812,3.65,12:39,172,26.2
2813,3.66,11:58,172,26.2
2814,3.66,11:39,172,25.6
2815,3.66,11:39,171,25.6
2816,3.66,11:10,170,24.9
2817,3.66,10:28,171,24.9
2818,3.66,11:45,172,24.9
2819,3.66,11:52,172,25.6
2820,3.66,12:04,172,25.6
2821,3.67,12:18,172,26.2
2822,3.67,12:39,171,26.2
2823,3.67,11:27,169,26.2
2824,3.67,11:05,169,26.2
2825,3.67,10:38,170,25.6
2826,3.67,10:59,170,24.9
2827,3.68,10:48,170,24.3
2828,3.68,11:05,171,24.3
2829,3.68,11:39,170,23.6
2830,3.68,11:52,170,23.6
2831,3.68,11:45,170,23.6
2832,3.68,12:18,169,23.6
2833,3.68,13:08,169,23.0
2834,3.68,14:44,169,23.0
2835,3.69,14:34,169,23.0
2836,3.69,14:16,169,22.3
2837,3.69,13:58,170,22.3
2838,3.69,13:01,170,22.3
2839,3.69,11:21,170,22.3
2840,3.69,11:45,170,21.7
2841,3.69,11:52,170,21.7
2842,3.7,12:18,169,21.7
2843,3.7,13:24,169,21.7
2844,3.7,13:49,170,21.0
2845,3.7,12:53,170,21.0
2846,3.7,13:08,170,21.0
2847,3.7,11:52,170,21.0
2848,3.7,11:16,169,20.3
2849,3.7,11:45,169,20.3
2850,3.71,12:11,169,20.3
2851,3.71,12:39,170,20.3
2852,3.71,14:25,169,19.7
2853,3.71,14:44,169,19.7
2854,3.71,14:16,168,19.7
2855,3.71,14:44,168,19.7
2856,3.71,14:16,168,19.7
2857,3.71,13:49,169,19.7
2858,3.72,13:08,169,19.0
2859,3.72,12:11,169,19.0
2860,3.72,11:16,169,19.0
2861,3.72,11:16,168,19.0
2862,3.72,10:54,167,19.0
2863,3.72,11:21,168,19.0
2864,3.72,12:32,168,18.4
2865,3.73,12:46,169,18.4
2866,3.73,12:46,169,18.4
2867,3.73,12:46,169,18.4
2868,3.73,11:58,169,18.4
2869,3.73,12:04,169,18.4
2870,3.73,13:08,168,18.4
2871,3.73,13:41,169,18.4
2872,3.73,14:25,169,18.4
2873,3.74,15:35,170,18.4
2874,3.74,14:44,170,17.7
2875,3.74,13:49,169,17.1
2876,3.74,12:39,169,17.1
2877,3.74,12:04,169,17.1
2878,3.74,11:16,168,17.1
2879,3.74,11:52,168,16.4
2880,3.74,12:39,169,16.4
2881,3.75,13:01,169,16.4
2882,3.75,11:58,170,16.4
2883,3.75,12:18,170,16.4
2884,3.75,11:27,170,16.4
2885,3.75,10:33,169,16.4
2886,3.75,10:38,169,15.7
2887,3.75,11:45,169,15.7
2888,3.76,12:04,170,15.1
2889,3.76,13:01,171,15.1
2890,3.76,14:07,170,14.4
2891,3.76,14:16,170,13.8
2892,3.76,14:44,170,13.8
2893,3.76,15:46,170,13.1
2894,3.76,14:25,171,12.5
2895,3.76,13:01,171,12.5
2896,3.77,12:46,171,11.8
2897,3.77,12:11,170,11.8
2898,3.77,11:58,170,11.2
2899,3.77,12:32,170,11.2
2900,3.77,12:32,171,10.5
2901,3.77,12:04,171,9.8
2902,3.77,11:45,171,9.2
2903,3.78,11:21,171,9.2
2904,3.78,10:54,170,8.5
2905,3.78,11:05,171,7.9
2906,3.78,11:33,172,7.9
2907,3.78,12:32,172,7.9
2908,3.78,12:53,171,7.2
2909,3.78,13:32,170,7.2
2910,3.78,13:49,172,7.2
2911,3.79,13:49,172,6.6
2912,3.79,13:24,172,5.9
2913,3.79,13:32,172,5.2
2914,3.79,13:01,171,5.2
2915,3.79,12:39,171,4.6
2916,3.79,10:38,172,4.6
2917,3.8,10:18,173,3.9
2918,3.8,9:51,172,3.9
2919,3.8,10:05,172,3.3
2920,3.8,10:05,171,3.3
2921,3.8,11:52,171,3.3
2922,3.8,12:04,172,3.3
2923,3.8,12:11,172,3.3
2924,3.8,12:11,171,3.3
2925,3.81,12:32,170,3.3
2926,3.81,12:11,169,3.3
2927,3.81,11:58,170,3.3
2928,3.81,12:39,170,3.3
2929,3.81,12:25,170,3.3
2930,3.81,12:04,171,3.3
2931,3.81,11:52,170,3.3
2932,3.82,11:58,170,3.3
2933,3.82,11:21,169,3.3
2934,3.82,11:10,169,2.6
2935,3.82,11:21,170,2.6
2936,3.82,11:33,170,2.6
2937,3.82,11:58,170,2.0
2938,3.82,12:18,170,2.0
2939,3.83,12:46,170,2.0
2940,3.83,13:01,170,2.6
2941,3.83,13:24,169,2.6
2942,3.83,13:24,169,2.6
2943,3.83,13:01,170,2.6
2944,3.83,12:25,170,2.6
2945,3.83,12:18,171,2.6
2946,3.84,11:21,171,2.6
2947,3.84,10:43,171,2.6
2948,3.84,10:54,171,2.6
2949,3.84,10:54,170,2.6
2950,3.84,10:23,170,2.6
2951,3.84,10:54,171,2.0
2952,3.84,10:43,172,1.3
2953,3.85,10:38,172,1.3
2954,3.85,11:21,171,1.3
2955,3.85,11:33,171,1.3
2956,3.85,11:39,172,2.0
2957,3.85,11:45,172,2.0
2958,3.85,11:16,173,2.6
2959,3.86,10:23,173,3.9
2960,3.86,10:14,173,4.6
2961,3.86,10:14,172,4.6
2962,3.86,10:43,172,5.2
2963,3.86,11:21,173,5.2
2964,3.86,11:21,173,4.6
2965,3.86,11:45,173,3.9
2966,3.87,11:10,173,3.9
2967,3.87,10:43,173,3.9
2968,3.87,10:23,173,3.9
2969,3.87,10:43,173,4.6
2970,3.87,10:48,175,5.2
2971,3.87,11:05,175,5.2
2972,3.88,10:33,174,5.2
2973,3.88,10:33,173,5.9
2974,3.88,10:48,173,5.9
2975,3.88,11:05,174,6.6
2976,3.88,11:58,174,6.6
2977,3.88,12:39,173,7.2
2978,3.88,12:39,172,7.9
2979,3.88,12:32,172,7.9
2980,3.89,12:18,173,7.9
2981,3.89,12:11,173,7.9
2982,3.89,12:25,172,7.9
2983,3.89,12:11,172,8.5
2984,3.89,11:45,172,8.5
2985,3.89,11:52,172,8.5
2986,3.89,11:16,172,9.2
2987,3.9,11:05,172,9.2
2988,3.9,11:27,172,9.2
2989,3.9,11:45,173,9.8
2990,3.9,11:39,173,10.5
2991,3.9,11:58,173,11.2
2992,3.9,12:25,172,11.2
2993,3.9,12:25,173,11.8
2994,3.91,12:25,173,11.8
2995,3.91,12:11,174,12.5
2996,3.91,11:33,173,12.5
2997,3.91,10:43,171,12.5
2998,3.91,10:48,170,12.5
2999,3.91,11:05,168,12.5
3000,3.91,11:16,166,12.5
3001,3.92,11:52,161,12.5
3002,3.92,13:01,158,12.5
3003,3.92,12:53,154,12.5
3004,3.92,11:52,151,12.5
3005,3.92,11:21,152,11.8
3006,3.92,11:10,154,11.8
3007,3.92,10:59,154,11.8
3008,3.93,10:54,155,11.8
3009,3.93,11:16,158,11.8
3010,3.93,11:52,162,11.8
3011,3.93,12:18,164,11.8
3012,3.93,12:04,164,11.8
3013,3.93,12:25,166,11.8
3014,3.93,13:49,167,11.8
3015,3.94,13:24,169,11.8
3016,3.94,13:08,169,11.8
3017,3.94,13:32,169,11.2
3018,3.94,12:32,170,11.2
3019,3.94,11:52,171,11.2
3020,3.94,12:11,172,11.2
3021,3.94,11:39,173,10.5
3022,3.95,10:48,173,10.5
3023,3.95,11:27,172,10.5
3024,3.95,10:59,172,9.8
3025,3.95,10:43,173,9.8
3026,3.95,10:59,174,9.2
3027,3.95,11:52,174,9.2
3028,3.95,11:52,173,8.5
3029,3.96,11:39,173,8.5
3030,3.96,11:33,174,7.9
3031,3.96,11:27,174,7.9
3032,3.96,11:16,174,7.9
3033,3.96,10:48,174,7.9
3034,3.96,11:21,174,7.9
3035,3.96,11:21,175,8.5
3036,3.97,11:27,175,9.2
3037,3.97,11:33,174,9.8
3038,3.97,12:18,176,9.8
3039,3.97,11:39,176,9.8
3040,3.97,11:45,174,9.2
3041,3.97,11:33,174,9.2
3042,3.97,11:05,175,8.5
3043,3.98,10:38,175,8.5
3044,3.98,11:16,174,8.5
3045,3.98,11:27,174,8.5
3046,3.98,11:45,175,8.5
3047,3.98,12:39,175,8.5
3048,3.98,12:11,174,7.9
3049,3.98,11:45,174,7.9
3050,3.99,12:04,174,7.9
3051,3.99,11:45,175,7.2
3052,3.99,11:52,174,7.2
3053,3.99,12:53,173,7.2
3054,3.99,12:53,174,6.6
3055,3.99,12:32,174,6.6
3056,3.99,12:46,174,6.6
3057,4.0,11:27,172,5.9
3058,4.0,11:05,172,5.9
3059,4.0,10:59,172,5.2
3060,4.0,10:28,173,5.2
3061,4.0,10:33,174,5.2
3062,4.0,10:38,172,4.6
3063,4.01,10:09,172,4.6
3064,4.01,10:28,173,3.9
3065,4.01,11:16,173,3.9
3066,4.01,11:16,172,4.6
3067,4.01,12:04,172,4.6
3068,4.01,13:16,172,3.9
3069,4.01,13:01,173,3.9
3070,4.01,12:46,173,3.3
3071,4.02,12:25,173,3.3
3072,4.02,12:25,172,2.6
3073,4.02,12:25,173,2.6
3074,4.02,12:04,173,3.3
3075,4.02,11:58,172,3.3
3076,4.02,12:53,172,3.3
3077,4.02,11:39,172,3.9
3078,4.03,11:05,170,3.9
3079,4.03,11:21,170,3.9
3080,4.03,10:38,170,4.6
3081,4.03,10:00,171,4.6
3082,4.03,10:38,172,5.2
3083,4.03,10:54,173,5.2
3084,4.03,11:21,173,5.2
3085,4.04,12:04,172,5.9
3086,4.04,12:18,172,5.9
3087,4.04,12:32,173,5.9
3088,4.04,12:32,174,6.6
3089,4.04,11:39,174,6.6
3090,4.04,12:11,173,6.6
3091,4.04,13:08,173,7.2
3092,4.04,13:01,174,7.2
3093,4.05,13:24,174,7.9
3094,4.05,13:58,173,7.9
3095,4.05,12:53,174,7.9
3096,4.05,11:58,174,7.9
3097,4.05,11:58,174,8.5
3098,4.05,11:45,174,9.2
3099,4.05,11:45,174,9.8
3100,4.06,11:21,173,10.5
3101,4.06,11:16,174,10.5
3102,4.06,11:21,174,11.2
3103,4.06,11:05,175,11.2
3104,4.06,10:28,174,11.2
3105,4.06,10:48,174,11.2
3106,4.07,10:43,175,11.8
3107,4.07,10:33,176,11.8
3108,4.07,10:48,175,12.5
3109,4.07,11:10,174,12.5
3110,4.07,11:10,176,13.1
3111,4.07,11:27,176,13.1
3112,4.07,11:27,175,13.1
3113,4.08,11:16,175,13.8
3114,4.08,11:39,176,14.4
3115,4.08,12:25,177,14.4
3116,4.08,12:11,177,15.1
3117,4.08,12:46,175,15.1
3118,4.08,12:18,176,15.7
3119,4.08,11:27,177,15.7
3120,4.09,11:21,176,16.4
3121,4.09,11:16,176,16.4
3122,4.09,10:48,176,16.4
3123,4.09,11:16,177,16.4
3124,4.09,11:52,177,16.4
3125,4.09,11:52,176,16.4
3126,4.09,12:32,177,16.4
3127,4.1,12:32,177,16.4
3128,4.1,12:32,176,17.1
3129,4.1,12:46,176,17.7
3130,4.1,12:04,177,18.4
3131,4.1,11:39,177,19.0
3132,4.1,11:16,177,19.0
3133,4.1,10:38,176,19.0
3134,4.11,10:05,176,19.0
3135,4.11,10:23,176,19.0
3136,4.11,10:14,176,19.7
3137,4.11,11:10,175,19.7
3138,4.11,11:10,175,20.3
3139,4.11,11:33,175,20.3
3140,4.11,11:39,176,20.3
3141,4.12,11:58,175,20.3
3142,4.12,11:33,175,21.0
3143,4.12,12:11,175,21.0
3144,4.12,12:04,175,21.7
3145,4.12,11:45,175,22.3
3146,4.12,11:45,174,23.0
3147,4.12,11:39,174,23.0
3148,4.13,11:39,175,23.0
3149,4.13,12:11,175,23.0
3150,4.13,12:04,176,23.6
3151,4.13,12:18,175,23.6
3152,4.13,12:25,175,23.6
3153,4.13,12:04,174,24.3
3154,4.13,11:21,175,24.3
3155,4.14,11:52,176,24.3
3156,4.14,11:58,175,24.9
3157,4.14,12:25,174,25.6
3158,4.14,12:53,174,25.6
3159,4.14,13:16,175,25.6
3160,4.14,12:32,175,26.2
3161,4.14,11:39,173,25.6
3162,4.15,10:38,173,24.9
3163,4.15,10:38,174,24.9
3164,4.15,10:28,175,24.9
3165,4.15,10:54,174,24.9
3166,4.15,11:10,174,24.9
3167,4.15,11:21,174,24.9
3168,4.15,11:33,174,25.6
3169,4.16,11:33,174,25.6
3170,4.16,11:10,174,25.6
3171,4.16,10:54,174,25.6
3172,4.16,11:05,174,26.2
3173,4.16,10:38,175,26.2
3174,4.16,10:43,176,26.2
3175,4.17,10:48,176,26.2
3176,4.17,11:10,176,26.2
3177,4.17,11:16,176,26.2
3178,4.17,11:10,176,26.2
3179,4.17,10:59,176,26.2
3180,4.17,10:43,176,26.2
3181,4.17,10:43,177,26.2
3182,4.18,10:38,177,26.2
3183,4.18,10:59,178,26.2
3184,4.18,11:10,177,26.2
3185,4.18,11:16,176,26.2
3186,4.18,10:48,177,26.2
3187,4.18,10:33,177,26.2
3188,4.18,10:48,177,26.2
3189,4.19,10:54,177,26.2
3190,4.19,11:05,176,26.2
3191,4.19,11:39,175,26.2
3192,4.19,12:18,177,26.2
3193,4.19,11:52,176,26.9
3194,4.19,11:52,176,26.9
3195,4.19,12:25,176,26.9
3196,4.2,12:32,176,26.9
3197,4.2,12:25,177,26.9
3198,4.2,12:46,176,26.2
3199,4.2,13:24,175,25.6
3200,4.2,12:53,175,25.6
3201,4.2,12:39,175,24.9
3202,4.2,12:25,177,24.9
3203,4.21,11:45,175,24.3
3204,4.21,11:27,175,24.3
3205,4.21,11:10,175,24.9
3206,4.21,10:54,176,25.6
3207,4.21,11:05,176,26.2
3208,4.21,11:45,175,26.2
3209,4.21,11:58,174,26.9
3210,4.22,11:58,175,26.9
3211,4.22,12:04,176,26.2
3212,4.22,12:18,176,25.6
3213,4.22,11:45,176,25.6
3214,4.22,10:59,175,25.6
3215,4.22,11:16,176,25.6
3216,4.22,11:33,177,25.6
3217,4.23,11:21,176,25.6
3218,4.23,11:45,176,25.6
3219,4.23,12:04,175,26.2
3220,4.23,12:04,174,26.9
3221,4.23,12:11,175,26.9
3222,4.23,12:04,176,26.9
3223,4.23,12:18,174,26.9
3224,4.23,12:32,174,26.9
3225,4.24,12:11,174,26.9
3226,4.24,12:04,175,26.9
3227,4.24,12:11,176,26.9
3228,4.24,11:39,174,26.9
3229,4.24,11:21,175,26.9
3230,4.24,11:39,176,26.9
3231,4.24,11:45,177,28.2
3232,4.25,11:27,176,28.9
3233,4.25,11:33,175,30.2
3234,4.25,11:33,176,30.2
3235,4.25,11:39,176,30.2
3236,4.25,11:21,176,30.2
3237,4.25,11:45,176,30.2
3238,4.26,11:33,176,30.8
3239,4.26,11:45,177,30.8
3240,4.26,11:52,175,31.5
3241,4.26,11:33,175,31.5
3242,4.26,11:16,176,32.2
3243,4.26,11:05,177,32.2
3244,4.26,10:48,176,32.2
3245,4.27,10:23,175,31.5
3246,4.27,10:43,175,31.5
3247,4.27,11:21,175,30.8
3248,4.27,11:27,176,30.2
3249,4.27,11:39,175,29.5
3250,4.27,11:27,174,29.5
3251,4.27,11:21,174,28.9
3252,4.28,11:16,175,28.9
3253,4.28,11:27,176,28.9
3254,4.28,12:04,176,28.9
3255,4.28,12:32,176,28.2
3256,4.28,12:39,175,28.9
3257,4.28,12:11,176,28.9
3258,4.28,13:08,176,28.2
3259,4.28,12:25,176,28.2
3260,4.29,12:46,175,28.2
3261,4.29,12:32,175,27.6
3262,4.29,12:25,176,27.6
3263,4.29,11:33,177,27.6
3264,4.29,10:43,177,27.6
3265,4.29,10:18,177,27.6
3266,4.3,10:09,176,27.6
3267,4.3,10:05,176,27.6
3268,4.3,10:14,175,27.6
3269,4.3,11:16,176,27.6
3270,4.3,11:27,176,27.6
3271,4.3,12:18,176,27.6
3272,4.3,12:18,175,28.2
3273,4.31,12:11,175,28.2
3274,4.31,12:11,175,27.6
3275,4.31,11:52,175,27.6
3276,4.31,11:27,175,27.6
3277,4.31,10:54,176,27.6
3278,4.31,10:33,174,27.6
3279,4.31,10:33,175,27.6
3280,4.32,11:05,175,27.6
3281,4.32,11:05,176,27.6
3282,4.32,12:11,176,27.6
3283,4.32,12:46,175,26.9
3284,4.32,12:46,175,26.9
3285,4.32,12:53,175,26.9
3286,4.32,13:01,175,26.9
3287,4.33,12:39,175,27.6
3288,4.33,12:39,174,27.6
3289,4.33,12:39,174,27.6
3290,4.33,12:39,174,28.2
3291,4.33,13:01,175,28.2
3292,4.33,12:32,174,28.2
3293,4.33,12:18,174,27.6
3294,4.33,12:04,174,27.6
3295,4.34,11:16,174,27.6
3296,4.34,11:10,174,28.2
3297,4.34,11:58,174,28.2
3298,4.34,12:04,174,28.2
3299,4.34,12:04,175,27.6
3300,4.34,12:32,174,27.6
3301,4.35,11:10,174,27.6
3302,4.35,10:28,175,27.6
3303,4.35,10:05,175,27.6
3304,4.35,9:51,176,28.2
3305,4.35,10:00,176,28.2
3306,4.35,10:23,175,28.9
3307,4.35,10:18,176,28.9
3308,4.36,10:18,176,28.9
3309,4.36,9:47,177,28.9
3310,4.36,9:22,177,28.9
3311,4.36,9:22,178,28.9
3312,4.36,9:14,178,28.9
3313,4.37,9:22,177,28.9
3314,4.37,9:43,177,28.9
3315,4.37,10:23,178,28.9
3316,4.37,10:38,179,28.2
3317,4.37,11:10,179,27.6
3318,4.37,11:10,178,27.6
3319,4.37,11:16,178,27.6
3320,4.38,10:48,177,27.6
3321,4.38,11:05,178,28.2
3322,4.38,11:10,177,28.2
3323,4.38,10:38,179,28.9
3324,4.38,10:28,179,28.9
3325,4.38,10:33,177,28.9
3326,4.39,10:14,178,29.5
3327,4.39,10:18,179,28.9
3328,4.39,10:54,178,28.9
3329,4.39,11:05,176,28.9
3330,4.39,10:54,178,28.9
3331,4.39,10:48,179,28.9
3332,4.4,10:09,178,28.2
3333,4.4,10:00,178,28.2
3334,4.4,10:05,178,28.9
3335,4.4,9:56,180,28.9
3336,4.4,10:54,179,29.5
3337,4.4,11:16,178,30.2
3338,4.4,11:27,179,30.2
3339,4.41,11:45,179,29.5
3340,4.41,11:45,179,29.5
3341,4.41,10:43,178,28.9
3342,4.41,10:54,178,28.2
3343,4.41,11:05,179,28.2
3344,4.41,10:59,179,28.2
3345,4.41,11:27,178,28.2
3346,4.42,11:52,177,28.2
3347,4.42,12:18,178,28.2
3348,4.42,12:04,178,27.6
3349,4.42,11:52,177,27.6
3350,4.42,11:21,177,27.6
3351,4.42,11:16,178,27.6
3352,4.42,10:33,179,27.6
3353,4.43,11:05,178,26.9
3354,4.43,10:48,177,26.9
3355,4.43,10:33,178,27.6
3356,4.43,10:14,179,27.6
3357,4.43,10:23,178,28.2
3358,4.43,10:00,177,28.9
3359,4.44,10:00,178,28.9
3360,4.44,10:18,179,29.5
3361,4.44,10:33,179,29.5
3362,4.44,10:18,178,29.5
3363,4.44,9:56,178,29.5
3364,4.44,10:33,179,29.5
3365,4.45,10:38,179,29.5
3366,4.45,10:33,178,30.2
3367,4.45,10:48,178,29.5
3368,4.45,11:05,179,30.2
3369,4.45,10:43,180,30.2
3370,4.45,10:38,178,30.2
3371,4.45,10:59,178,30.2
3372,4.46,11:05,179,30.2
3373,4.46,11:27,177,30.2
3374,4.46,11:16,178,29.5
3375,4.46,11:45,179,29.5
3376,4.46,11:10,179,29.5
3377,4.46,10:54,178,30.2
3378,4.47,10:38,178,30.2
3379,4.47,10:48,179,30.2
3380,4.47,10:48,179,30.8
3381,4.47,11:16,178,30.8
3382,4.47,10:59,179,30.8
3383,4.47,10:38,179,30.8
3384,4.47,10:48,179,30.8
3385,4.48,10:23,178,30.8
3386,4.48,10:18,179,30.8
3387,4.48,10:54,178,30.2
3388,4.48,11:05,178,30.8
3389,4.48,10:33,179,30.8
3390,4.48,10:00,179,30.8
3391,4.49,9:56,178,31.5
3392,4.49,9:51,178,31.5
3393,4.49,10:14,179,31.5
3394,4.49,10:33,179,31.5
3395,4.49,11:16,178,31.5
3396,4.49,11:05,179,31.5
3397,4.5,10:48,180,31.5
3398,4.5,10:28,179,31.5
3399,4.5,10:18,178,31.5
3400,4.5,10:18,179,32.2
3401,4.5,10:23,179,32.2
3402,4.5,10:38,178,32.2
3403,4.5,10:28,178,32.2
3404,4.51,10:33,179,32.2
3405,4.51,10:33,178,32.2
3406,4.51,10:48,178,32.2
3407,4.51,10:43,177,32.2
3408,4.51,10:48,179,32.2
3409,4.51,11:10,178,31.5
3410,4.52,10:59,177,31.5
3411,4.52,10:23,178,31.5
3412,4.52,10:28,178,30.8
3413,4.52,10:38,178,30.8
3414,4.52,10:38,178,30.8
3415,4.52,11:10,178,30.2
3416,4.52,12:04,179,30.8
3417,4.53,11:52,177,30.8
3418,4.53,11:45,177,30.8
3419,4.53,10:48,179,30.8
3420,4.53,10:18,178,31.5
3421,4.53,10:09,179,31.5
3422,4.53,10:18,181,31.5
3423,4.54,10:18,180,31.5
3424,4.54,10:33,179,31.5
3425,4.54,10:28,181,30.8
3426,4.54,10:18,180,30.2
3427,4.54,10:00,179,30.2
3428,4.54,10:00,179,29.5
3429,4.54,10:54,181,28.9
3430,4.55,11:39,180,28.9
3431,4.55,11:16,180,28.9
3432,4.55,11:39,181,29.5
3433,4.55,11:39,181,29.5
3434,4.55,11:10,179,29.5
3435,4.55,10:48,180,30.2
3436,4.56,10:59,179,30.2
3437,4.56,11:10,180,30.2
3438,4.56,11:39,179,30.8
3439,4.56,11:52,179,30.8
3440,4.56,11:45,179,30.8
3441,4.56,11:21,180,31.5
3442,4.56,11:05,179,31.5
3443,4.57,10:28,179,30.8
3444,4.57,9:51,180,30.8
3445,4.57,9:47,180,30.8
3446,4.57,10:00,180,30.8
3447,4.57,10:14,180,30.8
3448,4.57,10:38,181,30.8
3449,4.58,10:43,179,30.8
3450,4.58,10:54,180,30.8
3451,4.58,11:16,180,30.8
3452,4.58,10:59,179,30.8
3453,4.58,10:33,179,30.2
3454,4.58,10:18,179,30.2
3455,4.59,10:00,180,30.2
3456,4.59,10:00,180,29.5
3457,4.59,10:18,181,29.5
3458,4.59,10:23,181,29.5
3459,4.59,10:33,180,29.5
3460,4.59,10:43,179,28.9
3461,4.59,10:33,179,28.9
3462,4.6,10:18,180,28.9
3463,4.6,10:18,181,28.9
3464,4.6,10:54,180,28.9
3465,4.6,11:10,180,28.9
3466,4.6,11:21,181,28.2
3467,4.6,11:05,181,28.2
3468,4.61,10:54,182,27.6
3469,4.61,10:14,182,27.6
3470,4.61,10:14,182,27.6
3471,4.61,10:00,181,27.6
3472,4.61,9:51,179,27.6
3473,4.61,9:38,181,27.6
3474,4.62,9:51,179,27.6
3475,4.62,9:43,178,27.6
3476,4.62,9:43,179,27.6
3477,4.62,9:56,179,27.6
3478,4.62,10:28,178,27.6
3479,4.62,11:05,179,26.9
3480,4.62,11:33,180,26.9
3481,4.63,11:39,179,26.2
3482,4.63,11:05,179,26.2
3483,4.63,10:38,181,26.2
3484,4.63,10:00,180,26.2
3485,4.63,9:47,179,26.2
3486,4.63,9:34,180,26.2
3487,4.64,10:09,182,26.2
3488,4.64,10:38,181,26.2
3489,4.64,10:48,181,26.2
3490,4.64,10:28,181,25.6
3491,4.64,10:14,181,25.6
3492,4.64,10:23,180,25.6
3493,4.65,9:51,182,25.6
3494,4.65,9:43,182,25.6
3495,4.65,9:34,181,25.6
3496,4.65,10:18,182,25.6
3497,4.65,9:51,182,26.2
3498,4.65,10:14,181,26.2
3499,4.66,10:59,180,26.2
3500,4.66,11:33,182,26.2
3501,4.66,10:59,180,26.2
3502,4.66,11:16,180,26.2
3503,4.66,11:05,180,25.6
3504,4.66,10:09,179,25.6
3505,4.67,10:05,179,25.6
3506,4.67,10:14,180,25.6
3507,4.67,10:38,180,24.9
3508,4.67,10:38,179,24.9
3509,4.67,10:43,179,24.9
3510,4.67,10:54,180,24.3
3511,4.67,10:43,179,24.3
3512,4.68,10:14,179,24.3
3513,4.68,10:18,179,24.3
3514,4.68,10:18,179,24.3
3515,4.68,9:56,179,24.3
3516,4.68,10:00,180,24.3
3517,4.68,9:34,180,24.3
3518,4.69,9:26,180,24.3
3519,4.69,9:43,180,24.3
3520,4.69,9:30,180,23.6
3521,4.69,9:26,181,23.6
3522,4.69,9:47,181,23.6
3523,4.69,9:56,181,23.6
3524,4.7,9:47,182,24.3
3525,4.7,10:00,181,24.3
3526,4.7,10:28,180,24.3
3527,4.7,10:43,181,23.6
3528,4.7,10:18,181,23.6
3529,4.7,10:33,181,23.0
3530,4.71,10:38,180,23.0
3531,4.71,10:09,181,22.3
3532,4.71,9:56,182,22.3
3533,4.71,10:14,182,22.3
3534,4.71,10:18,182,22.3
3535,4.71,10:05,182,22.3
3536,4.72,9:56,182,21.7
3537,4.72,10:00,182,21.7
3538,4.72,9:26,181,21.7
3539,4.72,9:00,182,21.7
3540,4.72,8:56,181,21.7
3541,4.73,8:42,180,21.7
3542,4.73,8:42,181,21.7
3543,4.73,9:00,182,21.7
3544,4.73,9:00,181,21.0
3545,4.73,8:56,180,21.0
3546,4.73,9:26,182,21.0
3547,4.74,9:26,182,20.3
3548,4.74,9:38,180,20.3
3549,4.74,9:43,181,19.7
3550,4.74,10:18,182,19.7
3551,4.74,10:18,182,19.0
3552,4.74,10:23,181,19.0
3553,4.75,10:09,180,19.0
3554,4.75,10:05,181,19.0
3555,4.75,9:51,182,19.0
3556,4.75,9:30,180,19.7
3557,4.75,9:14,181,19.0
3558,4.75,9:43,182,19.0
3559,4.76,9:56,181,19.0
3560,4.76,10:05,180,19.0
3561,4.76,10:23,180,19.0
3562,4.76,10:33,182,19.0
3563,4.76,10:14,181,19.0
3564,4.76,10:23,181,19.0
3565,4.77,10:23,182,19.0
3566,4.77,10:14,181,19.0
3567,4.77,10:09,181,19.0
3568,4.77,10:18,182,18.4
3569,4.77,10:05,182,17.7
3570,4.77,9:43,181,17.7
3571,4.78,9:51,182,17.1
3572,4.78,9:34,182,16.4
3573,4.78,9:22,180,16.4
3574,4.78,9:43,182,16.4
3575,4.78,10:05,182,15.7
3576,4.78,9:56,182,15.7
3577,4.79,9:51,182,15.7
3578,4.79,9:38,182,15.1
3579,4.79,9:11,183,15.1
3580,4.79,8:39,182,15.1
3581,4.79,8:19,183,15.1
3582,4.8,9:00,184,14.4
3583,4.8,9:43,182,14.4
3584,4.8,10:05,183,13.8
3585,4.8,10:54,182,13.1
3586,4.8,11:52,182,12.5
3587,4.8,10:43,184,11.8
3588,4.81,9:51,182,11.8
3589,4.81,9:51,182,11.8
3590,4.81,9:30,182,11.8
3591,4.81,9:22,181,11.8
3592,4.81,10:00,182,11.2
3593,4.81,10:28,183,11.2
3594,4.82,10:18,182,11.2
3595,4.82,10:33,183,10.5
3596,4.82,10:23,182,9.8
3597,4.82,10:05,182,9.8
3598,4.82,9:56,182,9.2
3599,4.82,9:11,180,9.2
3600,4.83,9:14,181,9.2
3601,4.83,9:07,182,9.2
3602,4.83,9:34,181,9.2
3603,4.83,9:43,181,8.5
3604,4.83,10:43,182,7.9
3605,4.83,10:33,181,7.2
3606,4.84,10:59,181,6.6
3607,4.84,10:48,181,5.9
3608,4.84,10:38,181,5.2
3609,4.84,10:18,181,5.2
3610,4.84,10:18,181,5.2
3611,4.84,10:00,180,5.9
3612,4.85,9:34,181,5.9
3613,4.85,9:26,181,5.2
3614,4.85,9:26,179,4.6
3615,4.85,9:26,181,4.6
3616,4.85,9:51,181,4.6
3617,4.85,10:14,181,4.6
3618,4.85,10:38,181,4.6
3619,4.86,11:05,181,4.6
3620,4.86,11:10,180,4.6
3621,4.86,11:10,180,3.9
3622,4.86,11:05,181,3.9
3623,4.86,10:43,181,3.9
3624,4.86,10:18,181,3.9
3625,4.87,11:05,181,3.3
3626,4.87,10:33,182,3.3
3627,4.87,10:09,181,3.3
3628,4.87,10:05,180,2.6
3629,4.87,10:18,181,3.3
3630,4.87,10:05,180,3.9
3631,4.87,10:43,180,4.6
3632,4.88,11:16,181,4.6
3633,4.88,11:27,180,5.2
3634,4.88,11:27,180,5.2
3635,4.88,10:48,181,5.9
3636,4.88,10:43,180,5.9
3637,4.88,10:38,181,6.6
3638,4.89,10:38,181,6.6
3639,4.89,10:38,180,7.2
3640,4.89,10:28,181,7.9
3641,4.89,10:09,182,7.9
3642,4.89,10:05,180,8.5
3643,4.89,10:05,180,8.5
3644,4.9,10:18,181,8.5
3645,4.9,10:33,180,8.5
3646,4.9,10:33,180,8.5
3647,4.9,10:38,182,7.9
3648,4.9,10:48,180,7.2
3649,4.9,10:33,181,7.2
3650,4.91,10:23,182,6.6
3651,4.91,10:09,181,7.2
3652,4.91,9:56,181,7.2
3653,4.91,9:56,180,7.2
3654,4.91,9:38,182,7.9
3655,4.91,9:51,182,8.5
3656,4.92,9:47,180,9.2
3657,4.92,10:05,181,9.2
3658,4.92,10:05,182,10.5
3659,4.92,10:38,181,10.5
3660,4.92,10:38,180,11.2
3661,4.92,11:21,182,11.2
3662,4.92,11:27,180,10.5
3663,4.93,11:16,181,11.2
3664,4.93,11:10,182,11.8
3665,4.93,11:21,181,13.1
3666,4.93,10:54,182,13.8
3667,4.93,10:28,181,15.1
3668,4.93,10:09,181,15.7
3669,4.94,9:51,183,15.7
3670,4.94,9:47,183,16.4
3671,4.94,9:47,180,16.4
3672,4.94,9:56,180,15.7
3673,4.94,10:43,181,15.1
3674,4.94,11:10,181,15.1
3675,4.94,11:10,182,15.1
3676,4.95,11:45,182,15.7
3677,4.95,11:52,181,16.4
3678,4.95,11:10,182,17.1
3679,4.95,10:48,181,17.1
3680,4.95,10:43,182,17.1
3681,4.95,10:23,183,16.4
3682,4.96,10:28,181,16.4
3683,4.96,10:05,182,16.4
3684,4.96,9:56,182,15.7
3685,4.96,10:05,182,15.7
3686,4.96,10:05,182,15.7
3687,4.96,10:00,181,15.1
3688,4.97,10:43,181,15.1
3689,4.97,10:43,181,15.7
3690,4.97,10:23,180,15.1
3691,4.97,10:38,182,15.1
3692,4.97,10:48,181,15.1
3693,4.97,11:05,182,14.4
3694,4.97,10:59,181,14.4
3695,4.98,11:21,181,14.4
3696,4.98,10:43,181,15.1
3697,4.98,10:23,182,15.1
3698,4.98,9:38,180,15.1
3699,4.98,9:51,181,14.4
3700,4.98,9:47,181,14.4
3701,4.99,9:47,181,14.4
3702,4.99,10:05,181,14.4
3703,4.99,10:38,181,14.4
3704,4.99,10:48,180,14.4
3705,4.99,10:38,180,14.4
3706,4.99,10:59,182,14.4
3707,5.0,10:28,181,13.8
3708,5.0,10:00,181,13.8
3709,5.0,10:05,182,13.8
3710,5.0,9:51,181,13.1
3711,5.0,9:47,181,12.5
3712,5.0,10:18,182,12.5
3713,5.01,10:54,181,11.8
3714,5.01,10:54,181,11.2
3715,5.01,11:10,181,11.2
3716,5.01,11:27,181,11.2
3717,5.01,11:45,181,11.2
3718,5.01,11:45,182,11.2
3719,5.01,11:16,181,11.2
3720,5.02,11:05,180,11.2
3721,5.02,10:54,181,11.8
3722,5.02,10:23,180,11.8
3723,5.02,10:33,180,11.8
3724,5.02,10:54,181,11.8
3725,5.02,10:43,180,11.8
3726,5.03,10:33,180,11.8
3727,5.03,10:23,180,11.8
3728,5.03,10:00,181,11.8
3729,5.03,10:05,181,11.8
3730,5.03,10:28,181,11.8
3731,5.03,10:33,182,11.2
3732,5.03,10:28,180,11.2
3733,5.04,10:33,181,11.8
3734,5.04,10:28,181,11.8
3735,5.04,10:14,180,11.8
3736,5.04,10:18,182,11.8
3737,5.04,10:48,181,12.5
3738,5.04,10:54,182,12.5
3739,5.05,10:54,181,12.5
3740,5.05,11:21,180,12.5
3741,5.05,11:21,182,12.5
3742,5.05,11:05,180,12.5
3743,5.05,11:21,181,12.5
3744,5.05,11:05,180,12.5
3745,5.05,10:43,180,12.5
3746,5.06,10:48,180,12.5
3747,5.06,10:59,179,11.8
3748,5.06,11:10,176,11.8
3749,5.06,11:21,174,11.8
3750,5.06,11:27,170,12.5
3751,5.06,11:16,167,13.1
3752,5.07,11:05,160,13.8
3753,5.07,10:28,156,13.8
3754,5.07,10:59,149,14.4
3755,5.07,11:16,151,15.1
3756,5.07,11:52,155,15.1
3757,5.07,12:32,153,15.7
3758,5.07,13:01,150,15.1
3759,5.07,12:46,153,15.1
3760,5.08,12:18,160,15.1
3761,5.08,12:11,166,15.1
3762,5.08,11:58,169,15.1
3763,5.08,11:39,171,15.7
3764,5.08,11:52,173,15.7
3765,5.08,12:04,174,15.1
3766,5.08,12:25,176,15.1
3767,5.09,11:52,178,14.4
3768,5.09,11:52,177,14.4
3769,5.09,10:59,180,15.1
3770,5.09,10:09,180,16.4
3771,5.09,9:30,180,17.7
3772,5.09,10:18,181,19.0
3773,5.1,10:38,181,19.7
3774,5.1,11:21,181,20.3
3775,5.1,12:32,182,21.0
3776,5.1,12:32,181,20.3
3777,5.1,11:39,182,20.3
3778,5.1,11:33,182,20.3
3779,5.1,11:33,181,20.3
3780,5.11,11:27,182,20.3
3781,5.11,12:04,181,20.3
3782,5.11,11:58,182,20.3
3783,5.11,11:33,180,21.0
3784,5.11,11:10,180,21.0
3785,5.11,11:21,181,21.7
3786,5.11,11:27,181,21.7
3787,5.12,11:27,181,21.7
3788,5.12,11:05,180,21.0
3789,5.12,10:54,181,20.3
3790,5.12,10:14,181,20.3
3791,5.12,10:09,180,20.3
3792,5.12,10:00,181,20.3
3793,5.13,10:28,179,20.3
3794,5.13,11:10,180,20.3
3795,5.13,11:45,180,20.3
3796,5.13,11:16,179,20.3
3797,5.13,11:21,180,20.3
3798,5.13,11:21,179,19.7
3799,5.13,10:48,179,19.7
3800,5.14,10:33,181,20.3
3801,5.14,10:33,180,20.3
3802,5.14,10:28,181,21.0
3803,5.14,10:33,181,21.0
3804,5.14,10:23,181,21.0
3805,5.14,10:48,181,21.0
3806,5.15,10:54,181,21.0
3807,5.15,10:59,182,21.7
3808,5.15,11:39,181,21.7
3809,5.15,12:18,183,22.3
3810,5.15,12:11,181,23.0
3811,5.15,12:32,182,23.0
3812,5.15,13:41,181,23.6
3813,5.15,12:46,181,24.3
3814,5.16,12:11,182,24.3
3815,5.16,11:52,181,24.3
3816,5.16,11:21,181,24.3
3817,5.16,10:38,182,23.6
3818,5.16,10:54,181,23.6
3819,5.16,10:54,182,23.6
3820,5.16,10:54,181,23.6
3821,5.17,11:16,181,23.6
3822,5.17,11:39,181,24.3
3823,5.17,10:48,181,24.9
3824,5.17,10:54,181,25.6
3825,5.17,10:48,179,25.6
3826,5.17,10:33,180,25.6
3827,5.18,10:28,180,25.6
3828,5.18,10:43,180,25.6
3829,5.18,10:54,182,25.6
3830,5.18,10:59,180,25.6
3831,5.18,11:21,182,25.6
3832,5.18,10:59,180,26.2
3833,5.19,10:38,179,26.2
3834,5.19,10:14,181,26.9
3835,5.19,10:23,181,27.6
3836,5.19,9:47,182,27.6
3837,5.19,9:51,181,27.6
3838,5.19,10:28,181,27.6
3839,5.19,10:54,181,28.2
3840,5.2,11:05,179,28.9
3841,5.2,12:39,180,28.9
3842,5.2,13:41,181,29.5
3843,5.2,13:41,181,29.5
3844,5.2,13:08,181,28.9
3845,5.2,13:08,181,27.6
3846,5.2,12:18,181,26.9
3847,5.2,11:39,180,26.9
3848,5.21,11:05,181,26.9
3849,5.21,10:48,180,26.2
3850,5.21,10:09,182,26.2
3851,5.21,10:05,179,26.2
3852,5.21,9:43,180,25.6
3853,5.21,10:18,180,24.9
3854,5.22,11:21,180,24.3
3855,5.22,12:32,181,24.3
3856,5.22,13:24,179,24.3
3857,5.22,13:49,181,23.6
3858,5.22,13:58,179,23.6
3859,5.22,12:46,180,23.6
3860,5.22,11:58,179,23.6
3861,5.23,10:38,179,23.6
3862,5.23,10:33,180,23.0
3863,5.23,10:00,179,23.0
3864,5.23,10:05,179,23.0
3865,5.23,10:23,180,23.0
3866,5.23,10:28,179,22.3
3867,5.24,10:38,179,22.3
3868,5.24,11:05,180,22.3
3869,5.24,11:16,178,22.3
3870,5.24,11:39,178,21.7
3871,5.24,14:07,179,21.0
3872,5.24,14:44,178,20.3
3873,5.24,14:44,177,19.7
3874,5.24,15:14,176,19.0
3875,5.24,14:16,177,18.4
3876,5.25,12:32,177,18.4
3877,5.25,13:01,176,18.4
3878,5.25,12:39,176,19.0
3879,5.25,11:58,177,19.0
3880,5.25,11:45,177,19.7
3881,5.25,11:16,177,19.7
3882,5.26,10:33,178,19.7
3883,5.26,10:28,179,19.7
3884,5.26,10:28,178,19.7
3885,5.26,10:14,179,19.7
3886,5.26,10:48,180,19.7
3887,5.26,10:43,181,19.7
3888,5.26,10:48,180,19.7
3889,5.27,11:21,181,20.3
3890,5.27,11:27,181,21.0
3891,5.27,11:16,180,21.7
3892,5.27,11:33,181,21.7
3893,5.27,11:16,182,21.0
3894,5.27,10:59,181,21.7
3895,5.27,11:16,182,21.7
3896,5.28,10:33,182,22.3
3897,5.28,9:51,182,22.3
3898,5.28,9:51,184,22.3
3899,5.28,9:56,182,23.0
3900,5.28,10:14,182,23.0
3901,5.28,10:59,183,23.0
3902,5.29,11:16,182,23.6
3903,5.29,11:27,182,23.6
3904,5.29,10:48,183,23.0
3905,5.29,10:00,181,23.0
3906,5.29,9:51,181,23.0
3907,5.29,9:43,182,23.6
3908,5.3,9:56,182,23.6
3909,5.3,11:05,181,23.6
3910,5.3,11:39,182,24.3
3911,5.3,11:21,182,24.3
3912,5.3,11:45,180,24.3
3913,5.3,11:33,181,24.9
3914,5.3,10:38,181,25.6
3915,5.31,10:43,180,25.6
3916,5.31,10:28,181,25.6
3917,5.31,10:43,181,25.6
3918,5.31,10:43,180,25.6
3919,5.31,10:38,180,25.6
3920,5.31,10:09,181,25.6
3921,5.32,10:09,181,25.6
3922,5.32,9:38,181,25.6
3923,5.32,9:47,181,25.6
3924,5.32,9:43,180,25.6
3925,5.32,10:14,180,25.6
3926,5.32,10:43,180,25.6
3927,5.33,10:48,179,25.6
3928,5.33,10:23,180,25.6
3929,5.33,10:18,179,25.6
3930,5.33,10:18,180,25.6
3931,5.33,10:09,181,24.9
3932,5.33,10:43,179,24.3
3933,5.33,11:21,181,24.3
3934,5.34,11:58,182,23.6
3935,5.34,11:39,181,23.0
3936,5.34,11:39,181,23.0
3937,5.34,10:59,181,23.0
3938,5.34,10:54,180,23.0
3939,5.34,11:21,182,23.6
3940,5.34,12:11,181,23.6
3941,5.35,12:11,181,24.3
3942,5.35,13:01,182,24.3
3943,5.35,12:46,180,24.3
3944,5.35,12:32,180,23.6
3945,5.35,12:04,181,23.6
3946,5.35,12:25,179,24.3
3947,5.35,11:58,180,24.9
3948,5.36,11:52,180,25.6
3949,5.36,11:05,179,26.2
3950,5.36,10:43,181,26.9
3951,5.36,10:54,179,26.9
3952,5.36,11:27,180,26.9
3953,5.36,11:45,181,26.9
3954,5.36,12:04,179,26.9
3955,5.37,12:25,180,26.9
3956,5.37,11:58,179,27.6
3957,5.37,11:10,179,28.2
3958,5.37,10:59,181,28.9
3959,5.37,11:16,179,29.5
3960,5.37,11:16,179,30.2
3961,5.37,11:52,181,30.2
3962,5.38,11:52,180,30.2
3963,5.38,11:33,180,30.2
3964,5.38,11:33,181,30.2
3965,5.38,11:33,180,30.2
3966,5.38,11:10,179,30.2
3967,5.38,12:04,180,30.2
3968,5.38,13:01,180,29.5
3969,5.39,13:32,179,29.5
3970,5.39,14:34,180,29.5
3971,5.39,14:25,180,29.5
3972,5.39,12:46,179,28.9
3973,5.39,11:58,180,28.2
3974,5.39,10:48,181,28.2
3975,5.39,10:54,179,28.2
3976,5.4,11:21,179,27.6
3977,5.4,12:04,180,27.6
3978,5.4,14:16,180,28.2
3979,5.4,17:11,179,28.2
3980,5.4,15:24,181,27.6
3981,5.4,13:24,180,27.6
3982,5.4,13:32,180,26.9
3983,5.4,11:33,181,26.9
3984,5.41,11:10,181,26.2
3985,5.41,11:27,181,26.2
3986,5.41,12:25,181,26.2
3987,5.41,11:52,180,26.2
3988,5.41,13:01,181,26.9
3989,5.41,12:46,182,26.9
3990,5.41,12:46,181,26.2
3991,5.41,12:53,182,26.9
3992,5.42,13:32,182,26.2
3993,5.42,12:32,182,26.2
3994,5.42,11:39,182,26.2
3995,5.42,10:23,184,26.2
3996,5.42,9:34,183,26.2
3997,5.43,9:03,181,26.2
3998,5.43,8:45,183,26.2
3999,5.43,9:07,181,26.2
4000,5.43,10:14,183,26.2
4001,5.43,10:38,182,26.2
4002,5.43,9:56,180,26.2
4003,5.43,10:28,183,26.2
4004,5.44,10:14,181,26.2
4005,5.44,10:00,181,26.2
4006,5.44,10:23,183,26.2
4007,5.44,11:58,181,26.2
4008,5.44,10:59,182,26.2
4009,5.44,10:59,181,26.2
4010,5.45,10:28,181,26.2
4011,5.45,10:05,181,26.2
4012,5.45,10:05,182,24.9
4013,5.45,10:38,183,24.3
4014,5.45,10:28,182,23.6
4015,5.45,10:38,181,23.0
4016,5.45,10:59,181,23.0
4017,5.46,10:28,182,24.3
4018,5.46,10:23,182,24.3
4019,5.46,10:59,181,24.3
4020,5.46,11:10,182,23.6
4021,5.46,10:14,182,24.3
4022,5.46,10:48,182,24.3
4023,5.47,11:21,182,25.6
4024,5.47,11:27,181,25.6
4025,5.47,11:10,182,26.2
4026,5.47,12:25,180,26.9
4027,5.47,11:33,182,26.9
4028,5.47,10:54,179,26.2
4029,5.47,10:23,182,26.2
4030,5.48,10:54,181,25.6
4031,5.48,10:43,181,24.9
4032,5.48,11:05,180,24.9
4033,5.48,11:39,180,24.9
4034,5.48,11:33,181,25.6
4035,5.48,11:21,181,26.2
4036,5.48,11:16,181,26.9
4037,5.49,11:58,181,26.9
4038,5.49,11:52,180,26.9
4039,5.49,12:11,182,27.6
4040,5.49,11:45,181,27.6
4041,5.49,11:27,181,28.2
4042,5.49,11:10,182,27.6
4043,5.49,11:10,181,26.2
4044,5.5,11:05,181,25.6
4045,5.5,11:05,181,24.3
4046,5.5,11:27,180,23.6
4047,5.5,10:43,182,23.6
4048,5.5,10:18,181,23.6
4049,5.5,10:05,181,24.9
4050,5.51,10:18,182,25.6
4051,5.51,10:09,181,25.6
4052,5.51,10:43,181,25.6
4053,5.51,10:38,182,25.6
4054,5.51,10:48,181,24.9
4055,5.51,10:38,181,24.9
4056,5.52,10:33,182,24.9
4057,5.52,10:28,180,24.9
4058,5.52,10:28,180,24.3
4059,5.52,10:33,181,24.3
4060,5.52,11:05,179,23.6
4061,5.52,11:52,179,23.0
4062,5.52,11:33,180,23.0
4063,5.53,11:52,180,22.3
4064,5.53,11:33,179,22.3
4065,5.53,10:48,180,21.7
4066,5.53,10:23,181,21.7
4067,5.53,10:33,179,21.0
4068,5.53,10:18,181,21.0
4069,5.54,10:33,181,21.0
4070,5.54,10:48,179,21.7
4071,5.54,10:38,179,21.7
4072,5.54,10:28,180,22.3
4073,5.54,10:38,179,22.3
4074,5.54,10:54,180,22.3
4075,5.54,11:16,180,22.3
4076,5.55,11:21,178,22.3
4077,5.55,14:34,178,22.3
4078,5.55,16:33,181,23.0
4079,5.55,18:22,179,23.0
4080,5.55,22:21,180,23.6
4081,5.55,26:17,181,23.6
4082,5.55,18:07,180,24.3
4083,5.55,15:57,180,24.9
4084,5.55,15:35,180,24.9
4085,5.55,13:01,181,24.9
4086,5.56,11:45,181,24.9
4087,5.56,11:21,179,24.9
4088,5.56,11:05,180,24.3
4089,5.56,10:48,181,24.3
4090,5.56,11:16,180,24.3
4091,5.56,11:27,178,23.6
4092,5.56,11:39,179,23.0
4093,5.57,12:11,179,22.3
4094,5.57,11:45,177,22.3
4095,5.57,11:58,178,22.3
4096,5.57,12:39,178,23.0
4097,5.57,13:08,178,23.0
4098,5.57,14:07,178,23.0
4099,5.57,14:07,178,23.0
4100,5.58,12:25,177,23.6
4101,5.58,11:52,179,23.6
4102,5.58,11:27,177,23.6
4103,5.58,10:59,177,24.3
4104,5.58,11:16,179,24.3
4105,5.58,12:53,177,24.3
4106,5.58,13:41,179,24.3
4107,5.58,14:25,178,24.3
4108,5.59,14:34,178,23.6
4109,5.59,14:44,178,23.6
4110,5.59,13:41,178,23.0
4111,5.59,13:01,177,23.0
4112,5.59,13:08,179,23.0
4113,5.59,13:08,179,23.0
4114,5.59,12:18,178,23.0
4115,5.59,12:53,180,22.3
4116,5.6,12:53,179,21.7
4117,5.6,12:39,178,20.3
4118,5.6,13:24,179,19.7
4119,5.6,14:44,179,19.0
4120,5.6,14:16,179,19.0
4121,5.6,14:34,180,19.0
4122,5.6,14:25,178,19.0
4123,5.6,13:01,180,19.0
4124,5.61,12:32,178,19.0
4125,5.61,13:01,179,19.0
4126,5.61,13:32,179,19.0
4127,5.61,13:32,177,20.3
4128,5.61,13:24,179,21.0
4129,5.61,13:41,179,22.3
4130,5.61,14:16,179,23.0
4131,5.61,14:16,178,23.6
4132,5.61,14:44,178,24.3
4133,5.62,15:14,179,24.3
4134,5.62,14:34,178,23.6
4135,5.62,13:41,178,23.6
4136,5.62,12:39,178,23.6
4137,5.62,11:58,178,23.6
4138,5.62,11:27,178,23.6
4139,5.62,11:58,179,23.0
4140,5.63,11:52,178,23.0
4141,5.63,11:58,179,23.0
4142,5.63,11:58,178,23.0
4143,5.63,11:58,177,23.0
4144,5.63,11:05,179,23.0
4145,5.63,10:43,178,23.6
4146,5.63,10:43,178,23.0
4147,5.64,11:58,179,23.0
4148,5.64,13:24,179,22.3
4149,5.64,15:35,178,21.7
4150,5.64,15:57,177,20.3
4151,5.64,15:04,178,19.7
4152,5.64,11:58,178,19.0
4153,5.64,10:28,177,19.0
4154,5.65,9:18,177,18.4
4155,5.65,8:49,179,18.4
4156,5.65,9:03,179,19.0
4157,5.65,9:47,177,19.0
4158,5.65,10:00,179,19.0
4159,5.65,9:56,179,19.7
4160,5.66,10:14,178,19.7
4161,5.66,9:47,180,20.3
4162,5.66,9:38,179,21.0
4163,5.66,9:43,179,21.7
4164,5.66,9:30,179,21.7
4165,5.66,9:22,180,21.7
4166,5.67,9:38,180,21.7
4167,5.67,9:47,180,21.0
4168,5.67,9:56,180,20.3
4169,5.67,10:43,180,19.7
4170,5.67,10:38,181,19.7
4171,5.67,10:48,181,19.7
4172,5.68,10:54,181,19.7
4173,5.68,10:48,182,19.7
4174,5.68,10:28,182,19.7
4175,5.68,10:38,182,20.3
4176,5.68,10:43,182,20.3
4177,5.68,10:33,182,19.7
4178,5.69,10:28,182,19.7
4179,5.69,10:38,182,19.7
4180,5.69,10:43,182,20.3
4181,5.69,10:54,182,20.3
4182,5.69,11:52,180,20.3
4183,5.69,12:11,182,20.3
4184,5.69,12:11,181,19.7
4185,5.69,13:01,181,19.7
4186,5.7,13:01,182,19.0
4187,5.7,12:18,182,19.0
4188,5.7,12:04,182,19.0
4189,5.7,11:52,182,19.7
4190,5.7,11:10,181,19.0
4191,5.7,11:21,182,19.0
4192,5.71,10:59,183,19.0
4193,5.71,11:16,182,19.0
4194,5.71,11:33,183,19.0
4195,5.71,11:45,182,19.7
4196,5.71,11:16,183,19.7
4197,5.71,11:27,183,19.7
4198,5.71,11:05,183,19.7
4199,5.72,11:27,183,20.3
4200,5.72,12:04,181,20.3
4201,5.72,11:58,183,20.3
4202,5.72,11:16,183,20.3
4203,5.72,11:16,183,20.3
4204,5.72,10:38,184,20.3
4205,5.72,10:14,182,20.3
4206,5.73,10:48,182,20.3
4207,5.73,10:48,183,20.3
4208,5.73,10:38,182,21.0
4209,5.73,11:10,182,21.0
4210,5.73,10:59,184,21.0
4211,5.73,10:59,182,21.0
4212,5.73,12:18,182,21.0
4213,5.74,12:46,182,21.0
4214,5.74,12:39,182,21.0
4215,5.74,12:39,183,21.0
4216,5.74,11:27,182,21.0
4217,5.74,10:38,183,21.0
4218,5.74,10:18,183,21.7
4219,5.75,9:43,182,21.7
4220,5.75,9:43,182,21.7
4221,5.75,10:09,183,22.3
4222,5.75,9:56,182,22.3
4223,5.75,10:00,182,22.3
4224,5.75,10:09,183,22.3
4225,5.76,10:00,182,22.3
4226,5.76,9:51,183,22.3
4227,5.76,10:09,181,22.3
4228,5.76,10:18,183,22.3
4229,5.76,10:43,183,22.3
4230,5.76,11:10,182,23.0
4231,5.76,11:05,182,23.0
4232,5.77,11:10,183,23.0
4233,5.77,11:16,182,23.0
4234,5.77,11:10,182,23.0
4235,5.77,10:59,182,23.0
4236,5.77,11:21,182,23.0
4237,5.77,11:16,183,23.6
4238,5.77,11:21,182,23.6
4239,5.78,11:10,181,24.3
4240,5.78,10:54,184,24.3
4241,5.78,10:43,183,24.3
4242,5.78,10:38,182,24.3
4243,5.78,10:48,183,24.9
4244,5.78,11:10,182,24.9
4245,5.79,11:21,182,24.9
4246,5.79,11:21,184,24.9
4247,5.79,11:52,182,24.3
4248,5.79,11:21,183,24.3
4249,5.79,10:54,183,24.3
4250,5.79,10:38,183,24.3
4251,5.8,10:23,183,24.3
4252,5.8,10:05,184,23.6
4253,5.8,10:14,182,23.6
4254,5.8,10:14,182,23.6
4255,5.8,10:33,182,23.0
4256,5.8,11:05,183,23.0
4257,5.8,11:05,184,23.0
4258,5.81,11:05,182,23.0
4259,5.81,11:21,182,23.0
4260,5.81,10:59,183,23.0
4261,5.81,10:43,183,23.0
4262,5.81,10:54,183,23.0
4263,5.81,10:38,183,23.0
4264,5.81,10:38,182,23.0
4265,5.82,10:23,183,23.0
4266,5.82,10:59,182,23.6
4267,5.82,11:45,182,23.6
4268,5.82,12:32,182,23.6
4269,5.82,11:58,182,23.6
4270,5.82,11:58,181,23.6
4271,5.83,10:18,181,23.0
4272,5.83,9:00,181,23.0
4273,5.83,7:53,182,23.6
4274,5.83,7:53,181,23.6
4275,5.83,7:42,181,23.6
4276,5.84,8:01,182,23.6
4277,5.84,8:26,183,23.6
4278,5.84,9:11,181,23.0
4279,5.84,9:34,182,23.0
4280,5.84,10:18,183,22.3
4281,5.84,10:33,181,21.0
4282,5.85,10:28,182,21.0
4283,5.85,10:33,183,19.7
4284,5.85,9:56,183,19.0
4285,5.85,9:47,183,19.0
4286,5.85,9:43,182,18.4
4287,5.85,9:30,184,17.1
4288,5.86,9:11,184,17.1
4289,5.86,9:30,183,16.4
4290,5.86,9:56,183,16.4
4291,5.86,10:09,184,15.7
4292,5.86,10:23,183,15.7
4293,5.86,11:33,184,15.7
4294,5.87,11:52,184,15.1
4295,5.87,11:21,185,15.1
4296,5.87,11:21,184,15.1
4297,5.87,11:16,184,15.1
4298,5.87,10:38,184,15.1
4299,5.87,10:28,185,15.1
4300,5.87,10:33,184,15.7
4301,5.88,10:18,183,15.7
4302,5.88,10:28,184,15.7
4303,5.88,10:18,182,16.4
4304,5.88,10:14,183,16.4
4305,5.88,10:05,183,16.4
4306,5.88,9:47,183,17.1
4307,5.89,9:47,184,17.1
4308,5.89,9:51,184,17.1
4309,5.89,9:26,182,17.7
4310,5.89,9:18,185,17.7
4311,5.89,9:38,184,17.7
4312,5.9,9:34,183,18.4
4313,5.9,9:38,185,18.4
4314,5.9,9:34,185,18.4
4315,5.9,9:30,183,18.4
4316,5.9,9:34,182,18.4
4317,5.9,9:38,183,18.4
4318,5.91,9:38,184,18.4
4319,5.91,9:47,182,17.7
4320,5.91,10:38,184,17.7
4321,5.91,10:38,184,17.1
4322,5.91,11:39,183,17.1
4323,5.91,12:04,184,17.1
4324,5.91,13:08,183,17.1
4325,5.92,12:39,183,17.1
4326,5.92,12:11,184,17.7
4327,5.92,11:39,184,17.7
4328,5.92,11:10,182,17.7
4329,5.92,10:18,184,17.7
4330,5.92,10:09,183,17.7
4331,5.93,10:09,184,17.7
4332,5.93,9:18,184,17.7
4333,5.93,9:11,184,17.7
4334,5.93,9:26,186,18.4
4335,5.93,9:18,184,18.4
4336,5.93,9:34,184,19.0
4337,5.94,9:30,185,19.0
4338,5.94,10:00,184,19.0
4339,5.94,10:00,185,19.7
4340,5.94,9:43,184,19.7
4341,5.94,9:38,185,19.7
4342,5.94,10:23,184,20.3
4343,5.95,10:00,183,20.3
4344,5.95,10:18,184,20.3
4345,5.95,10:59,183,21.0
4346,5.95,11:05,185,21.0
4347,5.95,10:14,185,21.7
4348,5.95,10:28,184,21.7
4349,5.96,10:23,185,21.7
4350,5.96,10:14,185,21.7
4351,5.96,10:05,185,21.7
4352,5.96,10:33,183,21.7
4353,5.96,10:28,184,21.7
4354,5.96,10:23,185,21.0
4355,5.96,10:05,183,21.0
4356,5.97,10:09,185,21.0
4357,5.97,10:54,183,20.3
4358,5.97,10:38,185,20.3
4359,5.97,10:38,183,20.3
4360,5.97,10:59,185,20.3
4361,5.97,11:16,184,20.3
4362,5.98,10:18,184,19.7
4363,5.98,10:28,184,19.7
4364,5.98,10:09,185,19.0
4365,5.98,9:47,183,19.0
4366,5.98,9:38,185,18.4
4367,5.98,9:43,186,18.4
4368,5.99,9:34,184,17.7
4369,5.99,9:38,185,17.7
4370,5.99,9:38,185,17.7
4371,5.99,9:26,184,17.7
4372,5.99,9:34,184,17.7
4373,5.99,9:22,184,17.7
4374,6.0,9:14,183,17.7
4375,6.0,9:30,185,17.7
4376,6.0,9:34,184,17.7
4377,6.0,9:30,184,17.1
4378,6.0,9:11,185,16.4
4379,6.01,9:30,184,16.4
4380,6.01,9:43,186,16.4
4381,6.01,10:09,184,15.7
4382,6.01,10:09,185,15.1
4383,6.01,11:10,185,14.4
4384,6.01,11:16,184,14.4
4385,6.01,11:21,183,13.8
4386,6.02,11:16,184,13.8
4387,6.02,11:45,183,13.8
4388,6.02,13:01,183,13.8
4389,6.02,15:14,183,13.8
4390,6.02,15:24,183,14.4
4391,6.02,16:09,182,15.1
4392,6.02,15:46,183,15.1
4393,6.02,14:44,182,15.7
4394,6.02,13:24,183,16.4
4395,6.03,13:32,184,16.4
4396,6.03,13:16,183,16.4
4397,6.03,13:01,183,17.1
4398,6.03,11:33,182,17.1
4399,6.03,10:54,182,17.7
4400,6.03,10:43,184,17.7
4401,6.03,10:33,183,18.4
4402,6.04,10:48,183,18.4
4403,6.04,11:45,182,19.0
4404,6.04,11:39,182,19.0
4405,6.04,11:52,184,19.0
4406,6.04,12:18,183,19.7
4407,6.04,12:18,183,19.7
4408,6.04,11:58,183,19.7
4409,6.05,12:11,183,19.7
4410,6.05,11:52,184,19.7
4411,6.05,10:59,182,19.7
4412,6.05,11:05,183,19.7
4413,6.05,11:21,183,19.7
4414,6.05,11:39,181,19.7
4415,6.05,11:58,183,20.3
4416,6.06,12:18,181,20.3
4417,6.06,12:11,183,20.3
4418,6.06,11:58,182,21.0
4419,6.06,11:33,183,21.0
4420,6.06,11:39,182,21.0
4421,6.06,12:25,181,21.0
4422,6.06,12:18,183,21.0
4423,6.07,11:52,181,21.0
4424,6.07,12:25,181,21.0
4425,6.07,12:11,182,21.0
4426,6.07,11:52,181,21.0
4427,6.07,11:52,183,21.0
4428,6.07,12:25,181,20.3
4429,6.07,11:45,182,21.0
4430,6.08,11:10,181,21.0
4431,6.08,10:48,179,21.0
4432,6.08,10:43,181,21.0
4433,6.08,10:48,182,21.7
4434,6.08,11:52,180,21.7
4435,6.08,11:39,180,21.7
4436,6.08,11:21,181,21.7
4437,6.09,11:39,180,21.7
4438,6.09,11:10,181,21.0
4439,6.09,10:09,182,21.0
4440,6.09,10:18,180,21.0
4441,6.09,9:51,181,21.0
4442,6.1,9:14,182,20.3
4443,6.1,9:14,180,20.3
4444,6.1,9:00,182,20.3
4445,6.1,9:07,182,20.3
4446,6.1,9:56,182,19.7
4447,6.1,10:59,181,19.7
4448,6.1,11:45,181,19.7
4449,6.11,12:46,182,19.7
4450,6.11,13:49,181,19.0
4451,6.11,13:16,181,19.0
4452,6.11,12:39,181,19.0
4453,6.11,12:11,181,19.0
4454,6.11,11:21,181,19.0
4455,6.11,10:09,181,19.0
4456,6.12,9:43,181,19.0
4457,6.12,9:30,180,19.0
4458,6.12,9:26,179,18.4
4459,6.12,9:30,180,18.4
4460,6.12,9:47,179,18.4
4461,6.12,10:28,181,18.4
4462,6.13,10:54,180,17.7
4463,6.13,10:23,181,17.7
4464,6.13,10:54,180,18.4
4465,6.13,11:10,180,18.4
4466,6.13,11:05,181,18.4
4467,6.13,10:54,181,19.0
4468,6.13,11:39,182,19.0
4469,6.14,11:33,180,19.7
4470,6.14,11:52,180,19.7
4471,6.14,12:11,182,19.7
4472,6.14,12:39,181,20.3
4473,6.14,12:11,181,20.3
4474,6.14,12:39,182,20.3
4475,6.14,12:25,182,20.3
4476,6.15,12:04,181,20.3
4477,6.15,11:39,182,20.3
4478,6.15,11:52,180,20.3
4479,6.15,10:59,183,20.3
4480,6.15,10:23,180,20.3
4481,6.15,10:33,182,20.3
4482,6.16,10:33,182,20.3
4483,6.16,10:48,182,20.3
4484,6.16,14:07,183,19.7
4485,6.16,14:44,181,19.0
4486,6.16,13:58,182,19.0
4487,6.16,14:44,183,19.0
4488,6.16,17:11,182,19.7
4489,6.16,12:53,183,19.7
4490,6.16,13:49,182,19.7
4491,6.16,15:35,182,19.7
4492,6.17,15:24,182,19.7
4493,6.17,13:01,182,19.7
4494,6.17,13:32,182,19.0
4495,6.17,12:32,182,19.7
4496,6.17,11:27,183,19.7
4497,6.17,10:54,182,19.7
4498,6.18,10:14,184,19.7
4499,6.18,9:34,183,19.7
4500,6.18,9:22,183,19.7
4501,6.18,8:52,183,19.7
4502,6.18,8:26,182,19.7
4503,6.19,8:35,184,20.3
4504,6.19,8:39,182,20.3
4505,6.19,9:00,182,21.0
4506,6.19,9:38,183,21.0
4507,6.19,10:38,184,21.7
4508,6.19,10:43,182,21.7
4509,6.19,10:59,183,22.3
4510,6.2,11:16,183,22.3
4511,6.2,11:05,182,22.3
4512,6.2,9:56,183,22.3
4513,6.2,9:47,183,22.3
4514,6.2,10:14,184,22.3
4515,6.2,9:56,182,23.0
4516,6.21,9:43,183,23.6
4517,6.21,10:43,183,23.6
4518,6.21,11:05,185,23.6
4519,6.21,10:48,182,23.6
4520,6.21,11:10,183,23.6
4521,6.21,11:52,183,23.6
4522,6.21,11:33,183,23.6
4523,6.22,11:52,184,23.6
4524,6.22,12:25,183,23.0
4525,6.22,12:04,184,23.0
4526,6.22,10:54,183,23.0
4527,6.22,10:23,183,23.0
4528,6.22,10:09,182,23.0
4529,6.23,9:14,184,23.6
4530,6.23,9:11,183,23.6
4531,6.23,9:18,182,23.6
4532,6.23,9:11,183,24.3
4533,6.23,9:00,182,24.3
4534,6.24,9:03,182,24.9
4535,6.24,8:52,183,25.6
4536,6.24,9:22,182,25.6
4537,6.24,9:51,184,25.6
4538,6.24,9:56,182,25.6
4539,6.24,10:33,184,26.2
4540,6.25,10:23,183,26.2
4541,6.25,10:18,182,26.9
4542,6.25,10:28,184,26.9
4543,6.25,10:09,184,26.9
4544,6.25,9:56,184,26.9
4545,6.25,10:33,185,26.9
4546,6.26,10:09,183,26.2
4547,6.26,9:51,184,25.6
4548,6.26,10:23,185,24.9
4549,6.26,9:47,183,24.3
4550,6.26,9:30,184,23.6
4551,6.26,10:00,184,23.6
4552,6.26,10:09,185,23.6
4553,6.27,9:47,184,23.6
4554,6.27,10:28,184,23.6
4555,6.27,10:09,184,23.6
4556,6.27,9:56,182,23.0
4557,6.27,10:28,184,23.6
4558,6.27,11:52,182,24.3
4559,6.28,12:18,184,24.3
4560,6.28,13:32,183,24.3
4561,6.28,14:34,182,24.3
4562,6.28,13:58,182,24.3
4563,6.28,13:24,183,23.6
4564,6.28,12:32,181,23.0
4565,6.28,11:16,183,23.0
4566,6.29,10:14,183,23.0
4567,6.29,10:09,182,23.0
4568,6.29,9:38,182,23.6
4569,6.29,9:11,184,23.6
4570,6.29,9:34,183,24.3
4571,6.29,9:47,183,24.9
4572,6.3,9:47,184,25.6
4573,6.3,10:00,183,26.2
4574,6.3,10:09,183,26.9
4575,6.3,11:10,183,27.6
4576,6.3,11:33,182,27.6
4577,6.3,11:45,184,27.6
4578,6.3,11:39,182,26.9
4579,6.31,13:16,182,26.2
4580,6.31,12:32,184,26.2
4581,6.31,12:46,183,25.6
4582,6.31,13:41,183,26.2
4583,6.31,13:58,184,26.2
4584,6.31,13:08,182,27.6
4585,6.31,11:58,184,28.2
4586,6.32,11:16,183,28.9
4587,6.32,10:18,183,28.9
4588,6.32,9:51,184,28.9
4589,6.32,9:30,182,28.9
4590,6.32,9:26,183,29.5
4591,6.32,9:34,184,29.5
4592,6.33,9:00,183,29.5
4593,6.33,9:00,183,29.5
4594,6.33,9:34,183,30.2
4595,6.33,10:14,182,29.5
4596,6.33,10:18,184,29.5
4597,6.33,10:48,184,29.5
4598,6.34,11:10,184,29.5
4599,6.34,10:59,184,28.9
4604,6.34,70:01,183,26.9
4605,6.34,80:32,183,26.2
4606,6.34,60:32,183,25.6
4607,6.34,48:46,184,24.9
4608,6.34,37:09,183,24.9
4609,6.34,16:09,182,24.3
4610,6.34,15:04,181,24.3
4611,6.35,12:11,182,23.6
4612,6.35,10:38,181,23.6
4613,6.35,10:28,181,24.3
4614,6.35,10:14,182,24.3
4615,6.35,10:18,182,24.3
4616,6.35,11:21,182,24.3
4617,6.35,12:53,182,23.6
4618,6.36,13:01,182,23.6
4619,6.36,12:53,182,23.6
4620,6.36,13:16,181,23.0
4621,6.36,13:01,182,23.0
