elapsed_seconds,distance_miles,pace_per_mile,heartrate,altitude_ft
0,0.0,,100,177.8
1,0.0,134:06,103,177.2
6,0.0,812:48,106,176.5
7,0.0,61:56,101,176.5
8,0.0,40:49,101,176.5
9,0.0,31:06,103,175.9
10,0.01,25:57,104,175.9
11,0.01,11:16,104,175.9
12,0.01,11:05,105,175.2
13,0.01,11:05,106,175.2
14,0.01,11:05,107,175.2
15,0.01,11:16,108,175.2
16,0.01,11:45,111,175.2
17,0.02,13:01,113,175.2
18,0.02,13:24,114,175.2
19,0.02,14:16,114,175.2
20,0.02,14:54,114,174.5
21,0.02,15:24,115,174.5
22,0.02,15:04,115,174.5
23,0.02,15:04,115,174.5
24,0.02,13:49,115,174.5
25,0.03,13:08,115,173.9
26,0.03,12:11,115,173.9
27,0.03,11:39,114,173.9
28,0.03,11:16,113,173.9
29,0.03,11:58,113,173.9
30,0.03,12:18,112,173.9
31,0.03,13:08,112,173.9
32,0.03,13:41,112,173.9
33,0.04,13:32,112,173.9
34,0.04,12:46,113,173.9
35,0.04,11:45,114,174.5
36,0.04,11:10,114,174.5
37,0.04,10:48,114,174.5
38,0.04,10:14,113,174.5
39,0.05,10:23,114,174.5
40,0.05,10:18,114,174.5
41,0.05,10:38,115,174.5
42,0.05,10:43,115,174.5
43,0.05,11:27,116,174.5
44,0.05,11:52,116,173.9
45,0.05,12:18,117,173.9
46,0.06,11:52,118,173.9
47,0.06,12:04,118,173.9
48,0.06,11:45,119,173.9
49,0.06,11:33,119,173.9
50,0.06,11:58,119,173.9
51,0.06,12:39,119,173.2
52,0.06,13:24,120,173.2
53,0.06,14:25,121,172.6
76,0.07,178:48,119,171.9
77,0.07,174:10,117,171.9
78,0.07,115:36,117,171.9
79,0.07,85:58,119,171.9
80,0.07,70:24,119,171.3
81,0.07,12:18,120,171.3
82,0.07,12:04,118,171.3
83,0.07,12:18,118,171.3
84,0.08,12:39,117,171.3
85,0.08,13:01,117,171.3
86,0.08,13:41,116,171.3
87,0.08,13:32,116,170.6
88,0.08,12:46,116,170.6
89,0.08,11:52,116,170.6
90,0.08,11:45,117,170.6
91,0.09,11:27,117,170.6
92,0.09,11:05,117,170.6
93,0.09,11:33,117,170.6
94,0.09,11:39,118,169.9
95,0.09,11:27,118,169.9
96,0.09,11:52,118,169.9
97,0.09,12:32,118,169.9
98,0.1,12:25,118,169.9
99,0.1,12:39,119,169.9
100,0.1,13:16,120,169.9
101,0.1,12:46,120,169.9
102,0.1,11:52,119,169.9
103,0.1,12:18,119,169.9
104,0.1,13:41,118,169.9
105,0.1,12:32,118,169.9
106,0.11,12:32,118,169.9
107,0.11,13:01,117,170.6
108,0.11,12:39,118,170.6
109,0.11,11:21,118,170.6
110,0.11,11:39,118,171.3
111,0.11,12:04,119,171.3
112,0.11,11:45,121,171.3
113,0.12,11:39,121,171.3
114,0.12,12:04,122,171.3
115,0.12,11:58,121,171.3
116,0.12,11:52,122,171.3
117,0.12,12:25,122,171.3
118,0.12,12:18,122,171.3
119,0.12,12:32,122,171.3
120,0.12,12:53,123,171.3
121,0.13,12:18,123,171.3
122,0.13,12:25,123,171.9
123,0.13,12:18,123,171.9
124,0.13,12:04,124,171.9
125,0.13,11:39,124,171.9
126,0.13,12:18,123,171.9
127,0.13,12:25,123,171.9
128,0.14,12:46,123,171.9
129,0.14,12:32,122,171.9
130,0.14,13:08,120,172.6
131,0.14,12:53,120,172.6
132,0.14,12:53,115,172.6
133,0.14,13:32,109,172.6
134,0.14,14:07,111,172.6
135,0.14,14:07,116,172.6
136,0.15,14:34,116,172.6
137,0.15,13:49,114,173.2
138,0.15,13:01,111,173.2
139,0.15,13:16,110,172.6
140,0.15,12:53,110,172.6
141,0.15,13:08,111,172.6
142,0.15,14:16,111,173.2
143,0.15,14:25,113,173.2
144,0.16,13:24,120,173.2
145,0.16,13:32,123,173.2
146,0.16,13:49,124,173.2
147,0.16,12:53,126,173.2
148,0.16,12:04,126,173.9
149,0.16,12:04,127,173.9
150,0.16,11:45,127,173.9
151,0.17,11:10,127,173.9
152,0.17,11:27,127,173.9
153,0.17,11:45,128,173.9
154,0.17,12:04,129,173.9
155,0.17,12:46,129,173.9
156,0.17,13:01,130,173.9
157,0.17,12:25,130,173.9
158,0.17,12:39,130,173.9
159,0.18,12:32,131,173.2
160,0.18,11:52,131,173.2
161,0.18,11:21,130,173.2
162,0.18,11:05,130,173.2
163,0.18,10:54,130,173.9
164,0.18,10:48,130,173.9
165,0.18,11:39,130,174.5
166,0.19,11:58,130,174.5
167,0.19,13:08,130,175.2
168,0.19,13:32,130,175.2
169,0.19,14:07,130,175.2
170,0.19,13:41,130,175.2
171,0.19,13:16,129,174.5
172,0.19,13:01,129,174.5
173,0.19,13:41,129,175.2
174,0.2,13:49,129,175.2
175,0.2,13:49,128,175.2
176,0.2,14:16,128,175.9
177,0.2,14:16,128,175.9
178,0.2,13:49,128,175.9
179,0.2,13:32,128,176.5
180,0.2,13:49,126,176.5
181,0.2,14:54,125,176.5
182,0.2,14:25,124,176.5
183,0.21,13:24,124,176.5
184,0.21,14:07,123,176.5
185,0.21,13:32,123,176.5
186,0.21,12:11,124,176.5
187,0.21,12:39,125,177.2
188,0.21,13:08,126,177.2
189,0.21,11:58,127,176.5
190,0.22,11:33,126,176.5
191,0.22,11:33,126,176.5
192,0.22,11:39,126,176.5
193,0.22,11:39,126,176.5
194,0.22,12:11,126,176.5
195,0.22,12:46,126,176.5
196,0.22,13:08,125,176.5
197,0.23,12:39,125,176.5
198,0.23,13:01,124,177.2
199,0.23,12:46,124,177.2
200,0.23,13:16,124,177.8
201,0.23,13:41,124,177.8
202,0.23,13:16,125,177.8
203,0.23,13:24,126,177.8
204,0.23,13:32,127,177.8
205,0.24,12:46,127,177.8
206,0.24,12:32,128,177.8
207,0.24,13:16,128,177.8
208,0.24,12:39,128,177.8
209,0.24,12:25,128,177.8
210,0.24,12:53,129,177.2
211,0.24,12:53,129,177.2
212,0.24,12:39,130,177.2
213,0.25,12:39,130,177.2
214,0.25,12:53,129,177.2
215,0.25,11:58,131,177.2
216,0.25,11:33,132,177.8
217,0.25,11:33,131,177.8
218,0.25,11:58,131,177.8
219,0.25,11:39,131,177.8
220,0.26,12:32,132,177.8
221,0.26,12:46,132,177.8
222,0.26,12:18,133,177.8
223,0.26,12:18,133,177.8
224,0.26,13:16,133,177.8
225,0.26,12:53,134,177.8
226,0.26,13:16,134,177.8
227,0.26,14:16,134,177.8
228,0.27,13:41,134,177.8
229,0.27,13:24,133,177.8
230,0.27,14:25,133,177.8
231,0.27,14:25,133,177.8
232,0.27,13:16,132,177.8
233,0.27,12:53,133,177.8
234,0.27,12:18,132,177.2
235,0.28,11:21,132,177.2
236,0.28,11:10,132,177.2
237,0.28,12:04,132,177.2
238,0.28,12:39,132,177.2
239,0.28,12:46,132,177.2
240,0.28,13:01,132,177.2
241,0.28,13:41,133,177.2
242,0.28,13:08,133,177.2
243,0.29,12:18,132,177.2
244,0.29,12:32,131,177.2
245,0.29,12:39,130,177.2
246,0.29,11:39,130,177.2
247,0.29,11:45,130,177.2
248,0.29,12:25,130,177.2
249,0.29,12:25,131,177.2
250,0.29,12:25,131,177.2
251,0.3,12:39,130,177.2
252,0.3,12:32,130,177.2
253,0.3,12:53,129,177.2
254,0.3,12:46,128,176.5
255,0.3,12:18,128,176.5
256,0.3,12:04,128,177.2
257,0.3,11:45,128,177.2
258,0.31,11:27,127,177.2
259,0.31,11:52,127,177.2
260,0.31,12:32,127,177.2
261,0.31,13:32,128,177.2
262,0.31,14:25,128,176.5
263,0.31,14:54,129,176.5
264,0.31,14:07,129,176.5
265,0.31,13:32,129,175.9
266,0.32,12:11,129,175.9
267,0.32,11:27,129,175.9
268,0.32,11:45,129,175.9
269,0.32,12:18,129,175.9
270,0.32,12:18,128,175.9
271,0.32,12:39,128,175.9
272,0.32,13:32,127,175.9
273,0.33,12:32,128,175.2
274,0.33,11:58,128,175.2
275,0.33,11:52,128,175.2
276,0.33,12:18,128,175.2
277,0.33,11:52,129,175.2
278,0.33,11:33,129,175.2
279,0.33,11:16,129,175.2
280,0.34,11:21,129,175.2
281,0.34,11:27,129,175.2
282,0.34,11:10,129,175.2
283,0.34,11:58,129,175.2
284,0.34,13:01,128,175.2
285,0.34,13:08,128,175.2
286,0.34,13:41,128,174.5
287,0.34,14:25,128,174.5
288,0.35,13:41,129,173.9
289,0.35,13:01,129,173.9
290,0.35,13:08,129,173.9
291,0.35,12:18,130,173.9
292,0.35,11:45,130,173.9
293,0.35,12:18,130,173.9
294,0.35,12:32,131,173.9
295,0.36,11:58,131,173.9
296,0.36,12:11,131,173.9
297,0.36,12:25,131,173.9
298,0.36,11:58,132,173.9
299,0.36,11:33,132,173.9
300,0.36,12:04,132,174.5
301,0.36,11:45,132,174.5
302,0.36,11:39,132,173.9
303,0.37,11:16,131,173.9
304,0.37,11:27,132,173.2
305,0.37,10:54,131,173.2
306,0.37,11:27,131,173.2
307,0.37,12:53,131,173.2
308,0.37,14:16,131,173.2
309,0.37,13:49,132,173.2
310,0.38,13:24,132,173.2
311,0.38,12:25,132,173.2
312,0.38,10:33,133,173.2
313,0.38,10:05,133,173.2
314,0.38,10:28,133,173.2
315,0.38,11:21,134,173.2
316,0.38,11:33,134,172.6
317,0.39,13:16,135,172.6
318,0.39,13:16,135,172.6
319,0.39,12:39,134,172.6
320,0.39,11:52,134,172.6
321,0.39,13:08,134,172.6
322,0.39,12:04,135,172.6
323,0.39,12:18,136,172.6
324,0.39,13:32,135,172.6
325,0.4,13:58,136,171.9
326,0.4,12:53,135,171.9
327,0.4,13:24,134,172.6
328,0.4,14:16,134,172.6
329,0.4,13:58,134,172.6
330,0.4,13:41,134,172.6
331,0.4,12:53,134,171.9
332,0.41,12:46,133,171.3
333,0.41,12:25,133,170.6
334,0.41,13:24,133,169.9
335,0.41,14:54,132,169.3
336,0.41,16:21,132,169.3
337,0.41,15:57,132,169.3
338,0.41,15:46,131,169.3
339,0.41,14:25,130,169.3
340,0.41,13:08,129,169.3
341,0.42,12:39,128,168.6
342,0.42,13:01,128,168.6
343,0.42,12:39,128,168.6
344,0.42,12:25,128,168.6
345,0.42,12:39,129,168.6
346,0.42,12:25,129,168.6
347,0.42,11:52,129,168.6
348,0.43,11:39,132,168.6
349,0.43,11:33,133,168.6
350,0.43,11:45,132,168.6
351,0.43,12:25,132,168.6
352,0.43,12:46,133,168.6
353,0.43,12:46,134,169.3
354,0.43,13:01,134,169.3
355,0.43,12:25,134,169.3
356,0.44,12:11,133,169.3
357,0.44,12:18,133,169.3
358,0.44,12:25,133,169.3
359,0.44,12:32,133,169.3
360,0.44,12:39,133,169.9
361,0.44,12:32,132,169.9
362,0.44,12:53,132,169.9
363,0.44,13:08,132,169.9
364,0.45,13:16,132,170.6
365,0.45,13:24,132,170.6
366,0.45,13:41,132,169.9
367,0.45,12:46,132,169.9
368,0.45,12:11,131,169.9
369,0.45,12:18,132,169.9
370,0.45,12:32,131,169.9
371,0.46,11:58,131,169.3
372,0.46,12:18,130,169.3
373,0.46,12:46,130,168.6
374,0.46,12:18,130,168.6
375,0.46,12:46,130,168.6
376,0.46,13:01,130,169.3
377,0.46,13:08,130,169.3
378,0.46,12:32,130,169.3
379,0.47,12:11,130,169.3
380,0.47,11:39,131,169.3
381,0.47,12:04,131,169.3
382,0.47,12:04,132,169.9
383,0.47,12:11,132,169.9
384,0.47,12:11,134,169.9
385,0.47,12:25,134,169.9
386,0.48,11:52,134,169.3
387,0.48,11:45,134,169.3
388,0.48,11:58,133,169.3
389,0.48,12:11,133,169.3
390,0.48,12:25,133,169.3
391,0.48,12:46,133,168.6
392,0.48,12:39,134,168.6
393,0.49,13:01,134,168.0
394,0.49,13:01,134,168.0
395,0.49,12:46,135,167.3
396,0.49,12:39,135,167.3
397,0.49,13:01,135,167.3
398,0.49,13:01,134,168.0
399,0.49,13:24,135,168.0
400,0.49,13:08,135,168.0
401,0.5,13:41,135,168.0
402,0.5,14:07,136,168.0
403,0.5,13:41,136,168.0
404,0.5,13:01,135,168.0
405,0.5,13:24,135,168.0
406,0.5,13:01,134,168.0
407,0.5,12:32,134,168.0
408,0.5,13:58,133,168.0
409,0.5,14:54,134,167.3
410,0.51,14:25,134,167.3
411,0.51,15:04,134,167.3
412,0.51,15:14,134,167.3
413,0.51,14:34,135,166.7
414,0.51,14:07,135,166.7
415,0.51,14:25,134,166.7
416,0.51,13:01,135,166.0
417,0.51,12:32,135,165.4
418,0.52,11:05,135,165.4
419,0.52,10:38,135,165.4
420,0.52,10:14,136,165.4
421,0.52,10:43,136,165.4
422,0.52,10:59,135,164.7
423,0.52,12:04,135,164.7
424,0.53,12:25,134,164.7
425,0.53,12:46,134,164.7
426,0.53,12:04,134,164.7
427,0.53,11:21,134,164.7
428,0.53,10:54,134,164.0
429,0.53,10:28,134,164.0
430,0.53,10:38,134,164.0
431,0.54,11:27,133,164.0
432,0.54,11:39,133,164.0
433,0.54,11:58,133,163.4
434,0.54,12:04,133,163.4
435,0.54,12:46,133,163.4
436,0.54,12:18,133,163.4
437,0.54,12:18,132,163.4
438,0.54,12:39,132,163.4
439,0.55,12:25,132,163.4
440,0.55,11:27,132,163.4
441,0.55,10:33,133,163.4
442,0.55,10:54,133,162.7
443,0.55,10:43,133,162.1
444,0.55,11:27,132,162.1
445,0.56,11:45,132,161.4
446,0.56,13:41,132,161.4
447,0.56,14:07,132,161.4
448,0.56,13:41,131,160.8
449,0.56,12:46,131,160.8
450,0.56,12:25,131,160.1
451,0.56,11:58,131,160.1
452,0.56,11:45,132,159.4
453,0.57,12:18,132,159.4
454,0.57,12:32,132,159.4
455,0.57,13:01,133,159.4
456,0.57,13:16,134,159.4
457,0.57,13:41,134,158.8
458,0.57,13:58,134,158.8
459,0.57,14:34,134,158.8
460,0.57,15:14,134,158.1
461,0.58,14:34,135,158.1
462,0.58,14:25,135,158.1
463,0.58,14:07,134,157.5
464,0.58,13:58,134,157.5
465,0.58,13:08,134,156.8
466,0.58,13:08,135,156.8
467,0.58,12:39,135,156.8
468,0.58,12:32,135,156.8
469,0.59,12:04,135,156.2
470,0.59,11:39,135,156.2
471,0.59,11:33,135,156.2
472,0.59,11:05,134,156.2
473,0.59,11:05,134,155.5
474,0.59,11:39,134,155.5
475,0.59,11:33,134,155.5
476,0.6,11:58,133,155.5
477,0.6,12:25,133,155.5
478,0.6,12:04,133,154.9
479,0.6,11:39,133,154.9
480,0.6,12:18,132,154.2
481,0.6,11:45,132,154.2
482,0.6,12:11,132,153.5
483,0.61,12:18,131,153.5
484,0.61,12:46,130,152.9
485,0.61,13:01,129,152.9
486,0.61,13:01,129,152.9
487,0.61,12:32,130,152.2
488,0.61,12:32,130,152.2
489,0.61,11:52,130,152.2
490,0.61,11:16,129,151.6
491,0.62,11:33,129,151.6
492,0.62,11:45,129,151.6
493,0.62,11:52,129,150.9
494,0.62,12:04,128,150.9
495,0.62,12:04,128,150.3
496,0.62,11:58,127,150.3
497,0.62,12:25,128,149.6
498,0.63,12:18,128,149.6
499,0.63,12:11,128,149.6
500,0.63,12:32,127,149.6
501,0.63,12:18,127,149.6
502,0.63,12:04,127,149.6
503,0.63,11:52,128,149.6
504,0.63,12:11,128,149.0
505,0.64,12:39,127,149.0
506,0.64,13:01,127,148.3
507,0.64,12:39,127,148.3
508,0.64,13:16,127,148.3
509,0.64,13:41,127,147.6
510,0.64,13:24,128,147.6
511,0.64,13:24,127,147.6
512,0.64,13:24,128,147.6
513,0.65,13:01,129,147.6
514,0.65,12:39,129,147.0
515,0.65,11:52,128,147.0
516,0.65,11:05,128,146.3
517,0.65,11:21,128,145.7
518,0.65,10:59,128,145.0
519,0.65,10:54,127,145.0
520,0.66,11:16,128,144.4
521,0.66,11:58,128,144.4
522,0.66,11:52,128,143.7
523,0.66,12:18,128,143.7
524,0.66,12:11,128,143.0
525,0.66,12:18,129,142.4
526,0.66,12:11,129,142.4
527,0.67,12:32,128,141.7
528,0.67,12:11,128,141.1
529,0.67,12:32,126,140.4
530,0.67,12:25,125,139.8
531,0.67,12:18,125,139.1
532,0.67,11:58,125,139.1
533,0.67,12:04,125,138.5
534,0.67,11:45,125,137.8
535,0.68,11:10,125,137.1
536,0.68,11:27,125,137.1
537,0.68,10:54,125,136.5
538,0.68,11:16,126,135.8
539,0.68,11:39,127,135.2
540,0.68,11:58,127,135.2
541,0.68,12:04,128,134.5
542,0.69,12:11,128,133.9
543,0.69,11:52,130,133.9
544,0.69,11:39,129,133.2
545,0.69,11:52,129,132.5
546,0.69,11:16,129,132.5
547,0.69,11:21,129,131.9
548,0.7,11:33,129,131.2
549,0.7,11:16,129,130.6
550,0.7,10:54,128,130.6
551,0.7,11:05,128,129.9
552,0.7,10:48,127,129.9
553,0.7,10:23,127,129.3
554,0.7,10:23,127,129.3
555,0.71,10:33,128,128.6
556,0.71,10:48,129,128.6
557,0.71,11:16,129,128.0
558,0.71,11:39,128,128.0
559,0.71,11:33,128,127.3
560,0.71,11:39,127,127.3
561,0.71,11:39,127,126.6
562,0.72,11:39,127,126.6
563,0.72,11:39,127,126.0
564,0.72,11:27,127,126.0
565,0.72,11:21,127,125.3
566,0.72,11:05,128,124.7
567,0.72,11:10,128,124.7
568,0.72,11:21,127,124.0
569,0.73,11:45,127,123.4
570,0.73,12:18,127,123.4
571,0.73,12:46,127,122.7
572,0.73,12:32,125,122.7
573,0.73,12:11,125,122.0
574,0.73,11:45,125,122.0
575,0.73,11:33,124,122.0
576,0.74,11:33,124,122.0
577,0.74,11:39,125,122.0
578,0.74,11:33,125,122.0
579,0.74,11:58,126,122.0
580,0.74,11:33,126,122.0
581,0.74,11:05,127,122.0
582,0.75,10:38,127,122.0
583,0.75,10:33,126,122.7
584,0.75,10:23,126,122.0
585,0.75,10:09,126,122.0
586,0.75,10:14,126,122.0
587,0.75,10:54,126,121.4
588,0.75,11:52,126,121.4
589,0.75,13:01,127,122.0
590,0.76,14:44,127,122.0
591,0.76,15:14,126,121.4
592,0.76,14:44,127,121.4
593,0.76,13:24,127,121.4
594,0.76,11:52,126,121.4
595,0.76,10:43,126,121.4
596,0.77,10:23,125,121.4
597,0.77,10:28,124,121.4
598,0.77,10:23,124,121.4
599,0.77,11:33,123,121.4
600,0.77,11:45,121,121.4
601,0.77,11:05,118,121.4
602,0.77,10:54,116,121.4
603,0.78,10:23,116,121.4
604,0.78,10:05,117,121.4
605,0.78,10:43,120,121.4
606,0.78,11:58,122,122.0
607,0.78,12:11,123,122.0
608,0.78,13:08,124,122.0
609,0.78,12:46,125,122.0
610,0.78,13:01,126,122.0
611,0.79,12:46,127,122.0
612,0.79,13:08,129,122.7
613,0.79,12:39,130,122.7
614,0.79,12:25,131,122.7
615,0.79,12:39,131,122.7
616,0.79,13:01,132,122.7
617,0.79,12:53,133,122.7
618,0.8,13:08,133,122.7
619,0.8,13:08,133,122.7
620,0.8,12:39,133,122.7
621,0.8,11:58,133,123.4
622,0.8,11:33,132,123.4
623,0.8,12:11,133,123.4
624,0.8,12:25,133,124.0
625,0.8,12:32,134,124.0
626,0.81,12:32,134,123.4
627,0.81,12:32,134,123.4
628,0.81,12:32,134,123.4
629,0.81,12:39,135,123.4
630,0.81,12:11,134,123.4
631,0.81,12:32,134,124.0
632,0.81,12:32,135,124.0
633,0.82,12:18,135,124.7
634,0.82,12:18,134,124.7
635,0.82,12:18,133,124.0
636,0.82,12:32,133,124.0
637,0.82,12:32,132,124.0
638,0.82,12:53,132,124.0
639,0.82,12:53,133,124.0
640,0.82,13:01,134,124.0
641,0.83,12:53,134,124.0
642,0.83,13:01,135,124.0
643,0.83,12:39,136,124.0
644,0.83,12:25,136,124.0
645,0.83,12:25,137,124.0
646,0.83,12:18,137,124.0
647,0.83,11:58,138,124.0
648,0.84,11:45,138,123.4
649,0.84,12:04,138,123.4
650,0.84,11:52,138,123.4
651,0.84,11:39,138,123.4
652,0.84,12:04,138,122.7
653,0.84,12:04,138,122.7
654,0.84,11:52,139,122.0
655,0.85,11:16,139,122.0
656,0.85,11:16,138,122.0
657,0.85,11:05,138,122.0
658,0.85,11:05,137,121.4
659,0.85,11:27,137,121.4
660,0.85,12:18,138,121.4
661,0.85,12:32,136,121.4
662,0.86,12:25,135,120.7
663,0.86,12:25,136,120.7
664,0.86,12:25,136,120.7
665,0.86,12:04,136,120.7
666,0.86,12:04,137,120.7
667,0.86,12:32,137,120.7
668,0.86,12:18,138,120.7
669,0.86,11:58,138,120.7
670,0.87,11:58,139,120.1
671,0.87,11:52,139,120.1
672,0.87,11:58,139,120.1
673,0.87,11:58,139,120.1
674,0.87,11:52,140,120.1
675,0.87,11:58,140,120.1
676,0.87,11:52,140,120.1
677,0.88,11:52,139,119.4
678,0.88,12:25,139,119.4
679,0.88,12:32,139,119.4
680,0.88,12:46,138,119.4
681,0.88,12:32,137,119.4
682,0.88,12:39,137,119.4
683,0.88,12:39,137,119.4
684,0.89,12:32,138,119.4
685,0.89,12:11,138,119.4
686,0.89,11:45,138,119.4
687,0.89,11:16,138,119.4
688,0.89,11:05,138,120.1
689,0.89,11:10,138,120.1
690,0.89,11:21,139,119.4
691,0.9,11:39,138,119.4
692,0.9,12:04,139,119.4
693,0.9,12:11,138,118.8
694,0.9,12:25,138,118.8
695,0.9,12:32,138,118.1
696,0.9,12:39,137,118.1
697,0.9,12:25,137,118.1
698,0.9,12:25,137,118.1
699,0.91,11:52,137,118.1
700,0.91,11:39,136,118.1
701,0.91,11:21,136,118.1
702,0.91,11:39,136,117.5
703,0.91,11:39,134,117.5
704,0.91,11:39,133,116.8
705,0.91,11:58,133,116.8
706,0.92,12:39,133,116.8
707,0.92,12:32,133,116.8
708,0.92,12:46,134,116.8
709,0.92,13:01,134,116.8
710,0.92,12:39,135,117.5
711,0.92,12:25,135,117.5
712,0.92,12:11,135,117.5
713,0.93,12:04,136,117.5
714,0.93,11:45,136,116.8
715,0.93,11:33,137,116.8
716,0.93,11:45,137,116.8
717,0.93,11:39,138,116.8
718,0.93,11:10,138,116.8
719,0.93,11:05,138,116.8
720,0.94,11:27,138,116.8
721,0.94,12:11,137,116.1
722,0.94,13:01,136,116.1
723,0.94,14:07,135,116.1
724,0.94,14:34,134,116.1
725,0.94,14:16,135,116.1
726,0.94,13:58,134,116.1
727,0.94,13:16,134,116.1
728,0.95,12:11,134,116.1
729,0.95,12:46,133,116.1
730,0.95,12:25,134,116.1
731,0.95,13:01,133,115.5
732,0.95,13:24,133,115.5
733,0.95,14:25,132,115.5
734,0.95,13:49,132,115.5
735,0.95,14:25,133,115.5
736,0.96,12:39,133,115.5
737,0.96,11:58,133,115.5
738,0.96,10:59,134,115.5
739,0.96,11:21,134,115.5
740,0.96,11:21,133,115.5
741,0.96,11:45,133,115.5
742,0.96,11:58,133,114.8
743,0.97,12:46,133,114.8
744,0.97,12:39,131,114.2
745,0.97,12:53,131,114.2
746,0.97,13:08,130,114.2
747,0.97,13:01,130,114.2
748,0.97,12:32,129,113.5
749,0.97,12:11,129,113.5
750,0.97,12:04,129,113.5
751,0.98,11:52,129,113.5
752,0.98,11:45,130,112.9
753,0.98,11:33,130,112.9
754,0.98,12:04,130,112.9
755,0.98,11:39,130,112.9
756,0.98,12:25,130,112.9
757,0.98,12:11,131,112.2
758,0.99,12:18,131,112.2
759,0.99,11:58,130,112.2
760,0.99,11:52,130,111.5
761,0.99,11:27,130,111.5
762,0.99,12:39,130,111.5
763,0.99,12:53,129,111.5
764,0.99,13:16,128,111.5
765,0.99,14:16,128,110.9
766,1.0,14:54,129,110.9
767,1.0,14:16,129,110.9
768,1.0,13:16,130,110.9
769,1.0,12:32,130,110.2
770,1.0,13:01,130,110.9
771,1.0,11:52,130,110.9
772,1.0,11:33,130,110.2
773,1.01,12:25,131,110.2
774,1.01,12:18,130,110.2
775,1.01,12:18,131,109.6
776,1.01,12:39,130,109.6
777,1.01,12:46,130,109.6
778,1.01,13:16,129,108.9
779,1.01,14:16,130,108.9
780,1.01,13:58,130,108.9
781,1.02,14:07,130,108.9
782,1.02,14:25,131,108.9
783,1.02,13:58,130,108.9
784,1.02,12:11,130,108.9
785,1.02,11:10,131,108.9
786,1.02,11:10,133,108.9
787,1.02,10:43,134,108.9
788,1.03,11:05,134,108.9
789,1.03,12:11,135,108.9
790,1.03,12:46,134,108.9
791,1.03,12:46,134,108.3
792,1.03,13:08,134,108.3
793,1.03,12:25,133,108.3
794,1.03,12:32,134,108.3
795,1.03,12:32,134,108.3
796,1.04,12:32,133,108.3
797,1.04,12:39,132,108.3
798,1.04,13:49,131,108.3
799,1.04,13:41,131,108.3
800,1.04,14:34,130,108.3
801,1.04,14:25,131,108.3
802,1.04,13:41,130,108.3
803,1.04,13:01,130,108.3
804,1.05,12:39,131,108.3
805,1.05,11:39,131,107.6
806,1.05,11:10,130,107.6
807,1.05,10:59,130,107.6
808,1.05,11:10,130,107.6
809,1.05,11:33,130,107.6
810,1.05,12:18,130,108.3
811,1.06,13:32,131,108.3
812,1.06,13:41,130,107.6
813,1.06,14:07,132,108.3
814,1.06,14:16,132,108.3
815,1.06,12:53,132,108.3
816,1.06,12:18,132,108.3
817,1.06,12:46,131,108.3
818,1.06,12:18,130,108.3
819,1.07,12:11,130,108.9
820,1.07,13:01,129,108.9
821,1.07,13:24,129,108.3
822,1.07,13:41,129,108.3
823,1.07,13:41,129,108.3
824,1.07,13:24,128,108.3
825,1.07,12:18,129,108.3
826,1.08,11:52,129,108.3
827,1.08,11:16,131,108.9
828,1.08,11:05,132,108.9
829,1.08,11:21,132,108.9
830,1.08,11:52,133,108.3
831,1.08,11:52,133,108.3
832,1.08,12:25,132,108.3
833,1.08,12:46,132,108.3
834,1.09,12:32,132,108.3
835,1.09,13:01,131,108.3
836,1.09,12:46,131,108.3
837,1.09,12:53,132,108.3
838,1.09,12:25,132,108.3
839,1.09,12:04,133,108.3
840,1.09,12:39,133,108.3
841,1.1,12:39,133,108.3
842,1.1,12:11,134,108.9
843,1.1,12:25,135,108.9
844,1.1,12:18,135,108.9
845,1.1,12:11,134,108.9
846,1.1,12:04,134,108.9
847,1.1,12:25,134,108.3
848,1.1,12:53,133,108.9
849,1.11,13:58,134,108.9
850,1.11,13:32,134,108.9
851,1.11,14:16,133,108.9
852,1.11,13:24,133,108.9
853,1.11,12:53,133,108.9
854,1.11,11:58,134,108.9
855,1.11,11:21,134,108.3
856,1.12,11:27,134,108.9
857,1.12,11:52,134,108.9
858,1.12,12:04,135,108.9
859,1.12,12:04,136,108.9
860,1.12,12:04,137,108.9
861,1.12,11:39,137,108.9
862,1.12,11:52,138,108.3
863,1.13,11:33,138,108.3
864,1.13,11:39,139,108.3
865,1.13,12:04,139,108.3
866,1.13,12:18,139,108.3
867,1.13,11:52,139,108.3
868,1.13,11:33,139,108.3
869,1.13,11:05,139,108.3
870,1.14,11:16,138,108.3
871,1.14,11:39,139,107.6
872,1.14,11:52,138,107.6
873,1.14,12:18,138,107.6
874,1.14,13:32,138,107.6
875,1.14,13:01,138,107.6
876,1.14,12:53,137,107.0
877,1.14,13:01,136,107.0
878,1.15,13:01,136,107.0
879,1.15,13:01,138,106.3
880,1.15,13:49,139,106.3
881,1.15,13:24,140,106.3
882,1.15,13:16,138,105.6
883,1.15,13:08,137,105.6
884,1.15,12:25,136,105.6
885,1.15,11:39,136,105.6
886,1.16,11:39,135,105.6
887,1.16,11:39,135,105.6
888,1.16,11:21,135,105.6
889,1.16,11:39,136,105.6
890,1.16,12:11,136,105.0
891,1.16,12:11,136,105.0
892,1.16,12:46,135,105.0
893,1.17,12:53,135,104.3
894,1.17,12:53,134,104.3
895,1.17,12:46,134,104.3
896,1.17,12:25,134,104.3
897,1.17,12:39,134,104.3
898,1.17,13:01,134,104.3
899,1.17,12:32,133,103.7
900,1.18,12:18,132,103.7
901,1.18,13:01,129,103.7
902,1.18,12:32,127,104.3
903,1.18,13:01,124,104.3
904,1.18,13:01,123,104.3
905,1.18,13:01,123,103.7
906,1.18,13:24,123,103.7
907,1.18,13:49,123,103.7
908,1.18,13:41,123,103.7
909,1.19,14:07,123,103.7
910,1.19,13:32,123,103.7
911,1.19,11:45,123,103.7
912,1.19,11:27,123,103.7
913,1.19,11:16,123,103.7
914,1.19,11:21,124,103.7
915,1.19,12:04,125,103.0
916,1.2,13:01,124,103.0
917,1.2,12:32,125,103.0
918,1.2,12:39,128,103.0
919,1.2,11:33,129,103.0
920,1.2,11:10,130,103.0
921,1.2,11:05,130,103.0
922,1.21,10:48,130,103.0
923,1.21,10:33,130,102.4
924,1.21,11:10,130,102.4
925,1.21,11:33,130,102.4
926,1.21,11:39,131,101.7
927,1.21,11:45,130,101.7
928,1.21,12:25,132,101.7
929,1.21,12:46,133,101.7
930,1.22,12:25,133,101.7
931,1.22,12:04,134,101.7
932,1.22,11:58,135,101.7
933,1.22,11:45,135,101.7
934,1.22,11:52,136,101.7
935,1.22,12:18,138,101.7
936,1.22,12:46,137,101.7
937,1.23,13:24,138,101.7
938,1.23,13:24,138,101.7
939,1.23,13:24,138,101.7
940,1.23,13:32,138,101.7
941,1.23,13:16,138,101.7
942,1.23,13:16,137,101.7
943,1.23,12:39,137,101.7
944,1.23,12:25,137,101.7
945,1.24,11:52,138,101.7
946,1.24,11:58,137,101.7
947,1.24,11:27,136,101.7
948,1.24,11:33,135,101.0
949,1.24,11:27,134,101.0
950,1.24,11:52,134,101.0
951,1.24,12:04,134,101.0
952,1.25,12:53,132,101.0
953,1.25,13:01,132,101.0
954,1.25,12:46,132,101.0
955,1.25,12:25,132,100.4
956,1.25,11:58,133,100.4
957,1.25,11:58,133,100.4
958,1.25,11:39,132,100.4
959,1.25,12:25,133,100.4
960,1.26,12:46,132,100.4
961,1.26,12:53,132,100.4
962,1.26,13:08,133,101.0
963,1.26,14:25,133,101.0
964,1.26,13:24,134,100.4
965,1.26,13:49,134,100.4
966,1.26,14:25,135,99.7
967,1.26,13:49,134,99.7
968,1.27,12:39,134,99.7
969,1.27,11:45,135,99.7
970,1.27,10:48,137,99.7
971,1.27,10:33,136,99.7
972,1.27,10:28,137,99.7
973,1.27,10:38,137,99.7
974,1.28,11:27,137,99.7
975,1.28,12:04,138,99.7
976,1.28,12:18,137,99.7
977,1.28,12:25,135,99.1
978,1.28,12:32,135,99.1
979,1.28,12:32,135,99.1
980,1.28,12:04,136,99.1
981,1.28,11:52,135,99.1
982,1.29,11:21,135,99.7
983,1.29,11:21,135,99.7
984,1.29,11:45,134,100.4
985,1.29,12:32,133,100.4
986,1.29,12:46,132,100.4
987,1.29,13:16,133,100.4
988,1.29,12:25,134,99.7
989,1.3,12:18,134,99.7
990,1.3,12:32,135,99.7
991,1.3,12:39,134,99.7
992,1.3,13:58,135,100.4
993,1.3,15:04,135,100.4
994,1.3,15:14,136,100.4
995,1.3,13:58,137,100.4
996,1.3,14:54,137,100.4
997,1.31,12:46,137,100.4
998,1.31,12:04,137,100.4
999,1.31,11:21,137,100.4
1000,1.31,11:33,137,100.4
1001,1.31,11:27,137,100.4
1002,1.31,12:11,136,100.4
1003,1.31,12:25,136,99.7
1004,1.31,13:41,137,99.7
1005,1.32,13:24,137,99.7
1006,1.32,12:53,137,99.7
1007,1.32,12:39,138,99.7
1008,1.32,13:32,138,99.7
1009,1.32,13:24,138,99.7
1010,1.32,13:49,138,99.7
1011,1.32,13:49,137,99.7
1012,1.32,16:09,138,99.7
1013,1.32,17:25,138,99.1
1014,1.33,16:45,139,99.1
1015,1.33,15:14,139,99.1
1016,1.33,14:44,138,99.1
1017,1.33,12:18,137,99.1
1018,1.33,10:59,137,99.1
1019,1.33,10:28,137,99.1
1020,1.34,10:18,137,99.1
1021,1.34,10:05,138,99.1
1022,1.34,10:48,137,98.4
1023,1.34,10:43,137,98.4
1024,1.34,10:54,137,99.1
1025,1.34,11:39,137,99.1
1026,1.34,11:52,137,99.1
1027,1.35,11:45,137,98.4
1028,1.35,11:27,136,98.4
1029,1.35,11:39,136,98.4
1030,1.35,12:46,136,98.4
1031,1.35,13:49,136,98.4
1032,1.35,13:08,136,98.4
1033,1.35,16:45,135,98.4
1034,1.35,17:52,134,98.4
1035,1.35,16:33,134,98.4
1036,1.36,14:54,134,98.4
1037,1.36,15:46,134,98.4
1038,1.36,13:08,134,98.4
1039,1.36,11:52,134,98.4
1040,1.36,11:33,134,98.4
1041,1.36,12:32,134,98.4
1042,1.36,12:32,134,98.4
1043,1.37,13:08,133,98.4
1044,1.37,14:25,132,98.4
1045,1.37,14:25,133,98.4
1046,1.37,14:16,132,98.4
1047,1.37,13:49,131,98.4
1048,1.37,13:32,131,98.4
1049,1.37,12:53,131,98.4
1050,1.37,12:25,129,98.4
1051,1.38,11:27,129,98.4
1052,1.38,11:33,129,98.4
1053,1.38,11:27,129,98.4
1054,1.38,11:33,129,98.4
1055,1.38,11:52,129,99.1
1056,1.38,11:39,129,99.1
1057,1.38,11:52,129,99.1
1058,1.39,12:11,128,99.1
1059,1.39,12:04,128,99.1
1060,1.39,11:45,127,99.1
1061,1.39,12:39,127,99.1
1062,1.39,12:53,127,98.4
1063,1.39,12:46,127,98.4
1064,1.39,13:32,127,98.4
1065,1.39,14:07,127,98.4
1066,1.4,13:49,127,97.8
1067,1.4,12:32,126,97.8
1068,1.4,12:32,126,97.8
1069,1.4,12:32,126,97.8
1070,1.4,12:53,127,97.8
1071,1.4,13:16,127,97.1
1072,1.4,14:07,127,97.1
1073,1.4,14:07,128,97.1
1074,1.41,13:49,128,97.1
1075,1.41,12:46,129,97.1
1076,1.41,12:18,129,97.1
1077,1.41,11:27,130,97.1
1078,1.41,11:10,130,97.1
1079,1.41,11:10,131,96.5
1080,1.41,11:16,131,96.5
1081,1.42,11:16,131,96.5
1082,1.42,12:11,132,96.5
1083,1.42,12:11,132,97.1
1084,1.42,12:25,132,97.1
1085,1.42,12:46,132,97.1
1086,1.42,12:39,132,97.1
1087,1.42,12:04,133,97.1
1088,1.43,12:18,133,97.1
1089,1.43,11:52,133,97.1
1090,1.43,11:58,133,97.1
1091,1.43,11:39,133,96.5
1092,1.43,12:04,133,96.5
1093,1.43,12:11,133,95.8
1094,1.43,12:32,133,95.8
1095,1.43,12:32,133,95.8
1096,1.44,13:16,133,95.8
1097,1.44,13:32,134,95.8
1098,1.44,13:49,133,95.8
1099,1.44,13:58,135,95.8
1100,1.44,13:41,135,95.8
1101,1.44,13:08,135,95.8
1102,1.44,13:01,135,96.5
1103,1.45,12:18,131,96.5
1104,1.45,12:11,131,96.5
1105,1.45,12:53,131,96.5
1106,1.45,13:49,138,96.5
1107,1.45,13:41,139,96.5
1108,1.45,14:07,139,96.5
1109,1.45,14:16,139,96.5
1110,1.45,13:32,139,95.8
1111,1.45,12:46,139,95.8
1112,1.46,12:53,138,95.8
1113,1.46,12:46,138,95.1
1114,1.46,12:39,138,95.1
1115,1.46,12:53,138,95.1
1116,1.46,13:08,139,95.1
1117,1.46,13:08,138,95.1
1118,1.46,13:16,139,95.1
1119,1.47,12:53,140,94.5
1120,1.47,12:53,140,94.5
1121,1.47,13:01,139,93.8
1122,1.47,12:46,139,93.8
1123,1.47,12:39,140,93.2
1124,1.47,12:46,140,93.2
1125,1.47,12:18,141,93.2
1126,1.47,11:39,141,92.5
1127,1.48,11:45,141,92.5
1128,1.48,11:27,141,91.9
1129,1.48,11:39,141,91.9
1130,1.48,12:11,141,91.9
1131,1.48,13:24,141,91.9
1132,1.48,13:58,141,91.9
1133,1.48,14:25,141,91.9
1134,1.48,14:07,142,91.9
1135,1.49,13:24,141,91.2
1136,1.49,13:16,141,91.2
1137,1.49,12:46,141,91.2
1138,1.49,12:04,140,90.6
1139,1.49,12:39,140,90.6
1140,1.49,13:24,140,90.6
1141,1.49,12:46,139,89.9
1142,1.5,12:32,140,89.9
1143,1.5,13:01,139,89.9
1144,1.5,12:53,139,89.9
1145,1.5,12:18,140,89.9
1146,1.5,12:11,140,90.6
1147,1.5,12:04,140,90.6
1148,1.5,12:25,140,90.6
1149,1.5,11:52,140,90.6
1150,1.51,11:52,140,90.6
1151,1.51,11:52,140,89.9
1152,1.51,11:39,140,89.9
1153,1.51,11:39,140,90.6
1154,1.51,12:18,139,90.6
1155,1.51,12:46,139,91.2
1156,1.51,12:46,139,91.2
1157,1.52,12:39,140,91.2
1158,1.52,12:04,140,91.2
1159,1.52,11:39,140,91.2
1160,1.52,11:33,140,91.2
1161,1.52,11:58,140,91.9
1162,1.52,12:53,139,91.9
1163,1.52,13:32,139,91.9
1164,1.52,13:58,139,91.9
1165,1.53,15:14,139,91.9
1166,1.53,14:54,140,91.9
1167,1.53,13:58,140,92.5
1168,1.53,14:07,140,92.5
1169,1.53,14:16,141,92.5
1170,1.53,13:41,140,92.5
1171,1.53,13:01,140,92.5
1172,1.53,13:08,140,93.2
1173,1.54,13:08,140,93.2
1174,1.54,12:25,139,93.2
1175,1.54,12:18,140,93.2
1176,1.54,13:16,140,93.8
1177,1.54,14:07,140,93.8
1178,1.54,14:25,140,93.8
1179,1.54,15:14,140,93.8
1180,1.54,14:54,140,94.5
1181,1.54,15:14,140,94.5
1182,1.55,15:35,140,94.5
1183,1.55,13:49,141,94.5
1184,1.55,13:08,142,95.1
1185,1.55,12:46,142,95.1
1186,1.55,12:32,142,95.1
1187,1.55,11:58,142,95.8
1188,1.55,12:39,142,95.8
1189,1.56,12:53,143,95.8
1190,1.56,13:58,143,95.8
1191,1.56,13:32,143,95.8
1192,1.56,13:32,143,96.5
1193,1.56,14:07,143,96.5
1194,1.56,14:07,143,96.5
1195,1.56,13:01,145,96.5
1196,1.56,12:32,145,97.1
1197,1.57,12:11,145,97.1
1198,1.57,12:11,145,97.1
1199,1.57,12:11,145,97.1
1200,1.57,12:25,145,97.1
1201,1.57,13:01,145,97.1
1202,1.57,13:41,146,97.8
1203,1.57,13:24,146,97.8
1204,1.57,13:41,146,97.1
1205,1.58,13:41,146,97.1
1206,1.58,13:08,146,97.1
1207,1.58,12:39,147,97.1
1208,1.58,12:39,147,97.1
1209,1.58,12:11,148,97.1
1210,1.58,12:04,147,96.5
1211,1.58,11:58,147,97.1
1212,1.59,11:39,146,96.5
1213,1.59,11:10,147,96.5
1214,1.59,11:10,147,96.5
1215,1.59,10:59,148,95.8
1216,1.59,11:21,148,95.8
1217,1.59,11:58,148,95.8
1218,1.59,13:01,148,95.8
1219,1.6,12:53,147,95.8
1220,1.6,13:08,148,95.8
1221,1.6,13:16,147,95.8
1222,1.6,13:16,147,95.8
1223,1.6,12:32,147,95.8
1224,1.6,12:53,147,95.8
1225,1.6,13:16,147,95.8
1226,1.6,13:01,147,95.8
1227,1.61,12:53,147,95.8
1228,1.61,13:24,147,95.8
1229,1.61,13:41,146,95.8
1230,1.61,14:25,145,96.5
1231,1.61,14:25,146,96.5
1232,1.61,14:34,146,96.5
1233,1.61,13:58,146,96.5
1234,1.61,13:32,145,96.5
1235,1.62,12:25,146,96.5
1236,1.62,12:11,146,96.5
1237,1.62,11:45,146,97.1
1238,1.62,12:18,146,97.1
1239,1.62,12:39,145,96.5
1240,1.62,13:24,145,96.5
1241,1.62,13:16,145,95.8
1242,1.62,13:24,145,95.8
1243,1.63,12:53,145,95.8
1244,1.63,12:39,145,95.8
1245,1.63,12:18,144,95.1
1246,1.63,13:01,145,95.8
1247,1.63,13:01,144,95.8
1248,1.63,14:07,143,95.1
1249,1.63,13:41,143,95.8
1250,1.63,13:24,143,95.8
1251,1.64,13:41,143,95.8
1252,1.64,13:41,144,95.8
1253,1.64,12:04,144,95.1
1254,1.64,12:25,144,95.1
1255,1.64,11:52,144,95.1
1256,1.64,11:05,144,95.1
1257,1.64,11:39,144,95.1
1258,1.65,12:39,144,95.1
1259,1.65,13:01,143,94.5
1260,1.65,13:49,143,94.5
1261,1.65,13:08,143,94.5
1262,1.65,12:53,143,94.5
1263,1.65,12:32,143,94.5
1264,1.65,11:39,143,94.5
1265,1.65,12:04,144,94.5
1266,1.66,12:25,143,94.5
1267,1.66,12:11,143,94.5
1268,1.66,12:18,143,94.5
1269,1.66,13:01,143,94.5
1270,1.66,12:04,142,94.5
1271,1.66,13:01,142,94.5
1272,1.66,12:46,142,95.1
1273,1.66,13:08,141,95.1
1274,1.67,14:07,142,95.1
1275,1.67,13:01,142,95.1
1276,1.67,13:01,143,95.1
1277,1.67,13:58,143,95.1
1278,1.67,12:39,142,95.1
1279,1.67,12:39,142,95.1
1280,1.67,15:14,143,95.1
1281,1.67,15:14,141,95.1
1282,1.68,15:35,141,95.8
1283,1.68,16:58,142,95.8
1284,1.68,14:54,143,95.1
1285,1.68,13:01,143,95.1
1286,1.68,12:53,143,95.8
1287,1.68,11:33,143,95.8
1288,1.68,11:52,144,95.8
1289,1.69,11:27,143,95.8
1290,1.69,12:04,143,95.8
1291,1.69,12:25,144,96.5
1292,1.69,13:01,143,96.5
1293,1.69,13:08,144,96.5
1294,1.69,13:58,144,96.5
1295,1.69,13:16,145,96.5
1296,1.69,12:39,144,96.5
1297,1.7,12:39,145,96.5
1298,1.7,12:04,145,97.1
1299,1.7,12:18,144,97.1
1300,1.7,13:08,144,97.1
1301,1.7,13:16,144,97.1
1302,1.7,13:49,144,97.1
1303,1.7,13:01,143,97.1
1304,1.7,12:53,143,97.8
1305,1.71,12:32,143,97.8
1306,1.71,12:18,142,97.8
1307,1.71,11:58,142,97.8
1308,1.71,12:04,142,97.8
1309,1.71,12:39,141,98.4
1310,1.71,12:46,141,98.4
1311,1.71,13:01,141,98.4
1312,1.71,13:08,141,98.4
1313,1.72,13:41,141,98.4
1314,1.72,13:01,141,98.4
1315,1.72,13:16,141,98.4
1316,1.72,13:16,141,99.1
1317,1.72,13:16,142,99.1
1318,1.72,13:08,141,99.1
1319,1.72,14:16,141,99.1
1320,1.72,13:49,142,99.1
1321,1.73,14:25,142,99.1
1322,1.73,14:54,143,99.1
1323,1.73,16:21,144,99.1
1324,1.73,14:44,144,99.1
1325,1.73,14:44,144,99.7
1326,1.73,14:16,144,99.7
1327,1.73,13:58,144,99.7
1328,1.73,12:46,144,99.7
1329,1.74,13:08,144,99.7
1330,1.74,13:49,144,99.7
1331,1.74,12:53,145,99.7
1332,1.74,12:46,145,99.7
1333,1.74,13:32,145,99.7
1334,1.74,13:24,145,99.1
1335,1.74,12:32,145,99.1
1336,1.74,13:01,145,99.1
1337,1.75,12:39,145,99.1
1338,1.75,12:11,144,99.1
1339,1.75,11:52,143,99.1
1340,1.75,11:45,144,99.1
1341,1.75,11:39,144,99.1
1342,1.75,11:33,145,99.1
1343,1.75,11:45,145,99.1
1344,1.76,11:58,146,99.1
1345,1.76,12:04,145,99.1
1346,1.76,12:32,145,99.7
1347,1.76,12:46,145,99.7
1348,1.76,12:25,145,99.7
1349,1.76,12:53,145,99.7
1350,1.76,12:39,145,99.7
1351,1.76,11:58,145,99.7
1352,1.77,12:04,145,99.7
1353,1.77,12:39,145,100.4
1354,1.77,13:01,145,100.4
1355,1.77,13:32,145,100.4
1356,1.77,14:25,145,100.4
1357,1.77,14:16,145,100.4
1358,1.77,13:49,144,100.4
1359,1.77,13:01,144,100.4
1360,1.78,12:53,143,100.4
1361,1.78,12:53,144,101.0
1362,1.78,12:32,144,101.0
1363,1.78,12:04,144,101.0
1364,1.78,11:58,144,101.0
1365,1.78,11:58,143,100.4
1366,1.78,11:27,142,100.4
1367,1.79,11:39,143,100.4
1368,1.79,11:52,143,99.7
1369,1.79,11:52,144,99.7
1370,1.79,11:45,144,99.1
1371,1.79,12:11,144,99.1
1372,1.79,11:58,144,99.1
1373,1.79,12:25,145,99.1
1374,1.8,11:58,145,98.4
1375,1.8,11:58,146,98.4
1376,1.8,11:52,146,98.4
1377,1.8,11:45,146,98.4
1378,1.8,11:16,146,98.4
1379,1.8,11:39,147,97.8
1380,1.8,11:45,146,97.8
1381,1.81,11:52,147,97.8
1382,1.81,12:04,148,97.8
1383,1.81,12:53,149,97.8
1384,1.81,12:53,149,97.8
1385,1.81,13:08,149,98.4
1386,1.81,12:46,149,98.4
1387,1.81,12:46,149,99.1
1388,1.81,12:32,149,99.7
1389,1.82,11:45,150,100.4
1390,1.82,11:27,150,101.0
1391,1.82,11:45,150,101.0
1392,1.82,12:32,150,101.7
1393,1.82,13:08,150,101.7
1394,1.82,15:35,151,102.4
1395,1.82,17:25,151,102.4
1396,1.82,17:38,151,103.0
1397,1.83,16:21,151,103.7
1398,1.83,15:14,151,104.3
1399,1.83,14:16,150,104.3
1400,1.83,13:32,152,105.0
1401,1.83,13:49,152,105.6
1402,1.83,14:44,152,106.3
1403,1.83,14:54,153,107.0
1404,1.83,14:34,153,107.0
1405,1.83,15:14,153,107.6
1406,1.84,15:35,154,108.3
1407,1.84,15:14,155,108.3
1408,1.84,14:54,154,108.3
1409,1.84,14:54,154,108.3
1410,1.84,14:44,154,108.3
1411,1.84,13:58,155,108.3
1412,1.84,13:41,155,107.6
1413,1.84,15:14,154,107.0
1414,1.84,15:46,154,107.0
1415,1.85,14:44,153,106.3
1416,1.85,13:58,153,105.0
1417,1.85,13:58,153,104.3
1418,1.85,12:39,152,103.7
1419,1.85,12:32,151,103.0
1420,1.85,12:46,151,103.0
1421,1.85,13:49,151,102.4
1422,1.85,13:41,151,101.7
1423,1.86,14:54,151,101.7
1424,1.86,15:04,151,101.7
1425,1.86,15:46,150,101.7
1426,1.86,15:46,150,101.0
1427,1.86,16:21,149,101.0
1428,1.86,15:04,150,101.0
1429,1.86,15:04,149,101.0
1430,1.86,14:16,149,100.4
1431,1.86,12:46,147,100.4
1432,1.87,13:08,146,100.4
1433,1.87,12:32,145,100.4
1434,1.87,12:04,143,100.4
1435,1.87,12:18,142,100.4
1436,1.87,13:16,141,100.4
1437,1.87,12:11,142,100.4
1438,1.87,12:46,142,100.4
1439,1.88,12:53,142,100.4
1440,1.88,12:39,142,100.4
1441,1.88,12:53,142,100.4
1442,1.88,13:41,142,100.4
1443,1.88,13:32,142,100.4
1444,1.88,13:32,140,100.4
1445,1.88,13:41,142,100.4
1446,1.88,13:24,142,100.4
1447,1.88,13:08,142,100.4
1448,1.89,13:16,141,100.4
1449,1.89,13:49,141,100.4
1450,1.89,14:34,141,100.4
1451,1.89,14:07,141,100.4
1452,1.89,14:34,141,100.4
1453,1.89,13:58,141,100.4
1454,1.89,13:08,141,100.4
1455,1.9,11:33,141,99.7
1456,1.9,10:43,141,99.7
1457,1.9,10:00,141,99.7
1458,1.9,10:00,140,99.7
1459,1.9,9:43,140,99.7
1460,1.9,10:38,140,99.7
1461,1.9,11:45,141,99.7
1462,1.91,13:08,143,99.1
1463,1.91,13:24,143,99.1
1464,1.91,14:16,144,99.1
1465,1.91,14:16,145,99.1
1466,1.91,14:16,145,99.1
1467,1.91,12:32,147,99.1
1468,1.91,13:49,149,99.1
1469,1.91,13:24,149,99.1
1470,1.92,13:24,150,99.7
1471,1.92,13:08,150,99.7
1472,1.92,14:07,149,99.7
1473,1.92,12:32,148,99.7
1474,1.92,12:25,149,99.1
1475,1.92,11:52,149,99.1
1476,1.92,11:52,148,99.7
1477,1.93,11:45,149,99.7
1478,1.93,12:11,149,99.7
1479,1.93,12:18,149,99.7
1480,1.93,11:58,148,99.7
1481,1.93,11:45,149,99.1
1482,1.93,11:33,149,99.1
1483,1.93,11:33,148,98.4
1484,1.93,11:58,147,98.4
1485,1.94,12:25,146,97.8
1486,1.94,12:46,144,97.8
1487,1.94,13:16,143,97.8
1488,1.94,13:24,143,97.1
1489,1.94,14:07,142,96.5
1490,1.94,15:46,141,95.8
1491,1.94,17:25,141,95.1
1492,1.94,17:52,141,94.5
1493,1.94,17:52,141,94.5
1494,1.95,14:34,141,93.8
1495,1.95,12:25,142,93.8
1496,1.95,11:39,143,93.2
1497,1.95,11:33,143,93.2
1498,1.95,11:05,143,93.2
1499,1.95,11:05,144,93.2
1500,1.96,11:16,144,93.2
1501,1.96,11:05,145,93.2
1502,1.96,10:33,144,93.2
1503,1.96,11:05,145,93.2
1504,1.96,11:33,145,93.2
1505,1.96,12:11,145,93.8
1506,1.96,12:11,146,94.5
1507,1.97,12:11,146,94.5
1508,1.97,11:45,146,94.5
1509,1.97,12:25,146,95.1
1510,1.97,12:18,145,95.1
1511,1.97,12:39,146,95.1
1512,1.97,13:08,146,95.1
1513,1.97,12:32,146,95.1
1514,1.97,11:58,146,95.1
1515,1.98,12:11,147,95.8
1516,1.98,11:58,147,95.8
1517,1.98,12:39,147,96.5
1518,1.98,14:34,146,96.5
1519,1.98,15:46,146,96.5
1520,1.98,15:46,147,97.1
1521,1.98,15:35,148,97.1
1522,1.98,13:58,148,97.1
1523,1.99,13:01,149,97.1
1524,1.99,11:58,149,97.8
1525,1.99,11:45,150,97.8
1526,1.99,11:58,149,98.4
1527,1.99,11:58,149,98.4
1528,1.99,11:45,149,98.4
1529,1.99,12:39,149,98.4
1530,1.99,12:18,149,98.4
1531,2.0,12:32,149,98.4
1532,2.0,13:16,149,98.4
1533,2.0,13:01,149,99.1
1534,2.0,12:18,150,99.1
1535,2.0,13:01,150,99.1
1536,2.0,12:18,149,99.1
1537,2.0,12:39,149,99.7
1538,2.01,13:01,150,99.7
1539,2.01,13:49,150,99.7
1540,2.01,13:49,151,99.7
1541,2.01,14:25,150,99.7
1542,2.01,13:58,150,99.7
1543,2.01,14:16,150,99.7
1544,2.01,14:54,150,100.4
1545,2.01,14:25,150,100.4
1546,2.01,14:25,150,100.4
1547,2.02,13:49,151,101.0
1548,2.02,13:16,151,101.0
1549,2.02,12:32,151,101.0
1550,2.02,12:18,152,100.4
1551,2.02,11:33,152,100.4
1552,2.02,12:04,152,100.4
1553,2.02,12:18,152,100.4
1554,2.03,12:04,152,100.4
1555,2.03,11:52,153,99.7
1556,2.03,11:58,153,99.7
1557,2.03,11:39,153,99.7
1558,2.03,11:58,154,99.7
1559,2.03,12:11,155,99.7
1560,2.03,13:01,155,99.1
1561,2.03,13:16,155,99.1
1562,2.04,13:32,156,99.1
1563,2.04,13:32,155,99.1
1564,2.04,14:25,154,99.1
1565,2.04,15:04,154,99.1
1566,2.04,15:14,155,99.1
1567,2.04,14:54,155,99.1
1568,2.04,14:16,155,99.1
1569,2.04,13:16,156,99.7
1570,2.05,11:33,155,99.7
1571,2.05,11:58,155,99.7
1572,2.05,12:04,154,99.7
1573,2.05,12:18,153,99.7
1574,2.05,12:46,153,99.7
1575,2.05,13:01,153,99.7
1576,2.05,12:18,153,99.7
1577,2.06,12:11,152,99.7
1578,2.06,12:04,152,99.7
1579,2.06,11:21,152,99.7
1580,2.06,11:58,151,99.7
1581,2.06,12:11,152,99.7
1582,2.06,12:11,152,99.7
1583,2.06,12:25,152,99.7
1584,2.06,12:46,151,99.7
1585,2.07,13:01,151,99.7
1586,2.07,13:41,151,99.7
1587,2.07,12:53,151,99.1
1588,2.07,11:58,151,99.1
1589,2.07,12:18,151,99.1
1590,2.07,12:32,151,99.1
1591,2.07,12:32,151,99.1
1592,2.07,13:41,150,99.1
1593,2.08,15:46,150,99.1
1594,2.08,16:21,151,99.1
1595,2.08,15:46,151,99.1
1596,2.08,15:04,151,99.1
1597,2.08,14:34,151,99.1
1598,2.08,14:07,150,99.1
1599,2.08,13:49,150,99.1
1600,2.08,13:16,150,99.1
1601,2.09,13:49,149,99.1
1602,2.09,13:41,149,99.1
1603,2.09,13:24,149,99.1
1604,2.09,12:32,149,99.1
1605,2.09,13:08,149,99.1
1606,2.09,11:58,149,99.1
1607,2.09,11:52,150,99.1
1608,2.09,11:27,150,99.1
1609,2.1,11:39,150,99.1
1610,2.1,12:18,150,99.1
1611,2.1,13:58,150,99.1
1612,2.1,13:49,150,99.1
1613,2.1,13:24,149,99.1
1614,2.1,12:53,149,99.1
1615,2.1,12:32,150,99.7
1616,2.11,11:52,149,99.7
1617,2.11,11:58,149,99.7
1618,2.11,12:25,149,99.7
1619,2.11,12:25,149,99.1
1620,2.11,11:21,150,99.1
1621,2.11,11:21,149,99.1
1622,2.11,11:27,149,99.1
1623,2.12,11:33,149,99.1
1624,2.12,12:11,149,99.1
1625,2.12,12:18,149,99.1
1626,2.12,12:11,148,99.7
1627,2.12,12:18,148,99.7
1628,2.12,11:58,149,99.7
1629,2.12,12:11,149,99.7
1630,2.12,13:49,148,99.7
1631,2.13,13:58,148,99.7
1632,2.13,13:24,148,100.4
1633,2.13,15:14,149,100.4
1634,2.13,14:44,149,100.4
1635,2.13,13:08,149,100.4
1636,2.13,13:32,149,100.4
1637,2.13,15:14,149,99.7
1638,2.13,14:34,149,99.7
1639,2.13,16:33,149,99.7
1640,2.14,16:09,149,99.7
1641,2.14,17:25,148,99.7
1642,2.14,16:09,149,99.7
1643,2.14,13:49,148,99.7
1644,2.14,13:16,149,99.7
1645,2.14,14:34,148,99.7
1646,2.14,13:32,149,99.7
1647,2.14,13:49,149,99.7
1648,2.15,14:07,149,99.7
1649,2.15,12:39,149,99.7
1650,2.15,11:45,149,99.7
1651,2.15,11:21,150,99.7
1652,2.15,10:28,150,99.7
1653,2.15,11:45,151,99.7
1654,2.15,12:32,150,99.7
1655,2.15,13:01,150,99.7
1656,2.16,12:53,150,99.7
1657,2.16,13:08,150,99.7
1658,2.16,12:04,149,100.4
1659,2.16,11:21,149,100.4
1660,2.16,11:21,149,100.4
1661,2.16,11:58,148,99.7
1662,2.16,12:18,149,99.7
1663,2.17,12:25,150,99.7
1664,2.17,12:18,150,100.4
1665,2.17,12:11,150,100.4
1666,2.17,12:18,150,100.4
1667,2.17,11:45,151,100.4
1668,2.17,11:39,151,101.0
1669,2.17,12:11,151,100.4
1670,2.18,11:52,151,100.4
1671,2.18,11:45,151,101.0
1672,2.18,12:39,152,101.0
1673,2.18,12:53,152,101.0
1674,2.18,13:41,151,101.0
1675,2.18,14:16,151,101.0
1676,2.18,13:49,152,101.0
1677,2.18,14:16,151,101.7
1678,2.19,14:25,151,101.7
1679,2.19,15:35,151,101.7
1680,2.19,16:21,151,101.7
1681,2.19,17:25,151,101.7
1682,2.19,17:25,152,101.0
1683,2.19,18:53,152,101.7
1684,2.19,15:35,152,101.7
1685,2.19,14:54,152,101.7
1686,2.19,14:44,152,101.7
1687,2.19,14:44,152,101.7
1688,2.2,13:16,152,101.7
1689,2.2,12:39,153,102.4
1690,2.2,11:33,153,102.4
1691,2.2,10:43,153,102.4
1692,2.2,10:00,152,101.7
1693,2.2,10:54,151,101.7
1694,2.2,11:33,151,101.7
1695,2.21,12:46,151,101.7
1696,2.21,12:53,151,102.4
1697,2.21,13:49,150,102.4
1698,2.21,11:33,150,102.4
1699,2.21,11:39,150,102.4
1700,2.21,11:10,150,102.4
1701,2.21,11:27,149,103.0
1702,2.22,11:05,150,103.0
1703,2.22,11:33,149,103.0
1704,2.22,11:05,150,103.0
1705,2.22,10:33,150,103.0
1706,2.22,10:28,151,103.0
1707,2.22,10:09,151,103.7
1708,2.23,10:23,151,103.7
1709,2.23,10:43,149,103.7
1710,2.23,11:16,150,103.7
1711,2.23,11:27,149,103.7
1712,2.23,11:33,149,103.7
1713,2.23,11:27,150,103.7
1714,2.23,11:21,150,104.3
1715,2.24,12:04,150,103.7
1716,2.24,12:11,150,103.7
1717,2.24,14:07,150,103.7
1718,2.24,14:34,150,103.7
1719,2.24,15:14,150,103.7
1720,2.24,15:35,151,104.3
1721,2.24,14:25,151,104.3
1722,2.24,13:01,151,104.3
1723,2.25,13:16,151,104.3
1724,2.25,13:16,150,105.0
1725,2.25,12:46,150,105.0
1726,2.25,12:53,150,105.0
1727,2.25,12:25,150,105.6
1728,2.25,13:16,150,105.6
1729,2.25,13:08,151,106.3
1730,2.25,13:32,151,106.3
1731,2.25,14:54,151,107.0
1732,2.26,17:25,151,107.0
1733,2.26,16:21,151,107.6
1734,2.26,15:57,152,107.6
1735,2.26,14:54,152,108.3
1736,2.26,15:14,152,108.9
1737,2.26,14:44,153,108.9
1738,2.26,14:34,153,109.6
1739,2.26,14:34,153,109.6
1740,2.27,14:16,154,110.2
1741,2.27,12:39,154,110.2
1742,2.27,12:11,155,110.9
1743,2.27,12:04,155,110.9
1744,2.27,12:18,155,110.9
1745,2.27,11:52,155,110.9
1746,2.27,12:04,155,111.5
1747,2.28,11:39,155,111.5
1748,2.28,11:39,155,112.2
1749,2.28,11:21,155,112.2
1750,2.28,11:52,155,112.9
1751,2.28,12:11,155,112.9
1752,2.28,11:45,155,113.5
1753,2.28,11:33,155,113.5
1754,2.28,11:39,155,113.5
1755,2.29,11:39,155,113.5
1756,2.29,11:58,155,112.9
1757,2.29,13:32,155,112.9
1758,2.29,14:16,155,112.2
1759,2.29,14:54,154,112.2
1760,2.29,14:34,153,112.2
1761,2.29,14:07,154,111.5
1762,2.3,12:25,153,111.5
1763,2.3,12:04,152,110.9
1764,2.3,11:58,152,110.9
1765,2.3,11:58,151,110.9
1766,2.3,12:18,152,110.9
1767,2.3,13:01,152,110.2
1768,2.3,12:46,150,110.2
1769,2.3,12:32,151,110.2
1770,2.31,13:08,150,109.6
1771,2.31,12:53,150,108.9
1772,2.31,12:46,149,108.9
1773,2.31,12:39,147,108.3
1774,2.31,12:18,147,108.3
1775,2.31,12:25,145,107.6
1776,2.31,12:32,145,107.6
1777,2.31,12:39,145,107.6
1778,2.32,13:08,146,107.0
1779,2.32,13:24,146,107.0
1780,2.32,12:53,147,106.3
1781,2.32,12:39,146,106.3
1782,2.32,12:11,146,106.3
1783,2.32,12:04,146,105.6
1784,2.32,11:52,146,105.6
1785,2.33,11:52,146,105.6
1786,2.33,11:39,146,105.0
1787,2.33,11:33,146,105.0
1788,2.33,11:39,146,105.6
1789,2.33,11:45,146,105.6
1790,2.33,11:45,146,105.6
1791,2.33,12:25,147,105.0
1792,2.34,12:39,148,105.0
1793,2.34,11:58,150,105.6
1794,2.34,12:04,149,105.6
1795,2.34,12:04,149,105.6
1796,2.34,11:45,149,105.6
1797,2.34,12:04,150,105.0
1798,2.34,12:39,150,105.0
1799,2.34,12:53,150,104.3
1800,2.35,13:41,150,104.3
1801,2.35,13:49,150,104.3
1802,2.35,13:58,150,103.7
1803,2.35,14:16,150,103.7
1804,2.35,14:25,150,104.3
1805,2.35,13:49,150,104.3
1806,2.35,13:58,150,103.7
1807,2.35,14:34,151,103.7
1808,2.36,13:01,150,103.7
1809,2.36,12:25,150,103.7
1810,2.36,11:21,149,103.7
1811,2.36,10:09,148,104.3
1812,2.36,9:30,148,104.3
1813,2.36,9:51,148,104.3
1814,2.37,9:43,147,104.3
1815,2.37,10:14,148,104.3
1816,2.37,11:10,148,104.3
1817,2.37,11:27,148,104.3
1818,2.37,11:52,147,104.3
1819,2.37,12:39,147,104.3
1820,2.37,12:53,146,104.3
1821,2.37,13:32,146,104.3
1822,2.38,14:16,146,105.0
1823,2.38,14:25,145,105.0
1824,2.38,14:25,145,105.0
1825,2.38,15:04,146,104.3
1826,2.38,13:41,146,104.3
1827,2.38,12:04,145,104.3
1828,2.38,11:27,145,104.3
1829,2.39,11:16,145,104.3
1830,2.39,10:38,144,104.3
1831,2.39,10:59,145,103.7
1832,2.39,11:21,145,103.7
1833,2.39,11:45,146,104.3
1834,2.39,11:33,147,104.3
1835,2.39,12:04,146,103.7
1836,2.39,12:53,146,103.7
1837,2.4,13:32,146,103.7
1838,2.4,13:49,145,103.7
1839,2.4,14:44,145,103.7
1840,2.4,14:54,146,103.7
1841,2.4,13:49,145,104.3
1842,2.4,14:16,145,104.3
1843,2.4,13:58,146,104.3
1844,2.4,13:24,146,104.3
1845,2.41,12:53,146,103.7
1846,2.41,12:53,146,103.7
1847,2.41,12:11,146,103.7
1848,2.41,11:58,146,103.7
1849,2.41,11:58,148,104.3
1850,2.41,11:58,148,104.3
1851,2.41,12:11,148,104.3
1852,2.42,12:04,149,104.3
1853,2.42,11:27,149,105.0
1854,2.42,11:39,148,105.0
1855,2.42,12:04,148,105.6
1856,2.42,11:39,148,105.6
1857,2.42,11:58,148,105.6
1858,2.42,13:16,148,105.0
1859,2.42,13:41,150,105.0
1860,2.43,13:41,149,105.0
1861,2.43,14:07,149,104.3
1862,2.43,13:41,150,105.0
1863,2.43,13:32,150,105.0
1864,2.43,13:08,151,105.0
1865,2.43,12:32,151,105.0
1866,2.43,12:18,152,105.0
1867,2.44,12:39,152,105.0
1868,2.44,12:46,153,105.0
1869,2.44,12:53,153,104.3
1870,2.44,13:49,154,104.3
1871,2.44,14:34,154,104.3
1872,2.44,14:16,154,104.3
1873,2.44,13:58,155,105.0
1874,2.44,12:39,154,105.0
1875,2.45,11:45,155,105.0
1876,2.45,11:33,155,105.6
1877,2.45,12:04,155,105.6
1878,2.45,12:04,155,105.6
1879,2.45,12:46,154,105.6
1880,2.45,13:01,154,105.0
1881,2.45,12:53,155,105.6
1882,2.45,12:53,155,105.6
1883,2.46,12:46,154,105.6
1884,2.46,12:53,154,105.6
1885,2.46,13:01,154,105.6
1886,2.46,13:01,154,106.3
1887,2.46,13:16,154,106.3
1888,2.46,13:41,154,106.3
1889,2.46,13:01,153,106.3
1890,2.46,13:08,153,106.3
1891,2.47,13:01,153,106.3
1892,2.47,12:39,153,105.6
1893,2.47,12:39,152,105.6
1894,2.47,13:16,152,105.6
1895,2.47,13:41,151,105.6
1896,2.47,13:16,152,105.6
1897,2.47,13:08,151,105.6
1898,2.47,13:01,152,106.3
1899,2.48,13:16,151,105.6
1900,2.48,12:11,151,105.6
1901,2.48,11:52,151,105.6
1902,2.48,12:04,151,106.3
1903,2.48,11:45,151,106.3
1904,2.48,12:18,151,106.3
1905,2.48,13:16,151,106.3
1906,2.49,13:32,151,107.0
1907,2.49,13:08,151,107.0
1908,2.49,13:32,150,107.6
1909,2.49,12:39,150,107.6
1910,2.49,12:39,150,107.6
1911,2.49,13:32,150,107.6
1912,2.49,13:49,151,107.6
1913,2.49,13:16,151,107.6
1914,2.5,13:16,151,107.6
1915,2.5,13:24,151,107.6
1916,2.5,13:08,150,108.3
1917,2.5,12:53,151,108.9
1918,2.5,12:11,152,108.9
1919,2.5,11:45,152,108.9
1920,2.5,11:10,151,108.9
1921,2.51,10:59,151,108.3
1922,2.51,10:14,152,108.3
1923,2.51,10:23,152,108.3
1924,2.51,10:38,153,108.9
1925,2.51,10:48,153,108.9
1926,2.51,10:59,153,108.9
1927,2.51,11:58,153,108.9
1928,2.52,13:08,154,108.9
1929,2.52,13:49,154,108.3
1930,2.52,14:25,154,108.3
1931,2.52,14:44,154,108.3
1932,2.52,14:54,155,108.9
1933,2.52,13:49,154,108.9
1934,2.52,13:16,154,108.9
1935,2.52,12:53,154,108.9
1936,2.53,12:04,155,108.9
1937,2.53,12:25,155,108.9
1938,2.53,13:16,155,109.6
1939,2.53,13:16,154,109.6
1940,2.53,13:41,155,109.6
1941,2.53,13:58,154,109.6
1942,2.53,12:39,154,109.6
1943,2.53,11:52,154,109.6
1944,2.54,11:52,155,109.6
1945,2.54,11:39,155,109.6
1946,2.54,12:32,155,110.2
1947,2.54,13:08,155,110.2
1948,2.54,13:24,155,110.9
1949,2.54,13:32,155,110.9
1950,2.54,12:46,155,110.9
1951,2.55,12:18,156,110.9
1952,2.55,13:01,156,110.2
1953,2.55,13:24,155,110.9
1954,2.55,13:49,156,110.9
1955,2.55,15:14,155,110.9
1956,2.55,15:14,155,110.9
1957,2.55,15:04,155,110.9
1958,2.55,15:14,156,110.9
1959,2.55,15:14,157,110.9
1960,2.56,14:44,157,110.9
1961,2.56,14:16,157,111.5
1962,2.56,13:32,156,111.5
1963,2.56,13:01,157,112.2
1964,2.56,12:04,155,112.2
1965,2.56,12:18,155,112.2
1966,2.56,13:08,155,112.2
1967,2.56,12:04,156,112.2
1968,2.57,11:58,157,112.2
1969,2.57,10:54,157,111.5
1970,2.57,10:38,157,111.5
1971,2.57,9:43,156,112.2
1972,2.57,10:18,157,112.2
1973,2.57,10:48,156,112.2
1974,2.58,11:45,156,112.2
1975,2.58,11:52,155,112.2
1976,2.58,13:08,155,112.2
1977,2.58,13:41,155,112.2
1978,2.58,14:07,156,112.2
1979,2.58,14:44,156,112.9
1980,2.58,13:41,155,112.9
1981,2.58,12:18,154,112.9
1982,2.59,11:58,155,113.5
1983,2.59,10:48,155,113.5
1984,2.59,11:05,155,113.5
1985,2.59,11:45,154,113.5
1986,2.59,12:18,154,113.5
1987,2.59,12:25,154,113.5
1988,2.59,14:07,154,113.5
1989,2.59,14:07,154,113.5
1990,2.6,13:49,154,114.2
1991,2.6,14:07,154,114.2
1992,2.6,14:07,153,114.2
1993,2.6,13:08,152,114.2
1994,2.6,13:16,152,114.8
1995,2.6,13:08,153,114.8
1996,2.6,13:58,153,114.8
1997,2.6,14:16,153,114.8
1998,2.61,14:07,153,114.8
1999,2.61,14:44,153,114.8
2000,2.61,16:21,153,115.5
2001,2.61,14:44,154,115.5
2002,2.61,15:14,154,115.5
2003,2.61,15:57,153,115.5
2004,2.61,15:04,153,115.5
2005,2.61,13:01,153,116.1
2006,2.62,12:53,153,116.1
2007,2.62,12:04,154,116.1
2008,2.62,11:16,154,116.1
2009,2.62,11:27,154,116.1
2010,2.62,12:39,154,116.1
2011,2.62,13:58,153,116.1
2012,2.62,14:34,153,116.8
2013,2.62,15:04,153,116.8
2014,2.62,14:34,153,116.8
2015,2.63,13:58,153,116.8
2016,2.63,13:08,151,116.8
2017,2.63,12:39,151,117.5
2018,2.63,12:39,151,117.5
2019,2.63,12:11,151,117.5
2020,2.63,12:04,152,117.5
2021,2.63,11:33,152,117.5
2022,2.64,11:33,151,117.5
2023,2.64,11:52,152,118.1
2024,2.64,12:25,152,118.1
2025,2.64,12:18,153,118.1
2026,2.64,13:08,153,118.1
2027,2.64,13:41,153,117.5
2028,2.64,13:49,154,117.5
2029,2.64,14:25,154,117.5
2030,2.65,15:57,154,117.5
2031,2.65,15:35,155,117.5
2032,2.65,15:24,155,118.1
2033,2.65,15:35,155,118.1
2034,2.65,13:49,156,118.8
2035,2.65,13:32,155,118.8
2036,2.65,13:24,155,118.8
2037,2.65,12:25,156,118.8
2038,2.66,12:11,155,118.8
2039,2.66,13:08,155,118.8
2040,2.66,13:01,154,119.4
2041,2.66,13:41,155,119.4
2042,2.66,15:24,155,119.4
2043,2.66,16:09,155,119.4
2044,2.66,15:35,154,119.4
2045,2.66,15:46,154,119.4
2046,2.66,15:46,152,120.1
2047,2.67,14:07,152,120.1
2048,2.67,12:18,153,120.1
2049,2.67,11:39,155,120.1
2050,2.67,10:59,155,120.7
2051,2.67,10:33,154,120.7
2052,2.67,10:48,155,120.7
2053,2.67,11:27,155,120.7
2054,2.68,12:25,155,120.7
2055,2.68,13:24,155,121.4
2056,2.68,14:34,155,121.4
2057,2.68,16:21,155,121.4
2058,2.68,16:58,156,121.4
2059,2.68,16:09,156,121.4
2060,2.68,14:44,156,121.4
2061,2.68,14:16,155,121.4
2062,2.68,14:44,155,121.4
2063,2.69,14:25,155,121.4
2064,2.69,14:44,154,121.4
2065,2.69,15:04,154,121.4
2066,2.69,16:21,155,121.4
2067,2.69,14:54,155,121.4
2068,2.69,15:35,155,121.4
2069,2.69,14:54,154,121.4
2070,2.69,15:14,154,121.4
2071,2.7,12:18,154,121.4
2072,2.7,11:52,153,122.0
2073,2.7,10:54,153,122.0
2074,2.7,10:48,153,122.0
2075,2.7,10:23,153,122.0
2076,2.7,11:16,154,122.0
2077,2.7,11:16,153,122.0
2078,2.71,12:18,153,122.0
2079,2.71,12:25,152,122.0
2080,2.71,12:32,152,122.0
2081,2.71,12:04,153,122.0
2082,2.71,12:11,154,122.0
2083,2.71,11:33,154,122.7
2084,2.71,11:21,154,122.7
2085,2.72,11:27,154,122.7
2086,2.72,12:04,153,122.7
2087,2.72,13:01,154,122.7
2088,2.72,13:24,154,122.7
2089,2.72,15:04,154,122.0
2090,2.72,15:35,154,122.7
2091,2.72,15:24,154,122.7
2092,2.72,14:34,154,122.7
2093,2.72,16:09,154,122.7
2094,2.73,15:04,155,122.7
2095,2.73,16:09,154,122.7
2096,2.73,15:24,154,122.7
2097,2.73,15:04,153,122.7
2098,2.73,13:01,153,122.7
2099,2.73,13:58,153,122.7
2100,2.73,12:53,153,122.7
2101,2.73,13:01,154,122.7
2102,2.74,12:32,154,122.7
2103,2.74,12:39,153,122.7
2104,2.74,10:54,153,122.7
2105,2.74,10:54,152,122.7
2106,2.74,11:21,150,122.7
2107,2.74,12:53,147,122.7
2108,2.74,13:16,144,122.7
2109,2.74,15:24,142,122.7
2110,2.75,15:46,140,122.7
2111,2.75,15:35,140,122.7
2112,2.75,15:04,141,122.7
2113,2.75,14:54,144,122.7
2114,2.75,14:34,145,122.7
2115,2.75,14:34,146,123.4
2116,2.75,14:25,147,123.4
2117,2.75,13:41,147,124.0
2118,2.75,13:24,148,124.0
2119,2.76,13:16,148,124.0
2120,2.76,12:32,149,124.0
2121,2.76,12:32,151,124.0
2122,2.76,12:11,151,124.7
2123,2.76,12:18,152,124.0
2124,2.76,11:16,152,124.7
2125,2.76,11:33,155,124.7
2126,2.77,11:39,155,124.7
2127,2.77,12:04,155,125.3
2128,2.77,13:08,156,125.3
2129,2.77,14:16,156,126.0
2130,2.77,14:44,156,126.0
2131,2.77,16:09,156,126.6
2132,2.77,16:09,157,127.3
2133,2.77,15:35,158,127.3
2134,2.77,15:24,159,128.0
2135,2.78,15:46,159,128.0
2136,2.78,15:14,160,128.6
2137,2.78,15:35,160,128.6
2138,2.78,14:54,161,128.6
2139,2.78,15:35,161,128.6
2140,2.78,14:34,161,128.6
2141,2.78,14:07,160,128.0
2142,2.78,13:41,160,127.3
2143,2.78,13:41,160,127.3
2144,2.79,13:24,159,126.6
2145,2.79,13:08,158,126.0
2146,2.79,12:18,158,126.0
2147,2.79,11:05,160,125.3
2148,2.79,10:38,160,125.3
2149,2.79,10:33,160,125.3
2150,2.8,10:59,160,125.3
2151,2.8,10:38,160,125.3
2152,2.8,11:10,159,125.3
2153,2.8,11:39,159,125.3
2154,2.8,11:58,159,125.3
2155,2.8,12:46,158,124.7
2156,2.8,14:34,159,124.7
2157,2.8,15:57,159,124.0
2158,2.81,15:24,159,124.0
2159,2.81,15:04,159,124.0
2160,2.81,13:49,158,124.0
2161,2.81,13:24,158,124.0
2162,2.81,13:01,159,124.0
2163,2.81,12:32,158,124.0
2164,2.81,12:32,157,124.0
2165,2.81,11:52,157,124.0
2166,2.82,12:39,157,124.0
2167,2.82,11:39,158,124.0
2168,2.82,12:11,158,124.0
2169,2.82,12:11,157,124.0
2170,2.82,13:16,157,124.0
2171,2.82,12:04,157,124.0
2172,2.82,13:58,157,124.0
2173,2.82,14:07,156,124.0
2174,2.83,13:49,156,124.0
2175,2.83,13:32,157,123.4
2176,2.83,13:08,157,124.0
2177,2.83,12:18,157,124.0
2178,2.83,12:18,157,124.0
2179,2.83,12:39,156,124.0
2180,2.83,12:53,156,124.0
2181,2.83,14:16,156,124.0
2182,2.84,14:07,153,124.0
2183,2.84,16:21,153,124.0
2184,2.84,17:11,154,124.0
2185,2.84,15:57,153,124.0
2186,2.84,15:04,153,124.0
2187,2.84,14:44,153,124.7
2188,2.84,13:32,152,124.7
2189,2.84,12:46,152,124.7
2190,2.85,12:18,152,124.7
2191,2.85,11:39,152,124.7
2192,2.85,11:52,152,124.7
2193,2.85,11:16,153,124.7
2194,2.85,11:05,152,124.7
2195,2.85,11:21,152,125.3
2196,2.85,12:04,152,125.3
2197,2.86,11:58,152,125.3
2198,2.86,11:45,152,125.3
2199,2.86,11:45,152,125.3
2200,2.86,11:33,151,125.3
2201,2.86,10:48,152,125.3
2202,2.86,10:59,152,125.3
2203,2.86,12:25,152,125.3
2204,2.86,13:24,151,125.3
2205,2.87,14:44,152,125.3
2206,2.87,15:46,153,125.3
2207,2.87,16:45,153,125.3
2208,2.87,14:44,152,125.3
2209,2.87,14:07,152,126.0
2210,2.87,13:16,152,126.0
2211,2.87,12:18,152,126.0
2212,2.88,10:54,153,126.0
2213,2.88,10:38,153,126.0
2214,2.88,10:48,153,126.0
2215,2.88,10:14,153,125.3
2216,2.88,10:05,154,126.0
2217,2.88,11:39,154,126.0
2218,2.88,11:45,154,126.0
2219,2.89,11:45,154,126.0
2220,2.89,13:49,154,126.0
2221,2.89,14:25,154,126.0
2222,2.89,13:01,154,126.0
2223,2.89,13:16,154,126.0
2224,2.89,12:04,154,126.0
2225,2.89,11:05,154,126.0
2226,2.9,10:43,152,126.6
2227,2.9,11:21,153,126.6
2228,2.9,12:04,153,126.6
2229,2.9,14:07,153,126.6
2230,2.9,15:35,153,126.6
2231,2.9,15:57,153,126.6
2232,2.9,14:44,154,127.3
2233,2.9,14:25,154,127.3
2234,2.9,13:41,154,127.3
2235,2.91,13:16,154,127.3
2236,2.91,14:44,153,127.3
2237,2.91,13:58,153,127.3
2238,2.91,13:08,155,127.3
2239,2.91,13:01,155,127.3
2240,2.91,13:24,155,127.3
2241,2.91,12:11,155,127.3
2242,2.91,12:39,155,127.3
2243,2.92,13:24,155,127.3
2244,2.92,12:53,155,127.3
2245,2.92,12:32,154,127.3
2246,2.92,13:32,154,128.0
2247,2.92,14:25,153,128.0
2248,2.92,14:16,154,128.0
2249,2.92,14:16,154,128.0
2250,2.92,13:24,153,128.0
2251,2.93,13:01,153,128.0
2252,2.93,13:41,154,128.0
2253,2.93,13:49,154,128.0
2254,2.93,12:25,153,128.0
2255,2.93,11:58,153,128.0
2256,2.93,11:58,153,128.0
2257,2.93,11:16,153,128.0
2258,2.94,10:43,152,128.6
2259,2.94,11:16,149,128.6
2260,2.94,11:10,145,128.6
2261,2.94,11:52,144,128.6
2262,2.94,11:58,140,128.6
2263,2.94,12:04,137,128.6
2264,2.94,13:49,134,129.3
2265,2.94,15:24,135,129.3
2266,2.95,15:24,135,129.3
2267,2.95,14:54,135,129.3
2268,2.95,14:44,135,129.3
2269,2.95,13:16,135,129.3
2270,2.95,13:49,136,129.3
2271,2.95,13:08,136,129.3
2272,2.95,13:49,136,129.3
2273,2.95,14:25,136,129.3
2274,2.96,14:44,136,129.9
2275,2.96,14:25,136,129.9
2276,2.96,13:16,136,129.9
2277,2.96,13:01,136,129.3
2278,2.96,12:39,136,129.3
2279,2.96,12:46,136,129.3
2280,2.96,12:11,136,129.3
2281,2.96,13:41,136,129.9
2282,2.97,13:24,136,129.9
2283,2.97,14:25,137,129.9
2284,2.97,13:58,137,129.9
2285,2.97,14:16,137,129.9
2286,2.97,13:58,138,129.9
2287,2.97,13:58,138,129.9
2288,2.97,13:08,139,129.9
2289,2.97,13:41,140,129.9
2290,2.98,12:53,141,129.9
2291,2.98,13:01,142,129.9
2292,2.98,13:24,144,129.9
2293,2.98,13:24,146,129.9
2294,2.98,13:01,148,130.6
2295,2.98,13:01,150,130.6
2296,2.98,11:45,151,130.6
2297,2.99,11:16,151,130.6
2298,2.99,10:48,152,130.6
2299,2.99,10:43,152,131.2
2300,2.99,10:59,152,131.2
2301,2.99,11:33,151,131.2
2302,2.99,11:52,151,131.2
2303,2.99,12:39,151,131.2
2304,2.99,12:53,150,131.2
2305,3.0,13:08,150,131.2
2306,3.0,12:53,150,131.2
2307,3.0,12:25,150,131.2
2308,3.0,11:45,150,131.2
2309,3.0,12:18,150,131.2
2310,3.0,12:46,150,131.2
2311,3.0,13:24,150,131.2
2312,3.0,13:41,150,131.2
2313,3.01,13:24,151,131.9
2314,3.01,13:01,151,131.9
2315,3.01,12:46,151,131.9
2316,3.01,12:25,152,131.9
2317,3.01,12:11,153,131.9
2318,3.01,12:46,153,131.9
2319,3.01,12:39,153,131.9
2320,3.02,12:32,152,131.9
2321,3.02,13:08,153,132.5
2322,3.02,13:16,153,132.5
2323,3.02,14:07,153,132.5
2324,3.02,13:24,153,132.5
2325,3.02,13:01,152,132.5
2326,3.02,12:53,152,132.5
2327,3.02,13:08,152,132.5
2328,3.03,12:25,152,132.5
2329,3.03,12:39,152,133.2
2330,3.03,12:53,152,133.2
2331,3.03,13:01,153,133.2
2332,3.03,12:53,153,133.2
2333,3.03,12:53,153,133.2
2334,3.03,12:53,152,132.5
2335,3.03,13:41,154,132.5
2336,3.04,13:49,154,133.2
2337,3.04,13:49,154,133.2
2338,3.04,14:16,155,133.2
2339,3.04,14:34,154,133.2
2340,3.04,13:41,155,133.2
2341,3.04,12:39,155,133.2
2342,3.04,11:58,155,133.2
2343,3.04,11:58,155,133.2
2344,3.05,12:18,154,133.2
2345,3.05,12:53,154,133.2
2346,3.05,13:16,155,133.2
2347,3.05,14:16,154,133.2
2348,3.05,14:25,154,133.2
2349,3.05,14:16,153,133.2
2350,3.05,14:25,153,133.2
2351,3.05,14:54,153,133.9
2352,3.06,14:34,153,133.2
2353,3.06,12:53,153,133.2
2354,3.06,12:46,154,133.2
2355,3.06,11:58,154,133.2
2356,3.06,11:16,154,133.2
2357,3.06,11:33,154,133.2
2358,3.06,12:39,154,133.2
2359,3.07,12:04,154,133.2
2360,3.07,12:04,154,133.2
2361,3.07,12:46,154,133.2
2362,3.07,12:32,155,133.2
2363,3.07,12:32,156,133.9
2364,3.07,12:39,155,133.9
2365,3.07,12:53,154,133.9
2366,3.07,12:11,154,133.9
2367,3.08,12:18,154,133.9
2368,3.08,12:39,154,133.9
2369,3.08,12:46,154,133.9
2370,3.08,12:11,155,133.2
2371,3.08,12:32,154,133.2
2372,3.08,12:39,154,133.9
2373,3.08,12:53,154,133.9
2374,3.08,13:01,155,133.9
2375,3.09,14:44,155,133.9
2376,3.09,15:35,155,133.9
2377,3.09,16:33,156,133.9
2378,3.09,15:46,155,133.9
2379,3.09,15:57,154,133.9
2380,3.09,14:25,154,133.9
2381,3.09,13:58,155,133.9
2382,3.09,13:32,155,133.9
2383,3.09,13:32,155,133.9
2384,3.1,13:24,155,133.9
2385,3.1,13:41,155,133.9
2386,3.1,13:49,154,134.5
2387,3.1,13:58,154,134.5
2388,3.1,13:16,154,134.5
2389,3.1,13:08,155,135.2
2390,3.1,13:08,156,135.2
2391,3.11,13:08,155,135.2
2392,3.11,12:18,155,135.2
2393,3.11,12:39,155,135.2
2394,3.11,12:53,154,135.2
2395,3.11,13:01,154,135.8
2396,3.11,13:01,154,135.8
2397,3.11,11:58,155,135.8
2398,3.11,12:04,155,135.8
2399,3.12,12:46,157,135.8
2400,3.12,12:25,156,135.8
2401,3.12,12:46,157,136.5
2402,3.12,14:25,156,136.5
2403,3.12,14:07,155,136.5
2404,3.12,13:32,156,136.5
2405,3.12,13:41,156,136.5
2406,3.12,13:08,156,136.5
2407,3.13,13:01,156,136.5
2408,3.13,12:53,156,136.5
2409,3.13,12:46,156,137.1
2410,3.13,13:08,156,137.1
2411,3.13,13:49,157,137.1
2412,3.13,14:44,157,137.8
2413,3.13,15:24,158,137.8
2414,3.13,15:14,157,137.8
2415,3.13,15:35,157,137.8
2416,3.14,15:14,157,137.8
2417,3.14,13:49,157,137.8
2418,3.14,13:16,156,137.8
2419,3.14,13:16,156,137.8
2420,3.14,13:01,156,138.5
2421,3.14,13:01,157,138.5
2422,3.14,13:32,157,139.1
2423,3.14,13:49,156,139.1
2424,3.15,14:54,156,139.1
2425,3.15,14:54,156,139.1
2426,3.15,14:54,155,139.1
2427,3.15,14:25,155,139.1
2428,3.15,14:25,155,139.1
2429,3.15,12:53,155,139.8
2430,3.15,12:39,155,139.8
2431,3.15,12:18,155,139.8
2432,3.16,11:58,155,139.8
2433,3.16,12:04,155,139.8
2434,3.16,12:39,156,140.4
2435,3.16,12:39,157,140.4
2436,3.16,13:24,158,140.4
2437,3.16,14:34,157,140.4
2438,3.16,15:04,157,140.4
2439,3.16,15:24,157,140.4
2440,3.17,16:09,157,141.1
2441,3.17,14:34,157,141.1
2442,3.17,14:25,157,141.1
2443,3.17,14:07,156,141.1
2444,3.17,13:16,156,141.1
2445,3.17,12:53,156,141.7
2446,3.17,13:08,156,141.7
2447,3.17,12:46,157,141.7
2448,3.18,12:39,156,142.4
2449,3.18,12:18,156,142.4
2450,3.18,11:45,156,142.4
2451,3.18,12:32,156,142.4
2452,3.18,12:32,156,142.4
2453,3.18,12:46,155,142.4
2454,3.18,13:49,155,142.4
2455,3.18,13:32,156,142.4
2456,3.19,13:01,156,142.4
2457,3.19,13:16,156,143.0
2458,3.19,12:39,156,143.0
2459,3.19,12:25,156,143.0
2460,3.19,12:39,156,143.7
2461,3.19,11:16,155,143.7
2462,3.19,11:10,155,143.7
2463,3.2,11:10,156,143.7
2464,3.2,11:05,157,143.7
2465,3.2,12:46,157,144.4
2466,3.2,15:24,157,144.4
2467,3.2,15:04,157,144.4
2468,3.2,17:25,157,144.4
2469,3.2,17:38,156,144.4
2470,3.2,15:46,156,144.4
2471,3.2,15:46,155,144.4
2472,3.21,15:57,156,144.4
2473,3.21,14:44,156,144.4
2474,3.21,13:58,155,145.0
2475,3.21,13:08,154,145.0
2476,3.21,12:39,155,145.0
2477,3.21,12:11,155,145.0
2478,3.21,11:58,155,145.0
2479,3.21,12:32,155,145.0
2480,3.22,12:25,155,145.0
2481,3.22,12:46,154,145.0
2482,3.22,13:58,154,145.0
2483,3.22,14:25,153,145.0
2484,3.22,15:35,153,145.7
2485,3.22,16:21,154,145.7
2486,3.22,14:25,155,145.7
2487,3.22,14:25,155,145.7
2488,3.22,14:16,155,145.7
2489,3.23,13:24,155,145.7
2490,3.23,13:49,155,145.7
2491,3.23,14:34,155,145.7
2492,3.23,12:53,155,145.7
2493,3.23,12:32,154,146.3
2494,3.23,12:04,154,146.3
2495,3.23,11:33,154,146.3
2496,3.24,11:39,155,146.3
2497,3.24,12:25,155,146.3
2498,3.24,12:39,154,146.3
2499,3.24,12:53,155,146.3
2500,3.24,13:08,155,146.3
2501,3.24,13:08,154,146.3
2502,3.24,13:08,155,146.3
2503,3.24,13:01,155,146.3
2504,3.25,13:32,156,146.3
2505,3.25,13:41,157,146.3
2506,3.25,13:58,157,146.3
2507,3.25,14:16,157,146.3
2508,3.25,14:07,157,147.0
2509,3.25,14:07,156,147.0
2510,3.25,14:16,157,147.0
2511,3.25,14:25,156,147.0
2512,3.26,13:49,156,147.0
2513,3.26,14:07,155,147.0
2514,3.26,13:41,155,147.0
2515,3.26,12:46,155,147.0
2516,3.26,12:04,154,147.0
2517,3.26,11:58,154,147.0
2518,3.26,11:27,153,147.0
2519,3.26,11:27,153,147.0
2520,3.27,11:58,154,147.0
2521,3.27,13:01,153,147.0
2522,3.27,13:49,153,147.0
2523,3.27,14:25,153,147.0
2524,3.27,14:07,152,147.0
2525,3.27,13:58,153,147.6
2526,3.27,13:24,153,147.6
2527,3.27,12:25,153,147.6
2528,3.28,11:58,153,148.3
2529,3.28,11:27,154,148.3
2530,3.28,11:52,154,148.3
2531,3.28,11:16,153,148.3
2532,3.28,12:18,153,148.3
2533,3.28,12:32,154,148.3
2534,3.28,14:25,154,148.3
2535,3.29,14:16,154,148.3
2536,3.29,14:16,154,148.3
2537,3.29,13:49,154,148.3
2538,3.29,13:01,154,148.3
2539,3.29,12:04,154,148.3
2540,3.29,12:04,155,148.3
2541,3.29,12:18,154,149.0
2542,3.29,12:04,154,149.0
2543,3.3,13:16,154,149.0
2544,3.3,13:16,154,149.0
2545,3.3,13:08,154,149.6
2546,3.3,13:32,154,149.6
2547,3.3,13:41,156,149.6
2548,3.3,13:41,155,150.3
2549,3.3,14:25,155,150.3
2550,3.3,13:49,155,150.3
2551,3.31,14:07,155,150.3
2552,3.31,14:16,155,150.3
2553,3.31,13:41,156,150.3
2554,3.31,13:01,157,150.3
2555,3.31,13:16,158,150.3
2556,3.31,13:32,159,150.3
2557,3.31,12:53,158,150.3
2558,3.31,13:01,159,150.9
2559,3.32,14:07,158,150.9
2560,3.32,13:58,159,151.6
2561,3.32,13:16,159,151.6
2562,3.32,13:58,159,151.6
2563,3.32,12:53,159,151.6
2564,3.32,11:52,159,152.2
2565,3.32,11:58,159,152.2
2566,3.32,11:39,159,152.2
2567,3.33,12:25,159,152.2
2568,3.33,14:16,159,152.2
2569,3.33,15:35,159,152.2
2570,3.33,16:21,160,152.2
2571,3.33,16:58,160,152.2
2572,3.33,15:04,160,152.9
2573,3.33,14:16,161,152.9
2574,3.33,14:07,161,153.5
2575,3.33,13:58,161,153.5
2576,3.34,13:58,162,153.5
2577,3.34,14:25,161,153.5
2578,3.34,14:25,162,154.2
2579,3.34,14:07,162,154.2
2580,3.34,13:49,163,154.2
2581,3.34,13:24,163,154.9
2582,3.34,13:01,162,154.9
2583,3.35,12:11,162,155.5
2584,3.35,11:45,162,155.5
2585,3.35,12:32,162,155.5
2586,3.35,12:39,162,155.5
2587,3.35,12:25,162,155.5
2588,3.35,13:08,162,155.5
2589,3.35,13:49,162,156.2
2590,3.35,12:53,162,156.2
2591,3.35,13:24,161,156.2
2592,3.36,13:58,161,156.8
2593,3.36,13:58,161,156.8
2594,3.36,14:25,160,156.8
2595,3.36,13:16,160,157.5
2596,3.36,12:53,160,157.5
2597,3.36,12:46,160,157.5
2598,3.36,13:01,159,158.1
2599,3.37,12:18,159,158.1
2600,3.37,13:01,160,158.1
2601,3.37,13:01,159,158.1
2602,3.37,13:08,159,158.1
2603,3.37,12:46,159,158.8
2604,3.37,12:32,159,158.8
2605,3.37,13:08,159,159.4
2606,3.37,13:08,159,159.4
2607,3.38,13:01,159,159.4
2608,3.38,12:39,159,160.1
2609,3.38,12:18,159,160.1
2610,3.38,11:45,160,160.1
2611,3.38,11:58,159,160.1
2612,3.38,12:11,160,160.8
2613,3.38,12:46,161,160.8
2614,3.38,13:32,161,160.8
2615,3.39,13:58,162,160.8
2616,3.39,14:25,162,161.4
2617,3.39,14:34,162,161.4
2618,3.39,14:34,163,161.4
2619,3.39,14:25,163,162.1
2620,3.39,13:24,163,162.1
2621,3.39,12:32,162,162.1
2622,3.39,12:18,162,162.1
2623,3.4,12:04,162,162.1
2624,3.4,11:27,163,162.1
2625,3.4,11:39,163,162.7
2626,3.4,11:39,163,162.7
2627,3.4,11:21,163,162.7
2628,3.4,11:33,163,162.7
2629,3.4,11:58,163,162.7
2630,3.41,12:18,163,163.4
2631,3.41,13:01,163,163.4
2632,3.41,13:24,163,163.4
2633,3.41,14:07,164,164.0
2634,3.41,14:34,163,164.0
2635,3.41,15:04,163,164.0
2636,3.41,14:44,163,164.0
2637,3.41,14:07,164,164.7
2638,3.42,12:25,164,164.7
2639,3.42,12:11,164,164.7
2640,3.42,11:52,164,164.7
2641,3.42,11:33,163,164.7
2642,3.42,12:11,163,164.7
2643,3.42,14:34,163,165.4
2644,3.42,15:35,164,165.4
2645,3.42,15:14,163,165.4
2646,3.43,15:46,163,166.0
2647,3.43,15:46,163,166.0
2648,3.43,14:16,162,166.0
2649,3.43,13:08,163,166.0
2650,3.43,13:49,163,166.0
2651,3.43,13:32,162,166.0
2652,3.43,13:16,163,166.0
2653,3.43,13:16,163,166.0
2654,3.43,13:41,163,166.0
2655,3.44,13:24,163,166.7
2656,3.44,12:04,163,166.7
2657,3.44,11:45,164,166.7
2658,3.44,11:45,164,166.7
2659,3.44,11:58,163,166.7
2660,3.44,12:32,163,167.3
2661,3.44,14:25,163,167.3
2662,3.44,15:57,163,167.3
2663,3.45,15:57,162,168.0
2664,3.45,16:09,162,168.0
2665,3.45,15:14,162,167.3
2666,3.45,14:54,162,167.3
2667,3.45,13:41,161,166.7
2668,3.45,13:49,160,166.7
2669,3.45,12:46,160,166.7
2670,3.45,12:46,160,167.3
2671,3.46,13:16,160,167.3
2672,3.46,14:25,161,167.3
2673,3.46,14:07,162,168.0
2674,3.46,14:44,162,168.0
2675,3.46,13:58,162,167.3
2676,3.46,13:32,162,167.3
2677,3.46,13:24,162,167.3
2678,3.46,14:44,163,168.0
2679,3.46,15:46,163,168.0
2680,3.47,17:25,163,168.0
2681,3.47,17:11,163,168.0
2682,3.47,16:45,164,168.0
2683,3.47,14:44,163,168.6
2684,3.47,14:07,163,168.6
2685,3.47,13:24,162,168.6
2686,3.47,13:01,162,168.6
2687,3.47,12:25,162,168.6
2688,3.48,12:53,163,168.6
2689,3.48,12:39,162,168.6
2690,3.48,12:39,163,168.6
2691,3.48,12:53,162,168.6
2692,3.48,12:39,162,169.3
2693,3.48,11:58,162,169.3
2694,3.48,12:04,162,169.9
2695,3.48,12:39,162,169.9
2696,3.49,13:16,162,169.9
2697,3.49,14:16,162,170.6
2698,3.49,14:34,162,170.6
2699,3.49,14:34,161,170.6
2700,3.49,14:16,161,170.6
2701,3.49,13:24,160,170.6
2702,3.49,12:53,160,171.3
2703,3.49,13:01,161,171.3
2704,3.5,13:16,160,171.3
2705,3.5,13:41,160,171.3
2706,3.5,14:16,160,171.3
2707,3.5,14:44,160,171.3
2708,3.5,14:34,160,171.3
2709,3.5,14:44,160,171.3
2710,3.5,14:34,160,171.3
2711,3.5,14:44,160,171.9
2712,3.5,14:44,160,171.9
2713,3.51,14:34,160,171.9
2714,3.51,14:16,159,171.9
2715,3.51,14:07,159,171.9
2716,3.51,12:46,158,171.9
2717,3.51,12:11,157,172.6
2718,3.51,11:58,157,172.6
2719,3.51,11:33,156,172.6
2720,3.52,11:27,156,172.6
2721,3.52,12:18,156,172.6
2722,3.52,13:01,157,172.6
2723,3.52,13:49,158,173.2
2724,3.52,15:04,158,173.9
2725,3.52,15:35,157,173.9
2726,3.52,15:46,158,174.5
2727,3.52,14:44,157,174.5
2728,3.53,14:07,157,174.5
2729,3.53,12:46,156,173.9
2730,3.53,12:46,156,173.9
2731,3.53,12:46,156,174.5
2732,3.53,13:01,157,174.5
2733,3.53,12:32,157,174.5
2734,3.53,13:32,156,175.2
2735,3.53,12:53,155,175.9
2736,3.54,12:39,155,175.9
2737,3.54,12:53,155,175.9
2738,3.54,14:07,153,175.9
2739,3.54,14:16,153,175.9
2740,3.54,13:41,152,176.5
2741,3.54,13:49,149,176.5
2742,3.54,14:25,146,176.5
2743,3.54,13:58,141,176.5
2744,3.54,13:32,140,176.5
2745,3.55,14:44,139,176.5
2746,3.55,14:25,139,177.2
2747,3.55,13:08,138,177.2
2748,3.55,13:41,138,177.2
2749,3.55,13:08,138,177.8
2750,3.55,13:08,139,177.8
2751,3.55,13:01,139,177.8
2752,3.55,13:32,139,177.8
2753,3.56,12:32,139,177.8
2754,3.56,12:25,139,178.5
2755,3.56,12:25,139,178.5
2756,3.56,12:53,139,178.5
2757,3.56,13:24,139,178.5
2758,3.56,14:54,140,179.1
2759,3.56,15:14,149,179.1
2760,3.56,14:54,140,179.1
2761,3.57,14:34,140,179.1
2762,3.57,14:07,140,179.8
2763,3.57,13:01,140,179.8
2764,3.57,13:01,140,179.8
2765,3.57,13:01,140,179.8
2766,3.57,12:39,141,179.8
2767,3.57,12:46,140,179.8
2768,3.57,13:16,140,180.4
2769,3.58,14:07,141,180.4
2770,3.58,14:16,141,180.4
2771,3.58,14:25,141,180.4
2772,3.58,13:58,142,180.4
2773,3.58,13:58,142,181.1
2774,3.58,13:49,143,181.1
2775,3.58,13:24,144,181.1
2776,3.58,13:41,145,181.1
2777,3.59,13:49,147,181.1
2778,3.59,13:49,149,181.1
2779,3.59,13:41,150,181.8
2780,3.59,14:54,152,181.8
2781,3.59,15:57,154,181.8
2782,3.59,15:24,155,181.8
2783,3.59,15:57,157,181.8
2784,3.59,15:35,158,181.8
2785,3.59,14:25,159,181.8
2786,3.6,13:32,160,181.8
2787,3.6,14:16,160,181.8
2788,3.6,13:49,160,181.8
2789,3.6,13:41,161,181.8
2790,3.6,12:53,161,181.8
2791,3.6,12:32,161,182.4
2792,3.6,11:39,162,182.4
2793,3.61,10:54,162,182.4
2794,3.61,11:05,162,182.4
2795,3.61,11:21,162,182.4
2796,3.61,11:33,162,183.1
2797,3.61,12:25,162,183.1
2798,3.61,13:24,162,183.1
2799,3.61,13:41,161,183.1
2800,3.61,14:16,160,183.7
2801,3.62,14:54,160,183.7
2802,3.62,15:14,159,183.7
2803,3.62,16:21,158,183.7
2804,3.62,16:33,157,183.7
2805,3.62,15:35,158,183.7
2806,3.62,14:34,158,183.7
2807,3.62,13:24,158,184.4
2808,3.62,12:32,158,184.4
2809,3.62,12:11,158,184.4
2810,3.63,12:11,158,184.4
2811,3.63,12:04,157,185.0
2812,3.63,12:25,157,185.0
2813,3.63,11:45,158,185.0
2814,3.63,11:27,158,185.0
2815,3.63,11:39,158,185.0
2816,3.63,11:39,158,185.0
2817,3.64,11:05,158,185.0
2818,3.64,10:54,159,185.7
2819,3.64,10:18,159,185.7
2820,3.64,10:14,160,185.7
2821,3.64,10:18,161,185.7
2822,3.64,10:38,160,185.7
2823,3.65,10:54,161,185.7
2824,3.65,11:39,161,185.7
2825,3.65,11:45,160,185.7
2826,3.65,12:04,161,185.7
2827,3.65,12:39,162,185.7
2828,3.65,13:16,161,185.7
2829,3.65,12:46,161,185.7
2830,3.66,12:46,161,185.7
2831,3.66,13:08,161,185.7
2832,3.66,12:53,161,186.4
2833,3.66,12:46,161,186.4
2834,3.66,12:11,161,186.4
2835,3.66,12:11,161,186.4
2836,3.66,11:58,161,187.0
2837,3.66,12:04,161,187.0
2838,3.67,12:11,162,187.0
2839,3.67,13:32,162,187.0
2840,3.67,14:07,163,187.0
2841,3.67,14:34,162,187.0
2842,3.67,14:07,163,187.0
2843,3.67,14:07,163,187.0
2844,3.67,15:04,163,187.0
2845,3.67,15:04,163,187.0
2846,3.67,14:34,163,187.0
2847,3.68,14:54,163,187.0
2848,3.68,14:34,163,187.7
2849,3.68,13:49,163,187.7
2850,3.68,13:01,163,187.7
2851,3.68,12:25,164,187.7
2852,3.68,12:25,164,188.3
2853,3.68,11:58,163,188.3
2854,3.69,12:04,164,188.3
2855,3.69,13:16,163,188.3
2856,3.69,13:58,164,188.3
2857,3.69,13:32,164,188.3
2858,3.69,14:44,164,188.3
2859,3.69,13:49,164,188.3
2860,3.69,12:46,164,188.3
2861,3.69,12:18,164,188.3
2862,3.7,12:18,164,189.0
2863,3.7,12:04,165,189.0
2864,3.7,12:39,164,189.0
2865,3.7,12:25,163,189.0
2866,3.7,13:01,164,189.0
2867,3.7,13:24,163,189.0
2868,3.7,13:24,163,189.0
2869,3.7,14:07,163,189.0
2870,3.7,14:34,161,189.6
2871,3.71,14:16,161,189.6
2872,3.71,14:25,161,189.6
2873,3.71,13:32,161,189.6
2874,3.71,12:39,161,190.3
2875,3.71,12:18,161,190.3
2876,3.71,11:45,161,190.3
2877,3.71,11:52,161,190.3
2878,3.72,12:39,160,190.3
2879,3.72,12:53,160,190.3
2880,3.72,13:58,160,190.3
2881,3.72,14:25,160,190.3
2882,3.72,14:16,160,190.3
2883,3.72,14:54,160,190.3
2884,3.72,14:25,159,190.3
2885,3.72,13:49,159,190.3
2886,3.72,14:25,159,190.9
2887,3.73,14:16,159,190.9
2888,3.73,13:41,158,190.9
2889,3.73,14:16,158,190.9
2890,3.73,13:49,158,191.6
2891,3.73,13:24,159,191.6
2892,3.73,13:41,159,191.6
2893,3.73,13:32,159,191.6
2894,3.73,12:53,160,191.6
2895,3.74,13:16,159,191.6
2896,3.74,13:41,160,191.6
2897,3.74,12:53,160,191.6
2898,3.74,12:46,160,191.6
2899,3.74,13:01,158,191.6
2900,3.74,13:41,158,191.6
2901,3.74,13:16,158,192.3
2902,3.74,14:25,157,192.3
2903,3.75,14:25,157,192.3
2904,3.75,14:25,157,192.3
2905,3.75,13:32,156,192.9
2906,3.75,13:49,156,192.3
2907,3.75,13:16,156,192.3
2908,3.75,13:24,156,192.3
2909,3.75,13:01,156,192.9
2910,3.75,13:08,157,192.9
2911,3.76,13:08,157,193.6
2912,3.76,12:53,156,193.6
2913,3.76,11:58,156,193.6
2914,3.76,12:18,156,193.6
2915,3.76,12:04,156,193.6
2916,3.76,11:39,155,193.6
2917,3.76,12:18,156,193.6
2918,3.76,13:49,155,194.2
2919,3.77,14:07,156,194.2
2920,3.77,14:25,156,194.2
2921,3.77,15:14,156,193.6
2922,3.77,14:16,156,193.6
2923,3.77,14:16,155,193.6
2924,3.77,13:58,156,193.6
2925,3.77,14:16,155,193.6
2926,3.77,15:24,155,194.2
2927,3.77,16:09,156,194.2
2928,3.78,15:35,157,194.9
2929,3.78,16:09,157,194.9
2930,3.78,15:46,156,194.9
2931,3.78,14:07,157,194.2
2932,3.78,14:16,157,194.2
2933,3.78,14:25,156,194.2
2934,3.78,14:16,156,194.2
2935,3.78,14:16,156,194.2
2936,3.79,14:07,156,194.2
2937,3.79,12:53,156,194.2
2938,3.79,12:39,156,194.2
2939,3.79,12:18,155,194.2
2940,3.79,11:45,154,194.9
2941,3.79,11:39,154,194.9
2942,3.79,12:46,154,194.9
2943,3.79,12:46,155,194.9
2944,3.8,13:16,154,194.9
2945,3.8,14:16,154,194.9
2946,3.8,14:34,154,194.9
2947,3.8,13:58,153,194.9
2948,3.8,13:24,154,194.9
2949,3.8,13:01,155,194.9
2950,3.8,12:25,155,194.9
2951,3.81,12:39,155,194.9
2952,3.81,12:18,156,195.5
2953,3.81,12:39,156,195.5
2954,3.81,13:01,156,195.5
2955,3.81,13:08,155,195.5
2956,3.81,13:01,154,195.5
2957,3.81,13:24,154,195.5
2958,3.81,13:16,155,195.5
2959,3.82,12:39,155,195.5
2960,3.82,13:01,155,195.5
2961,3.82,12:39,156,195.5
2962,3.82,12:39,155,195.5
2963,3.82,12:53,154,195.5
2964,3.82,13:08,154,194.9
2965,3.82,13:08,155,194.9
2966,3.82,13:41,157,194.9
2967,3.83,13:24,157,194.9
2968,3.83,13:32,157,195.5
2969,3.83,13:32,157,195.5
2970,3.83,13:24,158,195.5
2971,3.83,13:24,159,195.5
2972,3.83,14:07,158,195.5
2973,3.83,14:07,158,195.5
2974,3.83,14:44,158,195.5
2975,3.83,14:34,158,195.5
2976,3.84,14:16,158,195.5
2977,3.84,13:32,158,195.5
2978,3.84,13:24,158,195.5
2979,3.84,13:01,158,195.5
2980,3.84,13:16,157,195.5
2981,3.84,13:16,157,195.5
2982,3.84,13:32,156,196.2
2983,3.84,13:41,157,196.2
2984,3.85,12:39,158,196.2
2985,3.85,12:39,159,196.2
2986,3.85,12:46,158,196.9
2987,3.85,12:46,159,196.9
2988,3.85,12:53,159,196.9
2989,3.85,13:58,159,196.9
2990,3.85,13:32,159,197.5
2991,3.86,13:16,159,197.5
2992,3.86,13:08,158,197.5
2993,3.86,12:39,158,197.5
2994,3.86,12:32,158,197.5
2995,3.86,13:01,157,197.5
2996,3.86,13:41,157,197.5
2997,3.86,13:58,157,197.5
2998,3.86,14:34,156,196.9
2999,3.86,14:34,156,196.9
3000,3.87,14:07,156,196.9
3001,3.87,13:24,157,196.9
3002,3.87,13:24,157,196.9
3003,3.87,13:24,158,196.9
3004,3.87,13:32,158,197.5
3005,3.87,13:24,158,197.5
3006,3.87,14:07,158,197.5
3007,3.87,13:49,157,197.5
3008,3.88,14:07,157,197.5
3009,3.88,14:25,156,198.2
3010,3.88,14:16,157,198.2
3011,3.88,14:16,158,197.5
3012,3.88,14:34,158,197.5
3013,3.88,13:32,158,197.5
3014,3.88,12:53,157,198.2
3015,3.88,13:16,158,198.2
3016,3.89,13:41,158,198.2
3017,3.89,13:49,158,198.8
3018,3.89,14:07,158,198.8
3019,3.89,14:16,158,198.2
3020,3.89,13:58,158,198.2
3021,3.89,12:39,158,198.2
3022,3.89,12:39,158,198.2
3023,3.89,13:01,158,198.2
3024,3.9,12:53,158,198.8
3025,3.9,13:01,157,198.8
3026,3.9,13:16,158,198.8
3027,3.9,12:39,158,198.2
3028,3.9,12:25,158,198.2
3029,3.9,11:58,158,198.2
3030,3.9,11:52,158,197.5
3031,3.91,12:11,158,197.5
3032,3.91,12:32,158,197.5
3033,3.91,12:25,159,197.5
3034,3.91,13:01,159,197.5
3035,3.91,12:46,160,197.5
3036,3.91,12:39,159,197.5
3037,3.91,12:25,159,197.5
3038,3.91,12:25,159,197.5
3039,3.92,12:39,158,197.5
3040,3.92,13:16,158,197.5
3041,3.92,13:24,157,196.9
3042,3.92,13:24,157,196.9
3043,3.92,14:07,157,196.9
3044,3.92,13:58,157,196.9
3045,3.92,13:49,157,196.9
3046,3.92,14:07,158,196.9
3047,3.92,14:44,159,197.5
3048,3.93,14:44,160,197.5
3049,3.93,15:24,160,198.2
3050,3.93,14:44,160,198.2
3051,3.93,14:07,160,198.2
3052,3.93,13:58,160,198.2
3053,3.93,13:01,160,197.5
3054,3.93,12:32,160,197.5
3055,3.93,13:24,161,197.5
3056,3.94,13:41,160,197.5
3057,3.94,13:08,160,197.5
3058,3.94,13:24,160,196.9
3059,3.94,12:46,160,196.9
3060,3.94,12:11,161,196.9
3061,3.94,12:04,161,196.9
3062,3.94,11:39,160,196.9
3063,3.95,11:45,161,196.9
3064,3.95,12:18,160,196.9
3065,3.95,12:11,160,196.9
3066,3.95,11:52,159,196.9
3067,3.95,12:25,159,196.9
3068,3.95,11:58,159,196.9
3069,3.95,11:52,159,196.9
3070,3.96,12:04,158,196.9
3071,3.96,11:58,157,196.9
3072,3.96,12:25,156,196.2
3073,3.96,12:53,155,196.2
3074,3.96,13:08,155,196.2
3075,3.96,13:24,155,195.5
3076,3.96,14:07,156,195.5
3077,3.96,13:32,156,195.5
3078,3.97,13:32,156,195.5
3079,3.97,12:46,156,195.5
3080,3.97,12:39,155,195.5
3081,3.97,12:39,155,195.5
3082,3.97,12:53,155,195.5
3083,3.97,13:01,155,195.5
3084,3.97,14:07,156,195.5
3085,3.97,14:07,156,195.5
3086,3.97,14:16,156,195.5
3087,3.98,14:25,157,195.5
3088,3.98,14:34,157,195.5
3089,3.98,13:58,158,195.5
3090,3.98,14:07,160,195.5
3091,3.98,13:41,160,195.5
3092,3.98,13:41,160,195.5
3093,3.98,13:24,160,196.2
3094,3.98,13:24,159,196.2
3095,3.99,13:01,159,196.2
3096,3.99,12:53,159,196.2
3097,3.99,12:39,159,196.2
3098,3.99,12:11,159,196.2
3099,3.99,12:18,158,196.2
3100,3.99,12:46,158,196.2
3101,3.99,13:32,155,196.2
3102,3.99,14:25,156,196.2
3103,4.0,15:46,155,196.2
3104,4.0,16:09,155,196.2
3105,4.0,17:25,156,196.2
3106,4.0,17:11,156,196.2
3107,4.0,15:24,157,196.2
3108,4.0,14:16,157,196.2
3109,4.0,13:32,157,196.2
3110,4.0,12:39,157,196.2
3111,4.01,11:21,157,196.2
3112,4.01,11:05,157,196.2
3113,4.01,10:23,156,196.2
3114,4.01,10:05,157,196.2
3115,4.01,10:00,157,196.9
3116,4.01,10:43,156,196.9
3117,4.01,12:11,156,197.5
3118,4.02,13:16,156,197.5
3119,4.02,13:58,156,197.5
3120,4.02,13:49,155,197.5
3121,4.02,14:07,156,197.5
3122,4.02,14:25,156,197.5
3123,4.02,15:24,157,198.2
3124,4.02,15:14,157,198.2
3125,4.02,14:34,157,198.2
3126,4.03,14:16,156,198.2
3127,4.03,12:32,155,198.2
3128,4.03,12:04,155,197.5
3129,4.03,12:32,154,196.9
3130,4.03,12:46,154,196.9
3131,4.03,12:25,155,196.2
3132,4.03,12:25,156,196.2
3133,4.04,11:52,155,195.5
3134,4.04,11:16,154,195.5
3135,4.04,11:10,154,194.9
3136,4.04,10:59,155,194.2
3137,4.04,10:43,155,193.6
3138,4.04,10:59,154,193.6
3139,4.04,11:16,153,192.9
3140,4.05,11:16,154,192.9
3141,4.05,11:45,153,192.3
3142,4.05,12:46,153,192.3
3143,4.05,13:49,152,192.3
3144,4.05,14:34,152,192.3
3145,4.05,15:14,150,192.3
3146,4.05,15:04,150,191.6
3147,4.05,14:25,150,191.6
3148,4.05,13:24,150,191.6
3149,4.06,13:16,150,191.6
3150,4.06,13:24,149,191.6
3151,4.06,13:16,150,191.6
3152,4.06,13:01,149,191.6
3153,4.06,13:41,149,192.3
3154,4.06,12:46,149,192.3
3155,4.06,12:53,149,192.3
3156,4.06,13:32,150,192.9
3157,4.07,14:54,149,192.9
3158,4.07,14:54,149,192.9
3159,4.07,15:46,149,193.6
3160,4.07,14:16,150,193.6
3161,4.07,14:07,151,193.6
3162,4.07,13:08,151,193.6
3163,4.07,12:53,151,192.9
3164,4.07,12:53,151,192.9
3165,4.08,13:58,151,192.9
3166,4.08,13:58,151,192.9
3167,4.08,14:25,152,192.9
3168,4.08,14:16,152,192.9
3169,4.08,14:25,152,192.9
3170,4.08,14:34,152,192.9
3171,4.08,14:34,151,192.9
3172,4.08,14:34,151,192.9
3173,4.08,14:34,151,192.9
3174,4.09,15:14,151,192.9
3175,4.09,14:54,151,192.9
3176,4.09,14:25,151,192.9
3177,4.09,14:16,151,192.9
3178,4.09,14:16,151,192.9
3179,4.09,13:24,152,192.9
3180,4.09,13:01,151,192.9
3181,4.09,12:39,152,192.3
3182,4.1,11:52,152,192.3
3183,4.1,11:58,152,191.6
3184,4.1,11:27,152,191.6
3185,4.1,11:45,152,190.9
3186,4.1,11:27,152,190.9
3187,4.1,11:52,152,190.3
3188,4.1,11:21,153,190.3
3189,4.11,11:39,154,190.3
3190,4.11,11:10,154,190.3
3191,4.11,11:27,154,190.3
3192,4.11,11:33,154,190.3
3193,4.11,11:52,154,189.6
3194,4.11,12:18,153,189.6
3195,4.11,13:01,154,189.6
3196,4.12,13:32,154,189.6
3197,4.12,13:58,155,189.6
3198,4.12,14:07,156,189.6
3199,4.12,14:34,155,189.6
3200,4.12,14:44,155,189.6
3201,4.12,14:16,155,189.0
3202,4.12,14:07,155,189.0
3203,4.12,13:32,154,189.0
3204,4.13,12:39,154,189.6
3205,4.13,12:18,155,189.6
3206,4.13,12:32,156,189.6
3207,4.13,12:32,156,189.0
3208,4.13,13:08,156,189.0
3209,4.13,12:46,155,189.0
3210,4.13,12:46,156,189.0
3211,4.13,12:39,156,189.0
3212,4.14,12:18,155,189.0
3213,4.14,12:11,155,189.0
3214,4.14,13:24,156,189.0
3215,4.14,13:32,156,188.3
3216,4.14,14:34,157,188.3
3217,4.14,15:57,156,188.3
3218,4.14,15:24,156,188.3
3219,4.14,13:58,155,188.3
3220,4.15,13:32,155,188.3
3221,4.15,12:32,155,188.3
3222,4.15,11:33,154,188.3
3223,4.15,11:27,154,188.3
3224,4.15,11:27,155,188.3
3225,4.15,11:45,156,188.3
3226,4.15,12:04,156,188.3
3227,4.16,11:58,157,188.3
3228,4.16,12:25,156,189.0
3229,4.16,13:01,156,189.0
3230,4.16,13:08,156,189.0
3231,4.16,14:16,155,189.0
3232,4.16,15:24,155,189.0
3233,4.16,14:25,155,189.0
3234,4.16,14:54,153,189.0
3235,4.16,13:58,153,189.0
3236,4.17,12:39,153,189.6
3237,4.17,12:32,154,189.6
3238,4.17,12:32,154,189.6
3239,4.17,12:25,154,189.6
3240,4.17,12:53,155,189.6
3241,4.17,12:53,156,189.6
3242,4.17,12:18,155,189.6
3243,4.18,13:01,155,190.3
3244,4.18,12:39,154,189.6
3245,4.18,13:01,153,189.6
3246,4.18,13:24,153,189.6
3247,4.18,14:16,153,189.6
3248,4.18,14:16,153,189.6
3249,4.18,14:16,153,189.6
3250,4.18,13:58,152,189.6
3251,4.18,13:41,152,189.6
3252,4.19,13:08,152,189.6
3253,4.19,12:39,151,189.0
3254,4.19,12:32,153,189.0
3255,4.19,12:39,154,189.0
3256,4.19,12:53,154,189.0
3257,4.19,13:08,153,189.0
3258,4.19,13:49,153,189.0
3259,4.19,14:07,153,189.0
3260,4.2,13:58,152,189.0
3261,4.2,13:49,151,189.0
3262,4.2,14:07,151,189.0
3263,4.2,13:58,152,189.0
3264,4.2,13:58,152,189.0
3265,4.2,13:41,152,189.0
3266,4.2,13:08,152,189.0
3267,4.21,12:39,152,189.0
3268,4.21,12:39,152,189.0
3269,4.21,12:39,151,189.0
3270,4.21,12:18,151,188.3
3271,4.21,13:01,151,188.3
3272,4.21,13:49,152,188.3
3273,4.21,14:16,152,189.0
3274,4.21,15:14,152,189.0
3275,4.21,16:21,152,188.3
3276,4.22,15:35,152,188.3
3277,4.22,15:14,151,188.3
3278,4.22,15:04,151,188.3
3279,4.22,14:07,152,189.0
3280,4.22,13:58,152,189.0
3281,4.22,13:01,151,189.0
3282,4.22,12:53,152,189.0
3283,4.22,12:53,152,189.0
3284,4.23,13:24,152,188.3
3285,4.23,13:41,152,189.0
3286,4.23,15:14,153,189.0
3287,4.23,15:24,153,189.0
3288,4.23,14:54,153,189.0
3289,4.23,15:04,152,189.0
3290,4.23,15:04,151,189.0
3291,4.23,15:46,151,189.0
3292,4.23,13:41,151,189.0
3293,4.24,13:01,151,188.3
3294,4.24,11:45,151,188.3
3295,4.24,11:21,150,188.3
3296,4.24,10:59,150,188.3
3297,4.24,11:58,151,188.3
3298,4.24,12:39,152,188.3
3299,4.24,12:53,151,189.0
3300,4.25,13:08,151,189.0
3301,4.25,13:41,151,189.0
3302,4.25,13:16,150,189.0
3303,4.25,12:32,151,189.6
3304,4.25,13:01,151,190.3
3305,4.25,12:11,153,190.3
3306,4.25,11:39,154,190.9
3307,4.25,12:11,154,190.9
3308,4.26,12:32,154,191.6
3309,4.26,12:46,154,191.6
3310,4.26,13:16,155,191.6
3311,4.26,12:39,154,190.9
3312,4.26,12:18,154,190.9
3313,4.26,12:46,154,190.9
3314,4.26,12:25,154,190.9
3315,4.26,12:46,154,190.9
3316,4.27,12:46,155,191.6
3317,4.27,12:18,155,191.6
3318,4.27,12:11,155,191.6
3319,4.27,12:18,155,191.6
3320,4.27,12:04,155,191.6
3321,4.27,13:01,155,191.6
3322,4.27,13:32,155,191.6
3323,4.28,13:24,156,191.6
3324,4.28,13:41,156,191.6
3325,4.28,14:07,157,190.9
3326,4.28,13:16,157,190.9
3327,4.28,13:24,156,190.9
3328,4.28,13:49,156,190.9
3329,4.28,13:01,157,190.9
3330,4.28,12:46,157,190.3
3331,4.29,13:16,157,190.3
3332,4.29,13:08,158,190.3
3333,4.29,13:01,157,190.3
3334,4.29,13:49,158,190.3
3335,4.29,14:25,158,190.3
3336,4.29,14:34,159,190.3
3337,4.29,15:04,159,190.3
3338,4.29,14:54,159,190.3
3339,4.29,15:14,159,190.3
3340,4.3,15:57,158,190.9
3341,4.3,16:09,158,191.6
3342,4.3,15:46,157,192.3
3343,4.3,15:14,158,192.3
3344,4.3,15:14,158,192.9
3345,4.3,13:58,158,192.9
3346,4.3,14:07,159,192.9
3347,4.3,14:44,159,192.9
3348,4.3,14:54,159,192.9
3349,4.31,14:25,159,192.9
3350,4.31,15:04,159,193.6
3351,4.31,14:25,160,193.6
3352,4.31,14:16,160,193.6
3353,4.31,14:34,160,193.6
3354,4.31,14:16,160,193.6
3355,4.31,14:16,160,193.6
3356,4.31,14:34,160,194.2
3357,4.32,13:49,160,194.2
3358,4.32,13:41,160,194.2
3359,4.32,12:53,160,194.2
3360,4.32,11:45,160,194.2
3361,4.32,11:45,160,194.2
3362,4.32,12:11,160,194.2
3363,4.32,12:04,160,194.2
3364,4.32,12:39,160,194.2
3365,4.33,13:49,160,194.2
3366,4.33,13:24,160,194.2
3367,4.33,13:24,160,194.2
3368,4.33,13:32,160,194.2
3369,4.33,13:24,160,194.2
3370,4.33,13:16,159,194.2
3371,4.33,13:58,158,194.2
3372,4.33,13:41,158,194.2
3373,4.34,13:58,158,194.2
3374,4.34,14:44,158,194.2
3375,4.34,15:46,157,194.2
3376,4.34,16:09,157,194.9
3377,4.34,16:58,158,194.9
3378,4.34,16:33,158,194.9
3379,4.34,16:21,158,194.9
3380,4.34,15:57,159,194.9
3381,4.34,14:44,159,194.9
3382,4.35,13:41,159,194.9
3383,4.35,13:32,158,194.9
3384,4.35,13:01,158,194.9
3385,4.35,12:25,157,194.9
3386,4.35,13:01,156,194.9
3387,4.35,13:49,155,194.9
3388,4.35,13:49,155,194.9
3389,4.35,14:34,154,194.9
3390,4.35,14:44,154,194.9
3391,4.36,14:25,153,194.9
3392,4.36,13:49,153,194.2
3393,4.36,13:49,153,194.2
3394,4.36,13:24,153,194.2
3395,4.36,13:24,153,194.2
3396,4.36,13:08,152,194.2
3397,4.36,14:07,152,194.2
3398,4.36,14:25,152,194.2
3399,4.37,14:07,153,194.2
3400,4.37,13:49,153,194.2
3401,4.37,13:32,153,194.2
3402,4.37,12:32,153,193.6
3403,4.37,12:25,153,193.6
3404,4.37,12:32,151,193.6
3405,4.37,12:25,151,193.6
3406,4.38,12:18,151,193.6
3407,4.38,12:18,151,194.2
3408,4.38,12:18,151,193.6
3409,4.38,13:08,149,193.6
3410,4.38,13:41,148,193.6
3411,4.38,14:54,148,193.6
3412,4.38,15:04,148,193.6
3413,4.38,15:14,148,193.6
3414,4.38,14:34,147,193.6
3415,4.39,13:49,148,193.6
3416,4.39,12:04,147,192.9
3417,4.39,11:27,147,192.9
3418,4.39,10:48,146,192.3
3419,4.39,10:38,147,192.3
3420,4.39,10:43,146,191.6
3421,4.4,11:10,145,191.6
3422,4.4,11:27,145,191.6
3423,4.4,11:45,146,191.6
3424,4.4,12:18,146,191.6
3425,4.4,12:18,146,191.6
3426,4.4,12:46,146,191.6
3427,4.4,14:07,146,191.6
3428,4.4,15:04,146,190.9
3429,4.4,14:16,145,190.9
3430,4.41,14:44,145,190.9
3431,4.41,14:54,145,190.9
3432,4.41,13:49,146,190.9
3433,4.41,13:16,145,190.9
3434,4.41,13:24,145,190.9
3435,4.41,12:53,145,190.9
3436,4.41,12:39,145,190.9
3437,4.42,12:32,142,190.9
3438,4.42,12:11,140,190.3
3439,4.42,12:04,138,190.3
3440,4.42,11:33,139,190.3
3441,4.42,11:45,138,190.3
3442,4.42,11:52,137,190.3
3443,4.42,11:58,140,190.3
3444,4.43,11:45,139,190.3
3445,4.43,12:04,140,190.3
3446,4.43,11:45,142,190.3
3447,4.43,11:52,142,190.3
3448,4.43,11:33,143,190.3
3449,4.43,11:39,144,190.3
3450,4.43,12:18,146,190.3
3451,4.43,12:18,146,190.3
3452,4.44,12:18,147,190.3
3453,4.44,13:01,147,190.3
3454,4.44,12:53,147,190.3
3455,4.44,12:53,147,190.3
3456,4.44,13:08,147,190.3
3457,4.44,13:16,147,190.3
3458,4.44,13:24,147,190.3
3459,4.44,13:41,148,190.3
3460,4.45,13:08,148,190.3
3461,4.45,12:46,147,190.3
3462,4.45,13:24,147,190.3
3463,4.45,13:01,147,190.3
3464,4.45,12:53,147,190.3
3465,4.45,13:41,148,190.3
3466,4.45,14:16,147,190.3
3467,4.45,13:32,147,190.9
3468,4.46,13:58,147,190.9
3469,4.46,14:34,147,190.9
3470,4.46,14:07,146,190.9
3471,4.46,14:07,145,190.9
3472,4.46,13:49,146,190.9
3473,4.46,13:16,146,190.9
3474,4.46,13:24,146,190.9
3475,4.46,13:16,146,191.6
3476,4.47,13:32,146,191.6
3477,4.47,13:58,146,191.6
3478,4.47,14:34,146,191.6
3479,4.47,13:49,146,192.3
3480,4.47,14:34,147,192.3
3481,4.47,15:04,147,192.3
3482,4.47,14:54,147,192.3
3483,4.47,15:14,146,192.3
3484,4.47,15:14,148,192.3
3485,4.48,13:49,148,192.3
3486,4.48,12:39,148,192.3
3487,4.48,12:11,148,192.3
3488,4.48,11:45,149,192.3
3489,4.48,11:52,149,192.3
3490,4.48,11:27,150,192.3
3491,4.48,11:39,149,192.9
3492,4.49,12:39,149,192.9
3493,4.49,13:08,149,192.9
3494,4.49,13:16,149,192.9
3495,4.49,14:54,150,192.9
3496,4.49,14:25,151,192.9
3497,4.49,13:24,151,192.9
3498,4.49,13:08,150,192.9
3499,4.49,13:01,150,192.9
3500,4.5,12:46,150,193.6
3501,4.5,13:32,150,193.6
3502,4.5,13:24,150,193.6
3503,4.5,13:58,149,193.6
3504,4.5,14:34,149,193.6
3505,4.5,14:54,148,194.2
3506,4.5,14:44,147,194.2
3507,4.5,15:46,148,194.2
3508,4.5,14:16,148,194.2
3509,4.51,13:41,147,194.2
3510,4.51,13:16,147,194.2
3511,4.51,13:49,147,194.2
3512,4.51,13:16,147,194.2
3513,4.51,14:07,147,194.2
3514,4.51,13:32,147,194.2
3515,4.51,13:49,147,194.9
3516,4.51,13:32,147,194.9
3517,4.52,13:49,148,194.9
3518,4.52,13:58,148,194.9
3519,4.52,14:54,149,194.9
3520,4.52,14:16,150,194.9
3521,4.52,14:07,150,194.9
3522,4.52,13:41,150,194.9
3523,4.52,13:08,150,194.9
3524,4.52,13:24,150,194.9
3525,4.53,14:25,150,194.2
3526,4.53,13:49,149,194.2
3527,4.53,14:25,151,194.2
3528,4.53,13:24,150,194.2
3529,4.53,13:16,150,194.2
3530,4.53,12:32,150,194.9
3531,4.53,12:39,150,194.9
3532,4.53,12:11,150,194.9
3533,4.54,13:32,150,194.9
3534,4.54,13:08,150,194.9
3535,4.54,13:24,150,194.9
3536,4.54,13:01,150,194.9
3537,4.54,12:46,150,194.9
3538,4.54,12:25,151,194.2
3539,4.54,12:32,151,194.2
3540,4.54,13:01,152,194.9
3541,4.55,13:41,153,194.9
3542,4.55,14:25,153,194.9
3543,4.55,15:24,153,194.9
3544,4.55,15:35,153,194.9
3545,4.55,14:44,154,194.9
3546,4.55,14:54,154,194.9
3547,4.55,14:16,154,194.9
3548,4.55,13:08,155,194.9
3549,4.56,13:24,155,194.9
3550,4.56,13:24,155,194.9
3551,4.56,13:24,156,194.9
3552,4.56,14:07,156,194.9
3553,4.56,14:16,156,194.9
3554,4.56,14:16,156,194.9
3555,4.56,13:49,156,194.9
3556,4.56,13:16,155,194.9
3557,4.56,13:01,155,194.9
3558,4.57,13:41,156,194.9
3559,4.57,13:08,156,194.9
3560,4.57,13:58,157,194.9
3561,4.57,13:24,157,194.9
3562,4.57,13:16,156,194.2
3563,4.57,12:39,156,194.2
3564,4.57,12:46,156,194.2
3565,4.58,12:25,156,194.2
3566,4.58,12:46,156,194.2
3567,4.58,12:18,155,194.9
3568,4.58,11:58,155,194.9
3569,4.58,11:58,154,194.9
3570,4.58,12:11,154,194.9
3571,4.58,12:18,154,194.9
3572,4.58,12:46,155,194.9
3573,4.59,13:41,155,194.2
3574,4.59,13:24,154,194.2
3575,4.59,13:32,154,194.2
3576,4.59,14:25,153,194.2
3577,4.59,13:58,154,194.2
3578,4.59,13:32,154,194.2
3579,4.59,13:58,153,194.9
3580,4.59,13:24,153,194.9
3581,4.6,12:53,153,194.9
3582,4.6,12:53,152,194.9
3583,4.6,12:53,152,194.9
3584,4.6,13:24,153,194.9
3585,4.6,13:49,153,194.9
3586,4.6,13:58,152,194.9
3587,4.6,15:04,152,195.5
3588,4.6,15:14,153,195.5
3589,4.6,14:25,153,195.5
3590,4.61,14:07,153,196.2
3591,4.61,13:41,153,196.2
3592,4.61,12:39,152,196.2
3593,4.61,12:11,152,196.2
3594,4.61,11:52,153,196.9
3595,4.61,11:58,153,196.9
3596,4.61,11:58,154,196.9
3597,4.62,12:18,154,196.9
3598,4.62,12:25,154,196.9
3599,4.62,12:39,155,196.9
3600,4.62,12:39,155,196.9
3601,4.62,13:24,155,196.9
3602,4.62,13:58,156,196.9
3603,4.62,14:34,155,196.9
3604,4.62,16:09,155,196.9
3605,4.62,16:21,156,197.5
3606,4.63,16:45,156,197.5
3607,4.63,16:45,156,197.5
3608,4.63,16:21,156,197.5
3609,4.63,16:09,155,198.2
3610,4.63,15:35,155,198.2
3611,4.63,13:41,155,198.2
3612,4.63,13:08,155,198.8
3613,4.63,12:39,155,198.8
3614,4.64,11:27,155,198.8
3615,4.64,11:33,156,198.8
3616,4.64,11:27,156,198.8
3617,4.64,11:16,155,198.8
3618,4.64,11:27,154,199.5
3619,4.64,11:33,154,199.5
3620,4.64,11:45,155,199.5
3621,4.65,11:52,154,199.5
3622,4.65,11:45,154,200.1
3623,4.65,11:16,154,200.1
3624,4.65,10:59,155,200.1
3625,4.65,10:48,154,200.1
3626,4.65,11:27,155,200.8
3627,4.65,11:33,154,200.8
3628,4.66,12:18,153,200.8
3629,4.66,13:24,153,200.1
3630,4.66,14:34,154,200.1
3631,4.66,15:04,154,200.1
3632,4.66,15:35,154,200.1
3633,4.66,15:24,154,200.8
3634,4.66,15:14,154,200.8
3635,4.66,14:07,155,200.8
3636,4.67,13:32,155,200.8
3637,4.67,13:01,156,200.8
3638,4.67,12:32,155,201.4
3639,4.67,12:04,155,201.4
3640,4.67,12:32,156,201.4
3641,4.67,12:04,156,201.4
3642,4.67,12:11,155,201.4
3643,4.67,12:25,156,201.4
3644,4.68,12:53,156,201.4
3645,4.68,12:32,157,201.4
3646,4.68,13:08,158,201.4
3647,4.68,13:49,158,201.4
3648,4.68,14:16,157,200.8
3649,4.68,14:34,157,200.8
3650,4.68,14:44,157,200.8
3651,4.68,14:34,156,200.8
3652,4.69,13:58,156,200.8
3653,4.69,13:49,156,200.8
3654,4.69,13:24,156,200.8
3655,4.69,13:08,156,200.8
3656,4.69,12:46,156,200.8
3657,4.69,12:39,156,200.1
3658,4.69,12:18,156,200.1
3659,4.69,12:04,156,200.1
3660,4.7,11:27,156,200.1
3661,4.7,11:21,157,200.1
3662,4.7,11:52,156,200.1
3663,4.7,12:18,156,200.1
3664,4.7,12:53,156,200.1
3665,4.7,13:58,155,199.5
3666,4.7,13:32,156,199.5
3667,4.71,12:32,156,199.5
3668,4.71,12:25,155,198.8
3669,4.71,11:45,155,198.8
3670,4.71,11:33,155,198.2
3671,4.71,12:32,154,198.2
3672,4.71,13:24,154,198.2
3673,4.71,13:08,154,197.5
3674,4.71,13:08,154,197.5
3675,4.72,13:41,155,197.5
3676,4.72,13:41,155,196.9
3677,4.72,13:16,156,196.9
3678,4.72,13:32,156,196.2
3679,4.72,14:16,155,195.5
3680,4.72,13:58,156,195.5
3681,4.72,13:41,156,195.5
3682,4.72,14:25,156,195.5
3683,4.72,14:54,157,194.9
3684,4.73,13:49,157,194.2
3685,4.73,12:18,158,193.6
3686,4.73,11:21,157,192.9
3687,4.73,10:48,157,192.3
3688,4.73,10:48,158,192.3
3689,4.73,11:21,158,191.6
3690,4.74,11:52,159,191.6
3691,4.74,12:39,160,190.9
3692,4.74,12:25,160,190.9
3693,4.74,11:58,160,190.9
3694,4.74,11:27,159,190.9
3695,4.74,11:39,159,190.9
3696,4.74,11:16,158,190.9
3697,4.75,11:33,158,190.9
3698,4.75,11:52,157,190.3
3699,4.75,11:45,157,190.3
3700,4.75,11:27,157,190.3
3701,4.75,12:18,158,190.3
3702,4.75,11:58,158,190.3
3703,4.75,11:39,158,190.3
3704,4.76,11:39,158,190.3
3705,4.76,11:39,157,190.3
3706,4.76,11:16,157,190.3
3707,4.76,11:52,156,190.3
3708,4.76,12:39,155,190.3
3709,4.76,12:53,155,190.3
3710,4.76,13:32,155,190.3
3711,4.76,13:49,155,189.6
3712,4.77,13:24,155,189.6
3713,4.77,12:11,155,189.6
3714,4.77,12:25,156,189.6
3715,4.77,12:18,156,189.6
3716,4.77,11:45,156,189.6
3717,4.77,11:39,156,189.0
3718,4.77,11:33,157,188.3
3719,4.78,10:54,157,188.3
3720,4.78,10:23,157,187.0
3721,4.78,10:23,157,186.4
3722,4.78,10:38,157,186.4
3723,4.78,10:33,156,186.4
3724,4.78,10:48,156,185.7
3725,4.79,11:05,155,185.7
3726,4.79,11:21,155,185.7
3727,4.79,11:21,155,185.7
3728,4.79,11:58,155,185.7
3729,4.79,12:46,155,185.7
3730,4.79,13:01,154,185.7
3731,4.79,12:46,154,185.0
3732,4.79,12:32,153,185.0
3733,4.8,12:11,153,185.0
3734,4.8,11:39,152,185.0
3735,4.8,12:04,152,185.0
3736,4.8,12:32,151,185.0
3737,4.8,12:46,150,185.0
3738,4.8,12:46,146,185.0
3739,4.8,11:16,144,185.0
3740,4.81,10:38,144,184.4
3741,4.81,10:18,144,184.4
3742,4.81,10:18,145,184.4
3743,4.81,10:43,145,184.4
3744,4.81,12:32,145,183.7
3745,4.81,13:49,143,183.7
3746,4.81,14:16,138,183.7
3747,4.82,13:58,138,183.7
3748,4.82,13:32,134,183.7
3749,4.82,12:25,132,183.7
3750,4.82,11:39,132,183.7
3751,4.82,11:16,134,183.7
3752,4.82,10:43,134,183.7
3753,4.82,10:38,134,183.7
3754,4.83,10:38,135,183.1
3755,4.83,10:23,135,183.1
3756,4.83,10:43,136,183.1
3757,4.83,11:05,135,183.1
3758,4.83,11:10,135,183.1
3759,4.83,11:39,136,183.1
3760,4.83,12:04,136,183.1
3761,4.84,12:25,136,183.1
3762,4.84,12:39,136,183.1
3763,4.84,12:32,136,183.1
3764,4.84,13:01,136,183.1
3765,4.84,13:08,136,182.4
3766,4.84,12:39,136,182.4
3767,4.84,13:08,136,182.4
3768,4.84,13:41,137,182.4
3769,4.85,13:49,137,182.4
3770,4.85,14:07,137,182.4
3771,4.85,13:41,136,182.4
3772,4.85,12:39,137,182.4
3773,4.85,11:58,137,182.4
3774,4.85,11:52,137,182.4
3775,4.85,11:27,137,182.4
3776,4.86,11:27,137,182.4
3777,4.86,12:11,137,181.8
3778,4.86,12:39,138,181.8
3779,4.86,11:45,138,181.8
3780,4.86,12:11,139,181.8
3781,4.86,11:52,140,181.8
3782,4.86,11:27,142,181.8
3783,4.87,11:27,143,181.1
3784,4.87,11:39,146,180.4
3785,4.87,11:16,148,180.4
3786,4.87,11:33,150,180.4
3787,4.87,11:39,151,179.8
3788,4.87,10:59,152,179.8
3789,4.87,11:16,153,179.8
3790,4.88,11:33,153,179.8
3791,4.88,12:18,154,179.8
3792,4.88,12:11,156,179.8
3793,4.88,12:46,154,179.1
3794,4.88,12:11,154,179.1
3795,4.88,11:21,153,179.1
3796,4.88,10:48,151,179.1
3797,4.89,10:38,152,179.1
3798,4.89,10:38,152,179.1
3799,4.89,10:59,153,179.1
3800,4.89,11:27,153,179.1
3801,4.89,11:45,152,179.1
3802,4.89,12:32,152,179.1
3803,4.89,12:53,151,179.1
3804,4.9,13:01,151,179.1
3805,4.9,13:01,150,178.5
3806,4.9,12:53,151,178.5
3807,4.9,12:39,151,178.5
3808,4.9,12:39,151,178.5
3809,4.9,12:46,152,178.5
3810,4.9,13:08,152,178.5
3811,4.9,13:01,153,177.8
3812,4.91,12:39,154,177.8
3813,4.91,12:32,155,177.8
3814,4.91,11:58,155,177.8
3815,4.91,11:39,155,177.8
3816,4.91,11:58,155,177.8
3817,4.91,11:58,156,177.8
3818,4.91,12:11,157,177.8
3819,4.92,12:25,157,177.8
3820,4.92,12:32,157,178.5
3821,4.92,11:58,157,178.5
3822,4.92,12:04,157,178.5
3823,4.92,11:45,157,178.5
3824,4.92,11:27,158,178.5
3825,4.92,11:52,158,178.5
3826,4.92,12:39,158,178.5
3827,4.93,12:32,158,178.5
3828,4.93,12:32,158,178.5
3829,4.93,13:01,159,178.5
3830,4.93,12:18,159,178.5
3831,4.93,12:04,160,179.1
3832,4.93,12:18,159,179.1
3833,4.93,12:53,159,179.1
3834,4.94,13:08,159,179.1
3835,4.94,13:49,160,179.1
3836,4.94,13:24,159,179.1
3837,4.94,13:01,158,179.1
3838,4.94,12:11,159,179.1
3839,4.94,11:27,158,179.1
3840,4.94,10:48,158,179.1
3841,4.95,10:23,158,179.1
3842,4.95,10:28,158,179.1
3843,4.95,10:38,158,179.1
3844,4.95,11:05,158,179.1
3845,4.95,11:33,158,179.1
3846,4.95,12:11,158,179.1
3847,4.95,12:18,158,179.1
3848,4.96,12:11,158,179.1
3849,4.96,12:11,158,179.1
3850,4.96,12:18,158,179.1
3851,4.96,12:04,158,179.1
3852,4.96,12:39,158,179.1
3853,4.96,13:24,159,179.1
3854,4.96,14:07,159,179.1
3855,4.96,15:24,160,179.8
3856,4.96,17:25,160,179.8
3857,4.97,16:33,161,180.4
3858,4.97,15:24,161,180.4
3859,4.97,13:58,162,180.4
3860,4.97,11:58,162,180.4
3861,4.97,10:54,163,179.8
3862,4.97,10:48,164,179.8
3863,4.97,10:54,164,179.8
3864,4.98,11:05,165,179.8
3865,4.98,11:27,164,179.8
3866,4.98,11:45,164,180.4
3867,4.98,11:45,164,179.8
3868,4.98,11:52,163,179.8
3869,4.98,11:45,163,179.8
3870,4.98,12:18,164,179.8
3871,4.99,12:46,163,179.8
3872,4.99,12:39,163,179.8
3873,4.99,12:53,163,179.8
3874,4.99,13:32,164,179.8
3875,4.99,13:08,164,179.1
3876,4.99,12:04,164,179.1
3877,4.99,11:45,165,179.1
3878,5.0,10:43,164,179.1
3879,5.0,9:51,164,179.1
3880,5.0,9:22,164,179.1
3881,5.0,8:56,164,179.1
3882,5.0,8:49,164,179.1
3883,5.01,8:56,164,179.1
3884,5.01,9:14,164,179.1
3885,5.01,9:18,165,179.1
3886,5.01,9:47,166,179.1
3887,5.01,10:00,166,179.1
3888,5.01,9:47,166,179.1
3889,5.02,9:47,166,179.1
3890,5.02,9:56,166,179.1
3891,5.02,10:05,167,179.1
3892,5.02,10:00,167,179.1
3893,5.02,10:28,167,179.1
3894,5.02,10:48,168,179.1
3895,5.02,11:21,168,179.1
3896,5.03,12:32,168,179.1
3897,5.03,14:25,168,179.1
3898,5.03,14:07,168,179.1
3899,5.03,11:45,167,179.1
3900,5.03,11:16,167,179.1
3901,5.03,10:00,167,179.1
3902,5.04,8:32,167,178.5
3903,5.04,7:58,167,178.5
3904,5.04,8:29,168,178.5
3905,5.04,8:07,168,178.5
3906,5.04,8:16,168,178.5
3907,5.05,8:49,169,178.5
3908,5.05,9:51,169,178.5
3909,5.05,10:09,168,178.5
3910,5.05,10:28,168,178.5
3911,5.05,10:33,168,178.5
3912,5.05,10:33,169,178.5
3913,5.05,10:09,169,178.5
3914,5.06,9:51,169,178.5
3915,5.06,10:14,169,177.8
3916,5.06,10:14,168,177.8
3917,5.06,10:00,168,177.8
3918,5.06,10:09,168,177.8
3919,5.06,10:54,168,178.5
3920,5.07,10:48,168,178.5
3921,5.07,10:38,168,178.5
3922,5.07,10:48,168,178.5
3923,5.07,10:43,168,177.8
3924,5.07,10:38,168,177.8
3925,5.07,10:43,167,177.8
3926,5.08,11:05,168,177.8
3927,5.08,11:21,168,177.8
3928,5.08,11:58,168,177.8
3929,5.08,11:27,168,177.8
3930,5.08,11:27,168,177.2
3931,5.08,11:33,168,177.2
3932,5.08,11:33,168,177.2
3933,5.09,11:16,168,177.2
3934,5.09,10:59,168,177.2
3935,5.09,11:16,168,177.2
3936,5.09,10:43,168,177.2
3937,5.09,10:05,168,177.2
3938,5.09,10:05,168,176.5
3939,5.1,10:05,168,176.5
3940,5.1,9:38,168,177.2
3941,5.1,9:34,168,177.2
3942,5.1,9:43,169,177.2
3943,5.1,9:34,169,177.2
3944,5.1,10:09,169,177.2
3945,5.11,10:05,169,176.5
3946,5.11,10:00,169,175.9
3947,5.11,10:28,171,175.9
3948,5.11,10:38,172,175.9
3949,5.11,9:43,170,175.9
3950,5.11,9:43,171,176.5
3951,5.12,10:00,171,176.5
3952,5.12,9:14,172,176.5
3953,5.12,8:52,172,176.5
3954,5.12,8:49,172,176.5
3955,5.12,8:52,173,176.5
3956,5.12,8:45,174,176.5
3957,5.13,9:07,173,177.2
3958,5.13,9:34,173,177.2
3959,5.13,10:23,173,177.2
3960,5.13,10:43,173,177.2
3961,5.13,11:10,173,177.2
3962,5.13,11:10,172,176.5
3963,5.14,10:48,172,176.5
3964,5.14,10:48,172,175.9
3965,5.14,10:14,173,175.9
3966,5.14,9:47,173,175.9
3967,5.14,9:26,174,175.9
3968,5.14,9:38,174,175.9
3969,5.15,9:51,173,175.9
3970,5.15,10:09,172,175.9
3971,5.15,10:18,172,175.2
3972,5.15,10:48,173,175.2
3973,5.15,10:28,172,175.2
3974,5.15,10:09,173,175.2
3975,5.16,10:05,172,175.2
3976,5.16,10:05,172,175.2
3977,5.16,10:14,172,174.5
3978,5.16,10:18,172,174.5
3979,5.16,10:00,171,173.9
3980,5.16,10:23,171,174.5
3981,5.16,10:59,170,173.9
3982,5.17,11:05,169,173.9
3983,5.17,11:16,170,173.9
3984,5.17,11:45,169,173.9
3985,5.17,11:27,171,173.9
3986,5.17,11:05,170,173.9
3987,5.17,10:59,170,173.2
3988,5.18,10:54,170,173.2
3989,5.18,11:05,169,173.2
3990,5.18,11:05,169,173.9
3991,5.18,10:59,170,173.9
3992,5.18,11:05,170,173.2
3993,5.18,11:05,170,173.2
3994,5.18,11:05,170,172.6
3995,5.19,10:48,170,172.6
3996,5.19,10:54,171,172.6
3997,5.19,10:43,171,172.6
3998,5.19,10:18,172,172.6
3999,5.19,9:43,172,172.6
4000,5.19,9:47,171,172.6
4001,5.2,9:47,171,171.9
4002,5.2,10:18,171,171.9
4003,5.2,10:54,171,171.9
4004,5.2,10:59,171,171.9
4005,5.2,10:48,171,171.9
4006,5.2,10:48,171,171.9
4007,5.21,10:14,171,171.9
4008,5.21,9:56,171,171.9
4009,5.21,10:09,171,171.9
4010,5.21,10:18,172,172.6
4011,5.21,10:14,172,172.6
4012,5.21,10:14,172,171.9
4013,5.22,10:28,171,171.9
4014,5.22,10:48,171,171.9
4015,5.22,11:27,171,171.3
4016,5.22,11:52,170,171.3
4017,5.22,12:18,170,171.3
4018,5.22,12:39,170,171.9
4019,5.22,13:01,170,171.9
4020,5.22,11:58,170,171.9
4021,5.23,11:16,171,171.9
4022,5.23,10:38,170,171.9
4023,5.23,10:09,171,171.9
4024,5.23,9:26,170,171.9
4025,5.23,9:43,170,171.9
4026,5.23,10:18,170,171.9
4027,5.24,11:05,169,171.9
4028,5.24,11:45,169,171.3
4029,5.24,12:53,169,171.3
4030,5.24,12:11,169,171.3
4031,5.24,11:39,169,171.3
4032,5.24,11:10,169,171.3
4033,5.24,11:27,169,170.6
4034,5.25,10:59,170,171.3
4035,5.25,11:05,171,171.3
4036,5.25,10:23,170,170.6
4037,5.25,9:51,170,170.6
4038,5.25,8:56,171,170.6
4039,5.26,8:45,171,170.6
4040,5.26,9:00,171,170.6
4041,5.26,9:14,172,170.6
4042,5.26,9:47,172,170.6
4043,5.26,9:51,172,170.6
4044,5.26,10:00,172,170.6
4045,5.27,10:09,172,169.9
4046,5.27,10:28,172,169.9
4047,5.27,10:18,173,169.9
4048,5.27,10:33,173,170.6
4049,5.27,10:38,173,170.6
4050,5.27,10:38,173,170.6
4051,5.27,10:59,174,169.9
4052,5.28,10:59,173,169.9
4053,5.28,10:54,173,169.3
4054,5.28,10:54,172,169.3
4055,5.28,10:23,172,169.3
4056,5.28,9:56,172,169.3
4057,5.28,9:51,172,169.3
4058,5.29,10:05,172,169.9
4059,5.29,10:18,173,169.9
4060,5.29,10:14,172,169.9
4061,5.29,9:47,171,169.3
4062,5.29,9:51,172,169.3
4063,5.29,9:43,171,169.3
4064,5.3,9:43,171,169.3
4065,5.3,10:14,171,169.3
4066,5.3,10:54,171,169.3
4067,5.3,10:59,171,168.6
4068,5.3,10:38,171,168.6
4069,5.3,10:14,171,168.6
4070,5.31,9:43,171,168.0
4071,5.31,9:30,171,168.0
4072,5.31,9:43,170,168.0
4073,5.31,10:00,170,168.0
4074,5.31,10:05,170,168.0
4075,5.31,10:28,170,168.0
4076,5.32,10:23,169,168.0
4077,5.32,10:09,169,168.0
4078,5.32,10:05,169,168.0
4079,5.32,10:23,168,168.0
4080,5.32,10:28,169,168.0
4081,5.32,11:05,170,167.3
4082,5.32,11:16,170,167.3
4083,5.33,11:33,171,167.3
4084,5.33,11:52,170,166.7
4085,5.33,12:11,171,167.3
4086,5.33,11:21,171,167.3
4087,5.33,11:05,171,167.3
4088,5.33,10:59,171,167.3
4089,5.34,10:33,171,167.3
4090,5.34,10:14,171,166.7
4091,5.34,10:18,171,166.7
4092,5.34,10:09,171,166.7
4093,5.34,10:05,171,166.7
4094,5.34,10:00,171,166.7
4095,5.35,9:43,171,166.7
4096,5.35,9:56,169,166.7
4097,5.35,10:23,170,166.0
4098,5.35,10:33,170,166.0
4099,5.35,10:54,170,166.0
4100,5.35,11:05,171,166.0
4101,5.35,10:59,170,166.0
4102,5.36,10:43,170,166.0
4103,5.36,10:48,170,166.0
4104,5.36,10:14,170,166.0
4105,5.36,10:14,170,166.7
4106,5.36,10:18,170,166.7
4107,5.36,10:33,170,166.0
4108,5.36,11:05,170,166.0
4109,5.37,11:58,170,166.0
4110,5.37,12:39,170,165.4
4111,5.37,13:01,169,165.4
4112,5.37,12:25,168,165.4
4113,5.37,11:52,169,165.4
4114,5.37,11:27,168,166.0
4115,5.38,10:48,168,166.0
4116,5.38,10:38,168,166.0
4117,5.38,10:43,168,166.0
4118,5.38,10:38,168,166.0
4119,5.38,10:48,168,166.0
4120,5.38,10:18,168,166.0
4121,5.38,10:00,168,165.4
4122,5.39,9:56,168,165.4
4123,5.39,10:00,168,165.4
4124,5.39,9:38,169,165.4
4125,5.39,9:47,168,165.4
4126,5.39,9:43,168,165.4
4127,5.4,9:38,169,166.0
4128,5.4,9:34,169,166.0
4129,5.4,9:30,169,165.4
4130,5.4,9:51,169,165.4
4131,5.4,10:18,169,165.4
4132,5.4,10:33,169,165.4
4133,5.4,10:38,170,164.7
4134,5.41,11:16,169,164.7
4135,5.41,11:52,170,164.7
4136,5.41,12:11,170,164.7
4137,5.41,12:25,170,164.0
4138,5.41,12:18,169,164.0
4139,5.41,12:25,169,164.0
4140,5.41,12:32,169,164.0
4141,5.41,12:53,170,164.0
4142,5.42,12:18,170,164.0
4143,5.42,11:45,169,164.0
4144,5.42,11:05,170,163.4
4145,5.42,10:28,169,163.4
4146,5.42,10:05,169,163.4
4147,5.42,10:59,169,163.4
4148,5.43,10:48,169,163.4
4149,5.43,10:38,169,163.4
4150,5.43,10:23,169,163.4
4151,5.43,10:05,170,163.4
4152,5.43,9:26,170,163.4
4153,5.43,9:56,170,163.4
4154,5.44,10:09,170,163.4
4155,5.44,10:05,171,162.7
4156,5.44,10:14,171,162.7
4157,5.44,10:09,170,162.7
4158,5.44,10:14,170,162.7
4159,5.44,10:00,171,162.7
4160,5.45,10:09,172,162.7
4161,5.45,9:43,172,162.7
4162,5.45,9:43,172,162.1
4163,5.45,9:22,172,162.1
4164,5.45,9:30,172,162.1
4165,5.45,9:43,172,161.4
4166,5.46,10:23,172,161.4
4167,5.46,10:28,171,162.1
4168,5.46,10:59,171,162.1
4169,5.46,11:05,173,161.4
4170,5.46,10:43,173,161.4
4171,5.46,9:51,172,161.4
4172,5.47,9:14,172,160.8
4173,5.47,8:42,173,160.8
4174,5.47,8:45,173,160.1
4175,5.47,8:52,173,160.1
4176,5.47,9:00,173,160.1
4177,5.48,9:22,172,159.4
4178,5.48,9:26,172,159.4
4179,5.48,8:52,173,158.8
4180,5.48,9:00,173,158.8
4181,5.48,9:03,173,158.8
4182,5.48,9:07,173,158.8
4183,5.49,9:26,173,158.8
4184,5.49,9:34,174,158.8
4185,5.49,9:14,173,158.8
4186,5.49,9:18,173,158.1
4187,5.49,9:18,173,158.1
4188,5.5,9:26,173,158.1
4189,5.5,10:05,173,158.1
4190,5.5,10:33,174,157.5
4191,5.5,10:48,174,157.5
4192,5.5,10:33,174,156.8
4193,5.5,10:18,175,156.8
4194,5.51,9:51,174,156.8
4195,5.51,9:47,175,156.8
4196,5.51,10:23,175,156.8
4197,5.51,10:54,174,156.2
4198,5.51,10:43,175,156.2
4199,5.51,10:28,175,156.2
4200,5.52,9:51,176,155.5
4201,5.52,9:22,175,155.5
4202,5.52,9:14,176,155.5
4203,5.52,9:14,174,155.5
4204,5.52,9:34,174,155.5
4205,5.52,10:05,175,154.9
4206,5.52,10:05,175,154.9
4207,5.53,10:28,175,154.9
4208,5.53,10:54,175,154.9
4209,5.53,10:54,175,154.2
4210,5.53,10:59,174,154.2
4211,5.53,11:05,174,154.2
4212,5.53,10:48,173,154.2
4213,5.54,10:33,173,154.2
4214,5.54,10:28,173,154.2
4215,5.54,9:47,174,154.2
4216,5.54,9:38,174,154.2
4217,5.54,9:11,174,153.5
4218,5.54,9:11,173,153.5
4219,5.55,9:22,172,153.5
4220,5.55,10:23,173,153.5
4221,5.55,10:18,173,154.2
4222,5.55,10:59,174,154.2
4223,5.55,11:05,174,154.2
4224,5.55,10:54,174,153.5
4225,5.56,10:14,173,153.5
4226,5.56,10:18,173,153.5
4227,5.56,10:14,173,152.9
4228,5.56,10:09,173,152.9
4229,5.56,10:14,173,152.9
4230,5.56,10:48,174,152.9
4231,5.56,10:59,174,152.9
4232,5.57,10:59,174,152.9
4233,5.57,10:38,174,152.9
4234,5.57,10:14,174,152.9
4235,5.57,9:47,174,152.9
4236,5.57,9:30,173,152.9
4237,5.58,9:14,174,152.9
4238,5.58,9:30,175,152.9
4239,5.58,9:51,175,152.2
4240,5.58,10:00,176,152.2
4241,5.58,10:14,175,152.2
4242,5.58,10:38,175,152.2
4243,5.58,10:54,174,152.2
4244,5.59,10:48,175,152.2
4245,5.59,11:05,176,152.2
4246,5.59,10:23,176,152.2
4247,5.59,10:33,175,152.2
4248,5.59,10:05,176,152.2
4249,5.59,9:47,174,152.2
4250,5.6,9:38,174,152.2
4251,5.6,10:09,174,152.2
4252,5.6,9:34,175,152.2
4253,5.6,9:38,175,152.2
4254,5.6,9:51,174,152.2
4255,5.6,9:43,173,151.6
4256,5.61,9:22,174,151.6
4257,5.61,9:07,174,151.6
4258,5.61,9:11,174,151.6
4259,5.61,8:45,174,151.6
4260,5.61,8:26,174,150.9
4261,5.62,8:49,173,150.9
4262,5.62,9:22,173,150.3
4263,5.62,9:30,173,150.3
4264,5.62,10:28,174,150.3
4265,5.62,11:45,174,150.3
4266,5.62,12:04,173,150.3
4267,5.62,11:52,174,150.3
4268,5.63,11:45,174,149.6
4269,5.63,11:27,174,149.6
4270,5.63,11:05,173,149.6
4271,5.63,10:43,174,149.6
4272,5.63,10:54,174,149.0
4273,5.63,11:05,174,149.0
4274,5.64,10:54,175,149.0
4275,5.64,11:16,175,149.0
4276,5.64,10:59,175,148.3
4277,5.64,10:18,175,148.3
4278,5.64,9:34,174,148.3
4279,5.64,9:14,174,147.6
4280,5.65,8:35,175,147.6
4281,5.65,8:26,175,147.6
4282,5.65,8:42,175,147.6
4283,5.65,9:03,175,147.6
4284,5.65,9:38,175,147.6
4285,5.66,9:34,174,147.6
4286,5.66,9:43,174,147.6
4287,5.66,9:51,174,147.0
4288,5.66,9:47,175,147.0
4289,5.66,9:26,175,146.3
4290,5.66,9:38,175,146.3
4291,5.67,9:47,174,146.3
4292,5.67,9:43,174,146.3
4293,5.67,9:38,173,146.3
4294,5.67,9:47,173,146.3
4295,5.67,9:47,172,145.7
4296,5.67,10:09,174,145.7
4297,5.67,10:59,174,145.7
4298,5.68,10:54,174,145.0
4299,5.68,10:33,174,145.0
4300,5.68,10:23,173,145.0
4301,5.68,9:38,172,145.0
4302,5.68,9:03,172,144.4
4303,5.69,8:52,172,144.4
4304,5.69,8:45,173,144.4
4305,5.69,8:45,174,144.4
4306,5.69,9:07,174,144.4
4307,5.69,8:49,174,143.7
4308,5.7,9:14,175,143.7
4309,5.7,9:30,174,143.7
4310,5.7,9:47,174,143.0
4311,5.7,10:00,173,143.0
4312,5.7,10:23,173,143.0
4313,5.7,10:23,173,143.0
4314,5.7,10:09,173,142.4
4315,5.71,10:05,174,142.4
4316,5.71,9:56,174,142.4
4317,5.71,10:00,173,141.7
4318,5.71,10:14,173,141.7
4319,5.71,10:33,173,141.7
4320,5.71,10:23,174,141.7
4321,5.72,10:09,174,141.7
4322,5.72,9:47,174,141.7
4323,5.72,9:30,173,141.7
4324,5.72,9:26,173,141.1
4325,5.72,9:43,173,141.1
4326,5.72,9:51,173,141.1
4327,5.73,10:14,173,141.1
4328,5.73,10:28,174,141.1
4329,5.73,10:59,173,141.1
4330,5.73,10:28,173,141.1
4331,5.73,10:18,172,141.1
4332,5.73,9:56,172,140.4
4333,5.74,9:30,172,140.4
4334,5.74,9:14,173,140.4
4335,5.74,9:43,174,140.4
4336,5.74,9:34,174,140.4
4337,5.74,9:14,174,140.4
4338,5.75,9:18,174,140.4
4339,5.75,9:07,175,140.4
4340,5.75,8:56,175,140.4
4341,5.75,9:11,175,140.4
4342,5.75,9:38,174,139.8
4343,5.75,10:00,174,139.8
4344,5.76,10:28,175,139.8
4345,5.76,10:38,175,139.8
4346,5.76,10:59,176,139.8
4347,5.76,11:16,175,139.8
4348,5.76,10:59,176,139.8
4349,5.76,10:05,176,139.8
4350,5.77,9:38,176,139.1
4351,5.77,9:43,175,139.1
4352,5.77,9:56,175,139.1
4353,5.77,10:14,175,139.1
4354,5.77,10:43,177,139.1
4355,5.77,10:38,178,139.1
4356,5.77,10:14,177,139.1
4357,5.78,9:47,176,139.1
4358,5.78,9:38,177,139.1
4359,5.78,9:47,178,138.5
4360,5.78,10:00,178,138.5
4361,5.78,10:09,177,138.5
4362,5.78,10:18,177,138.5
4363,5.79,10:09,178,138.5
4364,5.79,10:05,178,139.1
4365,5.79,10:14,177,139.1
4366,5.79,9:47,177,138.5
4367,5.79,9:43,178,138.5
4368,5.79,9:56,179,138.5
4369,5.8,9:47,179,138.5
4370,5.8,9:56,178,138.5
4371,5.8,9:43,177,138.5
4372,5.8,9:34,178,138.5
4373,5.8,9:14,179,138.5
4374,5.81,9:18,178,137.8
4375,5.81,9:11,178,137.8
4376,5.81,9:30,177,137.8
4377,5.81,9:38,177,137.8
4378,5.81,9:51,179,137.8
4379,5.81,10:09,179,137.8
4380,5.82,10:05,178,137.8
4381,5.82,10:09,178,137.8
4382,5.82,9:56,178,137.8
4383,5.82,10:00,179,137.1
4384,5.82,9:34,179,137.1
4385,5.82,9:30,178,137.1
4386,5.83,9:14,177,137.1
4387,5.83,9:14,178,137.1
4388,5.83,9:00,179,137.1
4389,5.83,8:52,179,137.1
4390,5.83,8:52,179,137.1
4391,5.84,9:07,179,137.1
4392,5.84,9:14,179,137.1
4393,5.84,9:22,179,136.5
4394,5.84,9:22,180,136.5
4395,5.84,9:26,180,136.5
4396,5.84,9:51,180,136.5
4397,5.84,10:43,179,136.5
4398,5.85,10:38,179,136.5
4399,5.85,10:28,179,136.5
4400,5.85,10:09,179,135.8
4401,5.85,9:30,179,135.8
4402,5.85,8:39,178,135.8
4403,5.86,8:29,177,135.8
4404,5.86,8:35,178,135.8
4405,5.86,8:35,179,135.8
4406,5.86,8:42,179,135.8
4407,5.86,9:11,179,135.8
4408,5.86,10:09,178,135.2
4409,5.87,10:23,178,135.2
4410,5.87,10:48,178,135.2
4411,5.87,10:28,179,135.2
4412,5.87,9:43,179,134.5
4413,5.87,9:00,178,134.5
4414,5.88,8:49,177,134.5
4415,5.88,8:45,177,134.5
4416,5.88,8:56,178,134.5
4417,5.88,9:14,179,134.5
4418,5.88,8:56,179,133.9
4419,5.89,8:39,177,133.9
4420,5.89,8:26,178,133.9
4421,5.89,8:16,178,133.9
4422,5.89,8:29,179,133.9
4423,5.89,8:52,178,133.9
4424,5.89,9:26,178,133.2
4425,5.9,10:00,177,133.2
4426,5.9,10:33,178,133.2
4427,5.9,10:18,179,133.2
4428,5.9,10:43,178,133.2
4429,5.9,11:10,178,133.2
4430,5.9,11:05,178,132.5
4431,5.9,11:16,180,131.9
4432,5.91,11:21,179,131.9
4433,5.91,10:59,178,131.9
4434,5.91,11:10,178,131.2
4435,5.91,10:54,179,131.2
4436,5.91,10:33,178,131.2
4437,5.91,10:33,178,131.2
4438,5.92,10:18,178,131.2
4439,5.92,10:00,177,131.2
4440,5.92,10:09,178,131.2
4441,5.92,10:09,179,131.2
4442,5.92,10:00,179,131.2
4443,5.92,9:56,178,130.6
4444,5.93,9:34,179,130.6
4445,5.93,9:38,180,131.2
4446,5.93,9:34,180,131.2
4447,5.93,9:34,178,130.6
4448,5.93,9:47,179,130.6
4449,5.93,10:00,180,130.6
4450,5.94,10:05,180,130.6
4451,5.94,10:14,179,129.9
4452,5.94,10:28,178,129.9
4453,5.94,10:33,180,130.6
4454,5.94,10:14,179,130.6
4455,5.94,10:00,178,130.6
4456,5.95,10:09,178,130.6
4457,5.95,10:23,179,129.9
4458,5.95,10:43,180,129.9
4459,5.95,10:43,178,129.9
4460,5.95,10:33,178,129.9
4461,5.95,10:38,179,129.9
4462,5.96,10:18,179,129.9
4463,5.96,9:56,179,129.9
4464,5.96,10:09,177,129.9
4465,5.96,10:09,178,129.3
4466,5.96,9:47,179,129.3
4467,5.96,9:43,178,129.3
4468,5.97,9:43,177,129.3
4469,5.97,9:56,177,129.3
4470,5.97,10:05,177,129.9
4471,5.97,10:23,178,129.9
4472,5.97,10:18,178,129.9
4473,5.97,10:14,177,129.9
4474,5.98,9:56,176,129.9
4475,5.98,9:47,177,129.9
4476,5.98,9:22,178,129.9
4477,5.98,9:56,177,129.9
4478,5.98,10:14,176,129.9
4479,5.98,10:43,175,129.9
4480,5.98,11:27,176,129.9
4481,5.99,12:25,176,129.9
4482,5.99,11:27,175,129.9
4483,5.99,10:54,175,129.9
4484,5.99,10:33,175,129.3
4485,5.99,10:23,176,129.3
4486,5.99,9:47,176,129.3
4487,6.0,10:05,175,129.9
4488,6.0,10:09,175,129.9
4489,6.0,9:26,175,129.9
4490,6.0,9:03,176,129.9
4491,6.0,9:14,176,129.9
4492,6.01,8:56,175,129.9
4493,6.01,9:18,175,129.9
4494,6.01,10:18,178,129.9
4495,6.01,10:59,178,129.9
4496,6.01,11:21,177,129.9
4497,6.01,12:39,178,129.9
4498,6.01,12:46,178,129.9
4499,6.01,12:18,176,129.3
4500,6.02,11:33,178,129.3
4501,6.02,11:16,178,129.3
4502,6.02,11:05,177,129.3
4503,6.02,10:59,177,129.3
4504,6.02,11:33,177,128.6
4505,6.02,12:11,177,128.6
4506,6.02,12:53,176,129.3
4507,6.03,13:41,176,128.6
4508,6.03,13:49,174,128.6
4509,6.03,13:16,174,128.6
4510,6.03,12:46,175,128.6
4511,6.03,11:58,173,128.6
4512,6.03,10:43,173,128.6
4513,6.03,10:23,173,128.6
4514,6.04,10:18,174,128.6
4515,6.04,10:23,174,128.6
4516,6.04,10:28,173,128.6
4517,6.04,10:54,173,128.6
4518,6.04,10:59,173,128.6
4519,6.04,10:54,174,128.6
4520,6.05,11:05,175,128.6
4521,6.05,11:05,175,128.6
4522,6.05,11:05,175,128.6
4523,6.05,11:16,175,128.6
4524,6.05,12:04,176,128.6
4525,6.05,11:52,176,128.6
4526,6.05,12:18,175,128.6
4527,6.06,12:11,175,128.6
4528,6.06,12:11,176,128.6
4529,6.06,11:58,176,128.6
4530,6.06,11:58,175,128.0
4531,6.06,11:52,175,128.0
4532,6.06,12:11,175,128.0
4533,6.06,11:52,176,128.0
4534,6.06,12:11,176,128.0
4535,6.07,12:18,175,128.0
4536,6.07,12:32,174,128.0
4537,6.07,12:32,175,128.0
4538,6.07,13:01,175,127.3
4539,6.07,12:04,174,127.3
4540,6.07,12:39,174,127.3
4541,6.07,12:25,174,127.3
4542,6.08,11:39,175,127.3
4543,6.08,11:52,175,127.3
4544,6.08,12:46,175,127.3
4545,6.08,12:39,174,127.3
4546,6.08,12:32,174,127.3
4547,6.08,12:46,174,127.3
4548,6.08,12:18,176,127.3
4549,6.08,12:11,175,127.3
4550,6.09,12:04,174,127.3
4551,6.09,12:25,176,126.6
4552,6.09,12:46,176,126.6
4553,6.09,12:18,174,126.6
4554,6.09,11:58,174,126.6
4555,6.09,11:45,174,126.6
4556,6.09,11:39,175,126.6
4557,6.1,11:58,174,126.6
4558,6.1,12:46,173,126.6
4559,6.1,12:39,172,126.6
4560,6.1,12:46,167,126.6
4561,6.1,12:18,160,126.6
4562,6.1,12:11,157,126.6
4563,6.1,11:21,159,126.6
4564,6.11,10:38,159,126.6
4565,6.11,10:59,159,126.6
4566,6.11,11:45,159,126.6
4567,6.11,11:45,159,126.6
4568,6.11,12:25,159,126.6
4569,6.11,13:41,159,126.6
4570,6.11,12:53,158,126.6
4571,6.12,12:25,159,126.6
4572,6.12,12:25,159,126.6
4573,6.12,12:25,159,126.6
4574,6.12,11:45,159,126.6
4575,6.12,11:10,158,126.6
4576,6.12,10:23,159,126.6
4577,6.12,9:47,159,126.6
4578,6.13,9:30,158,126.6
4579,6.13,9:11,159,126.6
4580,6.13,9:03,158,126.6
4581,6.13,9:30,158,126.6
4582,6.13,9:43,158,126.0
4583,6.13,10:14,159,126.0
4584,6.14,10:48,158,126.0
4585,6.14,12:04,158,126.6
4586,6.14,12:11,158,126.6
4587,6.14,12:25,158,126.6
4588,6.14,12:11,157,126.6
4589,6.14,12:11,156,127.3
4590,6.14,12:18,156,126.6
4591,6.15,12:18,157,126.6
4592,6.15,12:32,157,126.6
4593,6.15,13:08,158,126.6
4594,6.15,13:41,158,126.6
4595,6.15,13:24,159,126.6
4596,6.15,13:24,160,126.6
4597,6.15,12:53,161,126.6
4598,6.15,11:52,163,126.6
4599,6.16,11:27,165,126.0
4600,6.16,10:54,166,126.0
4601,6.16,10:38,166,126.0
4602,6.16,10:33,167,126.0
4603,6.16,10:54,169,126.0
4604,6.16,10:54,169,126.0
4605,6.17,11:27,170,126.0
4606,6.17,11:58,170,126.0
4607,6.17,12:39,171,126.0
4608,6.17,12:46,170,126.0
4609,6.17,12:46,170,126.6
4610,6.17,12:39,170,126.6
4611,6.17,12:25,170,126.6
4612,6.17,12:11,170,126.6
4613,6.18,11:52,170,126.6
4614,6.18,11:33,169,126.0
4615,6.18,11:21,169,126.0
4616,6.18,10:59,168,126.0
4617,6.18,10:28,168,126.0
4618,6.18,10:14,169,126.0
4619,6.19,10:54,169,126.0
4620,6.19,10:38,168,126.0
4621,6.19,10:54,168,126.0
4622,6.19,11:16,168,126.0
4623,6.19,11:45,169,126.0
4624,6.19,10:59,168,126.0
4625,6.19,11:21,168,126.6
4626,6.2,11:10,167,126.6
4627,6.2,10:48,167,126.6
4628,6.2,10:38,167,126.6
4629,6.2,10:48,167,126.6
4630,6.2,10:48,168,126.0
4631,6.2,11:10,168,126.0
4632,6.21,11:21,167,126.0
4633,6.21,11:10,167,126.0
4634,6.21,10:59,167,126.0
4635,6.21,10:33,167,126.0
4636,6.21,10:28,167,126.0
4637,6.21,10:33,167,126.0
4638,6.21,10:48,167,126.0
4639,6.22,11:21,168,126.0
4640,6.22,12:04,168,126.0
4641,6.22,12:11,168,126.0
4642,6.22,12:18,168,126.0
4643,6.22,12:18,169,126.0
4644,6.22,12:04,170,126.6
4645,6.22,11:45,169,126.6
4646,6.23,12:11,170,126.6
4647,6.23,12:46,169,126.6
4648,6.23,12:53,169,127.3
4649,6.23,13:01,170,127.3
4650,6.23,13:08,171,128.0
4651,6.23,12:46,172,128.6
4652,6.23,12:53,171,128.6
4653,6.23,13:08,170,129.3
4654,6.24,12:53,171,129.3
4655,6.24,13:08,172,129.9
4656,6.24,13:24,172,129.9
4657,6.24,13:24,172,129.3
4658,6.24,12:53,173,129.3
4659,6.24,13:24,172,128.6
4660,6.24,13:08,171,128.0
4661,6.24,13:24,171,128.0
4662,6.25,13:16,170,127.3
4663,6.25,13:24,170,126.6
4664,6.25,12:53,171,126.0
4665,6.25,12:04,170,126.0
4666,6.25,11:21,170,125.3
4667,6.25,10:54,171,125.3
4668,6.25,10:18,170,125.3
4669,6.26,10:14,171,124.7
4670,6.26,10:33,171,124.7
4671,6.26,10:18,171,124.0
4672,6.26,10:18,171,124.0
4673,6.26,10:43,171,123.4
4674,6.26,10:38,171,123.4
4675,6.27,10:54,171,123.4
4676,6.27,10:59,172,123.4
4677,6.27,10:54,172,122.7
4678,6.27,11:05,171,122.7
4679,6.27,11:39,171,122.7
4680,6.27,11:52,171,122.7
4681,6.27,12:53,171,122.7
4682,6.27,13:49,172,122.7
4683,6.28,13:41,171,122.7
4684,6.28,13:01,171,122.7
4685,6.28,12:39,171,122.7
4686,6.28,12:18,171,122.7
4687,6.28,11:39,170,122.0
4688,6.28,11:39,169,122.0
4689,6.28,11:39,170,122.0
4690,6.29,11:52,169,122.0
4691,6.29,10:43,169,122.0
4692,6.29,10:14,169,122.0
4693,6.29,9:38,168,122.0
4694,6.29,9:26,168,122.0
4695,6.29,9:22,167,122.0
4696,6.3,9:47,167,122.0
4697,6.3,10:09,168,122.0
4698,6.3,10:48,168,121.4
4699,6.3,10:48,168,121.4
4700,6.3,10:18,168,121.4
4701,6.3,10:14,168,121.4
4702,6.31,10:48,169,121.4
4703,6.31,11:21,169,120.7
4704,6.31,11:45,169,121.4
4705,6.31,12:46,170,120.7
4706,6.31,13:49,169,120.7
4707,6.31,13:41,169,120.7
4708,6.31,13:16,169,120.1
4709,6.31,13:49,169,120.1
4710,6.32,13:01,169,120.1
4711,6.32,12:39,168,120.1
4712,6.32,12:11,168,120.1
4713,6.32,11:52,168,120.1
4714,6.32,11:21,169,120.1
4715,6.32,11:39,169,119.4
4716,6.32,11:16,169,119.4
4717,6.33,11:10,168,119.4
4718,6.33,11:05,167,119.4
4719,6.33,11:33,167,119.4
4720,6.33,11:21,167,119.4
4721,6.33,11:39,166,119.4
4722,6.33,11:52,166,119.4
4723,6.33,12:25,167,119.4
4724,6.34,12:39,168,119.4
4725,6.34,13:16,168,118.8
4726,6.34,12:46,167,118.8
4727,6.34,12:32,167,118.8
4728,6.34,12:32,167,118.8
4729,6.34,12:04,167,118.8
4730,6.34,11:45,167,118.8
4731,6.34,12:46,167,118.8
4732,6.35,13:08,167,118.8
4733,6.35,13:01,166,118.8
4734,6.35,13:01,165,118.8
4735,6.35,12:53,165,118.8
4736,6.35,11:58,164,118.8
4737,6.35,11:16,164,118.1
4738,6.36,10:43,164,118.1
4739,6.36,10:23,163,118.1
4740,6.36,10:18,163,117.5
4741,6.36,10:18,163,117.5
4742,6.36,10:23,162,117.5
4743,6.36,10:54,162,117.5
4744,6.36,11:05,162,117.5
4745,6.37,11:21,162,117.5
4746,6.37,11:27,163,117.5
4747,6.37,11:45,163,116.8
4748,6.37,11:16,164,116.8
4749,6.37,11:39,165,116.8
4750,6.37,10:48,165,116.8
4751,6.37,10:43,165,116.8
4752,6.38,10:54,166,116.8
4753,6.38,11:16,166,116.1
4754,6.38,11:10,166,116.1
4755,6.38,11:33,165,116.1
4756,6.38,11:52,165,116.1
4757,6.38,12:11,166,116.1
4758,6.38,11:58,166,116.1
4759,6.39,11:33,165,116.1
4760,6.39,12:04,165,116.1
4761,6.39,12:25,165,116.1
4762,6.39,12:11,166,116.1
4763,6.39,12:46,165,116.1
4764,6.39,13:01,164,115.5
4765,6.39,13:08,164,115.5
4766,6.4,13:01,165,115.5
4767,6.4,12:53,165,115.5
4768,6.4,12:53,165,115.5
4769,6.4,12:53,166,115.5
4770,6.4,12:46,166,115.5
4771,6.4,12:04,165,114.8
4772,6.4,11:39,164,114.8
4773,6.41,11:16,164,114.8
4774,6.41,11:16,164,114.2
4775,6.41,11:05,164,114.2
4776,6.41,11:21,164,114.2
4777,6.41,11:45,164,114.2
4778,6.41,11:52,164,114.2
4779,6.41,11:52,164,114.2
4780,6.42,11:33,164,114.2
4781,6.42,11:27,163,114.2
4782,6.42,11:39,163,114.2
4783,6.42,11:21,163,114.2
4784,6.42,11:52,163,113.5
4785,6.42,12:04,163,113.5
4786,6.42,11:39,163,113.5
4787,6.43,11:27,163,113.5
4788,6.43,11:05,163,113.5
4789,6.43,10:43,163,113.5
4790,6.43,10:43,163,113.5
4791,6.43,11:16,163,112.9
4792,6.43,11:10,164,112.9
4793,6.43,11:58,164,112.9
4794,6.44,12:11,165,112.2
4795,6.44,11:52,165,112.2
4796,6.44,11:21,165,112.2
4797,6.44,11:33,165,112.2
4798,6.44,11:33,164,112.2
4799,6.44,10:59,165,112.2
4800,6.44,11:39,165,112.2
4801,6.45,12:32,165,112.2
4802,6.45,12:32,165,112.2
4803,6.45,12:25,165,112.2
4804,6.45,12:39,164,112.2
4805,6.45,12:04,164,112.2
4806,6.45,11:45,163,112.2
4807,6.45,11:21,163,112.2
4808,6.46,11:05,163,112.2
4809,6.46,11:16,163,111.5
4810,6.46,11:10,163,111.5
4811,6.46,10:43,164,111.5
4812,6.46,10:43,164,111.5
4813,6.46,10:48,165,111.5
4814,6.46,10:43,165,110.9
4815,6.47,11:05,165,110.9
4816,6.47,11:33,165,110.9
4817,6.47,11:39,165,110.9
4818,6.47,11:45,165,110.9
4819,6.47,11:39,165,110.9
4820,6.47,11:45,165,110.9
4821,6.47,11:45,165,110.9
4822,6.48,11:45,165,110.9
4823,6.48,11:45,165,110.9
4824,6.48,11:52,164,110.9
4825,6.48,11:33,164,110.9
4826,6.48,11:27,163,110.9
4827,6.48,11:10,163,110.9
4828,6.48,11:05,164,110.9
4829,6.49,11:21,163,110.9
4830,6.49,11:33,163,110.9
4831,6.49,11:33,162,110.9
4832,6.49,12:11,162,110.9
4833,6.49,12:25,162,110.2
4834,6.49,12:11,162,110.2
4835,6.49,12:18,163,110.2
4836,6.5,12:11,163,110.2
4837,6.5,12:18,162,110.2
4838,6.5,12:32,162,110.2
4839,6.5,12:39,162,110.2
4840,6.5,12:39,160,110.2
4841,6.5,12:53,160,110.2
4842,6.5,12:18,160,110.2
4843,6.5,12:18,158,110.9
4844,6.51,12:18,157,110.9
4845,6.51,11:52,157,110.9
4846,6.51,11:58,157,110.9
4847,6.51,12:46,158,110.9
4848,6.51,12:46,159,110.9
4849,6.51,12:53,160,110.9
4850,6.51,13:41,160,110.2
4851,6.52,13:41,162,110.2
4852,6.52,13:01,163,110.2
4853,6.52,11:58,163,110.2
4854,6.52,11:33,163,110.2
4855,6.52,11:05,164,110.2
4856,6.52,10:43,164,110.2
4857,6.52,11:10,164,110.2
4858,6.53,12:18,165,110.2
4859,6.53,12:46,165,110.2
4860,6.53,12:46,166,110.9
4861,6.53,13:16,166,110.9
4862,6.53,12:04,167,110.9
4863,6.53,11:52,167,110.9
4864,6.53,11:52,166,110.9
4865,6.53,11:58,166,110.9
4866,6.54,11:58,165,110.9
4867,6.54,12:46,166,110.9
4868,6.54,12:11,166,110.2
4869,6.54,12:11,165,110.2
4870,6.54,12:25,165,110.2
4871,6.54,12:18,165,110.2
4872,6.54,12:25,164,110.2
4873,6.55,12:32,165,110.2
4874,6.55,12:11,165,110.2
4875,6.55,12:04,164,110.2
4876,6.55,12:11,164,110.2
4877,6.55,12:04,163,110.2
4878,6.55,11:45,163,110.2
4879,6.55,12:04,163,110.9
4880,6.56,11:58,163,110.9
4881,6.56,11:52,163,110.9
4882,6.56,11:21,164,110.2
4883,6.56,12:04,163,110.2
4884,6.56,11:39,164,110.2
4885,6.56,11:10,164,110.2
4886,6.56,11:05,165,109.6
4887,6.57,11:21,164,109.6
4888,6.57,11:10,164,109.6
4889,6.57,11:21,165,109.6
4890,6.57,12:04,165,109.6
4891,6.57,11:58,165,108.9
4892,6.57,12:18,165,108.9
4893,6.57,12:39,166,109.6
4894,6.57,13:16,166,109.6
4895,6.58,13:01,166,109.6
4896,6.58,13:32,166,109.6
4897,6.58,13:49,166,109.6
4898,6.58,12:53,165,109.6
4899,6.58,12:25,165,109.6
4900,6.58,13:32,165,109.6
4901,6.58,13:49,164,109.6
4902,6.58,13:41,164,109.6
4903,6.59,14:34,164,109.6
4904,6.59,15:04,164,109.6
4905,6.59,15:04,164,110.2
4906,6.59,16:33,165,110.2
4907,6.59,15:57,165,110.2
4908,6.59,15:46,165,110.2
4909,6.59,15:46,165,110.2
4910,6.59,13:41,165,110.2
4911,6.6,12:11,166,110.2
4912,6.6,12:53,166,110.2
4913,6.6,12:25,165,110.2
4914,6.6,11:45,165,110.2
4915,6.6,12:18,165,110.2
4916,6.6,11:52,165,110.9
4917,6.6,10:54,165,110.9
4918,6.61,10:33,165,110.9
4919,6.61,10:38,165,110.9
4920,6.61,10:54,164,110.9
4921,6.61,11:21,165,110.9
4922,6.61,11:39,165,110.2
4923,6.61,12:39,165,110.2
4924,6.61,12:39,166,110.2
4925,6.61,12:25,166,110.2
4926,6.62,12:25,165,110.2
4927,6.62,12:32,165,110.2
4928,6.62,12:53,166,110.2
4929,6.62,12:46,166,110.2
4930,6.62,11:27,166,110.2
4931,6.62,11:16,166,110.2
4932,6.62,11:21,166,110.2
4933,6.63,10:59,165,110.9
4934,6.63,11:58,165,110.2
4935,6.63,14:07,165,110.2
4936,6.63,13:41,165,110.9
4937,6.63,13:32,165,110.9
4938,6.63,13:32,165,110.2
4939,6.63,11:39,165,110.9
4940,6.64,11:21,164,110.9
4941,6.64,12:18,164,110.9
4942,6.64,12:46,164,110.9
4943,6.64,12:32,164,110.9
4944,6.64,12:53,164,110.9
4945,6.64,12:04,164,110.9
4946,6.64,11:27,165,110.9
4947,6.65,10:54,164,110.9
4948,6.65,11:16,164,111.5
4949,6.65,11:33,163,111.5
4950,6.65,11:39,163,111.5
4951,6.65,11:33,163,111.5
4952,6.65,11:39,163,111.5
4953,6.65,11:21,163,111.5
4954,6.66,11:33,163,111.5
4955,6.66,11:39,163,111.5
4956,6.66,11:52,164,111.5
4957,6.66,11:33,164,111.5
4958,6.66,11:33,165,112.2
4959,6.66,11:16,164,112.2
4960,6.66,11:16,164,112.2
4961,6.67,11:16,165,112.9
4962,6.67,12:04,164,112.9
4963,6.67,12:39,164,112.2
4964,6.67,13:01,163,112.2
4965,6.67,13:32,164,112.2
4966,6.67,13:49,164,112.2
4967,6.67,13:01,164,112.2
4968,6.67,12:39,164,112.9
4969,6.68,12:39,164,112.9
4970,6.68,12:39,164,112.9
4971,6.68,12:46,164,112.9
4972,6.68,12:39,164,113.5
4973,6.68,12:32,164,113.5
4974,6.68,11:58,164,113.5
4975,6.68,11:33,164,113.5
4976,6.69,11:21,164,113.5
4977,6.69,11:45,164,114.2
4978,6.69,11:27,164,114.2
4979,6.69,11:52,164,114.2
4980,6.69,11:52,164,114.2
4981,6.69,11:39,163,114.8
4982,6.69,11:27,163,115.5
4983,6.7,11:21,164,115.5
4984,6.7,11:39,164,116.1
4985,6.7,11:21,164,116.1
4986,6.7,11:27,164,116.8
4987,6.7,11:27,164,116.8
4988,6.7,12:11,164,116.8
4989,6.7,12:11,165,116.8
4990,6.7,12:39,166,117.5
4991,6.71,12:39,166,117.5
4992,6.71,13:01,165,117.5
4993,6.71,12:39,165,118.1
4994,6.71,12:18,165,118.1
4995,6.71,13:16,166,118.8
4996,6.71,13:49,167,119.4
4997,6.71,13:32,169,119.4
4998,6.71,14:07,169,119.4
4999,6.72,15:35,168,120.1
5000,6.72,15:14,169,120.1
5001,6.72,14:34,169,120.1
5002,6.72,15:24,169,120.1
5003,6.72,15:04,170,120.1
5004,6.72,13:58,171,120.1
5005,6.72,13:49,170,120.7
5006,6.72,13:58,171,120.7
5007,6.73,13:58,170,120.7
5008,6.73,12:53,170,120.7
5009,6.73,12:18,171,120.7
5010,6.73,11:45,171,120.7
5011,6.73,11:27,171,121.4
5012,6.73,10:48,171,121.4
5013,6.73,11:39,171,121.4
5014,6.74,12:25,171,120.7
5015,6.74,12:53,172,120.7
5016,6.74,13:16,172,120.7
5017,6.74,13:32,171,120.1
5018,6.74,12:39,171,119.4
5019,6.74,12:18,171,119.4
5020,6.74,12:04,171,118.8
5021,6.74,11:58,171,118.1
5022,6.75,12:04,171,117.5
5023,6.75,12:04,171,117.5
5024,6.75,11:58,170,117.5
5025,6.75,11:52,170,116.8
5026,6.75,11:39,169,116.8
5027,6.75,11:16,169,116.1
5028,6.75,11:21,169,115.5
5029,6.76,11:21,169,115.5
5030,6.76,11:58,169,114.8
5031,6.76,11:39,168,114.2
5032,6.76,12:11,168,114.2
5033,6.76,13:01,168,113.5
5034,6.76,14:07,168,113.5
5035,6.76,13:01,168,112.9
5036,6.77,13:01,168,112.9
5037,6.77,12:11,167,112.2
5038,6.77,11:52,167,112.2
5039,6.77,10:59,166,112.2
5040,6.77,11:05,166,112.2
5041,6.77,11:16,166,112.2
5042,6.77,11:33,167,112.2
5043,6.78,11:10,166,112.2
5044,6.78,11:27,166,112.2
5045,6.78,11:27,166,112.2
5046,6.78,11:33,167,112.2
5047,6.78,11:39,167,112.2
5048,6.78,11:27,168,112.2
5049,6.78,11:16,168,112.2
5050,6.79,11:10,168,112.2
5051,6.79,11:16,168,112.2
5052,6.79,11:21,168,112.2
5053,6.79,11:33,168,111.5
5054,6.79,11:21,169,111.5
5055,6.79,11:45,169,110.9
5056,6.79,12:11,168,110.9
5057,6.8,12:11,168,110.9
5058,6.8,12:46,168,110.9
5059,6.8,13:32,169,110.9
5060,6.8,14:16,169,110.9
5061,6.8,13:49,168,110.9
5062,6.8,13:41,167,110.9
5063,6.8,13:32,167,110.9
5064,6.8,13:08,167,110.9
5065,6.81,11:45,166,110.9
5066,6.81,11:39,166,110.9
5067,6.81,11:21,166,110.9
5068,6.81,10:23,166,110.9
5069,6.81,10:14,165,110.2
5070,6.81,10:38,165,110.2
5071,6.82,10:23,165,110.2
5072,6.82,10:54,165,110.2
5073,6.82,12:18,164,110.2
5074,6.82,13:08,163,110.2
5075,6.82,13:49,163,110.2
5076,6.82,14:16,163,110.2
5077,6.82,13:49,163,109.6
5078,6.82,13:16,164,109.6
5079,6.83,12:11,164,109.6
5080,6.83,11:39,164,109.6
5081,6.83,12:18,164,109.6
5082,6.83,12:32,165,109.6
5083,6.83,12:39,165,109.6
5084,6.83,14:25,166,109.6
5085,6.83,15:46,166,109.6
5086,6.83,15:35,166,109.6
5087,6.83,15:35,166,109.6
5088,6.84,15:14,166,109.6
5089,6.84,13:08,166,109.6
5090,6.84,11:33,166,110.2
5091,6.84,10:18,167,110.2
5092,6.84,9:38,167,110.2
5093,6.84,9:18,165,110.2
5094,6.85,9:22,165,110.2
5095,6.85,9:38,165,110.2
5096,6.85,10:33,164,109.6
5097,6.85,11:10,164,109.6
5098,6.85,11:52,164,109.6
5099,6.85,12:32,164,109.6
5100,6.85,12:46,163,109.6
5101,6.86,13:01,162,108.9
5102,6.86,12:53,162,108.9
5103,6.86,12:18,161,108.9
5104,6.86,12:18,161,108.9
5105,6.86,12:32,161,108.9
5106,6.86,12:11,161,108.9
5107,6.86,12:25,161,108.9
5108,6.87,12:39,161,108.9
5109,6.87,12:11,161,108.9
5110,6.87,11:58,161,108.9
5111,6.87,11:33,161,108.9
5112,6.87,11:39,161,108.9
5113,6.87,11:45,161,108.9
5114,6.87,11:39,161,108.9
5115,6.88,11:52,162,108.9
5116,6.88,12:32,162,108.9
5117,6.88,12:25,162,108.9
5118,6.88,12:32,163,108.9
5119,6.88,12:46,163,108.9
5120,6.88,12:18,163,108.9
5121,6.88,11:58,163,108.9
5122,6.88,12:11,163,108.9
5123,6.89,12:39,163,108.9
5124,6.89,13:08,163,108.9
5125,6.89,13:41,163,108.9
5126,6.89,13:32,163,108.9
5127,6.89,13:24,164,108.9
5128,6.89,12:32,165,108.9
5129,6.89,12:04,165,108.9
5130,6.9,11:39,165,108.9
5131,6.9,11:21,165,108.9
5132,6.9,11:21,165,108.9
5133,6.9,11:33,165,108.9
5134,6.9,11:39,165,108.9
5135,6.9,12:04,165,108.9
5136,6.9,12:25,166,108.9
5137,6.9,12:18,166,108.9
5138,6.91,12:39,165,108.9
5139,6.91,12:11,165,108.9
5140,6.91,11:52,165,109.6
5141,6.91,11:27,165,109.6
5142,6.91,11:21,165,109.6
5143,6.91,10:59,165,109.6
5144,6.92,10:59,165,109.6
5145,6.92,10:54,165,108.9
5146,6.92,11:21,165,108.3
5147,6.92,11:33,165,108.9
5148,6.92,11:58,166,108.9
5149,6.92,12:46,166,108.9
5150,6.92,12:25,166,108.9
5151,6.92,12:11,167,108.9
5152,6.93,12:04,168,108.9
5153,6.93,11:39,167,108.9
5154,6.93,11:33,167,108.9
5155,6.93,12:25,168,108.3
5156,6.93,12:46,168,108.3
5157,6.93,12:46,168,108.3
5158,6.93,12:46,168,108.3
5159,6.94,12:11,168,108.3
5160,6.94,12:04,169,108.3
5161,6.94,11:52,170,108.3
5162,6.94,11:58,169,108.3
5163,6.94,12:25,169,108.3
5164,6.94,13:01,169,108.3
5165,6.94,13:24,168,108.3
5166,6.94,13:08,168,108.3
5167,6.95,12:32,169,107.6
5168,6.95,11:39,169,107.6
5169,6.95,11:21,168,107.6
5170,6.95,10:43,168,107.6
5171,6.95,10:59,169,107.6
5172,6.95,11:16,169,107.6
5173,6.96,11:45,168,107.6
5174,6.96,11:39,169,107.6
5175,6.96,11:58,168,107.6
5176,6.96,11:52,168,107.6
5177,6.96,12:11,168,107.6
5178,6.96,12:11,169,107.6
5179,6.96,12:32,170,107.0
5180,6.96,13:01,170,107.0
5181,6.97,13:24,170,106.3
5182,6.97,13:16,169,106.3
5183,6.97,13:16,170,105.6
5184,6.97,12:46,170,105.6
5185,6.97,12:04,169,105.6
5186,6.97,12:11,169,105.6
5187,6.97,11:45,169,105.0
5188,6.98,11:45,169,105.0
5189,6.98,12:11,169,105.0
5190,6.98,12:18,168,105.0
5191,6.98,12:25,168,105.0
5192,6.98,13:01,168,105.6
5193,6.98,12:53,168,105.6
5194,6.98,13:01,168,105.6
5195,6.98,13:16,168,105.6
5196,6.99,13:16,167,105.6
5197,6.99,13:01,167,105.6
5198,6.99,13:32,167,105.0
5199,6.99,13:24,167,105.0
5200,6.99,12:46,168,105.0
5201,6.99,12:11,168,105.0
5202,6.99,12:04,168,105.0
5203,7.0,11:27,168,105.0
5204,7.0,11:16,168,105.0
5205,7.0,11:21,168,105.0
5206,7.0,11:05,168,105.0
5207,7.0,10:54,168,105.0
5208,7.0,11:33,168,105.0
5209,7.0,11:58,168,105.0
5210,7.0,12:25,168,104.3
5211,7.01,13:16,168,104.3
5212,7.01,14:16,167,103.7
5213,7.01,14:16,168,103.7
5214,7.01,13:24,168,103.0
5215,7.01,13:01,168,102.4
5216,7.01,12:32,168,102.4
5217,7.01,12:04,167,101.7
5218,7.02,11:39,167,101.7
5219,7.02,11:39,167,101.0
5220,7.02,12:04,168,101.0
5221,7.02,12:46,168,100.4
5222,7.02,13:01,168,100.4
5223,7.02,13:01,167,100.4
5224,7.02,13:32,167,100.4
5225,7.02,13:32,167,100.4
5226,7.03,13:16,167,99.7
5227,7.03,13:16,167,99.7
5228,7.03,13:01,166,99.1
5229,7.03,12:53,166,99.1
5230,7.03,11:58,165,98.4
5231,7.03,10:59,165,98.4
5232,7.03,10:43,164,98.4
5233,7.04,10:48,164,98.4
5234,7.04,10:38,164,98.4
5235,7.04,10:54,165,97.8
5236,7.04,11:33,165,97.8
5237,7.04,12:18,165,97.1
5238,7.04,12:53,165,97.1
5239,7.04,13:24,165,97.1
5240,7.05,13:32,164,96.5
5241,7.05,12:46,164,96.5
5242,7.05,11:45,164,96.5
5243,7.05,11:10,165,96.5
5244,7.05,11:05,164,96.5
5245,7.05,11:10,165,96.5
5246,7.05,11:39,165,95.8
5247,7.06,11:58,165,95.8
5248,7.06,12:18,165,95.8
5249,7.06,12:32,165,95.8
5250,7.06,13:41,165,95.8
5251,7.06,14:07,165,95.8
5252,7.06,13:49,166,95.8
5253,7.06,14:07,167,96.5
5254,7.06,13:32,167,96.5
5255,7.07,12:53,166,97.1
5256,7.07,11:58,165,97.1
5257,7.07,12:04,166,97.8
5258,7.07,11:27,166,98.4
5259,7.07,11:45,166,98.4
5260,7.07,11:10,166,99.1
5261,7.07,11:52,167,99.1
5262,7.08,12:11,168,99.7
5263,7.08,12:46,167,99.7
5264,7.08,12:11,167,100.4
5265,7.08,12:39,168,100.4
5266,7.08,12:32,168,100.4
5267,7.08,12:39,169,100.4
5268,7.08,12:39,168,100.4
5269,7.08,12:46,167,100.4
5270,7.09,12:53,166,100.4
5271,7.09,13:01,167,99.7
5272,7.09,12:32,167,99.7
5273,7.09,12:46,167,99.7
5274,7.09,13:01,166,99.7
5275,7.09,12:39,166,99.7
5276,7.09,13:16,166,99.7
5277,7.09,13:32,167,99.7
5278,7.1,12:53,166,99.7
5279,7.1,12:53,166,99.1
5280,7.1,13:08,165,99.1
5281,7.1,12:39,165,99.1
5282,7.1,12:39,165,99.1
5283,7.1,12:39,166,99.1
5284,7.1,12:39,166,99.1
5285,7.11,11:52,165,98.4
5286,7.11,11:21,165,98.4
5287,7.11,10:59,164,98.4
5288,7.11,10:48,164,98.4
5289,7.11,10:59,163,98.4
5290,7.11,11:39,163,98.4
5291,7.11,12:04,163,98.4
5292,7.12,12:18,164,98.4
5293,7.12,13:01,164,98.4
5294,7.12,12:32,164,98.4
5295,7.12,12:39,163,98.4
5296,7.12,12:25,164,98.4
5297,7.12,11:52,165,98.4
5298,7.12,11:58,165,98.4
5299,7.13,11:52,166,98.4
5300,7.13,11:05,167,99.1
5301,7.13,10:59,166,99.1
5302,7.13,11:39,167,99.1
5303,7.13,11:33,168,99.1
5304,7.13,11:27,167,99.1
5305,7.13,12:11,168,98.4
5306,7.13,12:39,168,98.4
5307,7.14,12:25,168,98.4
5308,7.14,12:04,168,98.4
5309,7.14,12:39,168,98.4
5310,7.14,12:32,168,98.4
5311,7.14,12:46,168,98.4
5312,7.14,12:53,169,98.4
5313,7.14,12:39,169,98.4
5314,7.15,13:01,169,98.4
5315,7.15,13:01,170,99.1
5316,7.15,12:39,170,99.1
5317,7.15,12:39,170,99.1
5318,7.15,12:32,170,99.1
5319,7.15,12:25,169,99.1
5320,7.15,12:32,168,99.7
5321,7.15,12:04,167,99.7
5322,7.16,12:11,167,99.7
5323,7.16,12:39,168,100.4
5324,7.16,12:32,168,100.4
5325,7.16,12:53,167,100.4
5326,7.16,13:32,167,101.0
5327,7.16,13:24,167,101.7
5328,7.16,14:07,168,102.4
5329,7.16,14:44,167,102.4
5330,7.17,14:07,167,103.0
5331,7.17,14:16,168,103.7
5332,7.17,14:54,169,104.3
5333,7.17,14:25,170,104.3
5334,7.17,14:25,170,105.0
5335,7.17,14:54,170,105.0
5336,7.17,14:34,170,105.0
5337,7.17,14:16,170,105.0
5338,7.18,13:49,171,105.0
5339,7.18,13:16,170,105.0
5340,7.18,13:24,172,104.3
5341,7.18,13:32,171,103.7
5342,7.18,13:24,171,103.0
5343,7.18,13:16,171,102.4
5344,7.18,12:32,170,101.7
5345,7.18,11:33,171,101.0
5346,7.19,11:21,170,99.7
5347,7.19,11:27,170,99.1
5348,7.19,11:58,171,98.4
5349,7.19,12:46,171,97.8
5350,7.19,13:41,171,97.1
5351,7.19,13:41,171,97.1
5352,7.19,13:01,171,96.5
5353,7.2,11:39,172,95.8
5354,7.2,10:59,172,95.1
5355,7.2,10:23,170,95.1
5356,7.2,9:51,171,94.5
5357,7.2,9:51,171,94.5
5358,7.2,10:14,171,94.5
5359,7.2,10:38,169,94.5
5360,7.21,11:05,169,94.5
5361,7.21,11:52,168,94.5
5362,7.21,12:39,167,94.5
5363,7.21,12:53,167,95.1
5364,7.21,12:53,168,95.1
5365,7.21,12:53,168,95.1
5366,7.21,13:01,167,95.1
5367,7.22,13:01,168,95.8
5368,7.22,13:08,168,95.8
5369,7.22,12:39,167,96.5
5370,7.22,12:39,168,96.5
5371,7.22,12:46,169,96.5
5372,7.22,12:32,170,96.5
5373,7.22,12:39,170,96.5
5374,7.22,12:53,171,96.5
5375,7.23,13:01,170,96.5
5376,7.23,12:53,170,96.5
5377,7.23,12:32,170,97.1
5378,7.23,13:01,170,97.1
5379,7.23,13:58,170,96.5
5380,7.23,14:44,170,96.5
5381,7.23,14:44,169,96.5
5382,7.23,14:25,169,96.5
5383,7.24,13:16,168,96.5
5384,7.24,11:39,168,95.8
5385,7.24,10:48,168,95.8
5386,7.24,10:23,169,95.8
5387,7.24,10:05,169,95.8
5388,7.24,10:09,169,95.1
5389,7.25,10:33,169,95.1
5390,7.25,10:33,169,94.5
5391,7.25,10:38,169,94.5
5392,7.25,10:48,170,94.5
5393,7.25,10:23,169,95.1
5394,7.25,10:28,170,95.1
5395,7.26,10:05,169,95.1
5396,7.26,10:05,169,95.8
5397,7.26,10:28,167,95.8
5398,7.26,10:59,168,95.8
5399,7.26,11:05,167,95.8
5400,7.26,11:58,167,95.8
5401,7.26,12:32,167,95.8
5402,7.26,12:46,167,95.8
5403,7.27,12:11,167,95.8
5404,7.27,11:52,167,96.5
5405,7.27,11:21,167,96.5
5406,7.27,10:33,167,96.5
5407,7.27,10:23,168,96.5
5408,7.27,11:27,168,96.5
5409,7.27,12:18,168,96.5
5410,7.28,13:01,168,96.5
5411,7.28,13:16,168,95.8
5412,7.28,13:24,168,95.8
5413,7.28,12:53,168,95.8
5414,7.28,12:18,169,95.8
5415,7.28,12:11,169,95.8
5416,7.28,11:52,170,95.8
5417,7.29,11:27,170,95.8
5418,7.29,11:33,171,95.8
5419,7.29,11:16,171,95.8
5420,7.29,11:05,172,95.8
5421,7.29,11:52,171,95.1
5422,7.29,12:04,171,95.1
5423,7.29,11:52,171,95.1
5424,7.3,12:18,171,95.1
5425,7.3,12:39,171,95.1
5426,7.3,12:46,170,94.5
5427,7.3,12:46,170,94.5
5428,7.3,12:18,171,94.5
5429,7.3,11:39,171,93.8
5430,7.3,10:33,171,93.8
5431,7.31,10:14,171,93.2
5432,7.31,10:28,171,93.2
5433,7.31,10:54,172,93.2
5434,7.31,11:16,171,93.2
5435,7.31,11:33,171,92.5
5436,7.31,11:21,171,92.5
5437,7.32,10:38,171,92.5
5438,7.32,10:23,172,92.5
5439,7.32,10:38,172,92.5
5440,7.32,11:16,171,92.5
5441,7.32,11:52,171,91.9
5442,7.32,13:08,172,91.9
5443,7.32,13:41,172,91.9
5444,7.32,13:49,172,91.9
5445,7.33,13:32,172,91.9
5446,7.33,13:01,171,91.9
5447,7.33,12:18,171,91.9
5448,7.33,11:27,171,91.9
5449,7.33,10:48,170,91.2
5450,7.33,10:23,170,91.2
5451,7.34,10:00,170,91.2
5452,7.34,9:43,171,91.2
5453,7.34,9:51,171,91.2
5454,7.34,10:23,171,91.2
5455,7.34,10:48,171,91.2
5456,7.34,11:10,170,91.2
5457,7.34,11:21,171,91.2
5458,7.35,11:58,171,91.2
5459,7.35,11:21,172,91.2
5460,7.35,11:45,172,91.9
5461,7.35,11:58,173,91.9
5462,7.35,11:45,173,91.9
5463,7.35,11:10,172,91.9
5464,7.35,11:21,172,91.9
5465,7.36,11:10,173,91.9
5466,7.36,11:27,174,91.9
5467,7.36,12:11,173,92.5
5468,7.36,12:18,171,92.5
5469,7.36,12:46,172,92.5
5470,7.36,12:46,172,93.2
5471,7.36,12:46,172,93.2
5472,7.36,12:46,171,93.2
5473,7.37,12:46,171,93.2
5474,7.37,12:39,170,93.2
5475,7.37,12:39,170,93.8
5476,7.37,12:18,171,93.8
5477,7.37,12:11,171,93.8
5478,7.37,12:39,171,94.5
5479,7.37,12:25,171,94.5
5480,7.38,11:39,170,94.5
5481,7.38,11:27,170,94.5
5482,7.38,11:10,170,95.1
5483,7.38,10:33,171,95.1
5484,7.38,10:33,170,95.1
5485,7.38,11:05,170,95.1
5486,7.38,11:33,169,95.1
5487,7.39,11:58,170,95.1
5488,7.39,11:58,170,95.8
5489,7.39,11:52,170,95.8
5490,7.39,11:58,170,95.8
5491,7.39,11:33,170,95.8
5492,7.39,11:45,169,96.5
5493,7.39,12:25,169,96.5
5494,7.4,12:53,169,96.5
5495,7.4,13:08,169,96.5
5496,7.4,13:41,169,96.5
5497,7.4,13:01,170,96.5
5498,7.4,13:01,170,96.5
5499,7.4,13:24,170,96.5
5500,7.4,12:32,170,96.5
5501,7.41,12:04,170,96.5
5502,7.41,12:04,170,95.8
5503,7.41,11:39,171,95.8
5504,7.41,11:16,172,95.8
5505,7.41,11:58,172,95.8
5506,7.41,12:18,171,95.8
5507,7.41,12:18,170,95.8
5508,7.41,12:46,171,95.8
5509,7.42,12:18,172,95.8
5510,7.42,11:58,172,95.8
5511,7.42,11:45,172,95.8
5512,7.42,12:11,170,95.8
5513,7.42,11:58,171,96.5
5514,7.42,12:11,171,96.5
5515,7.42,12:11,172,97.1
5516,7.43,12:25,172,97.1
5517,7.43,11:58,172,97.1
5518,7.43,12:11,171,97.8
5519,7.43,12:32,171,97.8
5520,7.43,12:46,172,97.8
5521,7.43,12:46,172,98.4
5522,7.43,13:01,171,98.4
5523,7.43,13:01,171,99.1
5524,7.44,12:32,172,99.1
5525,7.44,12:04,172,99.1
5526,7.44,12:11,172,99.1
5527,7.44,11:58,171,99.1
5528,7.44,11:58,171,99.1
5529,7.44,12:18,171,99.1
5530,7.44,12:46,172,99.1
5531,7.45,12:39,172,99.1
5532,7.45,13:08,172,98.4
5533,7.45,12:39,171,97.8
5534,7.45,12:32,171,97.8
5535,7.45,12:18,172,97.8
5536,7.45,12:39,172,97.8
5537,7.45,12:04,172,97.8
5538,7.45,12:32,172,97.1
5539,7.46,12:18,171,97.1
5540,7.46,11:39,170,97.1
5541,7.46,11:16,170,97.1
5542,7.46,11:21,170,97.1
5543,7.46,11:10,170,97.1
5544,7.46,11:27,170,97.1
5545,7.46,12:25,169,97.1
5546,7.47,12:18,168,97.1
5547,7.47,11:52,169,96.5
5548,7.47,11:39,168,96.5
5549,7.47,11:27,167,95.8
5550,7.47,11:10,167,95.8
5551,7.47,11:27,167,95.8
5552,7.47,11:52,168,95.8
5553,7.48,11:45,167,95.8
5554,7.48,11:45,168,95.8
5555,7.48,11:52,168,95.8
5556,7.48,11:27,168,95.8
5557,7.48,11:10,168,95.8
5558,7.48,11:16,169,95.8
5559,7.49,11:33,169,95.8
5560,7.49,11:52,168,95.8
5561,7.49,12:18,167,95.8
5562,7.49,13:16,166,95.8
5563,7.49,14:25,166,95.8
5564,7.49,14:16,166,95.1
5565,7.49,13:49,166,95.1
5566,7.49,13:32,167,95.1
5567,7.5,12:39,166,95.1
5568,7.5,12:04,166,95.1
5569,7.5,12:04,166,95.1
5570,7.5,11:52,166,95.1
5571,7.5,11:58,166,95.1
5572,7.5,12:18,167,95.1
5573,7.5,12:32,168,94.5
5574,7.5,12:53,168,94.5
5575,7.51,13:01,168,93.8
5576,7.51,12:39,169,93.8
5577,7.51,12:53,169,93.8
5578,7.51,12:04,169,94.5
5579,7.51,11:21,169,94.5
5580,7.51,11:10,169,94.5
5581,7.51,11:10,169,94.5
5582,7.52,10:54,168,94.5
5583,7.52,11:52,168,94.5
5584,7.52,11:52,169,94.5
5585,7.52,11:39,168,94.5
5586,7.52,11:58,168,93.8
5587,7.52,11:58,167,93.8
5588,7.52,11:27,165,93.8
5589,7.53,11:39,164,94.5
5590,7.53,12:32,159,94.5
5591,7.53,12:11,153,94.5
5592,7.53,12:39,148,94.5
5593,7.53,13:32,150,94.5
5594,7.53,13:41,150,95.1
5595,7.53,13:01,150,95.1
5596,7.53,13:32,150,95.1
5597,7.54,13:16,150,95.8
5598,7.54,12:18,149,95.8
5599,7.54,13:08,143,95.8
5600,7.54,12:53,139,95.8
5601,7.54,12:46,139,96.5
5602,7.54,12:53,137,96.5
5603,7.54,13:32,132,97.1
5604,7.54,12:53,130,97.1
5605,7.55,13:32,130,97.1
5606,7.55,13:16,136,97.1
5607,7.55,13:16,144,97.1
5608,7.55,14:07,150,97.1
5609,7.55,13:32,153,97.1
5610,7.55,13:16,157,97.1
5611,7.55,13:41,161,97.8
5612,7.55,13:41,169,97.8
5613,7.56,11:58,170,97.8
5614,7.56,11:52,170,97.8
5615,7.56,10:38,170,97.8
5616,7.56,10:23,171,97.8
5617,7.56,10:18,171,97.8
5618,7.56,10:33,172,97.8
5619,7.57,11:21,172,97.8
5620,7.57,13:24,172,97.1
5621,7.57,13:49,172,97.1
5622,7.57,14:07,172,97.1
5623,7.57,14:44,172,96.5
5624,7.57,13:32,172,96.5
5625,7.57,12:39,171,96.5
5626,7.57,12:11,171,96.5
5627,7.58,11:45,171,95.8
5628,7.58,10:59,172,95.8
5629,7.58,10:59,172,95.8
5630,7.58,11:05,171,95.1
5631,7.58,11:16,170,95.1
5632,7.58,11:16,170,95.1
5633,7.58,12:04,171,95.1
5634,7.59,12:32,171,95.1
5635,7.59,12:53,171,95.1
5636,7.59,13:01,171,95.1
5637,7.59,13:24,170,95.1
5638,7.59,13:16,171,95.1
5639,7.59,13:01,171,94.5
5640,7.59,12:46,172,94.5
5641,7.59,13:16,171,94.5
5642,7.6,13:24,171,94.5
5643,7.6,13:49,170,94.5
5644,7.6,13:58,171,94.5
5645,7.6,13:16,171,94.5
5646,7.6,12:04,171,94.5
5647,7.6,11:39,170,94.5
5648,7.6,11:10,169,94.5
5649,7.61,11:10,169,94.5
5650,7.61,11:33,171,94.5
5651,7.61,11:45,170,94.5
5652,7.61,12:11,168,94.5
5653,7.61,12:53,168,94.5
5654,7.61,13:08,169,94.5
5655,7.61,13:24,169,94.5
5656,7.61,13:01,170,94.5
5657,7.62,12:32,169,94.5
5658,7.62,11:39,169,94.5
5659,7.62,11:10,169,94.5
5660,7.62,10:43,169,94.5
5661,7.62,11:16,170,94.5
5662,7.62,11:33,170,94.5
5663,7.62,11:39,169,94.5
5664,7.63,11:58,170,94.5
5665,7.63,13:01,170,94.5
5666,7.63,12:53,169,94.5
5667,7.63,12:53,169,95.1
5668,7.63,13:41,170,95.1
5669,7.63,13:32,171,95.1
5670,7.63,13:08,171,95.1
5671,7.63,13:32,170,95.1
5672,7.64,12:39,169,95.1
5673,7.64,12:18,170,95.1
5674,7.64,12:53,171,95.1
5675,7.64,12:11,171,95.8
5676,7.64,11:52,170,95.8
5677,7.64,12:04,170,95.8
5678,7.64,11:45,171,96.5
5679,7.65,11:16,172,96.5
5680,7.65,12:04,171,96.5
5681,7.65,12:53,171,97.1
5682,7.65,13:32,171,97.1
5683,7.65,13:58,172,97.8
5684,7.65,13:32,171,97.8
5685,7.65,12:32,170,98.4
5686,7.66,11:52,171,98.4
5687,7.66,12:04,172,98.4
5688,7.66,12:04,172,99.1
5689,7.66,12:25,171,99.1
5690,7.66,12:32,171,99.1
5691,7.66,12:11,172,99.7
5692,7.66,11:27,172,99.7
5693,7.66,11:33,171,99.7
5694,7.67,11:33,170,100.4
5695,7.67,11:45,170,100.4
5696,7.67,11:45,171,100.4
5697,7.67,11:52,172,100.4
5698,7.67,11:27,172,100.4
5699,7.67,11:16,172,101.0
5700,7.68,11:16,171,101.7
5701,7.68,11:39,171,101.7
5702,7.68,11:52,172,101.7
5703,7.68,12:11,172,101.7
5704,7.68,12:46,171,101.7
5705,7.68,12:46,171,101.7
5706,7.68,12:39,171,101.0
5707,7.68,12:46,172,101.7
5708,7.69,12:46,172,101.7
5709,7.69,12:32,172,101.7
5710,7.69,12:32,170,101.7
5711,7.69,12:53,170,101.7
5712,7.69,12:46,170,101.7
5713,7.69,12:46,170,101.7
5714,7.69,12:53,170,101.7
5715,7.69,12:39,170,101.7
5716,7.7,12:32,170,101.7
5717,7.7,13:01,169,101.7
5718,7.7,12:46,169,101.7
5719,7.7,12:53,170,101.7
5720,7.7,13:41,170,101.7
5721,7.7,13:16,170,101.7
5722,7.7,12:39,170,101.7
5723,7.7,13:32,170,101.7
5724,7.71,13:01,170,101.7
5725,7.71,12:53,171,102.4
5726,7.71,13:08,171,102.4
5727,7.71,13:24,171,102.4
5728,7.71,12:46,171,102.4
5729,7.71,12:46,171,102.4
5730,7.71,12:32,171,102.4
5731,7.72,12:11,171,102.4
5732,7.72,12:11,171,102.4
5733,7.72,11:52,172,102.4
5734,7.72,12:04,171,102.4
5735,7.72,12:18,171,101.7
5736,7.72,12:46,172,101.7
5737,7.72,12:39,173,101.7
5738,7.72,13:16,173,102.4
5739,7.73,13:08,172,102.4
5740,7.73,12:53,172,102.4
5741,7.73,12:39,174,102.4
5742,7.73,13:01,174,103.0
5743,7.73,13:01,173,103.0
5744,7.73,13:32,172,103.0
5745,7.73,14:25,172,103.0
5746,7.73,14:44,174,103.0
5747,7.74,14:44,173,103.0
5748,7.74,14:16,172,103.0
5749,7.74,13:49,172,103.0
5750,7.74,13:08,172,103.0
5751,7.74,12:25,172,103.0
5752,7.74,11:52,171,103.0
5753,7.74,11:33,170,103.0
5754,7.75,11:16,171,103.0
5755,7.75,11:16,171,103.7
5756,7.75,11:16,171,103.0
5757,7.75,11:33,172,103.0
5758,7.75,11:58,171,103.0
5759,7.75,12:25,170,102.4
5760,7.75,12:25,171,102.4
5761,7.76,12:46,172,102.4
5762,7.76,13:01,171,102.4
5763,7.76,13:01,171,102.4
5764,7.76,12:53,171,102.4
5765,7.76,12:53,173,102.4
5766,7.76,13:32,173,102.4
5767,7.76,13:41,172,101.7
5768,7.76,13:32,172,101.0
5769,7.77,13:16,172,101.0
5770,7.77,12:39,171,100.4
5771,7.77,11:52,173,99.7
5772,7.77,11:33,173,99.1
5773,7.77,11:10,172,99.1
5774,7.77,11:10,171,99.1
5775,7.77,11:16,171,99.1
5776,7.78,11:52,173,99.1
5777,7.78,12:11,173,99.7
5778,7.78,12:25,173,99.7
5779,7.78,12:18,173,99.7
5780,7.78,12:18,173,99.7
5781,7.78,11:45,174,99.7
5782,7.78,11:21,172,99.7
5783,7.78,11:52,171,99.7
5784,7.79,11:58,173,99.1
5785,7.79,12:25,173,99.1
5786,7.79,13:49,173,99.1
5787,7.79,13:49,172,98.4
5788,7.79,13:16,172,98.4
5789,7.79,13:08,172,98.4
5790,7.79,13:16,172,97.8
5791,7.8,12:18,173,97.8
5792,7.8,12:32,172,97.1
5793,7.8,12:18,171,97.1
5794,7.8,12:39,170,96.5
5795,7.8,12:11,170,96.5
5796,7.8,12:04,170,95.8
5797,7.8,12:18,170,95.8
5798,7.8,12:46,169,95.1
5799,7.81,12:32,169,94.5
5800,7.81,13:08,168,94.5
5801,7.81,12:53,168,93.8
5802,7.81,12:32,169,93.8
5803,7.81,12:32,169,93.8
5804,7.81,13:01,169,93.2
5805,7.81,13:24,169,92.5
5806,7.81,14:44,169,92.5
5807,7.82,14:54,168,92.5
5808,7.82,15:04,169,91.9
5809,7.82,14:44,169,91.9
5810,7.82,14:16,169,91.9
5811,7.82,13:32,169,91.9
5812,7.82,13:08,169,91.9
5813,7.82,12:04,168,91.9
5814,7.82,12:04,168,92.5
5815,7.83,11:45,167,92.5
5816,7.83,11:39,168,92.5
5817,7.83,11:45,168,93.2
5818,7.83,13:08,170,93.2
5819,7.83,13:24,169,93.2
5820,7.83,13:49,168,93.2
5821,7.83,14:07,169,93.2
5822,7.83,13:58,169,93.2
5823,7.84,13:16,169,93.2
5824,7.84,13:08,169,93.2
5825,7.84,12:53,170,93.2
5826,7.84,13:01,169,93.2
5827,7.84,13:08,170,93.2
5828,7.84,13:16,168,93.2
5829,7.84,13:16,168,92.5
5830,7.85,12:39,168,92.5
5831,7.85,12:32,168,91.9
5832,7.85,12:46,167,91.9
5833,7.85,12:39,167,91.2
5834,7.85,11:58,168,90.6
5835,7.85,12:32,168,90.6
5836,7.85,12:04,168,90.6
5837,7.85,11:58,168,89.9
5838,7.86,12:04,168,89.9
5839,7.86,13:08,167,89.9
5840,7.86,13:16,168,89.2
5841,7.86,13:08,169,89.2
5842,7.86,13:01,169,89.2
5843,7.86,13:16,169,89.2
5844,7.86,13:58,169,89.2
5845,7.86,13:58,170,89.2
5846,7.87,13:41,170,89.2
5847,7.87,13:08,170,88.6
5848,7.87,12:32,169,88.6
5849,7.87,11:27,169,88.6
5850,7.87,11:39,170,87.9
5851,7.87,12:11,171,87.9
5852,7.87,12:32,170,87.9
5853,7.88,12:04,169,87.9
5854,7.88,11:52,169,87.3
5855,7.88,11:27,169,87.9
5856,7.88,11:16,170,87.9
5857,7.88,11:10,170,87.9
5858,7.88,11:10,170,87.9
5859,7.88,10:59,168,87.9
5860,7.89,10:48,168,87.9
5861,7.89,10:33,168,87.9
5862,7.89,10:43,169,87.9
5863,7.89,11:10,168,87.9
5864,7.89,11:52,169,87.9
5865,7.89,12:11,168,87.3
5866,7.89,12:39,168,87.3
5867,7.9,13:01,168,86.6
5868,7.9,13:41,169,86.0
5869,7.9,13:41,168,86.0
5870,7.9,13:49,168,85.3
5871,7.9,13:41,168,85.3
5872,7.9,13:08,168,85.3
5873,7.9,12:53,168,84.6
5874,7.9,12:32,167,84.0
5875,7.91,12:25,167,84.0
5876,7.91,12:18,167,83.3
5877,7.91,11:58,166,83.3
5878,7.91,11:45,166,83.3
5879,7.91,11:52,166,83.3
5880,7.91,11:52,166,83.3
5881,7.91,12:11,165,84.0
5882,7.92,12:25,165,84.0
5883,7.92,12:53,164,84.0
5884,7.92,12:39,164,84.0
5885,7.92,12:46,164,84.0
5886,7.92,12:53,164,84.0
5887,7.92,13:08,164,83.3
5888,7.92,12:18,164,83.3
5889,7.93,11:58,165,83.3
5890,7.93,11:33,165,83.3
5891,7.93,11:16,166,83.3
5892,7.93,11:05,167,82.7
5893,7.93,10:38,167,82.7
5894,7.93,11:05,168,82.7
5895,7.93,11:10,167,82.7
5896,7.94,11:21,167,82.7
5897,7.94,11:16,167,82.7
5898,7.94,11:45,169,82.7
5899,7.94,11:27,170,82.7
5900,7.94,11:39,169,82.7
5901,7.94,11:16,169,82.0
5902,7.94,11:21,169,82.7
5903,7.95,11:52,168,82.7
5904,7.95,11:58,168,82.7
5905,7.95,12:11,168,82.7
5906,7.95,12:53,168,82.7
5907,7.95,13:16,169,82.7
5908,7.95,13:16,169,82.7
5909,7.95,13:32,170,82.7
5910,7.95,13:01,169,82.7
5911,7.96,13:08,169,82.0
5912,7.96,13:01,170,82.0
5913,7.96,12:11,169,82.0
5914,7.96,12:11,171,82.0
5915,7.96,12:25,171,82.0
5916,7.96,11:33,170,82.0
5917,7.96,11:39,170,82.0
5918,7.97,11:58,170,82.0
5919,7.97,12:11,170,82.0
5920,7.97,12:11,171,82.0
5921,7.97,13:32,172,82.0
5922,7.97,13:08,172,82.0
5923,7.97,13:16,171,81.4
5924,7.97,12:32,172,81.4
5925,7.97,12:39,172,81.4
5926,7.98,12:32,173,82.0
5927,7.98,13:08,172,82.0
5928,7.98,13:49,172,82.0
5929,7.98,14:54,171,82.0
5930,7.98,14:16,172,82.7
5931,7.98,13:32,173,82.7
5932,7.98,13:16,172,82.7
5933,7.98,13:08,172,83.3
5934,7.99,12:39,171,83.3
5935,7.99,12:39,173,83.3
5936,7.99,12:25,172,83.3
5937,7.99,12:11,172,83.3
5938,7.99,11:33,170,83.3
5939,7.99,11:45,171,83.3
5940,7.99,12:04,171,83.3
5941,7.99,12:39,172,83.3
5942,8.0,12:53,171,83.3
5943,8.0,13:41,171,82.7
5944,8.0,13:58,171,82.7
5945,8.0,13:41,171,82.7
5946,8.0,12:32,171,82.7
5947,8.0,12:32,171,82.7
5948,8.0,11:52,171,82.7
5949,8.01,11:39,171,82.7
5950,8.01,11:52,171,82.7
5951,8.01,12:32,171,82.7
5952,8.01,12:25,171,82.7
5953,8.01,12:39,171,82.7
5954,8.01,12:18,171,82.0
5955,8.01,12:25,170,82.0
5956,8.02,11:52,170,82.0
5957,8.02,11:52,171,82.0
5958,8.02,11:52,171,81.4
5959,8.02,11:58,171,81.4
5960,8.02,11:52,170,81.4
5961,8.02,12:11,170,81.4
5962,8.02,11:52,169,81.4
5963,8.02,12:04,171,81.4
5964,8.03,12:18,171,81.4
5965,8.03,12:04,170,81.4
5966,8.03,12:11,169,81.4
5967,8.03,12:25,169,81.4
5968,8.03,11:33,170,81.4
5969,8.03,11:21,170,80.7
5970,8.03,11:21,171,80.7
5971,8.04,11:10,171,80.7
5972,8.04,11:21,170,80.7
5973,8.04,12:04,169,80.7
5974,8.04,12:11,170,80.7
5975,8.04,12:39,170,80.7
5976,8.04,12:46,171,80.7
5977,8.04,12:32,171,80.7
5978,8.05,12:25,171,80.7
5979,8.05,12:18,171,80.7
5980,8.05,11:39,171,80.7
5981,8.05,11:39,171,81.4
5982,8.05,12:04,171,81.4
5983,8.05,11:58,172,81.4
5984,8.05,12:25,172,81.4
5985,8.06,12:39,172,81.4
5986,8.06,12:46,171,81.4
5987,8.06,12:25,172,81.4
5988,8.06,12:46,172,82.0
5989,8.06,12:11,172,82.0
5990,8.06,12:39,172,82.0
5991,8.06,12:46,171,82.0
5992,8.06,12:46,170,82.7
5993,8.07,12:46,171,82.7
5994,8.07,12:32,171,82.7
5995,8.07,11:58,172,82.7
5996,8.07,11:39,171,82.7
5997,8.07,11:45,172,83.3
5998,8.07,11:27,171,83.3
5999,8.07,11:58,171,83.3
6000,8.08,12:32,172,83.3
6001,8.08,12:39,172,83.3
6002,8.08,12:53,172,83.3
6003,8.08,13:32,172,83.3
6004,8.08,13:01,172,83.3
6005,8.08,12:53,172,83.3
6006,8.08,12:53,173,83.3
6007,8.08,12:46,174,84.0
6008,8.09,12:32,173,84.0
6009,8.09,12:46,173,84.0
6010,8.09,12:53,173,84.6
6011,8.09,13:08,174,84.6
6012,8.09,13:01,174,84.6
6013,8.09,13:49,174,85.3
6014,8.09,14:07,173,85.3
6015,8.09,13:58,174,85.3
6016,8.1,14:07,174,86.0
6017,8.1,14:34,174,86.0
6018,8.1,13:49,173,86.0
6019,8.1,13:32,172,86.6
6020,8.1,13:32,174,86.6
6021,8.1,13:49,174,86.6
6022,8.1,13:08,174,86.6
6023,8.1,12:18,173,86.6
6024,8.11,12:39,173,87.3
6025,8.11,12:32,174,87.3
6026,8.11,12:11,174,87.9
6027,8.11,12:39,174,87.9
6028,8.11,13:41,173,87.9
6029,8.11,13:41,173,88.6
6030,8.11,14:25,175,88.6
6031,8.11,14:16,174,88.6
6032,8.12,13:08,174,89.2
6033,8.12,13:01,176,89.2
6034,8.12,13:08,176,89.9
6035,8.12,12:18,175,89.9
6036,8.12,11:58,174,89.9
6037,8.12,12:53,176,90.6
6038,8.12,12:32,176,91.2
6039,8.12,12:18,175,91.2
6040,8.13,12:32,175,91.2
6041,8.13,13:16,176,91.9
6042,8.13,12:53,176,91.9
6043,8.13,13:16,174,91.9
6044,8.13,13:24,174,92.5
6045,8.13,13:08,175,92.5
6046,8.13,13:08,175,93.2
6047,8.13,14:07,174,93.8
6048,8.14,14:34,176,93.8
6049,8.14,15:35,175,94.5
6050,8.14,16:45,174,94.5
6051,8.14,16:45,173,95.1
6052,8.14,15:46,175,95.1
6053,8.14,15:46,173,95.8
6054,8.14,14:25,174,95.8
6055,8.14,13:58,175,95.8
6056,8.14,14:16,176,96.5
6057,8.15,14:25,175,96.5
6058,8.15,13:49,175,96.5
6059,8.15,13:58,174,96.5
6060,8.15,13:32,174,97.1
6061,8.15,13:24,174,97.1
6062,8.15,13:24,175,97.1
6063,8.15,13:49,175,97.8
6064,8.15,13:58,174,97.8
6065,8.16,14:44,175,97.8
6066,8.16,13:49,176,97.8
6067,8.16,13:16,176,98.4
6068,8.16,12:39,176,98.4
6069,8.16,12:25,176,99.1
6070,8.16,11:27,177,99.1
6071,8.16,12:04,177,99.1
6072,8.17,12:11,176,99.7
6073,8.17,12:18,177,99.7
6074,8.17,12:46,177,99.7
6075,8.17,13:24,176,99.7
6076,8.17,13:08,178,99.7
6077,8.17,13:32,178,99.7
6078,8.17,13:16,178,100.4
6079,8.17,12:39,177,100.4
6080,8.18,12:25,177,100.4
6081,8.18,12:04,178,100.4
6082,8.18,11:58,177,100.4
6083,8.18,12:04,177,100.4
6084,8.18,11:58,178,100.4
6085,8.18,12:04,177,100.4
6086,8.18,12:32,177,101.0
6087,8.18,12:39,178,101.0
6088,8.19,12:53,178,101.0
6089,8.19,13:32,177,100.4
6090,8.19,14:07,176,100.4
6091,8.19,13:41,178,100.4
6092,8.19,13:32,177,100.4
6093,8.19,13:41,177,100.4
6094,8.19,13:01,178,100.4
6095,8.19,12:46,177,100.4
6096,8.2,13:16,176,100.4
6097,8.2,13:24,177,100.4
6098,8.2,13:32,177,100.4
6099,8.2,13:58,176,100.4
6100,8.2,14:16,176,100.4
6101,8.2,13:58,177,99.7
6102,8.2,13:24,175,99.7
6103,8.2,12:46,175,99.7
6104,8.21,12:46,176,99.7
6105,8.21,13:16,176,99.7
6106,8.21,13:24,175,99.7
6107,8.21,13:32,174,99.1
6108,8.21,13:58,175,99.1
6109,8.21,14:16,175,99.1
6110,8.21,13:01,175,99.1
6111,8.21,12:25,174,99.1
6112,8.22,12:39,174,98.4
6113,8.22,11:58,175,98.4
6114,8.22,11:39,174,98.4
6115,8.22,11:45,174,98.4
6116,8.22,11:39,174,97.8
6117,8.22,11:33,173,97.8
6118,8.22,11:52,173,97.1
6119,8.23,11:39,175,97.1
6120,8.23,11:58,174,97.1
6121,8.23,12:25,173,97.1
6122,8.23,12:32,174,97.1
6123,8.23,12:25,175,96.5
6124,8.23,12:18,175,96.5
6125,8.23,12:04,174,96.5
6126,8.24,11:58,174,95.8
6127,8.24,12:11,174,95.8
6128,8.24,12:39,175,95.8
6129,8.24,13:16,175,95.8
6130,8.24,13:16,173,95.8
6131,8.24,13:24,173,95.1
6132,8.24,12:32,173,95.1
6133,8.25,11:52,173,95.1
6134,8.25,11:21,173,95.1
6135,8.25,11:16,173,94.5
6136,8.25,11:16,172,93.8
6137,8.25,12:04,172,93.8
6138,8.25,12:46,171,93.8
6139,8.25,13:24,173,93.8
6140,8.25,13:58,172,93.8
6141,8.26,13:16,170,93.8
6142,8.26,13:24,171,93.8
6143,8.26,13:32,171,93.8
6144,8.26,12:53,171,93.8
6145,8.26,12:46,171,93.2
6146,8.26,13:24,171,92.5
6147,8.26,12:39,170,92.5
6148,8.26,12:32,170,91.9
6149,8.27,12:39,170,91.9
6150,8.27,12:04,170,91.2
6151,8.27,12:11,170,91.2
6152,8.27,12:32,170,91.2
6153,8.27,12:53,170,91.2
6154,8.27,13:32,170,91.2
6155,8.27,14:07,169,91.2
6156,8.27,13:49,169,91.2
6157,8.28,13:24,170,91.2
6158,8.28,12:18,169,90.6
6159,8.28,11:39,169,90.6
6160,8.28,11:16,169,89.9
6161,8.28,10:59,169,89.9
6162,8.28,10:59,169,89.9
6163,8.29,11:16,168,89.9
6164,8.29,11:16,169,89.9
6165,8.29,11:27,169,89.9
6166,8.29,11:33,169,89.9
6167,8.29,11:52,168,89.9
6168,8.29,12:18,168,89.2
6169,8.29,12:39,168,89.2
6170,8.29,12:32,168,89.2
6171,8.3,12:53,168,89.2
6172,8.3,12:39,167,88.6
6173,8.3,12:39,167,88.6
6174,8.3,12:46,168,88.6
6175,8.3,12:53,168,88.6
6176,8.3,12:39,168,87.9
6177,8.3,11:58,168,87.9
6178,8.31,11:33,168,87.9
6179,8.31,11:45,169,87.9
6180,8.31,12:11,169,87.9
6181,8.31,12:04,168,87.3
6182,8.31,12:11,167,87.3
6183,8.31,12:18,167,87.3
6184,8.31,11:52,166,87.3
6185,8.32,11:39,166,87.3
6186,8.32,11:58,165,87.3
6187,8.32,12:39,163,87.3
6188,8.32,12:39,160,86.6
6189,8.32,12:32,153,86.6
6190,8.32,12:18,146,86.6
6191,8.32,11:52,142,86.6
6192,8.32,11:52,145,86.0
6193,8.33,11:58,145,86.0
6194,8.33,11:52,145,86.0
6195,8.33,12:18,145,86.0
6196,8.33,12:53,145,86.0
6197,8.33,12:25,145,86.0
6198,8.33,12:25,145,86.0
6199,8.33,12:18,145,85.3
6200,8.34,11:33,145,85.3
6201,8.34,11:21,145,85.3
6202,8.34,11:52,145,85.3
6203,8.34,12:11,144,84.6
6204,8.34,13:01,145,84.6
6205,8.34,13:41,145,84.6
6206,8.34,13:58,144,84.0
6207,8.34,14:25,145,84.0
6208,8.35,14:44,145,84.0
6209,8.35,14:07,144,83.3
6210,8.35,13:41,145,83.3
6211,8.35,12:53,145,83.3
6212,8.35,12:39,145,83.3
6213,8.35,12:11,145,83.3
6214,8.35,11:58,145,83.3
6215,8.36,11:33,146,82.7
6216,8.36,11:45,146,82.7
6217,8.36,11:21,147,82.7
6218,8.36,10:59,148,82.7
6219,8.36,11:10,150,82.0
6220,8.36,11:27,152,82.0
6221,8.36,11:52,154,82.0
6222,8.36,12:04,156,82.0
6223,8.37,13:24,159,81.4
6224,8.37,14:44,161,81.4
6225,8.37,17:25,162,81.4
6226,8.37,17:38,165,81.4
6227,8.37,16:58,166,82.0
6228,8.37,15:04,167,82.0
6229,8.37,13:01,167,82.0
6230,8.37,11:39,168,82.0
6231,8.38,10:59,168,82.0
6232,8.38,10:43,168,82.0
6233,8.38,10:28,168,82.0
6234,8.38,10:54,168,81.4
6235,8.38,11:05,167,81.4
6236,8.38,11:33,166,81.4
6237,8.38,11:45,166,81.4
6238,8.39,12:32,166,81.4
6239,8.39,12:32,164,82.0
6240,8.39,12:18,165,82.0
6241,8.39,12:18,164,82.0
6242,8.39,12:53,164,82.0
6243,8.39,12:25,164,82.0
6244,8.39,11:58,164,82.0
6245,8.4,12:46,164,82.0
6246,8.4,12:53,165,82.0
6247,8.4,13:01,165,82.0
6248,8.4,12:53,165,82.0
6249,8.4,14:16,166,82.0
6250,8.4,13:16,166,82.0
6251,8.4,13:01,167,82.0
6252,8.4,13:01,168,82.0
6253,8.41,13:41,169,82.0
6254,8.41,13:01,169,82.0
6255,8.41,12:53,171,82.0
6256,8.41,12:25,170,82.7
6257,8.41,11:33,170,82.7
6258,8.41,10:48,170,82.7
6259,8.41,10:59,169,82.7
6260,8.42,11:05,169,82.7
6261,8.42,11:39,170,82.7
6262,8.42,12:11,169,82.7
6263,8.42,12:25,169,82.7
6264,8.42,12:04,169,83.3
6265,8.42,12:39,168,83.3
6266,8.42,13:24,168,83.3
6267,8.42,14:07,168,83.3
6268,8.43,14:34,168,84.0
6269,8.43,15:24,168,84.0
6270,8.43,15:35,168,84.0
6271,8.43,15:04,168,84.0
6272,8.43,14:44,168,84.0
6273,8.43,14:25,169,84.0
6274,8.43,13:16,169,84.0
6275,8.43,12:39,168,84.0
6276,8.44,11:39,169,84.0
6277,8.44,11:10,168,84.0
6278,8.44,11:45,169,84.6
6279,8.44,12:53,170,84.6
6280,8.44,13:16,169,84.6
6281,8.44,14:07,170,84.6
6282,8.44,14:07,169,84.6
6283,8.44,13:16,170,84.6
6284,8.45,12:46,170,84.6
6285,8.45,13:08,169,84.6
6286,8.45,12:25,168,84.6
6287,8.45,12:32,168,84.6
6288,8.45,13:16,169,84.6
6289,8.45,12:39,170,84.6
6290,8.45,12:04,169,84.6
6291,8.45,12:39,170,84.6
6292,8.46,11:52,170,84.6
6293,8.46,12:04,169,84.6
6294,8.46,12:46,169,85.3
6295,8.46,12:04,170,85.3
6296,8.46,12:04,170,85.3
6297,8.46,12:46,170,85.3
6298,8.46,12:11,170,85.3
6299,8.47,12:18,170,85.3
6300,8.47,12:53,170,85.3
6301,8.47,12:39,169,85.3
6302,8.47,12:53,169,85.3
6303,8.47,12:53,170,85.3
6304,8.47,12:04,169,85.3
6305,8.47,12:04,169,85.3
6306,8.48,12:18,169,84.6
6307,8.48,11:58,168,84.6
6308,8.48,11:16,168,84.6
6309,8.48,11:58,169,84.6
6310,8.48,11:58,170,84.6
6311,8.48,11:58,169,85.3
6312,8.48,12:46,170,85.3
6313,8.48,13:49,170,85.3
6314,8.49,12:46,170,85.3
6315,8.49,13:01,171,85.3
6316,8.49,12:46,172,85.3
6317,8.49,11:52,172,84.6
6318,8.49,11:45,172,84.6
6319,8.49,12:25,172,84.6
6320,8.49,12:32,172,84.6
6321,8.49,13:01,172,84.6
6322,8.5,13:24,173,84.6
6323,8.5,13:32,172,84.6
6324,8.5,13:08,172,84.6
6325,8.5,13:08,172,84.6
6326,8.5,13:24,170,84.6
6327,8.5,13:58,171,84.6
6328,8.5,13:24,171,84.6
6329,8.51,13:32,171,84.6
6330,8.51,13:32,171,84.6
6331,8.51,12:53,171,84.6
6332,8.51,12:46,170,84.6
6333,8.51,13:01,170,84.6
6334,8.51,12:46,170,84.6
6335,8.51,12:25,170,84.6
6336,8.51,12:39,170,84.0
6337,8.52,12:25,170,84.0
6338,8.52,12:11,170,84.0
6339,8.52,12:25,169,84.0
6340,8.52,12:25,169,83.3
6341,8.52,12:32,169,83.3
6342,8.52,12:25,169,83.3
6343,8.52,12:18,170,83.3
6344,8.53,12:11,169,83.3
6345,8.53,12:11,170,83.3
6346,8.53,12:32,170,83.3
6347,8.53,13:01,169,83.3
6348,8.53,13:41,170,83.3
6349,8.53,13:41,170,83.3
6350,8.53,13:49,170,83.3
6351,8.53,12:46,171,83.3
6352,8.54,12:11,170,83.3
6353,8.54,12:25,170,83.3
6354,8.54,12:04,170,83.3
6355,8.54,11:58,170,83.3
6356,8.54,11:58,170,82.7
6357,8.54,11:58,170,82.7
6358,8.54,11:21,170,82.7
6359,8.55,11:39,170,82.7
6360,8.55,11:52,170,82.7
6361,8.55,12:11,171,82.7
6362,8.55,12:18,170,82.7
6363,8.55,12:39,171,82.7
6364,8.55,12:53,171,82.7
6365,8.55,12:18,170,82.7
6366,8.55,12:04,170,82.7
6367,8.56,12:18,171,82.0
6368,8.56,11:58,171,82.0
6369,8.56,11:39,171,82.0
6370,8.56,11:52,171,82.0
6371,8.56,12:18,170,82.0
6372,8.56,12:25,169,82.7
6373,8.56,13:08,169,82.7
6374,8.56,13:41,169,82.7
6375,8.57,14:54,170,82.7
6376,8.57,14:16,170,82.7
6377,8.57,13:49,170,82.7
6378,8.57,13:24,169,82.7
6379,8.57,12:39,169,82.7
6380,8.57,12:04,169,82.7
6381,8.57,12:04,169,82.7
6382,8.58,12:25,169,82.7
6383,8.58,12:32,169,82.7
6384,8.58,13:08,169,82.7
6385,8.58,12:53,170,82.7
6386,8.58,12:25,168,82.7
6387,8.58,11:58,168,82.7
6388,8.58,11:21,167,82.7
6389,8.59,11:27,167,82.7
6390,8.59,11:27,167,82.7
6391,8.59,11:39,168,82.0
6392,8.59,11:52,167,82.0
6393,8.59,12:18,167,82.0
6394,8.59,11:33,167,82.0
6395,8.59,11:39,167,82.0
6396,8.59,12:04,168,82.0
6397,8.6,11:58,167,82.0
6398,8.6,11:58,166,82.0
6399,8.6,13:16,167,82.0
6400,8.6,13:16,167,82.0
6401,8.6,13:16,167,82.0
6402,8.6,13:16,167,82.0
6403,8.6,13:24,167,82.0
6404,8.61,12:46,167,82.0
6405,8.61,12:25,168,82.0
6406,8.61,12:18,169,82.0
6407,8.61,12:18,169,82.0
6408,8.61,11:39,169,82.0
6409,8.61,11:33,168,82.0
6410,8.61,11:52,169,82.0
6411,8.62,11:27,169,82.0
6412,8.62,11:27,169,82.0
6413,8.62,11:39,170,82.0
6414,8.62,10:59,170,82.0
6415,8.62,10:43,171,82.0
6416,8.62,10:59,171,82.0
6417,8.62,10:43,171,82.0
6418,8.63,10:59,170,82.0
6419,8.63,11:33,171,82.0
6420,8.63,11:52,171,82.0
6421,8.63,11:52,172,82.0
6422,8.63,12:18,171,82.0
6423,8.63,12:32,170,82.0
6424,8.63,12:53,170,82.0
6425,8.63,13:01,170,82.0
6426,8.64,13:16,171,82.0
6427,8.64,13:16,171,82.0
6428,8.64,12:53,170,81.4
6429,8.64,13:08,170,81.4
6430,8.64,13:08,170,81.4
6431,8.64,12:53,170,80.7
6432,8.64,13:08,170,80.7
6433,8.65,13:41,170,80.1
6434,8.65,13:08,170,80.1
6435,8.65,13:16,170,80.1
6436,8.65,13:41,169,80.1
6437,8.65,13:01,170,79.4
6438,8.65,13:16,170,79.4
6439,8.65,12:46,171,79.4
6440,8.65,12:25,171,78.7
6441,8.66,11:45,169,78.1
6442,8.66,12:04,170,78.1
6443,8.66,11:33,170,77.4
6444,8.66,12:25,171,77.4
6445,8.66,12:53,172,78.1
6446,8.66,13:32,171,78.1
6447,8.66,13:41,170,78.1
6448,8.66,14:16,170,78.1
6449,8.67,13:01,170,78.1
6450,8.67,11:58,170,78.1
6451,8.67,11:39,170,78.1
6452,8.67,11:27,171,78.1
6453,8.67,11:10,171,78.1
6454,8.67,11:27,170,78.1
6455,8.67,12:04,169,78.1
6456,8.68,12:11,170,78.1
6457,8.68,12:11,170,78.7
6458,8.68,12:04,171,78.7
6459,8.68,12:11,170,78.7
6460,8.68,12:11,170,78.7
6461,8.68,12:53,170,78.7
6462,8.68,13:01,169,78.7
6463,8.69,13:01,170,78.7
6464,8.69,13:01,170,78.7
6465,8.69,12:39,170,78.1
6466,8.69,12:11,170,78.1
6467,8.69,12:18,170,78.1
6468,8.69,12:25,170,78.1
6469,8.69,12:32,170,78.1
6470,8.69,12:39,170,78.1
6471,8.7,12:39,169,78.1
6472,8.7,12:32,169,78.1
6473,8.7,12:18,170,78.1
6474,8.7,12:04,170,77.4
6475,8.7,12:25,169,77.4
6476,8.7,12:32,169,76.8
6477,8.7,12:46,169,76.8
6478,8.7,13:24,168,76.1
6479,8.71,13:49,168,76.1
6480,8.71,13:58,169,76.1
6481,8.71,14:07,169,75.5
6482,8.71,13:58,169,75.5
6483,8.71,13:32,169,75.5
6484,8.71,13:01,169,75.5
6485,8.71,11:58,170,75.5
6486,8.72,11:33,169,74.8
6487,8.72,10:48,169,74.8
6488,8.72,10:43,169,74.8
6489,8.72,10:48,169,74.8
6490,8.72,11:21,169,74.8
6491,8.72,11:45,170,74.8
6492,8.72,12:39,171,74.8
6493,8.73,12:53,171,74.8
6494,8.73,13:32,169,74.8
6495,8.73,14:16,169,74.8
6496,8.73,14:25,169,74.8
6497,8.73,14:16,170,74.8
6498,8.73,14:44,169,74.8
6499,8.73,14:16,168,75.5
6500,8.73,13:41,168,75.5
6501,8.73,13:16,168,75.5
6502,8.74,13:24,168,76.1
6503,8.74,13:24,169,76.1
6504,8.74,13:58,169,76.1
6505,8.74,14:16,168,76.8
6506,8.74,14:44,168,76.8
6507,8.74,15:24,167,76.8
6508,8.74,14:54,167,77.4
6509,8.74,14:54,167,77.4
6510,8.75,14:25,167,77.4
6511,8.75,14:07,168,77.4
6512,8.75,13:16,168,77.4
6513,8.75,13:08,169,77.4
6514,8.75,12:11,169,78.1
6515,8.75,12:25,168,78.1
6516,8.75,12:25,169,78.1
6517,8.75,12:32,169,78.1
6518,8.76,12:32,170,78.7
6519,8.76,13:32,170,78.7
6520,8.76,13:24,171,78.7
6521,8.76,13:24,170,78.7
6522,8.76,13:24,170,78.7
6523,8.76,13:58,171,78.7
6524,8.76,13:58,171,79.4
6525,8.76,14:07,171,79.4
6526,8.77,13:58,172,78.7
6527,8.77,14:16,172,78.7
6528,8.77,13:24,172,78.7
6529,8.77,12:46,172,78.1
6530,8.77,12:53,172,78.1
6531,8.77,12:32,172,78.1
6532,8.77,12:11,173,78.1
6533,8.77,12:32,173,78.1
6534,8.78,12:32,172,78.1
6535,8.78,12:39,172,78.1
6536,8.78,13:58,173,78.1
6537,8.78,14:16,174,78.1
6538,8.78,13:58,173,78.1
6539,8.78,14:07,172,78.1
6540,8.78,14:07,173,77.4
6541,8.78,13:01,173,77.4
6542,8.79,13:01,173,77.4
6543,8.79,13:16,172,77.4
6544,8.79,13:32,172,78.1
6545,8.79,12:46,173,78.1
6546,8.79,12:25,173,78.1
6547,8.79,12:11,172,78.1
6548,8.79,11:52,172,78.7
6549,8.79,12:11,173,78.7
6550,8.8,12:18,174,78.7
6551,8.8,12:53,173,78.7
6552,8.8,14:07,173,79.4
6553,8.8,14:44,173,79.4
6554,8.8,14:34,174,79.4
6555,8.8,14:25,174,80.1
6556,8.8,13:49,173,79.4
6557,8.8,12:25,173,79.4
6558,8.81,11:33,173,78.7
6559,8.81,11:10,175,78.1
6560,8.81,11:21,175,78.1
6561,8.81,11:39,175,78.1
6562,8.81,12:11,174,78.1
6563,8.81,13:24,174,77.4
6564,8.81,13:58,174,77.4
6565,8.82,14:07,176,77.4
6566,8.82,13:32,175,77.4
6567,8.82,13:08,176,76.8
6568,8.82,12:32,175,76.8
6569,8.82,11:33,175,76.8
6570,8.82,11:05,174,76.8
6571,8.82,10:48,174,76.8
6572,8.83,10:43,174,76.8
6573,8.83,10:48,175,76.8
6574,8.83,11:05,175,76.1
6575,8.83,11:39,175,76.1
6576,8.83,12:39,173,76.1
6577,8.83,13:01,173,76.1
6578,8.83,13:08,173,76.1
6579,8.83,13:58,173,76.1
6580,8.84,14:07,173,76.1
6581,8.84,14:34,173,76.1
6582,8.84,14:07,172,76.1
6583,8.84,13:58,171,76.1
6584,8.84,13:08,171,76.1
6585,8.84,12:25,171,75.5
6586,8.84,11:52,170,75.5
6587,8.84,12:25,171,75.5
6588,8.85,12:46,170,75.5
6589,8.85,13:24,170,75.5
6590,8.85,13:49,170,75.5
6591,8.85,13:41,170,74.8
6592,8.85,13:41,169,74.8
6593,8.85,13:01,169,74.8
6594,8.85,12:32,169,74.8
6595,8.85,12:46,169,74.8
6596,8.86,12:32,170,74.8
6597,8.86,12:18,171,74.8
6598,8.86,13:01,171,74.1
6599,8.86,13:16,171,74.1
6600,8.86,13:01,170,74.1
6601,8.86,13:32,169,73.5
6602,8.86,12:46,170,73.5
6603,8.87,12:18,170,72.8
6604,8.87,12:11,171,72.8
6605,8.87,11:58,171,72.2
6606,8.87,11:52,171,72.2
6607,8.87,12:25,170,71.5
6608,8.87,12:32,168,71.5
6609,8.87,12:46,168,71.5
6610,8.87,12:32,167,70.9
6611,8.88,11:39,168,70.9
6612,8.88,11:33,169,70.9
6613,8.88,11:33,169,70.9
6614,8.88,11:39,168,70.9
6615,8.88,12:25,168,71.5
6616,8.88,13:24,168,71.5
6617,8.88,13:16,168,71.5
6618,8.89,13:32,168,71.5
6619,8.89,13:24,168,71.5
6620,8.89,13:58,169,71.5
6621,8.89,14:25,170,72.2
6622,8.89,15:04,170,72.2
6623,8.89,14:44,169,72.8
6624,8.89,14:54,169,72.8
6625,8.89,14:25,170,72.8
6626,8.89,14:25,171,73.5
6627,8.9,14:54,171,73.5
6628,8.9,15:14,170,73.5
6629,8.9,14:54,170,73.5
6630,8.9,14:34,171,74.1
6631,8.9,14:44,172,74.1
6632,8.9,14:34,172,74.8
6633,8.9,13:58,172,74.8
6634,8.9,13:49,171,75.5
6635,8.91,13:41,171,75.5
6636,8.91,12:39,172,75.5
6637,8.91,11:10,173,75.5
6638,8.91,10:48,172,75.5
6639,8.91,10:33,173,76.1
6640,8.91,10:33,172,76.1
6641,8.91,10:48,172,76.1
6642,8.92,11:52,173,76.1
6643,8.92,12:18,174,76.1
6644,8.92,12:46,173,76.8
6645,8.92,12:46,172,76.8
6646,8.92,12:39,173,76.8
6647,8.92,12:25,173,76.8
6648,8.92,12:32,173,76.8
6649,8.93,12:25,173,76.8
6650,8.93,12:25,173,76.8
6651,8.93,12:39,172,76.8
6652,8.93,12:18,173,76.8
6653,8.93,12:25,173,76.8
6654,8.93,13:01,173,76.8
6655,8.93,13:16,172,76.8
6656,8.93,14:16,171,76.8
6657,8.93,15:35,172,76.8
6658,8.94,14:54,172,76.8
6659,8.94,13:24,172,76.8
6660,8.94,12:32,172,76.8
6661,8.94,11:33,171,76.8
6662,8.94,11:39,172,76.8
6663,8.94,11:52,172,76.8
6664,8.94,12:11,172,77.4
6665,8.95,12:53,172,77.4
6666,8.95,12:46,171,78.1
6667,8.95,11:45,172,78.1
6668,8.95,11:45,172,78.1
6669,8.95,11:52,172,78.7
6670,8.95,12:11,172,78.7
6671,8.95,12:04,172,78.7
6672,8.96,12:25,172,78.7
6673,8.96,12:25,174,79.4
6674,8.96,12:04,174,79.4
6675,8.96,11:58,173,80.1
6676,8.96,12:46,173,80.1
6677,8.96,12:39,173,80.1
6678,8.96,13:08,174,80.7
6679,8.96,14:16,173,80.1
6680,8.97,14:07,172,80.1
6681,8.97,14:07,172,80.1
6682,8.97,14:34,171,79.4
6683,8.97,13:49,171,79.4
6684,8.97,13:08,173,79.4
6685,8.97,12:46,172,79.4
6686,8.97,12:32,172,79.4
6687,8.97,12:11,172,79.4
6688,8.98,12:32,171,79.4
6689,8.98,12:39,171,80.1
6690,8.98,13:01,172,80.1
6691,8.98,12:25,174,80.1
6692,8.98,12:04,174,80.1
6693,8.98,12:11,172,80.1
6694,8.98,11:58,173,80.1
6695,8.99,12:11,174,80.1
6696,8.99,13:01,174,80.1
6697,8.99,13:41,174,80.1
6698,8.99,13:24,174,80.1
6699,8.99,14:07,174,80.7
6700,8.99,13:08,174,80.7
6701,8.99,13:24,174,80.7
6702,8.99,13:49,174,80.7
6703,8.99,14:25,174,80.7
6704,9.0,14:16,174,80.7
6705,9.0,13:58,175,80.7
6706,9.0,12:11,175,80.7
6707,9.0,11:27,174,80.7
6708,9.0,11:10,174,80.7
6709,9.0,10:54,175,80.7
6710,9.0,11:16,175,81.4
6711,9.01,11:45,173,81.4
6712,9.01,12:11,174,82.0
6713,9.01,12:04,175,82.0
6714,9.01,12:04,173,82.7
6715,9.01,12:18,174,82.7
6716,9.01,12:46,174,82.7
6717,9.01,13:01,174,82.7
6718,9.02,13:01,173,82.7
6719,9.02,13:32,173,83.3
6720,9.02,13:32,174,83.3
