elapsed_seconds,distance_miles,pace_per_mile,heartrate,altitude_ft
0,0.0,,90,181.8
1,0.0,,89,181.1
2,0.01,9:05,90,181.1
3,0.01,9:08,90,181.1
4,0.01,12:11,91,180.4
16,0.01,291:32,98,179.8
17,0.01,291:32,99,179.8
18,0.01,311:53,98,179.8
19,0.01,98:15,98,179.8
20,0.01,73:53,100,179.1
21,0.01,14:07,100,179.1
22,0.01,14:07,100,179.1
23,0.01,12:32,100,179.1
24,0.02,12:04,101,179.1
25,0.02,11:33,102,179.1
26,0.02,15:04,103,179.1
27,0.02,12:11,104,179.1
28,0.02,11:16,104,179.8
29,0.02,12:35,105,179.1
30,0.02,12:46,105,179.1
31,0.03,12:21,106,179.1
32,0.03,11:52,107,179.1
33,0.03,11:33,108,179.1
34,0.03,11:13,108,179.1
35,0.03,13:32,109,179.1
36,0.03,11:19,110,179.1
37,0.04,11:21,111,179.1
38,0.04,10:53,112,179.1
39,0.04,11:36,113,179.8
40,0.04,10:09,114,179.8
41,0.04,12:18,114,179.1
42,0.04,12:25,114,179.1
43,0.04,12:32,114,179.1
44,0.05,11:19,115,179.1
45,0.05,10:38,115,179.1
46,0.05,9:56,115,178.5
47,0.05,10:05,116,178.5
48,0.05,12:46,117,178.5
49,0.05,10:54,118,178.5
50,0.05,11:16,118,178.5
51,0.05,15:14,119,178.5
52,0.06,13:41,119,178.5
53,0.06,11:45,118,178.5
54,0.06,15:14,118,177.8
55,0.06,15:35,118,177.8
56,0.06,11:58,119,177.8
57,0.06,13:08,119,177.8
58,0.06,12:18,121,177.8
59,0.07,12:25,122,178.5
60,0.07,12:04,122,178.5
61,0.07,12:32,123,178.5
62,0.07,12:46,125,178.5
63,0.07,16:21,126,177.8
64,0.07,13:01,126,177.8
65,0.07,12:53,127,177.8
66,0.07,16:21,127,177.8
67,0.07,15:57,127,177.8
68,0.08,10:43,127,177.8
69,0.08,12:32,128,177.8
70,0.08,12:39,128,177.8
71,0.08,12:39,129,177.2
72,0.08,13:16,129,177.2
73,0.08,13:24,129,177.2
74,0.08,17:11,130,177.2
75,0.09,13:41,130,177.2
76,0.09,13:41,130,177.2
77,0.09,13:41,130,177.2
78,0.09,16:45,130,177.2
79,0.09,13:16,129,176.5
80,0.09,16:33,129,176.5
81,0.09,12:39,129,176.5
82,0.09,12:04,129,176.5
83,0.09,12:39,129,176.5
84,0.1,12:32,129,175.9
85,0.1,12:53,129,175.9
86,0.1,10:28,129,176.5
87,0.1,12:39,128,176.5
88,0.1,12:04,128,176.5
89,0.1,11:52,128,177.2
90,0.1,10:54,129,176.5
91,0.11,16:09,129,176.5
92,0.11,13:49,131,176.5
93,0.11,12:32,131,175.9
94,0.11,10:59,131,175.9
95,0.11,10:33,132,175.9
96,0.11,9:38,131,175.9
97,0.12,8:49,131,175.2
98,0.12,9:14,131,175.2
99,0.12,10:14,131,175.2
100,0.12,10:43,132,175.2
101,0.12,10:28,134,174.5
102,0.12,10:38,134,174.5
103,0.12,10:43,134,174.5
104,0.13,10:59,135,174.5
105,0.13,11:10,135,174.5
106,0.13,11:21,135,173.9
107,0.13,11:45,136,173.9
108,0.13,11:45,136,173.9
109,0.13,12:32,137,173.9
110,0.13,13:08,136,173.9
111,0.14,13:32,136,173.9
112,0.14,13:41,136,173.2
113,0.14,14:07,136,173.2
114,0.14,13:24,135,173.2
115,0.14,14:16,135,173.2
116,0.14,14:16,135,173.2
117,0.14,14:07,135,173.2
118,0.14,13:32,135,173.2
119,0.15,13:01,135,173.2
120,0.15,12:04,136,172.6
121,0.15,11:33,135,172.6
122,0.15,11:16,133,172.6
123,0.15,11:33,132,171.9
124,0.15,11:27,132,172.6
125,0.15,11:45,132,172.6
126,0.16,12:18,133,172.6
127,0.16,12:39,133,171.9
128,0.16,13:01,133,171.9
129,0.16,13:01,134,171.9
130,0.16,12:39,135,171.9
131,0.16,12:32,134,171.9
132,0.16,12:25,133,171.9
133,0.16,12:11,133,171.9
134,0.17,12:32,133,171.9
135,0.17,13:08,133,171.9
136,0.17,13:01,132,171.9
137,0.17,13:24,132,171.9
138,0.17,13:49,132,171.9
139,0.17,14:25,132,171.9
140,0.17,14:16,132,171.9
141,0.17,13:58,132,171.9
142,0.18,13:01,132,171.9
143,0.18,12:46,132,171.9
144,0.18,12:18,132,171.9
145,0.18,11:52,132,171.9
146,0.18,12:04,131,171.9
147,0.18,12:53,131,172.6
148,0.18,13:16,132,172.6
149,0.18,13:41,132,172.6
150,0.19,13:32,132,172.6
151,0.19,13:58,132,172.6
152,0.19,13:24,132,172.6
153,0.19,12:53,133,172.6
154,0.19,12:53,132,172.6
155,0.19,13:16,132,171.9
156,0.19,13:01,133,171.9
157,0.19,13:01,132,171.9
158,0.2,12:25,132,172.6
159,0.2,12:32,131,172.6
160,0.2,12:18,131,172.6
161,0.2,12:11,131,172.6
162,0.2,13:01,131,172.6
163,0.2,14:16,130,172.6
164,0.2,14:44,130,172.6
165,0.2,14:25,130,172.6
166,0.21,14:34,130,172.6
167,0.21,14:07,130,172.6
168,0.21,13:08,129,172.6
169,0.21,12:18,128,173.2
170,0.21,12:53,128,173.2
171,0.21,12:39,129,173.2
172,0.21,12:39,130,173.9
173,0.22,12:39,131,173.9
174,0.22,13:01,131,173.9
175,0.22,13:01,131,173.9
176,0.22,13:16,132,173.2
177,0.22,13:24,131,173.2
178,0.22,14:25,131,173.2
179,0.22,14:16,131,173.2
180,0.22,14:16,131,173.2
181,0.22,14:07,132,173.9
182,0.23,13:32,132,173.9
183,0.23,13:01,132,173.9
184,0.23,13:01,133,173.2
185,0.23,12:32,132,173.9
186,0.23,12:53,132,173.9
187,0.23,12:39,133,173.9
188,0.23,13:08,132,173.9
189,0.23,13:24,132,173.9
190,0.24,13:41,131,173.9
191,0.24,13:32,131,173.9
192,0.24,13:49,131,173.9
193,0.24,13:24,130,173.9
194,0.24,12:46,130,173.9
195,0.24,12:32,130,173.9
196,0.24,12:32,131,173.9
197,0.25,12:32,131,173.9
198,0.25,12:04,131,174.5
199,0.25,12:11,132,174.5
200,0.25,12:18,133,175.2
201,0.25,12:32,133,175.2
202,0.25,13:24,133,175.2
203,0.25,13:24,132,175.2
204,0.25,13:01,132,175.2
205,0.26,12:32,132,175.2
206,0.26,11:52,132,175.2
207,0.26,11:33,132,175.2
208,0.26,11:58,131,175.2
209,0.26,12:46,131,175.2
210,0.26,13:49,131,175.2
211,0.26,13:41,131,175.2
212,0.27,13:32,131,175.2
213,0.27,13:58,132,175.2
214,0.27,13:32,132,175.9
215,0.27,13:58,132,175.9
216,0.27,14:25,131,175.9
217,0.27,13:49,131,175.9
218,0.27,12:32,131,175.9
219,0.27,12:11,131,175.9
220,0.28,11:05,130,175.9
221,0.28,10:54,130,175.9
222,0.28,10:43,129,175.9
223,0.28,11:10,128,175.9
224,0.28,11:52,128,176.5
225,0.28,12:25,128,176.5
226,0.28,12:32,128,176.5
227,0.28,13:32,129,176.5
228,0.29,14:44,130,176.5
229,0.29,13:41,131,176.5
230,0.29,13:58,132,175.9
231,0.29,14:25,132,176.5
232,0.29,13:32,132,176.5
233,0.29,12:18,132,176.5
234,0.29,12:32,133,176.5
235,0.3,12:11,132,176.5
236,0.3,11:52,131,176.5
237,0.3,12:11,133,176.5
238,0.3,12:32,133,176.5
239,0.3,12:18,134,176.5
240,0.3,12:04,134,176.5
241,0.3,12:11,136,176.5
242,0.3,11:58,135,176.5
243,0.31,12:04,135,176.5
244,0.31,12:04,136,176.5
245,0.31,12:04,136,175.9
246,0.31,12:04,137,175.9
247,0.31,12:11,138,175.9
248,0.31,12:11,138,175.9
249,0.31,12:53,138,175.9
250,0.32,13:16,138,176.5
251,0.32,13:16,138,176.5
252,0.32,13:01,139,176.5
253,0.32,13:16,139,176.5
254,0.32,13:08,139,176.5
255,0.32,13:01,139,176.5
256,0.32,12:39,139,176.5
257,0.32,13:08,139,176.5
258,0.33,12:32,139,176.5
259,0.33,12:11,140,176.5
260,0.33,12:46,140,176.5
261,0.33,12:53,140,176.5
262,0.33,12:32,140,176.5
263,0.33,12:46,139,176.5
264,0.33,13:16,138,176.5
265,0.33,13:16,139,176.5
266,0.34,13:41,139,176.5
267,0.34,13:49,138,176.5
268,0.34,13:41,139,175.9
269,0.34,12:46,139,175.9
270,0.34,11:58,139,175.9
271,0.34,11:58,137,175.9
272,0.34,12:04,137,175.9
273,0.35,12:32,138,175.9
274,0.35,13:49,138,175.2
275,0.35,14:34,138,175.2
276,0.35,15:24,138,175.2
277,0.35,15:24,138,175.2
278,0.35,14:54,138,175.2
279,0.35,13:49,138,175.2
280,0.35,14:07,138,175.2
281,0.35,13:16,138,175.2
282,0.36,13:24,138,175.2
283,0.36,13:32,138,175.2
284,0.36,13:16,137,175.2
285,0.36,12:18,136,174.5
286,0.36,11:39,136,174.5
287,0.36,10:59,135,174.5
288,0.36,10:38,136,174.5
289,0.37,10:38,134,174.5
290,0.37,10:48,136,174.5
291,0.37,11:10,134,174.5
292,0.37,11:16,134,174.5
293,0.37,11:45,133,173.9
294,0.37,12:25,131,173.9
295,0.37,12:18,129,173.9
296,0.38,12:53,126,173.9
297,0.38,13:24,123,173.9
298,0.38,12:53,124,173.9
299,0.38,12:39,125,173.9
300,0.38,12:53,125,173.9
301,0.38,12:04,125,173.9
302,0.38,12:18,125,173.9
303,0.39,12:25,125,173.9
304,0.39,12:39,126,173.9
305,0.39,12:46,125,173.9
306,0.39,13:08,118,173.9
307,0.39,12:25,116,173.9
308,0.39,12:39,118,173.9
309,0.39,12:18,121,173.2
310,0.39,12:32,123,173.2
311,0.4,12:53,126,173.2
312,0.4,12:46,127,172.6
313,0.4,12:32,129,172.6
314,0.4,12:11,131,172.6
315,0.4,12:04,134,172.6
316,0.4,11:58,135,172.6
317,0.4,11:58,136,172.6
318,0.41,11:52,138,173.2
319,0.41,12:04,139,173.2
320,0.41,12:11,140,173.2
321,0.41,13:01,142,172.6
322,0.41,14:16,142,172.6
323,0.41,14:07,142,171.9
324,0.41,13:32,144,171.9
325,0.41,12:53,144,171.9
326,0.42,12:04,144,171.9
327,0.42,11:45,145,171.9
328,0.42,11:58,144,171.9
329,0.42,12:39,143,171.9
330,0.42,13:01,143,171.9
331,0.42,13:01,142,171.9
332,0.42,12:39,142,171.9
333,0.43,11:58,141,171.9
334,0.43,11:27,140,171.9
335,0.43,11:33,140,171.3
336,0.43,11:16,140,171.3
337,0.43,11:27,139,171.3
338,0.43,12:11,139,171.3
339,0.43,12:32,139,171.3
340,0.43,13:01,140,171.3
341,0.44,13:49,141,170.6
342,0.44,13:41,139,170.6
343,0.44,13:24,139,170.6
344,0.44,13:01,139,170.6
345,0.44,11:58,139,169.9
346,0.44,11:05,139,169.9
347,0.44,11:10,139,169.9
348,0.45,11:33,138,169.9
349,0.45,11:27,138,169.9
350,0.45,11:33,139,169.9
351,0.45,12:04,138,169.9
352,0.45,11:52,137,169.9
353,0.45,12:18,137,169.9
354,0.45,13:49,136,169.9
355,0.45,14:07,135,169.9
356,0.46,14:16,135,169.9
357,0.46,14:54,134,169.9
358,0.46,13:58,134,169.9
359,0.46,13:01,134,169.9
360,0.46,13:01,134,169.3
361,0.46,12:46,134,169.3
362,0.46,11:45,134,169.3
363,0.47,11:52,135,169.3
364,0.47,12:04,134,169.3
365,0.47,12:11,134,169.9
366,0.47,12:18,134,169.9
367,0.47,12:53,134,169.3
368,0.47,13:16,134,168.6
369,0.47,13:32,133,168.6
370,0.47,14:07,133,168.0
371,0.47,15:14,133,168.0
372,0.48,14:44,133,167.3
373,0.48,13:49,133,167.3
374,0.48,12:32,133,167.3
375,0.48,12:18,134,167.3
376,0.48,11:58,134,168.0
377,0.48,12:53,135,168.0
378,0.48,12:53,136,168.0
379,0.49,13:58,136,168.0
380,0.49,13:08,135,168.0
381,0.49,13:16,135,167.3
382,0.49,13:08,134,167.3
383,0.49,12:04,134,167.3
384,0.49,11:21,134,167.3
385,0.49,11:39,135,167.3
386,0.5,10:59,135,168.0
387,0.5,11:05,136,168.0
388,0.5,11:45,136,167.3
389,0.5,12:25,137,167.3
390,0.5,12:04,138,168.0
391,0.5,11:58,138,168.0
392,0.5,11:45,138,168.0
393,0.5,12:18,138,168.0
394,0.51,12:04,139,168.0
395,0.51,12:25,139,168.0
396,0.51,12:11,140,168.0
397,0.51,11:58,140,168.0
398,0.51,11:58,140,168.0
399,0.51,12:18,141,168.0
400,0.51,12:46,140,168.0
401,0.52,13:41,140,168.0
402,0.52,14:34,141,168.6
403,0.52,14:34,140,168.6
404,0.52,13:58,140,168.6
405,0.52,13:24,140,168.6
406,0.52,12:46,139,168.6
407,0.52,11:58,139,168.6
408,0.52,11:39,140,168.6
409,0.53,11:58,140,168.6
410,0.53,11:52,140,168.6
411,0.53,12:11,142,168.6
412,0.53,12:11,141,168.6
413,0.53,12:32,141,168.6
414,0.53,12:46,142,168.0
415,0.53,12:53,142,168.0
416,0.54,12:32,142,168.0
417,0.54,12:46,142,168.6
418,0.54,11:58,142,168.0
419,0.54,11:52,143,168.0
420,0.54,11:45,143,168.0
421,0.54,11:52,143,167.3
422,0.54,11:45,144,167.3
423,0.55,11:52,145,167.3
424,0.55,11:39,145,167.3
425,0.55,11:39,145,167.3
426,0.55,11:58,145,167.3
427,0.55,12:32,144,167.3
428,0.55,12:46,145,167.3
429,0.55,13:01,145,167.3
430,0.55,13:24,145,167.3
431,0.56,13:08,144,167.3
432,0.56,12:32,145,166.7
433,0.56,12:39,145,166.7
434,0.56,12:39,145,166.7
435,0.56,12:32,145,166.7
436,0.56,12:18,145,166.7
437,0.56,12:53,145,166.7
438,0.56,13:24,145,166.7
439,0.57,13:16,145,167.3
440,0.57,13:58,145,166.7
441,0.57,15:04,146,166.7
442,0.57,15:14,146,166.7
443,0.57,16:21,145,166.7
444,0.57,15:24,144,166.7
445,0.57,15:24,145,166.7
446,0.57,15:35,144,166.7
447,0.57,15:35,144,166.7
448,0.57,16:21,144,166.7
449,0.58,18:07,143,166.0
450,0.58,18:37,142,166.0
451,0.58,17:38,142,165.4
452,0.58,16:21,143,165.4
453,0.58,14:34,143,164.7
454,0.58,14:16,143,164.7
455,0.58,13:41,142,164.7
456,0.58,13:16,142,164.0
457,0.59,13:24,141,164.0
458,0.59,12:32,141,164.0
459,0.59,12:04,140,164.0
460,0.59,10:28,140,164.0
461,0.59,10:09,140,163.4
462,0.59,9:56,140,163.4
463,0.6,9:56,141,163.4
464,0.6,9:56,142,163.4
465,0.6,10:54,142,163.4
466,0.6,10:59,142,163.4
467,0.6,10:54,142,162.7
468,0.6,11:10,142,162.7
469,0.6,11:05,141,162.7
470,0.61,11:10,142,162.7
471,0.61,11:39,142,162.1
472,0.61,11:45,143,162.1
473,0.61,12:18,142,162.1
474,0.61,12:25,141,161.4
475,0.61,12:11,141,161.4
476,0.61,12:11,141,161.4
477,0.62,12:39,141,160.8
478,0.62,12:25,141,160.8
479,0.62,12:04,141,160.8
480,0.62,12:11,141,160.8
481,0.62,11:45,141,160.1
482,0.62,11:27,141,160.1
483,0.62,11:16,142,159.4
484,0.63,11:27,141,159.4
485,0.63,11:27,141,158.8
486,0.63,11:52,140,158.8
487,0.63,12:25,140,158.8
488,0.63,12:53,139,158.1
489,0.63,13:08,139,158.1
490,0.63,13:58,138,157.5
491,0.63,14:16,138,157.5
492,0.63,14:07,138,156.8
493,0.64,14:07,138,156.8
494,0.64,14:44,138,156.2
495,0.64,14:25,137,156.2
496,0.64,14:34,137,156.2
497,0.64,14:25,136,155.5
498,0.64,14:07,136,155.5
499,0.64,13:32,137,155.5
500,0.64,13:16,137,155.5
501,0.65,12:46,137,155.5
502,0.65,12:18,137,155.5
503,0.65,12:32,137,155.5
504,0.65,13:08,138,154.9
505,0.65,12:46,139,154.9
506,0.65,12:53,139,154.9
507,0.65,11:52,137,154.2
508,0.66,11:10,137,154.2
509,0.66,10:09,136,154.2
510,0.66,10:23,136,154.2
511,0.66,10:23,137,153.5
512,0.66,10:38,137,153.5
513,0.66,11:05,137,153.5
514,0.67,11:33,137,152.9
515,0.67,11:27,137,152.9
516,0.67,11:39,137,152.9
517,0.67,12:25,137,152.2
518,0.67,12:32,137,152.2
519,0.67,13:01,137,152.2
520,0.67,12:53,138,151.6
521,0.67,12:46,138,150.9
522,0.68,13:01,138,150.3
523,0.68,12:46,137,149.6
524,0.68,13:01,137,149.6
525,0.68,13:32,137,149.0
526,0.68,13:49,137,149.0
527,0.68,14:07,137,149.0
528,0.68,13:32,137,149.0
529,0.68,13:16,137,149.0
530,0.69,13:01,137,148.3
531,0.69,12:25,136,148.3
532,0.69,12:25,136,148.3
533,0.69,12:53,135,148.3
534,0.69,13:01,135,148.3
535,0.69,13:08,135,148.3
536,0.69,13:32,135,147.6
537,0.69,13:32,135,147.6
538,0.7,13:01,134,147.6
539,0.7,13:01,134,147.6
540,0.7,13:16,133,147.6
541,0.7,12:46,133,147.6
542,0.7,12:32,133,147.6
543,0.7,12:39,133,147.6
544,0.7,12:46,134,147.6
545,0.7,12:18,134,147.6
546,0.71,12:39,134,147.6
547,0.71,12:32,134,147.6
548,0.71,12:39,134,147.0
549,0.71,12:18,133,147.0
550,0.71,12:11,132,147.0
551,0.71,11:52,131,147.0
552,0.71,11:39,131,146.3
553,0.72,11:45,131,146.3
554,0.72,12:04,131,146.3
555,0.72,12:04,131,145.7
556,0.72,12:25,131,145.7
557,0.72,12:11,131,145.7
558,0.72,12:04,132,145.0
559,0.72,11:45,132,145.0
560,0.73,11:58,133,145.0
561,0.73,11:52,133,145.0
562,0.73,11:58,133,145.0
563,0.73,12:04,133,144.4
564,0.73,11:39,134,144.4
565,0.73,11:21,134,144.4
566,0.73,10:54,134,143.0
567,0.74,11:16,134,142.4
568,0.74,10:54,133,141.7
569,0.74,11:16,133,141.7
570,0.74,11:39,133,141.1
571,0.74,12:18,132,141.1
572,0.74,11:52,132,140.4
573,0.74,12:11,132,139.8
574,0.75,12:32,132,139.8
575,0.75,12:32,133,139.1
576,0.75,13:01,132,139.1
577,0.75,13:24,132,138.5
578,0.75,13:01,132,138.5
579,0.75,11:45,132,137.8
580,0.75,11:21,131,137.1
581,0.76,10:43,131,136.5
582,0.76,10:38,131,136.5
583,0.76,10:59,132,135.8
584,0.76,11:39,132,135.8
585,0.76,11:52,133,135.2
586,0.76,11:45,133,134.5
587,0.76,11:33,133,134.5
588,0.77,10:48,133,133.9
589,0.77,10:38,133,133.2
590,0.77,10:23,134,133.2
591,0.77,10:23,133,132.5
592,0.77,10:28,134,132.5
593,0.77,10:59,134,131.9
594,0.78,10:59,134,131.9
595,0.78,11:10,133,131.2
596,0.78,11:10,133,130.6
597,0.78,10:59,133,130.6
598,0.78,11:16,132,130.6
599,0.78,11:16,131,129.9
600,0.78,10:59,131,129.9
601,0.79,11:33,131,129.3
602,0.79,11:58,132,129.3
603,0.79,12:32,133,128.6
604,0.79,12:53,132,128.6
605,0.79,13:32,132,128.0
606,0.79,13:01,132,127.3
607,0.79,12:39,132,127.3
608,0.79,12:18,132,127.3
609,0.8,12:04,131,127.3
610,0.8,11:45,130,126.6
611,0.8,11:52,131,126.6
612,0.8,12:18,131,126.6
613,0.8,12:11,132,126.0
614,0.8,12:18,132,126.0
615,0.8,12:46,131,126.0
616,0.81,12:25,132,126.0
617,0.81,12:11,132,126.0
618,0.81,12:04,132,125.3
619,0.81,11:52,131,125.3
620,0.81,11:33,131,125.3
621,0.81,11:45,132,125.3
622,0.81,11:39,132,125.3
623,0.82,11:27,132,125.3
624,0.82,11:52,132,125.3
625,0.82,11:52,132,125.3
626,0.82,11:45,133,125.3
627,0.82,11:52,133,125.3
628,0.82,12:11,133,125.3
629,0.82,12:25,133,125.3
630,0.82,13:16,135,124.7
631,0.83,14:16,134,124.7
632,0.83,15:14,134,124.7
633,0.83,14:54,134,124.7
634,0.83,14:34,134,124.7
635,0.83,13:49,134,125.3
636,0.83,13:08,134,125.3
637,0.83,12:46,134,125.3
638,0.83,12:18,133,125.3
639,0.84,12:11,133,125.3
640,0.84,12:25,133,125.3
641,0.84,12:18,134,125.3
642,0.84,11:58,133,126.0
643,0.84,12:04,134,126.0
644,0.84,11:45,135,126.0
645,0.84,11:21,137,126.0
646,0.85,12:11,137,126.0
647,0.85,13:16,138,126.0
648,0.85,13:01,138,126.0
649,0.85,13:16,139,126.0
650,0.85,12:53,139,126.0
651,0.85,12:11,139,126.0
652,0.85,11:16,139,126.0
653,0.86,11:33,140,126.0
654,0.86,11:45,140,126.0
655,0.86,12:32,140,126.0
656,0.86,12:25,140,126.0
657,0.86,12:46,140,126.0
658,0.86,13:24,141,126.0
659,0.86,13:24,140,126.0
660,0.86,13:32,139,126.0
661,0.87,13:24,139,126.0
662,0.87,13:08,139,126.0
663,0.87,12:25,139,126.0
664,0.87,11:21,140,126.0
665,0.87,10:59,140,126.0
666,0.87,11:16,140,126.6
667,0.87,11:21,141,126.6
668,0.88,11:33,141,126.6
669,0.88,12:25,141,126.6
670,0.88,12:18,141,126.6
671,0.88,12:32,142,126.6
672,0.88,12:25,142,126.6
673,0.88,12:32,142,126.6
674,0.88,12:46,142,126.6
675,0.88,12:25,142,126.6
676,0.89,11:58,143,126.6
677,0.89,12:04,143,126.6
678,0.89,11:52,143,126.6
679,0.89,11:39,143,126.6
680,0.89,12:04,144,127.3
681,0.89,12:04,144,127.3
682,0.89,12:18,144,127.3
683,0.9,12:04,144,126.6
684,0.9,12:11,143,126.6
685,0.9,12:32,144,126.6
686,0.9,12:25,143,126.6
687,0.9,12:53,143,126.0
688,0.9,13:08,142,126.0
689,0.9,12:53,142,126.0
690,0.9,12:46,142,126.0
691,0.91,12:46,141,126.0
692,0.91,11:58,140,126.0
693,0.91,11:52,139,125.3
694,0.91,11:58,138,125.3
695,0.91,11:16,134,124.7
696,0.91,11:21,131,124.7
697,0.91,11:27,127,124.7
698,0.92,11:27,125,124.7
699,0.92,11:39,123,124.0
700,0.92,11:52,123,124.0
701,0.92,12:04,123,124.0
702,0.92,11:58,123,124.0
703,0.92,12:11,126,124.0
704,0.92,12:18,126,124.0
705,0.93,12:39,126,124.0
706,0.93,12:11,126,123.4
707,0.93,12:11,126,123.4
708,0.93,12:04,127,123.4
709,0.93,11:27,128,123.4
710,0.93,11:10,127,123.4
711,0.93,11:05,127,123.4
712,0.94,11:05,127,123.4
713,0.94,11:16,127,123.4
714,0.94,11:33,127,122.7
715,0.94,12:39,127,122.7
716,0.94,12:53,127,122.7
717,0.94,13:16,127,122.7
718,0.94,13:32,128,122.7
719,0.94,14:16,127,122.0
720,0.95,13:16,127,122.0
721,0.95,13:41,127,121.4
722,0.95,13:08,128,121.4
723,0.95,12:18,128,121.4
724,0.95,11:39,128,121.4
725,0.95,11:21,128,121.4
726,0.95,11:16,128,120.7
727,0.96,11:39,129,120.7
728,0.96,12:11,129,120.7
729,0.96,12:18,131,120.7
730,0.96,13:08,132,120.1
731,0.96,12:32,132,120.1
732,0.96,12:32,134,120.1
733,0.96,12:46,135,120.1
734,0.97,13:01,137,120.1
735,0.97,12:39,138,119.4
736,0.97,13:24,139,119.4
737,0.97,12:46,140,119.4
738,0.97,12:46,140,119.4
739,0.97,13:08,142,118.8
740,0.97,13:16,141,118.8
741,0.97,13:24,141,118.8
742,0.98,13:08,140,118.8
743,0.98,12:53,140,118.8
744,0.98,11:52,140,118.8
745,0.98,11:45,139,118.8
746,0.98,11:45,139,118.8
747,0.98,12:25,139,118.1
748,0.98,12:18,139,118.1
749,0.99,12:32,140,118.1
750,0.99,12:25,140,118.1
751,0.99,12:11,139,118.1
752,0.99,11:39,139,118.1
753,0.99,11:58,139,118.1
754,0.99,12:25,139,118.1
755,0.99,12:18,138,118.1
756,0.99,12:04,139,118.1
757,1.0,11:58,139,118.1
758,1.0,11:52,140,118.1
759,1.0,12:04,139,117.5
760,1.0,12:18,138,117.5
761,1.0,12:32,138,117.5
762,1.0,12:46,139,117.5
763,1.0,12:18,139,116.8
764,1.01,11:52,138,116.8
765,1.01,11:16,138,117.5
766,1.01,11:16,138,117.5
767,1.01,11:33,139,117.5
768,1.01,11:45,138,117.5
769,1.01,11:58,138,116.8
770,1.01,13:01,139,116.8
771,1.02,13:01,140,116.8
772,1.02,12:39,140,116.8
773,1.02,12:39,140,116.8
774,1.02,12:25,141,116.1
775,1.02,12:11,140,116.1
776,1.02,11:52,141,116.1
777,1.02,11:45,141,116.1
778,1.02,12:04,141,116.1
779,1.03,12:18,140,116.1
780,1.03,12:25,140,116.1
781,1.03,12:18,141,116.1
782,1.03,12:46,142,115.5
783,1.03,12:53,141,115.5
784,1.03,12:25,141,114.8
785,1.03,12:11,141,114.8
786,1.04,12:25,142,114.8
787,1.04,11:58,141,114.8
788,1.04,11:33,142,114.8
789,1.04,11:21,142,114.8
790,1.04,11:39,141,114.8
791,1.04,11:58,142,114.2
792,1.04,12:46,142,114.2
793,1.04,13:24,142,114.2
794,1.05,13:49,142,114.2
795,1.05,13:24,142,113.5
796,1.05,12:46,142,113.5
797,1.05,12:04,141,112.9
798,1.05,11:39,140,112.9
799,1.05,11:27,141,112.9
800,1.05,11:10,141,112.9
801,1.06,11:39,140,112.2
802,1.06,11:52,140,112.2
803,1.06,11:58,140,112.2
804,1.06,12:18,141,112.2
805,1.06,12:25,141,112.2
806,1.06,11:58,141,112.2
807,1.06,11:33,141,112.2
808,1.07,11:39,141,112.2
809,1.07,11:58,140,112.2
810,1.07,11:58,140,112.2
811,1.07,12:39,140,112.2
812,1.07,13:08,141,112.2
813,1.07,13:16,140,112.2
814,1.07,13:16,141,111.5
815,1.08,12:53,141,111.5
816,1.08,12:25,142,111.5
817,1.08,12:32,141,110.9
818,1.08,12:04,141,110.9
819,1.08,11:58,141,110.9
820,1.08,12:25,142,110.2
821,1.08,12:04,141,110.2
822,1.08,12:11,141,110.2
823,1.09,12:32,140,110.2
824,1.09,12:32,140,110.2
825,1.09,12:39,140,110.2
826,1.09,13:08,139,110.2
827,1.09,12:32,138,110.2
828,1.09,12:32,138,110.2
829,1.09,12:11,139,110.2
830,1.1,11:45,139,110.2
831,1.1,11:21,139,110.2
832,1.1,11:33,138,109.6
833,1.1,11:45,138,109.6
834,1.1,12:11,138,109.6
835,1.1,12:39,139,109.6
836,1.1,12:53,140,109.6
837,1.1,12:46,140,109.6
838,1.11,12:25,140,109.6
839,1.11,11:52,140,109.6
840,1.11,11:39,140,109.6
841,1.11,11:45,140,109.6
842,1.11,11:45,140,108.9
843,1.11,12:04,140,108.9
844,1.11,12:25,139,108.9
845,1.12,12:53,139,109.6
846,1.12,13:01,140,109.6
847,1.12,13:01,141,109.6
848,1.12,12:39,141,109.6
849,1.12,12:32,141,109.6
850,1.12,12:32,140,109.6
851,1.12,12:25,140,109.6
852,1.12,13:08,140,109.6
853,1.13,13:32,139,108.9
854,1.13,13:08,140,109.6
855,1.13,12:32,140,108.9
856,1.13,12:39,141,108.9
857,1.13,12:18,142,109.6
858,1.13,11:52,143,109.6
859,1.13,12:18,143,109.6
860,1.14,12:39,143,109.6
861,1.14,13:24,143,109.6
862,1.14,13:24,144,109.6
863,1.14,13:24,144,109.6
864,1.14,14:07,144,109.6
865,1.14,14:44,144,109.6
866,1.14,13:49,144,109.6
867,1.14,13:49,144,109.6
868,1.15,13:32,143,109.6
869,1.15,12:32,143,109.6
870,1.15,12:04,142,109.6
871,1.15,11:27,142,109.6
872,1.15,10:59,142,109.6
873,1.15,11:05,141,109.6
874,1.15,10:59,140,109.6
875,1.16,10:59,139,109.6
876,1.16,11:05,140,109.6
877,1.16,11:39,139,108.9
878,1.16,11:39,139,109.6
879,1.16,12:04,141,109.6
880,1.16,11:58,141,109.6
881,1.16,12:18,141,109.6
882,1.17,12:11,141,109.6
883,1.17,12:18,141,109.6
884,1.17,12:25,142,109.6
885,1.17,12:25,142,109.6
886,1.17,12:39,142,109.6
887,1.17,12:32,141,109.6
888,1.17,12:11,141,109.6
889,1.17,12:18,140,109.6
890,1.18,12:25,141,109.6
891,1.18,11:33,140,109.6
892,1.18,11:39,140,109.6
893,1.18,12:04,140,109.6
894,1.18,11:27,140,109.6
895,1.18,11:05,141,109.6
896,1.18,12:04,142,109.6
897,1.19,12:32,142,109.6
898,1.19,12:53,142,108.9
899,1.19,13:41,142,108.9
900,1.19,13:41,143,108.9
901,1.19,12:39,143,108.9
902,1.19,12:04,143,108.9
903,1.19,11:33,143,108.9
904,1.2,11:27,143,108.9
905,1.2,11:45,144,108.9
906,1.2,12:04,143,108.9
907,1.2,11:52,142,108.9
908,1.2,12:25,142,108.9
909,1.2,12:18,142,108.3
910,1.2,12:18,142,108.3
911,1.2,12:53,142,108.3
912,1.21,13:32,142,108.3
913,1.21,13:16,142,108.3
914,1.21,13:16,142,108.3
915,1.21,13:41,142,108.3
916,1.21,13:32,143,108.3
917,1.21,13:08,143,108.3
918,1.21,12:32,143,108.3
919,1.22,11:52,144,107.6
920,1.22,11:21,145,107.6
921,1.22,10:54,145,107.0
922,1.22,10:38,145,107.0
923,1.22,10:59,144,107.0
924,1.22,11:52,144,107.0
925,1.22,11:39,144,107.0
926,1.23,11:52,143,107.0
927,1.23,12:04,143,106.3
928,1.23,12:25,143,106.3
929,1.23,11:45,142,106.3
930,1.23,12:25,142,106.3
931,1.23,13:16,141,107.0
932,1.23,13:49,142,107.0
933,1.23,13:41,141,107.0
934,1.24,14:07,141,107.0
935,1.24,13:49,141,107.0
936,1.24,12:53,142,107.0
937,1.24,12:11,141,106.3
938,1.24,11:27,142,106.3
939,1.24,11:10,141,106.3
940,1.24,11:16,141,106.3
941,1.25,10:54,140,106.3
942,1.25,11:05,140,105.6
943,1.25,11:21,139,105.6
944,1.25,11:27,140,105.6
945,1.25,11:21,140,105.6
946,1.25,11:58,140,105.6
947,1.25,11:52,141,105.6
948,1.26,12:04,141,105.6
949,1.26,11:58,142,105.6
950,1.26,11:39,142,105.6
951,1.26,11:45,142,105.6
952,1.26,12:18,142,105.6
953,1.26,12:04,143,105.6
954,1.26,12:46,143,105.0
955,1.26,13:41,143,105.6
956,1.27,13:41,144,105.6
957,1.27,13:16,144,105.6
958,1.27,13:01,145,105.0
959,1.27,11:21,145,105.0
960,1.27,11:21,145,105.0
961,1.27,11:21,145,105.0
962,1.27,11:33,144,105.0
963,1.28,11:45,144,105.0
964,1.28,13:16,144,105.0
965,1.28,13:01,143,104.3
966,1.28,12:46,144,104.3
967,1.28,13:01,143,104.3
968,1.28,13:24,143,104.3
969,1.28,12:46,143,104.3
970,1.29,12:11,144,104.3
971,1.29,12:04,143,104.3
972,1.29,11:10,142,104.3
973,1.29,11:10,143,105.0
974,1.29,11:33,143,104.3
975,1.29,11:39,143,104.3
976,1.29,11:39,144,104.3
977,1.3,12:11,144,104.3
978,1.3,11:52,144,104.3
979,1.3,11:33,144,104.3
980,1.3,11:39,144,103.7
981,1.3,11:33,143,103.7
982,1.3,11:52,143,103.7
983,1.3,12:18,143,103.7
984,1.3,13:01,142,103.7
985,1.31,13:41,141,103.7
986,1.31,15:04,141,103.7
987,1.31,14:34,141,103.7
988,1.31,14:16,142,103.0
989,1.31,13:58,142,103.0
990,1.31,12:32,142,103.0
991,1.31,11:39,142,103.0
992,1.32,11:33,143,103.0
993,1.32,11:10,142,103.0
994,1.32,10:54,142,103.0
995,1.32,11:33,142,103.0
996,1.32,11:27,142,102.4
997,1.32,11:52,142,102.4
998,1.32,12:32,142,103.0
999,1.32,12:39,142,102.4
1000,1.33,13:01,141,102.4
1001,1.33,13:08,141,102.4
1002,1.33,12:32,141,102.4
1003,1.33,12:25,141,102.4
1004,1.33,12:11,141,102.4
1005,1.33,12:04,143,102.4
1006,1.33,11:58,141,102.4
1007,1.34,12:04,142,102.4
1008,1.34,11:45,142,102.4
1009,1.34,12:18,142,102.4
1010,1.34,12:25,142,102.4
1011,1.34,12:53,143,102.4
1012,1.34,12:53,143,102.4
1013,1.34,12:32,142,102.4
1014,1.35,12:32,142,102.4
1015,1.35,11:58,142,102.4
1016,1.35,12:04,142,102.4
1017,1.35,12:39,142,102.4
1018,1.35,13:01,142,102.4
1019,1.35,12:11,141,103.0
1020,1.35,12:32,141,102.4
1021,1.35,12:25,141,102.4
1022,1.36,11:45,140,102.4
1023,1.36,11:05,141,102.4
1024,1.36,11:21,140,102.4
1025,1.36,11:33,139,102.4
1026,1.36,10:54,140,102.4
1027,1.36,11:21,140,102.4
1028,1.36,12:39,139,102.4
1029,1.37,12:25,139,102.4
1030,1.37,12:11,139,102.4
1031,1.37,13:08,139,102.4
1032,1.37,12:18,140,102.4
1033,1.37,11:33,140,102.4
1034,1.37,11:52,140,102.4
1035,1.37,12:39,140,102.4
1036,1.37,13:01,141,102.4
1037,1.38,14:54,140,102.4
1038,1.38,15:24,141,102.4
1039,1.38,15:24,141,102.4
1040,1.38,14:34,142,102.4
1041,1.38,14:07,142,102.4
1042,1.38,13:24,142,102.4
1043,1.38,13:16,142,102.4
1044,1.38,13:41,143,102.4
1045,1.39,13:32,143,102.4
1046,1.39,13:41,143,102.4
1047,1.39,15:35,143,102.4
1048,1.39,17:11,142,102.4
1049,1.39,19:09,142,103.0
1050,1.39,23:07,142,102.4
1051,1.39,25:47,142,102.4
1052,1.39,23:07,142,102.4
1053,1.39,20:37,140,102.4
1054,1.39,15:35,141,102.4
1055,1.4,12:11,141,102.4
1056,1.4,10:18,141,102.4
1057,1.4,9:03,141,102.4
1058,1.4,8:22,139,102.4
1059,1.4,8:29,140,102.4
1060,1.41,8:26,140,102.4
1061,1.41,9:07,138,102.4
1062,1.41,9:26,138,102.4
1063,1.41,10:00,138,102.4
1064,1.41,10:54,138,102.4
1065,1.41,11:21,139,101.7
1066,1.41,11:05,139,101.7
1067,1.42,11:27,139,101.7
1068,1.42,11:27,138,102.4
1069,1.42,11:33,139,102.4
1070,1.42,11:58,139,102.4
1071,1.42,11:39,139,101.7
1072,1.42,11:33,139,101.7
1073,1.42,12:11,139,101.7
1074,1.43,12:25,139,101.7
1075,1.43,13:08,140,101.7
1076,1.43,13:16,140,101.7
1077,1.43,13:58,140,101.7
1078,1.43,14:07,141,101.7
1079,1.43,12:39,141,101.7
1080,1.43,12:39,140,101.7
1081,1.43,13:01,140,102.4
1082,1.44,12:32,140,102.4
1083,1.44,12:32,140,102.4
1084,1.44,13:58,140,102.4
1085,1.44,14:25,139,102.4
1086,1.44,14:44,139,102.4
1087,1.44,14:54,139,102.4
1088,1.44,14:34,139,102.4
1089,1.44,13:16,139,102.4
1090,1.45,12:53,139,102.4
1091,1.45,12:39,139,102.4
1092,1.45,12:25,139,102.4
1093,1.45,12:11,139,102.4
1094,1.45,12:04,140,103.0
1095,1.45,11:45,140,103.0
1096,1.45,11:45,139,103.0
1097,1.46,12:04,139,103.7
1098,1.46,12:18,139,103.7
1099,1.46,12:39,139,103.7
1100,1.46,12:39,139,103.7
1101,1.46,12:39,139,103.7
1102,1.46,12:11,138,103.7
1103,1.46,12:04,139,103.7
1104,1.46,12:32,139,103.7
1105,1.47,12:32,140,103.7
1106,1.47,12:46,140,103.0
1107,1.47,12:46,140,103.7
1108,1.47,12:04,141,103.7
1109,1.47,11:39,141,103.7
1110,1.47,11:58,142,103.7
1111,1.47,11:58,142,103.7
1112,1.48,11:58,143,103.7
1113,1.48,12:32,143,103.0
1114,1.48,13:16,144,102.4
1115,1.48,12:53,144,102.4
1116,1.48,12:39,143,102.4
1117,1.48,12:18,144,102.4
1118,1.48,12:11,143,102.4
1119,1.49,11:33,143,103.0
1120,1.49,11:33,143,103.0
1121,1.49,11:21,144,103.0
1122,1.49,11:27,144,103.0
1123,1.49,12:04,144,103.0
1124,1.49,12:32,144,103.0
1125,1.49,12:18,145,103.0
1126,1.49,12:04,146,103.0
1127,1.5,12:25,146,103.0
1128,1.5,11:27,147,103.0
1129,1.5,11:10,147,102.4
1130,1.5,11:16,147,102.4
1131,1.5,11:39,146,102.4
1132,1.5,11:27,146,102.4
1133,1.5,12:25,146,102.4
1134,1.51,12:53,147,102.4
1135,1.51,13:32,146,102.4
1136,1.51,13:58,146,102.4
1137,1.51,14:25,147,102.4
1138,1.51,13:49,148,102.4
1139,1.51,14:16,147,102.4
1140,1.51,14:07,148,103.0
1141,1.51,13:58,148,103.0
1142,1.52,13:58,148,103.0
1143,1.52,13:49,147,102.4
1144,1.52,13:24,148,102.4
1145,1.52,12:39,148,101.7
1146,1.52,12:46,148,101.7
1147,1.52,13:16,148,101.7
1148,1.52,12:53,148,101.7
1149,1.52,12:46,148,101.7
1150,1.53,12:53,148,101.7
1151,1.53,12:11,148,101.7
1152,1.53,11:58,147,101.7
1153,1.53,13:16,147,101.7
1154,1.53,13:01,147,101.7
1155,1.53,12:39,146,101.7
1156,1.53,13:41,146,101.7
1157,1.53,13:49,146,101.0
1158,1.54,13:41,147,101.0
1159,1.54,13:41,146,101.0
1160,1.54,14:07,147,100.4
1161,1.54,13:49,146,100.4
1162,1.54,13:24,147,99.7
1163,1.54,12:25,148,99.7
1164,1.54,11:52,147,99.1
1165,1.55,12:11,148,99.1
1166,1.55,11:21,147,98.4
1167,1.55,11:39,147,98.4
1168,1.55,12:04,147,98.4
1169,1.55,12:32,146,98.4
1170,1.55,12:32,146,98.4
1171,1.55,13:41,146,98.4
1172,1.55,13:41,146,97.8
1173,1.55,14:16,146,97.8
1174,1.56,14:34,146,97.8
1175,1.56,13:58,146,97.8
1176,1.56,13:08,146,97.8
1177,1.56,13:16,147,97.8
1178,1.56,12:39,146,97.8
1179,1.56,12:32,145,97.8
1180,1.56,13:16,144,97.8
1181,1.57,13:08,145,97.8
1182,1.57,12:32,144,97.8
1183,1.57,12:46,145,97.8
1184,1.57,12:39,144,97.8
1185,1.57,12:04,144,97.8
1186,1.57,12:25,143,97.8
1187,1.57,12:25,142,97.8
1188,1.58,11:52,142,98.4
1189,1.58,11:58,142,98.4
1190,1.58,11:39,142,98.4
1191,1.58,12:18,142,98.4
1192,1.58,13:24,142,99.1
1193,1.58,13:41,143,98.4
1194,1.58,13:08,143,98.4
1195,1.58,13:16,143,99.1
1196,1.59,12:39,142,99.1
1197,1.59,11:39,141,99.1
1198,1.59,11:45,141,99.1
1199,1.59,11:52,141,99.1
1200,1.59,11:39,140,99.1
1201,1.59,11:27,139,99.1
1202,1.59,11:33,140,99.1
1203,1.6,11:21,140,99.1
1204,1.6,11:33,140,99.7
1205,1.6,12:18,140,99.7
1206,1.6,12:39,140,100.4
1207,1.6,13:01,140,100.4
1208,1.6,13:16,140,100.4
1209,1.6,13:08,140,100.4
1210,1.6,13:24,140,100.4
1211,1.61,13:49,139,100.4
1212,1.61,13:08,140,101.0
1213,1.61,13:49,139,101.0
1214,1.61,13:49,141,101.0
1215,1.61,13:49,142,101.0
1216,1.61,13:24,143,101.0
1217,1.61,13:16,144,101.0
1218,1.61,13:01,144,101.7
1219,1.62,13:16,144,101.7
1220,1.62,14:16,144,102.4
1221,1.62,13:41,144,102.4
1222,1.62,14:25,144,102.4
1223,1.62,12:46,144,102.4
1224,1.62,12:32,145,102.4
1225,1.62,11:27,146,103.0
1226,1.62,11:58,146,103.0
1227,1.63,11:39,146,103.0
1228,1.63,12:25,146,103.0
1229,1.63,12:32,147,103.0
1230,1.63,12:32,147,103.0
1231,1.63,12:39,148,103.0
1232,1.63,11:58,147,103.7
1233,1.63,12:32,150,103.7
1234,1.64,12:53,149,103.7
1235,1.64,12:46,150,104.3
1236,1.64,12:32,149,104.3
1237,1.64,13:08,149,104.3
1238,1.64,12:39,150,104.3
1239,1.64,12:25,150,105.0
1240,1.64,12:32,150,105.0
1241,1.64,12:11,150,104.3
1242,1.65,12:18,150,104.3
1243,1.65,12:53,149,104.3
1244,1.65,12:25,149,104.3
1245,1.65,12:18,149,103.7
1246,1.65,12:32,148,103.7
1247,1.65,12:39,147,103.7
1248,1.65,11:52,148,103.7
1249,1.66,12:11,145,103.0
1250,1.66,11:58,143,103.0
1251,1.66,12:04,141,102.4
1252,1.66,12:11,139,101.7
1253,1.66,12:39,140,101.7
1254,1.66,12:53,140,101.0
1255,1.66,13:01,140,101.7
1256,1.66,12:32,139,101.7
1257,1.67,12:53,137,101.7
1258,1.67,12:53,139,101.7
1259,1.67,12:46,140,101.7
1260,1.67,13:01,139,101.7
1261,1.67,13:16,140,102.4
1262,1.67,12:25,141,102.4
1263,1.67,12:25,142,102.4
1264,1.68,11:52,142,102.4
1265,1.68,11:27,143,103.0
1266,1.68,11:45,144,103.0
1267,1.68,12:18,146,103.0
1268,1.68,11:58,147,103.0
1269,1.68,12:11,148,103.0
1270,1.68,12:39,148,103.0
1271,1.68,12:39,149,103.0
1272,1.69,13:08,149,103.0
1273,1.69,13:01,151,103.0
1274,1.69,13:16,150,102.4
1275,1.69,13:01,151,102.4
1276,1.69,12:32,150,102.4
1277,1.69,11:39,151,101.7
1278,1.69,11:52,150,101.7
1279,1.7,11:58,150,101.7
1280,1.7,12:04,150,101.7
1281,1.7,12:18,150,101.7
1282,1.7,12:11,150,101.7
1283,1.7,12:11,151,101.7
1284,1.7,12:32,150,101.7
1285,1.7,12:46,150,101.7
1286,1.7,12:46,149,101.7
1287,1.71,13:08,149,101.7
1288,1.71,13:24,149,101.7
1289,1.71,13:32,149,101.7
1290,1.71,13:32,148,101.7
1291,1.71,12:53,149,101.0
1292,1.71,12:53,150,101.0
1293,1.71,12:04,150,101.0
1294,1.72,11:16,150,100.4
1295,1.72,11:33,149,100.4
1296,1.72,11:39,150,100.4
1297,1.72,11:27,150,101.0
1298,1.72,11:58,149,101.0
1299,1.72,12:11,148,101.0
1300,1.72,11:45,149,100.4
1301,1.73,11:58,149,100.4
1302,1.73,11:45,149,100.4
1303,1.73,11:33,148,100.4
1304,1.73,11:27,148,100.4
1305,1.73,11:33,149,100.4
1306,1.73,11:52,149,100.4
1307,1.73,11:58,150,100.4
1308,1.74,11:52,148,99.7
1309,1.74,12:32,149,99.7
1310,1.74,12:32,150,99.7
1311,1.74,13:01,148,99.7
1312,1.74,13:24,148,100.4
1313,1.74,13:41,148,100.4
1314,1.74,13:24,149,100.4
1315,1.74,13:24,149,100.4
1316,1.75,12:39,148,100.4
1317,1.75,13:16,147,101.0
1318,1.75,14:07,148,101.0
1319,1.75,13:58,147,100.4
1320,1.75,13:58,147,100.4
1321,1.75,13:58,147,100.4
1322,1.75,13:16,146,100.4
1323,1.75,12:46,147,100.4
1324,1.76,12:11,146,100.4
1325,1.76,11:39,146,100.4
1326,1.76,11:52,146,100.4
1327,1.76,11:58,146,101.0
1328,1.76,12:04,146,101.0
1329,1.76,13:08,146,101.0
1330,1.76,13:32,146,101.0
1331,1.77,12:39,146,101.0
1332,1.77,12:11,146,101.0
1333,1.77,11:16,147,101.0
1334,1.77,10:54,146,101.0
1335,1.77,10:48,147,101.0
1336,1.77,11:21,148,101.0
1337,1.77,11:39,148,101.7
1338,1.78,12:25,149,101.7
1339,1.78,12:04,150,101.7
1340,1.78,12:18,150,101.7
1341,1.78,12:18,150,101.7
1342,1.78,12:18,150,101.7
1343,1.78,12:39,151,101.7
1344,1.78,12:53,152,101.7
1345,1.78,12:39,151,101.7
1346,1.79,12:04,151,101.7
1347,1.79,12:11,151,101.7
1348,1.79,11:39,151,101.7
1349,1.79,11:52,153,101.7
1350,1.79,11:39,153,102.4
1351,1.79,11:33,152,102.4
1352,1.79,11:45,153,102.4
1353,1.8,12:32,153,102.4
1354,1.8,12:32,152,102.4
1355,1.8,13:32,152,103.0
1356,1.8,14:34,153,103.0
1357,1.8,14:16,153,103.0
1358,1.8,14:16,154,103.0
1359,1.8,14:34,153,103.0
1360,1.8,14:07,153,102.4
1361,1.8,13:58,153,102.4
1362,1.81,13:16,152,102.4
1363,1.81,12:46,152,102.4
1364,1.81,13:01,153,102.4
1365,1.81,12:53,154,102.4
1366,1.81,13:32,154,102.4
1367,1.81,14:07,153,102.4
1368,1.81,13:58,154,102.4
1369,1.81,13:58,154,102.4
1370,1.82,13:58,154,102.4
1371,1.82,12:18,154,102.4
1372,1.82,11:45,155,102.4
1373,1.82,11:27,156,102.4
1374,1.82,10:05,156,102.4
1375,1.82,10:05,155,102.4
1376,1.83,10:43,155,102.4
1377,1.83,10:43,154,102.4
1378,1.83,11:21,153,102.4
1379,1.83,12:25,153,102.4
1380,1.83,12:11,152,103.0
1381,1.83,11:58,153,102.4
1382,1.83,11:58,153,102.4
1383,1.84,11:27,153,103.0
1384,1.84,12:04,152,103.0
1385,1.84,12:32,152,103.7
1386,1.84,12:32,151,103.7
1387,1.84,13:01,151,103.7
1388,1.84,13:08,152,104.3
1389,1.84,12:32,153,104.3
1390,1.84,12:25,153,104.3
1391,1.85,12:18,153,104.3
1392,1.85,12:04,153,104.3
1393,1.85,11:33,152,104.3
1394,1.85,11:16,152,104.3
1395,1.85,11:10,152,103.7
1396,1.85,11:33,153,103.0
1397,1.85,11:27,153,103.0
1398,1.86,11:45,153,102.4
1399,1.86,12:25,153,102.4
1400,1.86,12:32,152,101.7
1401,1.86,12:39,152,101.7
1402,1.86,13:32,153,101.7
1403,1.86,13:41,154,101.7
1404,1.86,13:01,152,101.7
1405,1.86,13:08,152,101.0
1406,1.87,12:39,153,101.0
1407,1.87,11:39,152,101.0
1408,1.87,11:27,152,100.4
1409,1.87,11:33,152,100.4
1410,1.87,11:10,153,100.4
1411,1.87,11:10,152,100.4
1412,1.88,11:10,152,100.4
1413,1.88,11:45,150,100.4
1414,1.88,12:04,151,100.4
1415,1.88,12:39,151,100.4
1416,1.88,13:16,151,101.0
1417,1.88,14:44,151,101.0
1418,1.88,14:16,153,101.7
1419,1.88,14:44,153,101.7
1420,1.88,14:54,153,102.4
1421,1.89,15:24,152,102.4
1422,1.89,15:35,153,103.0
1423,1.89,16:21,153,103.7
1424,1.89,15:04,154,104.3
1425,1.89,13:41,152,105.0
1426,1.89,12:11,152,105.0
1427,1.89,11:21,153,105.6
1428,1.9,11:05,153,106.3
1429,1.9,11:33,155,107.0
1430,1.9,12:39,153,107.6
1431,1.9,13:32,154,108.3
1432,1.9,14:34,154,108.9
1433,1.9,14:25,154,108.9
1434,1.9,13:58,154,108.9
1435,1.9,13:24,155,109.6
1436,1.9,13:24,155,109.6
1437,1.91,12:53,155,109.6
1438,1.91,13:16,155,110.2
1439,1.91,12:46,155,109.6
1440,1.91,12:25,155,109.6
1441,1.91,12:46,154,108.9
1442,1.91,12:53,154,108.3
1443,1.91,12:39,154,107.0
1444,1.92,12:53,154,106.3
1445,1.92,13:01,154,105.6
1446,1.92,11:58,153,105.0
1447,1.92,11:58,152,104.3
1448,1.92,12:11,153,103.7
1449,1.92,12:18,153,103.0
1450,1.92,12:32,153,103.0
1451,1.92,12:46,154,102.4
1452,1.93,12:46,153,102.4
1453,1.93,12:32,154,102.4
1454,1.93,12:53,155,101.7
1455,1.93,12:25,155,102.4
1456,1.93,13:58,154,102.4
1457,1.93,13:32,154,102.4
1458,1.93,13:32,154,102.4
1459,1.93,13:01,155,102.4
1460,1.94,13:08,154,101.7
1461,1.94,11:58,154,101.0
1462,1.94,11:27,155,101.0
1463,1.94,10:23,155,101.0
1464,1.94,10:33,155,101.0
1465,1.94,11:10,154,101.7
1466,1.95,11:10,153,101.7
1467,1.95,11:45,154,101.7
1468,1.95,13:16,153,101.7
1469,1.95,12:39,152,101.7
1470,1.95,11:52,153,101.0
1471,1.95,11:39,153,101.0
1472,1.95,11:33,152,101.0
1473,1.96,11:10,152,100.4
1474,1.96,11:21,151,100.4
1475,1.96,11:58,151,100.4
1476,1.96,12:11,152,100.4
1477,1.96,12:18,152,100.4
1478,1.96,13:49,151,100.4
1479,1.96,14:34,152,100.4
1480,1.96,13:24,151,101.0
1481,1.97,13:16,151,101.0
1482,1.97,13:24,150,101.0
1483,1.97,11:52,151,101.0
1484,1.97,11:39,150,101.0
1485,1.97,12:11,150,101.0
1486,1.97,12:04,149,101.0
1487,1.97,11:52,150,101.0
1488,1.98,11:45,151,100.4
1489,1.98,11:39,151,100.4
1490,1.98,11:45,151,100.4
1491,1.98,11:39,151,101.0
1492,1.98,12:39,150,101.0
1493,1.98,13:24,150,101.0
1494,1.98,12:32,151,101.0
1495,1.98,11:45,150,101.0
1496,1.99,12:25,150,101.7
1497,1.99,11:27,150,101.7
1498,1.99,11:16,150,101.0
1499,1.99,12:04,151,101.0
1500,1.99,11:58,151,101.0
1501,1.99,11:39,151,101.0
1502,1.99,12:18,151,100.4
1503,2.0,12:18,151,100.4
1504,2.0,12:18,151,100.4
1505,2.0,12:39,152,99.7
1506,2.0,11:39,151,99.7
1507,2.0,11:39,151,99.7
1508,2.0,11:58,151,99.7
1509,2.0,11:27,150,99.1
1510,2.01,11:33,150,98.4
1511,2.01,12:39,149,98.4
1512,2.01,12:32,149,97.8
1513,2.01,12:39,150,97.1
1514,2.01,14:07,150,96.5
1515,2.01,15:14,151,95.8
1516,2.01,15:57,151,95.8
1517,2.01,15:46,150,95.1
1518,2.01,15:46,151,95.1
1519,2.02,13:58,150,95.1
1520,2.02,12:04,150,95.1
1521,2.02,11:16,150,95.1
1522,2.02,10:54,150,95.1
1523,2.02,9:51,150,95.1
1524,2.02,9:51,150,95.1
1525,2.03,10:23,150,95.1
1526,2.03,10:14,150,95.1
1527,2.03,10:23,150,95.1
1528,2.03,11:21,149,95.1
1529,2.03,11:27,149,95.1
1530,2.03,11:58,149,95.1
1531,2.03,12:25,149,95.1
1532,2.04,12:18,149,95.1
1533,2.04,11:58,149,95.1
1534,2.04,11:58,150,95.1
1535,2.04,12:04,150,95.1
1536,2.04,12:25,151,95.1
1537,2.04,12:04,150,95.1
1538,2.04,12:11,150,95.1
1539,2.05,12:53,150,95.1
1540,2.05,12:46,151,95.1
1541,2.05,13:24,151,95.8
1542,2.05,15:24,151,95.8
1543,2.05,15:14,150,96.5
1544,2.05,14:25,151,96.5
1545,2.05,14:44,151,96.5
1546,2.05,13:41,150,96.5
1547,2.05,12:04,150,96.5
1548,2.06,12:32,151,97.1
1549,2.06,13:01,151,97.1
1550,2.06,12:39,151,97.1
1551,2.06,13:08,151,97.1
1552,2.06,14:34,151,97.1
1553,2.06,13:49,150,97.1
1554,2.06,14:07,150,97.1
1555,2.06,14:16,151,97.1
1556,2.07,13:32,151,97.8
1557,2.07,13:08,151,97.8
1558,2.07,13:41,151,97.8
1559,2.07,13:16,150,97.8
1560,2.07,13:16,150,97.8
1561,2.07,13:41,150,97.8
1562,2.07,13:08,151,97.8
1563,2.07,13:08,151,98.4
1564,2.08,13:41,151,98.4
1565,2.08,12:53,151,98.4
1566,2.08,13:16,153,97.8
1567,2.08,13:49,152,97.8
1568,2.08,14:16,152,97.8
1569,2.08,13:49,152,97.8
1570,2.08,13:58,151,97.8
1571,2.08,13:24,152,97.8
1572,2.09,13:01,152,97.1
1573,2.09,12:25,152,97.1
1574,2.09,12:18,152,97.1
1575,2.09,12:53,153,97.1
1576,2.09,12:39,153,97.1
1577,2.09,12:18,152,97.1
1578,2.09,12:32,151,97.1
1579,2.1,12:11,152,96.5
1580,2.1,12:18,152,96.5
1581,2.1,12:25,151,96.5
1582,2.1,12:46,151,95.8
1583,2.1,12:11,151,95.8
1584,2.1,11:58,149,95.1
1585,2.1,11:58,149,95.1
1586,2.11,11:27,148,95.1
1587,2.11,11:10,148,95.1
1588,2.11,11:27,148,95.8
1589,2.11,12:04,148,95.8
1590,2.11,11:21,147,95.8
1591,2.11,12:11,147,95.8
1592,2.11,12:53,148,95.8
1593,2.11,14:16,148,95.8
1594,2.11,14:54,147,95.8
1595,2.12,16:21,146,96.5
1596,2.12,17:25,145,96.5
1597,2.12,16:21,144,96.5
1598,2.12,14:54,143,96.5
1599,2.12,14:34,142,96.5
1600,2.12,14:07,141,96.5
1601,2.12,13:16,141,96.5
1602,2.12,13:01,141,96.5
1603,2.13,12:32,144,96.5
1604,2.13,11:45,142,96.5
1605,2.13,11:27,141,96.5
1606,2.13,11:10,141,96.5
1607,2.13,11:33,141,96.5
1608,2.13,11:45,141,96.5
1609,2.13,12:18,141,96.5
1610,2.14,12:39,141,96.5
1611,2.14,12:11,140,95.8
1612,2.14,12:11,139,95.8
1613,2.14,12:11,140,95.8
1614,2.14,11:58,140,95.8
1615,2.14,11:27,140,96.5
1616,2.14,11:39,140,96.5
1617,2.15,12:04,141,96.5
1618,2.15,12:53,141,96.5
1619,2.15,12:39,141,96.5
1620,2.15,14:16,141,96.5
1621,2.15,14:54,142,96.5
1622,2.15,14:16,142,95.8
1623,2.15,12:46,142,95.8
1624,2.15,12:39,142,95.8
1625,2.16,10:48,143,95.1
1626,2.16,10:48,143,95.1
1627,2.16,10:54,144,95.1
1628,2.16,11:16,146,95.1
1629,2.16,12:25,146,95.8
1630,2.16,13:58,146,95.8
1631,2.16,13:41,147,95.8
1632,2.17,13:08,149,95.8
1633,2.17,12:32,151,95.8
1634,2.17,11:39,152,95.8
1635,2.17,11:58,152,95.8
1636,2.17,12:25,154,95.8
1637,2.17,12:04,153,95.8
1638,2.17,13:24,153,95.8
1639,2.17,13:32,153,95.8
1640,2.18,12:53,154,95.8
1641,2.18,12:18,153,95.8
1642,2.18,13:08,153,95.8
1643,2.18,12:46,152,95.8
1644,2.18,12:53,152,95.8
1645,2.18,12:11,152,95.8
1646,2.18,12:18,151,95.8
1647,2.19,11:52,150,95.8
1648,2.19,11:21,150,96.5
1649,2.19,11:16,150,96.5
1650,2.19,12:04,150,96.5
1651,2.19,12:32,149,95.8
1652,2.19,13:24,148,95.8
1653,2.19,12:53,149,95.8
1654,2.19,13:01,148,95.8
1655,2.2,12:32,148,95.1
1656,2.2,12:11,147,95.1
1657,2.2,11:33,147,95.8
1658,2.2,12:53,147,95.8
1659,2.2,13:24,148,95.8
1660,2.2,13:16,147,95.8
1661,2.2,12:46,147,95.8
1662,2.21,13:32,149,95.8
1663,2.21,13:08,148,95.8
1664,2.21,12:46,148,95.8
1665,2.21,12:39,148,95.8
1666,2.21,13:01,148,95.8
1667,2.21,12:11,149,95.8
1668,2.21,11:45,149,95.8
1669,2.21,11:33,149,95.8
1670,2.22,11:52,151,95.8
1671,2.22,12:18,151,95.8
1672,2.22,12:53,151,96.5
1673,2.22,12:39,150,96.5
1674,2.22,12:53,150,96.5
1675,2.22,12:39,152,97.1
1676,2.22,11:27,152,97.1
1677,2.23,11:33,153,97.1
1678,2.23,11:52,153,97.1
1679,2.23,11:39,153,97.1
1680,2.23,11:52,153,97.1
1681,2.23,13:24,155,97.1
1682,2.23,12:25,155,97.8
1683,2.23,12:53,155,97.8
1684,2.23,12:39,155,97.8
1685,2.24,12:04,155,97.1
1686,2.24,11:45,155,97.1
1687,2.24,12:39,155,97.1
1688,2.24,12:39,156,97.1
1689,2.24,12:53,157,97.1
1690,2.24,13:49,156,97.1
1691,2.24,14:54,156,97.1
1692,2.24,15:35,155,97.1
1693,2.25,16:09,155,97.1
1694,2.25,15:14,157,97.1
1695,2.25,13:49,157,97.1
1696,2.25,12:46,157,97.1
1697,2.25,11:33,157,97.1
1698,2.25,10:33,156,97.1
1699,2.25,11:10,156,97.1
1700,2.26,12:11,155,97.1
1701,2.26,12:04,156,97.1
1702,2.26,12:32,156,97.1
1703,2.26,12:04,155,97.8
1704,2.26,11:39,155,97.1
1705,2.26,11:39,154,97.1
1706,2.26,11:05,154,97.8
1707,2.27,11:27,154,97.8
1708,2.27,12:53,155,97.8
1709,2.27,12:46,154,98.4
1710,2.27,13:01,154,98.4
1711,2.27,13:16,154,98.4
1712,2.27,12:32,153,98.4
1713,2.27,12:04,153,98.4
1714,2.27,11:52,152,98.4
1715,2.28,11:39,152,99.1
1716,2.28,11:27,151,99.1
1717,2.28,11:10,151,99.1
1718,2.28,11:10,151,99.1
1719,2.28,11:33,151,99.1
1720,2.28,11:39,150,98.4
1721,2.28,12:11,150,98.4
1722,2.29,12:32,151,98.4
1723,2.29,13:32,151,99.1
1724,2.29,13:08,151,99.1
1725,2.29,12:11,151,99.1
1726,2.29,12:46,151,99.1
1727,2.29,13:16,151,99.1
1728,2.29,12:32,151,99.1
1729,2.29,13:16,153,99.1
1730,2.3,14:16,151,99.7
1731,2.3,14:07,151,99.7
1732,2.3,13:41,152,99.7
1733,2.3,13:32,152,100.4
1734,2.3,13:41,152,100.4
1735,2.3,13:24,151,100.4
1736,2.3,13:24,151,100.4
1737,2.31,12:46,150,99.7
1738,2.31,12:39,149,99.7
1739,2.31,12:32,150,99.7
1740,2.31,12:25,148,99.7
1741,2.31,11:39,148,99.7
1742,2.31,12:32,148,99.7
1743,2.31,12:18,148,99.7
1744,2.31,12:39,149,99.7
1745,2.32,13:01,149,99.7
1746,2.32,12:39,148,100.4
1747,2.32,12:25,149,100.4
1748,2.32,12:11,150,101.0
1749,2.32,11:52,150,101.7
1750,2.32,11:58,150,101.7
1751,2.32,12:32,150,102.4
1752,2.33,12:25,150,103.0
1753,2.33,13:16,151,103.0
1754,2.33,12:53,151,103.7
1755,2.33,12:11,150,103.7
1756,2.33,12:46,149,104.3
1757,2.33,13:16,149,104.3
1758,2.33,13:16,150,105.0
1759,2.33,13:16,150,105.0
1760,2.33,14:07,151,105.0
1761,2.34,14:16,151,105.6
1762,2.34,15:24,152,105.6
1763,2.34,14:07,153,105.6
1764,2.34,13:58,154,105.6
1765,2.34,13:32,153,106.3
1766,2.34,12:39,155,106.3
1767,2.34,11:45,155,106.3
1768,2.35,12:11,156,107.0
1769,2.35,11:39,156,107.0
1770,2.35,11:33,157,107.6
1771,2.35,12:18,157,107.6
1772,2.35,12:18,157,108.3
1773,2.35,11:27,157,108.3
1774,2.35,11:21,158,108.3
1775,2.36,11:05,158,108.3
1776,2.36,10:33,158,107.6
1777,2.36,10:05,158,107.6
1778,2.36,10:23,157,107.6
1779,2.36,10:48,157,107.0
1780,2.36,10:54,156,107.0
1781,2.36,11:05,157,106.3
1782,2.37,11:21,157,106.3
1783,2.37,11:10,158,105.6
1784,2.37,11:05,157,105.6
1785,2.37,10:48,156,105.6
1786,2.37,10:33,157,105.0
1787,2.37,10:38,156,105.0
1788,2.38,11:16,155,104.3
1789,2.38,11:45,156,104.3
1790,2.38,13:01,157,103.7
1791,2.38,13:49,157,103.0
1792,2.38,14:16,157,103.0
1793,2.38,14:34,157,103.0
1794,2.38,13:41,156,103.0
1795,2.38,13:16,156,103.0
1796,2.38,13:41,156,103.0
1797,2.39,13:08,156,103.0
1798,2.39,12:39,157,103.0
1799,2.39,12:46,156,102.4
1800,2.39,11:52,156,102.4
1801,2.39,11:05,156,101.7
1802,2.39,10:43,156,101.7
1803,2.4,10:28,155,101.0
1804,2.4,10:54,155,101.0
1805,2.4,11:16,156,101.0
1806,2.4,10:59,155,101.0
1807,2.4,11:39,154,101.0
1808,2.4,11:58,154,101.0
1809,2.4,12:18,154,101.7
1810,2.4,13:01,154,101.7
1811,2.41,13:41,153,101.7
1812,2.41,13:41,153,101.0
1813,2.41,13:58,152,101.0
1814,2.41,13:16,152,101.0
1815,2.41,12:53,153,100.4
1816,2.41,13:16,154,100.4
1817,2.41,12:39,154,100.4
1818,2.42,12:18,154,100.4
1819,2.42,11:58,154,100.4
1820,2.42,11:10,154,100.4
1821,2.42,10:48,154,100.4
1822,2.42,10:54,154,101.0
1823,2.42,11:10,154,101.0
1824,2.42,11:33,155,101.0
1825,2.43,12:25,155,101.0
1826,2.43,12:32,155,100.4
1827,2.43,12:39,155,100.4
1828,2.43,13:08,156,100.4
1829,2.43,12:18,157,100.4
1830,2.43,11:58,157,100.4
1831,2.43,11:39,157,100.4
1832,2.44,11:45,156,100.4
1833,2.44,11:10,156,99.7
1834,2.44,11:45,155,100.4
1835,2.44,11:39,155,100.4
1836,2.44,12:04,154,100.4
1837,2.44,11:45,154,100.4
1838,2.44,12:11,153,100.4
1839,2.44,12:18,154,100.4
1840,2.45,12:46,154,100.4
1841,2.45,12:25,155,100.4
1842,2.45,12:39,155,100.4
1843,2.45,12:53,155,100.4
1844,2.45,12:39,156,100.4
1845,2.45,12:25,155,100.4
1846,2.45,12:53,155,100.4
1847,2.46,12:18,154,100.4
1848,2.46,11:27,154,100.4
1849,2.46,11:27,154,100.4
1850,2.46,11:16,154,101.0
1851,2.46,11:16,155,101.0
1852,2.46,11:39,155,101.0
1853,2.46,11:27,155,101.0
1854,2.47,11:45,154,101.0
1855,2.47,12:11,155,101.0
1856,2.47,12:53,154,100.4
1857,2.47,13:49,154,101.0
1858,2.47,14:34,155,101.0
1859,2.47,14:07,155,101.0
1860,2.47,13:24,155,101.0
1861,2.47,12:04,155,101.0
1862,2.48,11:52,155,101.0
1863,2.48,12:04,154,101.0
1864,2.48,12:18,155,101.0
1865,2.48,13:08,156,101.0
1866,2.48,13:24,157,101.0
1867,2.48,12:53,157,101.7
1868,2.48,12:46,158,101.0
1869,2.49,12:11,158,101.0
1870,2.49,11:05,157,101.0
1871,2.49,11:05,156,101.7
1872,2.49,10:38,157,101.7
1873,2.49,10:33,157,101.7
1874,2.49,10:54,158,101.7
1875,2.49,11:27,158,102.4
1876,2.5,10:59,158,102.4
1877,2.5,11:05,158,102.4
1878,2.5,10:23,158,102.4
1879,2.5,10:18,158,102.4
1880,2.5,10:23,158,102.4
1881,2.5,10:54,158,101.7
1882,2.51,10:59,158,101.7
1883,2.51,11:33,158,101.7
1884,2.51,11:39,158,101.7
1885,2.51,11:33,157,101.7
1886,2.51,11:21,158,101.7
1887,2.51,11:21,158,101.7
1888,2.51,11:21,158,101.7
1889,2.52,10:38,158,101.7
1890,2.52,10:54,158,102.4
1891,2.52,10:59,158,102.4
1892,2.52,11:27,158,102.4
1893,2.52,11:45,158,102.4
1894,2.52,12:39,158,103.0
1895,2.52,12:32,157,103.0
1896,2.52,13:01,157,103.0
1897,2.53,12:32,159,103.0
1898,2.53,11:52,159,102.4
1899,2.53,12:04,160,102.4
1900,2.53,12:53,160,103.0
1901,2.53,12:18,160,103.0
1902,2.53,12:25,161,103.0
1903,2.53,12:39,160,103.0
1904,2.54,11:52,160,103.7
1905,2.54,11:05,160,103.7
1906,2.54,11:21,159,103.7
1907,2.54,11:52,159,104.3
1908,2.54,12:04,159,104.3
1909,2.54,12:32,159,104.3
1910,2.54,12:32,159,104.3
1911,2.55,12:25,159,104.3
1912,2.55,12:25,160,104.3
1913,2.55,13:24,159,104.3
1914,2.55,13:32,158,104.3
1915,2.55,13:41,157,104.3
1916,2.55,13:08,157,104.3
1917,2.55,12:53,157,103.7
1918,2.55,12:25,157,104.3
1919,2.56,12:32,157,104.3
1920,2.56,12:25,157,104.3
1921,2.56,13:49,157,104.3
1922,2.56,13:24,156,104.3
1923,2.56,12:25,157,104.3
1924,2.56,12:11,156,104.3
1925,2.56,11:33,156,104.3
1926,2.57,10:33,156,104.3
1927,2.57,10:23,156,104.3
1928,2.57,10:28,156,104.3
1929,2.57,10:28,157,104.3
1930,2.57,10:33,157,104.3
1931,2.57,10:23,157,104.3
1932,2.58,10:14,157,104.3
1933,2.58,10:14,157,104.3
1934,2.58,10:28,157,104.3
1935,2.58,11:16,157,104.3
1936,2.58,11:52,158,104.3
1937,2.58,12:32,157,104.3
1938,2.58,12:32,158,104.3
1939,2.59,12:04,158,104.3
1940,2.59,12:11,158,104.3
1941,2.59,12:32,160,104.3
1942,2.59,12:18,160,104.3
1943,2.59,13:01,160,104.3
1944,2.59,13:01,161,104.3
1945,2.59,12:11,162,104.3
1946,2.59,11:45,162,104.3
1947,2.6,11:58,162,104.3
1948,2.6,11:52,162,104.3
1949,2.6,12:18,162,104.3
1950,2.6,11:58,162,104.3
1951,2.6,12:18,163,104.3
1952,2.6,12:25,163,105.0
1953,2.6,11:52,163,105.0
1954,2.61,11:45,162,105.0
1955,2.61,12:32,162,105.0
1956,2.61,12:18,162,105.0
1957,2.61,12:11,162,105.6
1958,2.61,13:16,161,105.6
1959,2.61,13:16,162,105.6
1960,2.61,12:32,162,105.6
1961,2.61,12:46,162,105.6
1962,2.62,12:53,162,105.6
1963,2.62,12:39,162,105.6
1964,2.62,12:32,162,105.6
1965,2.62,12:39,162,106.3
1966,2.62,12:18,163,106.3
1967,2.62,11:45,163,106.3
1968,2.62,11:27,162,106.3
1969,2.63,11:27,162,106.3
1970,2.63,11:58,161,106.3
1971,2.63,12:25,162,106.3
1972,2.63,13:08,162,106.3
1973,2.63,13:24,161,106.3
1974,2.63,13:08,161,107.0
1975,2.63,13:01,161,107.0
1976,2.64,11:52,161,107.0
1977,2.64,11:45,161,107.0
1978,2.64,11:27,162,107.0
1979,2.64,11:58,162,107.0
1980,2.64,11:33,161,107.0
1981,2.64,12:18,161,107.0
1982,2.64,11:33,160,107.6
1983,2.65,11:45,159,107.6
1984,2.65,11:27,158,107.6
1985,2.65,11:52,158,107.6
1986,2.65,12:18,157,107.6
1987,2.65,13:24,157,107.6
1988,2.65,12:32,157,108.3
1989,2.65,12:39,157,108.3
1990,2.65,12:39,156,108.3
1991,2.66,11:39,156,108.9
1992,2.66,11:33,156,108.9
1993,2.66,12:46,156,108.9
1994,2.66,12:32,156,108.9
1995,2.66,12:46,157,108.9
1996,2.66,13:58,156,108.9
1997,2.66,14:44,157,109.6
1998,2.66,13:58,157,109.6
1999,2.67,14:54,157,109.6
2000,2.67,15:04,156,109.6
2001,2.67,14:25,156,109.6
2002,2.67,13:58,156,109.6
2003,2.67,14:34,155,110.2
2004,2.67,13:49,155,110.2
2005,2.67,13:49,154,110.2
2006,2.67,13:41,151,110.2
2007,2.68,12:46,151,110.9
2008,2.68,12:25,151,110.9
2009,2.68,12:32,151,110.9
2010,2.68,12:11,151,110.9
2011,2.68,13:32,151,110.9
2012,2.68,14:54,150,110.9
2013,2.68,15:57,150,111.5
2014,2.68,16:45,148,111.5
2015,2.68,16:58,149,111.5
2016,2.69,14:07,149,111.5
2017,2.69,13:16,149,111.5
2018,2.69,11:27,149,111.5
2019,2.69,10:28,148,111.5
2020,2.69,10:54,149,111.5
2021,2.69,11:45,149,111.5
2022,2.69,11:39,149,112.2
2023,2.7,12:18,148,112.2
2024,2.7,12:18,149,112.2
2025,2.7,11:21,150,112.2
2026,2.7,10:43,151,112.9
2027,2.7,10:33,151,112.9
2028,2.7,10:33,151,113.5
2029,2.71,10:43,152,113.5
2030,2.71,11:10,153,113.5
2031,2.71,11:33,153,114.2
2032,2.71,11:52,155,114.2
2033,2.71,12:11,154,114.2
2034,2.71,12:53,155,114.2
2035,2.71,11:33,156,114.2
2036,2.72,11:16,156,114.8
2037,2.72,11:05,156,114.8
2038,2.72,10:33,156,114.8
2039,2.72,9:38,156,114.8
2040,2.72,10:05,157,115.5
2041,2.72,9:56,157,115.5
2042,2.73,9:34,157,115.5
2043,2.73,10:23,157,115.5
2044,2.73,10:38,156,115.5
2045,2.73,10:48,156,115.5
2046,2.73,10:54,156,115.5
2047,2.73,11:16,156,115.5
2048,2.73,11:05,156,115.5
2049,2.74,11:58,157,116.1
2050,2.74,12:11,156,116.1
2051,2.74,13:08,156,116.1
2052,2.74,13:08,157,116.8
2053,2.74,13:01,157,116.8
2054,2.74,13:16,158,116.8
2055,2.74,13:24,158,116.8
2056,2.74,12:39,159,116.8
2057,2.75,13:01,158,116.8
2058,2.75,12:18,157,116.8
2059,2.75,11:45,156,116.8
2060,2.75,11:39,156,116.8
2061,2.75,11:45,157,117.5
2062,2.75,10:54,158,117.5
2063,2.75,11:27,157,117.5
2064,2.76,11:39,157,117.5
2065,2.76,11:39,157,117.5
2066,2.76,11:21,157,117.5
2067,2.76,11:58,158,117.5
2068,2.76,12:18,158,118.1
2069,2.76,12:53,158,118.1
2070,2.76,13:16,157,118.1
2071,2.76,13:24,157,118.8
2072,2.77,13:49,157,118.8
2073,2.77,12:53,159,118.8
2074,2.77,12:04,158,118.8
2075,2.77,11:45,159,118.8
2076,2.77,11:58,158,118.1
2077,2.77,11:45,158,118.1
2078,2.77,12:25,158,118.1
2079,2.78,11:39,158,118.1
2080,2.78,11:21,158,118.1
2081,2.78,11:27,158,118.1
2082,2.78,11:52,157,118.8
2083,2.78,11:05,157,118.8
2084,2.78,11:27,158,118.8
2085,2.79,11:33,158,118.8
2086,2.79,11:39,158,119.4
2087,2.79,10:59,157,119.4
2088,2.79,11:45,157,119.4
2089,2.79,11:52,158,119.4
2090,2.79,11:58,157,120.1
2091,2.79,12:11,157,120.1
2092,2.79,12:11,157,120.1
2093,2.8,11:58,157,119.4
2094,2.8,12:46,157,119.4
2095,2.8,13:32,157,120.1
2096,2.8,13:58,157,120.1
2097,2.8,15:14,158,120.1
2098,2.8,14:44,158,120.1
2099,2.8,13:49,160,120.1
2100,2.8,13:08,160,120.1
2101,2.81,12:32,160,120.1
2102,2.81,12:18,160,120.1
2103,2.81,12:32,161,120.7
2104,2.81,12:04,164,120.7
2105,2.81,11:21,163,120.7
2106,2.81,11:27,164,120.7
2107,2.81,11:33,165,121.4
2108,2.82,11:33,164,121.4
2109,2.82,12:11,165,121.4
2110,2.82,12:25,164,121.4
2111,2.82,12:18,165,122.0
2112,2.82,12:11,166,122.0
2113,2.82,12:32,165,122.0
2114,2.82,12:25,166,122.7
2115,2.82,13:16,165,122.7
2116,2.83,13:01,165,122.7
2117,2.83,12:11,165,122.7
2118,2.83,11:10,164,123.4
2119,2.83,11:21,165,123.4
2120,2.83,11:05,164,123.4
2121,2.83,11:16,164,123.4
2122,2.83,11:58,164,124.0
2123,2.84,11:45,164,124.7
2124,2.84,11:52,164,124.7
2125,2.84,11:52,164,125.3
2126,2.84,11:33,163,126.0
2127,2.84,11:16,163,126.0
2128,2.84,11:39,162,126.6
2129,2.84,11:58,164,126.6
2130,2.85,11:27,164,126.6
2131,2.85,11:16,163,126.6
2132,2.85,11:21,162,126.6
2133,2.85,11:21,163,126.0
2134,2.85,10:59,163,126.0
2135,2.85,11:21,163,125.3
2136,2.86,11:45,164,124.7
2137,2.86,11:21,164,124.7
2138,2.86,10:33,165,124.0
2139,2.86,10:05,165,124.0
2140,2.86,10:09,165,124.0
2141,2.86,10:23,165,124.0
2142,2.86,10:48,164,124.0
2143,2.87,11:52,164,124.0
2144,2.87,11:58,165,123.4
2145,2.87,11:39,165,123.4
2146,2.87,11:27,165,123.4
2147,2.87,11:05,165,123.4
2148,2.87,11:10,165,122.7
2149,2.88,11:21,165,122.7
2150,2.88,11:27,165,122.0
2151,2.88,11:05,164,122.0
2152,2.88,11:10,164,122.0
2153,2.88,11:05,163,122.0
2154,2.88,11:21,162,122.0
2155,2.88,11:27,163,122.0
2156,2.89,11:45,162,121.4
2157,2.89,12:32,162,121.4
2158,2.89,12:46,162,121.4
2159,2.89,12:53,162,121.4
2160,2.89,12:46,163,121.4
2161,2.89,11:52,162,121.4
2162,2.89,11:33,163,122.0
2163,2.89,11:39,163,122.0
2164,2.9,11:27,163,122.0
2165,2.9,11:39,164,121.4
2166,2.9,12:32,164,121.4
2167,2.9,12:25,164,122.0
2168,2.9,12:25,164,122.0
2169,2.9,12:32,164,121.4
2170,2.9,12:18,164,121.4
2171,2.91,12:46,164,121.4
2172,2.91,12:39,164,122.0
2173,2.91,12:32,165,122.0
2174,2.91,11:45,165,122.0
2175,2.91,11:58,165,122.0
2176,2.91,10:54,164,122.7
2177,2.91,10:38,165,122.7
2178,2.92,10:18,164,122.7
2179,2.92,10:38,163,122.7
2180,2.92,10:48,164,122.7
2181,2.92,11:45,163,122.7
2182,2.92,11:52,163,122.7
2183,2.92,12:39,164,122.7
2184,2.92,12:53,164,122.7
2185,2.93,12:53,163,122.7
2186,2.93,12:39,163,122.7
2187,2.93,12:32,162,122.7
2188,2.93,12:04,162,122.7
2189,2.93,11:52,162,122.7
2190,2.93,11:58,163,122.7
2191,2.93,11:39,163,122.7
2192,2.94,12:04,162,122.7
2193,2.94,12:32,162,122.7
2194,2.94,13:16,162,122.7
2195,2.94,13:58,163,123.4
2196,2.94,13:41,162,123.4
2197,2.94,13:16,162,123.4
2198,2.94,12:25,161,123.4
2199,2.94,12:04,161,123.4
2200,2.95,11:10,160,124.0
2201,2.95,11:52,160,124.0
2202,2.95,11:39,159,124.0
2203,2.95,12:04,158,123.4
2204,2.95,12:32,158,123.4
2205,2.95,12:25,158,124.0
2206,2.95,12:46,158,124.0
2207,2.95,13:41,158,124.0
2208,2.96,13:41,159,124.0
2209,2.96,13:24,159,124.0
2210,2.96,13:08,159,124.7
2211,2.96,12:18,158,124.7
2212,2.96,12:25,158,124.7
2213,2.96,11:05,158,124.7
2214,2.96,10:59,158,124.7
2215,2.97,11:33,158,124.7
2216,2.97,11:52,158,125.3
2217,2.97,11:58,158,125.3
2218,2.97,14:16,158,125.3
2219,2.97,13:41,158,125.3
2220,2.97,13:41,158,125.3
2221,2.97,13:16,158,125.3
2222,2.97,12:53,158,125.3
2223,2.98,12:53,158,125.3
2224,2.98,13:16,158,125.3
2225,2.98,13:49,158,125.3
2226,2.98,14:16,157,125.3
2227,2.98,13:32,158,125.3
2228,2.98,13:49,158,125.3
2229,2.98,13:58,159,125.3
2230,2.98,13:16,160,126.0
2231,2.99,13:16,160,126.0
2232,2.99,12:39,161,126.0
2233,2.99,11:27,161,126.0
2234,2.99,11:33,161,126.0
2235,2.99,11:27,161,126.0
2236,2.99,11:21,161,126.0
2237,2.99,12:25,160,126.0
2238,3.0,13:24,160,126.6
2239,3.0,13:16,160,126.6
2240,3.0,13:16,160,126.6
2241,3.0,12:46,160,126.6
2242,3.0,12:04,160,126.6
2243,3.0,11:05,160,126.6
2244,3.0,10:43,161,126.6
2245,3.01,10:54,160,126.6
2246,3.01,11:10,160,127.3
2247,3.01,11:45,159,127.3
2248,3.01,11:16,158,127.3
2249,3.01,11:10,156,128.0
2250,3.01,11:21,155,128.0
2251,3.01,11:05,152,128.0
2252,3.02,10:18,151,128.0
2253,3.02,11:33,149,127.3
2254,3.02,11:21,144,127.3
2255,3.02,11:16,144,128.0
2256,3.02,10:28,145,128.0
2257,3.02,11:10,145,128.0
2258,3.03,10:54,145,128.6
2259,3.03,11:33,145,128.6
2260,3.03,11:33,149,128.6
2261,3.03,13:08,152,129.3
2262,3.03,12:53,153,129.3
2263,3.03,13:08,154,129.3
2264,3.03,12:18,156,129.3
2265,3.03,11:58,156,129.3
2266,3.04,12:04,157,129.3
2267,3.04,12:39,158,129.3
2268,3.04,12:11,159,129.3
2269,3.04,12:04,160,129.3
2270,3.04,11:33,160,129.3
2271,3.04,11:16,160,129.3
2272,3.04,10:48,159,129.3
2273,3.05,10:48,160,129.3
2274,3.05,11:39,161,129.3
2275,3.05,11:27,161,129.3
2276,3.05,11:10,163,129.9
2277,3.05,10:43,163,129.9
2278,3.05,10:33,163,129.9
2279,3.06,10:09,164,129.9
2280,3.06,10:05,164,129.9
2281,3.06,10:09,164,129.9
2282,3.06,10:38,165,129.9
2283,3.06,11:05,165,129.9
2284,3.06,11:21,165,129.9
2285,3.06,12:04,165,130.6
2286,3.07,11:58,165,130.6
2287,3.07,11:45,164,131.2
2288,3.07,11:33,164,131.2
2289,3.07,11:10,164,131.2
2290,3.07,11:21,164,131.2
2291,3.07,11:16,164,131.2
2292,3.07,11:27,163,131.2
2293,3.08,11:10,163,131.2
2294,3.08,11:05,163,131.2
2295,3.08,10:59,163,131.9
2296,3.08,11:45,163,131.9
2297,3.08,11:27,163,131.9
2298,3.08,11:39,163,131.9
2299,3.08,11:45,163,131.9
2300,3.09,11:33,162,132.5
2301,3.09,11:16,163,132.5
2302,3.09,11:16,163,132.5
2303,3.09,11:33,163,131.9
2304,3.09,12:04,163,131.9
2305,3.09,12:11,164,131.9
2306,3.09,12:25,163,131.9
2307,3.1,12:39,164,131.9
2308,3.1,11:45,164,131.9
2309,3.1,11:16,163,131.9
2310,3.1,11:21,164,132.5
2311,3.1,10:09,163,132.5
2312,3.1,10:05,164,132.5
2313,3.11,10:18,164,132.5
2314,3.11,10:18,164,132.5
2315,3.11,10:28,164,132.5
2316,3.11,11:45,163,132.5
2317,3.11,12:18,162,132.5
2318,3.11,12:32,162,132.5
2319,3.11,12:46,162,132.5
2320,3.12,12:25,162,132.5
2321,3.12,12:11,162,132.5
2322,3.12,11:05,162,132.5
2323,3.12,10:48,163,132.5
2324,3.12,10:54,165,132.5
2325,3.12,10:33,165,132.5
2326,3.12,10:14,165,132.5
2327,3.13,10:33,165,132.5
2328,3.13,10:38,164,132.5
2329,3.13,10:43,165,132.5
2330,3.13,10:59,165,133.2
2331,3.13,11:39,165,133.2
2332,3.13,12:25,165,133.2
2333,3.13,12:39,165,133.2
2334,3.14,12:46,165,133.2
2335,3.14,13:41,165,133.2
2336,3.14,13:08,165,133.2
2337,3.14,12:32,165,133.2
2338,3.14,12:46,166,133.9
2339,3.14,12:32,165,133.9
2340,3.14,12:11,165,134.5
2341,3.14,12:25,165,134.5
2342,3.15,12:46,165,134.5
2343,3.15,13:49,164,134.5
2344,3.15,13:41,164,133.9
2345,3.15,13:16,164,133.9
2346,3.15,13:24,164,133.2
2347,3.15,13:24,165,133.2
2348,3.15,12:46,163,133.2
2349,3.15,12:46,163,133.9
2350,3.16,13:01,163,133.9
2351,3.16,12:11,163,133.9
2352,3.16,12:04,163,133.9
2353,3.16,11:05,163,133.9
2354,3.16,10:54,162,133.9
2355,3.16,11:05,162,133.9
2356,3.17,11:16,162,133.9
2357,3.17,11:10,162,134.5
2358,3.17,12:04,162,134.5
2359,3.17,12:18,163,134.5
2360,3.17,12:11,163,135.2
2361,3.17,12:32,163,135.2
2362,3.17,12:32,164,135.2
2363,3.17,12:32,164,135.2
2364,3.18,11:58,164,135.2
2365,3.18,12:11,164,135.2
2366,3.18,12:04,164,135.2
2367,3.18,12:04,164,135.2
2368,3.18,12:11,163,135.8
2369,3.18,12:53,163,135.8
2370,3.18,12:11,163,136.5
2371,3.19,12:32,164,136.5
2372,3.19,12:25,163,136.5
2373,3.19,11:39,163,136.5
2374,3.19,11:58,163,136.5
2375,3.19,11:45,163,136.5
2376,3.19,11:21,163,136.5
2377,3.19,11:21,163,136.5
2378,3.2,11:58,164,137.1
2379,3.2,11:39,164,137.1
2380,3.2,12:18,163,137.1
2381,3.2,12:04,163,137.1
2382,3.2,12:18,162,137.1
2383,3.2,12:39,162,137.8
2384,3.2,12:39,162,137.8
2385,3.2,13:08,162,137.8
2386,3.21,12:39,162,138.5
2387,3.21,12:53,162,138.5
2388,3.21,12:32,162,138.5
2389,3.21,11:52,163,138.5
2390,3.21,11:27,162,138.5
2391,3.21,12:32,162,138.5
2392,3.21,12:11,162,138.5
2393,3.22,12:11,162,138.5
2394,3.22,13:49,162,139.1
2395,3.22,13:49,162,139.1
2396,3.22,14:34,162,139.1
2397,3.22,15:04,161,139.1
2398,3.22,14:25,162,139.1
2399,3.22,13:41,162,139.1
2400,3.22,13:08,162,139.8
2401,3.23,11:27,162,139.8
2402,3.23,10:59,162,139.8
2403,3.23,11:16,162,139.8
2404,3.23,10:43,162,140.4
2405,3.23,10:28,162,140.4
2406,3.23,11:05,162,140.4
2407,3.23,11:21,162,140.4
2408,3.24,11:27,162,140.4
2409,3.24,11:27,161,140.4
2410,3.24,11:58,162,141.1
2411,3.24,12:25,162,141.1
2412,3.24,12:11,162,141.1
2413,3.24,11:33,162,141.1
2414,3.24,12:25,162,141.1
2415,3.25,12:04,163,141.1
2416,3.25,11:52,163,141.1
2417,3.25,11:27,163,141.1
2418,3.25,12:11,163,141.1
2419,3.25,12:04,164,141.1
2420,3.25,12:32,164,141.7
2421,3.25,12:39,164,141.7
2422,3.25,13:41,165,141.7
2423,3.26,13:24,165,141.7
2424,3.26,13:16,166,142.4
2425,3.26,13:41,166,142.4
2426,3.26,12:39,165,143.0
2427,3.26,11:52,166,143.0
2428,3.26,12:04,166,143.0
2429,3.26,11:05,166,143.0
2430,3.27,10:54,167,143.0
2431,3.27,11:10,166,143.0
2432,3.27,11:21,165,143.7
2433,3.27,10:43,165,143.7
2434,3.27,10:48,165,143.7
2435,3.27,10:14,165,143.7
2436,3.28,9:51,165,143.7
2437,3.28,9:30,165,143.7
2438,3.28,9:38,164,144.4
2439,3.28,10:05,165,144.4
2440,3.28,9:47,165,144.4
2441,3.28,10:28,165,144.4
2442,3.29,11:45,164,144.4
2443,3.29,12:11,164,144.4
2444,3.29,12:18,164,145.0
2445,3.29,13:24,163,145.0
2446,3.29,12:39,163,145.0
2447,3.29,12:11,163,145.0
2448,3.29,11:21,162,145.0
2449,3.3,11:16,162,145.0
2450,3.3,11:10,162,145.0
2451,3.3,11:10,162,145.0
2452,3.3,10:33,162,145.7
2453,3.3,10:54,162,145.7
2454,3.3,10:38,163,145.7
2455,3.3,10:28,163,145.7
2456,3.31,10:00,163,145.7
2457,3.31,9:51,163,145.7
2458,3.31,9:47,163,145.7
2459,3.31,10:00,164,145.7
2460,3.31,10:05,164,145.7
2461,3.31,10:43,164,145.7
2462,3.32,10:54,165,145.7
2463,3.32,10:59,165,145.7
2464,3.32,11:27,165,145.7
2465,3.32,11:58,165,145.7
2466,3.32,12:39,165,145.7
2467,3.32,13:49,165,145.7
2468,3.32,13:49,166,145.7
2469,3.32,13:16,166,145.7
2470,3.33,13:24,167,145.7
2471,3.33,12:32,166,145.7
2472,3.33,12:25,166,146.3
2473,3.33,12:11,166,146.3
2474,3.33,11:52,165,146.3
2475,3.33,11:21,165,146.3
2476,3.34,10:54,164,146.3
2477,3.34,10:28,165,147.0
2478,3.34,10:48,165,147.0
2479,3.34,11:05,164,147.0
2480,3.34,10:54,165,147.0
2481,3.34,11:27,166,147.0
2482,3.34,11:33,166,147.0
2483,3.35,11:16,165,147.6
2484,3.35,11:16,165,147.6
2485,3.35,10:54,166,147.6
2486,3.35,10:33,166,147.6
2487,3.35,10:33,166,147.6
2488,3.35,10:38,166,147.6
2489,3.35,11:10,166,147.0
2490,3.36,11:58,165,147.0
2491,3.36,13:08,165,147.6
2492,3.36,13:24,163,147.6
2493,3.36,13:58,163,148.3
2494,3.36,12:11,163,148.3
2495,3.36,11:33,163,149.0
2496,3.36,10:59,163,149.0
2497,3.37,10:28,163,149.0
2498,3.37,10:14,163,149.0
2499,3.37,10:43,163,149.6
2500,3.37,11:10,163,149.6
2501,3.37,11:45,163,149.6
2502,3.37,12:25,162,149.6
2503,3.37,12:53,161,149.6
2504,3.37,13:32,162,149.6
2505,3.38,13:32,161,149.6
2506,3.38,13:01,162,150.3
2507,3.38,13:24,162,150.3
2508,3.38,12:53,161,150.3
2509,3.38,12:53,161,150.3
2510,3.38,13:08,161,150.9
2511,3.38,13:41,161,150.9
2512,3.38,14:07,161,150.9
2513,3.39,14:44,161,150.9
2514,3.39,14:34,161,150.9
2515,3.39,14:44,162,150.9
2516,3.39,14:07,161,150.9
2517,3.39,13:41,161,150.9
2518,3.39,13:58,161,151.6
2519,3.39,14:16,161,151.6
2520,3.39,14:44,162,151.6
2521,3.4,14:54,162,152.2
2522,3.4,14:07,162,152.2
2523,3.4,13:08,162,152.2
2524,3.4,12:39,162,152.9
2525,3.4,11:21,162,152.9
2526,3.4,10:48,162,152.9
2527,3.4,10:33,162,152.9
2528,3.41,10:33,162,152.9
2529,3.41,10:59,162,153.5
2530,3.41,11:27,162,153.5
2531,3.41,11:58,162,154.2
2532,3.41,12:32,162,154.9
2533,3.41,13:08,163,154.9
2534,3.41,12:39,163,154.9
2535,3.42,12:46,163,154.9
2536,3.42,12:32,164,154.9
2537,3.42,12:32,164,155.5
2538,3.42,12:18,165,155.5
2539,3.42,12:18,166,156.2
2540,3.42,12:46,166,156.2
2541,3.42,13:16,167,156.8
2542,3.42,13:08,167,156.8
2543,3.43,13:16,167,156.8
2544,3.43,12:32,167,157.5
2545,3.43,10:48,167,157.5
2546,3.43,9:51,167,157.5
2547,3.43,9:11,167,157.5
2548,3.44,8:42,167,157.5
2549,3.44,8:52,167,158.1
2550,3.44,9:47,167,158.1
2551,3.44,10:05,167,158.8
2552,3.44,10:38,167,158.8
2553,3.44,11:05,168,159.4
2554,3.44,11:16,168,159.4
2555,3.45,11:05,168,160.1
2556,3.45,11:39,168,160.1
2557,3.45,11:45,168,160.8
2558,3.45,11:33,168,160.8
2559,3.45,11:05,169,160.8
2560,3.45,10:14,168,160.8
2561,3.46,9:56,168,160.8
2562,3.46,10:14,169,160.8
2563,3.46,10:18,169,160.8
2564,3.46,10:54,168,160.8
2565,3.46,11:52,167,161.4
2566,3.46,11:39,166,161.4
2567,3.46,11:27,166,162.1
2568,3.47,11:10,167,162.1
2569,3.47,10:54,167,162.1
2570,3.47,10:43,167,162.7
2571,3.47,10:38,166,162.7
2572,3.47,10:18,167,162.7
2573,3.47,10:54,166,162.7
2574,3.47,10:48,166,163.4
2575,3.48,11:45,165,163.4
2576,3.48,12:46,165,163.4
2577,3.48,12:39,165,163.4
2578,3.48,12:39,165,163.4
2579,3.48,13:32,165,163.4
2580,3.48,12:46,165,164.0
2581,3.48,13:49,165,164.0
2582,3.48,14:44,164,164.0
2583,3.48,15:35,164,164.0
2584,3.49,15:14,162,164.0
2585,3.49,15:14,160,164.0
2586,3.49,13:32,158,164.0
2587,3.49,13:01,153,164.0
2588,3.49,11:52,155,164.0
2589,3.49,11:33,155,164.0
2590,3.49,11:16,155,164.7
2591,3.5,11:10,155,164.7
2592,3.5,11:05,154,164.7
2593,3.5,11:10,154,164.7
2594,3.5,10:38,155,164.7
2595,3.5,10:48,156,164.7
2596,3.5,10:54,156,164.7
2597,3.51,10:59,155,164.7
2598,3.51,11:45,154,164.7
2599,3.51,12:32,156,165.4
2600,3.51,12:46,158,165.4
2601,3.51,13:24,160,166.0
2602,3.51,13:16,160,166.0
2603,3.51,12:46,160,166.0
2604,3.51,12:46,162,166.0
2605,3.52,11:58,163,166.0
2606,3.52,11:27,163,166.0
2607,3.52,12:04,164,165.4
2608,3.52,11:33,164,166.0
2609,3.52,11:45,164,166.0
2610,3.52,13:01,165,166.0
2611,3.52,13:01,165,166.0
2612,3.53,12:39,165,166.0
2613,3.53,12:53,166,166.7
2614,3.53,11:58,166,166.7
2615,3.53,11:33,166,167.3
2616,3.53,11:33,167,167.3
2617,3.53,11:27,166,167.3
2618,3.53,11:45,167,167.3
2619,3.54,12:04,167,167.3
2620,3.54,11:33,167,167.3
2621,3.54,11:39,167,167.3
2622,3.54,11:16,167,167.3
2623,3.54,10:54,167,167.3
2624,3.54,11:16,167,168.0
2625,3.54,11:27,167,168.0
2626,3.55,11:27,167,168.0
2627,3.55,12:11,167,168.0
2628,3.55,12:32,167,168.0
2629,3.55,12:11,168,168.0
2630,3.55,12:46,168,168.6
2631,3.55,12:39,167,168.6
2632,3.55,11:58,168,168.6
2633,3.56,11:33,168,169.3
2634,3.56,11:33,168,169.3
2635,3.56,11:16,168,169.3
2636,3.56,11:21,167,169.3
2637,3.56,11:33,167,169.3
2638,3.56,11:58,167,169.9
2639,3.56,12:11,166,169.9
2640,3.56,12:25,166,169.9
2641,3.57,12:11,166,169.9
2642,3.57,12:18,166,169.9
2643,3.57,11:45,166,170.6
2644,3.57,11:05,166,170.6
2645,3.57,10:43,166,171.3
2646,3.57,10:43,166,171.3
2647,3.58,10:43,164,171.9
2648,3.58,10:54,164,171.9
2649,3.58,11:16,164,171.9
2650,3.58,11:33,163,172.6
2651,3.58,12:11,163,172.6
2652,3.58,13:16,164,172.6
2653,3.58,13:32,164,172.6
2654,3.58,14:34,165,172.6
2655,3.59,15:24,165,173.2
2656,3.59,13:58,165,172.6
2657,3.59,13:08,165,172.6
2658,3.59,13:32,165,172.6
2659,3.59,13:58,164,172.6
2660,3.59,13:16,165,173.2
2661,3.59,15:04,164,173.2
2662,3.59,16:45,165,173.9
2663,3.59,16:45,165,173.9
2664,3.6,15:35,164,174.5
2665,3.6,15:04,165,174.5
2666,3.6,14:16,165,174.5
2667,3.6,12:39,165,175.2
2668,3.6,12:11,164,175.2
2669,3.6,11:52,165,175.2
2670,3.6,11:58,165,175.9
2671,3.61,11:45,165,175.9
2672,3.61,12:04,166,175.9
2673,3.61,11:58,166,176.5
2674,3.61,12:25,166,176.5
2675,3.61,11:39,166,176.5
2676,3.61,11:27,167,176.5
2677,3.61,10:54,168,176.5
2678,3.62,10:38,167,176.5
2679,3.62,10:33,167,177.2
2680,3.62,11:10,167,177.2
2681,3.62,10:59,167,177.2
2682,3.62,11:27,167,177.2
2683,3.62,11:58,168,177.8
2684,3.62,11:16,168,177.8
2685,3.63,10:33,168,178.5
2686,3.63,10:54,168,178.5
2687,3.63,10:33,168,178.5
2688,3.63,10:43,168,178.5
2689,3.63,11:05,168,178.5
2690,3.63,11:45,168,179.1
2691,3.63,11:58,168,179.1
2692,3.64,11:39,168,179.1
2693,3.64,10:54,167,179.1
2694,3.64,10:48,168,179.1
2695,3.64,10:48,168,179.1
2696,3.64,10:33,167,179.8
2697,3.64,11:10,168,179.8
2698,3.65,11:27,167,179.8
2699,3.65,11:39,167,179.8
2700,3.65,11:33,167,180.4
2701,3.65,12:18,167,180.4
2702,3.65,12:04,167,180.4
2703,3.65,11:58,167,180.4
2704,3.65,12:04,167,180.4
2705,3.66,11:52,167,180.4
2706,3.66,10:43,167,180.4
2707,3.66,10:38,167,180.4
2708,3.66,10:33,168,181.1
2709,3.66,10:28,168,181.1
2710,3.66,10:59,168,181.8
2711,3.66,11:45,168,181.8
2712,3.67,11:52,167,182.4
2713,3.67,11:45,167,182.4
2714,3.67,11:58,166,182.4
2715,3.67,11:52,167,182.4
2716,3.67,12:04,166,182.4
2717,3.67,13:08,166,183.1
2718,3.67,13:58,166,183.1
2719,3.67,13:16,166,183.1
2720,3.68,13:41,166,183.1
2721,3.68,13:32,166,182.4
2722,3.68,12:39,167,182.4
2723,3.68,12:39,166,182.4
2724,3.68,12:32,167,183.1
2725,3.68,11:58,167,183.1
2726,3.68,11:45,167,183.7
2727,3.69,12:04,167,183.7
2728,3.69,12:11,168,184.4
2729,3.69,12:25,168,184.4
2730,3.69,11:52,168,183.7
2731,3.69,11:39,170,183.7
2732,3.69,11:21,170,183.7
2733,3.69,11:16,170,183.7
2734,3.7,10:59,170,183.7
2735,3.7,11:10,170,183.7
2736,3.7,10:59,170,183.1
2737,3.7,10:33,170,183.1
2738,3.7,10:14,170,182.4
2739,3.7,10:00,170,183.1
2740,3.71,10:00,170,183.1
2741,3.71,10:09,171,183.1
2742,3.71,10:05,171,183.1
2743,3.71,9:47,171,183.7
2744,3.71,10:05,171,183.7
2745,3.71,10:28,171,183.7
2746,3.72,10:23,171,183.7
2747,3.72,10:43,171,184.4
2748,3.72,11:05,172,184.4
2749,3.72,11:05,171,185.0
2750,3.72,10:14,172,185.0
2751,3.72,10:18,171,185.7
2752,3.73,9:56,171,185.7
2753,3.73,10:18,172,185.7
2754,3.73,10:38,171,185.7
2755,3.73,11:16,171,185.7
2756,3.73,11:21,172,185.7
2757,3.73,12:04,171,186.4
2758,3.73,12:11,171,186.4
2759,3.73,12:18,171,186.4
2760,3.74,12:39,171,186.4
2761,3.74,13:32,171,186.4
2762,3.74,14:54,173,186.4
2763,3.74,15:04,173,186.4
2764,3.74,16:21,173,187.0
2765,3.74,16:33,173,187.0
2766,3.74,14:34,172,187.7
2767,3.74,12:32,171,187.7
2768,3.75,11:58,172,188.3
2769,3.75,11:05,172,188.3
2770,3.75,10:54,172,188.3
2771,3.75,11:21,171,189.0
2772,3.75,11:05,170,189.0
2773,3.75,10:43,169,189.0
2774,3.76,10:23,169,188.3
2775,3.76,10:14,169,188.3
2776,3.76,10:23,169,188.3
2777,3.76,11:05,169,188.3
2778,3.76,11:39,169,188.3
2779,3.76,11:58,169,188.3
2780,3.76,12:39,168,189.0
2781,3.76,12:25,169,189.0
2782,3.77,12:39,169,189.0
2783,3.77,11:58,170,189.0
2784,3.77,11:58,170,189.0
2785,3.77,12:25,170,189.0
2786,3.77,11:58,171,189.6
2787,3.77,12:11,170,189.6
2788,3.77,13:01,170,190.3
2789,3.78,12:53,170,190.3
2790,3.78,11:52,171,190.3
2791,3.78,11:58,171,190.3
2792,3.78,11:10,171,190.9
2793,3.78,10:59,171,190.9
2794,3.78,11:16,170,190.9
2795,3.78,11:05,171,190.9
2796,3.79,11:16,172,190.9
2797,3.79,11:52,173,190.9
2798,3.79,11:52,171,190.9
2799,3.79,11:33,172,191.6
2800,3.79,11:45,171,191.6
2801,3.79,11:45,170,192.3
2802,3.79,11:33,172,192.3
2803,3.8,11:45,171,192.3
2804,3.8,12:25,171,192.3
2805,3.8,13:49,171,192.3
2806,3.8,14:16,170,192.3
2807,3.8,14:34,170,192.3
2808,3.8,14:44,171,192.3
2809,3.8,14:34,171,192.3
2810,3.8,12:46,171,192.3
2811,3.81,12:11,171,192.3
2812,3.81,12:25,170,192.9
2813,3.81,12:04,170,192.9
2814,3.81,11:45,171,192.9
2815,3.81,11:21,171,192.9
2816,3.81,11:45,171,193.6
2817,3.81,11:21,170,193.6
2818,3.82,10:54,170,193.6
2819,3.82,10:43,171,193.6
2820,3.82,11:05,172,193.6
2821,3.82,10:43,172,193.6
2822,3.82,10:28,171,194.2
2823,3.82,10:48,172,194.2
2824,3.82,11:21,171,194.2
2825,3.83,11:33,171,194.2
2826,3.83,12:11,172,194.2
2827,3.83,13:16,172,194.2
2828,3.83,13:32,172,194.9
2829,3.83,13:01,171,194.9
2830,3.83,12:39,170,194.9
2831,3.83,12:46,170,194.9
2832,3.84,11:45,170,194.9
2833,3.84,11:45,170,194.9
2834,3.84,12:32,170,194.9
2835,3.84,13:16,170,194.9
2836,3.84,13:01,170,194.9
2837,3.84,13:08,169,195.5
2838,3.84,12:32,169,194.9
2839,3.84,12:04,169,194.9
2840,3.85,12:18,170,194.9
2841,3.85,11:39,169,194.9
2842,3.85,11:45,169,194.9
2843,3.85,12:18,169,194.9
2844,3.85,11:45,168,194.9
2845,3.85,11:33,168,194.9
2846,3.85,12:18,168,194.9
2847,3.86,12:46,168,194.9
2848,3.86,12:46,168,194.9
2849,3.86,13:08,168,194.9
2850,3.86,13:24,168,194.9
2851,3.86,13:24,168,194.9
2852,3.86,13:32,168,194.9
2853,3.86,13:58,166,194.9
2854,3.86,14:07,167,194.9
2855,3.87,13:58,167,195.5
2856,3.87,12:46,167,195.5
2857,3.87,12:18,167,195.5
2858,3.87,11:27,168,195.5
2859,3.87,11:21,167,195.5
2860,3.87,10:59,167,195.5
2861,3.87,11:27,167,195.5
2862,3.88,11:45,167,195.5
2863,3.88,12:25,167,195.5
2864,3.88,11:52,167,196.2
2865,3.88,11:16,167,196.2
2866,3.88,10:54,167,196.2
2867,3.88,10:33,168,196.2
2868,3.88,10:33,168,196.2
2869,3.89,10:43,167,196.2
2870,3.89,11:21,167,196.2
2871,3.89,11:33,167,196.2
2872,3.89,12:18,167,196.2
2873,3.89,12:32,167,196.9
2874,3.89,12:25,166,196.2
2875,3.89,12:18,167,196.2
2876,3.9,12:32,167,196.9
2877,3.9,11:27,167,196.2
2878,3.9,10:48,166,196.2
2879,3.9,11:10,166,196.2
2880,3.9,10:43,166,196.2
2881,3.9,10:54,165,196.9
2882,3.9,11:16,166,196.9
2883,3.91,11:16,166,196.9
2884,3.91,11:21,166,196.9
2885,3.91,11:45,167,196.9
2886,3.91,11:33,167,196.9
2887,3.91,11:39,168,197.5
2888,3.91,11:45,168,197.5
2889,3.92,11:16,169,197.5
2890,3.92,11:16,168,197.5
2891,3.92,10:38,168,197.5
2892,3.92,10:38,168,198.2
2893,3.92,10:59,168,198.2
2894,3.92,11:16,168,198.2
2895,3.92,11:45,168,198.2
2896,3.93,12:32,168,197.5
2897,3.93,12:25,169,197.5
2898,3.93,12:32,169,198.2
2899,3.93,12:46,170,198.2
2900,3.93,11:52,169,198.2
2901,3.93,11:58,169,198.2
2902,3.93,11:52,169,198.2
2903,3.94,11:21,169,198.2
2904,3.94,11:21,169,198.2
2905,3.94,11:58,169,198.2
2906,3.94,11:45,170,198.2
2907,3.94,12:18,169,198.2
2908,3.94,12:53,169,198.2
2909,3.94,12:39,169,198.2
2910,3.94,12:11,169,198.2
2911,3.95,11:16,169,198.8
2912,3.95,10:54,170,198.8
2913,3.95,10:54,170,198.8
2914,3.95,11:16,169,198.8
2915,3.95,11:45,170,198.8
2916,3.95,13:01,169,198.2
2917,3.95,12:39,169,197.5
2918,3.96,12:11,169,196.9
2919,3.96,11:39,169,196.9
2920,3.96,11:27,170,196.2
2921,3.96,11:16,170,196.2
2922,3.96,11:39,170,196.2
2923,3.96,11:16,170,195.5
2924,3.96,11:27,170,195.5
2925,3.97,10:54,171,195.5
2926,3.97,10:14,171,194.9
2927,3.97,10:00,172,194.9
2928,3.97,10:23,172,194.9
2929,3.97,10:09,172,194.9
2930,3.97,10:18,171,194.2
2931,3.98,10:43,171,194.2
2932,3.98,10:18,172,194.2
2933,3.98,10:18,172,194.2
2934,3.98,10:18,172,194.2
2935,3.98,10:05,172,194.2
2936,3.98,10:38,171,194.2
2937,3.99,11:21,172,194.2
2938,3.99,10:54,172,193.6
2939,3.99,10:33,173,193.6
2940,3.99,10:54,172,193.6
2941,3.99,10:43,171,192.9
2942,3.99,10:59,170,192.9
2943,3.99,11:21,170,192.9
2944,4.0,12:11,170,192.9
2945,4.0,12:32,170,192.9
2946,4.0,12:46,170,192.9
2947,4.0,12:39,171,192.9
2948,4.0,12:18,171,192.3
2949,4.0,11:33,171,192.3
2950,4.0,11:39,171,191.6
2951,4.01,11:39,170,191.6
2952,4.01,11:16,170,191.6
2953,4.01,11:39,170,191.6
2954,4.01,11:45,171,191.6
2955,4.01,11:39,171,191.6
2956,4.01,11:21,171,191.6
2957,4.01,11:58,170,191.6
2958,4.01,12:32,170,191.6
2959,4.02,13:32,169,191.6
2960,4.02,13:08,169,191.6
2961,4.02,13:01,169,191.6
2962,4.02,12:18,168,190.9
2963,4.02,11:52,168,190.9
2964,4.02,11:27,167,190.9
2965,4.02,11:39,167,190.9
2966,4.03,10:54,167,190.9
2967,4.03,10:33,165,190.9
2968,4.03,10:14,166,190.9
2969,4.03,10:00,166,191.6
2970,4.03,10:14,166,191.6
2971,4.03,10:48,166,191.6
2972,4.04,11:27,167,191.6
2973,4.04,11:39,166,191.6
2974,4.04,11:52,165,190.9
2975,4.04,11:33,165,190.9
2976,4.04,11:58,165,190.9
2977,4.04,12:04,166,190.3
2978,4.04,12:46,166,190.3
2979,4.04,13:41,165,190.3
2980,4.05,13:41,166,190.3
2981,4.05,13:24,166,190.9
2982,4.05,13:16,167,190.9
2983,4.05,12:39,166,190.9
2984,4.05,12:18,166,190.9
2985,4.05,12:32,166,190.9
2986,4.05,12:46,166,190.9
2987,4.06,13:24,165,190.3
2988,4.06,14:16,166,190.3
2989,4.06,14:16,165,190.3
2990,4.06,14:54,166,190.3
2991,4.06,14:34,166,190.3
2992,4.06,13:24,165,190.3
2993,4.06,13:16,165,190.3
2994,4.06,12:53,163,189.6
2995,4.07,12:18,163,189.6
2996,4.07,12:46,163,190.3
2997,4.07,12:39,163,189.6
2998,4.07,12:25,163,189.6
2999,4.07,12:18,163,189.6
3000,4.07,12:11,164,189.6
3001,4.07,11:58,165,189.6
3002,4.07,12:39,165,189.6
3003,4.08,12:32,165,189.6
3004,4.08,12:53,165,189.6
3005,4.08,12:53,165,189.6
3006,4.08,12:39,165,189.6
3007,4.08,11:58,165,189.6
3008,4.08,11:39,165,189.0
3009,4.08,11:16,165,189.0
3010,4.09,11:16,165,189.0
3011,4.09,11:10,165,189.0
3012,4.09,10:59,165,188.3
3013,4.09,11:16,164,189.0
3014,4.09,10:48,164,189.0
3015,4.09,11:10,164,189.0
3016,4.09,11:58,164,189.0
3017,4.1,12:46,164,189.0
3018,4.1,12:46,164,189.0
3019,4.1,13:16,163,189.0
3020,4.1,12:18,163,189.0
3021,4.1,11:45,163,189.0
3022,4.1,11:27,163,189.0
3023,4.1,11:10,163,189.0
3024,4.11,11:21,163,189.0
3025,4.11,11:33,163,188.3
3026,4.11,11:16,162,188.3
3027,4.11,11:45,162,188.3
3028,4.11,11:58,162,187.7
3029,4.11,12:11,162,187.7
3030,4.11,12:25,162,187.7
3031,4.12,12:25,162,187.7
3032,4.12,12:39,161,187.7
3033,4.12,12:46,163,187.0
3034,4.12,12:53,162,187.0
3035,4.12,13:08,162,187.0
3036,4.12,12:39,162,187.0
3037,4.12,11:39,162,187.7
3038,4.13,11:16,162,187.7
3039,4.13,11:10,162,187.7
3040,4.13,10:54,162,187.0
3041,4.13,11:21,162,187.0
3042,4.13,11:10,162,186.4
3043,4.13,11:21,162,186.4
3044,4.13,11:16,162,185.7
3045,4.14,10:59,162,185.7
3046,4.14,10:59,162,185.7
3047,4.14,11:10,162,186.4
3048,4.14,11:05,162,186.4
3049,4.14,11:05,162,185.7
3050,4.14,11:27,163,185.7
3051,4.14,11:27,163,185.7
3052,4.15,11:45,164,185.7
3053,4.15,12:18,164,185.0
3054,4.15,12:39,165,185.0
3055,4.15,12:32,165,185.0
3056,4.15,11:58,167,184.4
3057,4.15,11:52,167,184.4
3058,4.15,11:33,167,184.4
3059,4.16,11:33,167,184.4
3060,4.16,11:45,167,184.4
3061,4.16,11:33,167,184.4
3062,4.16,11:33,167,184.4
3063,4.16,11:27,167,184.4
3064,4.16,10:43,167,184.4
3065,4.16,10:38,167,184.4
3066,4.17,11:10,167,184.4
3067,4.17,11:16,167,184.4
3068,4.17,11:33,167,184.4
3069,4.17,11:33,166,183.7
3070,4.17,11:27,165,183.7
3071,4.17,11:16,164,183.7
3072,4.17,11:10,163,183.7
3073,4.18,11:10,163,183.7
3074,4.18,11:45,163,183.7
3075,4.18,11:58,162,183.7
3076,4.18,12:32,162,184.4
3077,4.18,12:25,162,184.4
3078,4.18,12:11,162,183.7
3079,4.18,11:45,162,183.7
3080,4.19,11:45,162,183.7
3081,4.19,11:21,162,183.7
3082,4.19,11:27,161,183.7
3083,4.19,10:54,161,183.7
3084,4.19,11:10,161,183.7
3085,4.19,10:48,161,183.7
3086,4.19,11:45,162,183.7
3087,4.2,11:58,161,183.7
3088,4.2,13:01,161,183.7
3089,4.2,12:32,160,183.7
3090,4.2,12:46,161,183.7
3091,4.2,11:33,161,183.7
3092,4.2,11:16,161,183.7
3093,4.2,11:16,162,183.1
3094,4.21,11:21,162,183.1
3095,4.21,11:33,163,183.1
3096,4.21,11:58,163,183.1
3097,4.21,11:45,163,183.7
3098,4.21,11:33,163,183.7
3099,4.21,11:45,163,183.1
3100,4.21,11:45,163,183.1
3101,4.22,11:39,163,182.4
3102,4.22,12:04,164,182.4
3103,4.22,11:58,164,182.4
3104,4.22,12:04,164,182.4
3105,4.22,11:58,164,182.4
3106,4.22,11:45,164,182.4
3107,4.22,11:05,165,182.4
3108,4.23,11:05,165,181.8
3109,4.23,11:05,165,181.8
3110,4.23,11:16,165,181.8
3111,4.23,11:33,164,181.8
3112,4.23,12:32,164,181.8
3113,4.23,12:11,164,181.8
3114,4.23,11:39,164,181.8
3115,4.24,11:33,164,181.1
3116,4.24,11:33,165,181.1
3117,4.24,11:16,165,181.1
3118,4.24,11:16,164,180.4
3119,4.24,11:33,164,180.4
3120,4.24,11:39,165,180.4
3121,4.24,11:27,165,180.4
3122,4.25,11:45,166,180.4
3123,4.25,12:04,166,180.4
3124,4.25,11:58,166,180.4
3125,4.25,11:45,166,180.4
3126,4.25,11:58,166,180.4
3127,4.25,11:52,167,179.8
3128,4.25,11:58,167,179.8
3129,4.26,12:46,167,179.8
3130,4.26,12:53,168,179.8
3131,4.26,12:32,167,179.8
3132,4.26,12:32,167,179.8
3133,4.26,11:58,166,179.8
3134,4.26,12:18,166,179.8
3135,4.26,11:58,166,179.1
3136,4.27,11:16,165,179.1
3137,4.27,11:10,165,179.1
3138,4.27,11:21,165,179.1
3139,4.27,10:54,164,178.5
3140,4.27,11:45,165,178.5
3141,4.27,12:46,164,178.5
3142,4.27,12:32,165,178.5
3143,4.27,13:01,165,178.5
3144,4.28,13:24,166,178.5
3145,4.28,13:16,166,178.5
3146,4.28,13:16,165,178.5
3147,4.28,13:08,165,178.5
3148,4.28,11:45,165,177.8
3149,4.28,11:05,165,177.8
3150,4.28,10:38,165,177.2
3151,4.29,10:09,166,177.2
3152,4.29,10:09,165,177.2
3153,4.29,10:59,165,177.2
3154,4.29,11:39,164,177.2
3155,4.29,11:45,163,177.2
3156,4.29,12:11,164,176.5
3157,4.3,11:58,163,176.5
3158,4.3,11:33,163,175.9
3159,4.3,10:59,163,175.9
3160,4.3,10:18,163,175.2
3161,4.3,10:05,164,175.2
3162,4.3,10:14,164,175.2
3163,4.3,10:14,163,175.2
3164,4.31,10:05,164,174.5
3165,4.31,10:28,163,174.5
3166,4.31,10:18,163,174.5
3167,4.31,10:28,164,173.9
3168,4.31,10:59,164,173.9
3169,4.31,11:21,163,173.9
3170,4.32,11:33,164,173.2
3171,4.32,12:25,163,173.2
3172,4.32,12:25,162,172.6
3173,4.32,11:58,162,172.6
3174,4.32,11:27,163,172.6
3175,4.32,11:21,163,172.6
3176,4.32,11:27,164,172.6
3177,4.33,11:33,165,171.9
3178,4.33,11:27,164,171.9
3179,4.33,11:21,164,171.9
3180,4.33,11:10,164,171.9
3181,4.33,10:48,165,171.9
3182,4.33,10:48,165,171.9
3183,4.33,10:59,164,171.3
3184,4.34,11:52,164,171.3
3185,4.34,13:01,164,171.3
3186,4.34,13:32,164,170.6
3187,4.34,13:32,163,170.6
3188,4.34,13:58,162,170.6
3189,4.34,13:32,158,170.6
3190,4.34,12:46,152,170.6
3191,4.34,12:04,149,170.6
3192,4.35,12:11,143,170.6
3193,4.35,12:18,140,170.6
3194,4.35,13:01,141,169.9
3195,4.35,13:16,141,169.9
3196,4.35,14:34,141,169.9
3197,4.35,14:16,141,169.9
3198,4.35,13:41,142,169.9
3199,4.35,13:01,142,169.9
3200,4.36,13:01,142,169.9
3201,4.36,12:04,142,169.3
3202,4.36,11:52,142,169.3
3203,4.36,11:39,142,169.3
3204,4.36,11:27,143,169.3
3205,4.36,10:59,142,169.3
3206,4.36,11:10,142,169.3
3207,4.37,11:33,142,168.6
3208,4.37,12:25,142,168.6
3209,4.37,12:04,142,168.6
3210,4.37,11:45,142,168.6
3211,4.37,11:16,142,168.6
3212,4.37,11:10,143,168.6
3213,4.38,10:14,144,168.6
3214,4.38,10:43,144,168.6
3215,4.38,11:05,144,168.6
3216,4.38,11:33,144,168.6
3217,4.38,10:59,144,168.0
3218,4.38,11:27,145,168.0
3219,4.38,11:27,145,168.0
3220,4.39,11:21,146,168.0
3221,4.39,11:33,146,168.0
3222,4.39,11:58,146,168.0
3223,4.39,12:18,147,168.0
3224,4.39,12:11,150,168.0
3225,4.39,12:04,151,167.3
3226,4.39,11:58,154,167.3
3227,4.4,11:16,154,167.3
3228,4.4,10:48,156,167.3
3229,4.4,10:33,161,167.3
3230,4.4,10:43,162,167.3
3231,4.4,10:23,162,166.7
3232,4.4,11:05,164,166.7
3233,4.4,11:27,164,166.7
3234,4.41,11:52,166,166.7
3235,4.41,11:45,164,166.7
3236,4.41,12:04,164,166.7
3237,4.41,11:58,164,166.7
3238,4.41,11:21,165,166.7
3239,4.41,11:05,165,166.7
3240,4.41,10:59,165,166.0
3241,4.42,10:48,164,166.0
3242,4.42,10:59,164,166.0
3243,4.42,11:10,164,166.0
3244,4.42,11:21,164,166.0
3245,4.42,11:27,164,166.0
3246,4.42,11:27,164,165.4
3247,4.43,10:38,164,165.4
3248,4.43,10:43,165,165.4
3249,4.43,10:48,166,164.7
3250,4.43,10:38,166,164.7
3251,4.43,11:05,165,164.7
3252,4.43,12:11,165,164.7
3253,4.43,12:46,165,164.7
3254,4.43,12:32,165,164.0
3255,4.44,13:32,166,164.0
3256,4.44,12:32,167,163.4
3257,4.44,11:52,167,163.4
3258,4.44,11:27,167,163.4
3259,4.44,11:21,167,163.4
3260,4.44,10:48,167,162.7
3261,4.44,11:10,167,162.7
3262,4.45,11:33,167,162.7
3263,4.45,10:48,167,162.7
3264,4.45,10:43,167,162.7
3265,4.45,11:16,167,162.1
3266,4.45,11:10,167,162.1
3267,4.45,11:39,167,162.1
3268,4.45,12:32,168,162.1
3269,4.46,13:01,168,162.1
3270,4.46,11:39,168,162.1
3271,4.46,11:10,168,161.4
3272,4.46,9:56,168,161.4
3273,4.46,9:30,169,160.8
3274,4.47,9:07,169,160.8
3275,4.47,9:22,169,160.1
3276,4.47,9:43,169,160.1
3277,4.47,10:18,169,160.1
3278,4.47,10:43,169,160.1
3279,4.47,10:38,170,160.1
3280,4.47,10:48,170,159.4
3281,4.48,10:33,169,159.4
3282,4.48,10:38,169,159.4
3283,4.48,10:00,169,158.8
3284,4.48,10:14,169,158.8
3285,4.48,10:28,169,158.8
3286,4.48,10:48,169,158.8
3287,4.49,11:05,169,158.8
3288,4.49,11:45,170,158.8
3289,4.49,11:58,171,158.8
3290,4.49,11:21,171,158.8
3291,4.49,11:10,172,158.1
3292,4.49,10:48,172,158.1
3293,4.49,10:14,171,158.1
3294,4.5,9:51,171,158.1
3295,4.5,10:05,171,157.5
3296,4.5,10:18,171,157.5
3297,4.5,10:09,172,157.5
3298,4.5,10:28,171,156.8
3299,4.5,10:33,170,156.8
3300,4.51,10:28,170,156.8
3301,4.51,10:38,170,156.2
3302,4.51,10:54,170,156.2
3303,4.51,11:21,170,156.2
3304,4.51,11:39,169,156.2
3305,4.51,11:52,168,156.2
3306,4.51,11:21,168,155.5
3307,4.52,11:45,168,155.5
3308,4.52,11:52,168,154.9
3309,4.52,12:18,167,154.9
3310,4.52,12:04,167,154.9
3311,4.52,12:32,167,154.9
3312,4.52,12:18,167,154.2
3313,4.52,11:45,167,154.2
3314,4.53,10:59,167,154.2
3315,4.53,10:33,166,154.2
3316,4.53,10:23,167,153.5
3317,4.53,10:14,168,153.5
3318,4.53,10:14,167,153.5
3319,4.53,10:18,166,153.5
3320,4.54,10:23,167,153.5
3321,4.54,10:48,166,153.5
3322,4.54,11:05,166,153.5
3323,4.54,11:27,166,152.9
3324,4.54,11:33,165,152.9
3325,4.54,12:25,165,152.9
3326,4.54,12:11,166,152.9
3327,4.55,11:58,166,152.2
3328,4.55,12:25,166,152.9
3329,4.55,13:01,167,152.9
3330,4.55,13:01,167,152.9
3331,4.55,12:11,166,152.9
3332,4.55,12:04,166,152.2
3333,4.55,11:58,166,152.2
3334,4.56,11:10,165,152.2
3335,4.56,10:54,166,151.6
3336,4.56,11:10,166,151.6
3337,4.56,11:21,166,151.6
3338,4.56,11:10,166,151.6
3339,4.56,11:27,165,152.2
3340,4.56,11:39,165,152.2
3341,4.56,12:18,165,152.2
3342,4.57,11:58,165,152.2
3343,4.57,12:04,164,152.2
3344,4.57,12:32,164,151.6
3345,4.57,12:25,163,151.6
3346,4.57,11:39,163,150.9
3347,4.57,12:11,163,150.9
3348,4.57,12:11,163,150.9
3349,4.58,12:32,163,150.9
3350,4.58,13:01,163,150.9
3351,4.58,13:49,163,151.6
3352,4.58,13:24,163,150.9
3353,4.58,12:39,163,150.9
3354,4.58,12:11,163,150.9
3355,4.58,11:21,164,150.3
3356,4.59,11:16,165,150.3
3357,4.59,10:59,166,150.3
3358,4.59,11:05,166,150.3
3359,4.59,11:05,166,150.3
3360,4.59,11:33,166,150.3
3361,4.59,11:21,166,150.3
3362,4.59,11:45,166,150.3
3363,4.6,11:39,166,150.3
3364,4.6,11:33,166,150.3
3365,4.6,11:21,167,150.3
3366,4.6,11:16,166,150.3
3367,4.6,11:10,166,150.3
3368,4.6,11:58,167,150.3
3369,4.6,11:52,166,149.6
3370,4.61,11:58,166,149.6
3371,4.61,12:04,166,149.6
3372,4.61,12:18,166,150.3
3373,4.61,11:45,166,149.6
3374,4.61,11:45,166,149.6
3375,4.61,12:11,166,149.6
3376,4.61,11:33,166,149.0
3377,4.62,11:58,166,149.0
3378,4.62,11:52,165,149.0
3379,4.62,11:33,165,149.0
3380,4.62,11:10,164,149.0
3381,4.62,11:45,164,149.0
3382,4.62,11:10,164,149.0
3383,4.62,11:52,164,149.0
3384,4.63,12:11,164,149.0
3385,4.63,12:32,165,149.0
3386,4.63,12:32,165,149.0
3387,4.63,12:32,166,149.0
3388,4.63,11:45,166,149.0
3389,4.63,12:04,166,149.0
3390,4.63,12:04,166,149.0
3391,4.64,11:33,167,149.0
3392,4.64,10:38,166,149.0
3393,4.64,10:38,166,148.3
3394,4.64,10:09,166,148.3
3395,4.64,10:05,166,148.3
3396,4.64,10:38,166,148.3
3397,4.64,11:39,166,148.3
3398,4.65,11:58,166,148.3
3399,4.65,13:16,166,148.3
3400,4.65,14:34,165,148.3
3401,4.65,15:04,165,147.6
3402,4.65,14:54,164,147.6
3403,4.65,14:34,164,147.6
3404,4.65,12:39,163,147.6
3405,4.65,11:39,163,147.6
3406,4.66,10:43,164,147.6
3407,4.66,10:48,164,147.6
3408,4.66,10:38,165,147.0
3409,4.66,11:05,165,147.0
3410,4.66,10:48,165,147.0
3411,4.66,11:10,165,147.0
3412,4.67,10:59,165,147.0
3413,4.67,10:59,165,147.0
3414,4.67,11:10,166,146.3
3415,4.67,11:16,166,146.3
3416,4.67,11:21,166,146.3
3417,4.67,11:16,167,146.3
3418,4.67,11:10,167,145.7
3419,4.68,11:16,167,145.7
3420,4.68,11:10,166,145.7
3421,4.68,11:05,167,145.7
3422,4.68,11:10,166,145.7
3423,4.68,11:27,167,145.7
3424,4.68,11:10,168,145.7
3425,4.68,10:54,168,145.7
3426,4.69,11:05,168,145.7
3427,4.69,11:52,168,145.0
3428,4.69,12:04,168,145.0
3429,4.69,12:04,168,145.0
3430,4.69,13:01,167,145.0
3431,4.69,13:08,167,145.0
3432,4.69,12:18,167,145.0
3433,4.7,12:18,167,145.0
3434,4.7,12:46,167,145.0
3435,4.7,12:11,167,144.4
3436,4.7,12:18,166,144.4
3437,4.7,12:39,166,144.4
3438,4.7,12:32,164,144.4
3439,4.7,11:58,165,144.4
3440,4.71,11:52,165,144.4
3441,4.71,11:33,165,143.7
3442,4.71,10:59,164,143.7
3443,4.71,11:10,164,143.7
3444,4.71,11:27,165,143.0
3445,4.71,12:11,165,143.0
3446,4.71,11:58,164,143.7
3447,4.71,12:04,164,143.7
3448,4.72,12:04,164,143.7
3449,4.72,12:18,164,143.7
3450,4.72,12:04,164,143.0
3451,4.72,12:11,164,143.0
3452,4.72,11:58,164,143.0
3453,4.72,12:18,164,142.4
3454,4.72,12:25,164,142.4
3455,4.73,11:58,164,143.0
3456,4.73,12:11,164,143.0
3457,4.73,12:53,164,143.0
3458,4.73,12:11,164,143.0
3459,4.73,12:32,163,143.0
3460,4.73,13:24,164,142.4
3461,4.73,12:46,164,142.4
3462,4.74,12:11,164,142.4
3463,4.74,12:04,164,142.4
3464,4.74,11:33,164,141.7
3465,4.74,11:05,164,141.7
3466,4.74,11:27,164,141.7
3467,4.74,11:39,164,141.7
3468,4.74,11:52,164,141.7
3469,4.75,11:39,163,141.7
3470,4.75,11:21,163,141.7
3471,4.75,10:43,163,141.7
3472,4.75,10:43,162,141.7
3473,4.75,10:38,162,141.7
3474,4.75,10:43,162,141.7
3475,4.75,10:54,163,141.7
3476,4.76,11:39,163,141.7
3477,4.76,11:39,164,141.7
3478,4.76,11:58,164,141.7
3479,4.76,12:32,164,141.7
3480,4.76,12:11,163,141.7
3481,4.76,12:18,163,141.7
3482,4.76,12:04,164,141.7
3483,4.77,11:52,164,141.7
3484,4.77,11:16,162,141.7
3485,4.77,11:27,163,141.1
3486,4.77,11:10,163,141.1
3487,4.77,11:27,163,140.4
3488,4.77,11:10,163,140.4
3489,4.77,11:10,163,139.8
3490,4.78,11:21,163,140.4
3491,4.78,11:21,164,140.4
3492,4.78,11:10,164,140.4
3493,4.78,11:33,165,140.4
3494,4.78,11:39,165,140.4
3495,4.78,11:27,166,140.4
3496,4.78,11:21,166,140.4
3497,4.79,11:21,165,140.4
3498,4.79,10:59,166,140.4
3499,4.79,10:43,166,140.4
3500,4.79,10:38,166,140.4
3501,4.79,9:51,166,140.4
3502,4.79,9:26,166,140.4
3503,4.8,9:22,166,140.4
3504,4.8,9:38,166,140.4
3505,4.8,9:26,166,140.4
3506,4.8,10:23,167,140.4
3507,4.8,11:16,167,140.4
3508,4.8,11:45,167,140.4
3509,4.81,11:45,167,140.4
3510,4.81,12:25,167,139.8
3511,4.81,12:04,167,139.8
3512,4.81,11:39,168,139.8
3513,4.81,11:16,168,139.8
3514,4.81,11:27,168,139.8
3515,4.81,11:16,168,139.8
3516,4.82,11:16,169,139.8
3517,4.82,11:16,169,139.8
3518,4.82,11:52,170,139.8
3519,4.82,11:21,171,139.1
3520,4.82,10:59,171,139.8
3521,4.82,10:48,171,139.8
3522,4.82,10:43,172,139.8
3523,4.83,10:00,171,139.8
3524,4.83,9:43,171,139.8
3525,4.83,9:51,171,139.8
3526,4.83,9:47,172,139.8
3527,4.83,9:34,173,139.8
3528,4.84,9:38,172,139.8
3529,4.84,10:05,172,139.1
3530,4.84,10:54,172,139.1
3531,4.84,11:27,172,139.1
3532,4.84,12:18,172,139.8
3533,4.84,13:01,174,139.8
3534,4.84,12:46,172,139.8
3535,4.84,11:52,173,139.1
3536,4.85,11:16,172,139.1
3537,4.85,10:59,172,139.1
3538,4.85,11:05,172,139.1
3539,4.85,10:38,171,139.1
3540,4.85,10:09,171,139.1
3541,4.85,10:18,171,139.1
3542,4.86,10:09,172,139.1
3543,4.86,10:09,172,139.1
3544,4.86,11:05,171,139.1
3545,4.86,12:04,170,139.1
3546,4.86,13:08,170,139.1
3547,4.86,14:34,170,139.1
3548,4.86,14:34,170,139.1
3549,4.86,13:41,170,139.8
3550,4.87,13:01,171,139.8
3551,4.87,12:53,171,139.8
3552,4.87,11:39,171,139.1
3553,4.87,11:10,171,139.1
3554,4.87,10:59,171,139.1
3555,4.87,10:54,170,139.1
3556,4.88,10:28,170,138.5
3557,4.88,10:33,170,138.5
3558,4.88,10:43,170,138.5
3559,4.88,10:54,171,138.5
3560,4.88,11:16,170,138.5
3561,4.88,11:21,169,138.5
3562,4.88,11:33,169,138.5
3563,4.89,11:33,169,138.5
3564,4.89,11:58,169,138.5
3565,4.89,12:39,169,138.5
3566,4.89,12:46,169,138.5
3567,4.89,13:32,169,138.5
3568,4.89,13:58,169,138.5
3569,4.89,13:32,169,138.5
3570,4.89,12:25,169,138.5
3571,4.9,12:18,169,138.5
3572,4.9,11:27,169,138.5
3573,4.9,11:27,170,138.5
3574,4.9,11:33,169,138.5
3575,4.9,11:58,169,138.5
3576,4.9,12:04,169,138.5
3577,4.9,12:25,169,137.8
3578,4.91,12:53,168,137.8
3579,4.91,13:16,169,137.8
3580,4.91,12:46,168,137.8
3581,4.91,12:53,168,137.8
3582,4.91,12:46,168,138.5
3583,4.91,12:18,168,137.8
3584,4.91,12:11,168,138.5
3585,4.91,12:18,169,138.5
3586,4.92,12:11,168,138.5
3587,4.92,12:04,168,137.8
3588,4.92,11:52,168,137.8
3589,4.92,11:10,168,137.8
3590,4.92,11:21,169,137.8
3591,4.92,11:10,169,137.8
3592,4.92,11:05,168,137.8
3593,4.93,11:16,168,137.8
3594,4.93,12:04,169,137.8
3595,4.93,12:25,168,137.8
3596,4.93,12:32,169,137.1
3597,4.93,13:01,168,137.1
3598,4.93,12:53,168,137.1
3599,4.93,12:39,168,137.8
3600,4.94,12:11,169,137.8
3601,4.94,12:11,168,137.8
3602,4.94,11:58,169,137.8
3603,4.94,12:39,168,137.8
3604,4.94,12:53,169,137.8
3605,4.94,12:53,169,137.8
3606,4.94,12:39,170,137.1
3607,4.94,12:53,169,137.1
3608,4.95,11:45,169,137.8
3609,4.95,11:27,168,137.1
3610,4.95,11:21,168,137.1
3611,4.95,11:33,168,137.1
3612,4.95,12:04,168,137.1
3613,4.95,13:01,168,137.1
3614,4.95,12:04,168,137.1
3615,4.96,11:39,168,137.1
3616,4.96,10:33,168,137.1
3617,4.96,9:22,168,136.5
3618,4.96,8:35,167,136.5
3619,4.96,8:42,167,136.5
3620,4.97,8:52,166,136.5
3621,4.97,9:38,166,136.5
3622,4.97,9:56,166,136.5
3623,4.97,10:33,166,136.5
3624,4.97,10:38,169,136.5
3625,4.97,10:43,168,136.5
3626,4.98,10:38,168,136.5
3627,4.98,10:33,168,136.5
3628,4.98,10:54,169,136.5
3629,4.98,11:21,169,136.5
3630,4.98,11:21,169,136.5
3631,4.98,11:39,168,136.5
3632,4.98,12:04,169,136.5
3633,4.99,11:52,169,136.5
3634,4.99,11:33,169,136.5
3635,4.99,11:10,169,136.5
3636,4.99,10:43,170,135.8
3637,4.99,10:48,170,135.8
3638,4.99,10:23,170,136.5
3639,4.99,10:33,169,136.5
3640,5.0,10:54,169,136.5
3641,5.0,10:18,170,136.5
3642,5.0,10:14,170,136.5
3643,5.0,10:33,170,135.8
3644,5.0,10:54,169,136.5
3645,5.0,11:10,170,136.5
3646,5.0,12:11,170,136.5
3647,5.01,12:32,170,136.5
3648,5.01,13:01,171,136.5
3649,5.01,12:39,170,136.5
3650,5.01,12:46,170,136.5
3651,5.01,13:08,170,136.5
3652,5.01,12:39,170,136.5
3653,5.01,12:25,170,136.5
3654,5.02,12:11,171,136.5
3655,5.02,12:11,171,135.8
3656,5.02,11:45,170,135.8
3657,5.02,12:32,170,135.8
3658,5.02,12:11,169,135.8
3659,5.02,11:58,169,135.8
3660,5.02,10:59,170,135.2
3661,5.03,10:05,170,135.2
3662,5.03,8:45,171,135.2
3663,5.03,8:13,171,135.2
3664,5.03,8:29,171,135.8
3665,5.03,8:52,171,135.8
3666,5.04,9:30,171,135.8
3667,5.04,10:59,171,135.8
3668,5.04,11:58,172,135.8
3669,5.04,12:11,173,135.8
3670,5.04,12:39,174,135.8
3671,5.04,12:39,174,135.8
3672,5.04,12:25,173,135.8
3673,5.04,12:25,173,135.8
3674,5.05,12:11,174,136.5
3675,5.05,12:25,174,136.5
3676,5.05,12:18,174,137.1
3677,5.05,12:18,173,137.1
3678,5.05,12:25,173,137.8
3679,5.05,12:18,174,137.8
3680,5.05,11:27,173,137.8
3681,5.06,11:21,173,138.5
3682,5.06,10:59,173,137.8
3683,5.06,10:09,174,137.8
3684,5.06,9:56,173,137.8
3685,5.06,9:47,174,137.1
3686,5.06,9:56,174,136.5
3687,5.07,10:05,174,135.8
3688,5.07,10:59,173,135.2
3689,5.07,10:43,172,134.5
3690,5.07,10:59,171,134.5
3691,5.07,10:59,169,133.9
3692,5.07,10:54,166,133.9
3693,5.08,10:14,158,133.9
3694,5.08,10:28,154,133.2
3695,5.08,10:38,147,133.2
3696,5.08,10:28,141,132.5
3697,5.08,10:33,140,132.5
3698,5.08,11:05,142,132.5
3699,5.08,11:21,143,131.9
3700,5.09,11:52,143,131.9
3701,5.09,12:46,143,131.9
3702,5.09,12:53,138,131.9
3703,5.09,12:53,141,131.9
3704,5.09,12:53,143,131.9
3705,5.09,12:18,153,131.9
3706,5.09,11:27,159,131.9
3707,5.1,11:21,162,131.2
3708,5.1,11:27,163,131.2
3709,5.1,11:39,165,131.2
3710,5.1,11:39,166,131.9
3711,5.1,12:11,167,131.9
3712,5.1,11:58,170,131.9
3713,5.1,11:27,171,131.9
3714,5.11,11:21,173,131.2
3715,5.11,11:27,173,131.2
3716,5.11,11:05,174,131.2
3717,5.11,10:48,174,131.2
3718,5.11,10:43,176,131.2
3719,5.11,10:33,176,131.2
3720,5.11,10:09,175,131.2
3721,5.12,10:18,175,130.6
3722,5.12,10:14,175,130.6
3723,5.12,10:48,176,130.6
3724,5.12,10:43,176,130.6
3725,5.12,11:05,176,130.6
3726,5.12,11:16,177,129.9
3727,5.12,12:11,176,129.9
3728,5.13,11:58,175,129.9
3729,5.13,11:58,175,129.9
3730,5.13,11:45,174,129.9
3731,5.13,11:27,176,129.3
3732,5.13,11:33,175,129.3
3733,5.13,11:27,175,129.3
3734,5.13,12:11,173,129.3
3735,5.14,12:39,173,129.3
3736,5.14,12:46,174,129.3
3737,5.14,12:04,175,129.3
3738,5.14,11:33,174,129.3
3739,5.14,10:59,174,128.6
3740,5.14,10:38,173,128.6
3741,5.15,10:33,173,128.6
3742,5.15,10:48,172,128.6
3743,5.15,10:59,172,128.6
3744,5.15,10:48,172,128.6
3745,5.15,10:43,172,128.6
3746,5.15,10:38,172,128.0
3747,5.15,10:38,172,128.0
3748,5.16,11:21,171,128.0
3749,5.16,12:11,171,128.0
3750,5.16,12:18,172,128.0
3751,5.16,12:39,172,128.0
3752,5.16,12:32,171,128.0
3753,5.16,11:45,171,128.0
3754,5.16,11:05,172,127.3
3755,5.17,10:59,172,127.3
3756,5.17,10:18,171,127.3
3757,5.17,10:23,172,127.3
3758,5.17,10:54,172,126.6
3759,5.17,11:05,170,126.6
3760,5.17,10:59,170,126.6
3761,5.18,11:21,169,126.6
3762,5.18,11:27,170,126.6
3763,5.18,11:05,168,126.0
3764,5.18,11:21,169,126.0
3765,5.18,11:39,169,126.0
3766,5.18,11:45,171,126.0
3767,5.18,11:45,170,126.0
3768,5.19,11:33,171,126.0
3769,5.19,11:16,171,126.0
3770,5.19,11:05,172,125.3
3771,5.19,10:54,172,125.3
3772,5.19,10:43,172,125.3
3773,5.19,10:38,173,124.7
3774,5.19,10:18,173,124.7
3775,5.2,10:18,174,124.7
3776,5.2,10:38,173,124.7
3777,5.2,10:48,173,124.7
3778,5.2,10:59,173,124.7
3779,5.2,10:54,173,124.7
3780,5.2,11:16,173,124.7
3781,5.21,10:59,174,124.7
3782,5.21,10:28,174,124.7
3783,5.21,10:48,174,124.7
3784,5.21,11:21,173,124.0
3785,5.21,10:54,173,124.0
3786,5.21,11:05,173,124.0
3787,5.21,11:45,173,124.0
3788,5.22,11:33,174,124.0
3789,5.22,11:39,174,124.0
3790,5.22,12:04,174,124.0
3791,5.22,12:18,173,124.0
3792,5.22,11:45,173,124.0
3793,5.22,11:21,174,124.0
3794,5.22,11:05,174,124.0
3795,5.23,10:48,175,123.4
3796,5.23,10:18,175,123.4
3797,5.23,10:18,174,123.4
3798,5.23,10:09,174,123.4
3799,5.23,10:05,174,123.4
3800,5.23,10:05,174,123.4
3801,5.24,10:18,175,123.4
3802,5.24,10:38,175,122.7
3803,5.24,11:21,174,122.7
3804,5.24,11:58,174,122.7
3805,5.24,12:25,175,122.7
3806,5.24,12:25,175,122.7
3807,5.24,12:04,176,122.0
3808,5.25,11:16,175,122.0
3809,5.25,10:28,174,122.0
3810,5.25,10:09,174,121.4
3811,5.25,9:51,173,121.4
3812,5.25,10:09,173,121.4
3813,5.25,10:43,174,121.4
3814,5.26,10:23,174,121.4
3815,5.26,10:23,175,121.4
3816,5.26,10:23,174,121.4
3817,5.26,9:51,174,120.7
3818,5.26,10:05,174,120.7
3819,5.26,10:33,173,120.7
3820,5.26,10:33,174,120.1
3821,5.27,11:10,174,120.1
3822,5.27,11:05,175,120.1
3823,5.27,10:28,176,120.1
3824,5.27,10:59,174,120.1
3825,5.27,10:48,174,120.1
3826,5.27,10:33,174,120.1
3827,5.28,10:28,175,120.1
3828,5.28,10:54,175,119.4
3829,5.28,10:14,176,119.4
3830,5.28,10:23,175,119.4
3831,5.28,10:38,175,119.4
3832,5.28,10:54,175,119.4
3833,5.29,10:28,175,118.8
3834,5.29,10:54,176,118.8
3835,5.29,10:38,176,118.8
3836,5.29,10:14,175,118.8
3837,5.29,10:28,175,118.8
3838,5.29,10:28,175,118.8
3839,5.29,10:28,175,118.8
3840,5.3,10:48,175,118.8
3841,5.3,10:59,174,118.8
3842,5.3,11:05,173,118.8
3843,5.3,10:54,173,118.8
3844,5.3,10:43,173,118.8
3845,5.3,10:59,174,118.8
3846,5.31,11:05,173,118.8
3847,5.31,11:27,173,118.8
3848,5.31,12:32,171,118.8
3849,5.31,11:58,171,118.8
3850,5.31,11:39,171,118.8
3851,5.31,11:33,172,118.8
3852,5.31,11:05,172,118.8
3853,5.32,10:59,173,118.8
3854,5.32,11:33,172,118.1
3855,5.32,11:21,174,118.1
3856,5.32,11:45,174,118.1
3857,5.32,11:52,174,118.1
3858,5.32,11:52,173,118.1
3859,5.32,12:18,173,118.1
3860,5.33,12:18,174,118.1
3861,5.33,12:04,173,118.1
3862,5.33,11:58,173,118.1
3863,5.33,11:39,172,118.1
3864,5.33,11:05,172,118.1
3865,5.33,11:21,173,118.1
3866,5.33,11:21,173,118.1
3867,5.34,11:10,174,118.1
3868,5.34,10:23,174,118.1
3869,5.34,10:33,173,118.1
3870,5.34,10:23,173,118.1
3871,5.34,10:09,173,118.1
3872,5.34,10:23,174,117.5
3873,5.34,11:16,173,117.5
3874,5.35,11:21,173,117.5
3875,5.35,11:33,173,117.5
3876,5.35,11:58,173,117.5
3877,5.35,12:18,172,117.5
3878,5.35,12:11,173,117.5
3879,5.35,12:25,172,117.5
3880,5.35,12:11,173,117.5
3881,5.36,12:04,173,117.5
3882,5.36,11:58,174,116.8
3883,5.36,11:21,174,117.5
3884,5.36,10:38,175,117.5
3885,5.36,10:09,175,117.5
3886,5.36,9:47,175,116.8
3887,5.37,9:18,175,116.8
3888,5.37,9:26,174,116.8
3889,5.37,9:34,174,116.8
3890,5.37,10:05,174,117.5
3891,5.37,10:09,174,117.5
3892,5.37,10:48,174,117.5
3893,5.37,11:33,174,117.5
3894,5.38,12:11,175,117.5
3895,5.38,12:46,175,117.5
3896,5.38,13:16,175,117.5
3897,5.38,12:25,174,116.8
3898,5.38,11:58,174,116.8
3899,5.38,12:11,174,116.8
3900,5.38,11:33,174,116.8
3901,5.39,11:45,175,116.8
3902,5.39,12:39,175,116.8
3903,5.39,12:25,174,116.8
3904,5.39,12:04,173,116.8
3905,5.39,11:52,173,116.8
3906,5.39,11:45,173,116.8
3907,5.39,11:21,174,116.8
3908,5.4,11:21,174,117.5
3909,5.4,11:10,174,117.5
3910,5.4,11:27,173,117.5
3911,5.4,11:27,173,117.5
3912,5.4,11:21,173,117.5
3913,5.4,11:16,173,117.5
3914,5.4,11:33,174,116.8
3915,5.41,11:45,175,117.5
3916,5.41,11:21,174,117.5
3917,5.41,11:33,172,117.5
3918,5.41,11:52,172,117.5
3919,5.41,11:21,173,117.5
3920,5.41,11:39,174,118.1
3921,5.41,12:11,173,117.5
3922,5.42,12:11,173,117.5
3923,5.42,12:32,174,117.5
3924,5.42,13:24,173,117.5
3925,5.42,12:46,173,117.5
3926,5.42,12:18,173,117.5
3927,5.42,12:32,172,117.5
3928,5.42,12:32,173,117.5
3929,5.43,11:45,174,117.5
3930,5.43,11:33,173,116.8
3931,5.43,11:21,172,116.8
3932,5.43,10:59,173,116.8
3933,5.43,10:33,173,117.5
3934,5.43,10:43,174,117.5
3935,5.43,10:18,175,117.5
3936,5.44,10:14,173,117.5
3937,5.44,10:05,174,117.5
3938,5.44,10:09,173,117.5
3939,5.44,10:33,175,117.5
3940,5.44,11:05,175,117.5
3941,5.44,11:16,175,117.5
3942,5.45,11:52,175,117.5
3943,5.45,11:39,174,117.5
3944,5.45,11:27,176,117.5
3945,5.45,11:27,176,117.5
3946,5.45,11:21,175,117.5
3947,5.45,10:43,175,117.5
3948,5.45,10:43,176,117.5
3949,5.46,10:28,174,117.5
3950,5.46,10:43,174,118.1
3951,5.46,11:05,174,118.1
3952,5.46,10:59,174,118.1
3953,5.46,11:05,174,118.1
3954,5.46,11:05,176,118.8
3955,5.47,10:28,175,118.8
3956,5.47,10:38,175,118.8
3957,5.47,10:54,175,118.8
3958,5.47,10:38,175,118.8
3959,5.47,10:33,176,118.8
3960,5.47,10:43,177,118.8
3961,5.47,10:38,177,118.8
3962,5.48,10:54,177,119.4
3963,5.48,11:05,177,119.4
3964,5.48,10:59,177,120.1
3965,5.48,11:21,177,120.1
3966,5.48,10:59,177,120.1
3967,5.48,11:27,176,120.1
3968,5.48,11:27,177,120.1
3969,5.49,11:45,177,120.1
3970,5.49,11:58,178,120.7
3971,5.49,11:52,177,120.7
3972,5.49,11:21,177,120.7
3973,5.49,10:48,177,120.7
3974,5.49,10:48,176,120.1
3975,5.5,10:05,177,120.1
3976,5.5,10:00,177,120.1
3977,5.5,9:47,176,120.7
3978,5.5,10:14,177,121.4
3979,5.5,10:23,178,121.4
3980,5.5,10:59,178,121.4
3981,5.5,11:21,178,121.4
3982,5.51,11:52,178,121.4
3983,5.51,11:58,177,122.0
3984,5.51,11:16,178,122.0
3985,5.51,11:10,177,122.7
3986,5.51,10:43,177,123.4
3987,5.51,10:14,176,123.4
3988,5.52,10:18,178,124.0
3989,5.52,10:54,177,124.0
3990,5.52,10:43,177,124.0
3991,5.52,11:27,177,124.7
3992,5.52,11:45,177,124.7
3993,5.52,11:33,178,124.7
3994,5.52,11:39,178,125.3
3995,5.53,12:39,178,125.3
3996,5.53,13:16,179,125.3
3997,5.53,12:53,179,125.3
3998,5.53,13:01,179,126.0
3999,5.53,12:53,178,126.0
4000,5.53,12:25,178,126.0
4001,5.53,11:58,178,126.0
4002,5.53,12:18,178,126.0
4003,5.54,12:25,179,126.0
4004,5.54,12:25,179,126.6
4005,5.54,12:04,178,126.6
4006,5.54,11:21,178,127.3
4007,5.54,11:16,180,127.3
4008,5.54,11:10,179,127.3
4009,5.54,11:05,179,127.3
4010,5.55,10:54,179,126.6
4011,5.55,11:16,179,126.6
4012,5.55,11:10,179,126.6
4013,5.55,10:59,180,126.0
4014,5.55,10:59,179,125.3
4015,5.55,10:59,179,124.7
4016,5.56,10:18,180,124.7
4017,5.56,10:14,179,124.0
4018,5.56,10:23,181,123.4
4019,5.56,10:33,179,122.7
4020,5.56,10:54,179,122.7
4021,5.56,11:27,179,122.0
4022,5.56,11:52,180,122.0
4023,5.57,11:27,180,121.4
4024,5.57,11:16,180,120.7
4025,5.57,10:43,179,120.1
4026,5.57,10:18,179,120.1
4027,5.57,9:47,179,119.4
4028,5.57,9:51,178,119.4
4029,5.58,9:11,179,118.8
4030,5.58,8:56,178,118.8
4031,5.58,8:56,179,118.8
4032,5.58,9:00,179,118.8
4033,5.58,9:07,179,118.8
4034,5.59,9:30,179,118.8
4035,5.59,10:18,180,118.8
4036,5.59,10:28,179,118.8
4037,5.59,10:43,179,118.1
4038,5.59,10:43,179,118.1
4039,5.59,10:54,178,118.1
4040,5.59,10:38,178,118.1
4041,5.6,11:05,178,118.1
4042,5.6,11:21,180,118.1
4043,5.6,11:05,179,118.1
4044,5.6,10:54,178,118.1
4045,5.6,10:59,178,118.1
4046,5.6,10:38,179,118.1
4047,5.61,10:38,179,118.1
4048,5.61,11:05,180,118.1
4049,5.61,11:33,179,118.1
4050,5.61,11:39,179,118.1
4051,5.61,11:52,179,118.1
4052,5.61,11:16,179,118.1
4053,5.61,11:10,179,117.5
4054,5.62,10:38,179,117.5
4055,5.62,10:18,179,117.5
4056,5.62,10:18,179,117.5
4057,5.62,10:33,179,117.5
4058,5.62,10:28,178,117.5
4059,5.62,10:48,178,117.5
4060,5.62,11:10,178,117.5
4061,5.63,10:54,179,116.8
4062,5.63,10:59,178,116.8
4063,5.63,11:39,177,116.8
4064,5.63,11:39,177,117.5
4065,5.63,11:05,177,117.5
4066,5.63,11:16,178,117.5
4067,5.64,11:33,177,117.5
4068,5.64,10:48,177,117.5
4069,5.64,11:10,177,116.8
4070,5.64,12:11,177,116.8
4071,5.64,12:46,178,116.8
4072,5.64,12:11,177,117.5
4073,5.64,11:52,177,117.5
4074,5.65,10:54,177,117.5
4075,5.65,10:14,178,117.5
4076,5.65,9:26,177,116.8
4077,5.65,9:22,177,116.8
4078,5.65,9:43,177,116.8
4079,5.65,10:09,177,116.8
4080,5.66,10:43,179,116.8
4081,5.66,11:16,177,116.8
4082,5.66,11:45,177,116.8
4083,5.66,11:52,177,116.8
4084,5.66,11:58,177,116.8
4085,5.66,11:52,177,116.8
4086,5.66,11:52,178,116.8
4087,5.67,11:39,178,116.8
4088,5.67,11:21,177,116.8
4089,5.67,11:45,176,116.8
4090,5.67,11:27,177,116.8
4091,5.67,11:21,177,116.8
4092,5.67,11:21,177,116.8
4093,5.67,11:58,178,116.1
4094,5.68,11:10,177,116.1
4095,5.68,11:21,177,116.1
4096,5.68,11:16,177,116.1
4097,5.68,10:59,177,116.1
4098,5.68,10:33,178,116.1
4099,5.68,10:38,178,116.1
4100,5.68,10:09,177,116.1
4101,5.69,9:51,178,116.1
4102,5.69,10:00,178,116.1
4103,5.69,9:51,179,116.1
4104,5.69,9:38,180,116.1
4105,5.69,9:38,179,116.1
4106,5.7,10:18,179,116.1
4107,5.7,10:23,178,116.1
4108,5.7,10:43,178,116.1
4109,5.7,10:59,178,116.1
4110,5.7,11:10,178,116.1
4111,5.7,10:48,178,116.1
4112,5.7,10:59,177,116.1
4113,5.71,11:10,178,116.1
4114,5.71,11:21,178,116.1
4115,5.71,11:39,180,116.1
4116,5.71,11:16,180,116.1
4117,5.71,10:48,179,116.1
4118,5.71,10:38,179,116.1
4119,5.71,10:59,180,116.1
4120,5.72,10:48,180,116.1
4121,5.72,11:21,179,116.1
4122,5.72,11:39,179,116.1
4123,5.72,11:21,179,116.1
4124,5.72,10:54,179,116.1
4125,5.72,10:48,179,116.1
4126,5.73,10:59,179,115.5
4127,5.73,11:10,178,115.5
4128,5.73,11:39,179,115.5
4129,5.73,11:21,178,115.5
4130,5.73,11:21,178,115.5
4131,5.73,11:21,178,115.5
4132,5.73,11:16,178,115.5
4133,5.74,11:05,178,115.5
4134,5.74,11:27,177,115.5
4135,5.74,11:45,177,115.5
4136,5.74,11:39,177,115.5
4137,5.74,11:33,178,115.5
4138,5.74,11:21,178,115.5
4139,5.74,11:10,178,115.5
4140,5.75,10:38,177,115.5
4141,5.75,10:59,177,115.5
4142,5.75,11:10,177,115.5
4143,5.75,10:59,178,115.5
4144,5.75,10:48,178,115.5
4145,5.75,10:28,177,114.8
4146,5.76,10:00,178,114.8
4147,5.76,9:38,177,114.8
4148,5.76,9:51,178,114.8
4149,5.76,10:14,178,114.8
4150,5.76,10:38,178,114.8
4151,5.76,10:38,178,114.8
4152,5.76,10:59,178,114.2
4153,5.77,10:48,179,114.8
4154,5.77,10:33,179,114.8
4155,5.77,11:05,178,114.2
4156,5.77,11:33,179,114.2
4157,5.77,12:11,179,114.2
4158,5.77,12:25,180,113.5
4159,5.77,12:39,179,113.5
4160,5.78,12:11,179,112.9
4161,5.78,11:52,178,112.9
4162,5.78,11:05,178,112.2
4163,5.78,10:59,178,112.2
4164,5.78,11:05,180,112.2
4165,5.78,10:38,178,112.2
4166,5.79,10:38,178,112.2
4167,5.79,10:33,178,112.2
4168,5.79,10:48,179,112.2
4169,5.79,10:54,179,112.2
4170,5.79,11:21,179,112.2
4171,5.79,11:27,179,112.2
4172,5.79,11:33,179,112.2
4173,5.8,11:21,180,112.2
4174,5.8,10:43,178,112.2
4175,5.8,11:05,179,112.2
4176,5.8,10:43,179,111.5
4177,5.8,10:33,178,111.5
4178,5.8,10:54,178,111.5
4179,5.8,11:33,178,111.5
4180,5.81,11:27,178,110.9
4181,5.81,11:52,178,110.9
4182,5.81,12:11,177,110.9
4183,5.81,11:52,177,110.9
4184,5.81,10:54,178,110.9
4185,5.81,10:38,176,110.2
4186,5.81,11:10,174,110.2
4187,5.82,11:21,170,110.2
4188,5.82,10:54,167,109.6
4189,5.82,11:52,161,109.6
4190,5.82,11:27,154,108.9
4191,5.82,10:54,150,108.9
4192,5.82,10:43,149,108.3
4193,5.83,11:10,149,108.3
4194,5.83,11:27,147,107.6
4195,5.83,12:18,152,107.6
4196,5.83,12:32,160,107.6
4197,5.83,13:08,164,107.0
4198,5.83,13:16,166,107.0
4199,5.83,12:04,168,106.3
4200,5.83,11:39,168,106.3
4201,5.84,11:10,169,105.6
4202,5.84,10:38,171,105.6
4203,5.84,10:09,172,105.6
4204,5.84,10:18,173,105.0
4205,5.84,9:56,175,105.0
4206,5.85,9:47,176,104.3
4207,5.85,9:26,176,103.7
4208,5.85,9:26,177,103.7
4209,5.85,9:18,177,103.7
4210,5.85,9:38,177,103.0
4211,5.85,10:05,179,103.0
4212,5.86,10:14,179,103.0
4213,5.86,10:33,178,103.0
4214,5.86,10:33,178,103.0
4215,5.86,10:33,179,103.0
4216,5.86,10:14,180,103.0
4217,5.86,10:14,180,103.0
4218,5.86,10:00,179,102.4
4219,5.87,10:09,178,102.4
4220,5.87,10:05,179,102.4
4221,5.87,10:18,181,103.0
4222,5.87,11:16,180,103.0
4223,5.87,12:53,178,103.0
4224,5.87,13:08,179,103.0
4225,5.88,12:04,180,103.7
4226,5.88,11:27,178,104.3
4227,5.88,9:56,178,105.0
4228,5.88,8:52,179,105.6
4229,5.88,8:49,179,106.3
4230,5.88,9:34,179,107.0
4231,5.89,9:30,179,107.0
4232,5.89,10:09,180,107.0
4233,5.89,10:33,179,107.0
4234,5.89,10:33,179,107.0
4235,5.89,10:28,180,107.0
4236,5.89,11:21,179,107.0
4237,5.89,11:39,178,107.0
4238,5.9,11:45,178,107.0
4239,5.9,11:58,179,106.3
4240,5.9,12:11,180,106.3
4241,5.9,11:58,179,106.3
4242,5.9,11:45,178,106.3
4243,5.9,11:52,180,106.3
4244,5.9,11:33,179,106.3
4245,5.91,11:33,178,106.3
4246,5.91,11:21,178,106.3
4247,5.91,11:27,179,106.3
4248,5.91,11:16,179,106.3
4249,5.91,11:52,180,106.3
4250,5.91,11:33,181,106.3
4251,5.91,11:27,180,105.6
4252,5.92,11:16,180,105.6
4253,5.92,10:48,180,105.6
4254,5.92,10:33,180,105.0
4255,5.92,10:23,181,105.0
4256,5.92,9:51,179,105.6
4257,5.92,10:14,179,105.6
4258,5.93,10:48,181,105.6
4259,5.93,10:38,179,105.6
4260,5.93,11:16,180,105.6
4261,5.93,11:52,180,105.6
4262,5.93,11:33,180,105.6
4263,5.93,11:16,180,105.6
4264,5.93,11:39,179,105.0
4265,5.94,11:33,180,105.0
4266,5.94,11:33,179,105.0
4267,5.94,11:10,179,105.0
4268,5.94,11:16,178,105.0
4269,5.94,10:48,180,104.3
4270,5.94,10:23,179,104.3
4271,5.95,10:05,179,103.7
4272,5.95,10:33,179,103.7
4273,5.95,10:23,179,103.7
4274,5.95,10:18,180,103.7
4275,5.95,10:33,182,103.7
4276,5.95,11:10,180,103.7
4277,5.95,11:21,179,103.7
4278,5.96,11:27,181,103.7
4279,5.96,11:52,182,103.7
4280,5.96,11:33,182,103.7
4281,5.96,11:21,182,104.3
4282,5.96,10:18,181,105.0
4283,5.96,10:09,183,105.0
4284,5.97,9:56,182,105.0
4285,5.97,9:56,181,105.6
4286,5.97,10:00,182,106.3
4287,5.97,10:28,183,107.0
4288,5.97,10:43,182,107.6
4289,5.97,10:48,182,108.3
4290,5.97,10:48,182,108.9
4291,5.98,11:21,183,108.9
4292,5.98,12:11,183,109.6
4293,5.98,13:01,183,110.2
4294,5.98,14:07,183,110.9
4295,5.98,14:34,183,111.5
4296,5.98,14:25,185,111.5
4297,5.98,13:41,182,111.5
4298,5.98,12:39,183,111.5
4299,5.99,11:45,183,111.5
4300,5.99,11:45,183,110.9
4301,5.99,11:10,183,110.2
4302,5.99,11:05,182,109.6
4303,5.99,10:59,182,108.3
4304,5.99,10:48,182,107.0
4305,6.0,10:33,183,106.3
4306,6.0,10:28,183,105.0
4307,6.0,10:33,184,104.3
4308,6.0,10:48,184,103.7
4309,6.0,10:54,184,103.0
4310,6.0,11:21,183,102.4
4311,6.0,11:39,184,102.4
4312,6.01,11:10,184,102.4
4313,6.01,10:14,184,102.4
4314,6.01,9:22,185,102.4
4315,6.01,8:29,185,102.4
4316,6.01,8:07,183,102.4
4317,6.02,8:04,184,103.0
4318,6.02,8:10,185,103.0
4319,6.02,8:42,184,103.0
4320,6.02,9:30,184,103.0
4321,6.02,10:14,185,103.0
4322,6.02,10:59,185,103.0
4323,6.03,11:58,185,103.0
4324,6.03,11:58,185,103.0
4325,6.03,11:33,185,103.0
4326,6.03,11:21,185,103.0
4327,6.03,10:05,184,103.0
4328,6.03,9:26,184,103.7
4329,6.04,9:30,184,104.3
4330,6.04,9:47,184,104.3
4331,6.04,9:43,185,104.3
4332,6.04,10:38,184,105.0
4333,6.04,10:48,183,105.0
4334,6.04,11:16,186,105.0
4335,6.04,11:10,185,105.0
4336,6.05,11:05,184,105.0
4337,6.05,11:10,185,105.0
4338,6.05,11:21,185,105.0
4339,6.05,10:54,183,104.3
4340,6.05,10:48,185,104.3
4341,6.05,10:48,184,104.3
4342,6.06,9:47,183,103.7
4343,6.06,10:00,185,103.7
4344,6.06,10:05,186,103.7
4345,6.06,9:51,184,103.7
4346,6.06,10:00,183,103.7
4347,6.06,11:05,183,103.7
4348,6.06,10:59,182,103.7
4349,6.07,11:52,183,103.7
4350,6.07,12:32,182,103.7
4351,6.07,13:01,181,103.7
4352,6.07,12:46,181,103.7
4353,6.07,13:08,181,103.0
4354,6.07,13:08,181,103.7
4355,6.07,12:46,180,103.7
4356,6.08,12:39,181,103.7
4357,6.08,12:11,181,103.7
4358,6.08,11:27,181,104.3
4359,6.08,11:05,181,104.3
4360,6.08,11:16,182,104.3
4361,6.08,10:28,182,104.3
4362,6.08,10:38,183,104.3
4363,6.09,10:28,182,104.3
4364,6.09,10:23,184,104.3
4365,6.09,10:05,184,104.3
4366,6.09,10:23,184,104.3
4367,6.09,10:33,183,104.3
4368,6.09,10:59,185,104.3
4369,6.1,10:48,185,104.3
4370,6.1,10:43,184,104.3
4371,6.1,10:59,185,104.3
4372,6.1,11:10,185,103.7
4373,6.1,11:39,185,103.7
4374,6.1,11:52,185,103.7
4375,6.1,11:39,185,103.7
4376,6.11,10:33,184,103.7
4377,6.11,10:05,186,103.7
4378,6.11,9:38,185,103.7
4379,6.11,9:22,184,103.7
4380,6.11,9:43,184,103.0
4381,6.11,10:09,185,103.0
4382,6.12,10:38,186,103.0
4383,6.12,10:43,183,102.4
4384,6.12,10:43,184,102.4
4385,6.12,10:38,185,102.4
4386,6.12,10:33,184,102.4
4387,6.12,10:43,183,103.0
4388,6.13,11:16,183,102.4
4389,6.13,11:45,183,102.4
4390,6.13,12:46,182,102.4
4391,6.13,14:54,181,102.4
4392,6.13,15:04,183,101.7
4393,6.13,14:34,183,101.7
4394,6.13,13:58,181,102.4
4395,6.13,13:01,182,102.4
4396,6.14,11:45,183,102.4
4397,6.14,11:27,182,102.4
4398,6.14,11:10,181,103.0
4399,6.14,10:23,183,103.0
4400,6.14,9:51,183,102.4
4401,6.14,9:38,183,102.4
4402,6.15,9:11,181,102.4
4403,6.15,9:14,183,102.4
4404,6.15,9:43,183,101.7
4405,6.15,9:56,184,101.7
4406,6.15,10:09,183,102.4
4407,6.15,10:14,183,102.4
4408,6.16,10:09,182,102.4
4409,6.16,10:00,185,102.4
4410,6.16,10:18,183,102.4
4411,6.16,10:28,183,102.4
4412,6.16,10:48,184,102.4
4413,6.16,10:59,184,102.4
4414,6.16,11:33,183,102.4
4415,6.17,11:33,184,102.4
4416,6.17,11:10,185,102.4
4417,6.17,10:43,183,102.4
4418,6.17,10:18,184,103.0
4419,6.17,10:18,184,103.0
4420,6.17,10:18,183,103.0
4421,6.18,10:14,184,103.0
4422,6.18,10:23,184,103.0
4423,6.18,10:23,183,103.0
4424,6.18,10:18,184,103.0
4425,6.18,10:05,184,103.0
4426,6.18,10:09,184,103.7
4427,6.19,10:33,183,103.7
4428,6.19,11:10,185,103.7
4429,6.19,11:27,183,103.0
4430,6.19,12:04,182,103.0
4431,6.19,12:25,184,103.7
4432,6.19,12:04,183,103.7
4433,6.19,11:21,184,103.7
4434,6.2,10:48,185,103.7
4435,6.2,10:38,184,103.7
4436,6.2,10:54,183,104.3
4437,6.2,11:10,183,104.3
4438,6.2,11:39,183,105.0
4439,6.2,12:11,184,105.0
4440,6.2,12:18,183,105.0
4441,6.21,11:39,183,105.0
4442,6.21,11:21,183,105.0
4443,6.21,11:10,182,105.0
4444,6.21,10:43,183,105.0
4445,6.21,10:28,184,104.3
4446,6.21,10:33,183,104.3
4447,6.21,10:38,184,103.7
4448,6.22,10:14,185,103.7
4449,6.22,10:14,183,103.7
4450,6.22,10:23,183,103.7
4451,6.22,10:23,185,103.7
4452,6.22,10:23,184,103.7
4453,6.22,10:38,184,103.7
4454,6.23,10:38,185,103.7
4455,6.23,10:43,185,103.7
4456,6.23,10:18,185,104.3
4457,6.23,9:47,184,104.3
4458,6.23,9:47,184,104.3
4459,6.23,9:56,186,105.0
4460,6.24,9:56,185,105.0
4461,6.24,10:23,186,105.0
4462,6.24,10:48,185,105.6
4463,6.24,11:05,184,105.6
4464,6.24,11:10,184,105.6
4465,6.24,10:54,184,105.6
4466,6.25,10:48,184,105.6
4467,6.25,11:27,184,106.3
4468,6.25,11:27,184,106.3
4469,6.25,11:21,185,106.3
4470,6.25,11:27,185,106.3
4471,6.25,11:05,186,106.3
4472,6.25,10:43,184,106.3
4473,6.26,10:33,184,105.6
4474,6.26,10:09,185,105.6
4475,6.26,10:00,185,105.6
4476,6.26,10:28,183,105.0
4477,6.26,10:38,185,105.0
4478,6.26,11:21,184,105.0
4479,6.26,12:32,183,105.0
4480,6.27,12:53,183,105.0
4481,6.27,13:16,182,105.0
4482,6.27,12:46,182,105.0
4483,6.27,12:18,182,105.0
4484,6.27,11:33,182,104.3
4485,6.27,10:48,182,104.3
4486,6.28,9:51,183,103.7
4487,6.28,9:30,183,103.7
4488,6.28,9:03,182,103.7
4489,6.28,9:07,182,103.7
4490,6.28,9:38,182,103.7
4491,6.28,10:09,181,103.7
4492,6.28,11:05,183,103.7
4493,6.29,10:54,183,103.7
4494,6.29,10:23,182,103.7
4495,6.29,10:05,184,103.0
4496,6.29,10:00,184,103.0
4497,6.29,9:34,183,103.0
4498,6.29,9:56,184,102.4
4499,6.3,10:48,184,102.4
4500,6.3,11:10,183,102.4
4501,6.3,11:45,184,102.4
4502,6.3,11:58,184,102.4
4503,6.3,12:32,183,102.4
4504,6.3,12:18,182,102.4
4505,6.3,12:18,183,102.4
4506,6.31,11:58,183,102.4
4507,6.31,12:18,182,102.4
4508,6.31,12:25,183,102.4
4509,6.31,12:18,182,102.4
4510,6.31,11:21,181,101.7
4511,6.31,10:48,182,101.7
4512,6.32,10:14,181,101.7
4513,6.32,9:38,181,101.0
4514,6.32,9:51,181,101.0
4515,6.32,11:05,181,101.0
4516,6.32,12:25,179,101.0
4517,6.32,13:01,180,101.0
4518,6.32,13:49,181,101.0
4519,6.32,12:53,180,101.0
4520,6.33,11:33,179,101.0
4521,6.33,10:38,180,101.0
4522,6.33,9:51,180,101.0
4523,6.33,9:30,180,101.0
4524,6.33,9:26,181,101.0
4525,6.34,9:30,181,101.0
4526,6.34,9:30,180,101.7
4527,6.34,10:09,181,101.7
4528,6.34,10:43,181,101.7
4529,6.34,11:39,180,101.7
4530,6.34,12:53,181,101.7
4531,6.34,13:08,182,101.7
4532,6.34,13:01,182,102.4
4533,6.35,13:08,182,102.4
4534,6.35,12:53,180,103.0
4535,6.35,12:39,181,103.0
4536,6.35,12:39,182,103.0
4537,6.35,12:32,180,103.0
4538,6.35,12:32,181,103.0
4539,6.35,12:39,182,103.0
4540,6.36,12:25,180,103.7
4541,6.36,12:32,181,103.7
4542,6.36,12:32,181,104.3
4543,6.36,11:45,180,104.3
4544,6.36,11:05,181,104.3
4545,6.36,10:33,182,104.3
4546,6.36,10:23,180,104.3
4547,6.37,10:54,182,104.3
4548,6.37,10:48,182,104.3
4549,6.37,10:54,182,103.7
4550,6.37,11:05,183,103.7
4551,6.37,10:48,183,103.7
4552,6.37,10:23,182,103.7
4553,6.37,10:54,182,103.7
4554,6.38,11:05,182,103.7
4555,6.38,11:27,183,103.7
4556,6.38,11:39,182,103.7
4557,6.38,11:27,183,103.7
4558,6.38,10:54,183,103.7
4559,6.38,11:16,184,103.7
4560,6.39,10:28,182,103.0
4561,6.39,10:05,183,103.0
4562,6.39,10:23,184,103.0
4563,6.39,10:43,183,103.0
4564,6.39,10:09,183,103.0
4565,6.39,10:33,184,103.0
4566,6.4,10:59,184,103.0
4567,6.4,10:48,183,103.0
4568,6.4,10:59,184,103.7
4569,6.4,11:05,183,103.7
4570,6.4,11:10,183,103.7
4571,6.4,11:27,184,103.7
4572,6.4,11:27,183,103.7
4573,6.41,11:33,182,103.0
4574,6.41,11:45,183,103.0
4575,6.41,11:52,183,103.0
4576,6.41,11:45,183,103.0
4577,6.41,11:33,182,102.4
4578,6.41,10:59,183,102.4
4579,6.41,10:23,184,102.4
4580,6.42,9:56,184,102.4
4581,6.42,10:09,183,101.7
4582,6.42,10:14,183,101.7
4583,6.42,10:09,183,101.7
4584,6.42,10:38,183,101.0
4585,6.42,10:28,182,101.0
4586,6.43,9:43,184,101.0
4587,6.43,9:07,185,101.0
4588,6.43,9:14,184,101.0
4589,6.43,9:07,183,100.4
4590,6.43,9:30,184,100.4
4591,6.43,10:14,183,100.4
4592,6.44,10:33,182,100.4
4593,6.44,10:18,182,101.0
4594,6.44,10:38,180,101.0
4595,6.44,10:28,177,101.0
4596,6.44,10:09,174,101.0
4597,6.44,10:14,173,101.0
4598,6.45,9:47,174,101.0
4599,6.45,9:22,176,101.7
4600,6.45,9:11,177,101.7
4601,6.45,9:11,178,101.7
4602,6.45,9:30,178,102.4
4603,6.45,10:05,178,103.0
4604,6.46,10:23,178,103.0
4605,6.46,10:43,181,103.0
4606,6.46,10:43,181,103.0
4607,6.46,10:43,181,103.0
4608,6.46,10:33,184,103.7
4609,6.46,10:33,182,103.7
4610,6.47,10:33,184,104.3
4611,6.47,10:28,185,105.0
4612,6.47,10:33,184,105.6
4613,6.47,10:38,184,105.6
4614,6.47,10:00,186,106.3
4615,6.47,9:51,185,106.3
4616,6.48,9:47,185,106.3
4617,6.48,9:18,187,106.3
4618,6.48,9:30,185,106.3
4619,6.48,10:09,186,107.0
4620,6.48,10:09,186,107.0
4621,6.48,10:09,185,106.3
4622,6.49,10:14,186,106.3
4623,6.49,10:05,185,106.3
4624,6.49,9:47,185,106.3
4625,6.49,10:00,186,105.6
4626,6.49,10:28,185,105.6
4627,6.49,10:59,185,105.6
4628,6.49,11:27,185,105.0
4629,6.5,12:11,185,105.0
4630,6.5,12:53,187,105.0
4631,6.5,13:01,184,105.0
4632,6.5,13:24,185,105.0
4633,6.5,13:24,183,105.0
4634,6.5,13:16,183,105.0
4635,6.5,13:24,185,105.0
4636,6.5,12:53,184,105.0
4637,6.51,12:25,184,105.0
4638,6.51,12:11,185,104.3
4639,6.51,12:04,183,104.3
4640,6.51,10:54,184,104.3
4641,6.51,10:54,182,104.3
4642,6.51,10:54,182,104.3
4643,6.52,10:59,183,104.3
4644,6.52,11:10,182,104.3
4645,6.52,11:39,181,104.3
4646,6.52,11:39,181,104.3
4647,6.52,11:58,182,104.3
4648,6.52,11:33,182,104.3
4649,6.52,11:16,183,104.3
4650,6.53,11:16,183,103.7
4651,6.53,11:05,183,103.7
4652,6.53,10:38,184,104.3
4653,6.53,10:48,183,104.3
4654,6.53,10:48,184,104.3
4655,6.53,10:43,185,105.0
4656,6.53,10:54,184,105.0
4657,6.54,10:59,185,105.0
4658,6.54,11:16,186,105.0
4659,6.54,11:10,184,105.0
4660,6.54,11:27,184,104.3
4661,6.54,12:53,184,104.3
4662,6.54,13:24,183,104.3
4663,6.54,13:24,184,105.0
4664,6.55,13:41,184,105.0
4665,6.55,13:32,184,105.0
4666,6.55,12:11,185,105.0
4667,6.55,12:04,184,105.0
4668,6.55,12:18,182,105.0
4669,6.55,12:39,184,105.0
4670,6.55,13:01,184,105.0
4671,6.55,13:08,184,105.0
4672,6.56,13:41,183,105.0
4673,6.56,12:39,183,105.0
4674,6.56,12:04,184,105.0
4675,6.56,12:04,183,104.3
4676,6.56,11:45,185,104.3
4677,6.56,11:21,184,103.7
4678,6.56,11:39,184,103.7
4679,6.57,11:27,185,103.7
4680,6.57,11:05,184,103.7
4681,6.57,11:21,186,103.7
4682,6.57,10:48,185,103.7
4683,6.57,10:43,184,103.0
4684,6.57,10:59,186,103.0
4685,6.58,11:10,185,102.4
4686,6.58,11:05,184,101.7
4687,6.58,11:45,186,101.0
4688,6.58,11:58,185,101.0
4689,6.58,11:52,185,100.4
4690,6.58,11:39,186,100.4
4691,6.58,11:33,185,100.4
4692,6.59,11:05,186,100.4
4693,6.59,11:10,185,100.4
4694,6.59,11:05,185,100.4
4695,6.59,10:54,186,100.4
4696,6.59,10:43,185,100.4
4697,6.59,11:21,184,100.4
4698,6.59,11:39,186,100.4
4699,6.6,11:52,184,100.4
4700,6.6,12:18,184,100.4
4701,6.6,12:25,186,100.4
4702,6.6,11:52,185,99.7
4703,6.6,11:45,186,99.7
4704,6.6,11:21,185,99.1
4705,6.6,11:39,184,98.4
4706,6.61,11:52,185,97.8
4707,6.61,11:58,184,97.8
4708,6.61,12:18,184,97.1
4709,6.61,12:46,185,97.1
4710,6.61,12:32,185,96.5
4711,6.61,12:11,184,96.5
4712,6.61,11:45,185,95.8
4713,6.62,10:59,185,95.1
4714,6.62,10:59,184,94.5
4715,6.62,10:43,185,94.5
4716,6.62,10:43,184,94.5
4717,6.62,10:59,183,93.8
4718,6.62,10:54,183,93.8
4719,6.62,10:54,185,93.2
4720,6.63,11:10,183,93.2
4721,6.63,11:27,181,93.2
4722,6.63,11:58,182,93.2
4723,6.63,13:16,182,93.2
4724,6.63,13:49,181,93.2
4725,6.63,15:24,180,93.2
4726,6.63,18:07,181,92.5
4727,6.63,18:37,181,93.2
4728,6.63,16:45,182,93.2
4729,6.64,14:54,182,93.2
4730,6.64,12:18,181,93.2
4731,6.64,10:59,181,93.8
4732,6.64,10:18,182,93.8
4733,6.64,10:48,181,93.2
4734,6.64,11:27,181,93.2
4735,6.64,12:11,182,93.2
4736,6.65,12:18,182,93.2
4737,6.65,12:25,181,93.2
4738,6.65,11:52,180,93.2
4739,6.65,12:04,181,93.2
4740,6.65,12:04,181,92.5
4741,6.65,11:52,182,91.9
4742,6.65,12:04,181,91.9
4743,6.66,11:27,182,91.2
4744,6.66,11:27,183,91.2
4745,6.66,11:21,183,90.6
4746,6.66,11:21,181,90.6
4747,6.66,11:05,181,89.9
4748,6.66,11:39,183,89.9
4749,6.66,11:10,182,89.2
4750,6.67,11:10,182,89.2
4751,6.67,11:05,182,88.6
4752,6.67,11:10,183,88.6
4753,6.67,10:59,182,87.9
4754,6.67,11:16,182,87.9
4755,6.67,11:33,181,87.9
4756,6.67,11:45,181,87.3
4757,6.68,11:45,182,87.3
4758,6.68,11:45,181,86.6
4759,6.68,11:27,180,86.6
4760,6.68,10:59,180,86.6
4761,6.68,10:33,182,86.6
4762,6.68,10:33,181,86.6
4763,6.69,10:23,181,86.6
4764,6.69,10:00,180,86.6
4765,6.69,10:14,181,86.6
4766,6.69,10:05,181,86.6
4767,6.69,9:51,181,86.6
4768,6.69,10:18,182,86.6
4769,6.7,10:48,180,86.6
4770,6.7,10:54,179,86.6
4771,6.7,11:45,179,86.6
4772,6.7,12:32,177,86.6
4773,6.7,12:32,175,86.0
4774,6.7,12:39,173,86.0
4775,6.7,13:01,169,86.0
4776,6.7,13:24,167,86.0
4777,6.71,12:46,161,86.0
4778,6.71,11:45,155,85.3
4779,6.71,12:25,152,85.3
4780,6.71,11:21,157,84.6
4781,6.71,10:28,164,84.6
4782,6.71,10:33,168,84.0
4783,6.72,11:21,170,84.0
4784,6.72,11:05,172,84.0
4785,6.72,11:21,172,84.0
4786,6.72,11:21,173,84.0
4787,6.72,11:16,175,84.0
4788,6.72,10:59,176,84.0
4789,6.72,10:54,176,84.0
4790,6.73,11:27,176,84.0
4791,6.73,11:39,178,84.0
4792,6.73,12:11,178,84.0
4793,6.73,12:39,178,84.0
4794,6.73,13:01,178,84.0
4795,6.73,13:01,178,83.3
4796,6.73,13:49,180,83.3
4797,6.73,13:49,180,83.3
4798,6.74,14:25,180,83.3
4799,6.74,14:07,180,83.3
4800,6.74,14:25,181,83.3
4801,6.74,13:16,180,84.0
4802,6.74,12:46,181,83.3
4803,6.74,12:04,181,83.3
4804,6.74,11:58,180,83.3
4805,6.74,11:33,179,83.3
4806,6.75,12:11,180,83.3
4807,6.75,12:32,179,83.3
4808,6.75,12:11,179,82.7
4809,6.75,12:04,178,82.7
4810,6.75,12:04,179,82.7
4811,6.75,11:33,179,82.7
4812,6.75,11:21,178,82.7
4813,6.76,11:33,179,82.7
4814,6.76,11:10,179,82.7
4815,6.76,10:59,179,82.7
4816,6.76,10:59,178,82.7
4817,6.76,10:59,179,82.7
4818,6.76,11:21,178,82.0
4819,6.76,12:04,179,82.0
4820,6.77,13:01,179,82.0
4821,6.77,14:16,178,82.0
4822,6.77,14:07,178,82.7
4823,6.77,14:07,179,82.7
4824,6.77,13:58,179,82.7
4825,6.77,13:24,179,82.7
4826,6.77,13:24,179,82.7
4827,6.77,13:58,180,82.7
4828,6.78,12:53,179,82.7
4829,6.78,12:32,178,82.7
4830,6.78,12:39,179,82.7
4831,6.78,12:25,179,82.7
4832,6.78,12:46,178,82.7
4833,6.78,13:16,179,82.7
4834,6.78,14:07,179,82.7
4835,6.78,13:49,179,82.7
4836,6.79,13:01,177,82.7
4837,6.79,12:25,178,82.7
4838,6.79,12:25,178,82.7
4839,6.79,11:33,179,82.0
4840,6.79,11:10,178,82.7
4841,6.79,11:05,178,82.7
4842,6.79,11:16,178,82.7
4843,6.8,10:59,179,83.3
4844,6.8,11:33,179,83.3
4845,6.8,11:58,179,83.3
4846,6.8,12:18,179,83.3
4847,6.8,12:04,179,83.3
4848,6.8,12:11,179,83.3
4849,6.8,12:04,179,83.3
4850,6.81,11:58,180,83.3
4851,6.81,11:58,180,83.3
4852,6.81,11:52,179,83.3
4853,6.81,11:58,179,83.3
4854,6.81,11:58,180,83.3
4855,6.81,12:25,178,83.3
4856,6.81,12:25,179,83.3
4857,6.82,12:46,179,83.3
4858,6.82,13:24,180,83.3
4859,6.82,12:46,179,83.3
4860,6.82,12:25,178,83.3
4861,6.82,12:18,178,83.3
4862,6.82,12:11,179,83.3
4863,6.82,11:21,180,83.3
4864,6.82,11:39,180,83.3
4865,6.83,11:52,179,83.3
4866,6.83,11:52,179,82.7
4867,6.83,11:52,180,83.3
4868,6.83,12:46,180,83.3
4869,6.83,12:18,180,83.3
4870,6.83,12:11,181,83.3
4871,6.83,13:01,180,82.7
4872,6.84,12:46,180,82.7
4873,6.84,12:11,180,82.7
4874,6.84,13:01,181,82.7
4875,6.84,13:16,181,82.7
4876,6.84,12:46,181,82.7
4877,6.84,13:01,182,82.7
4878,6.84,12:39,182,82.7
4879,6.85,11:58,181,82.7
4880,6.85,11:33,180,82.7
4881,6.85,11:21,181,82.7
4882,6.85,11:21,180,82.7
4883,6.85,11:27,179,82.7
4884,6.85,11:33,181,82.7
4885,6.85,11:58,181,82.7
4886,6.85,11:58,179,82.7
4887,6.86,11:45,180,82.7
4888,6.86,11:58,181,82.7
4889,6.86,12:04,181,82.7
4890,6.86,11:33,179,82.7
4891,6.86,11:05,179,83.3
4892,6.86,10:43,181,83.3
4893,6.87,10:43,181,83.3
4894,6.87,10:54,180,83.3
4895,6.87,11:21,180,83.3
4896,6.87,12:11,181,83.3
4897,6.87,12:25,179,83.3
4898,6.87,12:39,179,83.3
4899,6.87,12:18,181,83.3
4900,6.87,12:04,180,83.3
4901,6.88,11:52,180,84.0
4902,6.88,11:58,181,84.0
4903,6.88,11:45,180,84.0
4904,6.88,11:58,180,84.0
4905,6.88,12:04,180,84.0
4906,6.88,11:45,179,84.0
4907,6.88,12:11,179,84.0
4908,6.89,12:18,180,84.0
4909,6.89,12:11,181,84.0
4910,6.89,11:58,180,84.6
4911,6.89,12:11,180,84.6
4912,6.89,12:04,181,85.3
4913,6.89,12:04,181,86.0
4914,6.89,12:32,179,86.0
4915,6.9,12:46,180,86.6
4916,6.9,13:16,181,86.6
4917,6.9,13:08,180,87.3
4918,6.9,13:01,180,87.3
4919,6.9,12:25,180,87.3
4920,6.9,12:04,180,87.9
4921,6.9,11:52,180,87.9
4922,6.9,12:25,180,87.9
4923,6.91,13:24,179,88.6
4924,6.91,14:44,179,88.6
4925,6.91,15:24,181,89.2
4926,6.91,15:14,181,89.2
4927,6.91,14:25,180,89.2
4928,6.91,13:01,180,89.2
4929,6.91,11:45,181,89.2
4930,6.91,11:16,180,89.2
4931,6.92,10:38,181,89.2
4932,6.92,10:38,182,89.9
4933,6.92,11:05,181,89.9
4934,6.92,11:05,181,89.9
4935,6.92,11:10,181,90.6
4936,6.92,12:04,181,90.6
4937,6.92,12:25,181,91.2
4938,6.93,12:32,183,91.9
4939,6.93,13:41,181,91.9
4940,6.93,13:16,182,92.5
4941,6.93,13:24,182,92.5
4942,6.93,13:32,180,93.2
4943,6.93,13:01,181,93.2
4944,6.93,12:04,180,93.2
4945,6.94,12:32,180,93.8
4946,6.94,11:52,182,93.8
4947,6.94,11:33,180,94.5
4948,6.94,11:45,181,95.1
4949,6.94,12:25,182,95.1
4950,6.94,12:46,181,95.8
4951,6.94,13:58,180,96.5
4952,6.94,13:49,182,96.5
4953,6.95,14:07,181,97.1
4954,6.95,14:07,181,97.8
4955,6.95,14:07,181,97.8
4956,6.95,13:16,181,98.4
4957,6.95,13:32,183,98.4
4958,6.95,13:08,182,99.1
4959,6.95,13:08,182,99.1
4960,6.95,13:16,184,99.7
4961,6.96,13:41,182,99.7
4962,6.96,13:01,183,99.7
4963,6.96,12:53,182,100.4
4964,6.96,12:11,182,100.4
4965,6.96,11:27,184,100.4
4966,6.96,11:10,182,100.4
4967,6.96,11:27,182,100.4
4968,6.97,11:21,184,101.0
4969,6.97,11:39,184,101.0
4970,6.97,12:04,184,101.7
4971,6.97,12:39,183,101.7
4972,6.97,13:01,183,101.7
4973,6.97,13:08,184,102.4
4974,6.97,13:01,184,102.4
4975,6.97,13:01,186,102.4
4976,6.98,11:58,184,102.4
4977,6.98,11:21,185,103.0
4978,6.98,11:39,185,103.0
4979,6.98,11:45,184,103.0
4980,6.98,11:33,184,103.0
4981,6.98,12:18,184,103.0
4982,6.98,12:39,184,103.0
4983,6.99,11:39,186,103.0
4984,6.99,11:52,185,103.0
4985,6.99,11:21,185,103.7
4986,6.99,10:59,186,103.7
4987,6.99,10:33,186,103.7
4988,6.99,11:10,185,104.3
4989,7.0,10:59,185,104.3
4990,7.0,11:21,185,104.3
4991,7.0,10:54,185,103.7
4992,7.0,11:33,186,103.7
4993,7.0,11:33,186,103.7
4994,7.0,11:10,185,103.7
4995,7.0,11:33,185,103.7
4996,7.01,12:11,186,103.0
4997,7.01,12:04,185,103.0
4998,7.01,12:18,186,103.0
4999,7.01,13:01,184,103.0
5000,7.01,12:39,186,103.0
5001,7.01,12:39,185,103.0
5002,7.01,12:18,184,102.4
5003,7.01,11:58,186,102.4
5004,7.02,11:39,184,102.4
5005,7.02,11:33,184,101.7
5006,7.02,11:27,185,101.0
5007,7.02,11:58,184,101.0
5008,7.02,11:52,184,101.0
5009,7.02,11:45,184,100.4
5010,7.02,12:04,183,100.4
5011,7.03,12:32,184,100.4
5012,7.03,12:53,183,99.7
5013,7.03,12:46,183,99.7
5014,7.03,12:53,183,99.7
5015,7.03,12:53,183,99.7
5016,7.03,12:39,182,99.1
5017,7.03,11:33,182,99.1
5018,7.04,11:58,183,99.1
5019,7.04,11:58,182,99.1
5020,7.04,11:58,182,99.1
5021,7.04,11:39,182,99.1
5022,7.04,11:58,183,98.4
5023,7.04,11:45,182,98.4
5024,7.04,11:21,182,98.4
5025,7.05,10:59,183,97.8
5026,7.05,11:05,183,97.8
5027,7.05,11:10,183,97.8
5028,7.05,11:05,185,97.1
5029,7.05,11:39,183,97.1
5030,7.05,11:58,183,97.1
5031,7.05,12:25,183,96.5
5032,7.05,12:18,184,96.5
5033,7.06,12:25,183,96.5
5034,7.06,12:11,182,96.5
5035,7.06,11:10,184,96.5
5036,7.06,10:48,183,95.8
5037,7.06,10:43,183,95.8
5038,7.06,10:48,184,95.8
5039,7.07,10:28,181,95.1
5040,7.07,11:33,182,95.1
5041,7.07,11:39,183,95.1
5042,7.07,11:45,182,95.1
5043,7.07,11:10,181,95.1
5044,7.07,11:39,180,94.5
5045,7.07,11:33,182,94.5
5046,7.08,11:27,181,93.8
5047,7.08,11:33,180,93.8
5048,7.08,11:58,182,93.2
5049,7.08,11:45,181,93.2
5050,7.08,11:52,179,92.5
5051,7.08,11:39,180,92.5
5052,7.08,11:39,182,93.2
5053,7.09,11:39,180,93.2
5054,7.09,11:39,181,92.5
5055,7.09,11:58,181,92.5
5056,7.09,13:01,181,92.5
5057,7.09,13:08,180,92.5
5058,7.09,13:49,180,91.9
5059,7.09,14:34,181,91.9
5060,7.09,13:58,180,91.9
5061,7.1,13:16,181,91.9
5062,7.1,13:32,181,91.9
5063,7.1,13:16,181,91.9
5064,7.1,12:25,180,91.9
5065,7.1,12:04,180,91.9
5066,7.1,11:45,181,91.2
5067,7.1,10:59,180,91.2
5068,7.11,10:43,179,90.6
5069,7.11,10:59,179,89.9
5070,7.11,11:27,180,89.9
5071,7.11,11:52,180,89.9
5072,7.11,12:25,180,89.2
5073,7.11,12:11,179,89.2
5074,7.11,11:58,180,89.2
5075,7.12,11:27,181,88.6
5076,7.12,11:05,180,88.6
5077,7.12,10:28,180,88.6
5078,7.12,10:14,180,88.6
5079,7.12,10:14,180,88.6
5080,7.12,10:09,180,88.6
5081,7.13,9:43,180,87.9
5082,7.13,10:00,181,87.9
5083,7.13,10:33,181,87.3
5084,7.13,10:54,180,87.3
5085,7.13,11:10,181,86.6
5086,7.13,11:21,181,86.6
5087,7.13,11:27,180,86.6
5088,7.14,11:21,180,86.6
5089,7.14,10:54,181,86.6
5090,7.14,10:59,180,86.6
5091,7.14,11:21,180,86.6
5092,7.14,11:10,180,86.6
5093,7.14,11:16,180,86.6
5094,7.14,11:45,179,86.6
5095,7.15,11:39,179,86.6
5096,7.15,12:04,180,86.6
5097,7.15,12:39,178,86.0
5098,7.15,13:01,179,86.0
5099,7.15,13:01,179,85.3
5100,7.15,13:08,181,85.3
5101,7.15,13:41,180,85.3
5102,7.15,13:24,180,85.3
5103,7.16,13:08,181,85.3
5104,7.16,13:01,179,84.6
5105,7.16,12:53,179,84.6
5106,7.16,11:33,180,84.6
5107,7.16,11:33,180,84.6
5108,7.16,10:48,180,84.6
5109,7.17,10:18,179,84.6
5110,7.17,10:23,179,84.6
5111,7.17,11:33,180,84.6
5112,7.17,11:21,178,84.6
5113,7.17,11:52,180,84.6
5114,7.17,12:04,180,84.6
5115,7.17,11:45,179,84.6
5116,7.18,10:54,179,84.6
5117,7.18,11:05,180,84.0
5118,7.18,11:52,178,84.0
5119,7.18,13:01,178,84.0
5120,7.18,13:49,179,84.0
5121,7.18,15:57,178,83.3
5122,7.18,16:09,179,83.3
5123,7.18,13:58,180,83.3
5124,7.19,12:39,180,83.3
5125,7.19,11:33,181,83.3
5126,7.19,10:54,179,83.3
5127,7.19,11:10,178,83.3
5128,7.19,11:45,180,83.3
5129,7.19,11:58,180,83.3
5130,7.19,12:46,180,82.7
5131,7.19,12:25,180,82.7
5132,7.2,11:52,180,82.7
5133,7.2,12:04,181,82.7
5134,7.2,11:39,180,82.7
5135,7.2,10:54,180,83.3
5136,7.2,10:38,181,83.3
5137,7.2,10:59,179,83.3
5138,7.21,10:59,179,83.3
5139,7.21,11:27,179,83.3
5140,7.21,12:25,180,82.7
5141,7.21,12:39,180,82.7
5142,7.21,12:18,181,82.7
5143,7.21,12:18,180,82.7
5144,7.21,12:11,180,82.7
5145,7.21,12:18,181,82.7
5146,7.22,12:18,181,82.7
5147,7.22,11:58,179,82.7
5148,7.22,11:58,180,82.7
5149,7.22,11:58,181,82.7
5150,7.22,11:27,181,82.7
5151,7.22,11:05,180,82.7
5152,7.22,11:52,180,83.3
5153,7.23,11:58,182,83.3
5154,7.23,12:04,180,84.0
5155,7.23,12:25,180,84.0
5156,7.23,12:46,181,84.0
5157,7.23,12:18,180,84.0
5158,7.23,12:39,179,84.0
5159,7.23,12:53,181,84.0
5160,7.24,12:32,179,84.0
5161,7.24,12:18,179,84.0
5162,7.24,12:18,179,84.0
5163,7.24,11:33,179,84.0
5164,7.24,11:16,178,84.0
5165,7.24,11:10,178,84.0
5166,7.24,11:39,178,84.0
5167,7.25,11:39,176,84.0
5168,7.25,12:11,177,84.0
5169,7.25,12:25,176,84.0
5170,7.25,12:46,176,84.0
5171,7.25,12:53,176,84.0
5172,7.25,13:24,178,84.0
5173,7.25,12:46,177,84.0
5174,7.25,13:16,176,84.6
5175,7.26,13:24,176,84.6
5176,7.26,13:01,178,84.6
5177,7.26,13:01,178,85.3
5178,7.26,13:32,177,85.3
5179,7.26,13:16,177,85.3
5180,7.26,13:08,177,85.3
5181,7.26,13:41,176,85.3
5182,7.26,12:39,177,85.3
5183,7.27,12:18,178,84.6
5184,7.27,12:11,177,85.3
5185,7.27,12:04,177,85.3
5186,7.27,11:52,178,85.3
5187,7.27,12:53,178,85.3
5188,7.27,12:46,178,85.3
5189,7.27,13:01,179,85.3
5190,7.27,13:49,178,85.3
5191,7.28,13:16,177,85.3
5192,7.28,12:46,177,85.3
5193,7.28,13:01,177,85.3
5194,7.28,12:25,178,85.3
5195,7.28,12:11,177,84.6
5196,7.28,12:04,177,84.6
5197,7.28,11:33,177,85.3
5198,7.29,11:27,178,85.3
5199,7.29,11:21,178,85.3
5200,7.29,11:05,178,85.3
5201,7.29,11:05,178,85.3
5202,7.29,11:39,178,85.3
5203,7.29,11:10,179,84.6
5204,7.3,11:39,179,84.6
5205,7.3,12:04,178,84.6
5206,7.3,12:53,178,84.0
5207,7.3,12:18,179,84.0
5208,7.3,13:01,178,84.0
5209,7.3,12:46,178,84.0
5210,7.3,12:11,179,84.0
5211,7.3,11:27,180,84.0
5212,7.31,11:45,180,84.6
5213,7.31,11:33,179,84.6
5214,7.31,11:05,179,84.0
5215,7.31,10:43,180,84.0
5216,7.31,10:23,180,84.0
5217,7.31,9:56,180,84.0
5218,7.32,9:26,180,84.0
5219,7.32,10:00,181,84.0
5220,7.32,10:28,180,84.0
5221,7.32,11:16,180,84.0
5222,7.32,11:27,180,83.3
5223,7.32,12:04,180,83.3
5224,7.32,11:58,180,83.3
5225,7.33,11:45,181,83.3
5226,7.33,11:16,182,83.3
5227,7.33,11:39,182,83.3
5228,7.33,11:52,180,83.3
5229,7.33,11:16,180,83.3
5230,7.33,11:33,182,82.7
5231,7.33,11:39,181,82.7
5232,7.34,11:16,179,82.7
5233,7.34,11:16,180,82.7
5234,7.34,11:39,180,82.7
5235,7.34,10:59,179,82.7
5236,7.34,11:05,177,82.7
5237,7.34,11:16,175,82.7
5238,7.34,11:21,172,83.3
5239,7.35,11:16,172,83.3
5240,7.35,11:21,171,83.3
5241,7.35,11:27,166,83.3
5242,7.35,11:33,160,84.0
5243,7.35,11:21,161,84.0
5244,7.35,11:52,161,84.0
5245,7.35,12:39,161,84.0
5246,7.36,12:25,161,84.0
5247,7.36,12:46,160,84.0
5248,7.36,13:08,156,84.0
5249,7.36,12:25,161,84.0
5250,7.36,12:11,161,84.0
5251,7.36,12:04,161,84.0
5252,7.36,11:45,161,83.3
5253,7.37,11:27,161,84.0
5254,7.37,11:05,161,84.0
5255,7.37,11:05,161,83.3
5256,7.37,11:10,161,84.0
5257,7.37,11:16,161,84.0
5258,7.37,11:27,161,84.0
5259,7.37,12:04,162,83.3
5260,7.38,11:52,163,83.3
5261,7.38,12:18,163,83.3
5262,7.38,12:11,164,82.7
5263,7.38,12:18,165,82.7
5264,7.38,12:46,167,82.7
5265,7.38,12:18,167,82.7
5266,7.38,11:39,167,82.7
5267,7.38,14:16,168,82.7
5268,7.39,14:54,169,82.7
5269,7.39,14:54,172,82.7
5270,7.39,16:09,173,82.7
5271,7.39,18:53,173,82.7
5272,7.39,15:35,175,82.0
5273,7.39,15:46,176,82.7
5274,7.39,15:57,179,82.7
5275,7.39,15:57,179,82.7
5276,7.39,15:14,180,82.7
5277,7.4,14:44,181,82.7
5278,7.4,13:58,181,82.7
5279,7.4,13:01,182,82.7
5280,7.4,12:11,181,82.0
5281,7.4,11:27,181,82.0
5282,7.4,10:54,181,82.0
5283,7.4,10:18,180,82.7
5284,7.41,10:14,180,82.7
5285,7.41,10:18,181,82.7
5286,7.41,10:09,184,82.7
5287,7.41,10:14,183,82.7
5288,7.41,9:56,182,83.3
5289,7.41,9:38,183,83.3
5290,7.42,9:14,184,84.0
5291,7.42,9:22,184,84.0
5292,7.42,9:03,184,84.0
5293,7.42,9:30,184,84.6
5294,7.42,10:09,186,84.6
5295,7.42,10:28,185,84.6
5296,7.43,10:33,184,84.6
5297,7.43,10:38,186,85.3
5298,7.43,10:33,185,85.3
5299,7.43,10:05,185,85.3
5300,7.43,9:56,186,85.3
5301,7.43,9:43,188,85.3
5302,7.44,9:51,186,85.3
5303,7.44,9:43,186,85.3
5304,7.44,10:14,188,86.0
5305,7.44,10:33,186,86.0
5306,7.44,11:05,186,86.6
5307,7.44,11:16,187,86.6
5308,7.45,11:05,187,86.6
5309,7.45,10:38,187,86.6
5310,7.45,10:48,188,86.6
5311,7.45,10:38,188,86.6
5312,7.45,10:23,187,86.0
5313,7.45,10:43,187,86.6
5314,7.46,10:38,187,86.6
5315,7.46,10:14,188,86.6
5316,7.46,10:05,188,86.6
5317,7.46,10:05,188,86.6
5318,7.46,10:23,187,86.0
5319,7.46,10:23,187,86.0
5320,7.46,10:38,188,86.0
5321,7.47,10:33,188,86.0
5322,7.47,11:05,187,86.0
5323,7.47,11:16,186,86.6
5324,7.47,11:16,187,86.6
5325,7.47,11:21,188,86.6
5326,7.47,11:52,188,86.6
5327,7.47,11:39,187,86.6
5328,7.48,11:05,188,87.3
5329,7.48,10:43,187,87.3
5330,7.48,10:38,187,87.9
5331,7.48,10:00,187,87.9
5332,7.48,9:43,187,89.2
5333,7.49,9:38,188,89.9
5334,7.49,9:38,187,90.6
5335,7.49,9:38,186,90.6
5336,7.49,9:38,187,90.6
5337,7.49,9:51,188,90.6
5338,7.49,10:05,187,90.6
5339,7.5,10:23,188,89.9
5340,7.5,10:38,187,89.9
5341,7.5,11:21,186,89.9
5342,7.5,11:05,188,89.9
5343,7.5,11:05,186,89.9
5344,7.5,11:16,187,90.6
5345,7.5,11:21,188,90.6
5346,7.51,11:16,186,91.2
5347,7.51,11:39,187,90.6
5348,7.51,11:45,186,90.6
5349,7.51,11:39,188,90.6
5350,7.51,11:33,187,91.2
5351,7.51,11:27,186,91.2
5352,7.51,12:25,187,90.6
5353,7.51,12:46,186,90.6
5354,7.52,12:11,187,90.6
5355,7.52,12:11,185,90.6
5356,7.52,11:52,187,90.6
5357,7.52,11:05,185,90.6
5358,7.52,11:16,184,89.9
5359,7.52,11:21,186,89.9
5360,7.53,11:21,186,89.9
5361,7.53,11:33,185,89.9
5362,7.53,11:39,186,90.6
5363,7.53,11:27,185,90.6
5364,7.53,12:18,185,90.6
5365,7.53,12:39,184,90.6
