elapsed_seconds,distance_miles,pace_per_mile,heartrate,altitude_ft
0,0.0,,81,183.1
1,0.0,14:07,65,183.1
2,0.0,14:29,66,183.1
3,0.0,14:21,66,182.4
4,0.0,14:41,66,182.4
5,0.01,15:35,66,182.4
6,0.01,17:25,67,182.4
7,0.01,20:01,68,182.4
8,0.01,23:07,69,181.8
9,0.01,22:43,70,181.8
10,0.01,21:59,72,181.8
11,0.01,19:26,74,181.8
12,0.01,16:45,77,181.8
13,0.01,15:14,81,181.8
14,0.01,15:14,84,181.8
15,0.01,14:25,88,181.8
16,0.02,14:16,91,181.8
17,0.02,14:34,93,181.8
18,0.02,14:16,95,181.8
19,0.02,13:32,97,181.8
20,0.02,12:39,99,181.8
21,0.02,11:10,100,181.1
22,0.03,9:56,102,181.1
23,0.03,9:26,103,180.4
24,0.03,9:14,104,180.4
25,0.03,9:18,105,180.4
26,0.03,9:56,107,180.4
27,0.03,10:23,108,181.1
28,0.04,10:33,110,181.1
29,0.04,10:43,111,181.1
30,0.04,10:54,111,181.1
31,0.04,11:21,113,181.1
32,0.04,11:52,114,181.1
33,0.04,12:39,114,181.1
34,0.04,13:16,115,181.1
35,0.04,13:32,116,181.1
36,0.05,13:16,117,180.4
37,0.05,13:01,117,180.4
38,0.05,11:58,118,180.4
39,0.05,11:45,118,180.4
40,0.05,11:27,118,180.4
41,0.05,10:54,119,180.4
42,0.05,10:54,121,180.4
43,0.06,11:16,120,180.4
44,0.06,11:27,122,180.4
45,0.06,11:39,122,180.4
46,0.06,12:04,122,180.4
47,0.06,12:04,122,181.1
48,0.06,12:11,123,181.1
49,0.06,11:21,122,181.1
50,0.07,11:27,122,181.1
51,0.07,12:04,122,180.4
52,0.07,13:08,123,180.4
53,0.07,13:41,122,179.8
54,0.07,13:49,121,179.8
55,0.07,14:25,121,179.8
56,0.07,14:07,119,179.8
57,0.07,13:49,119,179.8
58,0.07,14:16,119,179.8
59,0.08,15:24,119,179.8
60,0.08,15:14,119,179.1
61,0.08,15:14,119,179.1
62,0.08,14:34,119,179.1
63,0.08,13:49,120,179.1
64,0.08,13:16,120,179.1
65,0.08,12:18,120,179.1
66,0.09,12:11,121,179.1
67,0.09,12:32,121,179.1
68,0.09,15:24,121,179.1
69,0.09,14:25,122,179.1
70,0.09,14:16,122,179.1
71,0.09,13:01,123,179.1
72,0.09,11:39,124,179.1
73,0.1,9:22,125,179.1
74,0.1,9:22,126,178.5
75,0.1,9:18,127,178.5
76,0.1,9:18,128,178.5
77,0.1,9:22,129,178.5
78,0.1,9:22,130,178.5
79,0.11,9:22,130,178.5
80,0.11,9:18,130,178.5
81,0.11,9:18,132,179.1
82,0.11,9:14,132,179.1
83,0.11,9:11,132,179.1
84,0.11,9:07,132,179.1
85,0.12,9:11,132,179.1
86,0.12,9:07,133,179.1
87,0.12,9:07,133,179.1
88,0.12,9:07,133,178.5
89,0.12,9:11,132,177.8
90,0.13,9:14,131,177.8
91,0.13,9:18,130,177.8
92,0.13,9:22,130,177.8
93,0.13,9:26,130,177.8
94,0.13,9:34,130,177.8
95,0.13,9:34,130,177.8
96,0.14,9:47,129,177.8
97,0.14,9:51,130,177.8
98,0.14,9:56,130,177.2
99,0.14,10:05,130,177.2
100,0.14,10:14,130,177.2
101,0.14,10:14,130,177.2
102,0.15,10:23,130,177.2
103,0.15,10:28,131,176.5
104,0.15,10:23,132,176.5
105,0.15,10:23,130,176.5
106,0.15,10:18,130,175.9
107,0.15,10:05,130,175.9
108,0.16,10:00,130,175.9
109,0.16,10:00,130,175.9
110,0.16,9:56,130,175.9
111,0.16,9:56,129,175.9
112,0.16,10:00,130,175.9
113,0.16,10:05,130,175.9
114,0.17,10:00,131,175.9
115,0.17,9:56,132,175.2
116,0.17,9:56,132,175.2
117,0.17,9:51,132,175.2
118,0.17,9:47,131,175.2
119,0.17,9:43,130,175.2
120,0.18,9:43,130,175.2
121,0.18,9:38,130,174.5
122,0.18,9:34,131,174.5
123,0.18,9:30,130,174.5
124,0.18,9:30,130,174.5
125,0.18,9:30,130,174.5
126,0.19,9:30,130,174.5
127,0.19,9:38,129,174.5
128,0.19,12:04,128,173.9
129,0.19,11:58,128,173.9
130,0.19,13:32,128,173.9
131,0.19,14:34,128,173.9
132,0.19,15:46,129,173.9
133,0.19,13:08,129,173.9
134,0.2,14:54,128,173.9
135,0.2,14:16,127,174.5
136,0.2,15:24,127,174.5
137,0.2,15:46,127,174.5
138,0.2,14:44,127,174.5
139,0.2,14:16,126,174.5
140,0.2,14:25,126,174.5
141,0.2,13:41,124,173.9
142,0.2,13:58,124,174.5
143,0.21,14:34,123,174.5
144,0.21,15:04,122,174.5
145,0.21,14:54,122,174.5
146,0.21,14:16,122,174.5
147,0.21,13:32,122,174.5
148,0.21,13:01,122,174.5
149,0.21,12:39,122,174.5
162,0.21,187:34,126,173.9
163,0.21,197:13,124,173.2
164,0.22,121:55,123,173.2
165,0.22,74:05,123,173.2
166,0.22,54:57,122,173.2
167,0.22,12:32,122,173.2
168,0.22,12:04,119,173.2
169,0.22,10:59,116,173.2
170,0.22,11:27,114,173.2
171,0.23,11:45,113,173.2
172,0.23,12:18,113,173.2
173,0.23,12:53,114,173.2
174,0.23,12:53,115,173.2
175,0.23,12:25,117,173.2
176,0.23,12:46,117,173.2
177,0.23,12:32,118,173.2
178,0.23,12:18,119,173.2
179,0.24,12:39,121,173.2
180,0.24,13:41,121,173.9
181,0.24,13:41,121,173.9
182,0.24,13:58,122,173.9
183,0.24,13:58,123,173.9
184,0.24,13:49,123,173.9
185,0.24,13:24,124,173.9
186,0.24,13:32,124,173.9
187,0.25,13:24,125,173.9
188,0.25,13:16,126,174.5
189,0.25,13:49,126,174.5
190,0.25,13:49,126,174.5
191,0.25,13:32,126,174.5
192,0.25,13:24,127,174.5
193,0.25,13:58,127,174.5
194,0.25,13:16,127,174.5
195,0.26,12:46,127,174.5
196,0.26,12:11,128,174.5
197,0.26,12:25,128,174.5
198,0.26,12:39,127,174.5
199,0.26,13:08,126,174.5
200,0.26,13:41,126,174.5
201,0.26,14:54,129,174.5
202,0.26,14:34,129,175.2
203,0.27,14:16,130,175.2
204,0.27,14:25,130,175.2
205,0.27,13:32,130,175.2
206,0.27,13:01,130,175.2
207,0.27,12:18,130,175.2
208,0.27,11:45,130,175.2
209,0.27,11:52,130,175.2
210,0.28,12:04,131,175.9
211,0.28,12:11,131,175.9
212,0.28,13:08,131,175.9
213,0.28,12:53,131,175.9
214,0.28,13:08,131,176.5
215,0.28,13:41,131,176.5
216,0.28,13:49,131,176.5
217,0.28,13:41,131,176.5
218,0.28,14:25,132,176.5
219,0.29,13:32,132,176.5
220,0.29,13:01,133,176.5
221,0.29,12:53,133,176.5
222,0.29,12:46,133,176.5
223,0.29,12:18,134,176.5
224,0.29,11:58,133,176.5
225,0.29,12:11,134,177.2
226,0.3,12:18,134,177.2
227,0.3,12:04,134,177.2
228,0.3,12:32,134,177.8
229,0.3,12:39,134,177.8
230,0.3,12:18,134,177.8
231,0.3,11:52,133,177.2
232,0.3,12:04,134,177.2
233,0.31,11:45,135,177.2
234,0.31,12:04,135,177.2
235,0.31,12:18,136,177.2
236,0.31,12:39,136,177.8
237,0.31,13:01,136,177.8
238,0.31,12:53,136,177.8
239,0.31,12:46,136,177.8
240,0.31,13:01,135,177.2
241,0.32,13:01,135,177.2
242,0.32,13:01,133,177.2
243,0.32,13:41,133,177.2
244,0.32,13:49,133,177.2
245,0.32,13:41,134,177.2
246,0.32,13:32,135,177.2
247,0.32,12:32,134,177.2
248,0.32,12:18,134,177.2
249,0.33,12:46,134,177.2
250,0.33,13:01,135,177.2
251,0.33,12:53,136,177.2
252,0.33,14:16,136,177.2
253,0.33,13:49,137,177.2
254,0.33,13:32,138,177.2
255,0.33,13:24,137,177.2
256,0.33,13:16,137,177.2
257,0.34,12:39,137,177.2
258,0.34,12:46,138,177.2
259,0.34,12:25,138,177.2
260,0.34,12:25,139,177.2
261,0.34,13:08,139,177.8
262,0.34,13:32,139,177.8
263,0.34,14:07,139,177.8
264,0.34,14:25,140,177.8
265,0.35,14:54,139,177.8
266,0.35,14:54,139,177.8
267,0.35,15:24,139,177.8
268,0.35,14:44,139,177.8
269,0.35,14:44,139,177.2
270,0.35,13:49,139,177.2
271,0.35,13:08,139,177.2
272,0.35,12:25,139,177.2
273,0.36,11:58,139,177.2
274,0.36,11:39,139,177.2
275,0.36,11:33,138,177.2
276,0.36,11:16,138,176.5
277,0.36,11:16,138,176.5
278,0.36,11:58,139,176.5
279,0.36,12:39,138,176.5
280,0.36,13:08,138,176.5
281,0.37,14:16,139,176.5
282,0.37,14:34,140,176.5
283,0.37,13:49,139,176.5
284,0.37,13:41,139,176.5
285,0.37,13:32,140,176.5
286,0.37,12:39,140,176.5
287,0.37,12:18,140,176.5
288,0.38,12:46,140,175.9
289,0.38,12:18,140,175.9
290,0.38,12:25,140,175.9
291,0.38,13:01,141,175.9
292,0.38,13:01,141,175.9
293,0.38,12:53,140,175.9
294,0.38,12:39,141,175.9
295,0.38,12:32,141,175.9
296,0.39,12:32,140,175.9
297,0.39,12:46,139,175.9
298,0.39,12:25,139,175.2
299,0.39,12:53,139,175.2
300,0.39,13:24,140,175.2
301,0.39,13:24,140,175.2
302,0.39,13:32,140,175.2
303,0.39,14:25,140,174.5
304,0.4,14:07,140,174.5
305,0.4,14:07,140,174.5
306,0.4,13:32,140,174.5
307,0.4,13:08,139,174.5
308,0.4,12:53,138,174.5
309,0.4,12:18,138,174.5
310,0.4,11:10,138,174.5
311,0.41,11:16,138,174.5
312,0.41,11:21,138,174.5
313,0.41,11:33,138,174.5
314,0.41,12:04,137,174.5
315,0.41,12:46,137,174.5
316,0.41,13:08,137,174.5
317,0.41,13:32,136,174.5
318,0.41,13:49,136,174.5
319,0.42,13:49,136,174.5
320,0.42,14:07,136,173.9
321,0.42,13:16,136,173.9
322,0.42,13:01,136,173.9
323,0.42,12:25,136,173.9
324,0.42,12:39,136,173.9
325,0.42,12:46,136,173.9
326,0.42,12:46,136,173.9
327,0.43,12:53,136,173.9
328,0.43,12:46,136,173.2
329,0.43,12:18,137,173.2
330,0.43,12:18,137,173.2
331,0.43,13:01,137,173.2
332,0.43,12:46,136,173.2
333,0.43,12:53,136,173.2
334,0.44,12:53,137,173.2
335,0.44,12:32,137,173.2
336,0.44,12:25,137,172.6
337,0.44,12:11,137,172.6
338,0.44,12:11,137,172.6
339,0.44,12:25,137,172.6
340,0.44,12:39,137,171.9
341,0.44,12:25,137,171.9
342,0.45,12:32,138,171.9
343,0.45,12:39,137,171.9
344,0.45,12:25,137,171.9
345,0.45,12:32,137,171.9
346,0.45,12:25,137,171.9
347,0.45,12:39,137,171.9
348,0.45,13:41,137,171.9
349,0.45,15:14,135,171.3
350,0.45,15:57,136,171.3
351,0.46,16:09,133,171.3
352,0.46,16:09,132,171.3
353,0.46,14:16,132,171.3
354,0.46,13:16,132,171.3
355,0.46,12:25,131,171.3
356,0.46,12:25,131,170.6
357,0.46,12:32,131,170.6
358,0.47,13:16,132,170.6
359,0.47,13:24,133,170.6
360,0.47,13:49,134,170.6
361,0.47,14:25,134,170.6
362,0.47,14:07,134,170.6
363,0.47,13:32,135,170.6
364,0.47,13:32,135,169.9
365,0.47,13:24,136,169.9
366,0.48,12:39,136,169.9
367,0.48,12:18,135,169.9
368,0.48,11:58,134,169.9
369,0.48,12:11,134,169.9
370,0.48,12:18,133,169.9
371,0.48,12:46,132,169.9
372,0.48,12:53,132,169.9
373,0.48,12:53,131,169.9
374,0.49,11:39,129,169.9
375,0.49,11:16,129,169.9
376,0.49,11:05,128,169.9
377,0.49,11:27,128,169.9
378,0.49,11:58,127,169.9
379,0.49,13:08,127,169.9
380,0.49,13:49,126,169.3
381,0.49,14:44,126,168.6
382,0.5,14:44,126,168.6
383,0.5,13:41,126,168.6
384,0.5,13:08,128,168.6
385,0.5,12:32,129,168.6
386,0.5,11:52,130,168.6
387,0.5,11:16,131,168.0
388,0.5,12:11,132,168.0
389,0.51,12:32,132,168.0
390,0.51,12:53,133,168.0
391,0.51,13:32,133,168.0
392,0.51,13:58,131,168.0
393,0.51,13:24,131,168.0
394,0.51,13:08,131,168.0
395,0.51,12:32,131,168.0
396,0.51,12:11,131,168.0
397,0.52,12:25,132,168.0
398,0.52,12:25,133,168.0
399,0.52,12:32,134,168.0
400,0.52,12:53,134,168.0
401,0.52,12:18,134,168.0
402,0.52,12:46,134,168.6
403,0.52,13:41,135,168.6
404,0.52,13:49,135,168.6
405,0.53,14:07,134,168.6
406,0.53,14:54,134,168.6
407,0.53,13:58,134,168.6
408,0.53,13:08,134,168.6
409,0.53,13:01,135,168.6
410,0.53,12:53,135,168.6
411,0.53,13:24,135,168.0
412,0.53,13:32,136,168.0
413,0.54,14:16,135,168.0
414,0.54,14:16,135,168.6
415,0.54,13:58,135,168.6
416,0.54,13:01,135,168.6
417,0.54,12:46,135,168.6
418,0.54,12:04,135,169.3
419,0.54,11:58,135,169.3
420,0.55,11:52,135,169.3
421,0.55,11:58,135,168.6
422,0.55,11:58,136,168.6
423,0.55,11:58,135,168.6
424,0.55,11:58,135,168.6
425,0.55,12:32,134,168.0
426,0.55,13:08,135,168.0
427,0.55,13:41,135,168.0
428,0.56,13:41,135,168.0
429,0.56,13:58,135,167.3
430,0.56,13:58,134,168.0
431,0.56,13:24,134,168.0
432,0.56,13:24,133,168.0
433,0.56,13:32,133,168.0
434,0.56,13:32,133,168.0
435,0.56,13:49,134,168.0
436,0.57,13:49,134,168.0
437,0.57,13:32,134,168.0
438,0.57,13:08,134,168.0
439,0.57,12:39,133,168.0
440,0.57,12:11,133,167.3
441,0.57,12:25,134,167.3
442,0.57,12:32,135,167.3
443,0.57,12:53,135,167.3
444,0.58,13:24,135,166.7
445,0.58,13:24,136,166.7
446,0.58,12:46,136,166.7
447,0.58,13:16,137,166.7
448,0.58,13:16,138,166.7
449,0.58,13:16,138,167.3
450,0.58,14:07,138,167.3
451,0.58,14:44,138,167.3
452,0.59,14:16,138,167.3
453,0.59,14:44,139,167.3
454,0.59,14:16,139,167.3
455,0.59,12:39,139,167.3
456,0.59,12:32,139,167.3
457,0.59,12:46,139,167.3
458,0.59,12:18,139,167.3
459,0.59,13:16,139,168.0
460,0.6,14:16,138,168.0
461,0.6,14:16,138,168.0
462,0.6,13:16,137,168.0
463,0.6,13:01,138,168.0
464,0.6,11:52,137,167.3
465,0.6,11:45,136,167.3
466,0.6,11:16,134,166.7
467,0.61,11:52,132,166.7
468,0.61,11:58,130,166.0
469,0.61,11:45,130,166.0
470,0.61,11:45,130,166.0
471,0.61,12:39,130,166.0
472,0.61,12:46,130,166.0
473,0.61,12:53,129,166.0
474,0.61,13:58,127,166.0
475,0.62,13:58,119,165.4
476,0.62,13:08,117,165.4
477,0.62,12:46,112,165.4
478,0.62,12:39,110,165.4
479,0.62,11:58,108,165.4
480,0.62,12:04,111,164.7
481,0.62,12:46,118,164.7
482,0.62,13:08,124,164.7
483,0.63,13:08,129,164.7
484,0.63,13:49,131,164.0
485,0.63,14:07,133,164.0
486,0.63,13:49,134,164.0
487,0.63,12:32,135,164.0
488,0.63,12:39,137,164.0
489,0.63,12:32,138,163.4
490,0.64,12:18,138,163.4
491,0.64,12:32,138,163.4
492,0.64,13:32,138,162.7
493,0.64,13:32,138,162.7
494,0.64,13:32,137,162.7
495,0.64,13:49,137,162.1
496,0.64,13:01,137,162.1
497,0.64,13:08,136,162.1
498,0.65,13:24,135,161.4
499,0.65,13:24,135,161.4
500,0.65,13:01,134,161.4
501,0.65,12:53,134,160.8
502,0.65,12:53,133,160.8
503,0.65,13:16,131,160.8
504,0.65,13:32,131,160.8
505,0.65,13:32,131,160.1
506,0.65,15:14,130,160.1
507,0.66,14:25,130,159.4
508,0.66,13:32,130,159.4
509,0.66,14:07,130,159.4
510,0.66,14:16,130,159.4
511,0.66,13:41,130,159.4
512,0.66,14:07,130,158.8
513,0.66,13:58,130,158.8
514,0.66,13:58,130,158.1
515,0.67,14:34,130,158.1
516,0.67,14:34,129,158.1
517,0.67,14:54,129,158.1
518,0.67,15:46,129,158.1
519,0.67,14:54,127,158.1
520,0.67,14:07,126,158.1
521,0.67,13:24,126,157.5
522,0.67,12:53,127,157.5
523,0.68,12:39,127,157.5
524,0.68,11:58,128,157.5
525,0.68,11:45,128,157.5
526,0.68,11:16,128,157.5
527,0.68,11:10,128,156.8
528,0.68,10:54,127,156.8
529,0.68,11:39,127,156.2
530,0.69,11:58,127,156.2
531,0.69,12:39,126,156.2
532,0.69,13:01,125,156.2
533,0.69,12:53,125,155.5
534,0.69,12:04,126,155.5
535,0.69,11:52,126,155.5
536,0.69,11:45,127,155.5
537,0.7,11:39,126,154.9
538,0.7,11:39,125,154.9
539,0.7,12:11,125,154.2
540,0.7,12:53,125,153.5
541,0.7,13:08,125,152.9
542,0.7,13:32,125,152.9
543,0.7,14:44,126,152.9
544,0.7,13:49,126,152.9
545,0.71,12:53,127,152.9
546,0.71,13:16,128,152.9
547,0.71,12:39,129,152.2
548,0.71,11:58,129,152.2
549,0.71,12:32,129,152.2
550,0.71,12:39,129,152.2
551,0.71,12:18,128,151.6
552,0.71,12:11,128,151.6
553,0.72,11:58,128,151.6
554,0.72,11:45,128,150.9
555,0.72,11:45,128,150.9
556,0.72,11:39,129,150.9
557,0.72,11:39,128,150.3
558,0.72,11:52,129,150.3
559,0.72,12:18,129,150.3
560,0.73,11:58,130,149.6
561,0.73,11:58,130,149.6
562,0.73,12:32,130,149.6
563,0.73,12:18,130,149.6
564,0.73,11:52,131,149.0
565,0.73,12:32,131,149.0
566,0.73,12:25,131,149.0
567,0.74,12:18,132,149.0
568,0.74,12:53,132,148.3
569,0.74,13:16,132,148.3
570,0.74,12:53,133,148.3
571,0.74,12:32,133,147.6
572,0.74,12:04,134,147.6
573,0.74,11:52,135,147.0
574,0.74,11:33,135,147.0
575,0.75,11:33,135,146.3
576,0.75,12:18,134,145.7
577,0.75,12:25,135,145.7
578,0.75,12:25,135,145.0
579,0.75,13:08,135,144.4
580,0.75,12:53,135,144.4
581,0.75,12:39,135,143.7
582,0.76,12:25,135,143.0
583,0.76,12:04,135,143.0
584,0.76,11:45,136,142.4
585,0.76,11:33,137,141.7
586,0.76,11:21,137,141.1
587,0.76,11:52,137,141.1
588,0.76,11:58,138,140.4
589,0.77,11:45,138,139.8
590,0.77,12:25,138,139.1
591,0.77,12:25,137,138.5
592,0.77,12:32,137,138.5
593,0.77,12:53,138,137.8
594,0.77,12:46,137,137.1
595,0.77,12:46,137,137.1
596,0.77,12:53,136,136.5
597,0.78,12:18,136,136.5
598,0.78,11:58,136,135.8
599,0.78,11:58,137,135.2
600,0.78,11:52,137,135.2
601,0.78,12:04,136,134.5
602,0.78,11:58,135,133.9
603,0.78,11:58,135,133.2
604,0.79,12:32,135,133.2
605,0.79,12:25,136,132.5
606,0.79,12:11,136,132.5
607,0.79,12:18,136,131.9
608,0.79,12:04,136,131.9
609,0.79,11:39,136,131.2
610,0.79,11:33,135,131.2
611,0.8,11:33,135,130.6
612,0.8,11:45,135,129.9
613,0.8,11:58,135,129.3
614,0.8,12:04,135,129.3
615,0.8,12:04,135,128.6
616,0.8,11:58,135,128.0
617,0.8,12:32,136,128.0
618,0.8,12:46,136,127.3
619,0.81,12:39,135,127.3
620,0.81,12:32,135,126.6
621,0.81,11:58,134,126.6
622,0.81,11:21,134,126.6
623,0.81,11:21,133,126.0
624,0.81,11:16,134,126.0
625,0.81,11:21,133,125.3
626,0.82,11:58,134,125.3
627,0.82,11:58,134,125.3
628,0.82,11:58,134,124.7
629,0.82,11:39,134,124.7
630,0.82,11:33,134,124.7
631,0.82,11:05,134,124.0
632,0.83,11:16,134,124.0
633,0.83,11:16,134,124.0
634,0.83,12:04,134,124.0
635,0.83,12:25,134,124.0
636,0.83,13:08,134,123.4
637,0.83,13:32,134,123.4
638,0.83,13:32,133,123.4
639,0.83,13:08,133,123.4
640,0.84,13:16,132,123.4
641,0.84,12:46,132,123.4
642,0.84,12:25,132,123.4
643,0.84,13:08,132,123.4
644,0.84,13:24,130,123.4
645,0.84,13:08,131,123.4
646,0.84,13:41,130,123.4
647,0.84,13:41,129,123.4
648,0.85,12:53,129,123.4
649,0.85,12:04,129,123.4
650,0.85,12:46,129,123.4
651,0.85,13:16,129,123.4
652,0.85,13:16,129,123.4
653,0.85,13:16,129,123.4
654,0.85,14:54,129,123.4
655,0.85,14:44,128,123.4
656,0.85,14:16,128,123.4
657,0.86,14:44,128,123.4
658,0.86,16:09,128,123.4
659,0.86,15:14,128,122.7
660,0.86,14:34,128,122.7
661,0.86,13:08,128,123.4
662,0.86,12:04,130,123.4
663,0.86,10:18,130,123.4
664,0.87,9:30,131,124.0
665,0.87,9:07,131,124.0
666,0.87,9:26,131,124.0
667,0.87,9:03,132,124.0
668,0.87,9:43,132,124.7
669,0.87,10:38,131,124.7
670,0.88,11:39,131,124.7
671,0.88,13:01,130,124.7
672,0.88,16:45,130,124.7
673,0.88,17:11,130,124.7
674,0.88,16:21,131,124.7
675,0.88,16:21,131,124.7
676,0.88,14:44,132,124.7
677,0.88,13:16,132,124.7
678,0.88,13:41,133,124.7
679,0.89,13:41,134,124.7
680,0.89,12:39,133,124.7
681,0.89,12:32,132,124.7
682,0.89,12:18,133,124.7
683,0.89,11:58,134,124.7
684,0.89,11:58,134,124.7
685,0.89,12:04,133,124.7
686,0.9,12:18,133,124.7
687,0.9,12:39,134,124.7
688,0.9,12:18,135,125.3
689,0.9,12:25,135,125.3
690,0.9,12:39,135,124.7
691,0.9,12:53,135,124.7
692,0.9,12:46,135,124.7
693,0.9,13:24,135,124.7
694,0.91,13:01,135,124.7
695,0.91,12:53,136,124.7
696,0.91,12:32,136,124.7
697,0.91,12:04,136,124.7
698,0.91,11:52,136,125.3
699,0.91,12:18,137,124.7
700,0.91,12:04,137,124.7
701,0.92,12:04,137,124.7
702,0.92,11:45,137,124.7
703,0.92,11:33,138,124.7
704,0.92,11:39,137,124.7
705,0.92,12:39,138,124.7
706,0.92,12:39,138,124.7
707,0.92,13:24,139,125.3
708,0.92,13:24,140,124.7
709,0.93,13:24,141,124.7
710,0.93,13:24,142,124.7
711,0.93,13:16,142,124.7
712,0.93,13:24,143,124.7
713,0.93,13:24,144,124.0
714,0.93,12:53,144,124.0
715,0.93,12:04,144,123.4
716,0.94,12:39,145,123.4
717,0.94,12:39,145,122.7
718,0.94,13:01,144,122.7
719,0.94,13:41,143,122.7
720,0.94,13:58,142,122.7
721,0.94,13:41,142,122.7
722,0.94,12:53,143,122.0
723,0.94,12:25,142,122.0
724,0.95,12:11,142,122.0
725,0.95,11:58,142,122.0
726,0.95,11:16,142,122.0
727,0.95,11:39,142,122.0
728,0.95,11:52,142,122.0
729,0.95,11:52,142,122.0
730,0.95,11:33,142,122.0
731,0.96,11:45,142,122.0
732,0.96,11:45,142,121.4
733,0.96,12:11,142,121.4
734,0.96,12:04,141,121.4
735,0.96,12:18,142,121.4
736,0.96,12:53,142,121.4
737,0.96,12:53,142,120.7
738,0.96,11:58,143,120.7
739,0.97,12:11,142,120.7
740,0.97,12:25,142,120.7
741,0.97,12:25,142,120.1
742,0.97,12:32,143,120.1
743,0.97,13:16,142,120.1
744,0.97,13:16,141,120.1
745,0.97,13:32,141,120.1
746,0.98,13:16,140,119.4
747,0.98,13:41,140,119.4
748,0.98,13:32,140,119.4
749,0.98,13:16,140,119.4
750,0.98,13:16,140,119.4
751,0.98,13:58,140,119.4
752,0.98,13:16,141,118.8
753,0.98,13:01,142,118.8
754,0.99,12:32,141,118.8
755,0.99,11:33,141,118.8
756,0.99,10:54,140,118.8
757,0.99,10:54,140,118.8
758,0.99,10:54,141,118.1
759,0.99,11:33,141,118.1
760,0.99,12:18,141,118.1
761,1.0,12:46,141,118.1
762,1.0,13:01,141,118.1
763,1.0,13:08,141,118.1
764,1.0,13:24,142,118.1
765,1.0,13:16,142,117.5
766,1.0,13:08,142,117.5
767,1.0,13:08,143,117.5
768,1.0,13:16,142,117.5
769,1.01,13:01,143,117.5
770,1.01,13:08,142,117.5
771,1.01,13:08,143,116.8
772,1.01,13:24,143,116.8
773,1.01,13:01,143,116.8
774,1.01,12:39,142,116.8
775,1.01,13:01,143,116.8
776,1.01,13:01,143,116.1
777,1.02,12:53,143,116.1
778,1.02,13:32,143,116.1
779,1.02,13:32,142,116.1
780,1.02,13:16,142,116.1
781,1.02,12:11,143,116.1
782,1.02,11:52,142,116.1
783,1.02,11:27,142,116.1
784,1.03,11:33,141,116.1
785,1.03,11:16,141,115.5
786,1.03,12:25,141,115.5
787,1.03,12:39,140,115.5
788,1.03,12:39,140,115.5
789,1.03,12:46,140,115.5
790,1.03,13:01,141,115.5
791,1.03,12:53,141,115.5
792,1.04,13:49,141,115.5
793,1.04,13:41,141,115.5
794,1.04,14:07,142,115.5
795,1.04,14:25,142,114.8
796,1.04,13:41,142,114.8
797,1.04,12:32,142,114.8
798,1.04,13:01,142,114.2
799,1.04,12:18,142,114.2
800,1.05,11:58,142,114.2
801,1.05,12:25,142,114.2
802,1.05,12:53,142,114.2
803,1.05,13:01,141,114.2
804,1.05,12:53,141,114.2
805,1.05,12:53,141,114.2
806,1.05,13:01,141,113.5
807,1.05,12:32,142,113.5
808,1.06,12:04,142,113.5
809,1.06,12:11,143,112.9
810,1.06,11:33,143,112.9
811,1.06,11:16,143,112.9
812,1.06,11:33,144,112.9
813,1.06,11:39,144,112.9
814,1.06,11:39,144,112.2
815,1.07,12:25,143,112.2
816,1.07,12:32,143,112.2
817,1.07,11:58,143,112.2
818,1.07,11:52,142,111.5
819,1.07,12:04,142,111.5
820,1.07,11:58,140,111.5
821,1.07,12:04,141,111.5
822,1.08,12:25,140,111.5
823,1.08,12:11,138,110.9
824,1.08,12:18,138,110.9
825,1.08,11:16,138,110.9
826,1.08,10:59,139,110.2
827,1.08,11:10,139,110.2
828,1.08,11:10,138,110.2
829,1.09,11:05,138,109.6
830,1.09,12:32,138,109.6
831,1.09,12:11,138,109.6
832,1.09,12:18,137,109.6
833,1.09,12:11,137,110.2
834,1.09,11:39,137,110.2
835,1.09,10:43,136,110.2
836,1.1,11:21,135,110.2
837,1.1,11:45,136,109.6
838,1.1,12:32,137,109.6
839,1.1,12:53,137,109.6
840,1.1,13:58,137,108.9
841,1.1,14:34,138,109.6
842,1.1,13:41,138,108.9
843,1.1,13:24,138,108.9
844,1.11,13:49,139,108.9
845,1.11,13:16,137,108.9
846,1.11,12:11,137,108.3
847,1.11,12:04,137,108.3
848,1.11,11:39,139,108.3
849,1.11,11:33,139,107.6
850,1.11,12:04,139,107.6
851,1.12,12:39,140,107.6
852,1.12,12:46,140,108.3
853,1.12,13:41,140,108.3
854,1.12,13:32,140,108.3
855,1.12,13:32,140,108.3
856,1.12,13:08,141,108.3
857,1.12,13:24,141,108.3
858,1.12,12:53,141,108.3
859,1.13,12:46,141,108.3
860,1.13,12:32,141,107.6
861,1.13,12:32,142,107.6
862,1.13,12:11,142,107.6
863,1.13,12:25,142,107.6
864,1.13,12:46,142,107.6
865,1.13,12:53,143,107.6
866,1.13,13:08,142,107.6
867,1.14,13:01,142,107.6
868,1.14,13:08,141,107.6
869,1.14,13:08,141,107.6
870,1.14,13:16,141,107.6
871,1.14,13:49,140,107.6
872,1.14,14:44,141,107.6
873,1.14,14:16,142,107.6
874,1.14,14:25,142,107.6
875,1.15,13:41,143,107.6
876,1.15,13:16,143,107.0
877,1.15,13:01,142,107.0
878,1.15,13:41,142,107.0
879,1.15,13:32,142,107.0
880,1.15,13:49,142,107.0
881,1.15,13:49,142,107.0
882,1.15,13:08,141,107.6
883,1.16,12:11,142,107.6
884,1.16,11:52,141,107.6
885,1.16,11:58,142,107.6
886,1.16,11:33,141,107.6
887,1.16,11:45,143,107.6
888,1.16,11:58,143,107.6
889,1.16,12:04,143,107.6
890,1.17,12:04,143,107.6
891,1.17,12:39,143,107.6
892,1.17,12:39,142,107.6
893,1.17,13:01,142,107.6
894,1.17,13:41,141,107.6
895,1.17,13:41,141,107.6
896,1.17,13:16,141,107.6
897,1.17,13:49,140,107.6
898,1.18,13:32,139,107.6
899,1.18,13:41,139,107.6
900,1.18,13:58,139,107.6
901,1.18,14:44,139,107.6
902,1.18,13:16,140,107.6
903,1.18,13:01,139,107.6
904,1.18,12:39,138,107.6
905,1.18,12:39,138,108.3
906,1.19,11:58,137,108.3
907,1.19,12:53,137,108.3
908,1.19,13:01,137,108.3
909,1.19,12:32,137,108.3
910,1.19,12:25,136,108.3
911,1.19,12:53,136,108.3
912,1.19,12:04,136,108.3
913,1.2,11:52,136,108.3
914,1.2,11:58,137,107.6
915,1.2,11:52,138,107.6
916,1.2,11:39,139,107.6
917,1.2,12:11,140,107.6
918,1.2,13:01,140,108.3
919,1.2,13:24,140,108.3
920,1.2,13:49,138,107.6
921,1.21,14:07,139,107.6
922,1.21,14:16,139,107.6
923,1.21,13:32,139,107.6
924,1.21,13:24,141,107.6
925,1.21,13:08,141,107.6
926,1.21,12:39,142,107.6
927,1.21,12:18,142,107.6
928,1.21,12:46,142,107.6
929,1.22,12:32,142,107.6
930,1.22,12:11,141,107.0
931,1.22,12:18,142,107.0
932,1.22,13:08,142,107.0
933,1.22,12:04,142,107.0
934,1.22,12:11,142,107.0
935,1.22,12:04,142,107.0
936,1.23,12:18,142,107.0
937,1.23,11:45,141,106.3
938,1.23,11:45,141,106.3
939,1.23,11:27,141,106.3
940,1.23,12:04,141,106.3
941,1.23,11:58,140,106.3
942,1.23,11:45,139,106.3
943,1.24,12:18,139,106.3
944,1.24,13:01,139,106.3
945,1.24,13:24,140,106.3
946,1.24,13:32,140,106.3
947,1.24,13:49,141,105.6
948,1.24,13:49,142,105.6
949,1.24,12:32,142,105.6
950,1.24,11:45,143,105.0
951,1.25,11:16,144,105.0
952,1.25,11:10,144,105.0
953,1.25,11:10,144,105.0
954,1.25,12:11,144,105.0
955,1.25,12:46,143,105.0
956,1.25,13:49,144,105.0
957,1.25,13:16,143,105.0
958,1.25,13:16,143,105.0
959,1.26,13:24,144,105.0
960,1.26,12:53,145,105.0
961,1.26,12:39,144,104.3
962,1.26,13:41,144,104.3
963,1.26,13:08,144,104.3
964,1.26,13:01,145,104.3
965,1.26,13:32,145,104.3
966,1.26,13:16,145,104.3
967,1.27,12:39,145,104.3
968,1.27,13:24,145,104.3
969,1.27,12:32,145,104.3
970,1.27,11:52,145,103.7
971,1.27,11:52,145,103.7
972,1.27,12:11,145,103.7
973,1.27,12:11,146,103.7
974,1.28,12:32,145,103.7
975,1.28,12:39,145,103.0
976,1.28,12:53,144,103.0
977,1.28,12:46,144,103.0
978,1.28,11:58,143,103.0
979,1.28,12:11,141,103.0
980,1.28,12:53,137,103.0
981,1.28,13:24,136,103.0
982,1.29,13:32,135,103.0
983,1.29,14:07,134,103.0
984,1.29,14:07,132,102.4
985,1.29,12:18,124,102.4
986,1.29,11:27,125,102.4
987,1.29,11:39,125,102.4
988,1.29,11:39,125,102.4
989,1.3,11:10,126,102.4
990,1.3,11:58,126,102.4
991,1.3,11:58,127,102.4
992,1.3,11:52,127,101.7
993,1.3,12:39,127,101.7
994,1.3,13:24,127,101.7
995,1.3,13:41,128,101.7
996,1.3,13:41,131,101.7
997,1.31,13:24,135,101.7
998,1.31,12:46,139,101.7
999,1.31,12:04,140,101.0
1000,1.31,11:58,141,101.0
1001,1.31,11:58,142,101.0
1002,1.31,11:27,143,101.0
1003,1.32,10:48,144,101.0
1004,1.32,10:54,145,100.4
1005,1.32,10:59,145,100.4
1006,1.32,11:10,146,100.4
1007,1.32,12:04,147,100.4
1008,1.32,12:32,147,100.4
1009,1.32,12:04,147,100.4
1010,1.32,11:52,148,100.4
1011,1.33,11:52,148,99.7
1012,1.33,11:45,148,99.7
1013,1.33,12:25,148,99.7
1014,1.33,13:24,146,99.7
1015,1.33,13:16,145,99.7
1016,1.33,12:46,144,99.7
1017,1.33,11:58,144,99.7
1018,1.34,11:39,144,99.7
1019,1.34,11:16,144,99.7
1020,1.34,11:27,144,99.1
1021,1.34,11:52,144,99.1
1022,1.34,12:32,143,99.1
1023,1.34,12:53,143,99.1
1024,1.34,14:54,143,99.1
1025,1.34,14:44,144,99.1
1026,1.35,15:24,144,99.1
1027,1.35,14:54,144,99.1
1028,1.35,13:58,144,98.4
1029,1.35,12:25,144,98.4
1030,1.35,11:39,144,98.4
1031,1.35,11:05,144,98.4
1032,1.35,11:33,143,98.4
1033,1.36,11:39,144,98.4
1034,1.36,11:21,143,98.4
1035,1.36,11:58,143,97.8
1036,1.36,12:11,143,97.8
1037,1.36,12:18,143,97.8
1038,1.36,12:11,143,97.8
1039,1.36,13:01,142,97.8
1040,1.36,13:24,141,97.8
1041,1.37,13:08,141,97.8
1042,1.37,13:08,142,97.8
1043,1.37,13:32,142,97.8
1044,1.37,13:58,142,97.8
1045,1.37,13:49,142,97.8
1046,1.37,14:25,141,97.8
1047,1.37,13:01,141,97.1
1048,1.37,13:01,141,97.1
1049,1.38,12:18,141,97.1
1050,1.38,12:04,142,97.1
1051,1.38,12:04,142,97.1
1052,1.38,12:18,142,97.1
1053,1.38,12:18,143,97.1
1054,1.38,12:46,143,97.1
1055,1.38,13:01,143,97.1
1056,1.38,12:53,144,97.1
1057,1.39,12:32,143,97.1
1058,1.39,11:52,143,97.1
1059,1.39,11:10,144,97.1
1060,1.39,10:54,144,97.1
1061,1.39,10:38,144,97.1
1062,1.39,11:58,144,97.1
1063,1.39,12:39,144,97.1
1064,1.4,13:24,143,96.5
1065,1.4,14:54,143,96.5
1066,1.4,13:49,143,95.8
1067,1.4,12:25,143,95.8
1068,1.4,12:32,143,95.8
1069,1.4,12:18,144,95.8
1070,1.4,11:10,144,95.8
1071,1.41,12:04,144,95.8
1072,1.41,12:39,143,95.8
1073,1.41,13:24,143,95.8
1074,1.41,13:16,143,95.1
1075,1.41,14:54,144,95.1
1076,1.41,16:45,144,95.1
1077,1.41,17:52,145,95.1
1078,1.41,16:45,144,95.1
1079,1.41,15:57,143,95.1
1080,1.42,14:07,143,95.1
1081,1.42,13:08,144,95.1
1082,1.42,12:04,144,95.1
1083,1.42,11:33,144,95.1
1084,1.42,11:45,143,95.1
1085,1.42,10:54,143,94.5
1086,1.43,10:14,142,94.5
1087,1.43,10:23,142,94.5
1088,1.43,10:23,141,94.5
1089,1.43,10:48,141,94.5
1090,1.43,13:24,140,94.5
1091,1.43,13:24,141,94.5
1092,1.43,13:49,142,94.5
1093,1.43,14:44,142,94.5
1094,1.43,14:34,143,94.5
1095,1.44,12:11,143,94.5
1096,1.44,12:39,142,93.8
1097,1.44,12:39,143,93.8
1098,1.44,12:32,144,93.8
1099,1.44,11:16,145,93.8
1100,1.44,11:45,144,93.8
1101,1.44,12:04,146,93.8
1102,1.45,11:52,145,93.8
1103,1.45,11:52,145,93.8
1104,1.45,13:58,147,93.8
1105,1.45,12:53,147,93.8
1106,1.45,13:16,147,93.8
1107,1.45,13:32,146,93.8
1108,1.45,13:16,147,93.8
1109,1.45,12:18,147,93.8
1110,1.46,13:32,147,93.8
1111,1.46,12:53,146,93.2
1112,1.46,12:25,146,93.2
1113,1.46,11:52,146,93.2
1114,1.46,11:58,145,93.2
1115,1.46,11:52,145,93.2
1116,1.46,11:52,146,93.2
1117,1.47,12:18,146,93.2
1118,1.47,13:01,147,93.8
1119,1.47,12:46,148,93.8
1120,1.47,12:32,147,93.8
1121,1.47,12:39,148,93.8
1122,1.47,12:25,147,93.8
1123,1.47,12:53,148,93.8
1124,1.47,13:24,149,93.8
1125,1.48,13:41,148,93.8
1126,1.48,12:53,148,93.8
1127,1.48,12:53,148,93.8
1128,1.48,11:39,148,93.8
1129,1.48,11:39,148,94.5
1130,1.48,12:04,147,94.5
1131,1.48,12:53,147,94.5
1132,1.49,13:01,146,94.5
1133,1.49,14:16,147,94.5
1134,1.49,14:07,146,94.5
1135,1.49,13:32,146,94.5
1136,1.49,13:08,145,93.8
1137,1.49,13:16,146,93.8
1138,1.49,13:16,145,93.8
1139,1.49,13:01,145,93.8
1140,1.5,12:39,144,93.2
1141,1.5,13:01,144,93.8
1142,1.5,12:32,145,93.8
1143,1.5,12:18,144,93.8
1144,1.5,12:25,144,93.8
1145,1.5,12:25,145,93.8
1146,1.5,11:58,145,93.8
1147,1.51,11:58,145,93.8
1148,1.51,11:33,145,93.8
1149,1.51,11:21,145,93.8
1150,1.51,12:11,145,93.8
1151,1.51,11:58,146,93.2
1152,1.51,11:27,146,93.2
1153,1.51,11:39,144,93.2
1154,1.52,11:45,144,93.2
1155,1.52,11:27,145,93.2
1156,1.52,11:58,145,93.2
1157,1.52,12:11,145,93.2
1158,1.52,11:58,146,93.2
1159,1.52,12:04,146,92.5
1160,1.52,11:52,146,91.9
1161,1.52,12:18,146,91.9
1162,1.53,13:08,145,91.9
1163,1.53,14:25,144,91.9
1164,1.53,15:04,145,91.9
1165,1.53,15:57,144,91.9
1166,1.53,15:35,144,91.9
1167,1.53,15:35,145,91.9
1168,1.53,14:54,145,92.5
1169,1.53,14:54,146,92.5
1170,1.53,14:16,145,92.5
1171,1.54,13:24,145,92.5
1172,1.54,12:53,146,91.9
1173,1.54,11:45,147,91.9
1174,1.54,11:16,147,91.9
1175,1.54,11:05,148,91.2
1176,1.54,10:48,148,91.2
1177,1.54,11:05,149,91.2
1178,1.55,11:58,149,91.2
1179,1.55,11:58,149,91.2
1180,1.55,12:04,150,91.2
1181,1.55,12:39,150,91.2
1182,1.55,12:11,150,91.2
1183,1.55,11:58,152,91.2
1184,1.55,11:52,153,91.2
1185,1.56,11:33,153,91.2
1186,1.56,11:39,154,90.6
1187,1.56,11:52,154,89.9
1188,1.56,12:11,154,89.2
1189,1.56,12:46,154,89.2
1190,1.56,13:24,154,89.2
1191,1.56,13:24,154,88.6
1192,1.57,13:16,153,88.6
1193,1.57,12:53,153,87.9
1194,1.57,12:32,153,87.9
1195,1.57,11:58,154,87.9
1196,1.57,12:04,154,87.9
1197,1.57,12:11,154,87.9
1198,1.57,12:11,154,87.9
1199,1.57,11:45,154,87.9
1200,1.58,11:58,153,87.3
1201,1.58,11:10,153,87.3
1202,1.58,11:05,153,87.3
1203,1.58,10:59,152,87.3
1204,1.58,11:05,152,87.3
1205,1.58,11:10,153,87.3
1206,1.58,12:18,152,87.3
1207,1.59,12:46,152,87.3
1208,1.59,12:53,150,87.3
1209,1.59,13:16,150,87.3
1210,1.59,15:04,150,87.3
1211,1.59,15:14,150,87.3
1212,1.59,15:04,149,87.3
1213,1.59,15:46,149,86.6
1214,1.59,16:33,149,86.6
1215,1.59,14:54,149,86.6
1216,1.6,14:25,150,86.6
1217,1.6,14:07,150,86.6
1218,1.6,13:32,150,86.6
1219,1.6,13:08,149,86.6
1220,1.6,12:11,149,86.6
1221,1.6,11:52,149,86.6
1222,1.6,12:53,149,86.6
1223,1.61,12:53,150,87.3
1224,1.61,12:53,150,87.3
1225,1.61,14:34,152,87.3
1226,1.61,14:54,152,87.3
1227,1.61,13:32,152,87.3
1228,1.61,13:16,152,87.3
1229,1.61,12:18,154,87.3
1230,1.61,11:45,153,87.9
1231,1.62,11:16,153,87.9
1232,1.62,11:05,153,87.9
1233,1.62,11:27,154,88.6
1234,1.62,11:58,153,88.6
1235,1.62,11:52,153,88.6
1236,1.62,12:18,153,88.6
1237,1.62,12:04,153,89.2
1238,1.63,11:58,153,89.2
1239,1.63,12:25,153,89.2
1240,1.63,12:46,153,89.2
1241,1.63,13:32,153,89.2
1242,1.63,14:16,153,89.9
1243,1.63,14:44,153,89.9
1244,1.63,14:34,154,89.9
1245,1.63,13:41,154,90.6
1246,1.64,13:01,153,90.6
1247,1.64,12:53,153,90.6
1248,1.64,12:25,152,91.2
1249,1.64,12:04,152,91.2
1250,1.64,12:25,152,91.9
1251,1.64,12:25,153,91.9
1252,1.64,13:01,153,91.9
1253,1.64,13:32,153,91.9
1254,1.65,14:25,153,92.5
1255,1.65,14:16,153,92.5
1256,1.65,13:41,153,92.5
1257,1.65,13:01,154,92.5
1258,1.65,12:25,153,93.2
1259,1.65,11:58,153,93.2
1260,1.65,12:04,153,93.2
1261,1.65,12:39,153,93.2
1262,1.66,12:46,153,93.8
1263,1.66,13:08,154,93.8
1264,1.66,13:16,154,93.8
1265,1.66,13:24,154,94.5
1266,1.66,13:08,154,94.5
1267,1.66,13:24,154,94.5
1268,1.66,13:32,154,94.5
1269,1.66,13:16,154,94.5
1270,1.67,13:16,154,93.8
1271,1.67,13:24,154,93.8
1272,1.67,13:01,155,93.8
1273,1.67,12:53,154,93.2
1274,1.67,13:01,153,93.2
1275,1.67,12:46,153,93.2
1276,1.67,12:39,155,93.2
1277,1.68,12:53,155,93.2
1278,1.68,12:25,155,92.5
1279,1.68,12:18,155,92.5
1280,1.68,11:39,156,92.5
1281,1.68,11:21,156,91.9
1282,1.68,11:16,156,91.9
1283,1.68,11:10,157,91.2
1284,1.69,11:39,158,91.2
1285,1.69,12:39,158,91.2
1286,1.69,12:53,158,91.2
1287,1.69,13:16,158,91.9
1288,1.69,14:25,157,91.9
1289,1.69,13:58,157,91.9
1290,1.69,13:41,158,91.9
1291,1.69,13:24,158,91.9
1292,1.7,12:39,158,91.9
1293,1.7,12:18,157,91.9
1294,1.7,12:18,157,92.5
1295,1.7,12:25,157,92.5
1296,1.7,12:46,157,92.5
1297,1.7,13:08,157,93.2
1298,1.7,12:39,157,93.2
1299,1.7,12:39,157,93.2
1300,1.71,12:39,156,93.2
1301,1.71,12:25,155,93.2
1302,1.71,11:52,155,92.5
1303,1.71,11:52,155,92.5
1304,1.71,11:05,155,92.5
1305,1.71,10:33,156,92.5
1306,1.72,10:23,157,92.5
1307,1.72,10:43,156,91.9
1308,1.72,10:59,156,91.9
1309,1.72,12:04,156,91.9
1310,1.72,13:08,156,91.9
1311,1.72,13:24,157,91.9
1312,1.72,13:41,157,91.9
1313,1.72,13:32,158,91.9
1314,1.73,13:16,158,91.9
1315,1.73,12:32,159,91.9
1316,1.73,13:01,157,91.9
1317,1.73,13:08,157,91.9
1318,1.73,13:08,157,91.9
1319,1.73,13:24,157,91.9
1320,1.73,13:24,157,91.9
1321,1.73,13:01,157,91.9
1322,1.74,12:39,157,91.9
1323,1.74,12:53,156,91.9
1324,1.74,12:46,155,91.2
1325,1.74,13:01,156,91.2
1326,1.74,13:08,156,91.2
1327,1.74,13:32,155,91.2
1328,1.74,13:32,154,91.2
1329,1.74,13:24,154,91.2
1330,1.75,13:32,155,91.2
1331,1.75,13:32,155,91.2
1332,1.75,13:08,155,91.2
1333,1.75,12:39,155,91.2
1334,1.75,12:04,155,91.2
1335,1.75,11:52,154,91.2
1336,1.75,12:11,155,91.2
1337,1.75,12:11,155,91.2
1338,1.76,12:46,154,91.2
1339,1.76,13:16,155,91.2
1340,1.76,12:46,155,91.2
1341,1.76,12:25,155,91.2
1342,1.76,12:46,155,91.2
1343,1.76,13:16,157,91.2
1344,1.76,13:49,158,91.9
1345,1.76,14:44,157,91.9
1346,1.77,15:24,156,91.9
1347,1.77,15:04,156,91.9
1348,1.77,14:34,157,91.9
1349,1.77,13:49,157,91.9
1350,1.77,14:16,156,91.9
1351,1.77,14:16,156,91.9
1352,1.77,14:44,155,91.9
1353,1.77,14:25,156,91.9
1354,1.78,13:24,155,91.9
1355,1.78,12:46,156,91.9
1356,1.78,12:32,155,91.9
1357,1.78,12:04,157,92.5
1358,1.78,11:16,157,92.5
1359,1.78,11:58,157,92.5
1360,1.78,11:52,158,92.5
1361,1.79,10:59,158,93.2
1362,1.79,10:59,158,93.2
1363,1.79,11:39,158,93.2
1364,1.79,11:05,158,93.2
1365,1.79,11:39,158,93.2
1366,1.79,12:39,157,93.2
1367,1.79,12:46,156,93.2
1368,1.79,13:49,156,93.2
1369,1.8,15:57,156,93.8
1370,1.8,14:54,155,93.8
1371,1.8,14:34,154,93.8
1372,1.8,14:07,155,94.5
1373,1.8,13:16,155,94.5
1374,1.8,12:39,155,94.5
1375,1.8,12:46,155,93.8
1376,1.8,13:01,155,93.8
1377,1.81,13:41,154,93.8
1378,1.81,13:24,154,93.8
1379,1.81,13:16,153,93.8
1380,1.81,13:41,155,94.5
1381,1.81,13:08,154,94.5
1382,1.81,12:46,154,94.5
1383,1.81,13:08,154,94.5
1384,1.81,12:53,155,95.1
1385,1.82,12:32,154,95.1
1386,1.82,12:46,153,95.1
1387,1.82,13:32,152,95.1
1388,1.82,13:24,152,95.1
1389,1.82,14:16,152,95.1
1390,1.82,15:14,152,95.1
1391,1.82,15:14,152,95.1
1392,1.82,14:07,152,95.1
1393,1.83,13:24,152,95.1
1394,1.83,12:32,152,95.8
1395,1.83,11:21,152,95.1
1396,1.83,11:27,152,95.1
1397,1.83,11:21,152,95.1
1398,1.83,11:27,154,95.1
1399,1.83,11:27,155,95.1
1400,1.84,11:52,155,95.1
1401,1.84,11:27,155,95.1
1402,1.84,11:45,156,94.5
1403,1.84,11:52,156,94.5
1404,1.84,11:52,156,94.5
1405,1.84,11:39,157,94.5
1406,1.84,11:39,157,94.5
1407,1.85,11:21,158,94.5
1408,1.85,11:27,158,94.5
1409,1.85,11:39,159,94.5
1410,1.85,11:45,158,94.5
1411,1.85,12:32,160,94.5
1412,1.85,12:46,160,95.1
1413,1.85,13:01,160,95.1
1414,1.85,13:24,160,95.1
1415,1.86,13:41,161,95.1
1416,1.86,13:08,161,95.1
1417,1.86,13:58,161,95.8
1418,1.86,13:58,161,95.8
1419,1.86,13:58,161,95.8
1420,1.86,14:16,160,96.5
1421,1.86,13:49,160,96.5
1422,1.86,12:53,160,96.5
1423,1.87,12:18,160,97.1
1424,1.87,11:16,159,97.1
1425,1.87,10:23,160,97.1
1426,1.87,10:33,159,97.1
1427,1.87,10:18,159,97.1
1428,1.87,10:28,159,97.1
1429,1.88,10:59,159,97.1
1430,1.88,11:33,158,97.1
1431,1.88,11:52,157,97.1
1432,1.88,13:24,157,96.5
1433,1.88,14:07,156,96.5
1434,1.88,15:04,156,95.8
1435,1.88,15:46,155,95.8
1436,1.88,15:24,156,95.8
1437,1.88,14:34,156,95.8
1438,1.89,14:07,156,95.8
1439,1.89,12:53,156,95.8
1440,1.89,12:32,157,95.8
1441,1.89,12:04,158,95.8
1442,1.89,11:27,158,95.8
1443,1.89,11:16,157,95.1
1444,1.89,12:04,157,95.1
1445,1.9,12:11,156,95.1
1446,1.9,11:58,156,95.1
1447,1.9,12:11,155,95.1
1448,1.9,12:04,155,95.1
1449,1.9,12:04,155,95.1
1450,1.9,12:25,155,95.8
1451,1.9,13:16,156,96.5
1452,1.91,13:32,157,96.5
1453,1.91,13:41,158,97.1
1454,1.91,13:24,157,97.8
1455,1.91,13:32,158,97.8
1456,1.91,14:07,159,98.4
1457,1.91,15:04,159,99.1
1458,1.91,17:38,158,99.1
1459,1.91,19:26,159,99.7
1460,1.91,19:26,159,99.7
1461,1.91,19:43,158,100.4
1462,1.92,17:25,159,101.0
1463,1.92,15:24,158,101.7
1464,1.92,14:54,159,101.7
1465,1.92,14:44,160,103.0
1466,1.92,14:16,160,103.0
1467,1.92,15:04,160,103.7
1468,1.92,14:44,160,104.3
1469,1.92,13:49,160,105.0
1470,1.93,13:16,160,105.0
1471,1.93,13:08,161,105.0
1472,1.93,13:24,161,105.0
1473,1.93,13:58,161,105.0
1474,1.93,13:49,162,105.0
1475,1.93,14:44,162,105.0
1476,1.93,14:44,162,105.0
1477,1.93,14:25,162,104.3
1478,1.93,14:07,163,103.7
1479,1.94,13:41,162,103.0
1480,1.94,12:46,162,101.7
1481,1.94,11:52,162,101.0
1482,1.94,11:16,161,99.7
1483,1.94,10:43,161,99.7
1484,1.94,11:10,162,99.1
1485,1.94,11:45,161,99.1
1486,1.95,12:25,162,99.1
1487,1.95,12:39,163,98.4
1488,1.95,13:24,163,98.4
1489,1.95,13:16,163,98.4
1490,1.95,12:46,163,98.4
1491,1.95,12:04,163,98.4
1492,1.95,11:39,163,98.4
1493,1.96,11:27,163,98.4
1494,1.96,11:27,163,97.8
1495,1.96,11:16,162,97.8
1496,1.96,11:58,161,97.8
1497,1.96,12:39,161,97.8
1498,1.96,12:46,161,97.8
1499,1.96,12:39,160,97.8
1500,1.96,13:08,160,97.8
1501,1.97,13:24,160,97.8
1502,1.97,13:49,160,97.8
1503,1.97,13:41,160,97.8
1504,1.97,13:32,160,97.8
1505,1.97,13:08,159,97.8
1506,1.97,13:08,159,97.8
1507,1.97,12:39,159,97.8
1508,1.97,12:32,159,97.1
1509,1.98,12:53,158,97.1
1510,1.98,13:08,158,97.1
1511,1.98,12:25,157,97.1
1512,1.98,12:53,157,97.1
1513,1.98,12:53,156,97.1
1514,1.98,12:53,156,97.1
1515,1.98,12:25,157,97.1
1516,1.99,12:32,158,97.1
1517,1.99,11:21,158,97.1
1518,1.99,11:10,158,97.1
1519,1.99,10:54,159,97.8
1520,1.99,10:59,160,97.8
1521,1.99,11:21,160,97.8
1522,1.99,12:04,159,97.1
1523,2.0,12:11,160,97.1
1524,2.0,12:32,160,97.1
1525,2.0,11:58,160,97.1
1526,2.0,11:27,160,97.1
1527,2.0,11:05,159,97.1
1528,2.0,10:48,159,97.1
1529,2.0,10:33,158,97.1
1530,2.01,11:05,158,97.1
1531,2.01,11:52,158,97.1
1532,2.01,12:25,158,97.1
1533,2.01,12:32,158,97.1
1534,2.01,12:46,159,97.1
1535,2.01,13:16,159,97.1
1536,2.01,12:18,159,97.1
1537,2.01,12:18,160,97.1
1538,2.02,12:32,159,97.1
1539,2.02,11:58,160,97.1
1540,2.02,11:58,161,97.1
1541,2.02,12:18,160,97.1
1542,2.02,12:04,160,96.5
1543,2.02,12:11,160,96.5
1544,2.02,12:18,160,96.5
1545,2.03,12:11,160,95.8
1546,2.03,12:18,159,95.8
1547,2.03,12:11,159,95.1
1548,2.03,12:46,159,94.5
1549,2.03,13:16,160,93.8
1550,2.03,13:08,159,93.2
1551,2.03,12:53,158,93.2
1552,2.04,13:01,159,92.5
1553,2.04,13:01,159,91.9
1554,2.04,13:58,158,91.9
1555,2.04,14:44,159,91.2
1556,2.04,14:25,160,91.2
1557,2.04,12:32,159,90.6
1558,2.04,11:27,159,90.6
1559,2.04,11:05,158,90.6
1560,2.05,10:14,157,90.6
1561,2.05,10:28,157,90.6
1562,2.05,11:52,157,91.2
1563,2.05,11:45,156,91.2
1564,2.05,11:10,154,91.2
1565,2.05,12:39,154,91.9
1566,2.05,13:08,155,91.9
1567,2.05,13:32,155,91.9
1568,2.06,14:34,154,91.9
1569,2.06,14:16,154,91.9
1570,2.06,13:24,153,92.5
1571,2.06,12:46,153,91.9
1572,2.06,12:04,152,91.9
1573,2.06,11:39,152,92.5
1574,2.06,12:25,151,92.5
1575,2.07,11:52,151,92.5
1576,2.07,11:45,151,92.5
1577,2.07,12:18,152,92.5
1578,2.07,12:53,153,93.2
1579,2.07,12:53,153,93.2
1580,2.07,13:32,154,93.2
1581,2.07,14:34,154,93.8
1582,2.07,14:54,153,93.8
1583,2.08,15:57,154,93.8
1584,2.08,16:09,153,94.5
1585,2.08,16:09,153,94.5
1586,2.08,15:46,151,94.5
1587,2.08,14:34,151,95.1
1588,2.08,13:08,152,95.1
1589,2.08,12:18,152,95.1
1590,2.08,12:46,152,95.1
1591,2.09,12:25,152,95.1
1592,2.09,13:01,152,95.1
1593,2.09,13:49,151,95.8
1594,2.09,14:16,151,95.8
1595,2.09,13:08,150,95.8
1596,2.09,13:16,145,95.8
1597,2.09,12:46,143,96.5
1598,2.09,12:32,142,96.5
1599,2.1,13:01,134,96.5
1600,2.1,13:01,132,97.1
1601,2.1,13:08,129,97.1
1602,2.1,14:07,127,97.1
1603,2.1,13:58,127,97.1
1604,2.1,14:07,127,97.1
1605,2.1,16:09,127,97.8
1606,2.1,15:35,129,97.8
1607,2.1,14:54,133,97.8
1608,2.11,14:25,137,97.8
1609,2.11,13:01,141,97.8
1610,2.11,11:52,145,97.1
1611,2.11,11:52,147,97.1
1612,2.11,11:39,149,97.1
1613,2.11,12:04,159,96.5
1614,2.11,12:46,160,96.5
1615,2.12,12:32,161,96.5
1616,2.12,12:32,161,96.5
1617,2.12,12:25,163,96.5
1618,2.12,12:53,163,96.5
1619,2.12,12:53,164,96.5
1620,2.12,13:08,164,96.5
1621,2.12,13:41,164,95.8
1622,2.12,14:07,164,95.8
1623,2.13,13:41,164,95.8
1624,2.13,14:25,165,95.8
1625,2.13,14:34,164,95.8
1626,2.13,14:54,165,95.8
1627,2.13,15:35,164,95.8
1628,2.13,16:21,164,95.8
1629,2.13,15:57,164,95.8
1630,2.13,15:14,164,95.8
1631,2.13,13:58,163,95.8
1632,2.14,13:16,163,95.8
1633,2.14,12:25,163,95.8
1634,2.14,12:25,162,95.8
1635,2.14,12:53,162,95.8
1636,2.14,12:46,160,95.8
1637,2.14,12:11,160,95.8
1638,2.14,12:46,159,95.8
1639,2.15,11:58,159,95.8
1640,2.15,11:16,160,95.8
1641,2.15,11:33,159,95.8
1642,2.15,10:59,159,95.8
1643,2.15,10:05,157,95.8
1644,2.15,10:38,157,95.8
1645,2.15,10:48,157,95.8
1646,2.16,10:38,157,95.8
1647,2.16,11:58,156,95.8
1648,2.16,13:24,155,95.8
1649,2.16,13:01,156,95.8
1650,2.16,13:32,156,95.8
1651,2.16,14:44,156,95.8
1652,2.16,14:44,156,95.8
1653,2.16,14:54,158,95.8
1654,2.16,15:24,157,95.8
1655,2.17,15:57,157,95.8
1656,2.17,14:16,157,95.1
1657,2.17,13:08,157,95.1
1658,2.17,12:46,157,95.1
1659,2.17,12:11,157,95.1
1660,2.17,11:05,158,94.5
1661,2.18,10:43,159,94.5
1662,2.18,10:59,159,94.5
1663,2.18,10:38,160,94.5
1664,2.18,10:48,160,94.5
1665,2.18,11:52,160,95.1
1666,2.18,13:01,160,95.1
1667,2.18,13:24,160,95.1
1668,2.18,12:53,160,95.1
1669,2.19,12:53,159,95.1
1670,2.19,12:18,159,95.1
1671,2.19,12:04,159,95.1
1672,2.19,11:45,157,94.5
1673,2.19,12:25,157,95.1
1674,2.19,12:32,156,95.1
1675,2.19,12:18,156,95.1
1676,2.2,12:32,156,95.1
1677,2.2,12:32,156,95.8
1678,2.2,12:32,157,95.8
1679,2.2,12:32,157,95.8
1680,2.2,12:25,157,95.8
1681,2.2,11:58,158,95.8
1682,2.2,12:32,157,95.8
1683,2.2,12:25,158,95.1
1684,2.21,12:46,157,95.1
1685,2.21,13:16,157,95.1
1686,2.21,14:44,158,95.1
1687,2.21,14:25,158,95.1
1688,2.21,14:07,158,95.1
1689,2.21,13:24,158,95.1
1690,2.21,13:08,158,95.1
1691,2.21,12:25,157,95.1
1692,2.22,12:04,158,95.1
1693,2.22,12:11,157,95.1
1694,2.22,12:04,157,95.1
1695,2.22,12:32,157,95.1
1696,2.22,12:46,158,95.1
1697,2.22,13:32,158,94.5
1698,2.22,14:07,159,94.5
1699,2.22,15:14,159,94.5
1700,2.23,15:46,159,94.5
1701,2.23,16:58,158,94.5
1702,2.23,16:45,158,94.5
1703,2.23,15:46,158,95.1
1704,2.23,13:58,158,95.1
1705,2.23,12:46,158,95.1
1706,2.23,11:33,158,95.1
1707,2.23,10:59,158,95.1
1708,2.24,10:48,158,95.1
1709,2.24,11:10,159,95.1
1710,2.24,11:39,159,95.1
1711,2.24,11:33,160,95.1
1712,2.24,11:52,161,95.8
1713,2.24,12:18,160,95.8
1714,2.24,12:11,161,96.5
1715,2.25,12:25,161,96.5
1716,2.25,12:25,160,96.5
1717,2.25,12:46,160,96.5
1718,2.25,11:58,160,96.5
1719,2.25,12:11,160,95.8
1720,2.25,11:58,160,95.8
1721,2.25,12:04,160,95.8
1722,2.26,11:45,160,95.8
1723,2.26,12:04,160,96.5
1724,2.26,12:39,160,96.5
1725,2.26,12:53,159,96.5
1726,2.26,13:24,160,96.5
1727,2.26,14:07,160,96.5
1728,2.26,15:14,161,96.5
1729,2.26,15:24,161,96.5
1730,2.26,15:14,161,96.5
1731,2.27,15:35,160,96.5
1732,2.27,15:46,160,96.5
1733,2.27,16:09,160,96.5
1734,2.27,16:09,160,95.8
1735,2.27,15:35,160,95.8
1736,2.27,14:34,159,96.5
1737,2.27,13:08,159,96.5
1738,2.27,11:58,159,97.1
1739,2.28,10:54,159,97.1
1740,2.28,10:48,159,97.1
1741,2.28,10:43,158,97.1
1742,2.28,10:48,158,97.1
1743,2.28,11:10,157,97.1
1744,2.28,11:45,157,97.1
1745,2.28,12:11,158,97.1
1746,2.29,12:32,158,97.1
1747,2.29,13:01,158,97.1
1748,2.29,13:16,158,97.8
1749,2.29,12:53,158,97.8
1750,2.29,12:39,157,97.8
1751,2.29,13:24,157,97.8
1752,2.29,13:08,158,97.8
1753,2.29,13:24,158,97.8
1754,2.3,14:16,158,97.8
1755,2.3,12:53,158,97.8
1756,2.3,11:45,158,98.4
1757,2.3,11:45,158,98.4
1758,2.3,11:27,159,98.4
1759,2.3,11:10,159,98.4
1760,2.3,12:25,160,98.4
1761,2.31,13:01,160,98.4
1762,2.31,13:32,160,98.4
1763,2.31,12:46,160,98.4
1764,2.31,12:46,160,98.4
1765,2.31,13:01,160,98.4
1766,2.31,12:46,160,98.4
1767,2.31,11:52,160,98.4
1768,2.31,12:39,160,98.4
1769,2.32,12:39,160,98.4
1770,2.32,12:04,160,99.1
1771,2.32,12:04,161,99.1
1772,2.32,12:53,161,99.1
1773,2.32,12:32,161,99.1
1774,2.32,11:45,161,99.1
1775,2.32,11:39,161,99.1
1776,2.33,11:39,162,99.1
1777,2.33,11:33,162,99.1
1778,2.33,11:45,162,99.1
1779,2.33,12:18,162,99.1
1780,2.33,12:39,162,99.1
1781,2.33,12:53,161,99.7
1782,2.33,12:39,161,99.7
1783,2.33,12:46,161,99.7
1784,2.34,12:25,161,99.7
1785,2.34,12:11,161,99.7
1786,2.34,12:18,160,99.7
1787,2.34,12:39,160,99.7
1788,2.34,12:32,160,100.4
1789,2.34,13:24,160,100.4
1790,2.34,13:16,160,101.0
1791,2.35,12:53,160,101.0
1792,2.35,13:01,160,101.7
1793,2.35,12:25,161,101.7
1794,2.35,12:11,161,101.7
1795,2.35,12:46,161,102.4
1796,2.35,13:08,161,102.4
1797,2.35,12:46,162,103.0
1798,2.35,13:58,161,103.0
1799,2.36,14:25,162,103.7
1800,2.36,14:34,162,103.7
1801,2.36,13:58,161,104.3
1802,2.36,14:25,162,104.3
1803,2.36,14:25,163,105.0
1804,2.36,13:32,163,105.0
1805,2.36,13:08,163,105.6
1806,2.36,13:32,163,105.6
1807,2.37,13:16,163,106.3
1808,2.37,12:53,164,106.3
1809,2.37,13:01,164,106.3
1810,2.37,12:46,165,106.3
1811,2.37,12:39,166,107.0
1812,2.37,11:45,165,107.0
1813,2.37,11:33,166,107.6
1814,2.38,11:39,166,107.6
1815,2.38,11:27,166,108.3
1816,2.38,10:38,166,107.6
1817,2.38,10:43,166,107.6
1818,2.38,10:18,167,107.0
1819,2.38,10:09,166,106.3
1820,2.38,10:28,166,105.6
1821,2.39,11:16,165,105.6
1822,2.39,11:45,165,105.0
1823,2.39,12:11,165,105.0
1824,2.39,12:53,166,104.3
1825,2.39,12:25,166,104.3
1826,2.39,12:04,166,103.7
1827,2.39,11:45,166,103.7
1828,2.4,11:21,166,103.0
1829,2.4,10:43,166,102.4
1830,2.4,10:48,166,102.4
1831,2.4,10:38,166,102.4
1832,2.4,11:05,166,101.7
1833,2.4,11:27,166,101.7
1834,2.4,11:52,166,101.0
1835,2.41,11:45,166,101.0
1836,2.41,12:04,166,101.0
1837,2.41,11:45,167,100.4
1838,2.41,11:58,167,100.4
1839,2.41,11:16,166,100.4
1840,2.41,11:05,166,100.4
1841,2.42,11:05,165,100.4
1842,2.42,10:43,166,100.4
1843,2.42,10:33,165,100.4
1844,2.42,11:21,164,99.7
1845,2.42,11:21,164,99.7
1846,2.42,11:27,163,99.7
1847,2.42,11:58,164,99.7
1848,2.43,11:58,164,99.7
1849,2.43,11:52,164,99.7
1850,2.43,12:46,165,99.7
1851,2.43,13:01,166,99.7
1852,2.43,13:41,166,99.7
1853,2.43,13:08,165,99.7
1854,2.43,12:18,165,99.7
1855,2.43,11:39,165,100.4
1856,2.44,11:33,166,100.4
1857,2.44,11:05,165,100.4
1858,2.44,11:33,164,100.4
1859,2.44,11:45,164,99.7
1860,2.44,11:58,164,99.7
1861,2.44,12:18,164,99.7
1862,2.44,12:46,165,99.7
1863,2.44,13:41,165,99.7
1864,2.45,14:16,164,99.7
1865,2.45,14:34,164,99.7
1866,2.45,13:49,164,99.7
1867,2.45,13:08,164,99.7
1868,2.45,12:18,165,99.1
1869,2.45,11:27,164,99.1
1870,2.45,11:21,165,99.1
1871,2.46,11:33,166,99.1
1872,2.46,11:27,166,99.1
1873,2.46,11:16,166,99.7
1874,2.46,11:58,166,99.7
1875,2.46,11:52,166,99.7
1876,2.46,11:52,166,99.7
1877,2.46,12:04,166,99.1
1878,2.47,12:18,166,99.1
1879,2.47,12:11,166,99.1
1880,2.47,12:25,166,99.7
1881,2.47,12:25,166,99.7
1882,2.47,12:11,166,99.7
1883,2.47,11:39,165,99.7
1884,2.47,11:39,165,99.7
1885,2.48,11:52,165,99.7
1886,2.48,11:45,165,99.7
1887,2.48,11:52,165,99.7
1888,2.48,12:39,165,99.7
1889,2.48,12:39,165,99.7
1890,2.48,12:04,166,99.7
1891,2.48,12:32,166,99.7
1892,2.48,14:34,166,99.7
1893,2.48,15:24,165,99.7
1894,2.49,16:09,165,99.7
1895,2.49,15:35,163,99.7
1896,2.49,14:34,164,99.7
1897,2.49,12:18,164,99.7
1898,2.49,11:58,164,100.4
1899,2.49,11:33,165,100.4
1900,2.49,11:39,165,100.4
1901,2.5,12:04,164,100.4
1902,2.5,12:25,165,101.0
1903,2.5,11:52,165,100.4
1904,2.5,11:58,165,100.4
1905,2.5,12:11,165,101.0
1906,2.5,11:52,165,101.0
1907,2.5,12:18,166,101.0
1908,2.51,12:32,164,101.0
1909,2.51,12:25,164,101.0
1910,2.51,11:52,163,101.0
1911,2.51,11:27,163,101.0
1912,2.51,10:43,163,100.4
1913,2.51,10:09,162,101.0
1914,2.51,10:33,162,101.0
1915,2.52,10:59,161,101.0
1916,2.52,11:21,162,101.0
1917,2.52,11:52,163,101.0
1918,2.52,12:04,162,101.0
1919,2.52,11:10,164,100.4
1920,2.52,11:05,164,100.4
1921,2.53,10:59,164,100.4
1922,2.53,10:54,164,100.4
1923,2.53,10:48,164,100.4
1924,2.53,11:16,164,100.4
1925,2.53,11:52,165,100.4
1926,2.53,11:39,165,100.4
1927,2.53,11:16,166,101.0
1928,2.54,12:04,165,101.0
1929,2.54,12:25,165,101.0
1930,2.54,11:52,165,101.0
1931,2.54,12:32,165,100.4
1932,2.54,12:32,165,100.4
1933,2.54,12:04,165,100.4
1934,2.54,11:39,165,100.4
1935,2.54,11:52,163,100.4
1936,2.55,12:04,163,101.0
1937,2.55,12:39,164,101.0
1938,2.55,13:08,164,101.0
1939,2.55,12:46,164,101.0
1940,2.55,12:39,164,101.0
1941,2.55,12:32,165,101.7
1942,2.55,13:08,164,101.7
1943,2.55,13:01,165,101.7
1944,2.56,13:08,165,101.7
1945,2.56,12:46,165,102.4
1946,2.56,12:46,164,102.4
1947,2.56,12:04,164,102.4
1948,2.56,11:45,164,102.4
1949,2.56,12:25,165,102.4
1950,2.56,12:53,165,102.4
1951,2.57,12:39,165,102.4
1952,2.57,13:08,164,102.4
1953,2.57,13:01,165,102.4
1954,2.57,12:39,164,102.4
1955,2.57,12:18,163,102.4
1956,2.57,12:32,162,102.4
1957,2.57,12:32,163,102.4
1958,2.57,13:08,162,102.4
1959,2.58,14:07,162,102.4
1960,2.58,15:35,161,102.4
1961,2.58,14:54,162,102.4
1962,2.58,14:54,162,102.4
1963,2.58,15:04,161,102.4
1964,2.58,13:49,161,102.4
1965,2.58,12:53,160,102.4
1966,2.58,13:32,159,102.4
1967,2.59,12:18,159,102.4
1968,2.59,11:33,158,102.4
1969,2.59,11:21,158,102.4
1970,2.59,11:10,159,102.4
1971,2.59,10:48,159,102.4
1972,2.59,11:33,160,102.4
1973,2.59,12:11,160,102.4
1974,2.6,13:01,160,102.4
1975,2.6,13:16,160,102.4
1976,2.6,13:41,160,103.0
1977,2.6,13:24,160,103.0
1978,2.6,13:24,160,102.4
1979,2.6,12:46,160,102.4
1980,2.6,12:25,161,102.4
1981,2.6,11:58,161,102.4
1982,2.61,11:21,161,102.4
1983,2.61,11:27,161,102.4
1984,2.61,11:45,161,102.4
1985,2.61,11:52,161,102.4
1986,2.61,12:11,161,102.4
1987,2.61,13:32,160,101.7
1988,2.61,12:53,160,102.4
1989,2.62,12:46,160,102.4
1990,2.62,13:08,160,102.4
1991,2.62,13:01,160,102.4
1992,2.62,12:39,160,102.4
1993,2.62,12:32,160,102.4
1994,2.62,12:18,161,102.4
1995,2.62,12:18,161,102.4
1996,2.62,12:18,161,102.4
1997,2.63,11:58,162,103.0
1998,2.63,12:11,162,103.0
1999,2.63,12:04,163,103.0
2000,2.63,11:52,163,103.7
2001,2.63,11:33,163,103.7
2002,2.63,11:45,163,103.7
2003,2.63,11:45,163,103.7
2004,2.64,12:04,163,104.3
2005,2.64,12:11,165,104.3
2006,2.64,12:32,164,104.3
2007,2.64,11:33,164,104.3
2008,2.64,11:39,165,104.3
2009,2.64,11:39,165,104.3
2010,2.64,11:16,166,104.3
2011,2.65,11:05,166,105.0
2012,2.65,12:11,166,105.0
2013,2.65,11:58,166,105.0
2014,2.65,12:32,166,105.0
2015,2.65,13:16,167,105.6
2016,2.65,13:49,167,105.6
2017,2.65,13:49,168,105.6
2018,2.65,13:49,166,105.6
2019,2.66,12:53,166,105.6
2020,2.66,12:46,165,105.6
2021,2.66,12:11,165,105.6
2022,2.66,12:04,165,105.6
2023,2.66,12:18,165,105.6
2024,2.66,12:11,165,105.6
2025,2.66,11:58,165,106.3
2026,2.67,12:18,165,106.3
2027,2.67,12:25,165,106.3
2028,2.67,13:01,164,106.3
2029,2.67,13:16,164,106.3
2030,2.67,14:34,164,106.3
2031,2.67,14:16,164,106.3
2032,2.67,13:32,163,106.3
2033,2.67,13:41,164,107.0
2034,2.68,13:32,163,106.3
2035,2.68,12:32,163,107.0
2036,2.68,12:46,164,107.0
2037,2.68,13:32,163,107.0
2038,2.68,12:32,163,107.0
2039,2.68,13:08,163,107.0
2040,2.68,13:32,163,107.6
2041,2.68,13:24,163,107.6
2042,2.69,13:01,164,107.6
2043,2.69,13:08,164,107.6
2044,2.69,12:53,163,107.6
2045,2.69,12:53,163,107.6
2046,2.69,12:46,163,107.6
2047,2.69,12:25,163,107.6
2048,2.69,12:18,164,107.6
2049,2.7,12:11,164,107.6
2050,2.7,12:18,164,108.3
2051,2.7,13:01,165,108.3
2052,2.7,13:49,164,108.3
2053,2.7,15:04,165,108.3
2054,2.7,14:54,165,108.3
2055,2.7,14:34,165,108.3
2056,2.7,13:58,165,108.9
2057,2.7,13:24,165,108.9
2058,2.71,12:11,165,108.9
2059,2.71,11:58,165,108.9
2060,2.71,11:45,165,109.6
2061,2.71,11:27,165,109.6
2062,2.71,11:21,165,109.6
2063,2.71,12:25,165,109.6
2064,2.71,13:24,165,109.6
2065,2.72,13:58,165,109.6
2066,2.72,14:44,165,109.6
2067,2.72,15:04,165,109.6
2068,2.72,14:25,164,110.2
2069,2.72,13:49,164,110.2
2070,2.72,12:39,163,110.9
2071,2.72,12:46,163,110.9
2072,2.72,12:32,162,110.9
2073,2.73,12:18,162,110.9
2074,2.73,12:39,163,111.5
2075,2.73,13:24,161,111.5
2076,2.73,13:08,161,111.5
2077,2.73,13:32,161,111.5
2078,2.73,14:34,162,111.5
2079,2.73,14:16,163,111.5
2080,2.73,14:25,162,111.5
2081,2.73,14:07,160,111.5
2082,2.74,13:49,160,112.2
2083,2.74,13:01,160,112.2
2084,2.74,12:46,160,112.2
2085,2.74,12:18,160,112.9
2086,2.74,11:58,159,112.9
2087,2.74,12:11,158,112.9
2088,2.74,11:45,158,112.9
2089,2.75,11:52,158,112.9
2090,2.75,12:39,158,112.9
2091,2.75,13:32,158,112.9
2092,2.75,13:41,158,112.9
2093,2.75,14:07,158,112.9
2094,2.75,14:16,158,112.9
2095,2.75,14:16,158,112.9
2096,2.75,13:24,158,112.9
2097,2.76,13:24,159,112.9
2098,2.76,14:07,159,113.5
2099,2.76,13:58,160,113.5
2100,2.76,13:41,160,113.5
2101,2.76,14:16,159,113.5
2102,2.76,14:07,159,113.5
2103,2.76,15:14,158,113.5
2104,2.76,16:21,158,113.5
2105,2.76,15:24,159,113.5
2106,2.77,14:44,159,113.5
2107,2.77,14:25,159,113.5
2108,2.77,12:11,159,113.5
2109,2.77,11:27,158,113.5
2110,2.77,11:52,158,113.5
2111,2.77,12:46,157,113.5
2112,2.77,12:46,157,114.2
2113,2.77,13:32,157,114.2
2114,2.78,14:54,158,114.2
2115,2.78,15:35,158,114.2
2116,2.78,15:24,159,114.8
2117,2.78,15:46,159,114.8
2118,2.78,17:11,160,114.8
2119,2.78,15:57,160,114.8
2120,2.78,15:46,159,114.8
2121,2.78,16:09,159,114.2
2122,2.78,16:21,159,114.8
2123,2.79,14:44,158,114.8
2124,2.79,14:54,158,114.8
2125,2.79,14:25,158,114.8
2126,2.79,14:07,158,114.8
2127,2.79,13:16,158,114.8
2128,2.79,13:41,158,114.8
2129,2.79,13:01,158,114.8
2130,2.79,13:08,159,114.8
2131,2.8,12:04,157,114.8
2132,2.8,13:08,157,114.8
2133,2.8,12:39,157,115.5
2134,2.8,13:08,157,115.5
2135,2.8,12:46,158,115.5
2136,2.8,13:08,159,115.5
2137,2.8,13:01,159,115.5
2138,2.8,13:24,159,115.5
2139,2.81,12:18,159,115.5
2140,2.81,12:18,158,115.5
2141,2.81,11:52,159,115.5
2142,2.81,11:10,158,115.5
2143,2.81,10:54,158,115.5
2144,2.81,10:48,158,116.1
2145,2.82,10:43,159,116.1
2146,2.82,11:27,160,116.1
2147,2.82,11:27,160,115.5
2148,2.82,11:33,160,115.5
2149,2.82,12:18,160,115.5
2150,2.82,13:16,160,115.5
2151,2.82,13:16,160,115.5
2152,2.82,13:41,160,115.5
2153,2.83,13:24,161,115.5
2154,2.83,12:53,162,115.5
2155,2.83,11:16,163,115.5
2156,2.83,10:43,165,116.1
2157,2.83,10:00,164,116.1
2158,2.83,10:00,165,116.1
2159,2.84,9:56,166,116.1
2160,2.84,9:51,166,116.1
2161,2.84,10:05,166,116.8
2162,2.84,10:28,166,116.8
2163,2.84,10:59,167,116.8
2164,2.84,12:32,167,116.8
2165,2.84,14:07,167,116.8
2166,2.84,14:25,166,117.5
2167,2.85,14:54,165,117.5
2168,2.85,14:44,166,117.5
2169,2.85,12:53,165,118.1
2170,2.85,12:53,165,118.1
2171,2.85,12:46,165,118.1
2172,2.85,12:46,165,118.8
2173,2.85,12:39,164,118.8
2174,2.85,13:01,164,119.4
2175,2.86,12:39,163,119.4
2176,2.86,12:53,164,119.4
2177,2.86,13:08,165,120.1
2178,2.86,12:53,165,120.1
2179,2.86,12:46,165,120.7
2180,2.86,12:39,165,121.4
2181,2.86,12:04,166,121.4
2182,2.87,11:33,166,122.0
2183,2.87,11:33,167,122.0
2184,2.87,11:21,166,122.7
2185,2.87,11:27,167,122.7
2186,2.87,11:39,166,122.7
2187,2.87,12:11,166,122.7
2188,2.87,12:11,167,122.0
2189,2.88,12:25,166,122.0
2190,2.88,12:25,167,121.4
2191,2.88,12:46,167,121.4
2192,2.88,12:32,167,120.7
2193,2.88,12:39,168,120.7
2194,2.88,13:16,167,120.1
2195,2.88,14:25,167,120.1
2196,2.88,15:04,168,119.4
2197,2.88,16:33,168,119.4
2198,2.89,16:58,168,119.4
2199,2.89,17:11,168,118.8
2200,2.89,16:09,168,118.8
2201,2.89,14:54,168,118.8
2202,2.89,13:58,167,118.1
2203,2.89,13:32,167,118.1
2204,2.89,12:32,167,118.1
2205,2.89,12:11,168,118.8
2206,2.9,12:46,167,118.8
2207,2.9,12:32,168,118.8
2208,2.9,12:46,166,118.8
2209,2.9,13:49,167,118.1
2210,2.9,13:58,167,118.1
2211,2.9,14:16,167,118.1
2212,2.9,14:44,166,117.5
2213,2.9,14:07,166,117.5
2214,2.91,13:08,166,117.5
2215,2.91,12:46,166,117.5
2216,2.91,11:16,166,117.5
2217,2.91,10:59,166,117.5
2218,2.91,10:59,166,117.5
2219,2.91,11:05,166,117.5
2220,2.91,10:54,166,117.5
2221,2.92,11:05,166,117.5
2222,2.92,10:43,165,117.5
2223,2.92,11:16,166,117.5
2224,2.92,11:39,165,117.5
2225,2.92,11:58,165,117.5
2226,2.92,12:32,164,117.5
2227,2.92,12:46,164,118.1
2228,2.93,12:32,163,118.1
2229,2.93,12:18,162,118.1
2230,2.93,11:58,163,118.1
2231,2.93,12:04,162,118.8
2232,2.93,12:11,163,118.8
2233,2.93,11:33,163,118.8
2234,2.93,11:33,163,118.8
2235,2.94,11:33,162,118.8
2236,2.94,11:39,162,118.1
2237,2.94,11:33,162,118.1
2238,2.94,11:58,161,118.1
2239,2.94,12:11,162,118.1
2240,2.94,12:25,162,118.1
2241,2.94,11:52,162,118.8
2242,2.95,12:04,163,118.8
2243,2.95,12:11,163,118.8
2244,2.95,11:39,164,118.8
2245,2.95,11:39,164,119.4
2246,2.95,12:11,164,119.4
2247,2.95,12:11,165,119.4
2248,2.95,12:04,164,119.4
2249,2.95,12:32,164,119.4
2250,2.96,13:01,164,119.4
2251,2.96,12:46,164,120.1
2252,2.96,13:01,164,120.1
2253,2.96,12:53,163,120.1
2254,2.96,12:53,163,120.1
2255,2.96,13:01,163,120.1
2256,2.96,13:49,162,120.1
2257,2.96,13:58,162,120.1
2258,2.97,13:49,162,120.1
2259,2.97,14:16,162,120.1
2260,2.97,14:25,163,120.1
2261,2.97,13:49,163,120.1
2262,2.97,13:24,164,120.1
2263,2.97,13:32,164,120.1
2264,2.97,12:39,164,120.7
2265,2.98,12:04,164,120.7
2266,2.98,11:45,164,121.4
2267,2.98,11:45,165,121.4
2268,2.98,11:52,164,121.4
2269,2.98,11:27,165,121.4
2270,2.98,11:45,165,121.4
2271,2.98,10:43,164,121.4
2272,2.99,10:38,166,121.4
2273,2.99,10:59,165,121.4
2274,2.99,11:58,166,121.4
2275,2.99,12:25,166,121.4
2276,2.99,14:44,166,121.4
2277,2.99,14:44,165,121.4
2278,2.99,14:16,165,121.4
2279,2.99,13:24,165,121.4
2280,3.0,13:08,165,122.0
2281,3.0,12:46,165,122.7
2282,3.0,13:08,165,122.7
2283,3.0,13:16,166,122.7
2284,3.0,13:41,165,122.7
2285,3.0,12:53,165,122.0
2286,3.0,12:39,166,122.0
2287,3.0,12:39,166,122.0
2288,3.01,12:53,166,122.0
2289,3.01,13:16,166,122.7
2290,3.01,13:58,165,122.7
2291,3.01,14:16,166,122.7
2292,3.01,14:34,166,122.7
2293,3.01,13:41,165,122.7
2294,3.01,13:24,165,122.7
2295,3.01,13:32,165,122.7
2296,3.02,13:08,165,123.4
2297,3.02,12:46,165,123.4
2298,3.02,12:53,164,123.4
2299,3.02,13:08,164,123.4
2300,3.02,12:39,162,123.4
2301,3.02,12:32,163,123.4
2302,3.02,12:04,163,123.4
2303,3.02,12:18,162,124.0
2304,3.03,12:11,162,123.4
2305,3.03,12:11,163,123.4
2306,3.03,12:25,163,124.0
2307,3.03,13:16,163,124.0
2308,3.03,13:16,164,124.0
2309,3.03,13:16,164,124.0
2310,3.03,12:46,164,124.7
2311,3.04,12:39,164,124.7
2312,3.04,12:25,164,124.7
2313,3.04,12:11,164,124.7
2314,3.04,11:58,164,124.7
2315,3.04,12:25,164,124.7
2316,3.04,11:58,165,124.7
2317,3.04,11:45,166,125.3
2318,3.04,11:45,165,125.3
2319,3.05,10:48,165,125.3
2320,3.05,10:43,165,125.3
2321,3.05,11:16,165,125.3
2322,3.05,11:10,165,125.3
2323,3.05,11:45,165,125.3
2324,3.05,12:25,165,125.3
2325,3.05,12:39,165,126.0
2326,3.06,13:24,165,126.0
2327,3.06,14:54,164,126.0
2328,3.06,13:49,164,126.0
2329,3.06,14:25,164,126.0
2330,3.06,13:58,164,126.0
2331,3.06,13:08,164,126.0
2332,3.06,12:18,164,126.0
2333,3.07,11:58,164,126.0
2334,3.07,11:45,164,126.0
2335,3.07,11:45,164,126.0
2336,3.07,10:54,164,126.6
2337,3.07,11:16,164,126.6
2338,3.07,11:45,165,126.6
2339,3.07,11:33,165,126.6
2340,3.07,11:52,165,126.6
2341,3.08,12:25,166,127.3
2342,3.08,11:52,165,126.6
2343,3.08,11:52,166,127.3
2344,3.08,12:18,166,127.3
2345,3.08,12:11,165,127.3
2346,3.08,12:46,166,127.3
2347,3.08,13:08,166,127.3
2348,3.08,14:25,166,127.3
2349,3.09,14:25,166,127.3
2350,3.09,14:34,166,127.3
2351,3.09,14:54,166,127.3
2352,3.09,14:07,166,127.3
2353,3.09,12:11,166,128.0
2354,3.09,12:04,166,128.0
2355,3.09,11:45,165,128.0
2356,3.1,11:33,165,128.0
2357,3.1,12:11,165,128.0
2358,3.1,12:32,165,128.0
2359,3.1,12:32,165,128.0
2360,3.1,12:25,165,128.0
2361,3.1,12:32,164,128.0
2362,3.1,12:32,164,128.0
2363,3.1,13:01,164,128.0
2364,3.11,13:16,164,128.0
2365,3.11,13:58,163,128.6
2366,3.11,13:41,164,128.6
2367,3.11,13:24,164,128.6
2368,3.11,12:53,164,128.6
2369,3.11,12:53,165,128.6
2370,3.11,12:53,165,128.6
2371,3.11,12:53,166,128.6
2372,3.12,12:46,165,128.6
2373,3.12,12:53,165,128.6
2374,3.12,13:01,166,128.6
2375,3.12,13:01,166,128.6
2376,3.12,12:11,166,128.6
2377,3.12,11:58,166,129.3
2378,3.12,12:32,166,129.3
2379,3.13,11:58,166,129.3
2380,3.13,11:45,167,129.3
2381,3.13,12:32,166,129.3
2382,3.13,12:25,167,129.3
2383,3.13,11:52,167,129.3
2384,3.13,11:33,167,129.3
2385,3.13,12:18,167,129.3
2386,3.14,12:18,167,129.3
2387,3.14,12:32,167,129.9
2388,3.14,13:08,168,129.9
2389,3.14,13:32,167,130.6
2390,3.14,13:32,166,130.6
2391,3.14,14:25,167,130.6
2392,3.14,13:58,166,130.6
2393,3.14,14:44,166,129.9
2394,3.14,15:04,166,129.9
2395,3.15,14:16,166,129.9
2396,3.15,13:24,165,130.6
2397,3.15,13:16,165,130.6
2398,3.15,12:32,164,130.6
2399,3.15,12:18,163,130.6
2400,3.15,12:04,164,130.6
2401,3.15,12:04,164,130.6
2402,3.16,12:11,164,130.6
2403,3.16,11:52,164,130.6
2404,3.16,12:11,164,130.6
2405,3.16,12:46,164,130.6
2406,3.16,13:01,165,130.6
2407,3.16,13:32,164,130.6
2408,3.16,13:16,165,130.6
2409,3.16,13:08,165,130.6
2410,3.17,12:32,165,131.2
2411,3.17,12:39,165,131.2
2412,3.17,12:46,165,131.2
2413,3.17,13:32,165,131.2
2414,3.17,13:49,165,131.2
2415,3.17,13:41,165,131.2
2416,3.17,12:18,165,131.2
2417,3.18,11:58,165,131.2
2418,3.18,11:33,164,131.9
2419,3.18,10:54,164,131.9
2420,3.18,11:05,164,132.5
2421,3.18,11:45,164,132.5
2422,3.18,12:53,163,132.5
2423,3.18,13:58,164,132.5
2424,3.18,14:34,164,132.5
2425,3.19,14:54,164,131.9
2426,3.19,14:44,164,132.5
2427,3.19,12:53,164,132.5
2428,3.19,12:11,164,133.2
2429,3.19,12:32,164,133.2
2430,3.19,13:08,164,133.2
2431,3.19,13:49,165,133.2
2432,3.19,14:44,164,133.2
2433,3.2,14:34,165,133.2
2434,3.2,15:24,165,133.2
2435,3.2,14:07,165,133.2
2436,3.2,13:41,165,133.9
2437,3.2,12:53,165,133.9
2438,3.2,12:53,166,134.5
2439,3.2,11:52,165,134.5
2440,3.2,12:18,164,134.5
2441,3.21,12:53,164,134.5
2442,3.21,14:44,165,134.5
2443,3.21,15:57,165,134.5
2444,3.21,15:24,165,134.5
2445,3.21,14:16,165,133.9
2446,3.21,13:08,165,134.5
2447,3.21,12:11,166,134.5
2448,3.21,11:21,166,134.5
2449,3.22,11:45,166,134.5
2450,3.22,12:32,166,134.5
2451,3.22,12:46,167,134.5
2452,3.22,12:11,167,134.5
2453,3.22,11:52,167,134.5
2454,3.22,11:10,167,134.5
2455,3.22,10:23,167,135.2
2456,3.23,10:38,167,135.2
2457,3.23,10:59,166,135.2
2458,3.23,11:39,167,134.5
2459,3.23,12:53,167,134.5
2460,3.23,13:32,167,134.5
2461,3.23,13:32,166,134.5
2462,3.23,13:58,166,134.5
2463,3.23,13:58,166,135.2
2464,3.24,12:39,166,135.2
2465,3.24,11:58,166,135.8
2466,3.24,11:27,167,135.8
2467,3.24,10:59,167,135.8
2468,3.24,10:33,166,136.5
2469,3.24,11:27,167,136.5
2470,3.24,11:52,167,136.5
2471,3.25,12:25,166,136.5
2472,3.25,12:32,166,136.5
2473,3.25,13:08,167,137.1
2474,3.25,12:46,166,137.1
2475,3.25,12:53,166,137.1
2476,3.25,12:18,166,137.8
2477,3.25,13:01,166,137.8
2478,3.26,12:32,166,137.8
2479,3.26,12:46,165,138.5
2480,3.26,13:16,166,138.5
2481,3.26,14:07,166,138.5
2482,3.26,13:58,166,138.5
2483,3.26,13:58,166,139.1
2484,3.26,13:58,166,139.1
2485,3.26,13:41,166,139.1
2486,3.26,13:24,166,139.1
2487,3.27,13:16,166,139.8
2488,3.27,13:49,167,139.8
2489,3.27,13:41,167,139.8
2490,3.27,14:16,167,139.8
2491,3.27,15:04,167,139.8
2492,3.27,14:25,167,139.8
2493,3.27,13:58,167,140.4
2494,3.27,13:24,167,140.4
2495,3.28,12:39,167,140.4
2496,3.28,11:33,166,141.1
2497,3.28,11:45,167,141.1
2498,3.28,12:11,168,141.1
2499,3.28,11:58,168,141.7
2500,3.28,12:18,168,141.1
2501,3.28,13:08,167,141.1
2502,3.29,12:39,167,141.7
2503,3.29,12:25,167,141.7
2504,3.29,13:08,166,141.7
2505,3.29,12:53,166,142.4
2506,3.29,12:46,166,142.4
2507,3.29,12:18,165,143.0
2508,3.29,12:04,166,143.0
2509,3.3,11:39,166,143.0
2510,3.3,11:27,166,143.0
2511,3.3,11:10,166,143.0
2512,3.3,12:04,166,143.0
2513,3.3,11:58,166,143.0
2514,3.3,12:18,166,143.7
2515,3.3,12:32,167,143.7
2516,3.3,12:39,167,143.7
2517,3.31,12:46,166,143.7
2518,3.31,13:16,167,143.7
2519,3.31,13:08,167,143.7
2520,3.31,13:32,167,143.7
2521,3.31,12:53,166,143.7
2522,3.31,12:39,166,143.7
2523,3.31,12:53,166,144.4
2524,3.31,12:46,166,144.4
2525,3.32,12:46,168,144.4
2526,3.32,13:24,168,145.0
2527,3.32,13:16,168,145.0
2528,3.32,13:08,167,145.0
2529,3.32,13:24,168,145.0
2530,3.32,13:08,168,145.0
2531,3.32,13:24,168,145.0
2532,3.32,13:16,169,145.0
2533,3.33,13:16,169,145.0
2534,3.33,13:41,168,145.7
2535,3.33,13:32,168,145.7
2536,3.33,13:41,168,145.7
2537,3.33,13:08,167,145.7
2538,3.33,12:46,167,145.7
2539,3.33,12:25,166,145.7
2540,3.34,11:45,167,145.7
2541,3.34,10:59,166,146.3
2542,3.34,10:43,166,146.3
2543,3.34,10:28,166,146.3
2544,3.34,10:28,168,146.3
2545,3.34,10:48,167,146.3
2546,3.34,11:52,168,146.3
2547,3.35,12:46,168,146.3
2548,3.35,13:16,168,146.3
2549,3.35,13:24,167,146.3
2550,3.35,13:41,167,147.0
2551,3.35,13:08,167,147.0
2552,3.35,13:16,168,147.0
2553,3.35,12:53,167,147.0
2554,3.35,12:53,166,147.0
2555,3.36,13:01,167,147.0
2556,3.36,12:46,166,147.0
2557,3.36,12:32,166,147.0
2558,3.36,12:32,163,147.0
2559,3.36,12:25,156,147.0
2560,3.36,12:46,152,147.0
2561,3.36,12:39,152,147.0
2562,3.36,12:53,152,147.0
2563,3.37,13:24,152,147.0
2564,3.37,12:53,152,147.6
2565,3.37,12:32,152,147.6
2566,3.37,12:25,151,147.6
2567,3.37,12:25,149,147.6
2568,3.37,12:32,148,147.6
2569,3.37,13:24,145,147.6
2570,3.38,12:53,143,147.6
2571,3.38,13:16,142,148.3
2572,3.38,13:24,142,148.3
2573,3.38,13:24,142,148.3
2574,3.38,13:24,142,148.3
2575,3.38,14:16,142,148.3
2576,3.38,14:07,142,148.3
2577,3.38,13:58,142,148.3
2578,3.39,13:16,142,148.3
2579,3.39,13:01,143,149.0
2580,3.39,12:39,142,149.0
2581,3.39,12:25,142,149.0
2582,3.39,12:25,142,149.6
2583,3.39,12:04,142,149.6
2584,3.39,12:18,142,149.6
2585,3.39,12:39,142,149.6
2586,3.4,12:18,142,149.6
2587,3.4,11:58,142,149.6
2588,3.4,12:32,142,149.6
2589,3.4,12:25,142,149.6
2590,3.4,12:25,142,150.3
2591,3.4,13:01,142,150.3
2592,3.4,13:58,142,150.3
2593,3.4,14:16,142,150.9
2594,3.41,14:25,142,150.9
2595,3.41,14:16,143,151.6
2596,3.41,13:58,143,151.6
2597,3.41,13:24,143,151.6
2598,3.41,13:01,144,152.2
2599,3.41,12:04,145,152.2
2600,3.41,11:45,146,152.2
2601,3.42,11:45,147,152.2
2602,3.42,11:52,149,152.2
2603,3.42,11:52,151,152.2
2604,3.42,12:18,154,152.9
2605,3.42,12:46,156,152.9
2606,3.42,13:32,159,152.9
2607,3.42,13:32,161,153.5
2608,3.42,13:24,163,153.5
2609,3.43,13:41,164,153.5
2610,3.43,13:49,165,154.2
2611,3.43,14:16,165,154.2
2612,3.43,14:54,166,154.2
2613,3.43,15:35,166,154.2
2614,3.43,15:35,165,154.2
2615,3.43,15:35,166,154.9
2616,3.43,15:24,166,154.9
2617,3.43,14:54,166,154.9
2618,3.43,15:46,166,155.5
2619,3.44,15:46,166,155.5
2620,3.44,14:54,166,155.5
2621,3.44,13:49,166,156.2
2622,3.44,12:53,166,156.2
2623,3.44,12:32,167,156.8
2624,3.44,13:08,166,156.8
2625,3.44,13:24,166,156.8
2626,3.44,14:07,166,157.5
2627,3.45,15:24,167,157.5
2628,3.45,14:25,166,157.5
2629,3.45,13:32,166,157.5
2630,3.45,13:08,166,157.5
2631,3.45,12:25,167,158.1
2632,3.45,12:32,168,158.1
2633,3.45,13:01,168,158.1
2634,3.45,13:16,169,158.1
2635,3.46,14:25,168,158.8
2636,3.46,14:44,168,158.8
2637,3.46,13:24,168,158.8
2638,3.46,13:32,169,158.8
2639,3.46,13:01,168,158.8
2640,3.46,12:25,169,159.4
2641,3.46,12:18,168,159.4
2642,3.47,12:32,169,160.1
2643,3.47,12:25,169,160.1
2644,3.47,11:58,168,160.1
2645,3.47,11:58,168,160.8
2646,3.47,12:11,168,160.8
2647,3.47,11:27,168,160.8
2648,3.47,11:33,169,160.8
2649,3.47,12:39,169,161.4
2650,3.48,12:46,169,161.4
2651,3.48,13:08,169,161.4
2652,3.48,15:35,169,161.4
2653,3.48,15:35,170,162.1
2654,3.48,15:14,169,162.1
2655,3.48,15:04,169,162.1
2656,3.48,14:34,170,162.1
2657,3.48,13:49,169,162.1
2658,3.49,13:16,169,162.7
2659,3.49,13:08,169,162.7
2660,3.49,12:39,168,162.7
2661,3.49,12:25,168,163.4
2662,3.49,12:11,167,163.4
2663,3.49,11:45,168,163.4
2664,3.49,12:11,167,163.4
2665,3.49,13:01,167,164.0
2666,3.5,13:32,167,164.0
2667,3.5,14:07,166,164.0
2668,3.5,15:04,165,164.7
2669,3.5,14:34,165,164.7
2670,3.5,14:54,166,164.7
2671,3.5,14:16,166,165.4
2672,3.5,13:32,166,165.4
2673,3.5,13:58,165,165.4
2674,3.5,14:16,166,165.4
2675,3.51,13:24,165,165.4
2676,3.51,13:58,166,165.4
2677,3.51,14:07,166,165.4
2678,3.51,15:14,166,166.0
2679,3.51,15:35,166,166.0
2680,3.51,15:35,167,166.0
2681,3.51,14:54,167,166.0
2682,3.51,14:25,167,166.0
2683,3.52,12:18,168,166.0
2684,3.52,11:16,167,166.0
2685,3.52,10:54,167,166.0
2686,3.52,10:59,167,166.0
2687,3.52,11:16,167,166.0
2688,3.52,11:33,168,166.0
2689,3.52,11:45,169,166.7
2690,3.53,12:04,169,166.7
2691,3.53,12:39,168,166.7
2692,3.53,12:53,168,166.7
2693,3.53,13:01,168,166.7
2694,3.53,13:24,168,166.7
2695,3.53,13:49,168,166.7
2696,3.53,13:16,168,166.7
2697,3.53,12:46,168,166.7
2698,3.54,13:01,168,166.7
2699,3.54,12:46,168,167.3
2700,3.54,12:04,169,167.3
2701,3.54,12:11,168,167.3
2702,3.54,12:39,168,167.3
2703,3.54,13:01,168,167.3
2704,3.54,12:39,168,168.0
2705,3.55,13:08,169,168.0
2706,3.55,13:08,169,168.0
2707,3.55,12:18,168,168.0
2708,3.55,11:52,169,168.6
2709,3.55,12:18,168,168.6
2710,3.55,12:18,169,168.6
2711,3.55,12:18,168,168.6
2712,3.55,13:08,168,168.6
2713,3.56,13:16,169,168.6
2714,3.56,13:49,168,168.6
2715,3.56,14:34,170,168.6
2716,3.56,13:49,169,168.6
2717,3.56,13:41,168,168.6
2718,3.56,13:32,168,168.6
2719,3.56,12:53,168,168.6
2720,3.56,12:39,168,168.6
2721,3.57,13:32,168,168.6
2722,3.57,13:41,168,169.3
2723,3.57,13:41,170,169.3
2724,3.57,13:49,169,169.3
2725,3.57,12:39,169,169.3
2726,3.57,12:39,168,169.3
2727,3.57,12:04,168,169.3
2728,3.57,12:04,168,169.3
2729,3.58,12:39,168,169.3
2730,3.58,13:41,168,169.3
2731,3.58,13:01,168,169.9
2732,3.58,13:16,169,169.9
2733,3.58,13:24,168,169.9
2734,3.58,12:53,168,169.9
2735,3.58,14:07,169,169.9
2736,3.58,14:34,169,169.9
2737,3.59,14:44,169,169.9
2738,3.59,14:34,169,169.9
2739,3.59,14:16,169,169.9
2740,3.59,12:39,169,170.6
2741,3.59,12:39,169,170.6
2742,3.59,13:16,169,170.6
2743,3.59,13:01,170,171.3
2744,3.6,12:18,170,171.3
2745,3.6,12:11,170,171.3
2746,3.6,11:58,169,171.3
2747,3.6,10:54,169,171.3
2748,3.6,11:21,168,171.3
2749,3.6,12:11,168,171.3
2750,3.6,12:53,168,171.9
2751,3.6,13:32,169,171.9
2752,3.6,15:24,168,171.9
2753,3.61,15:04,168,171.9
2754,3.61,14:54,168,172.6
2755,3.61,13:49,168,172.6
2756,3.61,12:46,168,172.6
2757,3.61,11:39,168,173.2
2758,3.61,11:05,168,173.2
2759,3.62,11:05,168,173.2
2760,3.62,11:16,169,173.2
2761,3.62,11:27,170,173.2
2762,3.62,12:18,170,173.9
2763,3.62,13:16,170,173.9
2764,3.62,13:49,170,173.9
2765,3.62,14:25,171,173.9
2766,3.62,15:14,171,174.5
2767,3.62,14:16,171,174.5
2768,3.63,13:41,170,174.5
2769,3.63,13:32,170,175.2
2770,3.63,13:24,171,175.2
2771,3.63,13:01,170,175.2
2772,3.63,13:41,170,175.2
2773,3.63,13:41,170,175.9
2774,3.63,13:58,170,175.9
2775,3.63,13:16,169,175.9
2776,3.64,13:16,170,176.5
2777,3.64,13:01,170,176.5
2778,3.64,13:08,170,177.2
2779,3.64,13:01,170,177.2
2780,3.64,13:49,170,177.2
2781,3.64,13:32,170,177.2
2782,3.64,13:16,170,177.8
2783,3.64,13:16,170,177.8
2784,3.65,12:46,169,177.8
2785,3.65,12:18,171,177.8
2786,3.65,12:46,170,177.8
2787,3.65,12:53,170,177.8
2788,3.65,13:01,170,178.5
2789,3.65,13:24,169,178.5
2790,3.65,14:07,168,178.5
2791,3.65,13:49,168,178.5
2792,3.66,13:49,168,178.5
2793,3.66,13:41,169,178.5
2794,3.66,13:32,169,178.5
2795,3.66,13:24,168,179.1
2796,3.66,12:53,168,179.1
2797,3.66,12:46,168,179.1
2798,3.66,13:16,168,179.8
2799,3.66,13:08,169,179.8
2800,3.67,13:24,169,179.8
2801,3.67,14:16,168,180.4
2802,3.67,14:44,168,180.4
2803,3.67,14:34,168,180.4
2804,3.67,14:54,169,181.1
2805,3.67,14:07,170,181.1
2806,3.67,13:32,169,181.1
2807,3.67,13:41,169,181.1
2808,3.68,13:41,169,181.1
2809,3.68,13:16,170,180.4
2810,3.68,13:41,169,180.4
2811,3.68,13:58,169,181.1
2812,3.68,13:24,168,181.1
2813,3.68,13:16,167,181.1
2814,3.68,13:01,169,181.1
2815,3.68,12:53,168,181.1
2816,3.69,13:08,169,181.1
2817,3.69,13:08,169,181.1
2818,3.69,13:24,169,181.1
2819,3.69,13:58,169,181.1
2820,3.69,14:07,170,181.8
2821,3.69,13:41,170,181.8
2822,3.69,14:07,171,181.8
2823,3.69,13:41,170,182.4
2824,3.7,12:53,169,182.4
2825,3.7,12:32,169,182.4
2826,3.7,12:18,169,182.4
2827,3.7,11:33,169,182.4
2828,3.7,11:39,169,182.4
2829,3.7,11:58,169,182.4
2830,3.7,11:45,169,182.4
2831,3.71,12:11,169,182.4
2832,3.71,12:25,169,182.4
2833,3.71,11:52,169,182.4
2834,3.71,12:11,170,182.4
2835,3.71,12:53,171,183.1
2836,3.71,11:33,171,183.1
2837,3.71,11:52,171,183.1
2838,3.71,12:25,172,183.1
2839,3.72,11:58,171,183.1
2840,3.72,11:39,172,183.1
2841,3.72,12:04,172,183.1
2842,3.72,11:58,172,183.1
2843,3.72,11:21,172,183.1
2844,3.72,11:45,172,183.1
2845,3.72,11:16,172,183.7
2846,3.73,11:39,172,183.7
2847,3.73,11:33,172,183.7
2848,3.73,11:39,172,183.7
2849,3.73,10:59,173,183.7
2850,3.73,10:54,172,184.4
2851,3.73,10:54,172,184.4
2852,3.74,10:33,171,184.4
2853,3.74,10:33,172,184.4
2854,3.74,11:05,171,184.4
2855,3.74,11:39,172,184.4
2856,3.74,11:39,172,184.4
2857,3.74,11:58,171,184.4
2858,3.74,12:04,171,184.4
2859,3.75,12:18,171,184.4
2860,3.75,12:25,171,185.0
2861,3.75,12:39,171,185.0
2862,3.75,13:24,171,185.7
2863,3.75,12:53,171,185.7
2864,3.75,12:18,171,185.7
2865,3.75,12:32,172,185.7
2866,3.75,12:18,171,185.7
2867,3.76,12:04,170,185.7
2868,3.76,12:46,170,185.7
2869,3.76,12:53,170,185.7
2870,3.76,12:53,170,185.7
2871,3.76,13:41,170,185.7
2872,3.76,13:58,170,186.4
2873,3.76,15:24,169,186.4
2874,3.76,14:54,169,187.0
2875,3.77,14:25,168,187.0
2876,3.77,14:25,168,187.0
2877,3.77,13:49,168,187.0
2878,3.77,12:39,169,187.0
2879,3.77,14:16,169,187.0
2880,3.77,13:49,170,187.0
2881,3.77,13:24,170,187.0
2882,3.77,13:24,169,187.0
2883,3.78,12:32,170,187.0
2884,3.78,11:21,170,187.0
2885,3.78,11:27,170,187.0
2886,3.78,10:48,169,187.0
2887,3.78,10:28,171,187.0
2888,3.78,10:59,171,187.7
2889,3.78,11:05,171,187.7
2890,3.79,11:16,170,187.7
2891,3.79,11:52,170,187.7
2892,3.79,12:32,170,187.7
2893,3.79,13:01,170,187.7
2894,3.79,12:39,171,187.7
2895,3.79,12:46,171,187.7
2896,3.79,13:16,172,187.7
2897,3.79,13:08,172,187.7
2898,3.8,12:32,171,188.3
2899,3.8,13:32,172,187.7
2900,3.8,13:24,172,188.3
2901,3.8,13:16,171,188.3
2902,3.8,13:32,171,188.3
2903,3.8,14:07,171,189.0
2904,3.8,14:25,172,189.0
2905,3.8,14:25,172,188.3
2906,3.81,14:34,171,188.3
2907,3.81,14:34,171,188.3
2908,3.81,14:07,170,188.3
2909,3.81,13:08,170,188.3
2910,3.81,13:16,171,188.3
2911,3.81,12:53,171,188.3
2912,3.81,12:46,171,188.3
2913,3.81,12:39,171,188.3
2914,3.82,12:53,171,188.3
2915,3.82,12:53,171,189.0
2916,3.82,13:08,171,189.0
2917,3.82,13:16,171,189.0
2918,3.82,13:49,171,189.0
2919,3.82,13:32,171,189.0
2920,3.82,13:16,171,189.0
2921,3.82,12:53,171,189.0
2922,3.83,12:39,171,189.0
2923,3.83,12:18,170,189.0
2924,3.83,12:25,171,189.6
2925,3.83,12:39,171,189.6
2926,3.83,13:01,170,189.6
2927,3.83,12:53,171,189.6
2928,3.83,12:46,171,190.3
2929,3.84,13:01,173,190.3
2930,3.84,12:25,172,190.9
2931,3.84,11:27,170,190.9
2932,3.84,11:52,170,190.9
2933,3.84,11:58,171,190.9
2934,3.84,12:18,172,190.9
2935,3.84,13:49,172,190.9
2936,3.84,14:54,172,190.9
2937,3.84,15:35,171,190.9
2938,3.85,16:33,171,190.9
2939,3.85,15:46,172,190.9
2940,3.85,13:41,172,191.6
2941,3.85,13:49,171,191.6
2942,3.85,12:53,171,191.6
2943,3.85,11:45,171,190.9
2944,3.85,11:52,170,190.9
2945,3.86,12:25,170,190.9
2946,3.86,12:25,171,191.6
2947,3.86,12:25,171,191.6
2948,3.86,13:16,171,191.6
2949,3.86,13:08,171,191.6
2950,3.86,13:08,170,191.6
2951,3.86,12:53,170,191.6
2952,3.86,13:08,170,190.9
2953,3.87,13:08,171,190.9
2954,3.87,12:53,171,190.9
2955,3.87,12:39,171,190.9
2956,3.87,11:58,171,190.9
2957,3.87,12:04,171,191.6
2958,3.87,12:11,170,191.6
2959,3.87,12:25,171,191.6
2960,3.88,12:53,170,191.6
2961,3.88,13:32,171,192.3
2962,3.88,12:53,170,192.3
2963,3.88,12:53,171,192.3
2964,3.88,12:32,172,192.3
2965,3.88,12:04,172,192.3
2966,3.88,12:25,172,192.3
2967,3.88,12:11,171,192.3
2968,3.89,11:52,171,192.3
2969,3.89,12:25,171,192.3
2970,3.89,12:18,172,192.3
2971,3.89,12:25,173,192.3
2972,3.89,12:46,171,192.3
2973,3.89,12:32,171,192.3
2974,3.89,12:32,171,192.3
2975,3.9,13:08,171,192.3
2976,3.9,12:39,171,192.3
2977,3.9,13:01,172,192.9
2978,3.9,13:08,172,192.9
2979,3.9,12:39,171,192.9
2980,3.9,12:25,171,192.3
2981,3.9,12:11,171,192.3
2982,3.9,11:52,171,192.3
2983,3.91,11:58,171,192.3
2984,3.91,12:11,171,192.3
2985,3.91,12:25,171,192.3
2986,3.91,12:18,171,192.3
2987,3.91,12:04,171,192.3
2988,3.91,12:18,170,192.3
2989,3.91,12:18,170,192.3
2990,3.92,12:11,170,192.3
2991,3.92,12:39,170,192.3
2992,3.92,12:25,170,192.3
2993,3.92,12:25,170,192.3
2994,3.92,13:16,171,192.9
2995,3.92,13:01,169,192.9
2996,3.92,13:24,170,192.9
2997,3.92,14:25,170,192.9
2998,3.93,13:49,170,192.9
2999,3.93,13:16,170,192.9
3000,3.93,13:16,171,192.9
3001,3.93,12:18,170,192.9
3002,3.93,11:52,170,192.9
3003,3.93,12:04,170,192.9
3004,3.93,11:21,171,192.9
3005,3.94,11:33,172,193.6
3006,3.94,12:25,172,193.6
3007,3.94,13:01,171,193.6
3008,3.94,13:08,170,193.6
3009,3.94,13:58,170,192.9
3010,3.94,13:58,169,192.9
3011,3.94,14:07,169,192.9
3012,3.94,13:24,170,193.6
3013,3.94,13:24,170,193.6
3014,3.95,13:32,170,193.6
3015,3.95,12:32,171,193.6
3016,3.95,12:39,171,193.6
3017,3.95,12:39,170,193.6
3018,3.95,12:25,170,194.2
3019,3.95,11:39,170,194.2
3020,3.95,12:11,170,194.2
3021,3.96,11:52,170,194.2
3022,3.96,11:58,171,194.2
3023,3.96,12:11,171,194.2
3024,3.96,12:46,171,194.2
3025,3.96,13:16,172,194.2
3026,3.96,13:01,171,194.2
3027,3.96,13:24,172,193.6
3028,3.96,13:16,172,194.2
3029,3.97,13:08,172,194.2
3030,3.97,13:01,172,193.6
3031,3.97,11:58,172,193.6
3032,3.97,11:33,172,193.6
3033,3.97,11:21,172,193.6
3034,3.97,11:05,172,193.6
3035,3.97,10:59,172,193.6
3036,3.98,12:04,173,193.6
3037,3.98,12:53,171,194.2
3038,3.98,13:32,172,194.2
3039,3.98,13:41,172,194.2
3040,3.98,13:24,173,194.9
3041,3.98,13:16,173,194.9
3042,3.98,12:25,173,194.2
3043,3.99,11:52,172,194.2
3044,3.99,12:11,172,193.6
3045,3.99,12:04,172,193.6
3046,3.99,11:39,173,193.6
3047,3.99,11:33,173,193.6
3048,3.99,11:16,172,193.6
3049,3.99,10:54,172,193.6
3050,4.0,10:38,172,193.6
3051,4.0,10:28,172,193.6
3052,4.0,10:54,172,193.6
3053,4.0,11:10,172,193.6
3054,4.0,11:16,174,193.6
3055,4.0,12:11,173,193.6
3056,4.0,12:39,173,193.6
3057,4.01,12:25,172,193.6
3058,4.01,13:01,172,193.6
3059,4.01,13:32,173,193.6
3060,4.01,13:16,174,194.2
3061,4.01,12:46,172,194.2
3062,4.01,11:21,172,194.2
3063,4.01,10:59,172,194.2
3064,4.02,10:14,172,194.2
3065,4.02,9:47,171,193.6
3066,4.02,10:09,172,193.6
3067,4.02,10:23,173,193.6
3068,4.02,10:33,172,193.6
3069,4.02,10:54,172,193.6
3070,4.02,11:16,172,193.6
3071,4.03,10:54,173,193.6
3072,4.03,11:21,172,192.9
3073,4.03,11:27,173,192.9
3074,4.03,12:39,174,192.9
3075,4.03,11:58,173,192.9
3076,4.03,12:11,172,192.9
3077,4.03,12:46,173,192.9
3078,4.04,12:11,173,192.9
3079,4.04,11:58,174,192.9
3080,4.04,14:25,173,192.3
3081,4.04,14:34,174,191.6
3082,4.04,14:54,173,191.6
3083,4.04,15:14,173,191.6
3084,4.04,14:34,173,191.6
3085,4.04,13:24,174,190.9
3086,4.05,13:08,174,190.9
3087,4.05,13:41,174,190.9
3088,4.05,13:16,174,190.9
3089,4.05,12:53,173,190.3
3090,4.05,11:58,174,190.3
3091,4.05,11:52,174,189.6
3092,4.05,11:10,174,189.6
3093,4.05,11:45,175,189.6
3094,4.06,11:05,175,189.0
3095,4.06,11:10,173,189.0
3096,4.06,10:59,173,188.3
3097,4.06,11:05,173,187.7
3098,4.06,11:10,174,187.7
3099,4.06,11:33,174,187.7
3100,4.07,11:21,175,187.7
3101,4.07,12:39,175,187.7
3102,4.07,12:11,174,187.7
3103,4.07,12:04,174,187.0
3104,4.07,12:53,174,187.0
3105,4.07,13:24,173,187.0
3106,4.07,13:16,174,187.0
3107,4.07,13:32,173,187.0
3108,4.08,13:24,173,186.4
3109,4.08,14:07,173,186.4
3110,4.08,13:41,173,186.4
3111,4.08,13:32,173,186.4
3112,4.08,14:07,172,186.4
3113,4.08,14:44,172,185.7
3114,4.08,13:49,170,185.7
3115,4.08,15:14,169,185.0
3116,4.08,14:25,168,185.0
3117,4.09,14:16,167,185.0
3118,4.09,14:16,166,185.0
3119,4.09,14:54,163,185.0
3120,4.09,14:34,162,184.4
3121,4.09,15:14,162,184.4
3122,4.09,15:04,162,184.4
3123,4.09,13:58,160,183.7
3124,4.09,13:08,154,183.7
3125,4.1,13:01,149,183.7
3126,4.1,12:25,144,183.7
3127,4.1,12:04,144,183.1
3128,4.1,12:25,143,183.1
3129,4.1,12:18,143,183.1
3130,4.1,11:39,144,183.1
3131,4.1,11:16,149,183.1
3132,4.11,11:33,153,183.1
3133,4.11,11:39,160,183.1
3134,4.11,11:52,165,183.1
3135,4.11,12:39,166,183.1
3136,4.11,14:16,167,182.4
3137,4.11,14:07,168,182.4
3138,4.11,14:16,169,182.4
3139,4.11,15:04,170,182.4
3140,4.11,15:46,169,182.4
3141,4.12,14:54,169,182.4
3142,4.12,14:34,168,181.8
3143,4.12,14:44,169,181.8
3144,4.12,14:44,169,181.8
3145,4.12,12:32,170,181.8
3146,4.12,12:25,169,181.8
3147,4.12,12:32,169,181.8
3148,4.13,12:04,170,181.8
3149,4.13,11:45,170,181.8
3150,4.13,12:04,170,181.8
3151,4.13,12:32,169,181.8
3152,4.13,13:01,169,181.8
3153,4.13,13:08,168,181.8
3154,4.13,13:24,168,181.8
3155,4.13,13:58,168,181.8
3156,4.14,12:18,167,181.8
3157,4.14,12:25,166,181.8
3158,4.14,11:45,166,181.8
3159,4.14,10:18,166,181.8
3160,4.14,10:14,166,182.4
3161,4.14,10:43,166,181.8
3162,4.15,10:14,166,181.8
3163,4.15,10:54,166,181.8
3164,4.15,12:32,167,181.8
3165,4.15,12:53,167,181.8
3166,4.15,13:01,166,181.8
3167,4.15,13:49,167,181.8
3168,4.15,13:49,166,181.8
3169,4.15,13:08,167,181.8
3170,4.15,13:16,166,181.8
3171,4.16,13:16,167,181.8
3172,4.16,12:39,166,181.8
3173,4.16,12:18,167,181.8
3174,4.16,12:32,167,181.8
3175,4.16,12:53,167,181.8
3176,4.16,12:53,167,181.8
3177,4.16,12:53,167,181.8
3178,4.17,12:39,167,181.8
3179,4.17,11:58,168,181.8
3180,4.17,11:39,167,181.1
3181,4.17,12:11,167,181.1
3182,4.17,13:01,167,181.1
3183,4.17,13:41,167,181.1
3184,4.17,14:54,166,181.1
3185,4.17,14:16,166,181.1
3186,4.18,14:07,166,181.1
3187,4.18,13:08,165,181.1
3188,4.18,12:39,165,181.1
3189,4.18,12:11,165,181.1
3190,4.18,12:46,165,181.1
3191,4.18,12:25,165,181.1
3192,4.18,12:53,165,181.8
3193,4.18,13:08,164,181.1
3194,4.19,13:24,164,181.1
3195,4.19,13:16,164,181.1
3196,4.19,13:32,164,181.1
3197,4.19,13:49,163,181.1
3198,4.19,13:01,162,181.1
3199,4.19,13:01,162,181.1
3200,4.19,12:32,161,181.1
3201,4.2,12:32,161,181.1
3202,4.2,12:32,161,181.1
3203,4.2,13:32,161,181.1
3204,4.2,13:24,161,181.1
3205,4.2,14:07,162,181.1
3206,4.2,13:24,163,181.1
3207,4.2,12:53,164,181.1
3208,4.2,13:16,163,181.1
3209,4.2,13:32,163,181.1
3210,4.21,13:32,163,180.4
3211,4.21,14:34,163,180.4
3212,4.21,14:25,163,180.4
3213,4.21,14:25,163,180.4
3214,4.21,15:04,162,180.4
3215,4.21,15:04,162,180.4
3216,4.21,14:54,161,180.4
3217,4.21,15:24,160,180.4
3218,4.22,14:16,161,180.4
3219,4.22,12:46,161,180.4
3220,4.22,12:25,161,180.4
3221,4.22,12:11,161,180.4
3222,4.22,11:39,162,179.8
3223,4.22,12:32,162,179.8
3224,4.22,13:41,163,179.8
3225,4.22,14:34,163,179.8
3226,4.23,13:24,163,179.8
3227,4.23,13:49,163,179.8
3228,4.23,13:49,162,179.1
3229,4.23,13:32,162,179.1
3230,4.23,12:39,162,179.1
3231,4.23,13:24,161,178.5
3232,4.23,13:32,161,178.5
3233,4.23,12:53,160,178.5
3234,4.24,12:18,160,178.5
3235,4.24,12:11,161,178.5
3236,4.24,12:11,162,179.1
3237,4.24,12:11,162,179.1
3238,4.24,12:18,163,179.1
3239,4.24,13:08,163,178.5
3240,4.24,13:41,164,178.5
3241,4.24,13:16,164,178.5
3242,4.25,13:32,164,178.5
3243,4.25,13:08,165,178.5
3244,4.25,13:08,166,178.5
3245,4.25,13:08,165,178.5
3246,4.25,13:08,166,178.5
3247,4.25,13:01,166,178.5
3248,4.25,12:53,167,178.5
3249,4.26,12:11,166,178.5
3250,4.26,11:45,166,178.5
3251,4.26,12:18,166,178.5
3252,4.26,11:10,166,178.5
3253,4.26,11:27,166,178.5
3254,4.26,11:39,167,177.8
3255,4.26,11:27,167,177.8
3256,4.27,11:39,166,177.8
3257,4.27,12:04,166,178.5
3258,4.27,11:58,167,178.5
3259,4.27,11:52,166,178.5
3260,4.27,12:46,166,178.5
3261,4.27,12:04,166,177.8
3262,4.27,11:58,166,177.8
3263,4.28,11:52,166,178.5
3264,4.28,11:52,166,178.5
3265,4.28,11:10,166,178.5
3266,4.28,11:05,167,178.5
3267,4.28,10:59,167,178.5
3268,4.28,10:59,167,178.5
3269,4.28,11:05,167,178.5
3270,4.29,11:16,167,178.5
3271,4.29,11:05,167,177.8
3272,4.29,11:05,167,177.8
3273,4.29,11:16,167,177.8
3274,4.29,11:21,168,177.8
3275,4.29,11:33,168,177.8
3276,4.29,12:25,168,177.8
3277,4.3,12:39,168,177.8
3278,4.3,12:39,168,177.8
3279,4.3,12:18,169,177.8
3280,4.3,11:45,168,177.8
3281,4.3,11:39,166,178.5
3282,4.3,12:18,166,178.5
3283,4.3,12:04,166,178.5
3284,4.3,11:58,165,177.8
3285,4.31,11:58,164,177.8
3286,4.31,11:33,164,177.8
3287,4.31,11:21,165,177.8
3288,4.31,11:21,164,177.2
3289,4.31,11:27,164,177.2
3290,4.31,12:25,164,177.2
3291,4.31,12:53,163,177.2
3292,4.32,13:24,163,177.2
3293,4.32,12:46,164,177.2
3294,4.32,12:32,164,177.2
3295,4.32,11:16,164,176.5
3296,4.32,11:27,164,176.5
3297,4.32,11:10,165,176.5
3298,4.32,11:33,165,176.5
3299,4.33,11:58,165,176.5
3300,4.33,12:18,165,176.5
3301,4.33,11:27,165,176.5
3302,4.33,11:10,165,176.5
3303,4.33,11:52,165,176.5
3304,4.33,11:52,166,175.9
3305,4.33,12:39,166,175.9
3306,4.33,14:25,166,175.9
3307,4.34,14:34,166,175.9
3308,4.34,13:49,166,175.9
3309,4.34,14:16,167,175.9
3310,4.34,14:44,167,175.9
3311,4.34,14:34,167,175.9
3312,4.34,14:34,166,175.9
3313,4.34,14:07,167,175.9
3314,4.34,13:49,167,175.9
3315,4.35,13:16,167,175.2
3316,4.35,12:25,168,175.2
3317,4.35,12:18,168,175.2
3318,4.35,12:11,168,175.2
3319,4.35,12:04,168,175.2
3320,4.35,12:04,168,175.2
3321,4.35,12:32,168,175.2
3322,4.36,13:24,169,175.2
3323,4.36,15:24,168,174.5
3324,4.36,16:45,167,174.5
3325,4.36,18:22,167,174.5
3326,4.36,16:33,166,174.5
3327,4.36,15:24,166,174.5
3328,4.36,13:49,165,174.5
3329,4.36,12:32,166,173.9
3330,4.36,11:52,166,173.9
3331,4.37,12:39,166,173.9
3332,4.37,12:46,167,173.9
3333,4.37,12:04,166,173.9
3334,4.37,11:33,166,173.9
3335,4.37,10:43,166,173.9
3336,4.37,10:05,166,173.2
3337,4.38,9:51,165,173.2
3338,4.38,10:09,166,173.2
3339,4.38,10:33,167,172.6
3340,4.38,10:59,167,172.6
3341,4.38,10:59,167,172.6
3342,4.38,11:27,166,171.9
3343,4.38,11:39,166,172.6
3344,4.39,11:27,167,172.6
3345,4.39,11:33,167,171.9
3346,4.39,11:45,167,171.9
3347,4.39,11:27,168,171.9
3348,4.39,11:39,169,171.3
3349,4.39,12:04,169,171.3
3350,4.39,12:32,169,171.3
3351,4.39,13:08,170,171.3
3352,4.4,13:41,170,170.6
3353,4.4,14:07,170,170.6
3354,4.4,15:04,169,169.9
3355,4.4,15:57,168,169.9
3356,4.4,16:21,168,169.9
3357,4.4,15:57,168,169.3
3358,4.4,15:35,168,169.3
3359,4.4,15:14,168,169.3
3360,4.4,14:44,169,169.3
3361,4.41,14:44,169,168.6
3362,4.41,14:25,169,168.6
3363,4.41,13:58,168,168.6
3364,4.41,14:16,168,168.6
3365,4.41,14:34,168,168.6
3366,4.41,15:14,168,168.0
3367,4.41,16:09,168,168.0
3368,4.41,17:25,168,168.0
3369,4.41,16:58,168,167.3
3370,4.42,15:04,168,168.0
3371,4.42,13:58,168,168.0
3372,4.42,13:32,167,168.0
3373,4.42,13:24,168,168.0
3374,4.42,12:53,167,167.3
3375,4.42,12:25,167,167.3
3376,4.42,12:53,167,167.3
3377,4.42,13:16,167,167.3
3378,4.43,11:45,166,167.3
3379,4.43,11:33,166,167.3
3380,4.43,12:11,165,167.3
3381,4.43,12:04,165,167.3
3382,4.43,12:04,166,167.3
3383,4.43,13:01,165,166.7
3384,4.43,12:46,164,166.7
3385,4.44,12:39,164,166.7
3386,4.44,12:04,164,166.7
3387,4.44,11:39,163,166.7
3388,4.44,12:39,162,166.7
3389,4.44,13:16,162,166.7
3390,4.44,13:41,162,166.7
3391,4.44,13:58,162,166.7
3392,4.44,14:16,162,166.0
3393,4.45,13:08,162,166.0
3394,4.45,12:25,161,166.0
3395,4.45,12:18,162,166.0
3396,4.45,11:52,162,166.0
3397,4.45,11:39,163,166.0
3398,4.45,12:04,163,165.4
3399,4.45,13:08,163,165.4
3400,4.45,13:41,163,165.4
3401,4.46,14:54,163,165.4
3402,4.46,15:35,163,165.4
3403,4.46,15:24,162,165.4
3404,4.46,15:14,161,165.4
3405,4.46,16:58,161,165.4
3406,4.46,15:24,161,164.7
3407,4.46,14:34,161,165.4
3408,4.46,13:16,161,165.4
3409,4.47,12:46,161,165.4
3410,4.47,10:43,161,165.4
3411,4.47,10:59,161,165.4
3412,4.47,11:16,161,165.4
3413,4.47,12:04,161,165.4
3414,4.47,11:27,161,165.4
3415,4.47,11:27,162,165.4
3416,4.48,10:59,162,164.7
3417,4.48,10:48,163,164.7
3418,4.48,10:48,163,164.7
3419,4.48,11:10,162,164.7
3420,4.48,12:18,162,164.7
3421,4.48,13:01,162,164.7
3422,4.48,12:39,162,164.7
3423,4.49,12:25,162,164.7
3424,4.49,12:18,162,164.7
3425,4.49,12:04,162,164.7
3426,4.49,12:25,163,164.7
3427,4.49,13:16,164,164.7
3428,4.49,13:32,164,164.0
3429,4.49,14:16,164,164.0
3430,4.49,15:14,164,164.7
3431,4.49,15:46,165,164.7
3432,4.5,15:14,165,164.7
3433,4.5,13:58,166,164.7
3434,4.5,13:01,167,164.7
3435,4.5,11:45,167,164.7
3436,4.5,11:33,168,164.0
3437,4.5,11:45,168,164.0
3438,4.5,12:46,167,164.0
3439,4.51,13:32,168,164.0
3440,4.51,14:25,168,164.0
3441,4.51,13:24,167,164.0
3442,4.51,12:39,167,164.0
3443,4.51,11:52,168,164.0
3444,4.51,11:39,168,163.4
3445,4.51,11:10,168,163.4
3446,4.52,11:27,168,163.4
3447,4.52,12:11,167,163.4
3448,4.52,13:24,168,163.4
3449,4.52,13:16,168,163.4
3450,4.52,12:32,168,162.7
3451,4.52,12:25,168,162.7
3452,4.52,12:04,168,162.7
3453,4.52,11:27,167,162.7
3454,4.53,11:33,167,162.7
3455,4.53,12:04,167,162.1
3456,4.53,12:04,166,162.1
3457,4.53,11:21,166,162.1
3458,4.53,10:59,165,161.4
3459,4.53,11:27,165,161.4
3460,4.53,11:45,165,161.4
3461,4.54,11:21,166,160.8
3462,4.54,12:04,166,160.8
3463,4.54,12:25,166,160.8
3464,4.54,12:25,166,160.8
3465,4.54,11:33,166,160.8
3466,4.54,11:45,166,160.8
3467,4.54,11:58,166,160.8
3468,4.55,11:39,166,160.1
3469,4.55,11:05,166,160.1
3470,4.55,11:45,167,160.1
3471,4.55,11:39,168,160.1
3472,4.55,10:48,169,160.1
3473,4.55,11:27,169,160.1
3474,4.55,12:11,169,160.1
3475,4.56,12:53,169,159.4
3476,4.56,12:39,169,159.4
3477,4.56,13:49,168,159.4
3478,4.56,13:01,168,159.4
3479,4.56,11:21,168,159.4
3480,4.56,10:38,167,158.8
3481,4.57,10:48,167,158.8
3482,4.57,10:18,167,158.8
3483,4.57,10:18,167,158.8
3484,4.57,11:16,167,158.8
3485,4.57,11:39,167,158.8
3486,4.57,12:04,166,158.8
3487,4.57,12:11,166,158.1
3488,4.57,12:32,167,158.1
3489,4.58,11:39,167,158.1
3490,4.58,11:27,166,158.1
3491,4.58,11:39,166,158.1
3492,4.58,12:25,166,157.5
3493,4.58,13:16,166,157.5
3494,4.58,15:14,166,157.5
3495,4.58,15:35,165,157.5
3496,4.58,15:24,165,157.5
3497,4.59,14:34,165,157.5
3498,4.59,13:49,165,156.8
3499,4.59,12:53,165,156.8
3500,4.59,12:11,165,156.8
3501,4.59,12:25,165,156.2
3502,4.59,12:25,165,156.2
3503,4.59,11:27,165,156.2
3504,4.6,11:52,165,156.2
3505,4.6,11:33,165,156.2
3506,4.6,11:16,165,156.2
3507,4.6,11:27,166,155.5
3508,4.6,11:45,166,155.5
3509,4.6,11:45,166,155.5
3510,4.6,12:11,166,154.9
3511,4.61,12:32,166,154.9
3512,4.61,12:32,166,154.9
3513,4.61,12:39,166,154.9
3514,4.61,12:32,166,154.9
3515,4.61,13:16,166,154.2
3516,4.61,12:53,167,154.2
3517,4.61,12:46,166,154.9
3518,4.61,12:53,166,154.2
3519,4.62,12:46,166,154.2
3520,4.62,12:39,165,154.2
3521,4.62,12:32,166,153.5
3522,4.62,12:53,166,153.5
3523,4.62,13:32,166,153.5
3524,4.62,12:46,166,153.5
3525,4.62,12:18,166,153.5
3526,4.63,12:04,166,153.5
3527,4.63,11:45,166,153.5
3528,4.63,11:21,165,153.5
3529,4.63,11:58,166,153.5
3530,4.63,13:08,165,152.9
3531,4.63,12:53,165,152.9
3532,4.63,13:16,165,152.9
3533,4.63,14:44,165,152.9
3534,4.63,15:04,165,152.9
3535,4.64,15:35,165,152.9
3536,4.64,17:25,164,152.9
3537,4.64,17:11,164,152.9
3538,4.64,15:35,164,152.9
3539,4.64,15:04,163,152.9
3540,4.64,13:49,163,152.9
3541,4.64,13:08,163,152.9
3542,4.64,12:46,163,152.9
3543,4.65,13:01,163,152.9
3544,4.65,13:08,163,152.2
3545,4.65,12:32,163,152.2
3546,4.65,12:46,164,152.2
3547,4.65,12:25,163,152.2
3548,4.65,11:21,164,152.2
3549,4.65,11:21,164,152.2
3550,4.66,11:39,164,152.2
3551,4.66,11:45,164,152.2
3552,4.66,12:25,164,152.2
3553,4.66,13:49,163,152.2
3554,4.66,14:16,163,152.2
3555,4.66,13:58,163,152.2
3556,4.66,13:49,163,151.6
3557,4.66,14:25,162,151.6
3558,4.66,14:25,162,151.6
3559,4.67,13:58,161,151.6
3560,4.67,14:44,161,151.6
3561,4.67,14:54,161,151.6
3562,4.67,13:32,160,151.6
3563,4.67,12:32,161,151.6
3564,4.67,12:46,160,151.6
3565,4.67,13:16,160,151.6
3566,4.67,13:49,160,151.6
3567,4.68,15:04,161,151.6
3568,4.68,15:57,160,151.6
3569,4.68,15:46,160,151.6
3570,4.68,14:16,161,151.6
3571,4.68,13:24,161,151.6
3572,4.68,12:39,162,151.6
3573,4.68,12:04,162,150.9
3574,4.68,12:11,162,150.9
3575,4.69,12:04,163,150.9
3576,4.69,12:18,163,150.9
3577,4.69,13:16,164,150.9
3578,4.69,14:16,164,150.9
3579,4.69,13:49,164,150.9
3580,4.69,14:16,165,150.9
3581,4.69,14:25,164,150.9
3582,4.69,13:01,165,150.9
3583,4.7,13:08,164,150.9
3584,4.7,13:24,165,150.9
3585,4.7,13:32,165,150.9
3586,4.7,13:32,164,150.9
3587,4.7,13:41,164,150.3
3588,4.7,12:46,165,150.3
3589,4.7,12:32,165,150.3
3590,4.7,12:25,165,150.3
3591,4.71,12:11,165,150.3
3592,4.71,12:18,165,150.3
3593,4.71,12:18,164,150.3
3594,4.71,12:32,164,150.3
3595,4.71,12:25,165,150.3
3596,4.71,12:11,164,150.3
3597,4.71,12:18,164,150.3
3598,4.72,13:01,164,150.3
3599,4.72,13:16,164,150.3
3600,4.72,13:32,164,149.6
3601,4.72,13:49,164,149.6
3602,4.72,14:16,164,149.6
3603,4.72,13:58,164,149.6
3604,4.72,13:41,164,149.6
3605,4.72,13:58,163,149.6
3606,4.72,14:16,163,149.6
3607,4.73,13:49,163,149.6
3608,4.73,13:08,162,150.3
3609,4.73,12:32,162,150.3
3610,4.73,11:58,162,150.3
3611,4.73,11:21,162,150.3
3612,4.73,11:05,163,150.3
3613,4.73,11:16,163,149.6
3614,4.74,11:21,164,149.6
3615,4.74,11:27,165,149.6
3616,4.74,11:05,165,149.6
3617,4.74,10:28,164,149.6
3618,4.74,10:43,165,149.6
3619,4.74,10:59,165,149.6
3620,4.75,11:10,164,149.0
3621,4.75,12:04,164,149.0
3622,4.75,13:01,164,149.0
3623,4.75,12:53,164,148.3
3624,4.75,13:32,164,148.3
3625,4.75,13:08,164,148.3
3626,4.75,13:01,164,148.3
3627,4.75,13:32,164,148.3
3628,4.76,13:49,164,148.3
3629,4.76,13:41,164,148.3
3630,4.76,14:25,164,148.3
3631,4.76,14:25,165,147.6
3632,4.76,14:34,165,147.6
3633,4.76,15:04,164,147.6
3634,4.76,14:34,165,147.6
3635,4.76,14:34,165,147.6
3636,4.76,13:41,165,147.6
3637,4.77,13:24,167,147.6
3638,4.77,12:32,167,147.0
3639,4.77,12:32,166,147.0
3640,4.77,12:11,166,146.3
3641,4.77,12:18,166,146.3
3642,4.77,12:11,166,146.3
3643,4.77,12:53,167,146.3
3644,4.77,13:32,167,146.3
3645,4.78,14:16,166,146.3
3646,4.78,15:04,166,145.7
3647,4.78,14:44,166,145.7
3648,4.78,14:07,166,145.7
3649,4.78,13:08,166,145.7
3650,4.78,12:18,166,145.7
3651,4.78,12:04,166,145.7
3652,4.79,12:18,166,145.7
3653,4.79,12:32,165,145.0
3654,4.79,12:39,165,145.0
3655,4.79,13:01,165,145.0
3656,4.79,13:49,165,145.0
3657,4.79,13:41,165,145.0
3658,4.79,13:16,165,145.0
3659,4.79,12:32,165,144.4
3660,4.8,11:58,165,144.4
3661,4.8,11:27,165,144.4
3662,4.8,11:45,164,144.4
3663,4.8,11:33,164,144.4
3664,4.8,12:32,164,143.7
3665,4.8,13:16,165,143.7
3666,4.8,13:16,165,143.7
3667,4.8,13:41,164,143.7
3668,4.81,13:41,165,143.7
3669,4.81,14:44,165,143.7
3670,4.81,15:04,165,143.7
3671,4.81,14:34,166,143.0
3672,4.81,14:07,165,143.0
3673,4.81,15:14,165,143.0
3674,4.81,13:49,165,143.0
3675,4.81,13:49,166,143.0
3676,4.82,13:32,166,143.0
3677,4.82,13:32,165,142.4
3678,4.82,12:32,165,142.4
3679,4.82,11:58,165,142.4
3680,4.82,11:21,165,142.4
3681,4.82,11:16,165,141.7
3682,4.82,10:48,164,141.7
3683,4.83,10:43,164,142.4
3684,4.83,10:59,164,141.7
3685,4.83,11:21,165,141.7
3686,4.83,11:58,165,141.7
3687,4.83,12:25,165,141.7
3688,4.83,13:16,166,141.7
3689,4.83,13:08,165,141.7
3690,4.83,12:46,165,141.7
3691,4.84,12:04,165,141.7
3692,4.84,11:10,165,141.1
3693,4.84,10:33,165,141.1
3694,4.84,10:14,166,141.1
3695,4.84,9:47,166,141.1
3696,4.84,10:05,166,141.1
3697,4.85,10:38,166,141.1
3698,4.85,10:48,167,141.1
3699,4.85,11:33,166,141.1
3700,4.85,12:39,166,141.1
3701,4.85,13:32,166,141.1
3702,4.85,14:16,167,140.4
3703,4.85,15:14,167,140.4
3704,4.85,15:57,168,140.4
3705,4.85,16:21,167,140.4
3706,4.86,16:09,168,141.1
3707,4.86,15:24,167,141.1
3708,4.86,14:44,167,141.1
3709,4.86,13:08,167,141.1
3710,4.86,12:04,167,140.4
3711,4.86,10:54,167,140.4
3712,4.87,10:43,167,139.8
3713,4.87,10:33,167,139.8
3714,4.87,10:38,167,139.8
3715,4.87,10:59,167,139.8
3716,4.87,11:52,166,140.4
3717,4.87,12:25,166,139.8
3718,4.87,12:18,166,139.8
3719,4.87,12:39,166,139.8
3720,4.88,12:53,166,139.8
3721,4.88,12:39,166,139.8
3722,4.88,12:39,166,139.8
3723,4.88,13:49,167,140.4
3724,4.88,13:58,166,140.4
3725,4.88,13:49,166,139.8
3726,4.88,14:07,166,139.8
3727,4.88,13:41,167,139.8
3728,4.89,13:08,167,139.8
3729,4.89,13:41,167,139.1
3730,4.89,13:16,167,139.1
3731,4.89,12:53,167,139.8
3732,4.89,12:32,167,139.8
3733,4.89,12:04,167,139.8
3734,4.89,11:39,166,139.8
3735,4.9,11:52,165,139.8
3736,4.9,12:04,161,139.8
3737,4.9,12:18,157,139.8
3738,4.9,12:11,150,139.8
3739,4.9,12:25,147,139.8
3740,4.9,12:46,139,139.8
3741,4.9,13:01,134,139.8
3742,4.9,13:49,128,139.8
3743,4.91,13:58,123,139.8
3744,4.91,13:32,122,139.8
3745,4.91,13:24,120,139.8
3746,4.91,13:01,124,139.8
3747,4.91,12:18,132,139.8
3748,4.91,12:32,132,139.1
3749,4.91,12:32,133,139.8
3750,4.91,12:32,133,139.1
3751,4.92,12:39,133,139.1
3752,4.92,13:01,133,139.1
3753,4.92,13:24,134,139.1
3754,4.92,13:32,136,139.1
3755,4.92,13:58,134,139.1
3756,4.92,14:07,134,139.1
3757,4.92,13:41,134,139.1
3758,4.92,13:49,134,139.1
3759,4.93,14:34,134,138.5
3760,4.93,14:16,134,138.5
3761,4.93,14:25,134,138.5
3762,4.93,14:07,134,138.5
3763,4.93,13:24,134,138.5
3764,4.93,12:39,134,138.5
3765,4.93,11:33,134,138.5
3766,4.93,11:27,134,138.5
3767,4.94,11:45,134,138.5
3768,4.94,11:33,134,138.5
3769,4.94,12:04,134,138.5
3770,4.94,12:32,134,138.5
3771,4.94,12:39,134,138.5
3772,4.94,12:25,135,138.5
3773,4.94,13:24,135,138.5
3774,4.95,12:53,135,138.5
3775,4.95,13:08,136,138.5
3776,4.95,12:39,137,138.5
3777,4.95,13:01,138,138.5
3778,4.95,12:18,140,138.5
3779,4.95,12:25,142,138.5
3780,4.95,12:25,145,138.5
3781,4.95,13:16,149,138.5
3782,4.96,13:24,152,138.5
3783,4.96,13:58,155,138.5
3784,4.96,13:41,157,138.5
3785,4.96,14:16,160,137.8
3786,4.96,13:41,161,138.5
3787,4.96,13:49,164,137.8
3788,4.96,13:01,165,137.8
3789,4.96,13:24,165,137.8
3790,4.97,13:41,165,137.8
3791,4.97,13:32,166,137.8
3792,4.97,14:07,166,137.8
3793,4.97,15:35,165,137.8
3794,4.97,15:04,166,137.8
3795,4.97,14:07,166,137.1
3796,4.97,14:34,166,137.1
3797,4.97,13:49,166,137.1
3798,4.97,13:16,166,137.1
3799,4.98,13:58,165,137.8
3800,4.98,13:32,164,137.8
3801,4.98,13:08,164,137.1
3802,4.98,12:46,164,137.1
3803,4.98,12:11,164,137.1
3804,4.98,11:45,163,137.1
3805,4.98,12:04,163,137.1
3806,4.99,12:32,164,137.8
3807,4.99,13:16,164,137.8
3808,4.99,13:58,163,137.8
3809,4.99,13:58,163,137.8
3810,4.99,12:46,163,137.1
3811,4.99,12:39,163,137.1
3812,4.99,11:21,163,137.1
3813,4.99,11:10,162,136.5
3814,5.0,10:54,163,136.5
3815,5.0,11:39,163,136.5
3816,5.0,11:58,163,136.5
3817,5.0,13:01,163,136.5
3818,5.0,13:24,163,136.5
3819,5.0,14:25,163,136.5
3820,5.0,14:25,164,136.5
3821,5.0,14:07,164,137.1
3822,5.01,13:01,165,136.5
3823,5.01,13:16,165,136.5
3824,5.01,13:24,165,136.5
3825,5.01,14:54,165,136.5
3826,5.01,14:44,166,136.5
3827,5.01,15:57,166,136.5
3828,5.01,15:46,167,136.5
3829,5.01,14:07,167,137.1
3830,5.02,13:01,167,137.1
3831,5.02,12:32,167,137.1
3832,5.02,12:32,167,137.1
3833,5.02,12:18,167,137.1
3834,5.02,12:32,166,137.1
3835,5.02,12:04,166,137.1
3836,5.02,11:52,166,136.5
3837,5.03,12:04,166,136.5
3838,5.03,12:39,166,135.8
3839,5.03,13:32,166,136.5
3840,5.03,14:34,166,136.5
3841,5.03,15:14,166,136.5
3842,5.03,14:25,166,136.5
3843,5.03,13:16,167,136.5
3844,5.03,12:18,167,136.5
3845,5.04,12:11,167,136.5
3846,5.04,11:33,166,136.5
3847,5.04,11:27,165,136.5
3848,5.04,11:52,165,136.5
3849,5.04,12:04,165,136.5
3850,5.04,10:59,166,136.5
3851,5.04,11:16,166,136.5
3852,5.05,11:10,166,136.5
3853,5.05,10:43,167,135.8
3854,5.05,10:48,167,135.8
3855,5.05,11:58,167,135.8
3856,5.05,11:58,168,135.8
3857,5.05,12:18,167,135.8
3858,5.05,13:24,169,135.8
3859,5.05,13:58,169,135.8
3860,5.06,13:24,169,135.8
3861,5.06,12:53,169,135.8
3862,5.06,13:41,169,135.8
3863,5.06,12:25,170,135.8
3864,5.06,12:11,171,135.8
3865,5.06,12:46,172,135.8
3866,5.06,13:41,171,135.2
3867,5.06,13:08,171,135.2
3868,5.07,13:41,171,135.2
3869,5.07,13:01,171,135.2
3870,5.07,11:52,171,135.2
3871,5.07,11:33,172,135.2
3872,5.07,10:59,172,135.2
3873,5.07,10:48,170,135.2
3874,5.08,11:05,171,135.2
3875,5.08,12:11,170,135.2
3876,5.08,12:53,169,135.2
3877,5.08,13:41,169,135.2
3878,5.08,13:49,169,135.2
3879,5.08,13:49,171,135.2
3880,5.08,12:39,171,135.2
3881,5.08,11:52,170,135.2
3882,5.09,11:52,171,135.2
3883,5.09,11:45,171,134.5
3884,5.09,11:27,170,134.5
3885,5.09,11:58,170,134.5
3886,5.09,12:18,170,134.5
3887,5.09,11:52,170,134.5
3888,5.09,11:33,171,134.5
3889,5.1,12:25,171,134.5
3890,5.1,12:25,171,134.5
3891,5.1,11:58,171,134.5
3892,5.1,11:58,170,134.5
3893,5.1,12:39,171,134.5
3894,5.1,11:58,171,134.5
3895,5.1,11:58,172,134.5
3896,5.1,13:01,171,134.5
3897,5.11,13:16,170,134.5
3898,5.11,13:24,170,134.5
3899,5.11,14:25,171,134.5
3900,5.11,13:41,171,134.5
3901,5.11,12:53,170,134.5
3902,5.11,13:08,170,134.5
3903,5.11,12:53,171,134.5
3904,5.11,12:25,171,133.9
3905,5.12,12:18,172,133.9
3906,5.12,12:25,172,133.9
3907,5.12,12:39,171,133.9
3908,5.12,13:01,170,133.9
3909,5.12,13:08,170,133.9
3910,5.12,15:14,172,133.9
3911,5.12,15:46,172,133.9
3912,5.12,15:46,171,134.5
3913,5.13,14:54,171,134.5
3914,5.13,14:25,171,134.5
3915,5.13,13:08,170,134.5
3916,5.13,12:04,171,134.5
3917,5.13,11:33,171,134.5
3918,5.13,11:52,172,134.5
3919,5.13,11:33,171,134.5
3920,5.14,11:21,171,134.5
3921,5.14,11:39,170,135.2
3922,5.14,11:58,171,135.2
3923,5.14,11:52,171,135.8
3924,5.14,12:32,170,135.8
3925,5.14,12:32,169,135.8
3926,5.14,13:32,169,136.5
3927,5.14,13:58,170,136.5
3928,5.15,13:41,169,136.5
3929,5.15,13:01,169,136.5
3930,5.15,13:01,169,135.8
3931,5.15,12:18,170,135.8
3932,5.15,12:18,169,135.2
3933,5.15,12:46,169,135.2
3934,5.15,12:39,170,134.5
3935,5.15,13:24,171,133.9
3936,5.16,13:24,169,133.9
3937,5.16,12:39,171,133.2
3938,5.16,11:58,171,132.5
3939,5.16,12:11,171,132.5
3940,5.16,11:33,170,132.5
3941,5.16,11:52,171,132.5
3942,5.16,12:11,170,132.5
3943,5.17,12:53,169,131.9
3944,5.17,13:08,170,131.9
3945,5.17,13:49,169,131.2
3946,5.17,14:16,169,131.2
3947,5.17,14:07,170,131.2
3948,5.17,13:32,169,130.6
3949,5.17,13:24,169,130.6
3950,5.17,12:53,169,130.6
3951,5.18,12:04,168,130.6
3952,5.18,12:18,168,130.6
3953,5.18,12:11,168,130.6
3954,5.18,12:53,169,130.6
3955,5.18,13:32,169,129.9
3956,5.18,13:32,169,129.9
3957,5.18,12:53,169,129.9
3958,5.18,13:01,169,129.9
3959,5.19,12:53,170,129.9
3960,5.19,12:32,170,129.9
3961,5.19,12:39,169,129.9
3962,5.19,13:08,169,129.9
3963,5.19,12:53,169,129.3
3964,5.19,12:11,168,129.3
3965,5.19,11:33,168,129.3
3966,5.2,11:33,168,129.3
3967,5.2,11:05,169,129.3
3968,5.2,11:33,169,129.3
3969,5.2,11:16,168,129.3
3970,5.2,11:21,169,129.3
3971,5.2,11:39,169,128.6
3972,5.2,12:04,169,128.6
3973,5.21,11:52,169,128.6
3974,5.21,12:32,170,128.6
3975,5.21,12:32,169,128.6
3976,5.21,12:04,169,128.0
3977,5.21,12:04,169,128.0
3978,5.21,11:33,169,128.0
3979,5.21,11:16,169,127.3
3980,5.22,11:58,169,127.3
3981,5.22,12:39,170,127.3
3982,5.22,12:39,171,127.3
3983,5.22,13:08,170,127.3
3984,5.22,13:41,170,127.3
3985,5.22,13:08,170,127.3
3986,5.22,12:25,171,127.3
3987,5.22,12:11,170,127.3
3988,5.23,12:18,170,126.6
3989,5.23,11:52,170,126.6
3990,5.23,12:11,169,126.6
3991,5.23,13:08,171,126.6
3992,5.23,13:49,170,126.6
3993,5.23,14:25,170,126.6
3994,5.23,14:16,169,126.6
3995,5.23,13:58,169,126.6
3996,5.24,13:08,169,126.6
3997,5.24,13:01,169,126.6
3998,5.24,12:46,170,126.6
3999,5.24,13:24,171,126.6
4000,5.24,13:08,171,126.6
4001,5.24,12:46,171,126.6
4002,5.24,12:46,170,126.0
4003,5.24,12:18,170,126.0
4004,5.25,12:25,170,126.0
4005,5.25,12:11,170,126.0
4006,5.25,12:11,170,125.3
4007,5.25,12:18,170,125.3
4008,5.25,12:32,171,126.0
4009,5.25,11:39,170,126.0
4010,5.25,11:45,172,126.0
4011,5.26,12:04,172,126.0
4012,5.26,11:58,171,125.3
4013,5.26,11:58,170,125.3
4014,5.26,11:58,170,125.3
4015,5.26,11:58,170,124.7
4016,5.26,11:45,170,124.7
4017,5.26,11:05,170,124.7
4018,5.27,11:05,168,124.7
4019,5.27,11:33,168,124.7
4020,5.27,11:45,168,124.7
4021,5.27,11:58,168,124.7
4022,5.27,12:46,168,124.7
4023,5.27,13:16,168,124.7
4024,5.27,13:16,168,124.0
4025,5.28,13:24,168,124.0
4026,5.28,13:16,168,124.0
4027,5.28,12:46,168,124.0
4028,5.28,11:58,167,124.0
4029,5.28,11:39,167,124.0
4030,5.28,11:16,167,124.0
4031,5.28,11:05,167,123.4
4032,5.29,11:05,166,123.4
4033,5.29,11:27,167,123.4
4034,5.29,11:52,165,123.4
4035,5.29,12:39,166,123.4
4036,5.29,13:08,166,122.7
4037,5.29,13:41,166,122.7
4038,5.29,13:58,167,122.7
4039,5.29,14:07,168,122.7
4040,5.3,13:01,168,122.7
4041,5.3,13:24,168,122.7
4042,5.3,12:32,169,123.4
4043,5.3,12:32,169,122.7
4044,5.3,12:46,169,122.7
4045,5.3,13:16,169,122.7
4046,5.3,13:01,169,122.7
4047,5.3,13:32,169,122.7
4048,5.31,12:32,170,122.7
4049,5.31,12:04,170,122.7
4050,5.31,12:04,172,122.7
4051,5.31,11:52,171,122.7
4052,5.31,11:52,172,122.0
4053,5.31,12:25,173,122.0
4054,5.31,13:08,172,122.0
4055,5.31,13:24,171,122.0
4056,5.32,13:24,171,122.0
4057,5.32,13:16,171,122.0
4058,5.32,13:16,171,121.4
4059,5.32,12:18,172,121.4
4060,5.32,12:18,172,121.4
4061,5.32,11:45,172,121.4
4062,5.32,11:45,171,121.4
4063,5.33,11:16,170,121.4
4064,5.33,11:05,171,121.4
4065,5.33,10:38,171,121.4
4066,5.33,10:43,171,121.4
4067,5.33,11:05,170,120.7
4068,5.33,11:45,170,120.7
4069,5.33,12:11,170,120.7
4070,5.34,13:01,170,120.7
4071,5.34,13:41,170,120.7
4072,5.34,13:24,170,120.7
4073,5.34,13:16,170,120.7
4074,5.34,13:32,170,120.1
4075,5.34,13:08,169,120.1
4076,5.34,13:32,168,120.1
4077,5.34,13:41,168,120.1
4078,5.35,13:49,168,120.1
4079,5.35,12:53,169,120.1
4080,5.35,11:58,169,119.4
4081,5.35,11:52,169,119.4
4082,5.35,12:04,168,119.4
4083,5.35,11:45,169,119.4
4084,5.35,11:52,170,119.4
4085,5.36,12:32,168,119.4
4086,5.36,12:04,168,119.4
4087,5.36,12:32,168,119.4
4088,5.36,12:32,168,119.4
4089,5.36,12:46,168,119.4
4090,5.36,13:01,167,118.8
4091,5.36,12:32,167,118.8
4092,5.37,11:39,167,118.8
4093,5.37,10:59,167,118.8
4094,5.37,10:43,167,118.8
4095,5.37,10:18,168,118.8
4096,5.37,10:48,167,118.8
4097,5.37,10:28,167,118.8
4098,5.37,10:43,167,118.8
4099,5.38,10:54,168,118.8
4100,5.38,11:10,166,118.8
4101,5.38,11:05,167,118.8
4102,5.38,11:05,166,118.1
4103,5.38,11:21,167,118.1
4104,5.38,11:27,167,118.1
4105,5.39,11:16,168,118.1
4106,5.39,10:48,168,117.5
4107,5.39,11:27,168,117.5
4108,5.39,11:39,167,117.5
4109,5.39,11:58,168,117.5
4110,5.39,12:39,167,117.5
4111,5.39,13:16,168,117.5
4112,5.39,12:32,168,117.5
4113,5.4,12:32,168,117.5
4114,5.4,12:25,168,116.8
4115,5.4,12:18,167,116.8
4116,5.4,12:32,167,116.8
4117,5.4,13:16,167,116.8
4118,5.4,13:16,167,116.8
4119,5.4,13:41,168,116.8
4120,5.4,13:41,168,116.8
4121,5.41,13:24,167,116.8
4122,5.41,13:49,167,116.8
4123,5.41,14:16,167,116.8
4124,5.41,13:49,167,116.8
4125,5.41,13:58,166,116.8
4126,5.41,13:24,167,116.8
4127,5.41,12:18,168,116.8
4128,5.41,12:18,168,116.8
4129,5.42,12:18,168,116.8
4130,5.42,12:25,169,116.8
4131,5.42,13:58,169,116.8
4132,5.42,14:34,168,116.8
4133,5.42,14:54,168,116.8
4134,5.42,15:24,168,116.8
4135,5.42,14:07,168,116.8
4136,5.42,12:53,168,116.8
4137,5.43,12:46,168,116.8
4138,5.43,12:18,168,116.8
4139,5.43,12:11,169,116.1
4140,5.43,12:39,168,116.1
4141,5.43,11:58,168,116.1
4142,5.43,11:58,168,116.1
4143,5.43,11:39,168,116.8
4144,5.44,11:16,168,116.8
4145,5.44,11:05,167,116.8
4146,5.44,11:21,167,116.8
4147,5.44,11:33,167,116.8
4148,5.44,12:04,167,116.8
4149,5.44,12:04,167,116.8
4150,5.44,13:01,167,116.1
4151,5.44,14:25,167,116.8
4152,5.45,14:25,169,116.8
4153,5.45,14:44,168,116.8
4154,5.45,16:45,168,116.1
4155,5.45,15:57,169,116.1
4156,5.45,14:44,169,116.1
4157,5.45,14:34,170,115.5
4158,5.45,14:16,169,115.5
4159,5.45,12:32,170,115.5
4160,5.46,12:32,170,115.5
4161,5.46,13:08,170,115.5
4162,5.46,13:41,170,115.5
4163,5.46,13:41,170,115.5
4164,5.46,14:34,170,115.5
4165,5.46,13:41,170,115.5
4166,5.46,12:32,170,115.5
4167,5.46,12:11,171,115.5
4168,5.47,11:58,171,115.5
4169,5.47,11:39,171,114.8
4170,5.47,12:25,172,114.8
4171,5.47,13:24,171,114.8
4172,5.47,13:08,171,114.8
4173,5.47,13:08,171,114.8
4174,5.47,13:08,172,114.8
4175,5.47,13:01,173,114.8
4176,5.48,12:25,173,114.8
4177,5.48,12:46,171,114.8
4178,5.48,12:39,171,114.8
4179,5.48,13:01,171,114.8
4180,5.48,12:46,172,114.8
4181,5.48,13:16,172,114.8
4182,5.48,12:39,171,114.8
4183,5.49,12:46,170,114.8
4184,5.49,12:39,171,114.8
4185,5.49,12:39,171,114.8
4186,5.49,12:18,171,115.5
4187,5.49,12:11,170,115.5
4188,5.49,12:32,170,115.5
4189,5.49,12:39,170,115.5
4190,5.49,12:53,170,115.5
4191,5.5,13:32,170,115.5
4192,5.5,15:04,170,115.5
4193,5.5,14:34,171,115.5
4194,5.5,15:14,170,115.5
4195,5.5,15:04,170,115.5
4196,5.5,14:44,170,115.5
4197,5.5,14:07,170,115.5
4198,5.5,14:25,170,115.5
4199,5.5,14:34,171,115.5
4200,5.5,15:57,170,115.5
4201,5.51,16:45,170,115.5
4202,5.51,16:45,169,115.5
4203,5.51,17:38,169,116.1
4204,5.51,16:21,168,116.1
4205,5.51,14:54,168,116.1
4206,5.51,13:41,169,115.5
4207,5.51,13:01,170,115.5
4208,5.51,12:04,170,115.5
4209,5.52,11:10,170,114.8
4210,5.52,10:18,170,114.8
4211,5.52,9:56,170,114.8
4212,5.52,10:23,170,114.8
4213,5.52,10:38,171,114.8
4214,5.52,11:10,171,114.8
4215,5.53,12:18,171,114.8
4216,5.53,13:01,171,114.8
4217,5.53,13:16,171,114.8
4218,5.53,13:08,170,114.8
4219,5.53,14:07,169,114.8
4220,5.53,13:41,169,114.8
4221,5.53,13:49,168,114.8
4222,5.53,12:53,168,114.8
4223,5.54,13:08,168,114.2
4224,5.54,12:18,168,114.2
4225,5.54,12:04,168,114.8
4226,5.54,11:58,167,114.8
4227,5.54,11:39,167,114.8
4228,5.54,11:16,166,114.8
4229,5.54,11:45,166,114.2
4230,5.55,11:52,166,114.2
4231,5.55,11:39,166,114.8
4232,5.55,11:39,166,114.8
4233,5.55,12:18,166,114.8
4234,5.55,11:58,166,114.8
4235,5.55,13:16,167,114.8
4236,5.55,13:41,167,114.8
4237,5.55,14:34,168,114.8
4238,5.56,14:07,168,114.8
4239,5.56,14:34,168,115.5
4240,5.56,13:32,167,115.5
4241,5.56,13:01,168,115.5
4242,5.56,12:53,168,115.5
4243,5.56,13:01,169,115.5
4244,5.56,13:01,169,115.5
4245,5.56,13:08,168,115.5
4246,5.57,13:16,168,115.5
4247,5.57,13:32,169,115.5
4248,5.57,12:46,170,115.5
4249,5.57,12:32,170,115.5
4250,5.57,11:58,171,115.5
4251,5.57,11:58,170,116.1
4252,5.57,12:18,170,116.1
4253,5.57,13:49,170,116.1
4254,5.58,13:32,170,116.1
4255,5.58,14:44,171,116.1
4256,5.58,16:33,171,116.1
4257,5.58,14:54,172,116.8
4258,5.58,13:41,173,116.8
4259,5.58,13:58,171,116.8
4260,5.58,13:08,171,116.8
4261,5.58,12:32,171,116.8
4262,5.59,13:01,171,116.8
4263,5.59,13:32,171,116.8
4264,5.59,13:08,171,116.8
4265,5.59,13:32,171,116.8
4266,5.59,12:39,170,116.8
4267,5.59,12:53,171,117.5
4268,5.59,12:11,170,117.5
4269,5.59,12:18,170,117.5
4270,5.6,12:11,169,117.5
4271,5.6,12:53,170,117.5
4272,5.6,13:01,171,117.5
4273,5.6,13:16,172,118.1
4274,5.6,13:58,171,118.1
4275,5.6,13:49,171,118.8
4276,5.6,13:58,172,118.8
4277,5.6,14:07,172,119.4
4278,5.61,13:49,172,119.4
4279,5.61,13:08,172,119.4
4280,5.61,12:32,172,120.1
4281,5.61,12:04,173,120.1
4282,5.61,11:45,173,120.1
4283,5.61,12:11,172,120.7
4284,5.61,11:52,172,120.7
4285,5.62,12:25,174,120.7
4286,5.62,12:46,173,121.4
4287,5.62,12:32,172,121.4
4288,5.62,12:32,173,121.4
4289,5.62,13:24,174,121.4
4290,5.62,13:08,174,121.4
4291,5.62,13:41,174,121.4
4292,5.62,14:34,173,121.4
4293,5.62,14:44,173,121.4
4294,5.63,14:54,174,122.0
4295,5.63,15:46,173,122.0
4296,5.63,15:14,173,122.0
4297,5.63,15:14,173,122.7
4298,5.63,14:25,174,122.7
4299,5.63,13:49,174,122.7
4300,5.63,13:24,174,122.7
4301,5.63,13:24,174,122.7
4302,5.64,12:11,175,122.7
4303,5.64,12:11,176,122.7
4304,5.64,12:11,176,122.7
4305,5.64,12:32,175,122.7
4306,5.64,12:32,177,122.7
4307,5.64,13:01,176,122.7
4308,5.64,13:32,177,122.0
4309,5.64,13:41,176,122.0
4310,5.65,12:53,177,122.0
4311,5.65,12:25,176,122.0
4312,5.65,12:53,175,122.0
4313,5.65,12:39,176,122.0
4314,5.65,11:58,176,122.0
4315,5.65,12:11,177,121.4
4316,5.65,12:25,176,121.4
4317,5.66,11:39,175,120.7
4318,5.66,11:21,175,120.7
4319,5.66,11:33,176,120.1
4320,5.66,11:16,175,119.4
4321,5.66,11:05,175,119.4
4322,5.66,11:10,174,118.8
4323,5.66,11:21,174,118.1
4324,5.67,11:45,175,117.5
4325,5.67,11:33,174,117.5
4326,5.67,11:39,174,116.8
4327,5.67,11:39,173,116.8
4328,5.67,11:39,173,116.1
4329,5.67,11:21,173,116.1
4330,5.67,12:18,174,115.5
4331,5.68,12:46,175,115.5
4332,5.68,13:32,174,115.5
4333,5.68,14:07,173,114.8
4334,5.68,15:04,174,114.8
4335,5.68,15:46,175,114.8
4336,5.68,15:35,173,114.8
4337,5.68,15:04,172,114.8
4338,5.68,14:25,172,114.8
4339,5.69,13:08,172,114.8
4340,5.69,11:58,172,114.8
4341,5.69,11:45,171,114.8
4342,5.69,11:27,171,114.8
4343,5.69,11:45,172,114.8
4344,5.69,12:32,172,114.8
4345,5.69,12:11,172,114.8
4346,5.7,11:45,172,114.8
4347,5.7,11:52,171,114.8
4348,5.7,11:39,173,114.8
4349,5.7,10:59,173,114.8
4350,5.7,10:48,173,114.8
4351,5.7,10:43,172,114.8
4352,5.7,11:05,173,114.2
4353,5.71,11:16,173,114.2
4354,5.71,11:58,174,114.2
4355,5.71,13:08,174,114.2
4356,5.71,14:07,173,114.2
4357,5.71,13:49,174,114.2
4358,5.71,13:49,173,114.2
4359,5.71,13:58,173,114.2
4360,5.71,13:32,173,114.2
4361,5.72,12:53,174,114.2
4362,5.72,12:25,173,113.5
4363,5.72,11:52,173,113.5
4364,5.72,11:21,172,113.5
4365,5.72,11:27,172,113.5
4366,5.72,11:33,171,113.5
4367,5.72,11:58,171,113.5
4368,5.72,12:53,171,113.5
4369,5.73,13:16,171,113.5
4370,5.73,13:16,171,113.5
4371,5.73,13:24,170,112.9
4372,5.73,13:24,170,112.9
4373,5.73,13:32,168,112.9
4374,5.73,14:25,165,112.9
4375,5.73,14:44,157,112.9
4376,5.73,14:44,152,113.5
4377,5.74,14:44,146,113.5
4378,5.74,14:54,139,113.5
4379,5.74,14:25,135,113.5
4380,5.74,13:49,131,113.5
4381,5.74,13:16,128,113.5
4382,5.74,11:58,126,114.2
4383,5.74,10:48,124,114.2
4384,5.75,10:14,123,114.2
4385,5.75,10:18,133,114.2
4386,5.75,10:48,134,114.2
4387,5.75,12:18,134,113.5
4388,5.75,13:16,134,113.5
4389,5.75,14:44,134,112.9
4390,5.75,14:54,135,112.9
4391,5.75,14:54,135,112.9
4392,5.76,13:49,135,112.9
4393,5.76,13:24,135,112.9
4394,5.76,12:46,135,112.9
4395,5.76,12:46,135,112.9
4396,5.76,13:08,138,112.9
4397,5.76,14:07,160,112.9
4398,5.76,14:25,166,112.2
4399,5.76,14:25,169,112.2
4400,5.76,15:14,168,112.2
4401,5.77,14:34,168,112.2
4402,5.77,14:16,170,112.9
4403,5.77,14:34,170,112.9
4404,5.77,14:34,170,112.9
4405,5.77,14:54,171,112.9
4406,5.77,15:24,172,112.2
4407,5.77,14:54,173,112.2
4408,5.77,13:32,172,111.5
4409,5.78,12:39,172,111.5
4410,5.78,12:18,172,111.5
4411,5.78,11:39,172,111.5
4412,5.78,11:33,172,111.5
4413,5.78,11:58,172,112.2
4414,5.78,11:58,172,112.2
4415,5.78,11:05,172,112.2
4416,5.79,11:10,171,112.2
4417,5.79,10:48,171,112.2
4418,5.79,10:38,171,112.2
4419,5.79,11:21,172,111.5
4420,5.79,11:52,173,111.5
4421,5.79,12:04,173,111.5
4422,5.79,13:16,172,111.5
4423,5.79,15:14,172,111.5
4424,5.8,14:44,171,111.5
4425,5.8,13:58,172,111.5
4426,5.8,13:58,171,111.5
4427,5.8,13:41,173,111.5
4428,5.8,12:25,173,111.5
4429,5.8,12:32,172,111.5
4430,5.8,13:16,172,111.5
4431,5.81,13:01,173,111.5
4432,5.81,12:53,172,111.5
4433,5.81,12:32,173,111.5
4434,5.81,12:25,173,110.9
4435,5.81,11:58,173,110.9
4436,5.81,12:11,172,111.5
4437,5.81,11:39,173,111.5
4438,5.81,12:11,173,111.5
4439,5.82,12:04,174,111.5
4440,5.82,12:32,174,111.5
4441,5.82,12:39,174,111.5
4442,5.82,12:39,174,111.5
4443,5.82,11:58,173,110.9
4444,5.82,11:52,173,110.9
4445,5.82,11:45,173,110.9
4446,5.83,11:45,173,110.9
4447,5.83,12:11,174,110.9
4448,5.83,12:53,174,110.9
4449,5.83,13:08,174,110.2
4450,5.83,12:53,174,110.9
4451,5.83,12:18,173,110.9
4452,5.83,11:52,173,110.9
4453,5.84,11:21,173,110.9
4454,5.84,11:45,174,110.9
4455,5.84,11:45,174,110.9
4456,5.84,12:32,175,110.9
4457,5.84,13:24,174,110.9
4458,5.84,13:16,174,110.2
4459,5.84,12:53,175,110.2
4460,5.84,13:24,175,110.2
4461,5.85,13:01,175,110.2
4462,5.85,12:32,175,110.2
4463,5.85,13:24,173,110.2
4464,5.85,12:39,174,110.2
4465,5.85,12:39,174,110.2
4466,5.85,13:01,174,110.2
4467,5.85,12:53,173,110.2
4468,5.85,12:25,173,110.2
4469,5.86,12:46,172,110.2
4470,5.86,12:39,174,110.2
4471,5.86,12:18,174,109.6
4472,5.86,12:39,173,109.6
4473,5.86,12:46,173,108.9
4474,5.86,13:16,172,108.9
4475,5.86,13:16,173,108.3
4476,5.87,13:01,173,108.3
4477,5.87,13:08,173,108.3
4478,5.87,13:32,173,108.3
4479,5.87,13:58,172,108.3
4480,5.87,14:16,172,108.3
4481,5.87,14:25,173,108.3
4482,5.87,14:07,174,107.6
4483,5.87,13:49,174,107.6
4484,5.87,13:08,174,107.0
4485,5.88,12:39,174,107.0
4486,5.88,12:32,174,106.3
4487,5.88,12:46,174,106.3
4488,5.88,12:25,175,106.3
4489,5.88,11:39,176,106.3
4490,5.88,11:27,174,106.3
4491,5.89,11:10,174,106.3
4492,5.89,10:23,174,107.0
4493,5.89,10:14,175,107.0
4494,5.89,10:48,175,107.0
4495,5.89,10:54,174,107.0
4496,5.89,11:33,174,107.0
4497,5.89,12:18,175,107.0
4498,5.9,12:46,175,107.0
4499,5.9,13:16,174,107.0
4500,5.9,13:41,174,107.0
4501,5.9,13:16,173,107.0
4502,5.9,13:08,173,107.0
4503,5.9,13:49,174,107.0
4504,5.9,14:07,174,107.0
4505,5.9,13:58,175,107.0
4506,5.9,14:25,174,106.3
4507,5.91,14:25,176,106.3
4508,5.91,13:01,175,106.3
4509,5.91,11:52,176,106.3
4510,5.91,11:33,177,106.3
4511,5.91,10:59,177,106.3
4512,5.91,11:05,177,106.3
4513,5.91,11:45,176,105.6
4514,5.92,11:52,175,105.6
4515,5.92,12:39,175,105.0
4516,5.92,13:32,176,105.0
4517,5.92,13:16,176,104.3
4518,5.92,13:01,175,104.3
4519,5.92,13:16,174,103.7
4520,5.92,12:18,174,103.7
4521,5.93,12:04,176,103.7
4522,5.93,12:04,176,103.7
4523,5.93,12:11,175,103.0
4524,5.93,12:32,175,103.0
4525,5.93,13:01,176,102.4
4526,5.93,12:32,176,102.4
4527,5.93,12:18,176,101.7
4528,5.93,11:52,175,101.7
4529,5.94,11:33,175,101.0
4530,5.94,11:21,175,100.4
4531,5.94,11:39,175,100.4
4532,5.94,12:39,175,100.4
4533,5.94,12:32,176,99.7
4534,5.94,12:39,174,99.7
4535,5.94,13:01,175,99.7
4536,5.95,13:16,174,99.1
4537,5.95,13:41,174,99.1
4538,5.95,15:24,175,99.1
4539,5.95,16:09,175,99.1
4540,5.95,16:33,174,99.1
4541,5.95,15:35,174,98.4
4542,5.95,14:07,174,98.4
4543,5.95,13:08,174,98.4
4544,5.95,12:11,175,98.4
4545,5.96,11:27,174,98.4
4546,5.96,11:10,173,98.4
4547,5.96,10:28,175,97.8
4548,5.96,10:18,175,97.8
4549,5.96,10:28,175,97.8
4550,5.96,10:59,174,97.8
4551,5.96,11:58,174,97.1
4552,5.97,13:58,175,97.1
4553,5.97,15:04,175,97.8
4554,5.97,14:44,173,97.8
4555,5.97,13:41,173,98.4
4556,5.97,12:11,175,98.4
4557,5.97,11:16,174,99.1
4558,5.97,10:48,173,99.7
4559,5.98,10:43,173,99.7
4560,5.98,11:10,174,100.4
4561,5.98,11:52,174,100.4
4562,5.98,11:33,173,101.0
4563,5.98,11:21,174,101.0
4564,5.98,11:58,174,101.7
4565,5.98,11:39,173,101.7
4566,5.99,11:45,175,101.7
4567,5.99,12:53,175,101.7
4568,5.99,13:24,175,101.7
4569,5.99,13:49,174,101.7
4570,5.99,14:34,175,101.7
4571,5.99,14:25,175,101.7
4572,5.99,13:58,175,101.7
4573,5.99,14:34,175,101.7
4574,6.0,13:32,176,101.7
4575,6.0,12:46,176,101.7
4576,6.0,13:16,175,101.7
4577,6.0,13:01,176,101.7
4578,6.0,12:32,176,101.7
4579,6.0,13:08,176,101.7
4580,6.0,13:24,175,101.7
4581,6.0,13:49,175,101.7
4582,6.01,14:07,175,101.0
4583,6.01,13:49,176,101.0
4584,6.01,13:32,175,101.0
4585,6.01,14:16,175,100.4
4586,6.01,13:01,176,100.4
4587,6.01,12:53,176,100.4
4588,6.01,13:16,175,100.4
4589,6.01,13:24,174,100.4
4590,6.02,12:46,175,100.4
4591,6.02,12:46,175,100.4
4592,6.02,12:25,175,100.4
4593,6.02,12:18,174,99.7
4594,6.02,12:04,173,99.7
4595,6.02,12:18,174,99.7
4596,6.02,13:01,175,100.4
4597,6.02,12:39,175,100.4
4598,6.03,12:18,173,100.4
4599,6.03,12:18,173,100.4
4600,6.03,11:52,175,101.0
4601,6.03,11:27,175,101.0
4602,6.03,11:16,175,101.0
4603,6.03,11:16,175,100.4
4604,6.03,11:21,176,100.4
4605,6.04,11:58,177,100.4
4606,6.04,12:39,177,100.4
4607,6.04,13:41,176,100.4
4608,6.04,13:24,175,100.4
4609,6.04,13:49,177,100.4
4610,6.04,14:07,177,99.7
4611,6.04,13:16,177,99.7
4612,6.04,13:01,177,99.7
4613,6.05,13:24,177,100.4
4614,6.05,12:46,178,100.4
4615,6.05,12:04,178,100.4
4616,6.05,12:04,177,100.4
4617,6.05,12:11,177,100.4
4618,6.05,12:18,177,100.4
4619,6.05,12:32,177,101.0
4620,6.06,12:46,177,101.0
4621,6.06,12:53,177,101.0
4622,6.06,13:16,177,101.0
4623,6.06,13:08,177,101.0
4624,6.06,13:16,177,101.0
4625,6.06,13:08,176,101.0
4626,6.06,13:58,175,101.0
4627,6.06,14:16,175,101.7
4628,6.06,16:33,176,101.7
4629,6.07,16:45,177,102.4
4630,6.07,17:52,175,102.4
4631,6.07,16:21,176,103.0
4632,6.07,15:46,177,103.7
4633,6.07,14:07,176,104.3
4634,6.07,14:34,175,105.0
4635,6.07,14:54,178,105.0
4636,6.07,16:33,177,105.6
4637,6.07,17:38,177,106.3
4638,6.07,17:52,179,107.0
4639,6.08,16:58,178,107.0
4640,6.08,16:33,177,107.0
4641,6.08,15:35,178,107.6
4642,6.08,14:25,178,107.0
4643,6.08,14:07,177,107.0
4644,6.08,14:16,177,106.3
4645,6.08,14:25,178,106.3
4646,6.08,13:58,178,105.6
4647,6.09,14:07,178,105.0
4648,6.09,13:16,178,103.7
4649,6.09,12:32,179,103.0
4650,6.09,11:33,178,102.4
4651,6.09,11:58,177,101.7
4652,6.09,11:52,177,101.0
4653,6.09,11:58,177,101.0
4654,6.1,12:04,178,100.4
4655,6.1,11:45,178,99.7
4656,6.1,10:59,179,99.1
4657,6.1,10:23,178,98.4
4658,6.1,10:09,178,98.4
4659,6.1,10:05,178,97.8
4660,6.11,10:05,178,97.1
4661,6.11,10:28,179,97.1
4662,6.11,11:05,179,96.5
4663,6.11,11:27,177,96.5
4664,6.11,11:58,178,96.5
4665,6.11,12:39,179,96.5
4666,6.11,12:18,178,96.5
4667,6.11,12:04,177,97.1
4668,6.12,12:11,179,97.1
4669,6.12,12:04,178,97.8
4670,6.12,12:04,177,97.8
4671,6.12,12:32,178,97.8
4672,6.12,12:11,178,97.8
4673,6.12,12:32,178,98.4
4674,6.12,12:39,179,98.4
4675,6.13,12:32,178,98.4
4676,6.13,12:32,178,99.1
4677,6.13,12:46,180,99.7
4678,6.13,12:32,179,99.7
4679,6.13,12:11,179,100.4
4680,6.13,12:39,179,100.4
4681,6.13,12:46,179,100.4
4682,6.13,13:16,180,100.4
4683,6.14,13:24,179,100.4
4684,6.14,13:49,180,100.4
4685,6.14,13:08,179,100.4
4686,6.14,12:25,180,100.4
4687,6.14,12:11,180,100.4
4688,6.14,11:33,179,100.4
4689,6.14,11:27,178,100.4
4690,6.15,11:58,179,100.4
4691,6.15,11:52,178,99.7
4692,6.15,11:52,177,99.7
4693,6.15,12:39,176,99.7
4694,6.15,13:08,177,99.7
4695,6.15,13:08,175,99.1
4696,6.15,14:16,172,99.1
4697,6.15,14:16,170,99.1
4698,6.16,13:41,163,99.1
4699,6.16,11:58,159,98.4
4700,6.16,11:33,159,98.4
4701,6.16,11:27,163,98.4
4702,6.16,11:58,163,99.1
4703,6.16,12:11,163,99.1
4704,6.16,13:32,163,99.1
4705,6.17,13:32,159,99.1
4706,6.17,12:39,156,99.1
4707,6.17,12:39,152,99.1
4708,6.17,12:32,159,99.7
4709,6.17,12:11,162,99.7
4710,6.17,11:52,166,100.4
4711,6.17,11:45,168,100.4
4712,6.17,11:39,168,100.4
4713,6.18,12:04,170,100.4
4714,6.18,12:25,172,100.4
4715,6.18,11:58,172,100.4
4716,6.18,12:39,172,100.4
4717,6.18,12:32,173,100.4
4718,6.18,11:58,176,100.4
4719,6.18,12:25,176,100.4
4720,6.18,14:25,176,100.4
4721,6.19,13:58,176,100.4
4722,6.19,13:49,177,100.4
4723,6.19,14:25,177,100.4
4724,6.19,12:32,177,100.4
4725,6.19,12:25,179,99.7
4726,6.19,12:46,178,99.7
4727,6.19,12:39,178,99.7
4728,6.2,12:25,180,99.7
4729,6.2,14:07,179,99.7
4730,6.2,13:24,178,99.7
4731,6.2,13:16,178,99.7
4732,6.2,13:24,179,100.4
4733,6.2,12:11,178,100.4
4734,6.2,11:21,178,100.4
4735,6.21,10:54,177,100.4
4736,6.21,10:14,179,100.4
4737,6.21,10:09,177,100.4
4738,6.21,10:54,177,100.4
4739,6.21,11:21,177,99.7
4740,6.21,11:27,176,99.7
4741,6.21,11:58,177,99.7
4742,6.22,11:39,178,99.1
4743,6.22,11:33,178,99.1
4744,6.22,11:58,177,99.1
4745,6.22,12:39,177,99.1
4746,6.22,13:16,177,99.1
4747,6.22,14:25,177,99.1
4748,6.22,15:35,178,99.1
4749,6.22,14:44,176,99.1
4750,6.22,15:14,176,99.1
4751,6.23,14:25,178,99.1
4752,6.23,13:49,178,99.1
4753,6.23,13:16,177,99.7
4754,6.23,13:16,177,99.1
4755,6.23,13:01,178,99.7
4756,6.23,13:24,177,99.7
4757,6.23,13:41,177,99.7
4758,6.23,14:16,177,99.1
4759,6.24,15:24,177,99.1
4760,6.24,15:14,176,99.1
4761,6.24,16:09,174,99.1
4762,6.24,16:09,174,99.1
4763,6.24,15:24,175,99.1
4764,6.24,14:07,176,99.1
4765,6.24,13:41,176,99.1
4766,6.24,13:01,175,99.1
4767,6.25,12:39,174,99.1
4768,6.25,11:58,174,99.1
4769,6.25,11:45,176,99.1
4770,6.25,11:39,176,99.1
4771,6.25,10:43,175,99.1
4772,6.25,10:38,175,99.1
4773,6.25,10:48,174,98.4
4774,6.26,10:38,176,99.1
4775,6.26,10:23,176,99.1
4776,6.26,11:05,176,99.1
4777,6.26,10:43,175,99.1
4778,6.26,11:27,176,99.1
4779,6.26,12:46,176,99.1
4780,6.26,14:07,175,99.1
4781,6.26,15:57,175,99.1
4782,6.27,17:38,176,99.1
4783,6.27,16:09,176,99.1
4784,6.27,15:04,176,99.1
4785,6.27,14:34,176,99.1
4786,6.27,13:08,176,99.1
4787,6.27,13:24,175,99.1
4788,6.27,13:49,175,99.1
4789,6.27,13:16,175,99.1
4790,6.28,13:08,177,99.1
4791,6.28,12:18,175,99.1
4792,6.28,11:16,175,99.1
4793,6.28,11:33,177,99.1
4794,6.28,11:58,176,99.1
4795,6.28,11:45,175,99.1
4796,6.28,12:39,176,99.1
4797,6.29,13:16,176,99.1
4798,6.29,11:58,175,99.1
4799,6.29,12:18,175,99.1
4800,6.29,12:11,175,99.1
4801,6.29,12:32,175,99.1
4802,6.29,12:53,175,99.7
4803,6.29,13:49,175,99.7
4804,6.29,12:46,176,99.7
4805,6.3,13:24,176,100.4
4806,6.3,13:49,174,100.4
4807,6.3,13:58,176,100.4
4808,6.3,14:25,177,100.4
4809,6.3,16:09,176,100.4
4810,6.3,15:35,176,100.4
4811,6.3,14:16,176,100.4
4812,6.3,14:34,177,100.4
4813,6.3,14:16,177,100.4
4814,6.31,12:32,177,100.4
4815,6.31,12:25,178,100.4
4816,6.31,13:24,177,100.4
4817,6.31,12:53,178,100.4
4818,6.31,12:53,178,99.7
4819,6.31,13:32,178,99.7
4820,6.31,13:24,178,99.7
4821,6.32,12:32,177,99.7
4822,6.32,12:11,178,99.1
4823,6.32,12:11,178,99.1
4824,6.32,12:32,178,99.1
4825,6.32,12:32,179,99.1
4826,6.32,12:46,178,99.1
4827,6.32,12:46,179,99.1
4828,6.32,12:25,180,99.7
4829,6.33,11:52,179,99.7
4830,6.33,12:11,178,99.7
4831,6.33,12:11,178,99.7
4832,6.33,12:18,178,100.4
4833,6.33,12:32,177,100.4
4834,6.33,13:01,180,100.4
4835,6.33,12:53,180,100.4
4836,6.34,12:39,179,100.4
4837,6.34,12:39,179,101.0
4838,6.34,13:24,180,101.0
4839,6.34,14:16,179,101.0
4840,6.34,14:44,178,101.7
4841,6.34,16:45,179,101.7
4842,6.34,18:07,178,101.7
4843,6.34,17:11,178,101.7
4844,6.34,16:21,180,101.0
4845,6.35,15:46,179,101.0
4846,6.35,14:34,179,101.0
4847,6.35,13:32,180,101.0
4848,6.35,13:32,178,100.4
4849,6.35,12:53,177,100.4
4850,6.35,12:46,178,100.4
4851,6.35,12:25,179,100.4
4852,6.35,12:39,176,100.4
4853,6.36,12:25,177,100.4
4854,6.36,12:18,178,100.4
4855,6.36,12:46,176,99.7
4856,6.36,13:32,176,99.7
4857,6.36,13:49,177,99.7
4858,6.36,14:16,177,99.7
4859,6.36,15:04,176,99.7
4860,6.36,15:14,177,99.1
4861,6.36,14:25,177,99.1
4862,6.37,14:07,176,99.1
4863,6.37,14:07,176,99.1
4864,6.37,14:25,177,99.1
4865,6.37,13:24,177,99.1
4866,6.37,12:39,177,98.4
4867,6.37,11:52,177,98.4
4868,6.38,10:43,177,98.4
4869,6.38,10:14,177,98.4
4870,6.38,9:56,176,97.8
4871,6.38,10:18,176,97.8
4872,6.38,10:23,178,97.8
4873,6.38,11:10,178,97.8
4874,6.38,11:16,177,97.8
4875,6.39,11:39,178,97.8
4876,6.39,11:39,178,97.8
4877,6.39,12:11,178,97.8
4878,6.39,11:58,178,97.8
4879,6.39,11:58,179,97.8
4880,6.39,11:58,176,97.8
4881,6.39,11:39,176,97.8
4882,6.4,11:16,176,97.1
4883,6.4,11:16,176,97.1
4884,6.4,11:16,177,97.8
4885,6.4,11:27,176,97.8
4886,6.4,11:52,178,97.8
4887,6.4,11:58,176,97.8
4888,6.4,11:33,176,97.8
4889,6.41,11:21,175,97.1
4890,6.41,10:59,176,97.1
4891,6.41,10:48,176,96.5
4892,6.41,11:21,177,96.5
4893,6.41,12:53,176,96.5
4894,6.41,12:53,176,96.5
4895,6.41,13:49,178,96.5
4896,6.41,14:34,178,96.5
4897,6.42,13:58,176,96.5
4898,6.42,13:01,177,96.5
4899,6.42,13:24,177,96.5
4900,6.42,12:46,177,96.5
4901,6.42,12:46,178,96.5
4902,6.42,12:18,178,96.5
4903,6.42,11:33,178,96.5
4904,6.43,11:10,178,96.5
4905,6.43,11:21,179,96.5
4906,6.43,10:48,178,96.5
4907,6.43,11:33,180,96.5
4908,6.43,11:33,178,96.5
4909,6.43,12:04,178,97.1
4910,6.43,11:45,179,97.1
4911,6.44,12:11,179,97.8
4912,6.44,12:18,178,97.8
4913,6.44,14:07,179,97.8
4914,6.44,17:11,179,97.8
4915,6.44,21:59,178,97.8
4916,6.44,20:57,179,97.8
4917,6.44,18:07,177,97.8
4918,6.44,15:46,179,97.8
4919,6.44,12:18,178,98.4
4920,6.45,10:48,178,98.4
4921,6.45,10:43,179,98.4
4922,6.45,11:27,178,99.1
4923,6.45,11:05,178,99.1
4924,6.45,11:45,180,99.7
4925,6.45,11:52,178,99.7
4926,6.45,11:16,179,99.7
4927,6.46,11:05,179,99.7
4928,6.46,11:39,178,99.7
4929,6.46,12:18,180,99.7
4930,6.46,11:39,179,99.7
4931,6.46,12:25,179,99.7
4932,6.46,13:24,181,99.7
4933,6.46,13:08,180,99.7
4934,6.46,12:32,181,99.7
4935,6.47,12:32,180,99.7
4936,6.47,12:11,179,99.1
4937,6.47,11:21,180,99.1
4938,6.47,11:52,180,99.1
4939,6.47,11:27,179,98.4
4940,6.47,12:11,179,98.4
4941,6.47,12:18,180,99.1
4942,6.48,12:32,179,99.1
4943,6.48,12:11,179,98.4
4944,6.48,12:39,179,98.4
4945,6.48,12:25,179,98.4
4946,6.48,12:32,178,98.4
4947,6.48,11:10,179,98.4
4948,6.48,11:05,180,98.4
4949,6.49,11:16,179,98.4
4950,6.49,11:16,178,98.4
4951,6.49,11:33,179,98.4
4952,6.49,12:25,178,97.8
4953,6.49,12:04,178,97.8
4954,6.49,11:52,180,97.8
4955,6.49,12:04,178,97.8
4956,6.5,11:39,179,97.8
4957,6.5,11:33,180,97.8
4958,6.5,11:45,179,97.8
4959,6.5,11:21,178,97.8
4960,6.5,11:10,179,97.8
4961,6.5,11:39,180,97.8
4962,6.5,11:45,179,97.8
4963,6.51,11:45,180,97.1
4964,6.51,11:58,180,97.1
4965,6.51,12:25,179,96.5
4966,6.51,12:04,181,96.5
4967,6.51,12:18,180,96.5
4968,6.51,12:18,181,96.5
4969,6.51,12:39,181,96.5
4970,6.52,12:25,181,96.5
4971,6.52,12:46,181,96.5
4972,6.52,12:46,181,96.5
4973,6.52,13:08,181,96.5
4974,6.52,12:25,182,96.5
4975,6.52,12:04,181,95.8
4976,6.52,12:04,181,95.8
4977,6.52,12:04,181,95.8
4978,6.53,11:52,182,95.8
4979,6.53,12:46,181,96.5
4980,6.53,13:16,181,96.5
4981,6.53,13:08,182,96.5
4982,6.53,13:32,181,97.1
4983,6.53,13:49,182,97.1
4984,6.53,13:41,181,97.1
4985,6.53,13:49,181,97.1
4986,6.54,13:08,181,97.1
4987,6.54,12:25,181,97.1
4988,6.54,11:52,181,97.8
4989,6.54,11:16,180,97.8
4990,6.54,11:10,180,97.8
4991,6.54,11:27,181,98.4
4992,6.54,11:58,180,98.4
4993,6.55,12:32,180,98.4
4994,6.55,13:01,180,98.4
4995,6.55,13:24,179,99.1
4996,6.55,13:32,180,99.1
4997,6.55,13:24,180,99.1
4998,6.55,14:07,180,99.1
4999,6.55,13:16,180,99.1
5000,6.55,12:18,180,99.1
5001,6.56,12:18,181,99.1
5002,6.56,11:39,181,99.7
5003,6.56,10:48,180,99.7
5004,6.56,10:54,181,100.4
5005,6.56,11:16,180,101.0
5006,6.56,11:05,180,101.0
5007,6.56,11:39,182,101.7
5008,6.57,11:45,180,102.4
5009,6.57,11:58,180,102.4
5010,6.57,11:45,181,102.4
5011,6.57,11:16,179,102.4
5012,6.57,10:54,181,103.0
5013,6.57,10:54,180,103.0
5014,6.58,11:16,180,102.4
5015,6.58,11:10,181,102.4
5016,6.58,11:33,180,102.4
5017,6.58,12:11,182,102.4
5018,6.58,12:11,181,102.4
5019,6.58,11:52,181,102.4
5020,6.58,11:58,182,102.4
5021,6.58,12:39,181,102.4
5022,6.59,12:11,182,102.4
5023,6.59,12:39,181,102.4
5024,6.59,12:04,182,102.4
5025,6.59,12:18,183,102.4
5026,6.59,12:18,181,102.4
5027,6.59,12:18,182,101.7
5028,6.59,12:32,182,101.7
5029,6.6,13:32,181,101.7
5030,6.6,13:08,182,101.7
5031,6.6,12:46,182,101.7
5032,6.6,13:24,180,101.7
5033,6.6,13:01,181,101.7
5034,6.6,12:25,181,101.7
5035,6.6,12:32,181,101.0
5036,6.6,12:32,180,101.0
5037,6.61,12:11,181,101.0
5038,6.61,12:11,181,101.0
5039,6.61,12:04,181,101.0
5040,6.61,12:18,180,101.0
5041,6.61,12:04,180,101.0
5042,6.61,12:18,181,101.0
5043,6.61,13:08,179,100.4
5044,6.61,14:44,181,100.4
5045,6.62,14:44,181,100.4
5046,6.62,15:46,179,100.4
5047,6.62,15:46,179,100.4
5048,6.62,13:58,180,100.4
5049,6.62,13:41,179,100.4
5050,6.62,14:16,179,100.4
5051,6.62,13:58,179,101.0
5052,6.62,14:07,180,101.0
5053,6.63,15:35,179,101.0
5054,6.63,14:16,179,101.0
5055,6.63,13:24,181,101.0
5056,6.63,13:49,180,101.0
5057,6.63,13:24,179,101.0
5058,6.63,13:01,180,101.0
5059,6.63,14:25,180,101.0
5060,6.63,15:24,180,101.0
5061,6.63,15:57,181,101.7
5062,6.64,16:33,180,101.7
5063,6.64,15:57,180,101.7
5064,6.64,14:44,180,101.7
5065,6.64,13:49,181,102.4
5066,6.64,12:04,180,102.4
5067,6.64,11:45,180,102.4
5068,6.64,12:04,180,102.4
5069,6.64,12:18,181,102.4
5070,6.65,12:53,180,102.4
5071,6.65,14:07,179,103.0
5072,6.65,14:07,180,103.0
5073,6.65,14:34,179,103.0
5074,6.65,14:44,181,103.0
5075,6.65,14:44,179,103.7
5076,6.65,14:34,179,103.7
5077,6.65,15:14,179,103.7
5078,6.65,15:04,178,103.7
5079,6.66,14:34,178,103.7
5080,6.66,14:07,178,103.7
5081,6.66,13:08,179,103.7
5082,6.66,11:39,178,103.0
5083,6.66,11:27,178,103.0
5084,6.66,11:05,179,103.0
5085,6.66,11:39,179,103.0
5086,6.67,12:25,179,102.4
5087,6.67,14:16,180,102.4
5088,6.67,14:44,180,102.4
5089,6.67,15:35,180,101.7
5090,6.67,14:16,180,101.0
5091,6.67,13:49,180,100.4
5092,6.67,12:46,180,99.7
5093,6.67,12:25,179,99.1
5094,6.68,12:25,180,99.1
5095,6.68,12:32,180,99.1
5096,6.68,12:18,179,99.1
5097,6.68,12:18,180,99.1
5098,6.68,11:52,180,99.1
5099,6.68,11:39,179,99.1
5100,6.68,11:21,180,99.1
5101,6.69,11:27,180,99.1
5102,6.69,11:39,178,99.1
5103,6.69,11:52,181,99.1
5104,6.69,12:18,180,98.4
5105,6.69,12:39,178,98.4
5106,6.69,13:01,180,98.4
5107,6.69,13:08,179,99.1
5108,6.69,13:16,179,98.4
5109,6.7,12:46,180,98.4
5110,6.7,13:16,181,98.4
5111,6.7,13:08,179,97.8
5112,6.7,13:24,179,97.1
5113,6.7,13:24,180,96.5
5114,6.7,13:16,179,95.8
5115,6.7,12:53,179,95.1
5116,6.7,13:08,180,95.1
5117,6.71,12:39,179,95.1
5118,6.71,12:46,178,95.1
5119,6.71,12:53,178,94.5
5120,6.71,12:46,179,94.5
5121,6.71,13:01,179,93.8
5122,6.71,12:53,178,93.2
5123,6.71,13:01,178,92.5
5124,6.72,13:24,178,92.5
5125,6.72,13:24,179,92.5
5126,6.72,13:16,177,92.5
5127,6.72,14:07,177,92.5
5128,6.72,13:58,177,92.5
5129,6.72,14:34,178,92.5
5130,6.72,15:04,178,91.9
5131,6.72,14:34,178,91.9
5132,6.72,14:16,178,91.9
5133,6.73,14:07,179,91.9
5134,6.73,13:32,177,91.2
5135,6.73,13:24,178,91.2
5136,6.73,13:41,179,91.9
5137,6.73,15:14,178,91.9
5138,6.73,16:21,178,92.5
5139,6.73,16:09,179,92.5
5140,6.73,15:14,179,92.5
5141,6.74,13:58,178,93.2
5142,6.74,12:53,180,93.2
5143,6.74,12:04,178,93.2
5144,6.74,11:10,179,93.2
5145,6.74,11:27,178,92.5
5146,6.74,11:52,178,92.5
5147,6.74,11:39,178,92.5
5148,6.75,11:05,177,91.9
5149,6.75,11:52,177,91.9
5150,6.75,12:04,177,91.2
5151,6.75,11:52,177,91.2
5152,6.75,11:45,178,90.6
5153,6.75,11:52,177,90.6
5154,6.75,12:04,178,90.6
5155,6.75,12:04,178,90.6
5156,6.76,12:53,177,89.9
5157,6.76,13:01,176,89.9
5158,6.76,14:34,177,89.2
5159,6.76,14:25,177,88.6
5160,6.76,14:07,178,88.6
5161,6.76,13:32,177,87.9
5162,6.76,12:53,177,87.9
5163,6.77,11:52,177,87.9
5164,6.77,11:58,178,87.9
5165,6.77,12:25,178,87.3
5166,6.77,13:01,177,87.3
5167,6.77,13:16,177,87.3
5168,6.77,12:39,178,86.6
5169,6.77,11:45,177,86.6
5170,6.77,10:59,177,86.6
5171,6.78,10:14,178,86.0
5172,6.78,10:14,177,86.0
5173,6.78,10:43,177,86.0
5174,6.78,10:48,177,86.0
5175,6.78,11:05,177,86.0
5176,6.78,11:10,177,86.0
5177,6.79,11:16,176,86.0
5178,6.79,11:39,176,86.0
5179,6.79,12:25,177,86.0
5180,6.79,12:18,175,86.0
5181,6.79,12:18,175,86.0
5182,6.79,12:25,175,86.0
5183,6.79,12:53,176,86.0
5184,6.79,12:46,176,85.3
5185,6.8,12:46,175,85.3
5186,6.8,12:53,176,85.3
5187,6.8,12:53,177,85.3
5188,6.8,12:18,176,84.6
5189,6.8,12:11,176,84.6
5190,6.8,12:25,176,84.6
5191,6.8,12:39,177,84.0
5192,6.81,12:46,176,84.0
5193,6.81,12:39,175,84.0
5194,6.81,12:39,176,84.0
5195,6.81,12:32,177,83.3
5196,6.81,12:39,177,83.3
5197,6.81,12:04,176,82.7
5198,6.81,12:18,176,82.7
5199,6.81,12:32,177,82.7
5200,6.82,12:46,176,82.7
5201,6.82,13:01,175,82.7
5202,6.82,13:01,175,83.3
5203,6.82,12:25,177,83.3
5204,6.82,12:11,176,82.7
5205,6.82,12:11,175,82.7
5206,6.82,12:04,175,82.7
5207,6.82,12:39,177,82.7
5208,6.83,12:25,177,82.0
5209,6.83,13:01,177,82.0
5210,6.83,13:49,176,82.0
5211,6.83,14:16,178,82.0
5212,6.83,14:07,177,82.0
5213,6.83,14:54,176,82.0
5214,6.83,13:01,176,82.0
5215,6.84,11:45,177,82.0
5216,6.84,11:45,177,82.0
5217,6.84,11:52,176,82.0
5218,6.84,12:18,177,82.0
5219,6.84,13:16,177,82.0
5220,6.84,13:01,175,81.4
5221,6.84,12:04,174,81.4
5222,6.84,12:11,176,81.4
5223,6.85,11:33,177,81.4
5224,6.85,11:52,175,81.4
5225,6.85,12:46,175,81.4
5226,6.85,12:46,176,81.4
5227,6.85,12:46,177,81.4
5228,6.85,13:01,176,81.4
5229,6.85,12:32,175,81.4
5230,6.86,12:25,177,81.4
5231,6.86,12:46,178,81.4
5232,6.86,11:39,177,81.4
5233,6.86,11:33,177,81.4
5234,6.86,11:39,178,81.4
5235,6.86,11:21,179,81.4
5236,6.86,11:45,178,81.4
5237,6.86,13:08,178,81.4
5238,6.87,13:41,179,81.4
5239,6.87,14:25,179,81.4
5240,6.87,14:54,178,81.4
5241,6.87,14:25,178,81.4
5242,6.87,14:34,179,81.4
5243,6.87,13:49,179,81.4
5244,6.87,12:46,181,81.4
5245,6.87,12:25,179,81.4
5246,6.88,12:39,178,81.4
5247,6.88,11:39,179,81.4
5248,6.88,11:58,176,80.7
5249,6.88,12:25,174,81.4
5250,6.88,12:46,172,81.4
5251,6.88,12:18,167,81.4
5252,6.88,13:24,162,81.4
5253,6.89,13:01,159,81.4
5254,6.89,12:53,158,81.4
5255,6.89,12:53,157,81.4
5256,6.89,12:46,149,80.7
5257,6.89,12:25,144,81.4
5258,6.89,12:53,141,81.4
5259,6.89,13:32,141,81.4
5260,6.89,14:34,139,81.4
5261,6.89,15:04,135,81.4
5262,6.9,14:16,132,81.4
5263,6.9,14:16,129,81.4
5264,6.9,13:58,135,81.4
5265,6.9,12:32,136,81.4
5266,6.9,12:04,135,82.0
5267,6.9,12:04,135,82.0
5268,6.9,11:27,134,81.4
5269,6.91,11:27,134,81.4
5270,6.91,12:04,134,81.4
5271,6.91,12:18,134,81.4
5272,6.91,12:53,135,81.4
5273,6.91,13:49,144,81.4
5274,6.91,13:24,135,81.4
5275,6.91,13:16,135,81.4
5276,6.91,14:07,135,81.4
5277,6.92,14:07,135,81.4
5278,6.92,14:16,135,81.4
5279,6.92,13:41,135,81.4
5280,6.92,13:24,135,81.4
5281,6.92,12:53,135,81.4
5282,6.92,12:46,135,81.4
5283,6.92,12:25,135,81.4
5284,6.92,13:16,135,81.4
5285,6.93,13:08,135,81.4
5286,6.93,12:53,135,81.4
5287,6.93,13:08,135,81.4
5288,6.93,13:32,135,81.4
5289,6.93,13:24,135,81.4
5290,6.93,14:44,135,81.4
5291,6.93,15:35,135,81.4
5292,6.93,14:44,135,81.4
5293,6.94,14:25,135,80.7
5294,6.94,14:16,136,80.7
5295,6.94,13:24,136,80.7
5296,6.94,13:08,137,81.4
5297,6.94,13:41,137,81.4
5298,6.94,13:08,138,81.4
5299,6.94,12:46,140,81.4
5300,6.94,12:39,142,81.4
5301,6.95,12:46,145,81.4
5302,6.95,12:39,148,81.4
5303,6.95,12:39,152,81.4
5304,6.95,12:18,157,81.4
5305,6.95,12:04,161,81.4
5306,6.95,11:39,165,80.7
5307,6.95,11:33,168,80.7
5308,6.96,12:04,171,80.7
5309,6.96,12:53,173,80.7
5310,6.96,13:01,173,80.7
5311,6.96,13:32,177,80.7
5312,6.96,14:16,178,80.7
5313,6.96,13:32,177,81.4
5314,6.96,13:01,178,81.4
5315,6.96,12:46,179,81.4
5316,6.97,12:04,179,81.4
5317,6.97,11:33,180,81.4
5318,6.97,11:45,181,81.4
5319,6.97,11:52,180,81.4
5320,6.97,12:18,180,80.7
5321,6.97,12:32,181,80.7
5322,6.97,12:18,179,80.7
5323,6.98,12:11,180,80.7
5324,6.98,12:11,181,80.7
5325,6.98,11:58,181,80.7
5326,6.98,12:25,179,81.4
5327,6.98,12:32,181,81.4
5328,6.98,12:32,180,80.7
5329,6.98,12:53,180,80.7
5330,6.98,13:01,181,80.7
5331,6.99,12:46,180,80.7
5332,6.99,13:08,180,80.7
5333,6.99,13:24,181,81.4
5334,6.99,13:32,180,81.4
5335,6.99,13:58,180,81.4
5336,6.99,14:25,180,81.4
5337,6.99,14:16,179,81.4
5338,6.99,14:54,179,82.0
5339,7.0,14:16,180,82.0
5340,7.0,13:58,180,82.0
5341,7.0,13:32,179,82.7
5342,7.0,13:08,181,82.7
5343,7.0,13:01,179,82.7
5344,7.0,13:16,180,82.7
5345,7.0,13:16,181,82.7
5346,7.0,13:16,179,82.7
5347,7.01,13:32,181,83.3
5348,7.01,12:25,180,83.3
5349,7.01,11:39,179,83.3
5350,7.01,12:11,181,83.3
5351,7.01,12:39,181,83.3
5352,7.01,12:53,180,83.3
5353,7.01,13:41,180,84.0
5354,7.01,15:04,181,84.0
5355,7.02,14:44,180,84.0
5356,7.02,14:34,181,84.0
5357,7.02,14:16,180,84.6
5358,7.02,13:41,180,84.6
5359,7.02,13:16,181,85.3
5360,7.02,13:01,179,85.3
5361,7.02,12:32,178,86.0
5362,7.02,12:53,179,86.0
5363,7.03,13:16,177,86.0
5364,7.03,13:58,177,86.6
5365,7.03,13:49,178,86.6
5366,7.03,14:34,178,86.6
5367,7.03,14:07,177,87.3
5368,7.03,14:34,177,87.3
5369,7.03,13:58,179,87.9
5370,7.03,14:16,178,88.6
5371,7.03,13:58,179,88.6
5372,7.04,14:25,180,89.2
5373,7.04,14:07,180,89.2
5374,7.04,14:07,181,89.9
5375,7.04,14:16,182,89.9
5376,7.04,14:16,181,90.6
5377,7.04,14:07,181,91.2
5378,7.04,14:25,182,91.2
5379,7.04,14:25,181,91.2
5380,7.04,14:25,182,91.2
5381,7.05,14:25,183,91.9
5382,7.05,14:25,181,91.9
5383,7.05,14:25,183,91.9
5384,7.05,14:25,182,91.9
5385,7.05,13:32,182,92.5
5386,7.05,13:01,183,92.5
5387,7.05,12:46,182,93.2
5388,7.06,11:45,182,93.2
5389,7.06,11:52,183,93.2
5390,7.06,11:58,182,93.8
5391,7.06,11:52,183,93.8
5392,7.06,11:45,181,93.8
5393,7.06,12:39,183,93.8
5394,7.06,13:01,183,94.5
5395,7.06,13:01,181,94.5
5396,7.07,13:32,183,94.5
5397,7.07,13:24,180,95.1
5398,7.07,13:01,182,95.1
5399,7.07,12:39,182,95.1
5400,7.07,13:01,181,95.8
5401,7.07,13:08,182,95.8
5402,7.07,13:16,182,95.8
5403,7.07,13:49,182,95.8
5404,7.08,14:07,182,95.8
5405,7.08,14:34,182,95.8
5406,7.08,14:07,181,95.8
5407,7.08,14:16,181,95.8
5408,7.08,14:07,182,96.5
5409,7.08,13:49,181,95.8
5410,7.08,13:16,182,95.8
5411,7.08,13:32,181,95.8
5412,7.09,13:16,182,95.8
5413,7.09,13:24,183,95.8
5414,7.09,13:08,182,95.8
5415,7.09,13:08,183,95.8
5416,7.09,13:32,182,95.8
5417,7.09,14:44,182,95.8
5418,7.09,15:04,183,95.8
5419,7.09,16:09,182,95.8
5420,7.09,16:45,182,95.1
5421,7.1,15:57,183,95.1
5422,7.1,15:35,182,95.1
5423,7.1,14:54,182,95.1
5424,7.1,13:58,181,94.5
5425,7.1,12:53,181,94.5
5426,7.1,12:46,182,94.5
5427,7.1,12:04,182,94.5
5428,7.1,12:11,181,94.5
5429,7.11,11:33,181,93.8
5430,7.11,11:33,182,93.8
5431,7.11,11:45,180,93.8
5432,7.11,11:58,182,93.8
5433,7.11,11:52,181,93.8
5434,7.11,12:25,182,93.2
5435,7.11,13:16,182,93.2
5436,7.12,13:08,181,92.5
5437,7.12,13:08,180,92.5
5438,7.12,13:32,180,92.5
5439,7.12,13:16,182,91.9
5440,7.12,13:01,180,91.9
5441,7.12,13:16,180,91.9
5442,7.12,13:01,181,91.9
5443,7.12,12:39,181,91.9
5444,7.13,12:39,179,91.2
5445,7.13,12:04,182,91.2
5446,7.13,11:39,181,91.2
5447,7.13,11:16,181,91.2
5448,7.13,11:10,183,91.2
5449,7.13,11:33,181,91.2
5450,7.13,11:52,181,91.2
5451,7.14,12:04,182,90.6
5452,7.14,13:08,181,90.6
5453,7.14,13:32,181,90.6
5454,7.14,13:32,181,90.6
5455,7.14,13:41,181,90.6
5456,7.14,13:08,181,90.6
5457,7.14,12:46,180,89.9
5458,7.14,12:32,181,89.9
5459,7.15,11:58,182,89.9
5460,7.15,11:33,182,89.2
5461,7.15,11:45,181,89.2
5462,7.15,11:58,180,89.2
5463,7.15,12:04,182,89.9
5464,7.15,12:04,181,89.9
5465,7.15,12:18,180,89.9
5466,7.16,12:11,182,89.9
5467,7.16,11:33,180,89.9
5468,7.16,10:59,180,89.9
5469,7.16,11:33,181,89.2
5470,7.16,11:10,181,89.2
5471,7.16,11:21,180,89.2
5472,7.16,11:39,179,89.2
5473,7.17,11:58,180,88.6
5474,7.17,11:33,181,88.6
5475,7.17,12:39,179,88.6
5476,7.17,12:39,180,88.6
5477,7.17,12:39,180,88.6
5478,7.17,12:32,180,88.6
5479,7.17,11:58,181,88.6
5480,7.18,12:04,181,88.6
5481,7.18,11:58,181,88.6
5482,7.18,12:46,180,87.9
5483,7.18,13:16,181,87.9
5484,7.18,15:04,181,87.9
5485,7.18,13:58,180,87.9
5486,7.18,13:32,182,87.3
5487,7.18,12:46,181,87.3
5488,7.19,12:11,180,87.3
5489,7.19,11:33,180,87.3
5490,7.19,11:58,179,87.3
5491,7.19,13:08,178,86.6
5492,7.19,12:32,178,86.6
5493,7.19,12:39,179,86.6
5494,7.19,12:25,180,86.0
5495,7.2,12:25,179,86.0
5496,7.2,11:39,179,86.0
5497,7.2,11:58,179,86.0
5498,7.2,11:58,180,85.3
5499,7.2,12:18,178,85.3
5500,7.2,12:04,179,85.3
5501,7.2,12:18,179,85.3
5502,7.2,12:46,178,86.0
5503,7.21,12:32,177,86.0
5504,7.21,12:53,179,86.6
5505,7.21,13:01,178,86.6
5506,7.21,12:32,177,86.6
5507,7.21,11:45,178,86.6
5508,7.21,11:27,178,86.6
5509,7.21,10:33,178,86.6
5510,7.22,10:48,179,86.0
5511,7.22,11:16,179,86.0
5512,7.22,11:27,178,86.0
5513,7.22,12:11,179,85.3
5514,7.22,12:53,179,85.3
5515,7.22,12:46,178,85.3
5516,7.22,13:01,177,85.3
5517,7.22,13:58,179,85.3
5518,7.23,14:25,178,85.3
5519,7.23,14:44,178,85.3
5520,7.23,14:44,178,85.3
5521,7.23,13:41,178,84.6
5522,7.23,12:46,177,84.6
5523,7.23,12:25,178,84.6
5524,7.23,12:11,177,84.0
5525,7.24,11:39,177,84.0
5526,7.24,12:04,177,83.3
5527,7.24,12:46,177,83.3
5528,7.24,12:39,176,83.3
5529,7.24,13:24,176,83.3
5530,7.24,13:58,177,83.3
5531,7.24,13:41,175,83.3
5532,7.24,13:58,175,83.3
5533,7.25,14:07,176,83.3
5534,7.25,13:58,176,83.3
5535,7.25,13:41,176,82.7
5536,7.25,13:49,176,82.7
5537,7.25,13:01,178,82.7
5538,7.25,13:01,178,82.0
5539,7.25,12:18,177,82.0
5540,7.25,12:11,177,82.0
5541,7.26,12:18,177,82.0
5542,7.26,12:04,176,82.0
5543,7.26,11:45,176,82.0
5544,7.26,12:04,177,82.0
5545,7.26,12:11,177,82.0
5546,7.26,11:45,176,82.0
5547,7.26,12:11,175,82.0
5548,7.27,12:39,176,81.4
5549,7.27,12:46,176,81.4
5550,7.27,12:32,176,81.4
5551,7.27,14:07,177,81.4
5552,7.27,16:33,177,81.4
5553,7.27,18:07,176,81.4
5554,7.27,20:19,176,82.0
5555,7.27,22:21,177,82.0
5556,7.27,19:09,177,82.0
5557,7.27,15:04,176,82.0
5558,7.28,13:41,178,82.0
5559,7.28,12:32,177,82.0
5560,7.28,11:58,176,82.0
5561,7.28,11:52,178,82.0
5562,7.28,11:16,177,82.0
5563,7.28,10:59,178,82.0
5564,7.28,10:38,178,82.0
5565,7.29,10:33,178,82.0
5566,7.29,10:28,177,82.0
5567,7.29,11:10,178,82.0
5568,7.29,11:27,178,82.0
5569,7.29,11:45,177,82.0
5570,7.29,11:05,179,82.0
5571,7.3,11:21,177,82.0
5572,7.3,11:52,178,82.0
5573,7.3,12:11,178,82.0
5574,7.3,12:11,178,82.0
5575,7.3,13:16,177,82.0
5576,7.3,12:46,177,82.0
5577,7.3,12:39,178,82.0
5578,7.3,13:01,178,82.0
5579,7.31,13:16,178,82.0
5580,7.31,13:32,177,82.0
5581,7.31,15:24,179,82.0
5582,7.31,15:04,178,82.7
5583,7.31,13:41,178,82.7
5584,7.31,13:49,177,82.7
5585,7.31,13:41,177,82.7
5586,7.31,13:08,178,83.3
5587,7.32,12:18,178,83.3
5588,7.32,12:18,177,83.3
5589,7.32,12:11,179,83.3
5590,7.32,11:58,178,83.3
5591,7.32,12:25,178,83.3
5592,7.32,13:58,178,83.3
5593,7.32,14:25,180,83.3
5594,7.32,13:49,179,83.3
5595,7.33,14:07,178,83.3
5596,7.33,13:08,180,83.3
5597,7.33,12:32,180,83.3
5598,7.33,11:27,179,83.3
5599,7.33,11:27,182,83.3
5600,7.33,10:48,181,83.3
5601,7.33,11:05,181,83.3
5602,7.34,10:59,181,83.3
5603,7.34,11:33,180,83.3
5604,7.34,12:18,181,83.3
5605,7.34,12:46,182,83.3
5606,7.34,12:11,180,83.3
5607,7.34,12:04,181,83.3
5608,7.34,11:52,182,83.3
5609,7.35,11:10,182,83.3
5610,7.35,11:39,181,83.3
5611,7.35,11:39,182,84.0
5612,7.35,11:52,181,84.0
5613,7.35,12:39,181,84.0
5614,7.35,13:01,182,84.0
5615,7.35,12:39,182,84.0
5616,7.35,12:46,181,84.0
5617,7.36,12:25,181,84.0
5618,7.36,12:18,183,84.0
5619,7.36,12:11,180,84.0
5620,7.36,11:58,181,83.3
5621,7.36,11:58,182,83.3
5622,7.36,11:33,182,83.3
5623,7.36,11:27,181,83.3
5624,7.37,11:27,182,83.3
5625,7.37,11:27,180,83.3
5626,7.37,11:33,181,83.3
5627,7.37,12:04,181,83.3
5628,7.37,12:46,182,83.3
5629,7.37,12:32,181,83.3
5630,7.37,13:01,180,83.3
5631,7.38,12:25,181,83.3
5632,7.38,12:39,181,83.3
5633,7.38,12:11,181,83.3
5634,7.38,12:25,181,83.3
5635,7.38,12:53,181,83.3
5636,7.38,13:58,180,83.3
5637,7.38,13:58,181,82.7
5638,7.38,13:49,181,82.7
5639,7.39,13:32,180,82.7
5640,7.39,12:53,179,82.7
5641,7.39,12:46,181,82.7
5642,7.39,12:39,181,82.7
5643,7.39,13:08,180,82.7
5644,7.39,13:08,180,82.7
5645,7.39,12:46,181,82.7
5646,7.39,11:58,180,82.7
5647,7.4,12:11,181,82.7
5648,7.4,12:04,182,82.0
5649,7.4,12:11,181,82.0
5650,7.4,12:39,180,82.0
5651,7.4,13:16,181,82.0
5652,7.4,12:46,180,82.0
5653,7.4,12:04,180,82.0
5654,7.41,11:58,182,82.0
5655,7.41,11:52,180,82.0
5656,7.41,11:52,180,82.0
5657,7.41,12:11,181,82.0
5658,7.41,12:25,180,82.0
5659,7.41,12:18,179,82.0
5660,7.41,12:18,181,82.0
5661,7.41,12:25,180,82.0
5662,7.42,12:39,179,82.0
5663,7.42,12:46,181,82.0
5664,7.42,13:16,180,82.0
5665,7.42,12:39,180,82.0
5666,7.42,12:32,181,82.0
5667,7.42,12:18,180,82.0
5668,7.42,12:11,179,82.0
5669,7.43,11:33,179,82.0
5670,7.43,11:45,180,82.0
5671,7.43,11:27,180,81.4
5672,7.43,11:33,180,81.4
5673,7.43,11:52,179,82.0
5674,7.43,12:25,180,81.4
5675,7.43,12:39,179,81.4
5676,7.44,13:24,180,81.4
5677,7.44,13:32,180,81.4
5678,7.44,13:41,178,81.4
5679,7.44,13:49,179,80.7
5680,7.44,13:16,181,80.7
5681,7.44,13:01,179,80.7
5682,7.44,11:58,178,80.7
5683,7.44,11:16,179,80.7
5684,7.45,10:48,178,80.7
5685,7.45,11:05,178,80.7
5686,7.45,10:33,178,80.7
5687,7.45,11:45,177,80.7
5688,7.45,12:04,178,81.4
5689,7.45,12:18,178,81.4
5690,7.45,12:18,178,80.7
5691,7.46,12:39,177,80.7
5692,7.46,11:45,179,80.7
5693,7.46,11:33,181,80.7
5694,7.46,11:39,180,80.7
5695,7.46,11:45,178,80.7
5696,7.46,11:39,177,80.7
5697,7.46,11:45,176,80.7
5698,7.47,11:58,176,80.7
5699,7.47,11:58,176,80.7
5700,7.47,12:04,177,80.7
5701,7.47,13:01,177,80.7
5702,7.47,13:24,176,80.7
5703,7.47,14:16,177,81.4
5704,7.47,14:16,178,81.4
5705,7.47,14:07,177,81.4
5706,7.48,13:49,177,80.7
5707,7.48,12:32,179,80.7
5708,7.48,11:33,179,80.7
5709,7.48,11:45,178,80.1
5710,7.48,11:45,178,80.7
5711,7.48,11:39,178,80.7
5712,7.48,12:46,180,80.7
5713,7.49,12:46,178,80.1
5714,7.49,12:18,178,80.1
5715,7.49,12:39,180,80.1
5716,7.49,12:32,181,80.1
5717,7.49,12:25,178,80.1
5718,7.49,12:39,180,80.1
5719,7.49,12:25,179,80.1
5720,7.5,11:39,180,80.1
5721,7.5,11:52,180,80.1
5722,7.5,11:33,180,80.1
5723,7.5,11:52,180,80.1
5724,7.5,12:46,180,80.1
5725,7.5,13:01,181,80.1
5726,7.5,12:11,180,80.7
5727,7.5,12:39,180,80.7
5728,7.51,12:46,180,80.7
5729,7.51,12:18,180,80.7
5730,7.51,12:46,180,80.7
5731,7.51,13:01,181,80.1
5732,7.51,13:16,181,80.1
5733,7.51,13:24,179,80.1
5734,7.51,13:01,179,80.1
5735,7.51,12:25,180,80.1
5736,7.52,12:18,181,80.1
5737,7.52,11:33,180,80.1
5738,7.52,10:54,180,80.7
5739,7.52,11:05,181,80.7
5740,7.52,11:21,180,80.7
5741,7.52,11:10,181,81.4
5742,7.53,11:05,181,81.4
5743,7.53,11:39,180,81.4
5744,7.53,11:52,181,81.4
5745,7.53,11:27,182,81.4
5746,7.53,11:27,180,81.4
5747,7.53,11:39,180,81.4
5748,7.53,11:39,182,81.4
5749,7.53,11:45,180,81.4
5750,7.54,12:18,180,81.4
5751,7.54,13:01,181,80.7
5752,7.54,13:41,180,80.7
5753,7.54,13:41,179,80.1
5754,7.54,13:41,179,80.1
5755,7.54,13:49,179,79.4
5756,7.54,13:32,179,79.4
5757,7.54,13:08,180,78.7
5758,7.55,12:32,180,78.7
5759,7.55,12:53,179,78.1
5760,7.55,12:32,179,78.1
5761,7.55,12:39,180,78.1
5762,7.55,11:58,180,78.1
5763,7.55,11:52,179,77.4
5764,7.55,11:45,179,77.4
5765,7.56,11:45,180,77.4
5766,7.56,11:21,182,77.4
5767,7.56,12:18,183,77.4
5768,7.56,13:08,182,78.1
5769,7.56,12:53,181,78.1
5770,7.56,13:16,180,78.1
5771,7.56,14:34,179,78.1
5772,7.56,14:07,181,78.1
5773,7.57,13:41,180,78.1
5774,7.57,13:49,178,78.1
5775,7.57,13:08,180,78.1
5776,7.57,12:25,179,78.1
5777,7.57,12:18,179,78.1
5778,7.57,11:58,180,78.1
5779,7.57,11:33,180,78.1
5780,7.58,11:45,180,78.1
5781,7.58,12:04,180,78.1
5782,7.58,11:52,180,78.1
5783,7.58,11:39,178,78.1
5784,7.58,11:45,180,78.1
5785,7.58,11:21,179,78.1
5786,7.58,11:10,179,78.1
5787,7.59,11:21,179,78.1
5788,7.59,12:11,179,78.1
5789,7.59,12:04,178,78.1
5790,7.59,12:25,178,78.1
5791,7.59,12:25,180,78.1
5792,7.59,12:11,179,78.1
5793,7.59,11:39,179,77.4
5794,7.6,11:21,180,77.4
5795,7.6,11:10,180,77.4
5796,7.6,10:59,179,77.4
5797,7.6,11:16,179,76.8
5798,7.6,11:21,179,76.8
5799,7.6,12:04,180,76.1
5800,7.6,12:39,179,76.1
5801,7.61,12:32,180,76.1
5802,7.61,12:32,178,75.5
5803,7.61,12:39,179,75.5
5804,7.61,12:18,180,75.5
5805,7.61,12:04,180,75.5
5806,7.61,12:11,181,75.5
5807,7.61,12:04,180,74.8
5808,7.61,12:25,181,74.8
5809,7.62,12:25,181,74.8
5810,7.62,13:08,181,74.8
5811,7.62,13:41,180,74.8
5812,7.62,13:24,180,74.8
5813,7.62,13:16,180,74.8
5814,7.62,13:08,180,74.8
5815,7.62,11:58,181,74.8
5816,7.63,11:39,180,74.8
5817,7.63,12:25,180,74.8
5818,7.63,12:04,180,74.8
5819,7.63,12:11,181,75.5
5820,7.63,13:49,181,75.5
5821,7.63,13:41,181,75.5
5822,7.63,12:53,181,76.1
5823,7.63,13:08,181,76.1
5824,7.64,12:53,181,76.1
5825,7.64,12:04,181,76.8
5826,7.64,12:18,182,76.8
5827,7.64,12:25,181,76.8
5828,7.64,12:25,181,77.4
5829,7.64,12:53,181,77.4
5830,7.64,12:39,180,77.4
5831,7.64,12:32,180,77.4
5832,7.65,12:46,182,78.1
5833,7.65,12:46,180,78.1
5834,7.65,12:32,182,78.1
5835,7.65,12:18,181,78.1
5836,7.65,12:25,181,78.1
5837,7.65,11:45,182,78.1
5838,7.65,11:58,181,77.4
5839,7.66,12:18,182,77.4
5840,7.66,12:53,182,77.4
5841,7.66,13:08,182,77.4
5842,7.66,14:07,180,77.4
5843,7.66,13:58,182,77.4
5844,7.66,13:32,181,77.4
5845,7.66,13:24,180,77.4
5846,7.66,13:01,182,77.4
5847,7.67,12:46,180,77.4
5848,7.67,12:11,181,77.4
5849,7.67,12:39,181,77.4
5850,7.67,13:01,180,77.4
5851,7.67,13:41,180,77.4
5852,7.67,13:49,181,77.4
5853,7.67,14:07,180,77.4
5854,7.67,13:16,181,77.4
5855,7.68,12:18,182,77.4
5856,7.68,11:39,182,77.4
5857,7.68,11:21,182,77.4
5858,7.68,11:21,181,77.4
5859,7.68,11:52,180,77.4
5860,7.68,11:58,182,77.4
5861,7.68,12:32,181,78.1
5862,7.69,13:08,181,78.1
5863,7.69,13:16,182,78.1
5864,7.69,12:53,182,78.1
5865,7.69,13:41,182,78.1
5866,7.69,13:16,182,78.1
5867,7.69,12:53,181,78.7
5868,7.69,13:08,182,78.7
5869,7.69,12:53,182,78.7
5870,7.7,11:52,182,79.4
5871,7.7,11:27,183,78.7
5872,7.7,10:38,182,78.1
5873,7.7,10:23,181,78.1
5874,7.7,10:23,180,76.8
5875,7.7,11:05,181,76.1
5876,7.71,11:10,180,75.5
5877,7.71,12:11,179,74.8
5878,7.71,12:25,179,74.1
5879,7.71,12:32,180,73.5
5880,7.71,11:58,181,73.5
5881,7.71,12:04,180,72.8
5882,7.71,11:39,180,72.2
5883,7.72,10:59,181,72.2
5884,7.72,11:16,180,71.5
5885,7.72,10:54,182,71.5
5886,7.72,10:48,182,71.5
5887,7.72,10:38,182,71.5
5888,7.72,10:59,183,70.9
5889,7.72,10:54,182,70.9
5890,7.73,11:39,183,70.9
5891,7.73,11:58,183,70.9
5892,7.73,13:16,182,70.9
5893,7.73,14:44,182,70.9
5894,7.73,15:04,182,70.9
5895,7.73,15:24,182,70.9
5896,7.73,16:09,182,70.9
5897,7.73,15:04,182,70.9
5898,7.73,14:34,182,70.9
5899,7.74,13:16,182,70.9
5900,7.74,13:16,183,70.9
5901,7.74,13:41,181,70.9
5902,7.74,13:16,181,70.9
5903,7.74,12:46,181,70.9
5904,7.74,13:49,180,70.9
5905,7.74,13:01,182,70.9
5906,7.75,11:33,181,70.9
5907,7.75,11:21,183,70.9
5908,7.75,11:21,182,70.9
5909,7.75,11:21,182,70.9
5910,7.75,11:58,181,70.9
5911,7.75,12:53,182,70.9
5912,7.75,13:41,181,70.9
5913,7.75,13:24,182,70.9
5914,7.76,13:08,181,70.9
5915,7.76,12:39,182,70.9
5916,7.76,12:18,182,70.9
5917,7.76,12:25,181,70.9
5918,7.76,12:32,181,70.9
5919,7.76,12:32,184,70.9
5920,7.76,12:18,184,70.9
5921,7.77,12:25,184,70.9
5922,7.77,11:58,183,70.9
5923,7.77,11:58,181,70.9
5924,7.77,12:11,181,70.9
5925,7.77,12:39,181,70.9
5926,7.77,12:39,180,70.9
5927,7.77,13:01,180,70.9
5928,7.77,12:46,180,70.9
5929,7.78,12:32,182,70.9
5930,7.78,12:18,180,70.2
5931,7.78,11:58,181,70.2
5932,7.78,12:25,182,70.2
5933,7.78,12:39,181,70.2
5934,7.78,12:18,180,70.2
5935,7.78,12:25,182,70.2
5936,7.79,12:53,181,70.2
5937,7.79,12:25,181,70.2
5938,7.79,12:32,182,70.2
5939,7.79,12:53,181,70.2
5940,7.79,13:16,181,70.2
5941,7.79,13:24,181,70.2
5942,7.79,13:01,181,70.2
5943,7.79,13:49,180,69.6
5944,7.79,14:44,180,69.6
5945,7.8,14:25,181,69.6
5946,7.8,14:07,181,69.6
5947,7.8,14:34,180,69.6
5948,7.8,13:41,182,69.6
5949,7.8,13:01,181,69.6
5950,7.8,12:25,180,68.9
5951,7.8,12:18,182,68.9
5952,7.81,12:18,180,68.9
5953,7.81,12:39,180,68.9
5954,7.81,13:08,180,68.9
5955,7.81,14:07,180,68.9
5956,7.81,14:07,180,68.9
5957,7.81,13:32,180,68.9
5958,7.81,13:08,180,68.9
5959,7.81,12:53,180,68.9
5960,7.82,12:32,179,68.9
5961,7.82,13:08,180,68.9
5962,7.82,14:07,180,68.9
5963,7.82,13:58,181,68.9
5964,7.82,13:49,181,69.6
5965,7.82,14:07,180,69.6
5966,7.82,13:58,179,70.2
5967,7.82,13:41,179,70.2
5968,7.82,14:25,179,70.2
5969,7.83,14:34,180,70.2
5970,7.83,14:44,182,70.9
5971,7.83,14:34,181,70.9
5972,7.83,14:16,179,70.9
5973,7.83,13:24,181,70.9
5974,7.83,13:16,180,70.9
5975,7.83,12:18,180,70.9
5976,7.83,11:58,180,70.9
5977,7.84,11:52,180,70.9
5978,7.84,11:52,180,70.9
5979,7.84,11:52,180,70.9
5980,7.84,12:04,182,70.9
5981,7.84,12:04,180,70.9
5982,7.84,12:04,179,70.2
5983,7.84,12:25,181,70.2
5984,7.85,13:24,180,70.2
5985,7.85,14:16,179,70.2
5986,7.85,14:07,181,70.2
5987,7.85,14:44,180,70.2
5988,7.85,14:34,180,70.9
5989,7.85,12:53,180,70.9
5990,7.85,12:53,182,70.9
5991,7.85,12:53,179,70.9
5992,7.86,12:53,179,70.9
5993,7.86,13:16,181,71.5
5994,7.86,14:44,180,71.5
5995,7.86,14:16,179,71.5
5996,7.86,15:14,181,71.5
5997,7.86,14:44,181,71.5
5998,7.86,14:34,181,71.5
5999,7.86,13:41,180,71.5
6000,7.86,13:41,180,71.5
6001,7.87,13:32,180,71.5
6002,7.87,14:16,180,71.5
6003,7.87,13:58,181,72.2
6004,7.87,13:49,178,72.2
6005,7.87,13:58,179,72.2
6006,7.87,13:24,179,72.2
6007,7.87,12:32,179,72.2
6008,7.87,12:39,178,72.2
6009,7.88,12:53,180,72.8
6010,7.88,13:41,179,72.8
6011,7.88,14:16,179,72.8
6012,7.88,14:16,179,72.8
6013,7.88,14:07,179,73.5
6014,7.88,13:58,179,73.5
6015,7.88,12:25,179,73.5
6016,7.88,12:11,180,73.5
6017,7.89,12:46,179,74.1
6018,7.89,12:53,179,73.5
6019,7.89,12:46,180,73.5
6020,7.89,13:16,180,73.5
6021,7.89,12:32,180,73.5
6022,7.89,11:52,178,73.5
6023,7.89,11:33,181,73.5
6024,7.9,11:33,180,74.1
6025,7.9,12:04,180,74.1
6026,7.9,12:46,181,74.1
6027,7.9,13:24,181,74.1
6028,7.9,14:34,181,74.8
6029,7.9,14:44,181,74.8
6030,7.9,14:16,179,74.8
6031,7.9,14:44,181,75.5
6032,7.9,14:34,180,75.5
6033,7.91,13:16,180,76.1
6034,7.91,13:08,180,76.1
6035,7.91,13:01,180,76.1
6036,7.91,12:46,180,76.1
6037,7.91,13:16,180,76.8
6038,7.91,13:24,180,76.8
6039,7.91,13:08,180,77.4
6040,7.91,13:32,181,77.4
6041,7.92,12:39,181,77.4
6042,7.92,11:58,181,77.4
6043,7.92,12:46,181,76.8
6044,7.92,12:32,181,76.8
6045,7.92,11:45,180,76.1
6046,7.92,11:39,180,75.5
6047,7.93,11:27,179,75.5
6048,7.93,10:38,177,74.8
6049,7.93,10:33,176,74.1
6050,7.93,10:18,175,74.1
6051,7.93,10:09,171,73.5
6052,7.93,9:56,171,72.8
6053,7.94,9:51,172,72.8
6054,7.94,10:00,172,72.8
6055,7.94,10:23,172,72.8
6056,7.94,10:59,173,72.8
6057,7.94,11:33,173,72.8
6058,7.94,12:11,174,72.8
6059,7.94,12:25,175,72.8
6060,7.94,12:32,175,72.8
6061,7.95,13:01,176,72.8
6062,7.95,13:24,176,72.8
6063,7.95,13:16,176,72.8
6064,7.95,13:58,177,72.8
6065,7.95,14:25,177,72.8
6066,7.95,13:49,177,73.5
6067,7.95,13:41,177,73.5
6068,7.95,13:58,178,73.5
6069,7.96,13:32,178,74.1
6070,7.96,13:16,179,74.8
6071,7.96,13:49,179,74.8
6072,7.96,13:32,179,75.5
6073,7.96,13:58,180,75.5
6074,7.96,13:58,180,76.1
6075,7.96,13:08,180,76.1
6076,7.96,11:58,180,76.1
6077,7.97,11:45,180,76.8
6078,7.97,10:48,181,76.8
6079,7.97,10:09,181,76.8
6080,7.97,10:33,181,76.1
6081,7.97,11:10,181,76.1
6082,7.97,11:10,181,76.1
6083,7.98,11:27,181,75.5
6084,7.98,11:52,181,75.5
6085,7.98,12:11,181,75.5
6086,7.98,12:25,182,75.5
6087,7.98,13:08,182,75.5
6088,7.98,13:01,182,75.5
6089,7.98,13:16,182,75.5
6090,7.98,13:24,182,75.5
6091,7.99,13:16,182,75.5
6092,7.99,12:39,182,75.5
6093,7.99,12:46,184,74.8
6094,7.99,12:25,182,74.8
6095,7.99,12:04,181,74.8
6096,7.99,12:18,183,74.8
6097,7.99,12:18,180,74.8
6098,7.99,12:25,181,74.1
6099,8.0,13:01,183,74.1
6100,8.0,12:46,181,74.1
6101,8.0,12:18,182,74.1
6102,8.0,12:46,181,73.5
6103,8.0,12:53,182,73.5
6104,8.0,13:16,182,73.5
6105,8.0,12:32,182,72.8
6106,8.01,13:24,183,73.5
6107,8.01,15:35,182,73.5
6108,8.01,17:52,181,74.1
6109,8.01,19:09,181,74.1
6110,8.01,26:17,181,74.1
6111,8.01,26:49,181,73.5
6112,8.01,23:07,181,73.5
6113,8.01,16:58,180,73.5
6114,8.01,14:25,180,73.5
6115,8.01,12:39,180,73.5
6116,8.02,11:33,180,73.5
6117,8.02,10:43,180,73.5
6118,8.02,11:21,180,73.5
6119,8.02,11:33,178,74.1
6120,8.02,11:52,178,74.1
6121,8.02,12:25,179,74.1
6122,8.02,12:11,179,74.1
6123,8.02,12:53,180,74.1
6124,8.03,13:08,180,74.8
6125,8.03,13:01,180,74.8
6126,8.03,13:01,180,74.8
6127,8.03,13:41,180,74.8
6128,8.03,13:08,180,74.8
6129,8.03,13:16,179,74.8
6130,8.03,13:41,179,74.8
6131,8.03,13:41,178,74.8
6132,8.04,13:24,178,74.8
6133,8.04,14:07,178,74.8
6134,8.04,14:34,178,75.5
6135,8.04,13:49,178,75.5
6136,8.04,13:32,178,75.5
6137,8.04,13:32,178,75.5
6138,8.04,13:01,178,75.5
6139,8.04,12:18,178,75.5
6140,8.05,13:16,178,75.5
6141,8.05,12:53,179,74.8
6142,8.05,12:39,178,75.5
6143,8.05,12:39,178,75.5
6144,8.05,12:32,178,75.5
6145,8.05,11:58,178,75.5
6146,8.05,12:32,178,75.5
6147,8.06,12:32,179,75.5
6148,8.06,12:25,178,74.8
6149,8.06,12:39,178,74.1
6150,8.06,12:18,179,74.1
6151,8.06,11:58,178,73.5
6152,8.06,12:25,178,72.8
6153,8.06,12:18,178,72.8
6154,8.06,12:46,178,72.8
6155,8.07,13:08,178,72.8
6156,8.07,13:01,177,72.8
6157,8.07,13:01,177,72.8
6158,8.07,12:53,177,72.8
6159,8.07,12:32,177,72.2
6160,8.07,12:53,177,72.2
6161,8.07,12:39,178,72.2
6162,8.08,12:18,178,72.2
6163,8.08,13:01,178,72.2
6164,8.08,12:53,181,72.2
6165,8.08,12:46,182,72.8
6166,8.08,13:16,183,72.8
6167,8.08,13:16,183,72.8
6168,8.08,13:01,183,73.5
6169,8.08,13:41,183,74.1
6170,8.09,13:08,183,74.1
6171,8.09,13:16,182,74.8
6172,8.09,13:41,182,75.5
6173,8.09,13:16,183,76.1
6174,8.09,12:46,182,76.8
6175,8.09,12:32,183,77.4
6176,8.09,12:25,183,77.4
6177,8.09,12:18,184,78.1
6178,8.1,12:53,182,78.1
6179,8.1,13:16,183,78.7
6180,8.1,13:32,183,79.4
6181,8.1,13:24,183,79.4
6182,8.1,13:01,182,79.4
6183,8.1,11:58,183,78.7
6184,8.1,11:33,183,78.7
6185,8.11,11:16,183,78.7
6186,8.11,11:21,183,78.1
6187,8.11,11:39,182,78.1
6188,8.11,12:18,184,78.1
6189,8.11,13:08,183,78.1
6190,8.11,14:07,184,78.1
6191,8.11,13:32,180,77.4
6192,8.11,13:16,179,77.4
6193,8.12,12:46,179,77.4
6194,8.12,11:52,180,77.4
6195,8.12,11:21,180,77.4
6196,8.12,11:39,179,76.8
6197,8.12,11:45,179,76.8
6198,8.12,12:04,176,76.8
6199,8.12,12:11,178,76.8
6200,8.13,11:58,178,77.4
6201,8.13,11:45,179,77.4
6202,8.13,11:45,179,76.8
6203,8.13,12:25,179,76.8
6204,8.13,12:46,180,76.8
6205,8.13,13:32,180,76.8
6206,8.13,14:07,180,76.8
6207,8.13,13:41,180,76.8
6208,8.14,12:39,180,76.8
6209,8.14,12:46,180,76.8
6210,8.14,12:53,180,76.8
6211,8.14,12:18,180,76.8
6212,8.14,12:32,179,76.8
6213,8.14,12:32,180,76.8
6214,8.14,12:04,180,76.8
6215,8.15,12:04,180,76.8
6216,8.15,12:39,179,76.8
6217,8.15,12:39,180,76.8
6218,8.15,13:24,179,76.1
6219,8.15,13:32,179,76.1
6220,8.15,13:01,180,76.1
6221,8.15,12:39,180,76.1
6222,8.15,12:18,181,76.1
6223,8.16,11:27,181,76.1
6224,8.16,11:39,181,76.8
6225,8.16,11:33,181,76.8
6226,8.16,11:39,181,76.8
6227,8.16,11:52,181,76.8
6228,8.16,12:32,181,76.8
6229,8.16,11:58,181,76.8
6230,8.17,12:11,181,76.8
6231,8.17,12:46,180,76.8
6232,8.17,12:53,180,76.8
6233,8.17,12:39,180,77.4
6234,8.17,13:32,181,77.4
6235,8.17,13:41,181,77.4
6236,8.17,12:39,180,77.4
6237,8.17,12:46,180,78.1
6238,8.18,12:46,180,78.1
6239,8.18,11:52,181,78.1
6240,8.18,12:04,180,78.1
6241,8.18,12:25,180,78.1
6242,8.18,12:25,180,78.1
6243,8.18,12:18,180,78.1
6244,8.18,13:08,181,77.4
6245,8.18,13:16,180,77.4
6246,8.19,13:58,180,77.4
6247,8.19,13:24,181,77.4
6248,8.19,12:53,180,77.4
6249,8.19,12:46,180,76.8
6250,8.19,11:58,181,76.8
6251,8.19,11:10,180,76.1
6252,8.19,11:21,180,76.1
6253,8.2,11:16,181,75.5
6254,8.2,10:59,180,75.5
6255,8.2,11:05,180,75.5
6256,8.2,10:59,181,74.8
6257,8.2,10:54,180,74.8
6258,8.2,11:27,180,74.8
6259,8.21,11:16,181,74.8
6260,8.21,11:16,181,74.8
6261,8.21,11:27,181,74.8
6262,8.21,11:21,181,74.8
6263,8.21,11:21,180,74.8
6264,8.21,11:52,181,74.8
6265,8.21,11:52,181,74.8
6266,8.22,12:04,181,74.8
6267,8.22,12:39,181,74.8
6268,8.22,12:32,181,74.8
6269,8.22,12:25,182,74.8
6270,8.22,12:11,182,74.8
6271,8.22,11:45,181,74.8
6272,8.22,11:45,181,74.1
6273,8.22,11:45,181,74.1
6274,8.23,11:45,182,74.8
6275,8.23,12:25,181,74.8
6276,8.23,12:32,181,74.8
6277,8.23,11:58,181,74.8
6278,8.23,12:04,182,75.5
6279,8.23,11:39,181,75.5
6280,8.23,11:45,181,74.8
6281,8.24,12:18,182,75.5
6282,8.24,12:53,182,75.5
6283,8.24,13:01,182,75.5
6284,8.24,13:24,181,76.1
6285,8.24,12:53,182,76.1
6286,8.24,13:24,182,76.1
6287,8.24,12:46,182,75.5
6288,8.24,13:08,181,75.5
6289,8.25,13:24,182,75.5
6290,8.25,13:41,182,75.5
6291,8.25,12:32,182,75.5
6292,8.25,12:32,181,76.1
6293,8.25,11:45,182,76.1
6294,8.25,11:39,182,76.1
6295,8.25,11:21,182,76.1
6296,8.26,11:39,181,76.1
6297,8.26,11:52,182,76.1
6298,8.26,11:33,182,76.1
6299,8.26,11:27,182,76.1
6300,8.26,11:52,182,76.1
6301,8.26,11:45,182,76.1
6302,8.26,11:45,182,76.1
6303,8.27,12:39,182,76.1
6304,8.27,12:11,182,76.1
6305,8.27,12:04,182,76.1
6306,8.27,12:39,183,76.1
6307,8.27,12:25,183,76.8
6308,8.27,12:32,183,76.8
6309,8.27,12:53,183,76.8
6310,8.27,12:04,182,77.4
6311,8.28,12:04,183,77.4
6312,8.28,11:58,183,77.4
6313,8.28,11:10,183,77.4
6314,8.28,11:10,183,77.4
6315,8.28,11:27,183,77.4
6316,8.28,10:38,183,77.4
6317,8.29,10:54,183,76.8
6318,8.29,10:59,183,76.8
6319,8.29,11:05,183,77.4
6320,8.29,11:21,183,77.4
6321,8.29,11:58,183,77.4
6322,8.29,11:52,183,78.1
6323,8.29,12:46,183,78.1
6324,8.29,13:08,183,78.1
6325,8.3,13:08,183,78.1
6326,8.3,12:46,183,78.1
6327,8.3,12:46,183,78.1
6328,8.3,11:58,184,78.1
6329,8.3,11:52,183,78.1
6330,8.3,11:27,183,78.7
6331,8.3,11:45,184,78.7
6332,8.31,11:45,183,79.4
6333,8.31,11:33,183,79.4
6334,8.31,11:21,184,80.1
6335,8.31,11:27,183,80.7
6336,8.31,11:05,183,80.7
6337,8.31,11:05,183,81.4
6338,8.32,11:10,183,82.0
6339,8.32,11:21,183,82.0
6340,8.32,12:18,182,82.7
6341,8.32,12:18,183,82.7
6342,8.32,12:25,183,83.3
6343,8.32,13:49,184,82.7
6344,8.32,13:01,184,82.7
6345,8.32,11:58,184,82.7
6346,8.33,12:11,185,82.0
6347,8.33,11:27,185,82.0
6348,8.33,10:43,185,81.4
6349,8.33,10:59,185,81.4
6350,8.33,10:38,185,81.4
6351,8.33,10:43,185,82.0
6352,8.33,11:10,186,82.0
6353,8.34,11:05,186,82.0
6354,8.34,11:27,186,82.0
6355,8.34,12:18,186,82.0
6356,8.34,12:04,185,82.0
6357,8.34,12:11,186,82.0
6358,8.34,12:39,186,82.0
6359,8.34,11:58,186,82.0
6360,8.35,11:39,186,81.4
6361,8.35,12:04,186,81.4
6362,8.35,12:11,185,81.4
6363,8.35,12:25,186,81.4
6364,8.35,13:01,185,81.4
6365,8.35,13:01,185,81.4
6366,8.35,12:53,186,81.4
6367,8.35,13:16,185,80.7
6368,8.36,13:24,185,80.7
6369,8.36,13:16,185,80.7
6370,8.36,12:32,185,80.1
6371,8.36,12:11,184,80.1
6372,8.36,11:39,184,79.4
6373,8.36,11:27,184,79.4
6374,8.36,11:33,184,79.4
6375,8.37,12:32,184,79.4
6376,8.37,13:16,184,79.4
6377,8.37,13:32,184,78.7
6378,8.37,13:41,183,78.7
6379,8.37,14:16,183,78.7
6380,8.37,14:16,183,78.7
6381,8.37,14:25,183,78.1
6382,8.37,15:04,182,78.1
6383,8.38,14:25,182,78.1
6384,8.38,14:34,182,77.4
6385,8.38,14:54,182,77.4
6386,8.38,12:53,183,76.8
6387,8.38,12:18,182,76.8
6388,8.38,11:52,182,76.8
6389,8.38,10:48,182,76.8
6390,8.38,10:33,182,76.1
6391,8.39,11:05,182,76.1
6392,8.39,11:10,182,76.1
6393,8.39,11:16,182,76.1
6394,8.39,11:39,182,76.1
6395,8.39,11:10,182,76.1
6396,8.39,11:33,182,75.5
6397,8.4,11:16,181,75.5
6398,8.4,11:58,181,75.5
6399,8.4,12:25,181,75.5
6400,8.4,13:41,182,75.5
6401,8.4,12:53,181,75.5
6402,8.4,13:24,181,75.5
6403,8.4,13:24,182,76.1
6404,8.4,12:53,182,76.1
6405,8.41,12:32,182,76.8
6406,8.41,13:16,182,76.8
6407,8.41,12:39,181,76.8
6408,8.41,12:39,182,77.4
6409,8.41,13:32,182,77.4
6410,8.41,13:49,182,77.4
6411,8.41,15:04,182,77.4
6412,8.41,16:09,183,77.4
6413,8.41,15:46,183,78.1
6414,8.42,15:46,183,78.1
6415,8.42,16:09,183,78.1
6416,8.42,13:49,184,78.7
6417,8.42,14:07,184,78.7
6418,8.42,14:34,183,79.4
6419,8.42,13:49,183,79.4
6420,8.42,13:41,182,79.4
6421,8.42,15:46,182,79.4
6422,8.43,13:24,182,79.4
6423,8.43,12:18,181,79.4
6424,8.43,12:32,182,80.1
6425,8.43,11:05,182,80.1
6426,8.43,10:14,181,80.1
6427,8.43,11:45,182,80.1
6428,8.43,12:04,182,80.1
6429,8.43,12:11,183,80.1
6430,8.44,14:07,183,80.7
6431,8.44,15:14,183,80.7
6432,8.44,15:14,183,80.7
6433,8.44,15:35,183,80.7
6434,8.44,15:04,182,80.7
6435,8.44,14:16,182,80.1
6436,8.44,13:49,182,80.7
6437,8.44,13:24,182,80.7
6438,8.45,13:41,181,80.7
6439,8.45,13:32,181,80.7
6440,8.45,12:18,181,80.7
6441,8.45,12:11,181,80.7
6442,8.45,11:27,181,80.1
6443,8.45,11:16,181,80.1
6444,8.45,10:54,182,80.1
6445,8.46,11:45,181,80.1
6446,8.46,11:45,181,80.1
6447,8.46,12:25,181,80.1
6448,8.46,12:32,182,80.1
6449,8.46,13:08,181,80.7
6450,8.46,13:24,181,80.7
6451,8.46,13:32,182,80.7
6452,8.46,13:24,181,80.7
6453,8.47,12:32,181,80.7
6454,8.47,12:53,182,80.7
6455,8.47,12:25,181,81.4
6456,8.47,11:58,181,81.4
6457,8.47,12:04,181,82.0
6458,8.47,12:53,182,82.7
6459,8.47,12:46,181,82.7
6460,8.47,13:08,181,82.7
6461,8.48,13:49,182,83.3
6462,8.48,13:41,182,83.3
6463,8.48,13:41,182,84.0
6464,8.48,13:41,181,84.6
6465,8.48,13:32,182,84.6
6466,8.48,13:16,182,84.6
6467,8.48,13:01,181,84.6
6468,8.48,13:16,182,84.6
6469,8.49,12:39,182,84.0
6470,8.49,12:53,181,84.0
6471,8.49,13:08,182,84.0
6472,8.49,13:41,182,84.0
6473,8.49,13:32,182,84.0
6474,8.49,14:54,182,84.0
6475,8.49,14:25,183,84.0
6476,8.49,13:41,183,84.0
6477,8.5,13:16,183,84.0
6478,8.5,12:18,184,84.0
6479,8.5,11:39,184,84.0
6480,8.5,11:33,184,84.6
6481,8.5,11:21,183,84.6
6482,8.5,11:33,184,84.6
6483,8.5,12:46,184,85.3
6484,8.51,12:53,184,85.3
6485,8.51,12:39,183,85.3
6486,8.51,13:16,184,85.3
6487,8.51,11:52,183,85.3
6488,8.51,10:38,183,85.3
6489,8.51,9:56,183,85.3
6490,8.52,9:38,183,85.3
6491,8.52,9:26,184,85.3
6492,8.52,9:47,183,86.0
6493,8.52,10:14,183,85.3
6494,8.52,10:38,183,85.3
6495,8.52,11:33,183,85.3
6496,8.52,11:27,183,86.0
6497,8.53,13:01,184,86.0
6498,8.53,13:24,183,86.6
6499,8.53,13:49,183,86.6
6500,8.53,13:16,184,87.3
6501,8.53,13:41,184,87.3
6502,8.53,12:32,184,87.9
6503,8.53,11:52,184,87.9
6504,8.54,11:05,183,87.9
6505,8.54,10:48,184,87.9
6506,8.54,10:43,184,88.6
6507,8.54,10:28,184,88.6
6508,8.54,10:38,184,89.2
6509,8.54,11:21,185,89.2
6510,8.54,11:33,185,89.2
6511,8.55,11:45,185,89.9
6512,8.55,11:27,185,89.9
6513,8.55,11:52,185,89.2
6514,8.55,12:11,185,89.2
6515,8.55,12:32,186,89.2
6516,8.55,12:32,186,89.2
6517,8.55,13:32,185,89.2
6518,8.55,13:08,185,89.2
6519,8.56,12:39,185,89.2
6520,8.56,12:53,185,89.2
6521,8.56,12:11,185,89.2
6522,8.56,12:04,185,89.2
6523,8.56,12:11,185,89.2
6524,8.56,11:52,184,89.2
6525,8.56,11:27,185,89.2
6526,8.57,11:45,184,88.6
6527,8.57,11:33,184,88.6
6528,8.57,11:27,184,88.6
6529,8.57,11:33,184,88.6
6530,8.57,11:33,185,88.6
6531,8.57,12:04,184,89.2
6532,8.57,12:32,184,89.2
6533,8.58,12:39,184,89.2
6534,8.58,13:08,184,89.2
6535,8.58,13:24,184,89.2
6536,8.58,12:39,184,89.2
6537,8.58,12:39,184,89.9
6538,8.58,12:39,184,89.9
6539,8.58,12:18,184,89.9
6540,8.58,12:46,184,89.9
6541,8.59,13:01,184,90.6
6542,8.59,12:46,184,89.9
6543,8.59,12:39,184,89.9
6544,8.59,12:32,184,89.9
6545,8.59,12:11,184,90.6
6546,8.59,12:39,184,90.6
6547,8.59,12:04,184,90.6
6548,8.6,12:11,184,91.2
6549,8.6,12:53,184,91.2
6550,8.6,12:39,184,91.2
6551,8.6,12:18,184,91.2
6552,8.6,12:39,184,91.2
6553,8.6,12:18,184,91.2
6554,8.6,11:33,184,91.2
6555,8.61,11:27,184,91.2
6556,8.61,11:45,184,91.2
6557,8.61,12:04,184,91.9
6558,8.61,13:01,184,91.9
6559,8.61,13:58,184,91.2
6560,8.61,13:41,185,91.2
6561,8.61,13:41,184,91.2
6562,8.61,13:58,184,91.2
6563,8.61,13:16,184,91.2
6564,8.62,12:39,184,90.6
6565,8.62,13:16,184,90.6
6566,8.62,13:32,184,91.2
6567,8.62,13:16,184,91.2
6568,8.62,13:49,184,91.2
6569,8.62,13:58,185,90.6
6570,8.62,13:49,184,90.6
6571,8.62,13:41,185,90.6
6572,8.63,13:32,184,90.6
6573,8.63,12:53,184,90.6
6574,8.63,13:08,184,90.6
6575,8.63,13:08,184,90.6
6576,8.63,12:11,185,90.6
6577,8.63,12:18,184,90.6
6578,8.63,12:46,184,90.6
6579,8.64,12:25,184,90.6
6580,8.64,12:46,184,91.2
6581,8.64,13:41,184,91.2
6582,8.64,13:58,184,91.2
6583,8.64,13:24,184,91.2
6584,8.64,13:49,184,91.2
6585,8.64,13:08,183,91.2
6586,8.64,12:32,184,91.2
6587,8.65,12:11,183,91.2
6588,8.65,12:18,183,91.2
6589,8.65,11:52,183,91.2
6590,8.65,12:11,183,91.2
6591,8.65,13:01,184,91.9
6592,8.65,13:08,183,91.9
6593,8.65,13:41,183,91.9
6594,8.65,13:58,183,92.5
6595,8.66,13:32,184,92.5
6596,8.66,13:16,185,92.5
6597,8.66,13:16,185,91.9
6598,8.66,13:16,185,91.9
6599,8.66,13:41,185,91.9
6600,8.66,13:58,184,91.9
6601,8.66,13:41,184,91.9
6602,8.66,13:41,184,91.9
6603,8.67,13:24,184,91.9
6604,8.67,13:01,184,91.9
6605,8.67,12:39,183,91.2
6606,8.67,12:32,184,91.2
6607,8.67,11:52,184,91.2
6608,8.67,11:39,184,90.6
6609,8.67,11:39,184,90.6
6610,8.68,12:04,183,90.6
6611,8.68,12:25,183,91.2
6612,8.68,13:41,183,91.2
6613,8.68,13:24,184,91.2
6614,8.68,13:16,184,91.2
6615,8.68,12:53,184,90.6
6616,8.68,11:39,184,91.2
6617,8.68,11:10,184,91.2
6618,8.69,11:52,183,91.2
6619,8.69,12:11,184,91.9
6620,8.69,12:46,183,91.9
6621,8.69,14:25,184,91.9
6622,8.69,15:35,184,91.9
6623,8.69,15:57,184,91.9
6624,8.69,15:35,184,91.9
6625,8.69,13:49,184,92.5
6626,8.7,12:53,184,92.5
6627,8.7,11:33,184,92.5
6628,8.7,10:43,184,91.9
6629,8.7,10:33,183,91.9
6630,8.7,11:21,183,91.9
6631,8.7,11:33,183,91.9
6632,8.7,12:11,183,91.9
6633,8.71,12:53,183,91.9
6634,8.71,13:01,183,91.9
6635,8.71,12:32,182,91.2
