elapsed_seconds,distance_miles,pace_per_mile,heartrate,altitude_ft
0,0.0,,75,191.6
1,0.0,,73,191.6
2,0.0,16:15,73,191.6
3,0.0,17:07,73,191.6
4,0.0,16:00,74,191.6
5,0.01,16:21,76,191.6
6,0.01,16:58,77,190.9
7,0.01,15:14,78,190.9
8,0.01,14:54,84,190.3
9,0.01,16:21,86,189.6
10,0.01,16:33,88,189.0
11,0.01,16:21,88,188.3
12,0.01,17:38,89,187.7
13,0.01,16:58,89,187.7
14,0.01,15:46,89,187.0
15,0.02,14:34,90,187.0
16,0.02,14:07,90,187.0
17,0.02,13:32,92,186.4
18,0.02,13:24,92,186.4
19,0.02,13:16,94,185.7
20,0.02,13:49,94,185.0
21,0.02,14:25,95,185.0
22,0.02,15:04,95,184.4
23,0.02,16:09,97,184.4
24,0.03,16:09,98,183.7
25,0.03,15:46,99,183.7
26,0.03,15:14,100,183.1
27,0.03,14:34,100,183.1
28,0.03,13:49,100,182.4
29,0.03,13:58,102,182.4
30,0.03,13:49,103,181.8
31,0.03,13:41,103,181.8
32,0.04,13:32,104,181.8
33,0.04,13:16,104,182.4
34,0.04,13:49,104,182.4
35,0.04,14:25,104,182.4
36,0.04,14:44,105,182.4
37,0.04,14:54,109,182.4
38,0.04,14:44,109,182.4
39,0.04,13:08,109,181.8
40,0.05,12:39,109,181.8
41,0.05,12:11,110,181.1
42,0.05,12:25,109,181.1
43,0.05,12:39,110,181.1
44,0.05,13:32,109,180.4
45,0.05,13:49,110,180.4
46,0.05,15:14,110,180.4
47,0.05,14:34,110,179.8
48,0.06,13:32,110,179.8
49,0.06,12:32,111,179.1
50,0.06,12:25,111,179.1
51,0.06,11:45,111,179.1
52,0.06,11:05,112,179.1
53,0.06,11:58,112,179.1
54,0.06,12:32,112,178.5
55,0.06,12:46,112,178.5
56,0.07,13:08,112,178.5
57,0.07,14:25,112,177.8
58,0.07,14:34,112,177.8
59,0.07,15:24,112,177.8
60,0.07,14:54,113,177.2
61,0.07,14:34,113,177.2
62,0.07,14:54,114,177.2
63,0.07,15:14,114,177.2
64,0.07,14:54,114,177.2
65,0.08,15:04,114,177.2
66,0.08,14:34,114,177.2
67,0.08,14:34,114,176.5
68,0.08,14:16,114,177.2
69,0.08,14:34,114,177.2
70,0.08,14:34,114,177.2
71,0.08,15:24,114,177.2
72,0.08,15:46,114,177.2
73,0.08,15:35,114,177.2
74,0.09,15:46,114,177.2
75,0.09,15:04,114,177.2
76,0.09,15:14,114,176.5
77,0.09,15:04,115,176.5
78,0.09,14:34,115,176.5
79,0.09,14:16,116,176.5
80,0.09,14:54,116,176.5
81,0.09,14:16,116,176.5
82,0.1,13:49,116,176.5
83,0.1,13:58,117,176.5
84,0.1,13:24,118,176.5
85,0.1,13:16,118,176.5
86,0.1,12:53,118,176.5
87,0.1,12:39,117,175.9
88,0.1,11:58,117,175.9
89,0.1,12:18,117,175.2
90,0.11,12:46,117,175.2
91,0.11,13:24,118,175.2
92,0.11,14:07,118,174.5
93,0.11,14:25,118,174.5
94,0.11,13:49,119,174.5
95,0.11,13:24,118,174.5
96,0.11,13:08,118,174.5
97,0.11,12:39,118,174.5
98,0.12,12:53,118,174.5
99,0.12,13:08,118,174.5
100,0.12,13:24,119,174.5
101,0.12,13:16,119,174.5
102,0.12,13:32,119,174.5
103,0.12,13:32,118,174.5
104,0.12,13:49,119,174.5
105,0.12,13:24,119,173.9
106,0.13,13:24,119,173.9
107,0.13,13:16,119,173.9
108,0.13,13:41,119,173.9
109,0.13,13:08,118,173.9
110,0.13,13:08,118,173.2
111,0.13,12:53,118,173.2
112,0.13,12:53,119,172.6
113,0.13,12:39,118,172.6
114,0.14,12:46,119,172.6
115,0.14,12:39,120,172.6
116,0.14,12:46,121,172.6
117,0.14,12:53,120,172.6
118,0.14,13:32,120,171.9
119,0.14,13:49,120,171.9
120,0.14,14:07,119,171.9
121,0.14,14:34,119,171.9
122,0.15,14:34,120,171.3
123,0.15,14:16,120,171.3
124,0.15,14:44,120,171.3
125,0.15,15:35,120,171.3
126,0.15,15:57,121,171.3
127,0.15,16:21,122,170.6
128,0.15,15:46,121,170.6
129,0.15,14:34,121,170.6
130,0.15,13:32,122,170.6
131,0.16,13:08,121,170.6
132,0.16,12:53,121,170.6
133,0.16,13:01,120,170.6
134,0.16,13:16,120,170.6
135,0.16,12:39,120,169.9
136,0.16,13:49,121,169.9
137,0.16,13:49,121,169.9
138,0.16,14:07,122,169.9
139,0.17,14:34,122,169.9
140,0.17,15:24,122,169.3
141,0.17,14:34,122,169.3
142,0.17,15:24,122,169.3
143,0.17,15:46,122,169.3
144,0.17,15:46,122,169.3
145,0.17,15:14,121,169.3
146,0.17,14:44,121,169.3
147,0.17,13:58,121,169.3
148,0.18,13:08,121,169.3
149,0.18,13:16,121,169.3
150,0.18,13:41,121,169.3
151,0.18,13:24,122,169.3
152,0.18,13:08,122,169.3
153,0.18,14:07,122,169.3
154,0.18,13:16,123,169.3
155,0.18,13:24,123,169.3
156,0.19,12:53,123,169.9
157,0.19,13:01,123,169.9
158,0.19,12:32,122,169.9
159,0.19,13:16,122,169.9
160,0.19,13:58,123,169.9
161,0.19,15:14,123,169.9
162,0.19,15:24,123,169.9
163,0.19,15:57,123,169.9
164,0.19,15:35,123,169.9
165,0.2,14:54,122,169.9
166,0.2,14:34,122,169.9
167,0.2,14:44,121,169.9
168,0.2,14:54,121,169.9
169,0.2,14:44,121,169.9
170,0.2,14:54,121,169.9
171,0.2,14:25,120,170.6
172,0.2,13:58,120,170.6
173,0.21,13:08,120,170.6
174,0.21,13:24,120,171.3
175,0.21,13:32,120,171.3
176,0.21,13:58,120,170.6
177,0.21,14:34,120,170.6
178,0.21,14:44,121,170.6
179,0.21,14:54,121,170.6
180,0.21,15:14,121,170.6
181,0.21,16:09,121,170.6
182,0.21,16:09,121,170.6
183,0.22,16:33,120,170.6
184,0.22,16:09,121,170.6
185,0.22,15:14,121,170.6
186,0.22,14:25,121,170.6
187,0.22,13:41,121,170.6
188,0.22,12:53,121,170.6
189,0.22,13:01,120,171.3
190,0.22,13:32,121,171.3
191,0.23,13:41,121,171.3
192,0.23,13:49,121,171.3
193,0.23,15:04,121,171.3
194,0.23,15:35,120,171.3
195,0.23,16:09,119,171.3
196,0.23,17:52,119,171.9
197,0.23,18:07,118,171.9
198,0.23,17:38,116,171.9
199,0.23,17:52,116,171.3
200,0.23,17:25,117,171.3
201,0.24,15:57,117,171.3
202,0.24,15:04,117,171.9
203,0.24,15:35,117,171.9
204,0.24,15:14,117,171.9
205,0.24,13:58,117,171.9
206,0.24,13:49,114,171.9
207,0.24,15:14,111,171.9
208,0.24,14:34,108,171.9
209,0.24,14:34,103,171.9
210,0.25,15:46,101,171.9
211,0.25,15:46,97,171.9
212,0.25,14:44,96,171.3
213,0.25,13:49,90,171.3
214,0.25,13:01,89,171.3
215,0.25,12:18,84,171.9
216,0.25,12:11,83,171.9
217,0.26,12:18,81,171.9
218,0.26,13:01,80,172.6
219,0.26,13:16,82,172.6
220,0.26,14:07,86,172.6
221,0.26,14:16,89,172.6
222,0.26,14:44,91,172.6
223,0.26,14:44,93,172.6
224,0.26,14:54,98,172.6
225,0.26,14:07,102,172.6
226,0.27,14:16,103,172.6
227,0.27,13:49,107,172.6
228,0.27,13:41,112,172.6
229,0.27,13:49,115,172.6
230,0.27,14:54,116,172.6
231,0.27,15:57,117,172.6
232,0.27,16:58,116,172.6
233,0.27,16:45,116,172.6
234,0.27,16:33,116,173.2
235,0.28,16:09,116,173.2
236,0.28,15:24,117,173.2
237,0.28,14:54,117,173.9
238,0.28,15:57,117,173.9
239,0.28,16:21,117,173.9
240,0.28,15:35,117,174.5
241,0.28,13:58,117,173.9
242,0.28,13:24,118,173.9
243,0.28,12:32,119,173.9
244,0.29,11:58,119,173.9
245,0.29,12:11,120,173.9
246,0.29,13:16,120,174.5
247,0.29,13:24,120,174.5
248,0.29,13:24,121,174.5
249,0.29,13:32,122,173.9
250,0.29,13:16,123,173.9
251,0.29,13:16,123,173.9
252,0.3,13:24,123,173.9
253,0.3,13:49,123,174.5
254,0.3,14:54,124,174.5
255,0.3,15:57,124,174.5
256,0.3,15:35,124,174.5
257,0.3,15:46,125,174.5
258,0.3,15:24,125,174.5
259,0.3,14:16,125,174.5
260,0.3,14:16,126,174.5
261,0.31,14:16,126,174.5
262,0.31,13:49,126,174.5
263,0.31,14:16,126,174.5
264,0.31,14:44,126,174.5
265,0.31,13:41,126,174.5
266,0.31,13:01,125,174.5
267,0.31,13:01,126,174.5
268,0.31,12:39,126,174.5
269,0.32,12:32,127,174.5
270,0.32,12:18,127,174.5
271,0.32,13:08,128,174.5
272,0.32,13:32,128,174.5
273,0.32,13:32,129,174.5
274,0.32,13:24,129,174.5
275,0.32,13:58,129,175.2
276,0.32,13:49,128,175.2
277,0.33,14:25,128,175.2
278,0.33,15:57,127,175.2
279,0.33,17:25,127,175.2
280,0.33,15:57,127,175.2
281,0.33,16:09,126,175.2
282,0.33,15:04,126,175.2
283,0.33,13:58,127,175.2
284,0.33,12:39,127,175.2
285,0.34,13:16,127,175.2
286,0.34,12:04,125,174.5
287,0.34,11:39,125,174.5
288,0.34,11:10,124,174.5
289,0.34,11:21,123,174.5
290,0.34,11:10,122,174.5
291,0.34,11:21,121,174.5
292,0.35,11:21,121,174.5
293,0.35,12:04,121,174.5
294,0.35,12:32,121,173.9
295,0.35,13:41,122,173.9
296,0.35,14:34,123,173.9
297,0.35,16:21,124,173.9
298,0.35,16:09,126,173.9
299,0.35,15:14,126,173.9
300,0.35,14:25,126,173.9
301,0.36,14:16,126,173.9
302,0.36,13:24,126,173.9
303,0.36,13:01,127,173.9
304,0.36,13:01,128,173.9
305,0.36,12:53,128,173.2
306,0.36,13:08,127,173.2
307,0.36,13:24,127,173.2
308,0.36,13:08,127,173.2
309,0.37,13:24,127,173.2
310,0.37,13:32,127,173.2
311,0.37,13:49,126,173.9
312,0.37,13:58,126,173.9
313,0.37,14:44,126,173.9
314,0.37,14:44,126,173.9
315,0.37,14:16,127,173.9
316,0.37,14:16,128,173.9
317,0.38,13:58,128,173.9
318,0.38,13:32,127,173.9
319,0.38,13:58,128,173.9
320,0.38,14:07,128,173.9
321,0.38,13:16,128,173.9
322,0.38,13:32,128,173.9
323,0.38,13:41,127,173.9
324,0.38,13:49,127,173.9
325,0.38,13:58,127,173.9
326,0.39,13:58,127,173.9
327,0.39,13:49,127,173.9
328,0.39,14:16,127,173.9
329,0.39,13:58,126,173.9
330,0.39,13:41,125,173.9
331,0.39,14:07,124,173.9
332,0.39,14:16,125,173.2
333,0.39,13:32,125,173.2
334,0.4,13:32,125,172.6
335,0.4,13:41,126,172.6
336,0.4,13:16,126,172.6
337,0.4,13:24,125,172.6
338,0.4,13:41,125,172.6
339,0.4,13:32,125,171.9
340,0.4,13:32,126,171.9
341,0.4,13:49,126,171.9
342,0.41,13:41,126,171.9
343,0.41,13:41,125,171.9
344,0.41,13:58,125,172.6
345,0.41,14:44,125,172.6
346,0.41,15:35,126,172.6
347,0.41,15:46,127,172.6
348,0.41,16:33,127,171.9
349,0.41,16:09,127,171.9
350,0.41,15:04,127,171.9
351,0.42,13:41,127,171.9
352,0.42,13:24,126,171.9
353,0.42,12:53,125,171.3
354,0.42,12:53,125,171.3
355,0.42,13:16,123,171.3
356,0.42,14:07,122,171.3
357,0.42,13:58,122,171.3
358,0.42,14:25,122,171.3
359,0.43,13:41,122,171.3
360,0.43,13:24,122,171.3
361,0.43,12:46,121,170.6
362,0.43,12:53,121,170.6
363,0.43,12:39,122,170.6
364,0.43,13:01,120,170.6
365,0.43,12:39,118,170.6
366,0.43,13:08,119,170.6
367,0.44,13:08,119,170.6
368,0.44,13:32,119,169.9
369,0.44,14:07,122,169.9
370,0.44,15:24,123,169.9
371,0.44,15:35,123,169.9
372,0.44,14:54,121,169.9
373,0.44,14:44,120,169.9
374,0.44,14:44,121,169.3
375,0.44,14:25,122,169.3
376,0.45,13:58,120,169.3
377,0.45,14:07,118,169.3
378,0.45,13:32,121,169.3
379,0.45,13:41,121,168.6
380,0.45,13:49,121,168.6
381,0.45,13:49,121,168.0
382,0.45,14:25,121,168.0
383,0.45,15:35,121,168.0
384,0.46,14:07,121,168.0
385,0.46,14:07,121,168.6
386,0.46,14:34,122,168.6
387,0.46,13:58,123,168.6
388,0.46,13:01,123,169.3
389,0.46,13:24,123,169.3
390,0.46,13:16,123,169.3
391,0.46,12:32,123,169.3
392,0.47,13:08,123,169.3
393,0.47,12:46,125,169.3
394,0.47,13:01,125,169.3
395,0.47,13:24,125,169.3
396,0.47,15:04,125,168.6
397,0.47,15:24,125,168.6
398,0.47,17:25,125,168.0
399,0.47,17:52,125,168.0
400,0.47,16:45,125,168.0
401,0.47,16:09,125,168.0
402,0.48,15:46,123,168.0
403,0.48,14:44,122,168.0
404,0.48,14:44,123,168.0
405,0.48,14:25,122,168.0
406,0.48,13:24,122,167.3
407,0.48,13:16,121,167.3
408,0.48,14:25,120,166.7
409,0.48,14:54,120,166.7
410,0.48,15:35,120,166.7
411,0.49,17:11,120,166.0
412,0.49,16:33,120,166.0
413,0.49,15:24,121,166.0
414,0.49,14:16,121,166.0
415,0.49,14:16,120,166.0
416,0.49,13:58,122,166.0
417,0.49,14:44,119,166.0
418,0.49,13:32,119,166.0
419,0.5,14:16,119,165.4
420,0.5,13:01,120,165.4
421,0.5,12:25,120,165.4
422,0.5,12:25,118,165.4
423,0.5,12:46,118,165.4
424,0.5,12:32,118,166.0
425,0.5,13:58,119,166.0
426,0.5,13:58,121,166.0
427,0.51,13:58,121,166.0
428,0.51,13:58,120,166.0
429,0.51,13:49,117,166.0
430,0.51,13:58,119,165.4
431,0.51,14:16,118,165.4
432,0.51,13:49,118,165.4
433,0.51,14:16,119,166.0
434,0.51,14:07,121,166.0
435,0.52,13:49,121,166.0
436,0.52,13:41,121,166.0
437,0.52,13:32,122,166.0
438,0.52,14:07,121,166.0
439,0.52,14:34,122,166.0
440,0.52,15:14,123,166.0
441,0.52,16:09,121,166.0
442,0.52,16:09,121,166.7
443,0.52,15:46,121,166.0
444,0.53,15:46,123,166.0
445,0.53,14:25,123,166.0
446,0.53,14:16,125,166.7
447,0.53,14:07,126,166.7
448,0.53,13:49,126,166.7
449,0.53,13:58,128,166.7
450,0.53,13:49,125,166.7
451,0.53,13:41,126,166.7
452,0.53,13:41,125,166.7
453,0.54,13:24,125,166.0
454,0.54,13:16,125,166.0
455,0.54,13:32,123,166.0
456,0.54,13:24,126,166.0
457,0.54,13:32,125,166.0
458,0.54,13:58,126,166.0
459,0.54,14:25,126,166.0
460,0.54,14:25,125,166.0
461,0.55,14:25,125,166.0
462,0.55,14:07,124,166.0
463,0.55,13:41,125,165.4
464,0.55,13:08,125,165.4
465,0.55,13:08,123,165.4
466,0.55,12:32,123,165.4
467,0.55,13:01,123,165.4
468,0.55,12:53,123,165.4
469,0.56,12:39,125,165.4
470,0.56,12:39,126,165.4
471,0.56,13:08,126,165.4
472,0.56,13:08,126,165.4
473,0.56,13:08,125,165.4
474,0.56,13:08,125,165.4
475,0.56,13:32,125,165.4
476,0.56,13:32,124,165.4
477,0.57,13:32,123,165.4
478,0.57,13:49,124,165.4
479,0.57,13:49,124,164.7
480,0.57,13:58,123,164.7
481,0.57,14:34,123,165.4
482,0.57,15:14,123,165.4
483,0.57,16:09,123,165.4
484,0.57,16:33,123,165.4
485,0.57,15:35,123,164.7
486,0.58,15:24,123,164.7
487,0.58,14:16,125,164.7
488,0.58,14:16,122,164.7
489,0.58,14:25,122,164.7
490,0.58,15:04,123,164.7
491,0.58,14:16,124,164.7
492,0.58,15:24,124,164.7
493,0.58,15:35,124,164.7
494,0.58,14:54,124,164.0
495,0.59,14:44,123,164.0
496,0.59,14:34,122,164.0
497,0.59,13:24,122,164.0
498,0.59,13:08,121,164.0
499,0.59,13:41,121,164.0
500,0.59,12:18,122,164.0
501,0.59,12:11,122,164.0
502,0.6,11:52,123,163.4
503,0.6,11:05,122,163.4
504,0.6,10:54,122,163.4
505,0.6,11:33,122,162.7
506,0.6,11:33,123,162.7
507,0.6,11:27,123,162.7
508,0.6,11:52,123,162.7
509,0.61,12:25,124,162.7
510,0.61,12:39,125,162.7
511,0.61,13:01,126,162.1
512,0.61,13:32,128,162.1
513,0.61,13:32,127,162.1
514,0.61,13:01,126,162.1
515,0.61,12:53,127,162.1
516,0.61,12:25,127,161.4
517,0.62,12:46,127,161.4
518,0.62,12:25,128,161.4
519,0.62,12:11,129,161.4
520,0.62,11:58,129,160.8
521,0.62,12:18,129,160.8
522,0.62,12:04,127,160.8
523,0.62,12:25,127,160.8
524,0.63,12:39,128,160.1
525,0.63,13:41,127,160.1
526,0.63,14:54,127,160.1
527,0.63,15:24,128,159.4
528,0.63,15:46,126,159.4
529,0.63,15:46,126,159.4
530,0.63,14:34,126,159.4
531,0.63,13:08,127,158.8
532,0.63,12:32,128,158.8
533,0.64,12:11,129,158.8
534,0.64,12:11,127,158.8
535,0.64,12:11,126,158.1
536,0.64,12:39,125,158.1
537,0.64,13:32,121,158.1
538,0.64,14:25,117,157.5
539,0.64,15:14,111,157.5
540,0.64,16:33,110,157.5
541,0.64,16:58,113,157.5
542,0.65,15:24,114,157.5
543,0.65,14:25,113,157.5
544,0.65,13:41,110,156.8
545,0.65,13:24,105,156.8
546,0.65,14:07,102,156.2
547,0.65,15:46,98,156.2
548,0.65,16:45,103,156.2
549,0.65,16:58,108,156.2
550,0.66,15:46,111,155.5
551,0.66,13:58,111,155.5
552,0.66,13:08,111,155.5
553,0.66,12:53,114,155.5
554,0.66,13:01,116,154.9
555,0.66,13:41,121,154.9
556,0.66,14:34,122,154.9
557,0.66,14:25,124,154.2
558,0.67,13:49,124,154.2
559,0.67,13:16,123,154.2
560,0.67,13:01,124,154.2
561,0.67,11:58,124,153.5
562,0.67,11:27,122,153.5
563,0.67,11:21,123,153.5
564,0.67,11:16,122,153.5
565,0.68,10:33,122,153.5
566,0.68,10:33,122,152.9
567,0.68,11:16,123,152.9
568,0.68,11:52,122,152.2
569,0.68,12:04,121,152.2
570,0.68,13:41,122,151.6
571,0.68,15:04,120,151.6
572,0.68,15:57,119,151.6
573,0.68,16:21,120,150.9
574,0.69,16:21,119,150.9
575,0.69,14:25,119,150.3
576,0.69,13:16,119,150.3
577,0.69,11:33,119,149.6
578,0.69,10:38,119,149.6
579,0.69,9:51,119,149.0
580,0.7,9:38,120,149.0
581,0.7,9:38,120,149.0
582,0.7,10:05,120,148.3
583,0.7,10:43,120,148.3
584,0.7,11:27,119,148.3
585,0.7,12:25,118,147.6
586,0.7,13:58,117,147.6
587,0.7,14:44,117,147.6
588,0.71,14:07,117,147.6
589,0.71,13:58,116,147.6
590,0.71,13:32,116,147.0
591,0.71,13:01,116,147.0
592,0.71,13:08,117,147.0
593,0.71,14:16,117,147.0
594,0.71,15:14,116,147.0
595,0.71,16:21,116,147.0
596,0.72,16:33,116,147.0
597,0.72,16:33,115,147.0
598,0.72,15:24,114,146.3
599,0.72,14:25,114,146.3
600,0.72,13:32,115,145.7
601,0.72,12:39,115,145.7
602,0.72,11:45,115,145.7
603,0.72,11:58,115,145.7
604,0.73,12:11,116,145.7
605,0.73,12:32,116,145.7
606,0.73,12:46,116,145.0
607,0.73,13:08,117,144.4
608,0.73,13:24,117,144.4
609,0.73,14:34,117,144.4
610,0.73,14:34,118,143.7
611,0.73,15:24,117,143.7
612,0.73,15:14,118,143.7
613,0.74,14:07,119,143.7
614,0.74,12:25,120,143.0
615,0.74,12:46,120,143.0
616,0.74,12:04,120,142.4
617,0.74,12:53,120,142.4
618,0.74,12:53,120,141.7
619,0.74,13:32,122,141.7
620,0.75,13:24,121,141.7
621,0.75,13:01,121,141.1
622,0.75,12:11,122,141.1
623,0.75,12:53,122,140.4
624,0.75,13:08,123,140.4
625,0.75,12:46,123,139.8
626,0.75,14:07,123,139.8
627,0.75,13:58,122,139.1
628,0.76,13:16,122,138.5
629,0.76,13:16,122,138.5
630,0.76,13:08,122,137.8
631,0.76,13:01,119,137.8
632,0.76,13:49,120,137.1
633,0.76,14:25,120,137.1
634,0.76,13:41,120,136.5
635,0.76,13:49,120,136.5
636,0.77,13:16,118,135.8
637,0.77,12:18,117,135.2
638,0.77,11:21,117,134.5
639,0.77,11:33,117,133.9
640,0.77,11:33,117,133.2
641,0.77,10:59,118,133.2
642,0.77,11:05,119,132.5
643,0.78,11:33,119,131.9
644,0.78,11:27,119,131.9
645,0.78,11:16,119,131.9
646,0.78,11:52,119,131.2
647,0.78,12:53,121,131.2
648,0.78,13:41,121,130.6
649,0.78,14:34,121,130.6
650,0.78,15:35,121,130.6
651,0.79,16:21,120,129.9
652,0.79,15:24,119,129.9
653,0.79,15:04,119,129.3
654,0.79,14:16,118,129.3
655,0.79,13:41,117,128.6
656,0.79,13:24,117,128.0
657,0.79,12:46,117,128.0
658,0.79,12:11,117,128.0
659,0.8,12:11,117,127.3
660,0.8,11:45,117,127.3
661,0.8,11:52,118,127.3
662,0.8,12:39,118,126.6
663,0.8,13:01,119,126.6
664,0.8,13:49,120,126.0
665,0.8,14:25,119,126.0
666,0.8,13:58,120,125.3
667,0.81,13:08,119,125.3
668,0.81,13:16,119,125.3
669,0.81,12:46,118,125.3
670,0.81,12:53,118,125.3
671,0.81,12:39,117,124.7
672,0.81,12:46,116,124.7
673,0.81,12:04,116,124.0
674,0.82,11:52,116,124.0
675,0.82,12:18,116,124.0
676,0.82,12:18,116,124.0
677,0.82,13:32,116,124.0
678,0.82,14:44,117,124.0
679,0.82,15:35,117,123.4
680,0.82,16:58,117,123.4
681,0.82,18:07,118,123.4
682,0.82,16:33,119,123.4
683,0.83,15:04,120,123.4
684,0.83,13:32,121,123.4
685,0.83,12:39,121,123.4
686,0.83,12:53,121,123.4
687,0.83,11:39,121,123.4
688,0.83,11:33,120,122.7
689,0.83,12:25,120,122.7
690,0.83,11:45,120,122.7
691,0.84,11:16,120,122.7
692,0.84,12:18,119,122.7
693,0.84,13:41,118,122.7
694,0.84,14:54,118,122.7
695,0.84,17:11,119,122.7
696,0.84,20:19,119,122.7
697,0.84,25:18,120,122.7
698,0.84,23:56,119,122.7
699,0.84,22:43,119,122.7
700,0.84,21:37,119,122.7
701,0.84,18:22,119,123.4
702,0.85,15:24,119,123.4
703,0.85,13:58,119,123.4
704,0.85,11:52,120,123.4
705,0.85,11:05,120,123.4
706,0.85,10:28,122,123.4
707,0.85,10:28,122,123.4
708,0.86,10:33,122,123.4
709,0.86,11:33,122,123.4
710,0.86,11:27,122,124.0
711,0.86,12:11,122,124.0
712,0.86,12:18,122,124.0
713,0.86,13:24,123,124.7
714,0.86,14:25,122,124.7
715,0.86,15:24,122,124.7
716,0.86,16:58,123,124.0
717,0.87,17:25,123,124.7
718,0.87,17:25,122,124.0
719,0.87,14:44,123,124.0
720,0.87,13:58,123,124.0
721,0.87,13:08,124,124.0
722,0.87,11:58,125,124.7
723,0.87,11:33,125,124.7
724,0.87,13:01,125,124.7
725,0.88,12:53,125,124.7
726,0.88,12:46,125,124.7
727,0.88,13:24,125,125.3
728,0.88,13:24,123,125.3
729,0.88,12:46,124,125.3
730,0.88,12:46,122,125.3
731,0.88,12:18,123,125.3
732,0.89,12:46,123,126.0
733,0.89,12:53,123,126.0
734,0.89,13:01,124,126.0
735,0.89,13:01,124,125.3
736,0.89,13:24,124,125.3
737,0.89,13:58,124,126.0
738,0.89,13:49,124,126.0
739,0.89,13:49,123,126.0
740,0.89,14:34,122,126.0
741,0.9,14:34,122,126.0
742,0.9,13:58,122,126.0
743,0.9,14:25,121,125.3
744,0.9,14:16,121,126.0
745,0.9,13:49,121,126.0
746,0.9,14:25,120,126.0
747,0.9,14:16,118,126.0
748,0.9,14:07,117,126.0
749,0.91,14:34,116,126.6
750,0.91,14:44,117,126.6
751,0.91,14:44,117,126.6
752,0.91,15:24,116,126.6
753,0.91,15:14,117,126.6
754,0.91,15:04,117,126.6
755,0.91,15:24,117,126.0
756,0.91,15:04,118,126.0
757,0.91,15:04,118,126.0
758,0.92,14:54,118,126.0
759,0.92,14:34,118,126.0
760,0.92,14:16,118,125.3
761,0.92,13:24,119,125.3
762,0.92,13:08,120,125.3
763,0.92,13:01,120,125.3
764,0.92,13:08,121,124.7
765,0.92,13:41,123,124.7
766,0.93,13:41,122,124.0
767,0.93,13:24,122,124.0
768,0.93,13:16,124,124.0
769,0.93,12:53,125,124.0
770,0.93,12:46,126,123.4
771,0.93,13:01,126,123.4
772,0.93,13:08,126,123.4
773,0.93,13:32,127,123.4
774,0.94,12:39,127,123.4
775,0.94,12:04,128,123.4
776,0.94,11:27,125,122.7
777,0.94,11:39,124,122.7
778,0.94,11:45,126,122.7
779,0.94,12:18,127,122.0
780,0.94,11:58,128,122.7
781,0.95,12:25,128,122.7
782,0.95,11:39,127,122.7
783,0.95,11:05,126,122.7
784,0.95,11:16,127,122.7
785,0.95,11:39,126,122.7
786,0.95,12:04,129,122.0
787,0.95,12:53,131,122.0
788,0.95,13:41,128,122.0
789,0.96,14:16,130,122.0
790,0.96,13:49,131,122.0
791,0.96,13:49,131,121.4
792,0.96,13:24,129,121.4
793,0.96,13:08,130,121.4
794,0.96,13:01,130,121.4
795,0.96,13:08,133,121.4
796,0.96,13:01,133,121.4
797,0.97,13:16,131,120.7
798,0.97,13:58,130,120.7
799,0.97,13:24,130,120.7
800,0.97,14:07,129,120.7
801,0.97,13:58,129,120.7
802,0.97,13:32,131,120.7
803,0.97,13:32,131,120.7
804,0.97,13:32,131,120.7
805,0.98,13:08,130,120.7
806,0.98,13:08,129,120.7
807,0.98,13:08,129,120.7
808,0.98,13:01,130,120.7
809,0.98,13:08,129,120.7
810,0.98,13:08,128,120.1
811,0.98,13:08,126,120.1
812,0.98,13:16,122,120.1
813,0.99,13:08,118,120.1
814,0.99,13:24,113,119.4
815,0.99,13:24,110,119.4
816,0.99,13:58,112,119.4
817,0.99,14:16,116,118.8
818,0.99,14:07,118,118.8
819,0.99,13:58,121,118.8
820,0.99,14:07,123,118.8
821,1.0,13:41,125,118.8
822,1.0,13:49,126,118.8
823,1.0,13:32,128,118.8
824,1.0,13:41,128,118.8
825,1.0,13:01,128,118.8
826,1.0,13:08,128,118.1
827,1.0,13:01,126,118.1
828,1.01,11:58,126,118.1
829,1.01,12:04,126,118.1
830,1.01,12:46,127,118.1
831,1.01,13:32,127,118.1
832,1.01,13:08,127,118.1
833,1.01,14:54,128,118.1
834,1.01,14:34,128,118.1
835,1.01,14:25,128,118.1
836,1.01,13:32,127,117.5
837,1.02,13:16,129,117.5
838,1.02,12:32,126,117.5
839,1.02,12:18,126,117.5
840,1.02,11:58,126,117.5
841,1.02,11:52,127,117.5
842,1.02,12:04,127,117.5
843,1.02,12:53,127,116.8
844,1.02,13:32,129,116.8
845,1.03,14:07,129,116.8
846,1.03,14:25,128,116.8
847,1.03,14:25,131,116.8
848,1.03,13:08,132,116.8
849,1.03,13:32,131,116.8
850,1.03,12:39,130,116.8
851,1.03,11:52,132,116.8
852,1.04,12:18,130,116.1
853,1.04,13:24,130,116.1
854,1.04,12:46,130,116.1
855,1.04,13:16,132,116.1
856,1.04,14:07,131,116.1
857,1.04,14:25,132,116.1
858,1.04,13:58,132,116.1
859,1.04,13:41,130,116.1
860,1.04,14:07,130,116.1
861,1.05,13:41,130,116.1
862,1.05,13:24,129,116.1
863,1.05,13:24,129,116.1
864,1.05,13:49,128,115.5
865,1.05,13:24,130,115.5
866,1.05,13:24,131,114.8
867,1.05,12:32,132,114.8
868,1.06,12:39,132,114.8
869,1.06,12:11,130,114.8
870,1.06,12:11,130,114.2
871,1.06,12:39,130,114.2
872,1.06,13:41,130,114.2
873,1.06,13:24,128,113.5
874,1.06,13:58,128,113.5
875,1.06,13:58,129,113.5
876,1.06,14:07,131,113.5
877,1.07,13:58,130,113.5
878,1.07,13:32,126,112.9
879,1.07,12:25,127,112.9
880,1.07,12:25,126,112.9
881,1.07,12:25,127,112.2
882,1.07,12:04,127,112.2
883,1.07,12:39,126,112.2
884,1.08,13:24,127,112.2
885,1.08,13:08,128,112.2
886,1.08,13:08,129,112.2
887,1.08,13:58,129,111.5
888,1.08,13:49,129,111.5
889,1.08,13:58,130,111.5
890,1.08,14:16,130,111.5
891,1.08,13:49,131,111.5
892,1.09,13:16,131,110.9
893,1.09,13:41,133,110.9
894,1.09,14:16,134,110.9
895,1.09,13:58,132,110.9
896,1.09,13:49,132,110.9
897,1.09,13:41,132,110.9
898,1.09,13:16,131,110.2
899,1.09,12:32,131,110.2
900,1.09,13:01,131,110.2
901,1.1,13:24,130,110.2
902,1.1,13:32,129,110.2
903,1.1,13:49,129,109.6
904,1.1,13:58,128,109.6
905,1.1,13:58,128,109.6
906,1.1,14:07,126,109.6
907,1.1,13:01,126,108.9
908,1.1,12:53,127,108.9
909,1.11,13:08,127,109.6
910,1.11,13:01,128,109.6
911,1.11,12:32,128,109.6
912,1.11,13:24,127,109.6
913,1.11,12:46,126,109.6
914,1.11,12:32,126,109.6
915,1.11,12:32,126,109.6
916,1.11,13:24,126,109.6
917,1.12,13:41,127,109.6
918,1.12,14:07,127,109.6
919,1.12,14:54,128,108.9
920,1.12,15:14,128,108.9
921,1.12,14:25,128,108.9
922,1.12,14:25,128,108.9
923,1.12,14:44,128,108.9
924,1.12,14:34,127,108.9
925,1.13,13:49,127,109.6
926,1.13,13:32,127,109.6
927,1.13,13:01,127,109.6
928,1.13,13:16,127,109.6
929,1.13,12:46,131,109.6
930,1.13,12:53,131,109.6
931,1.13,13:08,131,109.6
932,1.13,13:16,130,109.6
933,1.14,13:01,129,109.6
934,1.14,13:16,128,108.9
935,1.14,13:32,128,108.9
936,1.14,13:24,129,108.9
937,1.14,14:07,127,108.9
938,1.14,13:41,129,108.9
939,1.14,13:41,125,108.9
940,1.14,13:08,125,108.9
941,1.15,13:24,125,108.9
942,1.15,13:16,126,108.9
943,1.15,13:58,125,108.9
944,1.15,13:41,127,108.9
945,1.15,14:44,126,108.9
946,1.15,14:34,126,108.9
947,1.15,14:25,126,108.9
948,1.15,14:54,126,109.6
949,1.15,15:46,126,109.6
950,1.16,15:24,125,109.6
951,1.16,15:35,125,108.9
952,1.16,14:44,124,108.9
953,1.16,14:25,123,108.9
954,1.16,14:07,122,108.9
955,1.16,14:25,123,108.9
956,1.16,14:25,123,108.9
957,1.16,14:34,124,108.9
958,1.17,13:41,124,108.9
959,1.17,14:07,124,108.9
960,1.17,13:58,125,108.9
961,1.17,14:16,126,108.9
962,1.17,15:04,128,108.9
963,1.17,15:57,128,108.9
964,1.17,15:24,128,108.9
965,1.17,14:54,125,108.9
966,1.17,14:44,123,108.9
967,1.18,14:07,121,108.9
968,1.18,13:41,115,108.9
969,1.18,13:16,109,108.9
970,1.18,13:01,106,108.9
971,1.18,13:01,106,108.9
972,1.18,12:53,112,108.9
973,1.18,13:16,117,108.3
974,1.18,13:32,119,108.3
975,1.19,14:07,122,108.3
976,1.19,14:07,126,108.3
977,1.19,14:44,127,108.3
978,1.19,13:49,128,108.3
979,1.19,13:41,129,108.3
980,1.19,13:58,130,108.3
981,1.19,13:32,131,108.3
982,1.19,13:24,132,108.3
983,1.19,14:44,132,108.3
984,1.2,15:35,134,108.3
985,1.2,15:04,134,108.3
986,1.2,15:24,134,108.3
987,1.2,14:54,133,108.3
988,1.2,14:16,133,108.3
989,1.2,13:32,134,108.3
990,1.2,13:24,134,108.3
991,1.2,13:08,134,108.3
992,1.21,13:41,134,108.3
993,1.21,13:32,134,108.3
994,1.21,13:32,133,108.3
995,1.21,12:39,133,108.3
996,1.21,12:32,132,108.3
997,1.21,11:05,132,108.3
998,1.21,10:43,133,108.3
999,1.22,10:28,132,107.6
1000,1.22,10:54,130,107.6
1001,1.22,10:59,130,107.6
1002,1.22,12:46,130,107.6
1003,1.22,12:39,130,108.3
1004,1.22,12:46,130,108.3
1005,1.22,12:39,131,108.3
1006,1.22,12:53,129,107.6
1007,1.23,12:46,131,107.6
1008,1.23,12:53,128,107.0
1009,1.23,13:24,129,107.0
1010,1.23,14:07,129,107.0
1011,1.23,14:54,129,107.0
1012,1.23,14:44,129,107.0
1013,1.23,15:35,129,106.3
1014,1.23,14:54,129,106.3
1015,1.24,14:34,127,106.3
1016,1.24,13:16,128,106.3
1017,1.24,12:32,128,106.3
1018,1.24,12:11,127,106.3
1019,1.24,11:21,127,105.6
1020,1.24,11:33,128,105.6
1021,1.24,11:33,128,105.6
1022,1.25,11:33,128,105.6
1023,1.25,11:21,129,105.6
1024,1.25,11:52,130,105.6
1025,1.25,11:33,128,105.0
1026,1.25,12:04,129,105.0
1027,1.25,12:32,130,105.0
1028,1.25,12:46,129,105.0
1029,1.25,13:16,129,105.0
1030,1.26,13:24,130,105.6
1031,1.26,13:01,128,105.6
1032,1.26,13:41,132,105.6
1033,1.26,13:32,130,105.6
1034,1.26,13:49,129,105.6
1035,1.26,14:07,129,105.6
1036,1.26,14:07,129,105.6
1037,1.26,13:16,129,105.6
1038,1.27,13:08,129,105.6
1039,1.27,13:08,129,105.6
1040,1.27,13:01,128,105.6
1041,1.27,13:24,128,105.6
1042,1.27,13:41,127,105.0
1043,1.27,13:41,126,105.0
1044,1.27,13:01,126,105.0
1045,1.27,13:08,127,105.0
1046,1.28,13:24,127,105.0
1047,1.28,13:01,127,105.0
1048,1.28,13:01,128,105.0
1049,1.28,13:41,128,105.0
1050,1.28,13:49,128,105.0
1051,1.28,13:08,128,105.0
1052,1.28,13:16,129,105.0
1053,1.28,13:41,128,105.0
1054,1.29,13:16,128,105.0
1055,1.29,12:46,128,104.3
1056,1.29,13:49,127,104.3
1057,1.29,13:32,127,104.3
1058,1.29,13:32,127,104.3
1059,1.29,13:49,127,104.3
1060,1.29,13:49,127,104.3
1061,1.29,12:53,126,103.7
1062,1.3,13:08,126,103.7
1063,1.3,13:08,126,103.7
1064,1.3,13:08,126,103.7
1065,1.3,13:49,127,103.7
1066,1.3,13:41,127,103.7
1067,1.3,14:16,129,103.7
1068,1.3,14:34,128,103.7
1069,1.3,15:04,127,103.0
1070,1.3,14:34,127,103.0
1071,1.31,14:34,126,102.4
1072,1.31,14:34,127,102.4
1073,1.31,13:58,127,101.7
1074,1.31,13:32,127,101.7
1075,1.31,13:24,126,101.7
1076,1.31,14:07,128,102.4
1077,1.31,13:16,129,102.4
1078,1.31,13:24,127,102.4
1079,1.32,13:16,126,102.4
1080,1.32,13:16,126,102.4
1081,1.32,13:08,126,101.7
1082,1.32,12:25,127,101.7
1083,1.32,11:45,128,101.7
1084,1.32,11:58,128,101.7
1085,1.32,11:45,128,101.7
1086,1.33,11:33,127,101.7
1087,1.33,12:18,127,101.7
1088,1.33,12:53,126,101.7
1089,1.33,13:08,126,101.7
1090,1.33,13:41,126,101.7
1091,1.33,13:32,127,101.0
1092,1.33,14:07,128,101.0
1093,1.33,14:25,129,101.0
1094,1.34,13:58,128,101.0
1095,1.34,13:58,128,101.0
1096,1.34,13:41,128,101.0
1097,1.34,12:53,128,100.4
1098,1.34,11:52,128,100.4
1099,1.34,11:33,128,100.4
1100,1.34,10:59,127,100.4
1101,1.35,11:10,128,100.4
1102,1.35,11:27,127,100.4
1103,1.35,11:52,126,100.4
1104,1.35,12:11,127,100.4
1105,1.35,12:46,128,100.4
1106,1.35,13:01,128,100.4
1107,1.35,13:08,128,100.4
1108,1.35,13:16,129,100.4
1109,1.36,13:32,129,100.4
1110,1.36,13:32,129,100.4
1111,1.36,13:49,129,100.4
1112,1.36,13:49,129,100.4
1113,1.36,14:34,130,100.4
1114,1.36,14:16,129,100.4
1115,1.36,13:58,131,99.7
1116,1.36,12:53,130,99.7
1117,1.37,12:04,129,99.7
1118,1.37,11:52,130,99.7
1119,1.37,11:39,131,99.7
1120,1.37,11:39,131,99.7
1121,1.37,12:18,130,99.7
1122,1.37,12:39,131,99.7
1123,1.37,12:53,130,99.7
1124,1.37,13:16,130,100.4
1125,1.38,13:01,129,100.4
1126,1.38,13:01,130,100.4
1127,1.38,12:53,130,100.4
1128,1.38,12:18,129,100.4
1129,1.38,12:04,129,100.4
1130,1.38,11:52,127,100.4
1131,1.38,11:33,129,100.4
1132,1.39,12:04,130,100.4
1133,1.39,12:11,129,100.4
1134,1.39,12:25,128,100.4
1135,1.39,13:41,129,100.4
1136,1.39,14:16,130,100.4
1137,1.39,14:07,130,100.4
1138,1.39,14:54,131,100.4
1139,1.39,15:04,131,100.4
1140,1.4,14:07,132,99.7
1141,1.4,13:41,130,99.7
1142,1.4,13:32,129,99.7
1143,1.4,13:24,129,99.1
1144,1.4,13:58,129,99.1
1145,1.4,16:33,130,99.1
1146,1.4,18:07,131,99.1
1147,1.4,22:21,129,99.1
1148,1.4,21:37,129,99.1
1149,1.4,17:38,129,99.1
1150,1.41,13:32,130,99.1
1151,1.41,12:18,130,99.1
1152,1.41,10:48,130,98.4
1153,1.41,10:23,130,98.4
1154,1.41,10:38,129,98.4
1155,1.41,11:16,130,98.4
1156,1.41,11:52,127,98.4
1157,1.42,11:39,126,98.4
1158,1.42,12:25,126,98.4
1159,1.42,12:46,128,98.4
1160,1.42,12:39,126,98.4
1161,1.42,12:25,124,98.4
1162,1.42,13:16,122,98.4
1163,1.42,13:32,119,98.4
1164,1.42,14:54,123,98.4
1165,1.43,15:57,124,98.4
1166,1.43,16:21,124,97.8
1167,1.43,15:04,123,97.8
1168,1.43,14:16,125,97.8
1169,1.43,12:53,127,97.8
1170,1.43,12:32,127,97.8
1171,1.43,12:18,127,97.8
1172,1.43,13:08,128,97.1
1173,1.44,13:24,128,97.1
1174,1.44,13:41,130,97.1
1175,1.44,13:41,130,97.8
1176,1.44,13:58,130,97.8
1177,1.44,13:58,131,97.8
1178,1.44,14:16,131,97.1
1179,1.44,14:25,131,97.1
1180,1.44,14:16,132,97.1
1181,1.45,13:24,132,97.1
1182,1.45,13:01,132,97.1
1183,1.45,12:18,132,97.1
1184,1.45,12:18,132,97.1
1185,1.45,12:39,132,97.1
1186,1.45,12:39,131,97.1
1187,1.45,12:46,132,97.1
1188,1.45,13:01,132,97.1
1189,1.46,13:01,131,97.1
1190,1.46,12:25,131,97.1
1191,1.46,12:39,131,97.1
1192,1.46,12:11,131,97.1
1193,1.46,12:11,130,97.1
1194,1.46,12:39,131,97.8
1195,1.46,12:39,129,97.8
1196,1.47,12:53,129,97.8
1197,1.47,13:24,129,97.8
1198,1.47,13:32,129,97.8
1199,1.47,12:53,129,97.8
1200,1.47,13:49,130,97.8
1201,1.47,13:16,130,97.8
1202,1.47,13:24,131,97.8
1203,1.47,13:24,131,97.1
1204,1.47,15:14,131,97.1
1205,1.48,15:04,132,97.1
1206,1.48,15:04,132,97.1
1207,1.48,13:49,132,97.1
1208,1.48,13:58,132,97.1
1209,1.48,12:04,131,97.1
1210,1.48,11:39,131,97.1
1211,1.48,11:52,132,97.1
1212,1.49,12:53,132,97.1
1213,1.49,12:32,133,97.1
1214,1.49,13:24,133,97.1
1215,1.49,13:32,133,97.1
1216,1.49,13:41,134,96.5
1217,1.49,13:24,131,96.5
1218,1.49,13:16,131,96.5
1219,1.49,12:39,131,96.5
1220,1.5,13:01,132,96.5
1221,1.5,12:46,132,96.5
1222,1.5,12:46,132,96.5
1223,1.5,13:01,132,96.5
1224,1.5,12:46,132,96.5
1225,1.5,12:25,132,96.5
1226,1.5,11:58,132,96.5
1227,1.51,11:10,132,95.8
1228,1.51,11:05,132,95.8
1229,1.51,11:21,132,95.8
1230,1.51,11:27,132,95.8
1231,1.51,11:52,133,95.8
1232,1.51,12:18,134,95.8
1233,1.51,12:32,134,95.8
1234,1.51,12:39,134,95.8
1235,1.52,12:25,135,95.1
1236,1.52,12:25,135,95.1
1237,1.52,12:32,136,95.1
1238,1.52,12:18,137,95.1
1239,1.52,11:39,137,95.1
1240,1.52,12:25,137,95.1
1241,1.52,12:39,137,95.1
1242,1.53,13:08,137,95.1
1243,1.53,13:58,137,95.1
1244,1.53,15:04,137,95.1
1245,1.53,14:54,137,95.1
1246,1.53,14:44,137,95.1
1247,1.53,14:25,137,95.1
1248,1.53,14:16,137,95.1
1249,1.53,13:08,137,94.5
1250,1.53,13:08,137,94.5
1251,1.54,13:41,137,94.5
1252,1.54,13:49,137,94.5
1253,1.54,13:32,136,94.5
1254,1.54,14:34,135,94.5
1255,1.54,14:16,135,94.5
1256,1.54,14:07,135,93.8
1257,1.54,14:16,134,93.8
1258,1.54,13:58,134,93.8
1259,1.55,13:32,134,93.8
1260,1.55,13:24,133,93.2
1261,1.55,13:32,133,93.2
1262,1.55,13:32,132,93.2
1263,1.55,14:34,132,92.5
1264,1.55,15:04,132,92.5
1265,1.55,15:14,131,92.5
1266,1.55,14:54,131,92.5
1267,1.55,14:16,131,92.5
1268,1.56,13:24,133,92.5
1269,1.56,13:16,134,92.5
1270,1.56,13:24,134,92.5
1271,1.56,13:41,134,92.5
1272,1.56,13:41,134,93.2
1273,1.56,14:34,134,93.2
1274,1.56,14:54,134,93.2
1275,1.56,14:54,133,93.2
1276,1.57,14:25,132,93.2
1277,1.57,14:34,133,93.2
1278,1.57,13:58,133,93.2
1279,1.57,14:44,134,93.2
1280,1.57,13:58,134,93.2
1281,1.57,14:07,134,93.2
1282,1.57,14:54,134,93.2
1283,1.57,15:14,134,93.2
1284,1.57,14:44,134,93.8
1285,1.58,15:04,134,93.8
1286,1.58,15:14,135,93.8
1287,1.58,14:44,133,93.8
1288,1.58,14:44,132,93.8
1289,1.58,14:07,131,93.8
1290,1.58,15:14,132,93.8
1291,1.58,16:09,134,93.8
1292,1.58,16:09,133,93.8
1293,1.58,15:35,134,94.5
1294,1.59,15:57,134,94.5
1295,1.59,14:44,134,94.5
1296,1.59,13:41,133,94.5
1297,1.59,13:49,134,95.1
1298,1.59,13:49,134,95.8
1299,1.59,13:49,134,96.5
1300,1.59,13:41,134,96.5
1301,1.59,13:32,132,97.1
1302,1.6,12:46,131,97.1
1303,1.6,13:01,130,97.1
1304,1.6,12:53,127,97.8
1305,1.6,13:49,128,97.8
1306,1.6,14:16,129,98.4
1307,1.6,14:54,129,98.4
1308,1.6,14:34,129,98.4
1309,1.6,13:58,129,97.8
1310,1.61,13:24,129,97.8
1311,1.61,12:53,128,97.8
1312,1.61,12:39,124,98.4
1313,1.61,12:46,119,98.4
1314,1.61,13:49,117,98.4
1315,1.61,12:53,118,98.4
1316,1.61,12:53,118,99.1
1317,1.61,13:08,118,99.1
1318,1.62,13:08,118,99.1
1319,1.62,12:39,119,99.1
1320,1.62,13:24,120,99.1
1321,1.62,13:08,119,99.1
1322,1.62,13:16,119,99.1
1323,1.62,13:16,119,99.1
1324,1.62,13:08,119,99.1
1325,1.62,12:46,120,99.1
1326,1.63,13:01,120,99.1
1327,1.63,12:39,120,99.7
1328,1.63,13:01,120,99.7
1329,1.63,13:08,120,99.7
1330,1.63,13:49,120,99.7
1331,1.63,14:07,120,99.7
1332,1.63,15:04,120,99.1
1333,1.63,15:14,120,99.1
1334,1.63,15:35,121,99.1
1335,1.64,15:46,122,99.1
1336,1.64,17:11,122,99.1
1337,1.64,16:33,123,99.7
1338,1.64,16:09,123,99.7
1339,1.64,16:21,123,99.7
1340,1.64,15:46,124,99.7
1341,1.64,14:54,125,99.7
1342,1.64,15:14,126,99.7
1343,1.64,15:04,127,99.7
1344,1.65,15:24,129,99.7
1345,1.65,15:14,131,99.7
1346,1.65,14:25,133,99.7
1347,1.65,13:58,134,99.7
1348,1.65,13:41,135,99.7
1349,1.65,12:46,135,99.7
1350,1.65,12:46,136,99.7
1351,1.65,12:46,137,99.7
1352,1.66,12:32,137,99.7
1353,1.66,13:01,136,99.7
1354,1.66,12:53,138,100.4
1355,1.66,12:46,138,100.4
1356,1.66,13:16,138,100.4
1357,1.66,13:32,138,100.4
1358,1.66,13:24,137,100.4
1359,1.66,14:07,137,100.4
1360,1.67,14:25,137,100.4
1361,1.67,14:34,135,101.0
1362,1.67,15:14,135,101.0
1363,1.67,15:04,135,101.0
1364,1.67,15:35,136,101.0
1365,1.67,17:38,136,101.0
1366,1.67,16:58,136,101.0
1367,1.67,16:45,135,101.0
1368,1.67,16:09,134,101.7
1369,1.67,14:34,135,101.7
1370,1.68,12:53,134,101.7
1371,1.68,13:01,135,102.4
1372,1.68,12:53,134,102.4
1373,1.68,13:24,134,102.4
1374,1.68,13:24,134,102.4
1375,1.68,13:49,133,102.4
1376,1.68,14:44,133,102.4
1377,1.68,14:54,132,102.4
1378,1.69,14:34,131,102.4
1379,1.69,16:09,131,102.4
1380,1.69,15:46,130,102.4
1381,1.69,13:58,130,102.4
1382,1.69,12:53,130,102.4
1383,1.69,12:32,130,102.4
1384,1.69,11:58,131,101.7
1385,1.7,11:10,130,101.7
1386,1.7,11:52,130,101.7
1387,1.7,13:08,131,101.7
1388,1.7,13:41,130,102.4
1389,1.7,14:44,131,102.4
1390,1.7,16:45,132,102.4
1391,1.7,16:21,132,102.4
1392,1.7,15:46,132,102.4
1393,1.7,16:09,131,101.7
1394,1.7,15:35,131,101.0
1395,1.71,16:09,132,100.4
1396,1.71,15:57,133,100.4
1397,1.71,15:46,132,99.7
1398,1.71,15:57,132,99.1
1399,1.71,15:24,132,99.1
1400,1.71,14:54,132,99.1
1401,1.71,14:54,132,99.1
1402,1.71,14:07,132,99.7
1403,1.71,13:24,133,99.7
1404,1.72,13:16,133,99.7
1405,1.72,12:46,133,99.7
1406,1.72,13:08,134,99.7
1407,1.72,13:32,134,99.7
1408,1.72,13:16,134,99.7
1409,1.72,13:24,133,99.7
1410,1.72,13:16,132,99.7
1411,1.72,12:53,132,99.7
1412,1.73,13:16,132,99.7
1413,1.73,13:41,132,99.1
1414,1.73,13:49,133,99.1
1415,1.73,15:04,134,98.4
1416,1.73,15:24,135,98.4
1417,1.73,15:04,135,97.8
1418,1.73,14:54,135,97.1
1419,1.73,14:34,135,97.1
1420,1.74,13:49,136,96.5
1421,1.74,13:24,136,95.8
1422,1.74,13:16,137,95.1
1423,1.74,13:16,137,94.5
1424,1.74,12:39,137,94.5
1425,1.74,12:46,136,94.5
1426,1.74,13:08,137,93.8
1427,1.74,13:24,137,93.8
1428,1.74,13:49,138,93.2
1429,1.75,14:34,138,93.2
1430,1.75,13:32,137,92.5
1431,1.75,13:24,136,91.9
1432,1.75,12:53,136,91.9
1433,1.75,12:39,136,91.2
1434,1.75,13:16,135,91.2
1435,1.75,13:58,135,90.6
1436,1.75,14:34,135,90.6
1437,1.76,16:21,135,90.6
1438,1.76,17:25,135,89.9
1439,1.76,16:58,134,89.9
1440,1.76,16:45,134,89.9
1441,1.76,16:21,134,90.6
1442,1.76,15:24,134,90.6
1443,1.76,15:24,134,90.6
1444,1.76,14:34,133,91.2
1445,1.76,14:16,133,91.2
1446,1.77,12:39,134,91.2
1447,1.77,11:27,135,91.9
1448,1.77,11:05,134,91.9
1449,1.77,11:21,134,91.9
1450,1.77,11:39,134,91.9
1451,1.77,13:16,134,91.9
1452,1.77,15:24,135,91.9
1453,1.77,16:09,134,91.9
1454,1.78,16:33,133,91.9
1455,1.78,17:11,132,91.2
1456,1.78,16:58,134,91.2
1457,1.78,15:57,133,91.2
1458,1.78,14:07,131,90.6
1459,1.78,13:32,131,90.6
1460,1.78,13:01,132,90.6
1461,1.78,12:46,133,89.9
1462,1.79,12:11,132,89.9
1463,1.79,12:25,132,89.9
1464,1.79,12:04,132,89.2
1465,1.79,12:04,132,89.2
1466,1.79,11:45,132,88.6
1467,1.79,12:46,132,88.6
1468,1.79,13:24,132,87.9
1469,1.79,15:04,133,87.9
1470,1.79,17:11,133,87.9
1471,1.8,17:38,133,87.9
1472,1.8,15:35,134,87.3
1473,1.8,15:04,133,87.3
1474,1.8,14:07,133,86.6
1475,1.8,12:46,134,86.6
1476,1.8,13:08,134,86.0
1477,1.8,13:58,133,86.0
1478,1.8,13:58,134,86.0
1479,1.81,13:49,134,85.3
1480,1.81,13:16,134,85.3
1481,1.81,12:53,134,85.3
1482,1.81,12:25,134,85.3
1483,1.81,12:04,134,84.6
1484,1.81,11:39,133,84.6
1485,1.81,11:33,132,84.6
1486,1.82,11:21,132,84.6
1487,1.82,10:59,132,85.3
1488,1.82,11:10,130,85.3
1489,1.82,11:05,131,85.3
1490,1.82,10:38,132,85.3
1491,1.82,10:05,133,85.3
1492,1.83,10:18,134,85.3
1493,1.83,10:05,135,86.0
1494,1.83,10:18,135,86.0
1495,1.83,10:48,136,85.3
1496,1.83,11:27,137,85.3
1497,1.83,11:33,138,85.3
1498,1.83,11:58,138,85.3
1499,1.84,12:04,138,85.3
1500,1.84,12:25,139,85.3
1501,1.84,12:39,139,85.3
1502,1.84,13:01,139,85.3
1503,1.84,13:08,138,84.6
1504,1.84,13:32,138,84.6
1505,1.84,13:24,138,84.6
1506,1.84,13:01,138,84.6
1507,1.85,13:08,137,84.0
1508,1.85,13:01,138,84.6
1509,1.85,12:46,138,84.6
1510,1.85,13:01,138,84.6
1511,1.85,13:41,138,84.0
1512,1.85,13:41,138,84.0
1513,1.85,13:24,138,84.0
1514,1.85,13:08,138,84.0
1515,1.86,13:16,138,84.0
1516,1.86,13:01,138,84.0
1517,1.86,13:16,138,84.0
1518,1.86,13:24,138,84.0
1519,1.86,13:58,138,84.0
1520,1.86,13:41,138,83.3
1521,1.86,13:08,138,83.3
1522,1.86,12:32,139,83.3
1523,1.87,12:39,139,83.3
1524,1.87,12:11,138,83.3
1525,1.87,11:58,137,83.3
1526,1.87,12:11,136,83.3
1527,1.87,11:58,136,82.7
1528,1.87,11:52,137,82.7
1529,1.87,12:04,137,82.7
1530,1.88,12:04,138,82.7
1531,1.88,12:18,139,82.7
1532,1.88,12:53,139,82.0
1533,1.88,13:32,139,82.0
1534,1.88,13:41,139,82.0
1535,1.88,14:25,139,82.0
1536,1.88,14:07,139,82.0
1537,1.88,14:07,138,82.0
1538,1.89,13:32,137,82.0
1539,1.89,13:16,137,82.0
1540,1.89,13:16,136,82.0
1541,1.89,13:41,135,82.0
1542,1.89,13:24,135,82.0
1543,1.89,13:32,135,82.0
1544,1.89,13:32,137,81.4
1545,1.89,13:32,136,82.0
1546,1.9,13:49,138,82.0
1547,1.9,14:16,137,82.0
1548,1.9,13:41,138,82.0
1549,1.9,13:32,138,82.0
1550,1.9,13:08,137,82.0
1551,1.9,12:53,137,82.0
1552,1.9,13:16,137,82.7
1553,1.9,14:25,138,82.7
1554,1.9,15:35,140,82.7
1555,1.91,15:57,140,82.7
1556,1.91,16:09,141,82.7
1557,1.91,15:04,141,82.7
1558,1.91,14:25,141,82.7
1559,1.91,13:49,142,82.7
1560,1.91,14:16,141,82.7
1561,1.91,14:25,140,82.7
1562,1.91,14:44,140,82.7
1563,1.91,14:44,140,82.7
1564,1.92,14:44,140,82.7
1565,1.92,15:04,140,83.3
1566,1.92,14:44,140,83.3
1567,1.92,15:35,140,83.3
1568,1.92,15:24,141,83.3
1569,1.92,14:54,141,83.3
1570,1.92,14:16,141,83.3
1571,1.92,14:25,141,84.0
1572,1.93,13:32,141,84.0
1573,1.93,13:41,141,84.0
1574,1.93,13:49,141,84.0
1575,1.93,13:41,141,84.0
1576,1.93,13:32,140,84.0
1577,1.93,14:16,140,84.0
1578,1.93,14:44,140,84.0
1579,1.93,16:21,139,84.0
1580,1.93,17:11,138,84.0
1581,1.94,16:21,138,84.0
1582,1.94,15:57,137,84.0
1583,1.94,15:46,138,84.0
1584,1.94,14:44,137,84.6
1585,1.94,13:58,137,84.6
1586,1.94,14:25,138,84.6
1587,1.94,14:44,138,84.6
1588,1.94,14:44,139,84.6
1589,1.94,14:34,139,84.6
1590,1.95,14:54,138,84.6
1591,1.95,14:44,138,84.6
1592,1.95,14:07,137,84.6
1593,1.95,14:25,136,84.6
1594,1.95,14:07,136,84.6
1595,1.95,14:16,135,84.6
1596,1.95,15:04,134,84.6
1597,1.95,15:04,134,84.6
1598,1.95,14:34,133,84.6
1599,1.96,14:44,133,84.6
1600,1.96,14:44,133,84.6
1601,1.96,13:49,135,84.6
1602,1.96,13:49,135,84.6
1603,1.96,13:49,134,84.6
1604,1.96,13:41,134,84.6
1605,1.96,13:24,135,84.6
1606,1.96,14:16,136,84.6
1607,1.97,13:58,136,84.6
1608,1.97,14:07,136,85.3
1609,1.97,13:58,137,85.3
1610,1.97,13:58,136,85.3
1611,1.97,13:49,136,85.3
1612,1.97,13:58,137,85.3
1613,1.97,14:07,137,85.3
1614,1.97,14:25,138,85.3
1615,1.97,13:58,138,85.3
1616,1.98,13:49,138,85.3
1617,1.98,13:49,139,85.3
1618,1.98,13:41,139,85.3
1619,1.98,14:25,138,86.0
1620,1.98,15:46,139,86.0
1621,1.98,15:35,138,86.0
1622,1.98,16:09,138,86.0
1623,1.98,15:46,138,86.0
1624,1.98,15:04,138,86.0
1625,1.99,14:25,137,86.0
1626,1.99,14:25,137,86.0
1627,1.99,13:58,137,86.0
1628,1.99,13:58,137,86.0
1629,1.99,13:16,137,86.0
1630,1.99,12:53,137,86.0
1631,1.99,12:46,137,86.0
1632,1.99,13:01,137,86.0
1633,2.0,12:39,137,86.6
1634,2.0,12:46,137,86.6
1635,2.0,12:46,137,86.6
1636,2.0,12:32,137,86.6
1637,2.0,12:18,136,86.6
1638,2.0,12:25,136,86.6
1639,2.0,13:24,136,86.0
1640,2.01,13:08,136,86.6
1641,2.01,13:49,137,86.6
1642,2.01,13:32,137,86.6
1643,2.01,13:32,137,86.6
1644,2.01,12:32,138,86.6
1645,2.01,13:01,138,86.6
1646,2.01,12:39,139,86.6
1647,2.01,13:01,139,86.6
1648,2.02,13:32,138,86.0
1649,2.02,13:49,138,86.0
1650,2.02,13:49,138,86.0
1651,2.02,13:24,137,86.0
1652,2.02,13:16,137,86.6
1653,2.02,13:41,136,86.6
1654,2.02,14:44,136,86.6
1655,2.02,14:44,136,86.6
1656,2.02,15:24,136,86.6
1657,2.03,15:24,136,86.6
1658,2.03,14:54,136,86.6
1659,2.03,14:16,137,86.6
1660,2.03,14:07,136,86.6
1661,2.03,13:58,136,86.6
1662,2.03,13:58,136,86.6
1663,2.03,13:41,137,86.6
1664,2.03,13:41,138,86.6
1665,2.04,13:49,137,86.6
1666,2.04,13:58,137,86.6
1667,2.04,14:07,138,86.6
1668,2.04,14:34,137,86.6
1669,2.04,15:14,137,86.6
1670,2.04,15:24,137,86.6
1671,2.04,15:35,138,86.6
1672,2.04,16:09,138,87.3
1673,2.04,16:33,138,87.3
1674,2.04,16:09,139,87.3
1675,2.05,16:33,139,87.9
1676,2.05,16:58,139,87.9
1677,2.05,17:38,139,87.9
1678,2.05,17:25,140,87.9
1679,2.05,17:11,140,87.9
1680,2.05,16:58,140,88.6
1681,2.05,16:33,140,88.6
1682,2.05,15:24,140,88.6
1683,2.05,15:04,140,89.2
1684,2.06,15:04,139,89.2
1685,2.06,15:14,139,89.2
1686,2.06,15:46,138,89.2
1687,2.06,16:58,138,89.9
1688,2.06,18:07,138,89.9
1689,2.06,18:37,138,89.9
1690,2.06,19:26,138,90.6
1691,2.06,19:26,138,90.6
1692,2.06,17:38,138,91.2
1693,2.06,16:09,138,91.2
1694,2.07,15:04,138,91.2
1695,2.07,13:49,137,91.9
1696,2.07,12:53,137,91.9
1697,2.07,13:16,136,92.5
1698,2.07,13:41,136,92.5
1699,2.07,14:16,136,93.2
1700,2.07,14:25,137,93.2
1701,2.07,15:14,138,93.2
1702,2.07,14:54,138,93.8
1703,2.08,15:14,138,93.8
1704,2.08,15:04,139,94.5
1705,2.08,15:35,139,94.5
1706,2.08,15:57,139,95.1
1707,2.08,15:57,139,95.1
1708,2.08,15:24,139,95.1
1709,2.08,15:57,139,95.8
1710,2.08,15:35,138,95.8
1711,2.08,14:54,138,95.8
1712,2.09,14:54,139,96.5
1713,2.09,14:54,139,96.5
1714,2.09,14:44,140,96.5
1715,2.09,15:14,141,97.1
1716,2.09,15:35,142,97.1
1717,2.09,15:46,142,97.1
1718,2.09,15:46,142,97.8
1719,2.09,15:04,143,97.8
1720,2.09,14:44,143,97.8
1721,2.09,15:24,143,97.8
1722,2.1,16:21,142,98.4
1723,2.1,16:45,143,98.4
1724,2.1,17:52,143,98.4
1725,2.1,17:52,143,99.1
1726,2.1,16:09,143,99.1
1727,2.1,15:04,142,99.7
1728,2.1,14:16,143,99.7
1729,2.1,13:16,142,99.7
1730,2.1,13:16,143,99.7
1731,2.11,13:49,143,99.7
1732,2.11,14:07,143,99.7
1733,2.11,14:16,143,100.4
1734,2.11,14:25,144,100.4
1735,2.11,14:07,143,100.4
1736,2.11,13:41,143,100.4
1737,2.11,13:16,144,100.4
1738,2.11,13:49,143,100.4
1739,2.12,14:07,144,101.0
1740,2.12,14:16,144,101.0
1741,2.12,14:07,145,101.0
1742,2.12,13:58,145,101.0
1743,2.12,14:07,145,101.0
1744,2.12,14:07,145,101.0
1745,2.12,14:16,145,101.0
1746,2.12,14:44,145,101.0
1747,2.12,15:24,145,101.0
1748,2.13,14:25,145,101.0
1749,2.13,14:16,144,101.0
1750,2.13,13:49,144,100.4
1751,2.13,14:07,145,100.4
1752,2.13,14:07,145,100.4
1753,2.13,14:16,145,100.4
1754,2.13,14:07,145,100.4
1755,2.13,14:44,145,100.4
1756,2.14,14:07,145,100.4
1757,2.14,14:25,145,100.4
1758,2.14,15:35,145,100.4
1759,2.14,15:46,144,100.4
1760,2.14,15:24,143,100.4
1761,2.14,15:35,142,100.4
1762,2.14,15:04,142,99.7
1763,2.14,14:54,142,99.7
1764,2.14,15:04,142,99.7
1765,2.14,15:46,142,99.7
1766,2.15,15:57,141,99.7
1767,2.15,15:14,141,99.7
1768,2.15,14:16,141,99.1
1769,2.15,14:07,140,99.1
1770,2.15,12:32,140,98.4
1771,2.15,12:04,140,98.4
1772,2.15,12:04,140,98.4
1773,2.16,11:58,140,98.4
1774,2.16,11:52,139,97.8
1775,2.16,12:39,140,97.8
1776,2.16,12:46,139,97.8
1777,2.16,13:01,139,97.8
1778,2.16,12:46,138,97.1
1779,2.16,12:32,138,97.1
1780,2.16,12:39,139,97.1
1781,2.17,12:53,139,97.1
1782,2.17,12:25,138,97.1
1783,2.17,12:32,138,97.1
1784,2.17,12:46,138,96.5
1785,2.17,12:11,138,96.5
1786,2.17,11:45,139,96.5
1787,2.17,12:11,139,95.8
1788,2.18,11:45,139,95.8
1789,2.18,11:45,139,95.8
1790,2.18,11:58,139,95.8
1791,2.18,12:18,139,95.8
1792,2.18,12:32,138,95.1
1793,2.18,13:01,138,95.1
1794,2.18,13:16,138,95.1
1795,2.18,13:58,138,94.5
1796,2.19,14:25,137,94.5
1797,2.19,14:54,137,94.5
1798,2.19,15:46,137,94.5
1799,2.19,14:34,137,94.5
1800,2.19,13:32,137,94.5
1801,2.19,13:08,137,94.5
1802,2.19,12:32,136,94.5
1803,2.19,12:11,136,94.5
1804,2.2,12:46,137,94.5
1805,2.2,12:53,138,93.8
1806,2.2,12:53,138,93.8
1807,2.2,12:53,138,93.8
1808,2.2,13:08,137,93.2
1809,2.2,13:08,137,93.2
1810,2.2,13:08,136,93.2
1811,2.2,13:24,136,93.2
1812,2.21,13:49,136,92.5
1813,2.21,13:24,137,92.5
1814,2.21,14:16,136,92.5
1815,2.21,13:58,136,92.5
1816,2.21,13:16,137,92.5
1817,2.21,12:46,137,91.9
1818,2.21,13:32,137,91.9
1819,2.21,13:16,137,91.9
1820,2.22,13:49,136,91.2
1821,2.22,12:32,136,90.6
1822,2.22,12:53,136,90.6
1823,2.22,13:24,136,90.6
1824,2.22,13:08,135,89.9
1825,2.22,12:18,135,89.9
1826,2.22,13:32,135,89.9
1827,2.22,13:16,135,89.9
1828,2.23,11:45,134,89.9
1829,2.23,11:33,133,89.2
1830,2.23,12:11,134,89.2
1831,2.23,13:01,133,89.2
1832,2.23,13:16,134,89.2
1833,2.23,13:01,135,89.2
1834,2.23,13:01,135,89.2
1835,2.24,13:41,135,89.2
1836,2.24,13:08,135,89.2
1837,2.24,13:08,135,88.6
1838,2.24,14:25,135,88.6
1839,2.24,14:44,136,87.9
1840,2.24,14:34,136,87.9
1841,2.24,13:49,137,87.3
1842,2.24,13:32,137,87.3
1843,2.25,12:46,137,87.3
1844,2.25,12:18,136,87.3
1845,2.25,11:45,137,87.3
1846,2.25,11:58,137,87.3
1847,2.25,11:52,137,87.3
1848,2.25,12:18,137,86.6
1849,2.25,12:39,137,86.6
1850,2.25,13:08,137,86.6
1851,2.26,13:58,136,86.6
1852,2.26,14:54,136,87.3
1853,2.26,16:09,135,87.3
1854,2.26,16:21,135,87.3
1855,2.26,16:21,134,87.3
1856,2.26,15:24,133,86.6
1857,2.26,15:04,132,86.6
1858,2.26,14:16,126,86.6
1859,2.26,13:41,123,86.6
1860,2.27,13:32,124,86.6
1861,2.27,13:58,128,86.6
1862,2.27,12:53,130,86.6
1863,2.27,12:18,131,86.6
1864,2.27,12:46,132,86.6
1865,2.27,12:39,131,86.6
1866,2.27,11:39,129,86.6
1867,2.28,12:04,125,86.0
1868,2.28,12:11,128,86.0
1869,2.28,11:52,129,86.0
1870,2.28,11:21,130,86.0
1871,2.28,12:18,131,86.0
1872,2.28,12:53,132,86.0
1873,2.28,14:54,132,86.0
1874,2.28,15:46,134,86.0
1875,2.28,18:37,134,85.3
1876,2.28,19:26,136,85.3
1877,2.29,17:11,136,85.3
1878,2.29,14:34,136,85.3
1879,2.29,13:01,136,85.3
1880,2.29,12:11,137,85.3
1881,2.29,11:39,137,85.3
1882,2.29,12:32,137,85.3
1883,2.29,12:32,137,84.6
1884,2.3,13:16,136,84.6
1885,2.3,13:08,137,84.6
1886,2.3,13:32,137,84.6
1887,2.3,13:08,137,84.6
1888,2.3,13:24,137,84.6
1889,2.3,13:24,137,84.6
1890,2.3,13:49,137,84.6
1891,2.3,13:58,137,84.6
1892,2.3,15:24,136,84.6
1893,2.31,16:45,136,84.6
1894,2.31,18:53,136,84.6
1895,2.31,19:09,135,84.6
1896,2.31,19:26,135,84.6
1897,2.31,15:35,134,84.6
1898,2.31,12:18,134,84.6
1899,2.31,11:05,134,84.6
1900,2.32,10:33,134,84.6
1901,2.32,9:43,134,84.0
1902,2.32,10:05,135,84.6
1903,2.32,11:52,136,84.6
1904,2.32,12:32,136,84.6
1905,2.32,12:53,136,84.6
1906,2.32,13:41,136,84.6
1907,2.32,13:49,137,84.6
1908,2.33,12:53,136,84.6
1909,2.33,13:01,136,84.6
1910,2.33,12:39,136,84.6
1911,2.33,12:18,135,84.6
1912,2.33,12:46,136,84.6
1913,2.33,13:08,136,84.6
1914,2.33,13:24,136,84.6
1915,2.33,14:07,135,84.6
1916,2.34,15:04,135,84.6
1917,2.34,15:24,135,84.6
1918,2.34,15:14,134,85.3
1919,2.34,14:54,134,85.3
1920,2.34,15:04,134,85.3
1921,2.34,14:54,134,85.3
1922,2.34,14:44,135,85.3
1923,2.34,15:14,136,85.3
1924,2.34,15:04,137,85.3
1925,2.35,15:04,136,85.3
1926,2.35,15:04,136,85.3
1927,2.35,14:44,136,85.3
1928,2.35,14:34,137,85.3
1929,2.35,15:14,137,85.3
1930,2.35,14:34,138,85.3
1931,2.35,14:54,137,85.3
1932,2.35,14:34,138,85.3
1933,2.35,13:58,138,85.3
1934,2.36,13:08,138,85.3
1935,2.36,13:32,138,85.3
1936,2.36,12:53,137,85.3
1937,2.36,12:46,136,85.3
1938,2.36,13:01,137,85.3
1939,2.36,13:24,137,85.3
1940,2.36,13:32,137,85.3
1941,2.36,13:49,137,85.3
1942,2.37,14:25,136,85.3
1943,2.37,15:14,136,85.3
1944,2.37,15:14,136,85.3
1945,2.37,14:25,137,85.3
1946,2.37,13:49,137,84.6
1947,2.37,13:41,138,84.6
1948,2.37,12:32,138,85.3
1949,2.37,11:39,138,85.3
1950,2.38,11:52,138,85.3
1951,2.38,12:25,138,85.3
1952,2.38,12:46,138,85.3
1953,2.38,13:16,138,85.3
1954,2.38,14:25,138,86.0
1955,2.38,15:04,138,86.0
1956,2.38,14:54,138,86.0
1957,2.38,14:16,139,86.0
1958,2.39,13:58,140,86.0
1959,2.39,14:16,140,85.3
1960,2.39,13:49,140,85.3
1961,2.39,13:24,141,85.3
1962,2.39,13:32,141,85.3
1963,2.39,14:16,142,86.0
1964,2.39,13:58,141,86.0
1965,2.39,13:49,140,86.0
1966,2.39,15:04,140,86.0
1967,2.4,14:34,139,86.0
1968,2.4,14:34,138,86.0
1969,2.4,14:34,140,86.0
1970,2.4,13:49,140,86.0
1971,2.4,13:16,140,86.0
1972,2.4,13:41,140,86.0
1973,2.4,12:46,141,86.6
1974,2.4,12:39,141,86.6
1975,2.41,14:07,140,86.6
1976,2.41,14:16,139,86.6
1977,2.41,14:07,139,86.6
1978,2.41,14:54,139,86.6
1979,2.41,15:14,139,86.6
1980,2.41,15:04,140,86.6
1981,2.41,15:14,140,86.0
1982,2.41,15:24,140,86.0
1983,2.41,15:46,140,86.0
1984,2.42,15:35,140,86.0
1985,2.42,14:54,140,86.0
1986,2.42,14:34,140,86.0
1987,2.42,14:25,139,86.0
1988,2.42,14:25,139,86.0
1989,2.42,14:34,139,86.0
1990,2.42,14:54,139,85.3
1991,2.42,14:54,139,85.3
1992,2.42,15:04,139,85.3
1993,2.43,14:07,139,86.0
1994,2.43,13:41,139,86.0
1995,2.43,13:32,138,86.0
1996,2.43,12:53,137,86.0
1997,2.43,13:01,138,86.0
1998,2.43,13:24,138,86.0
1999,2.43,13:24,138,86.0
2000,2.44,12:53,138,86.0
2001,2.44,13:58,138,86.0
2002,2.44,13:01,137,86.0
2003,2.44,13:16,137,86.0
2004,2.44,13:41,137,86.0
2005,2.44,13:58,137,86.0
2006,2.44,13:24,137,86.0
2007,2.44,13:58,138,86.0
2008,2.44,13:49,138,86.0
2009,2.45,13:24,137,86.0
2010,2.45,13:49,137,86.0
2011,2.45,13:01,137,86.0
2012,2.45,13:24,138,85.3
2013,2.45,13:01,137,85.3
2014,2.45,12:25,137,86.0
2015,2.45,12:25,137,86.0
2016,2.46,13:01,135,86.0
2017,2.46,12:32,136,86.0
2018,2.46,12:39,136,85.3
2019,2.46,13:41,136,85.3
2020,2.46,13:41,136,85.3
2021,2.46,14:16,135,85.3
2022,2.46,14:16,135,85.3
2023,2.46,14:34,136,85.3
2024,2.46,13:41,136,85.3
2025,2.47,13:16,136,85.3
2026,2.47,12:53,136,85.3
2027,2.47,13:24,136,85.3
2028,2.47,12:53,137,85.3
2029,2.47,13:41,138,85.3
2030,2.47,13:41,139,85.3
2031,2.47,13:41,139,85.3
2032,2.47,14:07,139,84.6
2033,2.48,14:16,140,84.6
2034,2.48,13:08,140,84.0
2035,2.48,13:01,140,84.0
2036,2.48,13:24,140,84.0
2037,2.48,12:46,140,84.0
2038,2.48,13:16,140,84.0
2039,2.48,13:32,140,84.0
2040,2.48,13:32,139,84.0
2041,2.49,12:46,139,84.0
2042,2.49,12:53,140,84.0
2043,2.49,12:39,139,83.3
2044,2.49,13:16,138,83.3
2045,2.49,13:32,138,83.3
2046,2.49,13:16,138,83.3
2047,2.49,13:08,139,83.3
2048,2.5,12:39,139,83.3
2049,2.5,12:25,138,83.3
2050,2.5,12:39,139,83.3
2051,2.5,13:24,139,83.3
2052,2.5,13:49,138,83.3
2053,2.5,14:34,137,83.3
2054,2.5,15:35,136,83.3
2055,2.5,16:45,137,83.3
2056,2.5,17:52,137,82.7
2057,2.5,17:38,137,83.3
2058,2.51,16:33,137,83.3
2059,2.51,15:04,137,83.3
2060,2.51,13:32,137,83.3
2061,2.51,12:46,137,83.3
2062,2.51,12:39,138,83.3
2063,2.51,12:46,138,82.7
2064,2.51,13:41,138,82.7
2065,2.51,14:16,139,82.7
2066,2.52,13:58,139,82.7
2067,2.52,13:24,139,82.7
2068,2.52,13:58,139,82.0
2069,2.52,12:39,138,82.0
2070,2.52,12:25,138,82.0
2071,2.52,12:11,139,81.4
2072,2.52,12:25,139,81.4
2073,2.53,12:18,139,81.4
2074,2.53,12:39,139,81.4
2075,2.53,12:11,139,81.4
2076,2.53,12:32,139,81.4
2077,2.53,12:18,139,81.4
2078,2.53,12:04,139,81.4
2079,2.53,12:18,139,82.0
2080,2.53,12:46,139,82.0
2081,2.54,12:53,140,82.0
2082,2.54,13:01,139,82.0
2083,2.54,12:53,138,82.0
2084,2.54,13:01,138,82.0
2085,2.54,12:32,138,82.0
2086,2.54,12:32,139,82.0
2087,2.54,12:32,139,82.0
2088,2.54,13:08,139,82.0
2089,2.55,12:39,139,82.0
2090,2.55,13:24,139,82.7
2091,2.55,13:32,139,82.7
2092,2.55,14:25,139,82.7
2093,2.55,14:34,139,82.7
2094,2.55,14:25,138,82.7
2095,2.55,13:32,139,82.0
2096,2.55,13:41,138,82.0
2097,2.56,13:08,139,82.0
2098,2.56,13:08,139,82.0
2099,2.56,14:25,140,82.7
2100,2.56,14:44,141,82.7
2101,2.56,14:44,141,82.7
2102,2.56,15:04,142,82.7
2103,2.56,13:41,142,82.7
2104,2.56,12:53,142,83.3
2105,2.57,12:46,142,82.7
2106,2.57,12:11,142,82.7
2107,2.57,12:04,142,82.7
2108,2.57,12:32,142,82.7
2109,2.57,12:11,142,82.7
2110,2.57,12:25,143,82.7
2111,2.57,13:01,144,82.7
2112,2.57,13:01,142,82.0
2113,2.58,13:32,142,82.0
2114,2.58,14:07,143,82.0
2115,2.58,14:34,143,81.4
2116,2.58,14:44,144,81.4
2117,2.58,14:54,143,81.4
2118,2.58,15:14,142,80.7
2119,2.58,15:35,142,80.7
2120,2.58,14:54,142,80.7
2121,2.59,14:07,142,80.7
2122,2.59,13:49,141,80.1
2123,2.59,12:53,141,80.1
2124,2.59,12:46,142,80.1
2125,2.59,13:01,142,80.1
2126,2.59,12:46,142,80.1
2127,2.59,12:39,142,80.1
2128,2.59,13:08,142,80.1
2129,2.6,13:01,142,80.1
2130,2.6,12:39,142,80.1
2131,2.6,13:24,141,79.4
2132,2.6,12:39,141,79.4
2133,2.6,12:32,142,79.4
2134,2.6,12:32,142,79.4
2135,2.6,12:18,141,80.1
2136,2.6,11:52,142,80.1
2137,2.61,12:11,142,80.1
2138,2.61,11:52,141,80.1
2139,2.61,11:39,141,80.1
2140,2.61,12:04,140,80.1
2141,2.61,12:11,140,79.4
2142,2.61,12:46,139,79.4
2143,2.61,13:24,139,80.1
2144,2.61,14:16,139,80.1
2145,2.62,14:44,139,80.1
2146,2.62,15:04,138,80.1
2147,2.62,15:57,136,80.1
2148,2.62,16:21,135,80.1
2149,2.62,16:58,130,80.1
2150,2.62,17:38,127,80.1
2151,2.62,17:38,121,80.1
2152,2.62,17:52,119,80.1
2153,2.62,17:11,123,80.1
2154,2.62,17:11,125,80.1
2155,2.63,16:33,125,80.1
2156,2.63,16:33,121,80.1
2157,2.63,15:35,119,80.1
2158,2.63,15:35,122,80.1
2159,2.63,13:58,125,80.1
2160,2.63,12:32,128,80.1
2161,2.63,12:25,131,80.1
2162,2.64,11:52,132,79.4
2163,2.64,11:27,133,79.4
2164,2.64,10:59,135,79.4
2165,2.64,11:10,137,79.4
2166,2.64,11:05,138,78.7
2167,2.64,11:21,138,78.7
2168,2.64,11:39,139,78.7
2169,2.64,12:32,141,78.1
2170,2.65,13:08,141,78.1
2171,2.65,12:32,141,77.4
2172,2.65,12:53,141,77.4
2173,2.65,12:39,141,77.4
2174,2.65,12:46,142,77.4
2175,2.65,13:24,142,77.4
2176,2.65,14:44,142,77.4
2177,2.65,14:54,142,77.4
2178,2.66,15:14,142,77.4
2179,2.66,14:34,141,77.4
2180,2.66,13:24,142,77.4
2181,2.66,13:24,140,77.4
2182,2.66,12:53,139,77.4
2183,2.66,12:46,140,77.4
2184,2.66,13:24,140,78.1
2185,2.66,14:25,140,78.1
2186,2.67,14:25,141,78.1
2187,2.67,14:34,141,78.1
2188,2.67,15:35,141,78.7
2189,2.67,15:35,141,78.7
2190,2.67,15:24,142,79.4
2191,2.67,14:54,142,79.4
2192,2.67,14:54,142,79.4
2193,2.67,14:34,142,79.4
2194,2.67,14:16,142,79.4
2195,2.68,14:44,141,79.4
2196,2.68,15:14,142,80.1
2197,2.68,15:46,142,80.1
2198,2.68,15:04,142,80.1
2199,2.68,15:24,141,80.7
2200,2.68,15:04,141,80.7
2201,2.68,14:16,141,80.7
2202,2.68,13:32,141,80.7
2203,2.69,13:32,141,80.7
2204,2.69,13:24,141,80.7
2205,2.69,13:16,141,80.7
2206,2.69,13:32,141,80.7
2207,2.69,13:16,141,80.7
2208,2.69,13:16,141,80.7
2209,2.69,13:58,142,80.7
2210,2.69,13:41,143,80.7
2211,2.69,13:32,143,80.7
2212,2.7,14:07,143,80.1
2213,2.7,14:07,143,80.1
2214,2.7,12:39,143,80.1
2215,2.7,13:16,143,80.1
2216,2.7,13:49,144,80.1
2217,2.7,14:07,143,80.1
2218,2.7,15:14,144,80.1
2219,2.7,16:21,144,80.1
2220,2.7,16:09,144,80.1
2221,2.71,16:33,143,80.1
2222,2.71,17:11,144,80.7
2223,2.71,15:35,144,80.7
2224,2.71,15:04,144,80.7
2225,2.71,14:34,144,80.7
2226,2.71,13:32,144,80.7
2227,2.71,12:39,145,80.7
2228,2.71,12:46,144,80.7
2229,2.72,13:01,145,81.4
2230,2.72,13:01,145,81.4
2231,2.72,13:16,146,81.4
2232,2.72,13:24,145,81.4
2233,2.72,13:58,145,81.4
2234,2.72,14:34,144,81.4
2235,2.72,14:44,145,82.0
2236,2.72,14:25,145,82.0
2237,2.73,14:34,145,82.7
2238,2.73,13:16,145,82.7
2239,2.73,12:11,145,83.3
2240,2.73,11:58,144,83.3
2241,2.73,11:45,144,83.3
2242,2.73,11:21,144,83.3
2243,2.73,12:25,144,83.3
2244,2.73,12:39,144,83.3
2245,2.74,13:08,145,82.7
2246,2.74,12:32,144,82.7
2247,2.74,12:53,144,82.0
2248,2.74,12:11,143,81.4
2249,2.74,12:46,143,80.7
2250,2.74,12:18,143,80.7
2251,2.74,13:08,142,80.1
2252,2.75,13:16,141,80.1
2253,2.75,13:49,142,79.4
2254,2.75,12:39,141,78.7
2255,2.75,12:25,141,78.1
2256,2.75,12:46,142,77.4
2257,2.75,11:58,142,76.8
2258,2.75,11:39,142,76.1
2259,2.75,12:25,142,76.1
2260,2.76,12:46,142,75.5
2261,2.76,12:39,141,75.5
2262,2.76,13:49,141,74.8
2263,2.76,13:24,141,74.8
2264,2.76,13:08,141,74.8
2265,2.76,13:32,141,75.5
2266,2.76,13:24,142,75.5
2267,2.76,12:25,142,75.5
2268,2.77,13:01,142,75.5
2269,2.77,13:41,141,75.5
2270,2.77,13:32,140,75.5
2271,2.77,14:07,139,75.5
2272,2.77,14:16,138,75.5
2273,2.77,13:24,138,75.5
2274,2.77,13:16,138,75.5
2275,2.77,13:24,138,75.5
2276,2.78,13:32,139,75.5
2277,2.78,14:16,139,75.5
2278,2.78,15:46,139,75.5
2279,2.78,15:04,140,75.5
2280,2.78,15:04,140,75.5
2281,2.78,14:25,140,75.5
2282,2.78,14:54,140,75.5
2283,2.78,13:58,140,75.5
2284,2.78,14:16,140,75.5
2285,2.79,13:08,140,75.5
2286,2.79,13:16,140,75.5
2287,2.79,13:24,140,75.5
2288,2.79,15:04,140,75.5
2289,2.79,15:35,141,75.5
2290,2.79,16:21,141,75.5
2291,2.79,15:35,141,75.5
2292,2.79,13:58,141,75.5
2293,2.8,12:46,141,75.5
2294,2.8,13:01,140,76.1
2295,2.8,14:07,140,76.1
2296,2.8,15:04,139,76.1
2297,2.8,16:58,140,76.1
2298,2.8,17:52,139,75.5
2299,2.8,16:33,139,75.5
2300,2.8,14:25,139,75.5
2301,2.8,14:07,139,75.5
2302,2.81,13:16,139,75.5
2303,2.81,12:53,139,75.5
2304,2.81,13:01,139,75.5
2305,2.81,13:41,140,75.5
2306,2.81,13:49,140,75.5
2307,2.81,14:16,140,75.5
2308,2.81,14:25,140,75.5
2309,2.81,15:24,139,75.5
2310,2.81,15:57,138,74.8
2311,2.82,15:46,137,74.8
2312,2.82,15:46,138,74.8
2313,2.82,15:57,138,74.8
2314,2.82,15:14,138,74.8
2315,2.82,14:44,137,74.8
2316,2.82,15:04,137,74.8
2317,2.82,15:14,137,74.8
2318,2.82,15:24,138,74.8
2319,2.82,15:24,138,74.8
2320,2.83,15:24,139,74.8
2321,2.83,14:54,139,74.8
2322,2.83,14:16,138,74.8
2323,2.83,13:16,138,74.8
2324,2.83,13:08,138,74.8
2325,2.83,12:46,139,74.8
2326,2.83,12:32,139,74.8
2327,2.83,12:32,139,74.8
2328,2.84,12:53,139,74.8
2329,2.84,12:25,139,74.8
2330,2.84,12:04,138,74.8
2331,2.84,12:11,138,74.8
2332,2.84,11:45,138,74.8
2333,2.84,11:33,138,74.1
2334,2.84,11:58,138,74.1
2335,2.85,12:25,138,74.1
2336,2.85,12:32,138,74.1
2337,2.85,13:32,139,73.5
2338,2.85,13:32,139,73.5
2339,2.85,13:49,138,73.5
2340,2.85,14:16,138,73.5
2341,2.85,14:54,139,73.5
2342,2.85,15:04,139,73.5
2343,2.85,15:04,139,73.5
2344,2.86,14:54,139,73.5
2345,2.86,15:46,139,74.1
2346,2.86,16:33,139,74.1
2347,2.86,15:46,140,74.8
2348,2.86,16:33,139,74.8
2349,2.86,16:45,139,74.8
2350,2.86,15:24,139,75.5
2351,2.86,14:25,139,75.5
2352,2.86,14:25,137,75.5
2353,2.87,13:24,136,75.5
2354,2.87,12:53,137,75.5
2355,2.87,13:08,137,75.5
2356,2.87,13:08,137,75.5
2357,2.87,13:24,139,76.1
2358,2.87,14:44,139,76.1
2359,2.87,16:45,139,76.1
2360,2.87,17:11,139,76.1
2361,2.87,16:21,140,76.1
2362,2.88,16:09,140,76.1
2363,2.88,16:33,139,76.1
2364,2.88,15:35,141,76.1
2365,2.88,15:35,140,75.5
2366,2.88,16:45,140,75.5
2367,2.88,16:09,140,75.5
2368,2.88,15:14,139,75.5
2369,2.88,14:54,139,75.5
2370,2.88,14:34,139,75.5
2371,2.89,13:32,140,75.5
2372,2.89,13:16,140,75.5
2373,2.89,12:53,140,75.5
2374,2.89,13:08,141,76.1
2375,2.89,13:08,142,76.1
2376,2.89,13:49,141,76.1
2377,2.89,15:24,142,76.1
2378,2.89,15:46,141,76.1
2379,2.9,14:54,141,76.1
2380,2.9,14:07,141,76.8
2381,2.9,13:41,141,76.8
2382,2.9,12:46,141,76.8
2383,2.9,13:16,141,76.8
2384,2.9,13:32,141,77.4
2385,2.9,14:34,139,77.4
2386,2.9,15:04,139,77.4
2387,2.9,16:09,139,77.4
2388,2.91,16:45,139,77.4
2389,2.91,16:09,140,77.4
2390,2.91,15:57,139,77.4
2391,2.91,15:14,140,77.4
2392,2.91,14:34,139,77.4
2393,2.91,14:44,139,77.4
2394,2.91,14:54,139,77.4
2395,2.91,15:24,140,77.4
2396,2.91,16:33,139,77.4
2397,2.92,16:45,138,77.4
2398,2.92,16:45,138,77.4
2399,2.92,17:11,138,78.1
2400,2.92,15:57,138,78.1
2401,2.92,15:14,137,78.1
2402,2.92,15:24,137,78.1
2403,2.92,13:58,137,78.7
2404,2.92,13:32,138,78.7
2405,2.92,13:58,137,78.7
2406,2.93,13:58,137,78.7
2407,2.93,13:58,137,78.7
2408,2.93,14:25,138,78.7
2409,2.93,15:04,138,78.7
2410,2.93,15:04,138,78.7
2411,2.93,15:46,138,78.7
2412,2.93,14:25,137,78.7
2413,2.93,13:32,137,78.7
2414,2.94,12:53,138,79.4
2415,2.94,11:52,138,79.4
2416,2.94,11:21,139,79.4
2417,2.94,12:04,139,79.4
2418,2.94,12:18,139,79.4
2419,2.94,12:11,139,79.4
2420,2.94,13:08,140,79.4
2421,2.94,14:07,140,79.4
2422,2.94,14:44,141,80.1
2423,2.95,15:24,142,80.1
2424,2.95,15:57,142,80.1
2425,2.95,16:21,142,80.7
2426,2.95,15:14,142,80.7
2427,2.95,14:44,142,80.7
2428,2.95,14:54,142,81.4
2429,2.95,14:34,142,81.4
2430,2.95,14:07,143,81.4
2431,2.96,13:32,143,81.4
2432,2.96,12:04,143,81.4
2433,2.96,11:52,143,81.4
2434,2.96,12:04,143,80.7
2435,2.96,11:21,142,80.7
2436,2.96,11:39,142,80.1
2437,2.96,12:39,143,79.4
2438,2.97,12:04,143,79.4
2439,2.97,11:58,143,78.7
2440,2.97,12:32,142,78.1
2441,2.97,12:32,141,77.4
2442,2.97,12:18,141,77.4
2443,2.97,12:32,141,76.8
2444,2.97,12:39,141,76.8
2445,2.97,12:53,141,76.8
2446,2.98,12:46,141,76.8
2447,2.98,12:25,141,76.8
2448,2.98,12:11,141,76.8
2449,2.98,12:04,141,76.8
2450,2.98,12:25,141,76.8
2451,2.98,12:53,140,76.8
2452,2.98,14:25,140,76.8
2453,2.98,15:57,139,76.8
2454,2.98,17:38,138,76.1
2455,2.99,17:25,138,76.1
2456,2.99,19:43,138,76.1
2457,2.99,19:09,138,76.1
2458,2.99,17:52,139,76.8
2459,2.99,15:46,139,76.8
2460,2.99,14:54,140,77.4
2461,2.99,12:53,140,77.4
2462,2.99,12:25,140,78.1
2463,3.0,12:11,140,78.7
2464,3.0,12:25,141,79.4
2465,3.0,13:08,141,79.4
2466,3.0,14:16,141,80.1
2467,3.0,14:16,141,80.1
2468,3.0,14:25,141,80.7
2469,3.0,14:34,142,80.7
2470,3.0,13:49,143,80.7
2471,3.01,13:01,143,80.7
2472,3.01,13:01,142,80.7
2473,3.01,12:25,142,80.7
2474,3.01,12:18,143,80.7
2475,3.01,12:53,143,80.7
2476,3.01,13:01,143,80.7
2477,3.01,12:46,143,80.7
2478,3.01,14:34,143,80.7
2479,3.02,14:25,143,80.1
2480,3.02,12:53,143,80.1
2481,3.02,13:08,144,80.1
2482,3.02,13:58,145,80.1
2483,3.02,12:53,145,79.4
2484,3.02,12:53,144,79.4
2485,3.02,14:07,144,79.4
2486,3.02,14:16,144,79.4
2487,3.03,13:32,144,79.4
2488,3.03,13:24,144,79.4
2489,3.03,13:16,145,78.7
2490,3.03,13:08,145,78.7
2491,3.03,12:11,145,78.7
2492,3.03,12:32,144,78.7
2493,3.03,12:32,144,78.1
2494,3.03,12:53,145,78.1
2495,3.04,12:46,145,78.1
2496,3.04,12:53,144,77.4
2497,3.04,12:25,144,77.4
2498,3.04,13:16,144,77.4
2499,3.04,13:01,144,76.8
2500,3.04,13:01,144,76.8
2501,3.04,13:49,145,76.8
2502,3.04,14:54,144,76.1
2503,3.05,14:16,145,76.1
2504,3.05,15:24,145,76.1
2505,3.05,15:04,143,76.1
2506,3.05,14:16,144,76.1
2507,3.05,12:53,144,75.5
2508,3.05,12:04,144,75.5
2509,3.05,10:54,144,75.5
2510,3.06,10:38,145,75.5
2511,3.06,11:05,144,75.5
2512,3.06,11:45,144,76.1
2513,3.06,12:04,144,76.1
2514,3.06,12:46,144,76.1
2515,3.06,13:08,143,76.1
2516,3.06,12:53,143,76.1
2517,3.06,13:01,141,76.1
2518,3.07,13:49,141,76.1
2519,3.07,14:25,142,76.1
2520,3.07,15:35,142,76.1
2521,3.07,16:09,140,76.1
2522,3.07,15:35,138,76.1
2523,3.07,14:44,136,76.1
2524,3.07,13:41,133,76.1
2525,3.07,12:39,127,76.1
2526,3.07,12:53,120,76.1
2527,3.08,12:32,114,76.8
2528,3.08,13:08,108,76.8
2529,3.08,13:41,108,76.8
2530,3.08,13:58,110,76.8
2531,3.08,11:58,110,76.8
2532,3.08,11:05,110,76.8
2533,3.09,9:34,110,76.8
2534,3.09,9:03,111,76.8
2535,3.09,8:10,112,76.8
2536,3.09,9:00,113,76.8
2537,3.09,10:18,111,76.8
2538,3.09,11:39,111,76.8
2539,3.09,12:18,111,76.8
2540,3.09,16:21,111,76.8
2541,3.1,17:11,111,76.8
2542,3.1,18:07,112,76.8
2543,3.1,19:43,111,76.8
2544,3.1,21:37,112,76.8
2545,3.1,18:53,111,76.8
2546,3.1,18:07,111,76.8
2547,3.1,16:33,111,76.8
2548,3.1,16:33,112,76.1
2549,3.1,16:09,111,76.1
2550,3.1,16:33,111,76.1
2551,3.11,16:33,111,76.1
2552,3.11,17:25,111,76.1
2553,3.11,18:07,111,76.1
2554,3.11,17:52,112,76.1
2555,3.11,17:25,112,76.1
2556,3.11,15:24,112,76.1
2557,3.11,13:32,112,76.1
2558,3.11,13:08,112,76.1
2559,3.11,13:41,113,76.1
2560,3.12,13:58,113,75.5
2561,3.12,14:25,114,75.5
2562,3.12,15:24,115,75.5
2563,3.12,16:21,117,75.5
2564,3.12,15:04,119,75.5
2565,3.12,13:58,121,75.5
2566,3.12,14:44,124,75.5
2567,3.12,14:25,128,75.5
2568,3.12,13:01,131,75.5
2569,3.13,13:32,133,75.5
2570,3.13,13:58,136,75.5
2571,3.13,13:32,137,75.5
2572,3.13,13:24,139,75.5
2573,3.13,12:53,140,75.5
2574,3.13,13:01,140,75.5
2575,3.13,13:08,141,75.5
2576,3.13,13:08,140,75.5
2577,3.14,12:39,140,75.5
2578,3.14,12:46,140,75.5
2579,3.14,12:39,139,75.5
2580,3.14,12:11,140,75.5
2581,3.14,12:25,140,75.5
2582,3.14,12:53,140,75.5
2583,3.14,13:16,140,75.5
2584,3.15,12:53,140,75.5
2585,3.15,13:32,139,75.5
2586,3.15,13:08,140,75.5
2587,3.15,13:49,140,75.5
2588,3.15,14:07,140,75.5
2589,3.15,13:58,141,76.1
2590,3.15,13:41,140,76.1
2591,3.15,13:49,142,76.8
2592,3.16,12:32,143,76.8
2593,3.16,12:39,142,76.8
2594,3.16,12:53,142,76.8
2595,3.16,13:08,142,77.4
2596,3.16,13:08,142,77.4
2597,3.16,13:32,142,77.4
2598,3.16,13:08,144,78.1
2599,3.16,12:46,144,78.1
2600,3.17,13:01,143,78.1
2601,3.17,12:32,142,78.7
2602,3.17,13:16,142,78.1
2603,3.17,13:41,142,78.1
2604,3.17,13:49,141,78.7
2605,3.17,13:49,142,78.7
2606,3.17,14:44,142,78.7
2607,3.17,14:34,141,78.7
2608,3.17,14:44,140,79.4
2609,3.18,15:24,140,78.7
2610,3.18,15:46,140,78.7
2611,3.18,14:54,140,78.1
2612,3.18,14:16,140,77.4
2613,3.18,13:01,141,77.4
2614,3.18,12:25,141,77.4
2615,3.18,11:10,141,78.1
2616,3.19,10:33,142,78.7
2617,3.19,10:33,144,79.4
2618,3.19,10:38,145,80.1
2619,3.19,10:28,146,80.1
2620,3.19,11:39,147,80.1
2621,3.19,13:16,147,80.1
2622,3.19,13:32,148,80.7
2623,3.19,15:04,148,80.7
2624,3.19,17:52,148,80.7
2625,3.2,16:09,148,81.4
2626,3.2,15:35,148,81.4
2627,3.2,16:09,147,81.4
2628,3.2,15:14,147,82.0
2629,3.2,14:07,148,82.0
2630,3.2,14:07,148,82.7
2631,3.2,13:32,148,83.3
2632,3.2,13:32,148,83.3
2633,3.21,13:32,148,84.0
2634,3.21,13:32,148,84.0
2635,3.21,14:44,149,84.6
2636,3.21,16:58,149,84.6
2637,3.21,17:38,149,85.3
2638,3.21,18:07,150,86.0
2639,3.21,18:07,151,86.0
2640,3.21,18:07,151,86.6
2641,3.21,17:25,151,87.3
2642,3.21,17:25,152,87.3
2643,3.22,17:11,153,87.9
2644,3.22,17:25,153,89.2
2645,3.22,17:38,154,89.9
2646,3.22,18:07,154,90.6
2647,3.22,21:17,154,90.6
2648,3.22,24:23,154,91.2
2649,3.22,30:28,154,91.9
2650,3.22,29:48,153,91.9
2651,3.22,27:56,153,92.5
2652,3.22,23:07,153,93.2
2653,3.22,20:37,153,93.2
2654,3.22,18:07,153,93.8
2655,3.22,17:38,153,94.5
2656,3.23,18:53,153,94.5
2657,3.23,18:22,153,95.1
2658,3.23,19:43,153,96.5
2659,3.23,20:01,154,96.5
2660,3.23,21:37,154,97.1
2661,3.23,20:01,154,97.1
2662,3.23,20:19,155,97.1
2663,3.23,19:26,155,97.8
2664,3.23,19:09,155,97.8
2665,3.23,17:38,155,97.8
2666,3.23,17:11,154,98.4
2667,3.23,19:43,154,98.4
2668,3.24,21:17,155,99.1
2669,3.24,20:57,155,99.1
2670,3.24,22:21,155,99.7
2671,3.24,22:21,155,100.4
2672,3.24,20:57,156,101.0
2673,3.24,20:57,156,101.0
2674,3.24,20:57,156,101.7
2675,3.24,20:37,155,101.7
2676,3.24,21:37,155,101.7
2677,3.24,18:53,157,102.4
2678,3.24,17:11,156,102.4
2679,3.24,16:58,156,103.0
2680,3.25,15:35,156,103.0
2681,3.25,15:24,156,103.0
2682,3.25,15:14,156,103.7
2683,3.25,15:24,156,103.7
2684,3.25,15:04,156,103.7
2685,3.25,15:46,156,104.3
2686,3.25,15:57,156,104.3
2687,3.25,16:33,155,105.0
2688,3.25,16:58,155,105.6
2689,3.26,16:58,155,105.6
2690,3.26,16:33,155,105.6
2691,3.26,14:54,154,105.6
2692,3.26,14:16,154,105.6
2693,3.26,13:32,155,105.6
2694,3.26,13:24,155,105.6
2695,3.26,13:24,155,105.6
2696,3.26,13:58,155,105.6
2697,3.27,13:16,154,106.3
2698,3.27,13:08,155,106.3
2699,3.27,13:16,155,106.3
2700,3.27,13:01,155,106.3
2701,3.27,13:08,155,106.3
2702,3.27,14:25,155,105.6
2703,3.27,14:54,154,105.6
2704,3.27,15:04,154,105.0
2705,3.27,15:57,153,105.0
2706,3.28,16:09,153,104.3
2707,3.28,14:44,153,104.3
2708,3.28,13:58,155,104.3
2709,3.28,13:58,154,104.3
2710,3.28,13:49,154,103.7
2711,3.28,13:49,153,103.7
2712,3.28,14:25,153,103.7
2713,3.28,14:34,152,103.7
2714,3.29,14:44,151,103.7
2715,3.29,14:44,151,103.7
2716,3.29,14:25,151,103.7
2717,3.29,14:54,151,103.0
2718,3.29,15:35,151,103.0
2719,3.29,14:54,151,103.0
2720,3.29,14:16,150,103.0
2721,3.29,13:41,150,103.0
2722,3.29,13:58,149,103.0
2723,3.3,13:49,149,103.0
2724,3.3,14:34,150,103.0
2725,3.3,14:25,149,102.4
2726,3.3,14:54,149,102.4
2727,3.3,12:53,148,101.7
2728,3.3,12:53,147,101.7
2729,3.3,12:39,147,101.0
2730,3.3,13:16,147,101.0
2731,3.31,13:16,146,101.0
2732,3.31,14:44,146,100.4
2733,3.31,14:25,147,100.4
2734,3.31,13:58,147,100.4
2735,3.31,13:16,147,99.7
2736,3.31,13:24,146,99.7
2737,3.31,13:01,147,99.7
2738,3.31,12:46,148,99.7
2739,3.32,12:32,147,99.7
2740,3.32,12:39,145,99.7
2741,3.32,12:39,143,99.7
2742,3.32,13:01,144,99.7
2743,3.32,13:16,144,99.7
2744,3.32,13:41,144,99.1
2745,3.32,14:16,144,99.1
2746,3.32,13:08,144,99.1
2747,3.33,12:25,144,99.1
2748,3.33,12:25,143,99.1
2749,3.33,12:46,143,99.1
2750,3.33,12:18,143,99.1
2751,3.33,13:58,143,99.1
2752,3.33,14:25,142,98.4
2753,3.33,14:44,143,98.4
2754,3.33,14:25,141,98.4
2755,3.34,14:07,140,98.4
2756,3.34,13:01,141,97.8
2757,3.34,13:32,140,97.8
2758,3.34,13:24,140,97.8
2759,3.34,13:08,141,97.1
2760,3.34,13:58,141,97.1
2761,3.34,14:54,140,96.5
2762,3.34,14:34,140,96.5
2763,3.34,15:14,139,95.8
2764,3.35,14:54,139,95.1
2765,3.35,14:07,139,95.1
2766,3.35,14:25,139,94.5
2767,3.35,14:25,139,93.8
2768,3.35,13:49,138,93.2
2769,3.35,14:34,138,93.2
2770,3.35,14:54,138,92.5
2771,3.35,14:16,137,91.9
2772,3.36,14:25,136,91.2
2773,3.36,14:25,136,90.6
2774,3.36,14:25,136,89.9
2775,3.36,14:44,134,89.2
2776,3.36,14:54,133,88.6
2777,3.36,15:14,133,87.9
2778,3.36,15:04,133,87.3
2779,3.36,14:44,134,86.0
2780,3.36,14:44,134,85.3
2781,3.37,14:16,134,84.0
2782,3.37,13:24,134,84.0
2783,3.37,12:46,134,82.7
2784,3.37,12:04,134,82.0
2785,3.37,11:39,134,80.7
2786,3.37,11:10,135,79.4
2787,3.37,10:54,135,78.1
2788,3.38,10:54,136,77.4
2789,3.38,11:21,135,76.8
2790,3.38,11:16,135,76.1
2791,3.38,10:59,135,75.5
2792,3.38,11:10,136,74.8
2793,3.38,11:10,137,73.5
2794,3.39,10:43,138,72.8
2795,3.39,10:59,138,72.2
2796,3.39,11:39,137,70.9
2797,3.39,11:16,138,70.2
2798,3.39,11:52,137,70.2
2799,3.39,12:04,138,69.6
2800,3.39,11:10,137,68.9
2801,3.4,10:28,137,68.9
2802,3.4,11:05,138,68.2
2803,3.4,10:05,138,68.2
2804,3.4,9:51,138,67.6
2805,3.4,10:05,138,67.6
2806,3.4,10:14,139,67.6
2807,3.41,10:05,139,67.6
2808,3.41,10:48,139,66.9
2809,3.41,11:10,139,66.9
2810,3.41,11:39,138,66.9
2811,3.41,12:25,138,66.9
2812,3.41,12:04,138,66.9
2813,3.41,11:58,138,66.9
2814,3.41,12:11,139,66.9
2815,3.42,11:58,139,66.9
2816,3.42,12:04,138,66.9
2817,3.42,13:01,138,66.3
2818,3.42,13:49,138,66.3
2819,3.42,14:44,138,66.9
2820,3.42,15:46,138,67.6
2821,3.42,15:35,139,67.6
2822,3.42,15:14,139,68.2
2823,3.42,15:35,139,68.9
2824,3.43,15:04,140,69.6
2825,3.43,14:54,139,70.2
2826,3.43,15:24,140,70.2
2827,3.43,15:57,141,70.9
2828,3.43,15:04,141,70.9
2829,3.43,14:25,141,70.9
2830,3.43,14:25,141,71.5
2831,3.43,13:58,142,71.5
2832,3.44,13:24,143,70.9
2833,3.44,13:16,144,70.9
2834,3.44,13:32,143,70.2
2835,3.44,13:49,144,70.2
2836,3.44,14:16,144,69.6
2837,3.44,13:32,144,68.9
2838,3.44,13:32,143,68.2
2839,3.44,13:24,143,68.2
2840,3.45,12:25,144,67.6
2841,3.45,11:16,144,67.6
2842,3.45,11:10,145,66.9
2843,3.45,10:38,146,66.9
2844,3.45,10:28,145,66.3
2845,3.45,10:28,146,66.3
2846,3.46,10:38,146,66.3
2847,3.46,10:38,146,65.6
2848,3.46,11:05,146,65.6
2849,3.46,11:10,146,65.6
2850,3.46,11:45,147,65.6
2851,3.46,12:18,147,65.6
2852,3.46,13:49,146,65.6
2853,3.46,13:24,145,65.6
2854,3.47,13:24,145,65.6
2855,3.47,13:08,145,65.6
2856,3.47,13:08,146,65.6
2857,3.47,12:18,146,65.6
2858,3.47,12:39,145,65.6
2859,3.47,12:32,145,65.6
2860,3.47,12:39,146,65.6
2861,3.47,12:25,145,66.3
2862,3.48,12:18,146,66.3
2863,3.48,12:25,145,66.3
2864,3.48,13:01,145,66.3
2865,3.48,12:46,146,66.3
2866,3.48,12:46,146,66.3
2867,3.48,13:01,146,66.3
2868,3.48,13:24,147,66.3
2869,3.49,12:53,146,66.3
2870,3.49,13:16,146,66.3
2871,3.49,13:58,146,66.3
2872,3.49,14:54,146,66.3
2873,3.49,15:14,145,66.3
2874,3.49,15:57,145,66.3
2875,3.49,15:14,145,66.3
2876,3.49,15:14,145,66.3
2877,3.49,14:34,144,66.3
2878,3.5,13:49,143,66.3
2879,3.5,13:41,143,66.3
2880,3.5,14:25,144,66.3
2881,3.5,14:54,144,66.3
2882,3.5,15:24,144,66.3
2883,3.5,20:01,144,66.3
2884,3.5,21:59,144,66.3
2885,3.5,22:43,142,66.3
2886,3.5,21:37,142,66.3
2887,3.5,20:37,142,65.6
2888,3.5,15:35,142,65.6
2889,3.51,13:49,142,65.6
2890,3.51,13:08,143,65.6
2891,3.51,12:32,143,65.6
2892,3.51,11:52,143,65.6
2893,3.51,12:04,145,65.6
2894,3.51,12:39,144,66.3
2895,3.51,12:39,145,66.3
2896,3.52,13:01,144,66.3
2897,3.52,13:32,143,66.3
2898,3.52,13:24,143,66.3
2899,3.52,13:24,143,66.3
2900,3.52,13:32,141,66.3
2901,3.52,13:49,141,66.9
2902,3.52,14:25,142,66.9
2903,3.52,14:44,143,66.9
2904,3.52,15:04,142,66.9
2905,3.53,15:35,143,66.9
2906,3.53,15:57,144,66.9
2907,3.53,15:14,143,66.9
2908,3.53,15:46,143,66.9
2909,3.53,15:46,143,66.9
2910,3.53,14:07,143,67.6
2911,3.53,14:07,143,67.6
2912,3.53,13:58,143,66.9
2913,3.54,13:16,143,66.9
2914,3.54,13:41,143,66.9
2915,3.54,15:35,143,66.9
2916,3.54,15:24,143,66.9
2917,3.54,16:09,143,66.9
2918,3.54,16:21,143,66.9
2919,3.54,16:09,143,66.9
2920,3.54,15:24,143,67.6
2921,3.54,14:54,143,67.6
2922,3.54,14:54,142,67.6
2923,3.55,14:16,143,67.6
2924,3.55,14:07,143,67.6
2925,3.55,13:58,142,67.6
2926,3.55,15:24,142,67.6
2927,3.55,16:21,143,67.6
2928,3.55,18:07,143,67.6
2929,3.55,17:25,142,67.6
2930,3.55,15:24,143,68.2
2931,3.55,13:41,143,68.2
2932,3.56,12:25,143,68.2
2933,3.56,11:58,142,68.9
2934,3.56,12:39,143,68.9
2935,3.56,14:25,142,69.6
2936,3.56,15:35,142,70.2
2937,3.56,16:21,142,70.2
2938,3.56,17:11,142,70.9
2939,3.56,16:21,144,71.5
2940,3.56,15:35,144,71.5
2941,3.57,15:04,144,71.5
2942,3.57,15:57,144,72.2
2943,3.57,16:09,144,72.2
2944,3.57,16:45,144,72.8
2945,3.57,17:25,143,72.8
2946,3.57,18:22,144,72.8
2947,3.57,18:07,144,72.2
2948,3.57,18:37,144,72.2
2949,3.57,16:45,144,72.2
2950,3.58,15:04,144,71.5
2951,3.58,12:39,145,70.9
2952,3.58,10:59,145,69.6
2953,3.58,10:00,145,68.9
2954,3.58,9:30,145,68.2
2955,3.58,9:07,145,68.2
2956,3.59,9:30,146,68.2
2957,3.59,10:05,146,68.2
2958,3.59,10:28,147,68.2
2959,3.59,11:05,147,68.2
2960,3.59,13:01,147,68.2
2961,3.59,14:34,149,68.9
2962,3.59,15:24,149,68.9
2963,3.59,16:21,149,68.9
2964,3.59,17:38,149,68.9
2965,3.6,16:45,149,68.9
2966,3.6,16:09,150,68.9
2967,3.6,15:57,150,69.6
2968,3.6,14:16,150,69.6
2969,3.6,14:07,150,70.2
2970,3.6,14:07,150,70.2
2971,3.6,14:44,149,70.2
2972,3.6,14:54,149,70.9
2973,3.6,15:57,148,70.9
2974,3.61,14:07,148,71.5
2975,3.61,13:49,148,72.2
2976,3.61,13:16,149,72.2
2977,3.61,13:41,149,72.8
2978,3.61,13:58,149,72.8
2979,3.61,15:57,149,73.5
2980,3.61,15:35,148,74.1
2981,3.61,15:35,149,74.1
2982,3.62,14:44,149,74.8
2983,3.62,14:34,150,74.8
2984,3.62,14:44,150,75.5
2985,3.62,15:46,150,76.1
2986,3.62,15:35,150,76.8
2987,3.62,15:57,150,77.4
2988,3.62,15:24,149,77.4
2989,3.62,14:44,149,78.1
2990,3.62,14:25,149,78.7
2991,3.62,14:34,150,79.4
2992,3.63,14:34,151,79.4
2993,3.63,15:46,151,80.1
2994,3.63,15:46,151,80.7
2995,3.63,16:21,151,81.4
2996,3.63,17:11,151,82.0
2997,3.63,18:22,151,82.7
2998,3.63,18:37,152,82.7
2999,3.63,20:37,153,83.3
3000,3.63,22:43,153,84.0
3001,3.63,21:59,155,84.6
3002,3.63,20:19,155,85.3
3003,3.64,19:09,155,86.0
3004,3.64,18:07,156,86.0
3005,3.64,16:33,158,86.6
3006,3.64,16:09,157,87.9
3007,3.64,15:46,158,87.9
3008,3.64,15:14,159,88.6
3009,3.64,14:44,160,89.2
3010,3.64,14:44,160,89.9
3011,3.64,14:54,160,90.6
3012,3.65,15:57,160,91.2
3013,3.65,17:11,161,91.9
3014,3.65,18:37,162,92.5
3015,3.65,17:38,162,93.2
3016,3.65,17:38,162,93.8
3017,3.65,17:38,163,93.8
3018,3.65,17:25,163,94.5
3019,3.65,16:45,163,95.1
3020,3.65,18:37,163,95.8
3021,3.65,17:11,163,95.8
3022,3.65,16:33,163,95.8
3023,3.66,16:45,162,95.8
3024,3.66,16:58,162,96.5
3025,3.66,15:14,162,96.5
3026,3.66,15:57,162,96.5
3027,3.66,15:24,162,97.1
3028,3.66,14:16,162,97.1
3029,3.66,13:08,162,97.1
3030,3.66,13:41,161,97.1
3031,3.67,13:32,162,97.8
3032,3.67,13:32,162,97.8
3033,3.67,13:58,161,97.8
3034,3.67,14:25,161,97.8
3035,3.67,14:44,162,97.8
3036,3.67,15:57,162,97.8
3037,3.67,15:14,162,97.8
3038,3.67,14:54,162,97.8
3039,3.67,15:24,161,97.8
3040,3.68,15:14,161,97.8
3041,3.68,14:07,162,97.8
3042,3.68,15:35,161,98.4
3043,3.68,16:33,161,98.4
3044,3.68,15:57,161,98.4
3045,3.68,15:46,162,99.1
3046,3.68,15:14,161,99.1
3047,3.68,13:58,161,99.1
3048,3.68,13:32,161,99.1
3049,3.69,14:07,162,99.1
3050,3.69,14:07,162,99.1
3051,3.69,15:24,162,99.1
3052,3.69,15:57,162,99.1
3053,3.69,15:46,160,99.1
3054,3.69,14:44,160,99.1
3055,3.69,14:07,160,99.7
3056,3.69,13:16,159,99.7
3057,3.69,13:24,160,99.7
3058,3.7,13:24,159,99.7
3059,3.7,13:58,159,99.7
3060,3.7,14:07,159,99.7
3061,3.7,14:44,159,100.4
3062,3.7,14:25,159,100.4
3063,3.7,13:58,159,101.0
3064,3.7,14:07,158,101.0
3065,3.7,14:44,158,101.0
3066,3.7,14:54,158,101.7
3067,3.71,14:44,157,101.7
3068,3.71,15:57,157,101.7
3069,3.71,15:35,157,101.7
3070,3.71,15:57,157,101.7
3071,3.71,15:24,157,102.4
3072,3.71,15:24,156,102.4
3073,3.71,14:54,156,103.0
3074,3.71,15:14,155,103.0
3075,3.71,14:34,155,103.0
3076,3.72,14:16,156,103.0
3077,3.72,14:54,156,103.0
3078,3.72,15:35,156,103.0
3079,3.72,14:44,155,103.0
3080,3.72,15:35,154,103.7
3081,3.72,16:09,154,103.7
3082,3.72,15:35,154,104.3
3083,3.72,14:44,154,104.3
3084,3.72,15:57,154,104.3
3085,3.73,15:24,154,104.3
3086,3.73,14:54,155,104.3
3087,3.73,15:35,155,104.3
3088,3.73,15:35,155,104.3
3089,3.73,14:44,155,104.3
3090,3.73,15:04,155,103.7
3091,3.73,15:04,154,103.7
3092,3.73,14:07,152,103.7
3093,3.73,13:58,150,103.7
3094,3.74,13:24,150,103.7
3095,3.74,13:08,149,103.7
3096,3.74,12:53,148,103.0
3097,3.74,12:04,149,103.0
3098,3.74,11:52,149,103.0
3099,3.74,11:58,150,103.0
3100,3.74,11:33,150,103.0
3101,3.75,12:11,150,103.0
3102,3.75,13:41,150,102.4
3103,3.75,13:49,151,102.4
3104,3.75,13:08,151,101.7
3105,3.75,12:25,152,101.7
3106,3.75,11:39,152,101.0
3107,3.75,10:59,152,100.4
3108,3.76,10:48,152,99.7
3109,3.76,11:39,152,99.7
3110,3.76,12:25,153,99.1
3111,3.76,12:18,153,99.1
3112,3.76,12:53,153,98.4
3113,3.76,11:58,152,97.8
3114,3.76,10:59,153,97.1
3115,3.77,10:18,152,96.5
3116,3.77,10:05,152,95.8
3117,3.77,10:09,151,95.1
3118,3.77,10:28,150,94.5
3119,3.77,10:54,151,93.8
3120,3.77,11:21,150,93.2
3121,3.78,11:16,150,92.5
3122,3.78,11:05,150,91.9
3123,3.78,11:58,150,91.2
3124,3.78,12:04,150,91.2
3125,3.78,11:27,150,89.9
3126,3.78,11:27,150,89.2
3127,3.78,10:33,151,88.6
3128,3.79,9:51,151,87.3
3129,3.79,8:32,153,86.0
3130,3.79,8:19,153,84.6
3131,3.79,8:22,153,84.0
3132,3.79,8:45,153,82.7
3133,3.8,9:07,152,82.0
3134,3.8,10:33,152,81.4
3135,3.8,11:27,153,80.7
3136,3.8,11:33,152,80.1
3137,3.8,10:48,151,80.1
3138,3.8,10:05,151,79.4
3139,3.81,9:51,150,78.7
3140,3.81,9:22,150,78.7
3141,3.81,9:18,149,78.1
3142,3.81,9:43,150,77.4
3143,3.81,9:34,150,76.8
3144,3.81,9:47,150,76.8
3145,3.81,10:28,149,76.1
3146,3.82,11:16,149,76.1
3147,3.82,11:39,148,76.1
3148,3.82,12:53,147,76.1
3149,3.82,13:08,147,75.5
3150,3.82,12:39,147,74.8
3151,3.82,12:04,147,74.8
3152,3.82,11:27,147,74.1
3153,3.83,11:10,147,72.8
3154,3.83,11:05,147,72.2
3155,3.83,10:59,146,72.2
3156,3.83,10:43,146,72.2
3157,3.83,11:21,146,72.2
3158,3.83,12:18,146,72.8
3159,3.83,13:24,146,73.5
3160,3.83,14:34,146,74.1
3161,3.84,16:45,146,74.8
3162,3.84,18:07,147,74.8
3163,3.84,17:25,147,74.8
3164,3.84,17:25,149,74.8
3165,3.84,17:11,149,74.8
3166,3.84,16:33,149,74.8
3167,3.84,15:24,151,74.1
3168,3.84,14:25,151,74.1
3169,3.84,13:01,151,74.1
3170,3.85,12:39,152,73.5
3171,3.85,11:33,153,72.8
3172,3.85,11:16,152,72.8
3173,3.85,11:39,152,72.8
3174,3.85,11:21,152,72.8
3175,3.85,10:48,152,72.8
3176,3.86,10:48,151,72.8
3177,3.86,10:48,152,72.2
3178,3.86,10:54,152,72.2
3179,3.86,11:52,153,72.2
3180,3.86,12:39,152,71.5
3181,3.86,13:58,152,71.5
3182,3.86,15:04,153,71.5
3183,3.86,14:44,151,71.5
3184,3.87,13:41,150,71.5
3185,3.87,12:53,151,72.2
3186,3.87,12:18,151,72.2
3187,3.87,11:58,151,72.2
3188,3.87,12:18,152,72.2
3189,3.87,12:25,152,72.2
3190,3.87,13:24,152,72.2
3191,3.87,14:16,152,72.2
3192,3.88,14:25,153,72.2
3193,3.88,13:49,153,72.2
3194,3.88,13:49,153,72.2
3195,3.88,13:01,153,72.2
3196,3.88,12:25,153,72.2
3197,3.88,12:04,154,72.2
3198,3.88,12:25,155,72.2
3199,3.88,13:08,154,72.8
3200,3.89,14:16,154,72.8
3201,3.89,15:04,154,72.8
3202,3.89,15:57,154,72.8
3203,3.89,15:04,153,72.8
3204,3.89,14:07,153,73.5
3205,3.89,13:41,154,73.5
3206,3.89,13:08,154,72.8
3207,3.89,12:25,154,72.8
3208,3.9,12:46,153,72.8
3209,3.9,12:53,152,72.8
3210,3.9,12:39,152,72.8
3211,3.9,12:32,151,73.5
3212,3.9,12:25,151,73.5
3213,3.9,12:39,151,73.5
3214,3.9,13:32,150,73.5
3215,3.9,12:53,148,73.5
3216,3.91,12:46,147,74.1
3217,3.91,13:16,148,74.1
3218,3.91,13:16,149,73.5
3219,3.91,13:01,148,73.5
3220,3.91,14:07,149,73.5
3221,3.91,15:04,148,73.5
3222,3.91,15:04,148,73.5
3223,3.91,15:24,148,73.5
3224,3.91,15:35,148,74.1
3225,3.92,15:14,148,74.1
3226,3.92,15:35,147,74.1
3227,3.92,17:25,147,74.1
3228,3.92,19:26,148,74.1
3229,3.92,21:59,148,74.1
3230,3.92,29:09,148,74.1
3231,3.92,39:26,147,74.1
3232,3.92,41:54,148,74.1
3233,3.92,47:53,147,74.1
3234,3.92,37:15,147,74.1
3235,3.92,20:19,147,74.1
3236,3.92,14:25,146,74.1
3237,3.93,12:18,146,74.1
3238,3.93,10:33,146,74.1
3239,3.93,9:51,145,74.1
3240,3.93,10:48,145,74.1
3241,3.93,10:28,145,74.1
3242,3.93,9:51,143,74.1
3243,3.94,9:51,142,74.1
3244,3.94,9:38,138,74.1
3245,3.94,10:00,133,73.5
3246,3.94,11:27,127,73.5
3247,3.94,11:58,129,73.5
3248,3.94,12:04,129,73.5
3249,3.94,12:25,129,73.5
3250,3.95,11:45,129,74.1
3251,3.95,10:14,129,74.1
3252,3.95,10:43,124,74.1
3253,3.95,11:27,121,74.8
3254,3.95,11:21,123,74.8
3255,3.95,12:32,128,74.8
3256,3.95,14:54,135,74.8
3257,3.95,16:45,138,74.1
3258,3.96,15:46,141,74.1
3259,3.96,19:26,143,74.8
3260,3.96,16:58,147,74.8
3261,3.96,15:57,148,74.8
3262,3.96,14:25,149,74.8
3263,3.96,14:44,149,74.8
3264,3.96,13:01,149,74.8
3265,3.96,14:16,150,74.8
3266,3.96,15:04,150,75.5
3267,3.97,15:14,150,75.5
3268,3.97,14:54,150,75.5
3269,3.97,15:14,150,75.5
3270,3.97,13:58,150,76.1
3271,3.97,13:41,150,76.1
3272,3.97,14:07,149,76.1
3273,3.97,13:32,149,76.1
3274,3.97,13:58,149,76.1
3275,3.97,15:04,149,76.1
3276,3.98,15:14,148,76.8
3277,3.98,14:25,148,76.8
3278,3.98,15:04,148,76.8
3279,3.98,14:54,148,76.8
3280,3.98,14:16,148,76.8
3281,3.98,14:16,148,76.8
3282,3.98,15:35,148,76.8
3283,3.98,15:35,147,76.8
3284,3.98,15:14,146,76.8
3285,3.99,15:04,146,76.8
3286,3.99,14:54,146,76.8
3287,3.99,14:07,146,77.4
3288,3.99,14:16,145,77.4
3289,3.99,14:44,147,77.4
3290,3.99,15:35,147,77.4
3291,3.99,15:35,147,77.4
3292,3.99,15:14,146,77.4
3293,4.0,15:04,147,77.4
3294,4.0,14:25,146,77.4
3295,4.0,13:49,146,77.4
3296,4.0,13:58,146,77.4
3297,4.0,14:07,145,78.1
3298,4.0,13:58,146,78.1
3299,4.0,14:25,146,78.1
3300,4.0,14:25,146,78.1
3301,4.0,13:58,146,77.4
3302,4.01,13:41,146,77.4
3303,4.01,13:32,147,76.8
3304,4.01,13:08,146,76.8
3305,4.01,13:16,145,76.1
3306,4.01,13:01,145,75.5
3307,4.01,13:32,145,74.8
3308,4.01,14:16,146,74.8
3309,4.01,15:04,146,74.8
3310,4.02,15:04,147,74.8
3311,4.02,15:14,147,74.8
3312,4.02,14:16,146,74.8
3313,4.02,13:24,147,74.1
3314,4.02,13:08,148,74.1
3315,4.02,12:46,147,74.1
3316,4.02,13:01,147,74.1
3317,4.02,13:41,147,74.1
3318,4.03,14:07,147,74.8
3319,4.03,13:32,148,74.8
3320,4.03,14:16,148,74.8
3321,4.03,13:58,148,75.5
3322,4.03,13:58,148,75.5
3323,4.03,14:44,148,76.1
3324,4.03,16:45,149,76.1
3325,4.03,16:58,148,76.8
3326,4.03,17:38,148,76.8
3327,4.03,16:33,148,77.4
3328,4.04,16:21,148,78.1
3329,4.04,14:54,149,78.1
3330,4.04,13:49,149,78.7
3331,4.04,13:16,149,79.4
3332,4.04,13:24,150,80.1
3333,4.04,12:53,149,80.1
3334,4.04,12:53,150,80.7
3335,4.04,13:32,151,80.7
3336,4.05,14:07,151,80.7
3337,4.05,14:44,152,80.7
3338,4.05,15:24,151,80.7
3339,4.05,15:24,151,80.1
3340,4.05,14:25,150,80.1
3341,4.05,14:25,150,80.1
3342,4.05,14:54,150,80.1
3343,4.05,14:34,150,79.4
3344,4.05,14:07,150,79.4
3345,4.06,14:34,150,79.4
3346,4.06,14:25,150,78.7
3347,4.06,13:41,150,78.7
3348,4.06,12:46,151,78.7
3349,4.06,13:01,152,78.1
3350,4.06,12:11,152,78.1
3351,4.06,11:45,152,78.1
3352,4.07,11:39,153,78.1
3353,4.07,11:45,153,78.1
3354,4.07,11:16,152,78.1
3355,4.07,12:11,153,78.1
3356,4.07,12:18,153,77.4
3357,4.07,12:32,153,77.4
3358,4.07,13:08,153,78.1
3359,4.08,13:08,153,78.1
3360,4.08,13:16,153,78.1
3361,4.08,13:58,153,78.1
3362,4.08,12:53,152,78.1
3363,4.08,12:39,153,78.1
3364,4.08,13:24,153,78.1
3365,4.08,12:11,153,77.4
3366,4.08,11:27,153,77.4
3367,4.09,11:39,153,77.4
3368,4.09,11:33,153,77.4
3369,4.09,11:16,152,77.4
3370,4.09,12:11,152,77.4
3371,4.09,12:39,152,77.4
3372,4.09,12:46,153,77.4
3373,4.09,12:32,152,76.8
3374,4.1,12:32,152,76.8
3375,4.1,11:58,152,77.4
3376,4.1,11:33,152,77.4
3377,4.1,12:11,152,76.8
3378,4.1,12:32,152,76.8
3379,4.1,13:32,151,76.8
3380,4.1,13:58,152,76.8
3381,4.1,14:25,151,76.8
3382,4.11,12:46,151,76.1
3383,4.11,11:58,152,76.1
3384,4.11,11:16,152,76.1
3385,4.11,10:48,151,76.1
3386,4.11,10:59,151,76.1
3387,4.11,11:52,151,76.1
3388,4.11,12:32,151,76.1
3389,4.12,13:01,152,76.1
3390,4.12,13:32,151,76.1
3391,4.12,13:01,151,76.1
3392,4.12,12:53,151,76.8
3393,4.12,12:18,151,76.8
3394,4.12,12:04,151,76.8
3395,4.12,12:25,151,76.8
3396,4.12,13:16,151,76.8
3397,4.13,13:16,151,76.8
3398,4.13,13:49,151,76.8
3399,4.13,13:24,151,76.8
3400,4.13,13:16,151,76.8
3401,4.13,12:32,151,76.8
3402,4.13,12:39,151,76.8
3403,4.13,12:53,152,76.8
3404,4.13,13:49,150,76.8
3405,4.14,13:32,150,76.1
3406,4.14,14:44,151,76.1
3407,4.14,15:04,151,76.1
3408,4.14,15:04,151,76.1
3409,4.14,14:44,151,75.5
3410,4.14,14:54,151,75.5
3411,4.14,13:24,152,74.8
3412,4.14,12:53,152,74.8
3413,4.15,13:16,152,74.8
3414,4.15,12:53,152,74.1
3415,4.15,12:53,151,74.1
3416,4.15,13:41,151,74.1
3417,4.15,13:32,151,74.1
3418,4.15,13:01,151,74.1
3419,4.15,13:08,151,74.1
3420,4.15,13:24,151,74.1
3421,4.16,13:24,151,74.1
3422,4.16,14:34,150,74.1
3423,4.16,15:14,149,74.1
3424,4.16,15:46,149,74.1
3425,4.16,16:21,149,74.1
3426,4.16,16:45,150,74.1
3427,4.16,17:11,150,74.1
3428,4.16,17:38,150,74.1
3429,4.16,16:33,150,74.1
3430,4.16,16:09,150,74.1
3431,4.17,16:09,150,74.8
3432,4.17,14:54,150,74.8
3433,4.17,13:58,150,74.8
3434,4.17,14:16,150,74.8
3435,4.17,13:49,149,74.8
3436,4.17,12:32,149,74.8
3437,4.17,13:16,149,74.8
3438,4.17,13:24,149,74.8
3439,4.18,13:24,148,74.8
3440,4.18,13:58,148,74.8
3441,4.18,15:14,147,74.8
3442,4.18,15:04,146,74.8
3443,4.18,15:04,146,74.8
3444,4.18,15:24,145,75.5
3445,4.18,14:25,145,75.5
3446,4.18,15:04,144,75.5
3447,4.18,14:16,145,75.5
3448,4.19,13:58,145,76.1
3449,4.19,13:41,145,76.1
3450,4.19,13:58,144,76.1
3451,4.19,13:01,145,76.1
3452,4.19,13:32,145,76.1
3453,4.19,14:44,145,76.1
3454,4.19,14:54,144,76.1
3455,4.19,14:44,144,76.1
3456,4.19,14:44,144,75.5
3457,4.2,14:16,145,75.5
3458,4.2,13:41,143,75.5
3459,4.2,13:49,143,75.5
3460,4.2,14:16,144,75.5
3461,4.2,14:34,144,75.5
3462,4.2,14:54,145,75.5
3463,4.2,14:34,145,75.5
3464,4.2,14:54,145,75.5
3465,4.2,15:04,145,75.5
3466,4.21,15:14,145,75.5
3467,4.21,15:14,144,75.5
3468,4.21,15:04,144,75.5
3469,4.21,14:07,144,75.5
3470,4.21,14:34,144,75.5
3471,4.21,14:44,144,76.1
3472,4.21,13:58,144,76.1
3473,4.21,14:34,143,76.1
3474,4.22,15:57,144,76.1
3475,4.22,15:57,144,75.5
3476,4.22,18:07,144,75.5
3477,4.22,18:07,144,75.5
3478,4.22,16:33,144,75.5
3479,4.22,15:35,144,75.5
3480,4.22,14:34,144,75.5
3481,4.22,12:46,144,75.5
3482,4.22,12:53,146,75.5
3483,4.23,12:46,146,74.8
3484,4.23,11:52,146,74.8
3485,4.23,12:46,146,74.8
3486,4.23,12:25,148,74.8
3487,4.23,12:11,150,74.8
3488,4.23,12:11,149,74.8
3489,4.23,12:46,149,74.8
3490,4.24,11:21,150,74.8
3491,4.24,11:27,150,74.8
3492,4.24,11:58,150,74.8
3493,4.24,11:45,150,74.8
3494,4.24,12:04,149,74.8
3495,4.24,12:53,150,74.8
3496,4.24,12:53,150,74.8
3497,4.24,12:25,151,75.5
3498,4.25,13:01,151,75.5
3499,4.25,12:11,151,75.5
3500,4.25,11:45,151,76.1
3501,4.25,11:45,151,76.1
3502,4.25,13:32,151,76.8
3503,4.25,15:04,151,77.4
3504,4.25,15:57,151,77.4
3505,4.25,16:33,151,78.1
3506,4.26,16:09,152,78.1
3507,4.26,13:58,152,78.7
3508,4.26,13:08,152,78.7
3509,4.26,13:24,152,79.4
3510,4.26,13:41,153,79.4
3511,4.26,14:44,152,80.1
3512,4.26,15:24,152,80.1
3513,4.26,14:34,154,80.7
3514,4.26,14:16,154,80.7
3515,4.27,13:32,154,80.7
3516,4.27,13:08,154,80.7
3517,4.27,13:24,155,80.7
3518,4.27,14:34,154,80.7
3519,4.27,14:44,154,80.7
3520,4.27,15:04,152,80.1
3521,4.27,15:35,152,80.1
3522,4.27,14:25,152,79.4
3523,4.28,13:41,153,79.4
3524,4.28,13:41,153,79.4
3525,4.28,13:32,153,79.4
3526,4.28,13:32,153,78.7
3527,4.28,14:16,153,78.7
3528,4.28,13:41,152,78.7
3529,4.28,13:16,153,78.7
3530,4.28,13:32,153,78.1
3531,4.29,13:01,154,78.7
3532,4.29,12:39,154,78.7
3533,4.29,13:24,153,78.1
3534,4.29,13:58,153,78.1
3535,4.29,14:34,153,78.1
3536,4.29,14:16,153,78.1
3537,4.29,13:41,153,78.1
3538,4.29,13:49,154,78.1
3539,4.3,13:32,154,78.1
3540,4.3,12:39,154,77.4
3541,4.3,13:08,154,77.4
3542,4.3,13:24,155,78.1
3543,4.3,13:08,154,78.1
3544,4.3,12:53,154,78.1
3545,4.3,12:46,154,78.1
3546,4.3,13:01,154,77.4
3547,4.31,13:41,153,77.4
3548,4.31,13:32,153,77.4
3549,4.31,14:16,152,77.4
3550,4.31,14:54,152,76.8
3551,4.31,14:16,153,76.8
3552,4.31,13:58,152,76.8
3553,4.31,13:41,152,76.8
3554,4.31,13:41,152,76.8
3555,4.31,13:58,151,76.8
3556,4.32,13:49,150,76.8
3557,4.32,13:41,150,76.8
3558,4.32,13:49,151,76.8
3559,4.32,13:16,151,76.1
3560,4.32,13:16,151,76.1
3561,4.32,13:49,151,76.1
3562,4.32,13:58,150,76.1
3563,4.32,13:49,151,76.1
3564,4.33,13:41,151,75.5
3565,4.33,13:32,152,75.5
3566,4.33,13:24,151,74.8
3567,4.33,13:08,152,74.8
3568,4.33,12:53,151,74.8
3569,4.33,12:39,152,74.1
3570,4.33,12:04,152,74.1
3571,4.34,11:21,153,73.5
3572,4.34,11:10,153,73.5
3573,4.34,11:33,153,73.5
3574,4.34,11:33,153,72.8
3575,4.34,11:39,153,72.8
3576,4.34,12:11,152,72.8
3577,4.34,12:25,151,72.8
3578,4.34,12:18,151,72.8
3579,4.35,12:25,151,72.8
3580,4.35,12:39,152,72.8
3581,4.35,13:16,152,72.8
3582,4.35,13:58,153,72.8
3583,4.35,13:58,152,72.8
3584,4.35,14:34,152,72.8
3585,4.35,14:34,151,73.5
3586,4.35,13:16,151,73.5
3587,4.36,12:46,151,74.1
3588,4.36,12:32,153,74.1
3589,4.36,12:32,153,74.1
3590,4.36,12:39,153,74.8
3591,4.36,13:24,153,74.8
3592,4.36,13:24,154,74.8
3593,4.36,14:25,154,74.8
3594,4.36,15:14,154,75.5
3595,4.37,16:09,153,75.5
3596,4.37,16:09,152,75.5
3597,4.37,16:58,152,76.1
3598,4.37,17:11,151,76.1
3599,4.37,16:33,151,76.8
3600,4.37,16:33,152,76.8
3601,4.37,18:07,152,76.8
3602,4.37,17:11,153,76.8
3603,4.37,15:57,153,76.8
3604,4.37,15:04,153,76.8
3605,4.38,13:32,154,76.8
3606,4.38,12:39,153,77.4
3607,4.38,12:39,152,77.4
3608,4.38,11:58,152,77.4
3609,4.38,12:18,152,77.4
3610,4.38,13:08,152,77.4
3611,4.38,13:24,153,77.4
3612,4.38,13:08,152,77.4
3613,4.39,13:32,153,77.4
3614,4.39,13:41,152,77.4
3615,4.39,12:53,152,77.4
3616,4.39,12:32,153,78.1
3617,4.39,13:01,152,78.1
3618,4.39,13:49,151,77.4
3619,4.39,13:58,150,77.4
3620,4.39,14:44,150,77.4
3621,4.4,15:04,151,77.4
3622,4.4,14:16,152,77.4
3623,4.4,14:25,152,77.4
3624,4.4,14:16,152,77.4
3625,4.4,13:58,152,78.1
3626,4.4,13:58,153,78.1
3627,4.4,14:44,153,78.1
3628,4.4,13:24,153,78.1
3629,4.41,12:53,153,78.1
3630,4.41,13:16,152,78.1
3631,4.41,13:16,151,78.1
3632,4.41,13:16,151,78.1
3633,4.41,14:16,152,78.1
3634,4.41,14:07,151,78.7
3635,4.41,13:32,151,78.7
3636,4.41,13:16,151,78.7
3637,4.42,13:08,152,78.7
3638,4.42,13:16,152,79.4
3639,4.42,14:16,152,79.4
3640,4.42,15:04,153,80.1
3641,4.42,16:21,153,80.1
3642,4.42,16:21,152,80.7
3643,4.42,15:35,152,80.7
3644,4.42,14:44,152,81.4
3645,4.42,13:58,152,82.0
3646,4.43,12:18,153,82.0
3647,4.43,12:18,153,82.7
3648,4.43,12:32,154,82.7
3649,4.43,12:11,154,82.7
3650,4.43,12:18,154,82.7
3651,4.43,13:32,154,82.7
3652,4.43,13:32,154,82.0
3653,4.43,13:58,153,82.0
3654,4.44,14:44,153,82.0
3655,4.44,14:44,154,82.0
3656,4.44,13:58,155,82.7
3657,4.44,13:49,155,82.7
3658,4.44,13:24,155,82.7
3659,4.44,13:32,155,82.7
3660,4.44,13:41,155,82.7
3661,4.44,13:49,156,82.7
3662,4.45,13:49,156,82.7
3663,4.45,13:24,156,82.7
3664,4.45,13:08,156,82.7
3665,4.45,13:32,156,82.7
3666,4.45,13:08,157,82.7
3667,4.45,13:24,157,82.7
3668,4.45,14:16,158,82.7
3669,4.45,13:41,157,82.7
3670,4.46,12:32,157,83.3
3671,4.46,13:16,156,83.3
3672,4.46,12:11,156,83.3
3673,4.46,11:33,156,83.3
3674,4.46,11:39,155,83.3
3675,4.46,11:52,154,84.0
3676,4.46,11:10,154,84.0
3677,4.47,11:27,154,84.0
3678,4.47,11:21,154,84.0
3679,4.47,11:10,155,84.0
3680,4.47,11:05,156,84.0
3681,4.47,11:39,156,84.0
3682,4.47,12:18,157,84.0
3683,4.47,13:24,157,84.0
3684,4.47,13:58,157,84.0
3685,4.48,13:32,157,84.6
3686,4.48,13:08,158,84.6
3687,4.48,13:01,157,85.3
3688,4.48,11:39,157,85.3
3689,4.48,10:59,158,85.3
3690,4.48,11:27,158,85.3
3691,4.49,11:10,159,85.3
3692,4.49,10:28,158,85.3
3693,4.49,11:10,158,85.3
3694,4.49,11:45,158,85.3
3695,4.49,11:39,158,85.3
3696,4.49,12:18,159,85.3
3697,4.49,12:53,159,85.3
3698,4.49,12:46,159,85.3
3699,4.5,12:25,159,85.3
3700,4.5,12:46,159,85.3
3701,4.5,12:32,159,85.3
3702,4.5,13:24,159,85.3
3703,4.5,13:49,159,85.3
3704,4.5,13:58,159,85.3
3705,4.5,13:49,159,86.0
3706,4.5,13:41,159,86.0
3707,4.51,12:53,159,86.0
3708,4.51,12:53,159,86.0
3709,4.51,13:24,159,86.6
3710,4.51,13:49,160,86.6
3711,4.51,14:16,160,86.6
3712,4.51,14:16,160,86.6
3713,4.51,13:41,160,86.6
3714,4.51,14:25,160,86.6
3715,4.52,14:07,161,86.6
3716,4.52,13:58,161,86.6
3717,4.52,14:07,161,86.6
3718,4.52,13:58,161,86.6
3719,4.52,13:01,160,86.6
3720,4.52,13:01,160,86.6
3721,4.52,12:53,161,86.6
3722,4.52,12:46,160,86.6
3723,4.53,12:53,160,86.6
3724,4.53,12:53,159,86.6
3725,4.53,12:46,159,86.6
3726,4.53,12:11,159,87.3
3727,4.53,12:32,158,87.3
3728,4.53,13:01,158,87.3
3729,4.53,13:32,157,87.9
3730,4.53,14:07,157,87.9
3731,4.54,15:35,157,87.9
3732,4.54,15:35,157,87.9
3733,4.54,15:35,157,87.9
3734,4.54,15:04,157,87.9
3735,4.54,14:44,157,87.9
3736,4.54,14:34,157,87.9
3737,4.54,14:34,157,87.9
3738,4.54,13:24,156,87.9
3739,4.54,13:24,156,87.9
3740,4.55,13:16,157,87.9
3741,4.55,12:39,157,87.9
3742,4.55,13:01,157,87.9
3743,4.55,13:08,157,88.6
3744,4.55,13:16,157,88.6
3745,4.55,13:32,157,88.6
3746,4.55,14:07,157,89.2
3747,4.55,12:53,157,89.2
3748,4.56,14:07,156,89.9
3749,4.56,13:16,156,89.9
3750,4.56,12:25,155,89.9
3751,4.56,12:18,153,89.2
3752,4.56,12:32,153,89.2
3753,4.56,12:04,154,89.9
3754,4.56,13:08,155,89.9
3755,4.56,14:25,156,89.2
3756,4.57,14:34,156,89.2
3757,4.57,15:24,156,89.9
3758,4.57,15:46,156,89.9
3759,4.57,15:24,155,89.9
3760,4.57,15:35,155,89.9
3761,4.57,15:46,155,89.9
3762,4.57,14:54,155,89.9
3763,4.57,15:14,155,90.6
3764,4.57,15:04,154,90.6
3765,4.58,14:16,155,90.6
3766,4.58,14:16,155,91.2
3767,4.58,14:07,154,91.2
3768,4.58,12:04,154,91.2
3769,4.58,12:11,155,91.2
3770,4.58,11:27,156,91.2
3771,4.59,10:28,156,91.2
3772,4.59,10:48,156,91.2
3773,4.59,11:52,156,91.2
3774,4.59,12:11,156,91.2
3775,4.59,13:32,156,91.2
3776,4.59,15:24,156,91.2
3777,4.59,16:09,156,91.9
3778,4.59,16:33,156,91.9
3779,4.59,17:11,155,91.9
3780,4.59,17:25,154,91.9
3781,4.6,16:33,155,91.9
3782,4.6,15:35,155,91.9
3783,4.6,15:57,155,91.9
3784,4.6,15:14,156,91.9
3785,4.6,14:25,156,91.9
3786,4.6,14:07,156,91.9
3787,4.6,13:49,157,91.9
3788,4.6,13:49,158,91.9
3789,4.6,13:58,158,91.9
3790,4.61,13:41,158,91.9
3791,4.61,14:34,158,91.9
3792,4.61,15:14,159,91.9
3793,4.61,14:44,160,91.9
3794,4.61,13:49,159,91.9
3795,4.61,13:16,160,91.9
3796,4.61,12:25,160,91.9
3797,4.61,12:18,160,91.9
3798,4.62,12:11,160,91.2
3799,4.62,12:46,160,91.2
3800,4.62,13:24,160,91.2
3801,4.62,13:41,161,91.2
3802,4.62,12:39,160,91.9
3803,4.62,12:39,160,91.9
3804,4.62,12:18,160,91.9
3805,4.63,12:18,159,91.9
3806,4.63,12:25,159,91.9
3807,4.63,13:16,158,91.9
3808,4.63,13:32,158,91.9
3809,4.63,14:25,158,91.9
3810,4.63,14:54,158,91.9
3811,4.63,14:34,158,91.9
3812,4.63,14:25,158,91.9
3813,4.63,14:07,157,91.9
3814,4.64,13:58,156,91.9
3815,4.64,14:16,156,91.9
3816,4.64,15:35,155,91.2
3817,4.64,15:35,154,91.9
3818,4.64,15:46,154,91.9
3819,4.64,13:58,155,91.9
3820,4.64,13:01,154,92.5
3821,4.64,12:04,155,92.5
3822,4.65,11:52,155,92.5
3823,4.65,11:05,155,92.5
3824,4.65,11:27,153,92.5
3825,4.65,11:39,153,92.5
3826,4.65,12:04,153,92.5
3827,4.65,12:11,155,91.9
3828,4.65,12:32,155,92.5
3829,4.66,12:18,155,91.9
3830,4.66,11:52,155,91.9
3831,4.66,11:39,155,91.9
3832,4.66,11:52,155,91.9
3833,4.66,11:58,155,91.9
3834,4.66,12:11,155,91.9
3835,4.66,12:32,155,92.5
3836,4.67,11:45,156,92.5
3837,4.67,11:21,156,92.5
3838,4.67,11:21,156,92.5
3839,4.67,11:52,156,92.5
3840,4.67,12:18,157,93.2
3841,4.67,13:32,157,93.2
3842,4.67,14:25,157,93.2
3843,4.67,14:07,157,93.8
3844,4.68,13:24,158,93.8
3845,4.68,12:53,158,93.2
3846,4.68,12:11,158,93.2
3847,4.68,11:27,158,93.2
3848,4.68,11:39,158,93.2
3849,4.68,11:27,158,93.2
3850,4.68,11:27,157,93.2
3851,4.69,11:27,157,93.2
3852,4.69,11:21,157,93.2
3853,4.69,11:21,158,93.2
3854,4.69,11:52,158,93.2
3855,4.69,11:39,157,93.2
3856,4.69,12:04,157,93.8
3857,4.69,12:46,158,93.8
3858,4.7,13:01,158,93.8
3859,4.7,13:08,158,93.8
3860,4.7,14:34,159,94.5
3861,4.7,14:07,158,94.5
3862,4.7,13:49,158,94.5
3863,4.7,14:16,158,95.1
3864,4.7,13:58,158,95.8
3865,4.7,13:01,159,95.8
3866,4.71,13:08,159,95.8
3867,4.71,13:32,159,96.5
3868,4.71,13:01,158,96.5
3869,4.71,13:16,158,97.1
3870,4.71,13:58,158,97.1
3871,4.71,14:25,158,97.1
