elapsed_seconds,distance_miles,pace_per_mile,heartrate,altitude_ft
0,0.0,,56,219.2
1,0.0,13:24,56,219.2
2,0.0,12:11,57,219.2
3,0.01,11:39,59,219.2
4,0.01,11:10,59,219.2
5,0.01,10:14,60,219.2
6,0.01,9:38,62,219.8
7,0.01,9:43,63,219.8
8,0.01,9:34,66,219.8
9,0.02,9:47,69,219.8
10,0.02,10:43,73,219.2
11,0.02,11:10,77,219.2
12,0.02,11:05,80,219.2
13,0.02,11:05,83,219.8
14,0.02,10:54,86,219.8
15,0.02,10:38,91,219.8
16,0.03,11:05,94,219.8
17,0.03,11:33,96,220.5
18,0.03,11:58,100,220.5
19,0.03,12:39,102,220.5
20,0.03,13:16,103,220.5
21,0.03,12:25,103,220.5
22,0.03,12:53,105,220.5
23,0.03,13:16,105,220.5
24,0.04,13:41,107,220.5
25,0.04,14:16,108,220.5
26,0.04,15:24,108,220.5
27,0.04,15:04,109,221.1
28,0.04,15:46,109,221.1
29,0.04,16:09,110,221.1
30,0.04,17:25,110,221.1
31,0.04,16:45,111,220.5
32,0.04,16:21,112,220.5
33,0.05,15:46,113,220.5
34,0.05,14:44,114,220.5
35,0.05,12:46,114,221.1
36,0.05,13:08,114,221.1
37,0.05,13:16,114,221.1
38,0.05,12:46,115,221.1
39,0.05,12:53,116,221.1
40,0.05,13:01,116,221.1
41,0.06,12:53,117,221.1
42,0.06,12:11,117,220.5
43,0.06,12:53,117,220.5
44,0.06,12:25,119,220.5
45,0.06,12:53,120,221.1
46,0.06,12:18,121,221.1
47,0.06,12:32,121,221.1
48,0.07,11:33,121,221.1
49,0.07,11:10,122,221.1
50,0.07,10:59,122,221.1
51,0.07,10:43,122,221.1
52,0.07,10:43,122,221.1
53,0.07,11:10,121,221.1
54,0.07,13:01,120,221.1
55,0.07,14:25,118,221.1
56,0.08,15:57,116,221.1
57,0.08,16:09,116,221.1
58,0.08,15:57,117,221.1
59,0.08,14:54,117,221.1
60,0.08,14:44,118,221.1
61,0.08,15:57,122,221.1
62,0.08,18:37,122,221.1
63,0.08,22:43,122,221.1
64,0.08,24:50,122,220.5
65,0.08,26:17,122,220.5
66,0.08,20:57,122,220.5
67,0.09,20:37,123,220.5
68,0.09,16:58,124,220.5
69,0.09,16:21,124,220.5
70,0.09,16:33,121,220.5
71,0.09,21:17,125,220.5
72,0.09,20:01,126,220.5
73,0.09,18:37,126,220.5
74,0.09,18:37,128,220.5
75,0.09,16:58,128,220.5
76,0.09,14:34,128,220.5
77,0.1,11:58,128,219.8
78,0.1,13:08,128,220.5
79,0.1,11:21,127,220.5
80,0.1,10:00,127,220.5
81,0.1,10:00,129,220.5
82,0.1,11:21,130,220.5
83,0.11,10:14,130,220.5
84,0.11,11:21,131,220.5
85,0.11,11:45,131,219.8
86,0.11,10:54,131,219.8
87,0.11,10:28,131,219.8
88,0.11,10:43,130,219.8
89,0.11,10:43,130,219.2
90,0.12,10:59,130,219.2
91,0.12,11:45,130,219.2
92,0.12,11:39,130,219.2
93,0.12,11:10,129,219.2
94,0.12,10:33,128,219.2
95,0.12,10:43,127,219.2
96,0.13,10:43,127,219.2
97,0.13,11:33,128,219.2
98,0.13,13:16,128,219.2
99,0.13,15:04,127,218.5
100,0.13,16:09,128,218.5
101,0.13,15:57,128,218.5
102,0.13,15:57,127,218.5
103,0.13,16:09,127,218.5
104,0.13,14:16,127,218.5
105,0.14,13:41,127,218.5
106,0.14,13:32,128,217.8
107,0.14,13:01,128,217.8
108,0.14,13:08,129,217.8
109,0.14,13:58,129,217.8
110,0.14,14:07,129,217.8
111,0.14,15:04,129,217.8
112,0.14,14:25,129,217.8
113,0.14,13:49,130,217.8
114,0.15,14:07,130,217.2
115,0.15,14:07,129,217.2
116,0.15,13:41,129,217.2
117,0.15,14:44,129,217.2
118,0.15,15:24,129,217.2
119,0.15,15:14,129,217.2
120,0.15,14:25,129,217.2
121,0.15,14:07,130,217.2
122,0.16,12:25,130,217.2
123,0.16,11:52,131,217.2
124,0.16,11:21,131,217.2
125,0.16,11:58,131,216.5
126,0.16,12:11,131,216.5
127,0.16,13:41,132,216.5
128,0.16,12:39,132,215.9
129,0.17,11:21,133,215.9
130,0.17,10:38,133,215.9
131,0.17,9:56,132,215.9
132,0.17,9:11,131,215.9
133,0.17,9:22,130,215.9
134,0.17,10:05,131,216.5
135,0.17,11:10,131,216.5
136,0.18,12:18,130,216.5
137,0.18,13:01,130,215.9
138,0.18,12:25,130,215.9
139,0.18,12:25,130,215.9
140,0.18,11:21,129,215.2
141,0.18,10:23,129,215.2
142,0.19,10:09,129,215.2
143,0.19,10:33,129,215.2
144,0.19,10:33,130,215.2
145,0.19,10:54,130,215.2
146,0.19,11:58,130,214.6
147,0.19,14:16,130,214.6
148,0.19,17:25,130,214.6
149,0.19,19:43,130,214.6
150,0.19,18:07,130,214.6
151,0.2,16:21,129,214.6
152,0.2,14:25,128,213.9
153,0.2,13:32,128,213.9
154,0.2,11:27,127,213.9
155,0.2,11:58,127,213.9
156,0.2,11:58,127,213.9
157,0.2,11:45,127,213.9
158,0.21,10:38,127,213.9
159,0.21,12:39,127,213.9
160,0.21,13:32,127,213.3
161,0.21,15:14,127,213.3
162,0.21,16:33,127,213.9
163,0.21,19:26,127,213.9
164,0.21,16:58,127,213.9
165,0.21,16:21,127,213.9
186,0.21,203:12,112,212.6
187,0.21,203:12,113,212.6
188,0.22,143:26,116,212.6
189,0.22,142:40,116,212.6
190,0.22,124:10,116,212.6
191,0.22,22:43,117,211.9
192,0.22,19:26,118,211.9
193,0.22,11:52,118,211.3
194,0.22,9:11,118,211.3
195,0.23,7:50,119,211.3
196,0.23,7:27,119,211.3
197,0.23,7:45,119,210.6
198,0.23,10:28,118,210.6
199,0.23,12:18,119,210.6
200,0.23,16:45,119,210.6
201,0.23,22:21,119,210.6
202,0.23,27:56,119,211.3
203,0.23,34:23,120,211.3
204,0.23,31:11,121,211.9
205,0.24,20:19,121,211.9
206,0.24,14:34,122,211.9
207,0.24,12:18,122,211.9
208,0.24,9:38,122,212.6
209,0.24,8:39,123,212.6
210,0.24,9:14,123,212.6
211,0.25,9:56,124,212.6
212,0.25,10:14,125,212.6
213,0.25,11:16,125,213.3
214,0.25,12:39,126,213.3
215,0.25,12:18,127,213.3
216,0.25,13:01,127,213.9
217,0.25,11:52,127,213.9
218,0.26,13:32,129,214.6
219,0.26,15:04,129,214.6
220,0.26,17:11,130,214.6
221,0.26,18:53,131,215.2
222,0.26,25:18,131,215.2
223,0.26,21:59,131,215.9
224,0.26,21:59,131,215.9
225,0.26,17:38,131,216.5
226,0.26,14:54,131,217.2
227,0.26,14:25,131,217.2
228,0.27,12:18,132,217.8
229,0.27,12:39,132,217.8
230,0.27,14:34,132,218.5
231,0.27,18:53,133,218.5
232,0.27,24:23,133,219.2
233,0.27,23:31,133,219.2
234,0.27,24:50,133,219.2
235,0.27,24:50,133,219.2
236,0.27,25:18,134,219.2
237,0.27,24:23,134,219.2
238,0.27,31:11,135,219.8
239,0.27,22:43,136,219.8
240,0.27,18:53,136,219.8
241,0.28,15:04,137,219.8
242,0.28,12:25,138,219.8
243,0.28,12:18,139,219.8
244,0.28,12:32,139,219.8
245,0.28,11:21,138,219.8
246,0.28,10:38,139,219.8
247,0.29,8:39,139,219.2
248,0.29,8:35,138,219.2
249,0.29,8:32,138,219.2
250,0.29,8:56,138,219.2
251,0.29,9:00,138,219.2
252,0.29,10:33,138,219.2
253,0.3,10:09,138,219.2
254,0.3,10:00,138,219.2
255,0.3,10:33,139,219.2
256,0.3,10:28,139,219.2
257,0.3,11:27,138,219.2
258,0.3,12:04,138,219.2
259,0.3,11:52,137,219.2
260,0.31,11:45,137,219.2
261,0.31,12:04,138,219.2
262,0.31,11:27,138,219.2
263,0.31,11:33,138,219.2
264,0.31,12:18,138,219.2
265,0.31,12:18,138,219.2
266,0.31,11:58,138,219.2
267,0.32,11:52,138,219.2
268,0.32,11:10,138,219.2
269,0.32,10:33,138,219.2
270,0.32,10:14,139,219.2
271,0.32,10:18,139,218.5
272,0.32,9:56,138,218.5
273,0.33,9:51,137,218.5
274,0.33,9:47,137,218.5
275,0.33,9:56,137,218.5
276,0.33,9:56,136,218.5
277,0.33,10:23,136,218.5
278,0.33,11:58,136,218.5
279,0.33,13:41,136,218.5
280,0.34,14:54,136,218.5
281,0.34,16:09,136,218.5
282,0.34,16:58,136,218.5
283,0.34,15:35,136,218.5
284,0.34,13:24,137,218.5
285,0.34,11:39,136,219.2
286,0.34,11:33,137,218.5
287,0.34,11:16,137,218.5
288,0.35,11:16,137,218.5
289,0.35,12:18,137,218.5
290,0.35,14:07,137,217.8
291,0.35,14:54,137,217.8
292,0.35,15:24,137,217.8
293,0.35,16:21,136,217.8
294,0.35,16:21,136,217.8
295,0.35,16:33,137,217.8
296,0.35,17:11,137,217.2
297,0.35,19:09,136,217.2
298,0.36,17:11,136,217.2
299,0.36,16:58,136,217.2
300,0.36,18:37,136,216.5
301,0.36,14:54,136,216.5
302,0.36,12:32,136,216.5
303,0.36,13:01,136,215.9
304,0.36,11:10,136,215.9
305,0.37,9:43,136,215.9
306,0.37,9:34,137,216.5
307,0.37,10:18,137,216.5
308,0.37,10:54,137,216.5
309,0.37,12:18,138,216.5
310,0.37,13:01,138,215.9
311,0.37,13:41,138,215.9
312,0.38,14:07,138,215.9
313,0.38,11:52,138,215.2
314,0.38,11:58,137,215.2
315,0.38,11:39,136,215.2
316,0.38,11:16,136,215.2
317,0.38,10:33,136,215.2
318,0.38,11:21,135,215.2
319,0.39,11:16,135,215.2
320,0.39,12:25,134,215.2
321,0.39,15:57,134,215.2
322,0.39,21:59,134,215.2
323,0.39,33:31,134,214.6
324,0.39,70:35,134,214.6
330,0.39,,134,213.9
331,0.39,,134,213.9
332,0.39,,133,213.3
333,0.39,186:16,132,213.3
334,0.39,127:43,131,213.9
335,0.39,26:49,130,213.9
336,0.39,17:52,129,214.6
337,0.39,12:18,129,215.2
338,0.4,11:10,128,215.2
339,0.4,10:14,128,215.2
340,0.4,11:10,129,215.2
341,0.4,11:52,129,214.6
342,0.4,14:25,129,214.6
343,0.4,17:11,129,214.6
344,0.4,19:09,129,214.6
345,0.4,21:17,130,214.6
346,0.4,26:49,131,214.6
347,0.4,28:32,131,214.6
348,0.4,27:22,132,213.9
349,0.4,25:18,131,213.9
350,0.41,21:37,131,213.3
351,0.41,14:16,130,213.3
352,0.41,11:21,130,212.6
353,0.41,7:22,131,212.6
354,0.42,6:09,131,212.6
355,0.42,5:08,131,211.9
356,0.43,4:38,131,211.9
357,0.43,4:30,131,211.9
358,0.43,5:15,132,211.9
359,0.43,5:52,132,211.3
360,0.43,6:16,132,211.3
361,0.44,7:45,132,210.6
362,0.44,8:07,132,210.6
363,0.44,7:53,132,210.6
364,0.44,8:01,132,210.0
365,0.44,8:42,132,210.0
366,0.45,7:29,131,210.0
367,0.45,7:53,130,209.3
368,0.45,7:45,131,209.3
369,0.45,7:39,130,209.3
370,0.46,7:50,131,209.3
371,0.46,8:45,131,208.7
372,0.46,9:14,131,208.7
373,0.46,12:46,131,208.7
374,0.46,13:32,131,208.7
375,0.46,16:45,131,208.7
376,0.46,20:37,131,208.0
377,0.46,20:57,130,208.0
378,0.46,17:11,130,208.0
379,0.46,16:33,130,207.3
380,0.47,15:14,129,208.0
381,0.47,15:14,129,208.0
382,0.47,14:16,129,208.0
383,0.47,13:08,126,208.7
384,0.47,12:11,125,208.7
385,0.47,12:39,125,208.7
386,0.47,11:45,125,208.0
387,0.47,11:58,125,208.0
388,0.48,11:58,125,208.0
389,0.48,13:41,125,208.0
390,0.48,13:58,125,208.0
391,0.48,15:57,125,208.0
392,0.48,18:22,126,208.0
393,0.48,19:09,126,208.7
394,0.48,18:53,126,208.7
395,0.48,18:53,126,208.7
396,0.48,18:22,126,208.7
397,0.48,17:38,126,208.7
398,0.49,17:25,126,208.7
399,0.49,16:33,126,208.7
400,0.49,16:33,125,208.7
401,0.49,16:09,125,208.7
402,0.49,14:16,125,208.7
403,0.49,14:16,127,208.7
404,0.49,14:54,128,208.7
405,0.49,13:32,131,208.7
406,0.49,13:24,131,208.7
407,0.5,13:58,132,208.7
408,0.5,13:58,133,208.7
409,0.5,13:32,134,208.7
410,0.5,13:01,135,208.7
411,0.5,11:27,135,209.3
412,0.5,11:10,136,209.3
413,0.5,10:48,138,209.3
414,0.51,10:28,138,209.3
415,0.51,12:32,138,208.7
416,0.51,14:16,138,208.7
417,0.51,14:25,138,208.7
418,0.51,15:35,138,208.7
419,0.51,15:35,137,209.3
420,0.51,13:16,137,209.3
421,0.51,13:32,137,209.3
422,0.52,13:24,137,210.0
423,0.52,11:45,137,210.0
424,0.52,11:45,137,210.0
425,0.52,11:33,137,210.6
426,0.52,10:59,136,210.6
427,0.52,11:21,137,211.3
428,0.52,12:25,138,211.3
429,0.53,13:01,138,211.3
430,0.53,13:49,138,211.3
431,0.53,15:35,138,210.6
432,0.53,19:43,138,210.6
433,0.53,21:37,138,210.6
434,0.53,19:26,138,210.6
435,0.53,15:35,138,210.6
436,0.53,12:46,138,210.6
437,0.54,10:05,138,210.6
438,0.54,9:03,138,210.6
439,0.54,9:26,139,210.6
440,0.54,9:51,139,211.3
441,0.54,9:56,139,211.3
442,0.54,9:56,138,211.3
443,0.55,10:28,138,211.3
444,0.55,12:11,138,211.9
445,0.55,14:16,138,211.9
446,0.55,16:09,137,211.9
447,0.55,21:17,138,211.9
448,0.55,23:56,138,211.9
449,0.55,20:57,138,211.9
450,0.55,18:53,137,211.9
451,0.55,15:04,137,211.9
452,0.55,12:46,136,211.9
453,0.56,11:33,136,211.9
454,0.56,9:47,137,211.9
455,0.56,9:34,136,211.9
456,0.56,10:05,137,211.9
457,0.56,10:18,136,211.9
458,0.56,10:43,136,212.6
459,0.56,12:04,136,212.6
460,0.57,11:45,136,212.6
461,0.57,13:01,135,211.9
462,0.57,13:58,136,211.9
463,0.57,13:24,136,212.6
464,0.57,12:25,137,212.6
465,0.57,13:16,136,212.6
466,0.57,13:49,137,212.6
467,0.57,15:04,137,213.3
468,0.57,16:09,137,213.3
469,0.58,18:22,138,213.3
470,0.58,19:09,139,213.3
471,0.58,18:37,139,213.3
472,0.58,15:57,138,213.3
473,0.58,15:35,138,213.3
474,0.58,14:54,138,213.3
475,0.58,13:49,138,213.3
476,0.58,12:39,138,213.3
477,0.59,13:01,138,213.3
478,0.59,13:41,139,213.3
479,0.59,13:16,139,213.3
480,0.59,13:08,139,213.3
481,0.59,13:41,139,213.3
482,0.59,12:46,139,213.9
483,0.59,11:58,139,213.9
484,0.59,11:16,139,213.9
485,0.6,11:10,139,213.9
486,0.6,11:10,139,214.6
487,0.6,11:05,140,214.6
488,0.6,11:39,140,214.6
489,0.6,12:39,140,214.6
490,0.6,12:46,139,215.2
491,0.6,12:32,140,215.2
492,0.61,13:08,140,215.2
493,0.61,13:58,140,215.2
494,0.61,14:54,140,215.2
495,0.61,14:07,140,214.6
496,0.61,15:14,140,214.6
497,0.61,15:57,140,214.6
498,0.61,14:16,141,215.2
499,0.61,13:32,141,215.2
500,0.61,15:24,141,215.2
501,0.62,15:14,142,215.2
502,0.62,15:04,142,215.9
503,0.62,15:35,142,215.9
504,0.62,14:25,142,215.9
505,0.62,13:32,141,215.9
506,0.62,12:25,141,215.9
507,0.62,11:33,141,215.2
508,0.63,11:05,141,215.9
509,0.63,9:51,141,215.9
510,0.63,9:26,141,215.9
511,0.63,9:43,141,215.9
512,0.63,9:51,141,215.9
513,0.63,9:22,141,216.5
514,0.64,10:05,140,216.5
515,0.64,10:38,139,216.5
516,0.64,10:38,139,216.5
517,0.64,10:54,138,216.5
518,0.64,12:39,138,216.5
519,0.64,17:25,138,216.5
520,0.64,20:57,138,216.5
521,0.64,22:43,138,216.5
522,0.64,21:59,138,216.5
523,0.64,20:01,138,217.2
524,0.65,15:46,138,217.2
525,0.65,14:16,138,217.2
526,0.65,13:08,138,217.2
527,0.65,13:16,138,217.2
528,0.65,11:58,139,217.8
529,0.65,11:05,140,217.8
530,0.65,10:28,140,217.8
531,0.66,10:28,141,217.8
532,0.66,10:09,141,217.8
533,0.66,10:38,141,217.8
534,0.66,11:05,141,217.8
535,0.66,11:21,142,218.5
536,0.66,11:39,141,218.5
537,0.66,13:01,141,218.5
538,0.67,14:07,142,218.5
539,0.67,13:49,142,218.5
540,0.67,14:16,142,219.2
541,0.67,15:57,142,219.2
542,0.67,16:58,142,219.2
543,0.67,18:53,142,219.2
544,0.67,21:17,141,219.2
545,0.67,23:31,141,219.8
625,0.67,506:04,84,214.6
626,0.67,470:34,84,214.6
627,0.68,352:55,85,215.2
628,0.68,209:33,86,215.2
629,0.68,170:50,88,215.9
630,0.68,170:50,89,215.9
631,0.68,9:14,91,215.9
632,0.68,8:45,94,215.9
633,0.69,9:38,96,215.9
634,0.69,9:47,99,215.9
635,0.69,10:00,101,215.9
636,0.69,11:58,102,215.9
637,0.69,13:24,104,215.9
638,0.69,14:16,108,215.2
639,0.69,14:16,108,215.2
640,0.7,13:16,109,214.6
641,0.7,12:18,110,214.6
642,0.7,10:54,111,213.9
643,0.7,10:48,112,213.9
644,0.7,10:43,113,213.9
645,0.7,10:48,114,213.9
646,0.71,10:38,116,213.9
647,0.71,10:43,117,213.9
648,0.71,10:38,118,213.9
649,0.71,11:16,119,213.9
650,0.71,11:27,119,213.9
651,0.71,11:45,120,213.9
652,0.71,12:32,121,213.9
653,0.71,13:41,121,213.3
654,0.72,13:49,121,213.3
655,0.72,14:44,121,212.6
656,0.72,18:07,122,212.6
657,0.72,19:09,123,212.6
658,0.72,17:11,123,212.6
659,0.72,15:14,123,212.6
660,0.72,13:24,123,212.6
661,0.72,10:43,123,212.6
662,0.73,9:22,123,211.9
663,0.73,9:11,124,211.9
664,0.73,9:43,124,211.9
665,0.73,9:18,125,211.9
666,0.73,9:14,125,211.3
667,0.73,9:47,124,211.3
668,0.74,9:47,125,210.6
669,0.74,9:00,124,210.0
670,0.74,8:56,124,209.3
671,0.74,9:11,124,208.7
672,0.74,9:11,124,208.7
673,0.75,9:34,124,208.7
674,0.75,10:09,125,208.0
675,0.75,10:54,125,208.0
676,0.75,11:45,125,207.3
677,0.75,11:39,126,207.3
678,0.75,11:33,126,207.3
679,0.75,11:45,126,207.3
680,0.76,11:33,125,206.7
681,0.76,11:58,128,206.0
682,0.76,13:41,127,206.0
683,0.76,13:41,127,205.4
684,0.76,14:07,127,205.4
685,0.76,16:45,127,204.7
686,0.76,13:49,128,204.7
687,0.76,12:11,127,204.1
688,0.77,13:01,127,203.4
689,0.77,12:46,127,202.8
690,0.77,12:11,127,202.8
691,0.77,12:53,127,202.1
692,0.77,12:53,127,201.4
693,0.77,12:18,128,201.4
694,0.77,12:11,128,200.8
695,0.77,12:39,129,200.1
696,0.78,13:49,129,199.5
697,0.78,15:24,129,198.8
698,0.78,16:45,129,198.8
699,0.78,18:53,130,198.2
700,0.78,17:52,130,197.5
701,0.78,17:38,130,197.5
702,0.78,16:21,130,196.9
703,0.78,15:24,131,196.9
704,0.78,14:44,131,196.2
705,0.78,14:34,130,195.5
706,0.79,14:25,130,195.5
707,0.79,14:07,130,194.9
708,0.79,13:58,129,194.2
709,0.79,12:04,128,193.6
710,0.79,12:39,128,193.6
711,0.79,11:58,128,192.9
712,0.79,11:39,128,192.9
713,0.8,11:39,128,192.3
714,0.8,12:11,128,191.6
715,0.8,10:28,128,190.9
716,0.8,9:51,129,190.9
717,0.8,9:14,130,190.3
718,0.81,8:35,129,190.3
719,0.81,8:35,130,189.6
720,0.81,9:30,130,189.6
721,0.81,10:09,130,189.0
722,0.81,10:48,130,188.3
723,0.81,11:05,130,187.7
724,0.81,11:58,130,187.0
725,0.81,11:27,131,186.4
726,0.82,11:39,130,186.4
727,0.82,12:25,130,185.7
728,0.82,13:41,130,185.0
729,0.82,12:46,129,184.4
730,0.82,12:53,129,184.4
731,0.82,13:49,128,184.4
732,0.82,15:04,128,183.7
733,0.82,15:24,128,183.7
734,0.83,15:46,128,183.1
735,0.83,15:46,128,183.1
736,0.83,14:25,129,182.4
737,0.83,12:25,129,181.8
738,0.83,12:04,129,181.8
739,0.83,11:58,128,181.8
740,0.83,11:52,129,181.1
741,0.83,12:11,129,181.1
742,0.84,12:53,129,180.4
743,0.84,13:08,129,180.4
744,0.84,13:08,130,179.8
745,0.84,13:16,130,179.1
746,0.84,13:08,130,178.5
747,0.84,12:46,129,177.8
748,0.84,12:32,131,177.2
749,0.85,13:01,130,177.2
750,0.85,13:16,129,176.5
751,0.85,14:16,131,175.9
752,0.85,13:32,131,175.9
753,0.85,13:58,132,175.2
754,0.85,13:24,132,174.5
755,0.85,13:01,132,173.9
756,0.85,11:45,132,173.2
757,0.86,12:11,132,173.2
758,0.86,10:59,132,172.6
759,0.86,10:28,131,171.9
760,0.86,9:11,131,171.3
761,0.86,8:39,131,171.3
762,0.87,8:16,131,170.6
763,0.87,8:10,131,169.9
764,0.87,9:22,130,169.9
765,0.87,9:03,131,169.3
766,0.87,9:18,130,169.3
767,0.87,10:07,132,168.6
768,0.88,10:23,131,168.6
769,0.88,8:26,132,168.0
770,0.88,9:43,132,167.3
771,0.88,10:33,131,166.7
772,0.88,10:35,131,166.0
773,0.88,10:59,131,165.4
774,0.88,12:11,131,164.7
775,0.89,11:21,130,164.0
776,0.89,11:10,130,163.4
777,0.89,10:59,130,162.7
778,0.89,11:16,131,162.7
779,0.89,11:52,131,162.1
780,0.89,13:16,130,162.1
781,0.89,14:25,130,161.4
782,0.9,14:07,130,161.4
783,0.9,13:49,131,160.8
784,0.9,13:58,131,160.1
785,0.9,13:41,131,159.4
786,0.9,12:25,131,158.8
787,0.9,11:58,131,158.1
788,0.9,11:52,130,158.1
789,0.91,11:21,129,157.5
790,0.91,11:21,128,157.5
791,0.91,11:21,128,156.8
792,0.91,11:27,129,156.2
793,0.91,11:21,128,156.2
794,0.91,11:33,130,155.5
795,0.91,11:27,130,154.9
796,0.92,11:39,130,154.2
797,0.92,12:04,129,153.5
798,0.92,12:18,129,153.5
799,0.92,12:32,129,152.9
800,0.92,13:01,128,152.9
801,0.92,13:08,128,152.2
802,0.92,13:32,127,151.6
803,0.92,12:39,127,150.9
804,0.93,12:46,127,150.9
805,0.93,11:45,127,150.3
806,0.93,11:16,127,149.6
807,0.93,10:54,128,149.6
808,0.93,11:16,128,149.0
809,0.93,10:59,127,149.0
810,0.93,11:16,127,148.3
811,0.94,11:39,128,147.6
812,0.94,11:52,129,147.0
813,0.94,12:04,130,146.3
814,0.94,11:58,130,145.7
815,0.94,12:25,129,145.0
816,0.94,12:39,128,145.0
817,0.94,13:08,128,144.4
818,0.94,13:24,128,144.4
819,0.95,13:58,128,144.4
820,0.95,13:32,128,143.7
821,0.95,13:08,128,143.7
822,0.95,12:39,129,143.0
823,0.95,12:46,129,142.4
824,0.95,12:53,128,141.7
825,0.95,13:32,130,141.7
826,0.95,14:07,129,141.1
827,0.96,14:44,128,140.4
828,0.96,14:54,128,140.4
829,0.96,14:44,127,139.8
830,0.96,15:14,128,139.8
831,0.96,15:46,129,139.1
832,0.96,15:24,129,138.5
833,0.96,14:44,129,137.8
834,0.96,15:14,128,137.1
835,0.96,15:14,128,137.1
836,0.97,15:04,128,136.5
837,0.97,15:04,125,135.8
838,0.97,15:24,122,135.8
839,0.97,13:41,122,135.8
840,0.97,13:16,122,135.2
841,0.97,12:46,122,135.2
842,0.97,12:39,123,134.5
843,0.97,12:04,123,133.9
844,0.98,12:11,122,132.5
845,0.98,12:11,121,131.9
846,0.98,12:11,122,130.6
847,0.98,12:04,124,129.9
848,0.98,12:25,125,129.3
849,0.98,12:39,127,129.3
850,0.98,13:01,128,128.6
851,0.99,13:16,128,128.6
852,0.99,13:01,129,128.0
853,0.99,11:58,129,127.3
854,0.99,11:58,129,126.6
855,0.99,10:48,129,125.3
856,0.99,10:23,128,124.7
857,0.99,10:43,129,124.0
858,1.0,11:39,129,123.4
859,1.0,11:33,128,122.7
860,1.0,11:52,128,122.0
861,1.0,11:58,128,121.4
862,1.0,11:39,129,120.7
863,1.0,11:05,129,120.1
864,1.0,11:33,129,119.4
865,1.01,12:04,129,118.8
866,1.01,11:33,130,118.1
867,1.01,11:21,130,117.5
868,1.01,12:04,130,116.8
869,1.01,12:11,129,116.1
870,1.01,12:11,129,115.5
871,1.01,13:01,128,114.2
872,1.02,13:24,127,113.5
873,1.02,13:58,128,112.9
874,1.02,13:58,127,112.2
875,1.02,13:49,127,111.5
876,1.02,14:07,126,110.9
877,1.02,13:41,126,110.2
878,1.02,12:32,126,110.2
879,1.02,12:25,127,109.6
880,1.03,12:25,128,109.6
881,1.03,12:18,128,108.9
882,1.03,12:32,127,108.9
883,1.03,12:53,126,107.6
884,1.03,13:16,126,107.0
885,1.03,13:24,127,106.3
886,1.03,13:08,128,105.6
887,1.03,13:32,127,105.6
888,1.04,14:16,127,105.0
889,1.04,13:49,127,105.0
890,1.04,13:32,126,104.3
891,1.04,13:24,126,103.7
892,1.04,13:41,127,103.0
893,1.04,13:41,127,102.4
894,1.04,12:25,126,101.0
895,1.04,11:58,125,100.4
896,1.05,11:39,126,99.7
897,1.05,10:43,127,99.1
898,1.05,10:00,127,98.4
899,1.05,10:43,128,97.8
900,1.05,10:48,129,97.8
901,1.05,10:48,128,97.1
902,1.06,10:33,126,96.5
903,1.06,10:43,124,95.8
904,1.06,10:54,124,95.1
905,1.06,11:10,122,95.1
906,1.06,10:59,123,94.5
907,1.06,11:45,124,94.5
908,1.06,12:39,122,94.5
909,1.07,12:46,123,94.5
910,1.07,13:32,122,93.8
911,1.07,14:44,121,93.8
912,1.07,15:46,123,93.2
913,1.07,14:07,123,93.2
914,1.07,13:01,122,92.5
915,1.07,11:52,121,92.5
916,1.07,10:43,120,91.9
917,1.08,10:00,119,91.9
918,1.08,9:56,119,91.9
919,1.08,10:05,120,91.9
920,1.08,10:28,121,91.9
921,1.08,10:59,122,91.2
922,1.08,11:33,123,91.2
923,1.09,11:58,123,91.2
924,1.09,13:16,124,91.9
925,1.09,13:41,127,91.9
926,1.09,15:35,126,91.2
927,1.09,17:11,126,91.2
928,1.09,18:53,126,90.6
929,1.09,17:52,127,89.9
930,1.09,17:38,124,89.2
931,1.09,20:19,127,88.6
932,1.09,19:26,125,88.6
933,1.09,19:09,126,87.9
934,1.1,18:37,125,87.3
935,1.1,16:45,124,86.6
936,1.1,13:41,123,86.0
937,1.1,13:08,125,86.0
938,1.1,12:11,126,85.3
939,1.1,10:48,127,85.3
940,1.1,10:43,126,84.6
941,1.11,10:54,126,84.0
942,1.11,10:59,126,84.0
943,1.11,11:33,126,83.3
944,1.11,12:25,127,82.7
945,1.11,13:49,127,82.0
946,1.11,14:34,127,81.4
947,1.11,14:25,126,80.7
948,1.11,14:25,125,80.1
949,1.12,14:34,126,79.4
950,1.12,13:24,127,78.1
951,1.12,12:11,127,77.4
952,1.12,11:39,125,77.4
953,1.12,11:21,125,77.4
954,1.12,11:33,126,76.8
955,1.12,13:01,125,76.8
956,1.12,13:49,125,76.8
957,1.13,14:16,127,76.1
958,1.13,14:25,127,76.1
959,1.13,14:54,127,76.1
960,1.13,13:24,128,75.5
961,1.13,13:24,129,75.5
962,1.13,13:24,129,75.5
963,1.13,13:49,129,75.5
964,1.13,14:07,130,74.8
965,1.14,13:58,129,74.8
966,1.14,13:49,129,74.1
967,1.14,15:35,129,74.1
968,1.14,16:33,129,74.1
969,1.14,17:38,129,74.1
970,1.14,17:25,129,74.1
971,1.14,16:45,128,73.5
972,1.14,14:25,128,73.5
973,1.14,12:46,125,72.8
974,1.15,11:27,123,72.8
975,1.15,11:39,124,72.8
976,1.15,11:33,125,72.8
977,1.15,11:05,125,72.8
978,1.15,11:16,124,72.8
979,1.15,11:33,125,72.8
980,1.15,11:05,125,72.8
981,1.16,11:10,124,72.8
982,1.16,11:52,124,72.8
983,1.16,12:11,125,73.5
984,1.16,12:32,127,72.8
985,1.16,13:08,127,72.8
986,1.16,13:01,128,73.5
987,1.16,13:24,128,73.5
988,1.16,14:16,128,73.5
989,1.17,14:16,129,73.5
990,1.17,16:45,128,73.5
991,1.17,20:01,128,73.5
992,1.17,20:01,129,72.8
993,1.17,20:19,127,72.2
994,1.17,20:19,127,72.2
995,1.17,17:52,126,72.2
996,1.17,16:21,126,72.2
997,1.17,15:35,126,72.8
998,1.17,14:54,125,72.8
999,1.18,15:04,126,72.8
1000,1.18,14:54,126,72.8
1001,1.18,15:14,125,72.2
1002,1.18,15:57,127,72.2
1003,1.18,15:14,127,72.2
1004,1.18,14:16,128,72.8
1005,1.18,13:32,131,72.8
1006,1.18,13:41,131,72.8
1007,1.18,13:32,131,72.8
1008,1.19,13:58,133,72.8
1009,1.19,15:57,133,72.8
1010,1.19,17:52,133,72.8
1011,1.19,17:38,133,72.8
1012,1.19,17:38,133,72.8
1013,1.19,16:09,133,72.8
1014,1.19,15:04,134,72.8
1015,1.19,14:25,134,72.8
1016,1.19,12:39,134,72.8
1017,1.2,12:18,135,72.8
1018,1.2,13:24,135,72.8
1019,1.2,13:49,134,72.8
1020,1.2,14:16,135,72.8
1021,1.2,15:24,136,72.8
1022,1.2,14:54,136,72.8
1023,1.2,14:25,135,72.8
1024,1.2,12:46,136,72.8
1025,1.21,11:45,136,72.8
1026,1.21,10:48,136,72.8
1027,1.21,10:09,137,72.8
1028,1.21,9:34,137,72.8
1029,1.21,9:34,137,72.8
1030,1.21,9:47,137,73.5
1031,1.22,10:38,137,73.5
1032,1.22,11:21,137,73.5
1033,1.22,12:04,137,73.5
1034,1.22,13:01,137,73.5
1035,1.22,13:01,137,73.5
1036,1.22,12:53,138,73.5
1037,1.22,13:49,139,73.5
1038,1.22,13:08,139,73.5
1039,1.23,12:32,139,74.1
1040,1.23,12:25,140,74.1
1041,1.23,12:32,140,74.1
1042,1.23,12:11,140,74.1
1043,1.23,11:58,140,74.1
1044,1.23,11:58,140,74.8
1045,1.23,12:25,140,74.8
1046,1.24,12:25,140,74.8
1047,1.24,12:32,139,74.8
1048,1.24,13:49,139,74.8
1049,1.24,13:49,140,74.8
1050,1.24,13:16,141,75.5
1051,1.24,14:25,141,75.5
1052,1.24,14:16,141,75.5
1053,1.24,13:49,142,75.5
1054,1.24,14:16,142,75.5
1055,1.25,13:58,142,75.5
1056,1.25,13:08,143,75.5
1057,1.25,13:16,143,75.5
1058,1.25,13:49,144,76.1
1059,1.25,13:58,144,76.1
1060,1.25,14:25,143,76.1
1061,1.25,14:34,144,76.1
1062,1.25,13:41,144,76.8
1063,1.26,12:46,143,76.8
1064,1.26,12:32,142,76.8
1065,1.26,12:25,143,76.8
1066,1.26,12:11,143,76.8
1067,1.26,13:01,143,76.8
1068,1.26,13:08,143,77.4
1069,1.26,13:32,143,77.4
1070,1.27,13:32,143,77.4
1071,1.27,13:24,142,77.4
1072,1.27,13:41,143,77.4
1073,1.27,14:16,143,77.4
1074,1.27,14:25,143,77.4
1075,1.27,14:54,144,77.4
1076,1.27,15:14,144,78.1
1077,1.27,14:54,144,78.1
1078,1.27,14:54,144,78.1
1079,1.28,14:25,144,78.1
1080,1.28,14:07,143,78.7
1081,1.28,13:41,144,79.4
1082,1.28,12:53,145,79.4
1083,1.28,13:16,145,79.4
1084,1.28,13:49,146,79.4
1085,1.28,14:07,146,79.4
1086,1.28,14:54,146,79.4
1087,1.28,16:09,146,79.4
1088,1.29,15:57,147,79.4
1089,1.29,15:24,146,79.4
1090,1.29,14:44,146,80.1
1091,1.29,13:58,146,80.1
1092,1.29,13:32,146,80.1
1093,1.29,12:39,146,80.1
1094,1.29,12:32,146,80.7
1095,1.29,12:53,146,80.7
1096,1.3,13:08,146,80.7
1097,1.3,13:32,146,81.4
1098,1.3,14:07,146,82.0
1099,1.3,13:49,147,82.0
1100,1.3,13:32,147,82.7
1101,1.3,13:24,148,82.7
1102,1.3,12:39,148,83.3
1103,1.31,11:39,148,83.3
1104,1.31,11:27,148,83.3
1105,1.31,11:58,148,83.3
1106,1.31,11:45,147,84.0
1107,1.31,12:25,148,84.0
1108,1.31,14:07,147,84.0
1109,1.31,15:04,147,84.6
1110,1.31,14:16,147,84.6
1111,1.31,15:24,147,84.6
1112,1.32,15:04,147,84.6
1113,1.32,13:32,148,84.6
1114,1.32,13:41,148,84.6
1115,1.32,13:32,147,84.6
1116,1.32,12:39,148,84.6
1117,1.32,12:46,148,84.6
1118,1.32,13:24,148,85.3
1119,1.32,13:32,148,85.3
1120,1.33,14:16,148,85.3
1121,1.33,14:44,147,85.3
1122,1.33,15:14,147,86.0
1123,1.33,15:24,146,86.0
1124,1.33,15:04,145,86.0
1125,1.33,15:14,145,86.0
1126,1.33,14:16,144,86.0
1127,1.33,13:24,144,86.0
1128,1.34,13:08,144,86.0
1129,1.34,12:18,143,86.6
1130,1.34,11:45,143,86.6
1131,1.34,12:18,144,86.6
1132,1.34,11:16,145,86.6
1133,1.34,11:27,145,87.3
1134,1.34,11:52,145,87.3
1135,1.35,12:04,146,87.3
1136,1.35,12:46,146,87.9
1137,1.35,14:34,147,87.9
1138,1.35,14:44,146,87.9
1139,1.35,15:24,146,87.9
1140,1.35,15:14,147,87.3
1141,1.35,13:58,147,87.3
1142,1.35,14:07,147,87.3
1143,1.35,13:49,147,87.3
1144,1.36,13:58,147,87.3
1145,1.36,14:34,147,87.3
1146,1.36,15:14,147,87.3
1147,1.36,14:54,147,87.3
1148,1.36,13:24,148,87.3
1149,1.36,12:46,148,87.3
1150,1.36,12:39,147,87.9
1151,1.36,11:52,147,87.9
1152,1.37,11:27,147,87.9
1153,1.37,12:11,147,88.6
1154,1.37,12:25,148,88.6
1155,1.37,12:25,147,88.6
1156,1.37,13:41,148,88.6
1157,1.37,14:25,148,88.6
1158,1.37,14:54,147,88.6
1159,1.37,14:34,148,88.6
1160,1.38,14:44,148,89.2
1161,1.38,14:44,148,89.2
1162,1.38,14:54,148,89.9
1163,1.38,15:35,148,89.9
1164,1.38,15:35,148,89.9
1165,1.38,15:14,146,89.9
1166,1.38,14:07,146,89.9
1167,1.38,13:58,144,90.6
1168,1.38,13:32,141,90.6
1169,1.39,13:49,139,90.6
1170,1.39,14:07,140,90.6
1171,1.39,14:54,141,90.6
1172,1.39,13:58,141,90.6
1173,1.39,14:44,141,90.6
1174,1.39,15:24,141,90.6
1175,1.39,15:14,139,90.6
1176,1.39,15:35,133,90.6
1177,1.39,17:25,135,90.6
1178,1.39,16:33,134,89.9
1179,1.4,15:57,133,89.9
1180,1.4,15:24,133,89.9
1181,1.4,14:34,130,89.9
1182,1.4,13:16,128,89.9
1183,1.4,12:39,124,89.9
1184,1.4,12:46,121,89.9
1185,1.4,12:53,119,89.2
1186,1.4,13:08,124,89.2
1187,1.41,13:58,129,89.2
1188,1.41,14:34,133,89.2
1189,1.41,14:07,137,88.6
1190,1.41,14:34,139,88.6
1191,1.41,14:07,141,88.6
1192,1.41,13:49,141,88.6
1193,1.41,13:49,143,87.9
1194,1.41,13:49,143,87.9
1195,1.42,13:01,143,87.3
1196,1.42,13:08,144,87.3
1197,1.42,13:32,145,86.6
1198,1.42,14:16,146,86.6
1199,1.42,14:16,146,86.6
1200,1.42,14:34,145,86.0
1201,1.42,14:25,146,86.0
1202,1.42,13:24,146,86.0
1203,1.43,12:39,145,86.0
1204,1.43,11:58,145,86.0
1205,1.43,11:58,144,86.0
1206,1.43,12:18,144,86.0
1207,1.43,12:46,143,85.3
1208,1.43,12:53,142,85.3
1209,1.43,12:25,142,84.6
1210,1.44,11:33,142,84.6
1211,1.44,10:43,141,84.6
1212,1.44,10:14,141,84.0
1213,1.44,9:38,140,83.3
1214,1.44,10:33,140,83.3
1215,1.44,11:33,141,82.7
1216,1.44,11:52,140,82.7
1217,1.45,12:46,139,82.0
1218,1.45,13:24,138,82.0
1219,1.45,13:08,137,82.0
1220,1.45,13:01,137,81.4
1221,1.45,13:32,137,81.4
1222,1.45,13:24,137,80.7
1223,1.45,13:08,136,80.1
1224,1.45,12:32,136,80.1
1225,1.46,11:39,135,79.4
1226,1.46,11:27,135,79.4
1227,1.46,11:21,135,79.4
1228,1.46,12:25,135,79.4
1229,1.46,12:39,134,78.7
1230,1.46,12:46,133,78.7
1231,1.46,13:16,134,78.1
1232,1.47,13:58,134,77.4
1233,1.47,13:16,134,77.4
1234,1.47,12:53,135,77.4
1235,1.47,13:01,136,77.4
1236,1.47,12:32,135,77.4
1237,1.47,12:18,135,77.4
1238,1.47,11:45,136,77.4
1239,1.47,12:04,136,77.4
1240,1.48,12:32,136,77.4
1241,1.48,12:53,136,77.4
1242,1.48,12:25,136,77.4
1243,1.48,12:39,136,77.4
1244,1.48,12:53,136,76.8
1245,1.48,12:18,136,76.8
1246,1.48,11:16,135,76.8
1247,1.49,11:16,135,76.8
1248,1.49,11:33,136,76.8
1249,1.49,11:39,136,77.4
1250,1.49,12:32,136,77.4
1251,1.49,13:24,136,77.4
1252,1.49,13:01,137,77.4
1253,1.49,12:53,137,77.4
1254,1.5,12:32,137,77.4
1255,1.5,11:58,138,76.8
1256,1.5,12:04,138,76.8
1257,1.5,13:08,138,76.8
1258,1.5,13:01,138,76.8
1259,1.5,14:07,138,76.1
1260,1.5,14:34,138,76.1
1261,1.5,14:44,138,76.1
1262,1.5,13:41,138,76.1
1263,1.51,13:24,138,76.1
1264,1.51,12:46,139,76.1
1265,1.51,12:53,139,76.1
1266,1.51,12:53,139,76.1
1267,1.51,12:53,139,76.1
1268,1.51,12:53,139,76.1
1269,1.51,12:25,139,76.1
1270,1.52,11:45,138,76.1
1271,1.52,11:21,138,76.1
1272,1.52,11:05,138,76.1
1273,1.52,11:05,139,76.1
1274,1.52,11:21,138,76.1
1275,1.52,12:11,139,76.1
1276,1.52,13:24,139,76.1
1277,1.52,14:07,139,76.1
1278,1.53,15:04,139,76.1
1279,1.53,15:24,138,76.1
1280,1.53,15:14,139,76.1
1281,1.53,15:04,139,76.1
1282,1.53,15:14,139,76.1
1283,1.53,14:54,139,76.1
1284,1.53,15:35,140,76.1
1285,1.53,15:35,139,76.1
1286,1.53,15:14,140,76.8
1287,1.54,15:57,139,76.8
1288,1.54,15:46,140,76.8
1289,1.54,14:44,140,76.8
1290,1.54,14:34,140,76.8
1291,1.54,14:25,140,76.8
1292,1.54,14:07,140,76.8
1293,1.54,14:25,141,76.8
1294,1.54,15:04,140,76.8
1295,1.54,16:09,142,76.8
1296,1.55,15:57,142,76.8
1297,1.55,15:46,142,76.8
1298,1.55,16:21,143,76.8
1299,1.55,16:21,143,76.8
1300,1.55,15:04,143,76.8
1301,1.55,15:35,144,76.8
1302,1.55,14:34,143,76.8
1303,1.55,13:32,144,76.8
1304,1.55,13:16,144,77.4
1305,1.56,13:01,143,77.4
1306,1.56,12:46,143,77.4
1307,1.56,13:24,143,77.4
1308,1.56,13:49,143,77.4
1309,1.56,13:49,143,77.4
1310,1.56,14:16,143,77.4
1311,1.56,13:49,143,77.4
1312,1.56,14:16,143,77.4
1313,1.57,14:16,144,77.4
1314,1.57,14:44,142,78.1
1315,1.57,15:04,142,77.4
1316,1.57,14:54,142,77.4
1317,1.57,14:16,141,77.4
1318,1.57,14:34,142,77.4
1319,1.57,13:32,142,77.4
1320,1.57,12:32,142,77.4
1321,1.58,13:01,142,78.1
1322,1.58,13:08,143,78.1
1323,1.58,13:08,143,78.1
1324,1.58,13:41,144,78.1
1325,1.58,14:34,144,78.1
1326,1.58,14:07,144,77.4
1327,1.58,14:25,143,77.4
1328,1.58,14:16,143,77.4
1329,1.58,14:54,143,77.4
1330,1.59,14:54,143,77.4
1331,1.59,14:34,143,77.4
1332,1.59,13:49,144,77.4
1333,1.59,13:08,143,77.4
1334,1.59,12:11,143,77.4
1335,1.59,12:18,143,76.8
1336,1.59,12:39,143,76.8
1337,1.6,12:11,143,76.8
1338,1.6,12:32,142,76.8
1339,1.6,12:04,143,76.8
1340,1.6,11:52,142,76.8
1341,1.6,12:25,142,76.8
1342,1.6,13:16,143,76.8
1343,1.6,13:24,143,76.8
1344,1.6,14:44,143,76.8
1345,1.61,14:44,143,76.1
1346,1.61,13:41,144,76.1
1347,1.61,13:32,144,76.1
1348,1.61,13:16,143,76.1
1349,1.61,13:08,142,75.5
1350,1.61,12:39,142,75.5
1351,1.61,13:01,141,75.5
1352,1.61,13:49,141,75.5
1353,1.61,14:16,141,75.5
1354,1.62,13:41,142,75.5
1355,1.62,14:34,142,75.5
1356,1.62,13:58,142,75.5
1357,1.62,13:08,142,75.5
1358,1.62,13:01,142,75.5
1359,1.62,13:16,142,75.5
1360,1.62,12:53,142,76.1
1361,1.63,13:08,142,76.1
1362,1.63,13:08,142,76.1
1363,1.63,12:53,143,76.1
1364,1.63,12:32,143,76.1
1365,1.63,12:39,143,76.1
1366,1.63,13:41,144,76.1
1367,1.63,14:25,144,76.1
1368,1.63,14:44,143,76.1
1369,1.63,15:57,143,76.1
1370,1.64,15:57,142,76.1
1371,1.64,14:07,143,76.1
1372,1.64,13:16,143,76.1
1373,1.64,12:39,142,76.1
1374,1.64,12:25,143,76.1
1375,1.64,13:01,142,76.1
1376,1.64,13:24,143,76.1
1377,1.64,13:16,144,76.1
1378,1.65,13:01,143,76.1
1379,1.65,13:01,143,76.1
1380,1.65,11:58,144,76.1
1381,1.65,12:18,144,76.8
1382,1.65,12:46,144,76.8
1383,1.65,13:49,144,77.4
1384,1.65,13:49,143,77.4
1385,1.65,14:34,142,77.4
1386,1.66,13:58,142,76.8
1387,1.66,13:58,141,76.8
1388,1.66,14:07,141,77.4
1389,1.66,14:25,141,77.4
1390,1.66,14:25,143,77.4
1391,1.66,14:07,143,77.4
1392,1.66,14:25,144,77.4
1393,1.66,14:25,143,78.1
1394,1.67,14:07,143,78.1
1395,1.67,14:16,144,78.1
1396,1.67,15:04,144,78.1
1397,1.67,14:44,145,78.1
1398,1.67,14:25,145,78.1
1399,1.67,14:34,146,78.1
1400,1.67,14:25,146,78.1
1401,1.67,14:54,146,78.1
1402,1.67,16:09,146,78.1
1403,1.67,16:45,145,78.7
1404,1.68,16:33,145,78.7
1405,1.68,15:57,146,78.7
1406,1.68,15:24,145,78.7
1407,1.68,13:58,146,79.4
1408,1.68,13:32,146,79.4
1409,1.68,13:01,146,79.4
1410,1.68,13:32,146,79.4
1411,1.68,13:08,147,79.4
1412,1.69,12:53,147,79.4
1413,1.69,12:11,147,79.4
1414,1.69,12:46,147,79.4
1415,1.69,13:01,147,79.4
1416,1.69,13:32,147,79.4
1417,1.69,13:58,146,79.4
1418,1.69,14:34,147,79.4
1419,1.69,14:16,147,80.1
1420,1.7,14:34,148,80.1
1421,1.7,13:58,147,80.1
1422,1.7,13:49,147,80.1
1423,1.7,14:44,147,80.1
1424,1.7,14:44,147,80.1
1425,1.7,14:44,147,80.7
1426,1.7,15:46,147,80.7
1427,1.7,16:21,147,80.7
1428,1.7,15:35,147,81.4
1429,1.71,15:46,147,81.4
1430,1.71,14:44,146,81.4
1431,1.71,13:32,146,81.4
1432,1.71,13:16,147,81.4
1433,1.71,12:32,147,82.0
1434,1.71,11:21,147,82.0
1435,1.71,11:27,146,82.0
1436,1.72,11:58,146,82.0
1437,1.72,11:58,147,82.7
1438,1.72,12:11,148,82.7
1439,1.72,13:49,148,82.7
1440,1.72,14:16,149,82.7
1441,1.72,14:34,148,83.3
1442,1.72,14:16,149,83.3
1443,1.72,14:34,148,83.3
1444,1.72,14:07,148,84.0
1445,1.73,13:24,149,84.0
1446,1.73,12:53,150,84.0
1447,1.73,12:53,149,84.6
1448,1.73,13:01,149,84.6
1449,1.73,12:53,150,84.6
1450,1.73,12:53,149,85.3
1451,1.73,13:16,148,85.3
1452,1.73,13:49,149,85.3
1453,1.74,13:49,148,85.3
1454,1.74,14:25,148,85.3
1455,1.74,14:07,147,85.3
1456,1.74,13:49,148,85.3
1457,1.74,12:53,148,85.3
1458,1.74,12:32,149,85.3
1459,1.74,12:32,148,85.3
1460,1.74,13:16,149,85.3
1461,1.75,14:07,149,85.3
1462,1.75,15:14,150,84.6
1463,1.75,17:52,149,84.6
1464,1.75,18:07,149,84.0
1465,1.75,18:37,149,84.0
1466,1.75,17:52,149,84.0
1467,1.75,15:57,148,84.0
1468,1.75,16:21,147,84.0
1469,1.75,15:24,146,84.0
1470,1.76,13:49,147,84.0
1471,1.76,13:49,147,84.0
1472,1.76,14:44,147,84.0
1473,1.76,12:46,147,84.0
1474,1.76,12:46,147,84.6
1475,1.76,12:25,149,84.6
1476,1.76,11:21,148,85.3
1477,1.77,10:54,148,86.0
1478,1.77,10:59,148,86.0
1479,1.77,11:16,149,86.0
1480,1.77,11:52,149,86.0
1481,1.77,12:53,149,86.6
1482,1.77,14:16,149,86.6
1483,1.77,14:34,149,87.3
1484,1.77,14:16,149,87.3
1485,1.77,15:14,149,87.9
1486,1.78,15:35,150,87.9
1487,1.78,14:16,150,87.9
1488,1.78,14:44,150,87.9
1489,1.78,14:16,149,87.9
1490,1.78,13:49,150,87.9
1491,1.78,13:58,150,87.9
1492,1.78,14:25,150,88.6
1493,1.78,13:24,150,88.6
1494,1.79,13:58,150,89.2
1495,1.79,14:25,150,89.2
1496,1.79,14:07,149,89.2
1497,1.79,14:25,150,89.2
1498,1.79,15:14,151,89.2
1499,1.79,14:54,150,88.6
1500,1.79,14:34,151,88.6
1501,1.79,13:49,150,87.9
1502,1.79,13:41,150,87.9
1503,1.8,13:24,150,87.9
1504,1.8,13:16,149,87.3
1505,1.8,13:24,149,87.3
1506,1.8,13:41,149,86.6
1507,1.8,13:16,150,86.6
1508,1.8,13:08,149,86.6
1509,1.8,12:11,149,87.3
1510,1.81,10:48,148,87.3
1511,1.81,10:54,148,87.9
1512,1.81,11:33,148,87.9
1513,1.81,11:33,149,88.6
1514,1.81,12:39,149,88.6
1515,1.81,14:07,149,89.2
1516,1.81,13:08,149,89.2
1517,1.81,12:46,149,89.2
1518,1.82,13:16,149,89.2
1519,1.82,13:08,149,89.2
1520,1.82,13:24,148,89.2
1521,1.82,14:07,147,89.2
1522,1.82,14:16,146,89.2
1523,1.82,13:49,146,89.2
1524,1.82,14:16,147,89.2
1525,1.82,14:07,148,89.9
1526,1.82,15:14,148,89.9
1527,1.83,15:46,148,89.9
1528,1.83,15:46,149,89.9
1529,1.83,15:57,149,89.9
1530,1.83,15:57,149,89.9
1531,1.83,14:54,150,89.2
1532,1.83,14:16,150,89.2
1533,1.83,14:44,150,89.2
1534,1.83,14:25,149,89.2
1535,1.83,14:34,148,89.2
1536,1.84,15:04,149,88.6
1537,1.84,15:14,149,88.6
1538,1.84,15:14,149,88.6
1539,1.84,15:04,148,88.6
1540,1.84,13:58,148,88.6
1541,1.84,13:01,148,87.9
1542,1.84,12:25,148,87.9
1543,1.85,11:39,147,87.9
1544,1.85,11:33,147,87.9
1545,1.85,11:45,147,87.9
1546,1.85,12:11,147,87.9
1547,1.85,12:04,147,87.9
1548,1.85,12:25,147,87.3
1549,1.85,12:25,147,87.3
1550,1.85,12:32,147,87.3
1551,1.86,12:25,146,86.6
1552,1.86,12:18,147,86.6
1553,1.86,13:01,146,86.6
1554,1.86,13:16,147,86.0
1555,1.86,14:07,147,86.0
1556,1.86,13:49,146,86.0
1557,1.86,15:04,147,86.0
1558,1.86,13:41,147,86.6
1559,1.87,13:16,147,86.6
1560,1.87,13:01,147,86.6
1561,1.87,13:01,148,86.6
1562,1.87,12:32,149,86.0
1563,1.87,13:01,148,86.0
1564,1.87,13:08,149,86.0
1565,1.87,12:46,148,86.0
1566,1.87,13:16,149,86.0
1567,1.88,13:16,148,86.0
1568,1.88,13:01,149,85.3
1569,1.88,12:46,148,85.3
1570,1.88,12:18,149,85.3
1571,1.88,11:45,148,85.3
1572,1.88,11:33,148,85.3
1573,1.88,11:21,147,85.3
1574,1.89,11:27,147,85.3
1575,1.89,11:33,147,86.0
1576,1.89,11:21,148,86.0
1577,1.89,11:21,148,86.0
1578,1.89,11:45,149,86.0
1579,1.89,12:04,149,86.0
1580,1.89,12:53,149,86.0
1581,1.9,13:58,149,86.0
1582,1.9,14:16,149,86.0
1583,1.9,15:04,148,86.0
1584,1.9,14:54,147,86.0
1585,1.9,14:44,147,86.0
1586,1.9,14:34,146,86.0
1587,1.9,15:46,146,86.0
1588,1.9,14:54,145,86.0
1589,1.9,14:44,144,86.0
1590,1.91,14:16,144,86.0
1591,1.91,13:49,143,85.3
1592,1.91,13:24,140,85.3
1593,1.91,13:49,140,84.6
1594,1.91,13:49,140,84.6
1595,1.91,14:07,140,84.6
1596,1.91,14:44,140,84.6
1597,1.91,13:32,140,84.6
1598,1.92,13:08,140,84.6
1599,1.92,13:16,141,84.6
1600,1.92,13:32,141,84.0
1601,1.92,13:01,141,84.0
1602,1.92,13:32,141,84.0
1603,1.92,13:16,141,83.3
1604,1.92,13:16,141,83.3
1605,1.92,12:46,141,83.3
1606,1.93,12:46,142,83.3
1607,1.93,12:25,141,82.7
1608,1.93,12:25,141,82.7
1609,1.93,12:25,139,82.7
1610,1.93,12:46,139,82.0
1611,1.93,12:32,139,82.0
1612,1.93,12:46,139,82.0
1613,1.93,13:08,140,82.0
1614,1.94,12:39,140,82.0
1615,1.94,12:53,140,82.0
1616,1.94,13:41,142,82.0
1617,1.94,13:49,144,82.0
1618,1.94,13:58,145,82.0
1619,1.94,14:16,145,82.0
1620,1.94,13:24,146,82.0
1621,1.94,13:41,147,82.0
1622,1.95,13:01,146,82.0
1623,1.95,12:46,146,82.0
1624,1.95,13:41,146,82.0
1625,1.95,13:41,146,82.0
1626,1.95,12:53,146,82.0
1627,1.95,13:58,147,82.0
1628,1.95,13:58,147,82.0
1629,1.95,13:24,146,82.0
1630,1.96,14:07,146,82.0
1631,1.96,13:24,145,82.0
1632,1.96,13:16,145,82.7
1633,1.96,13:16,144,82.7
1634,1.96,12:18,144,82.7
1635,1.96,11:58,145,82.7
1636,1.96,12:32,145,82.7
1637,1.97,11:39,145,83.3
1638,1.97,11:58,146,83.3
1639,1.97,13:08,145,83.3
1640,1.97,12:53,145,84.0
1641,1.97,13:41,146,84.0
1642,1.97,15:24,146,84.0
1643,1.97,14:54,145,84.6
1644,1.97,15:14,144,84.6
1645,1.97,15:24,144,84.6
1646,1.98,14:07,145,85.3
1647,1.98,13:16,145,85.3
1648,1.98,13:16,145,85.3
1649,1.98,12:39,144,85.3
1650,1.98,12:53,143,85.3
1651,1.98,14:07,143,85.3
1652,1.98,14:16,143,85.3
1653,1.98,13:49,144,86.0
1654,1.99,13:58,144,86.0
1655,1.99,13:32,144,86.0
1656,1.99,13:16,146,86.0
1657,1.99,13:32,146,86.0
1658,1.99,13:41,146,86.0
1659,1.99,13:41,146,85.3
1660,1.99,13:16,146,86.0
1661,1.99,13:24,146,86.0
1662,2.0,13:08,146,86.0
1663,2.0,12:32,146,86.6
1664,2.0,12:04,146,86.6
1665,2.0,13:16,146,86.6
1666,2.0,12:39,146,86.6
1667,2.0,13:08,147,86.6
1668,2.0,13:01,146,86.6
1669,2.0,13:24,147,86.0
1670,2.01,11:39,146,86.0
1671,2.01,11:16,146,86.0
1672,2.01,10:43,146,85.3
1673,2.01,10:28,145,85.3
1674,2.01,10:00,144,85.3
1675,2.01,11:10,144,85.3
1676,2.02,11:16,145,85.3
1677,2.02,11:16,145,84.6
1678,2.02,12:11,145,84.6
1679,2.02,12:32,146,84.6
1680,2.02,11:27,147,84.6
1681,2.02,12:18,147,84.6
1682,2.02,12:25,147,84.6
1683,2.02,12:32,147,84.0
1684,2.03,13:16,147,84.0
1685,2.03,13:58,146,83.3
1686,2.03,13:32,146,83.3
1687,2.03,13:41,146,83.3
1688,2.03,15:04,145,83.3
1689,2.03,14:16,146,83.3
1690,2.03,14:07,145,82.7
1691,2.03,14:16,144,82.7
1692,2.04,13:01,145,82.0
1693,2.04,11:39,145,81.4
1694,2.04,11:21,145,81.4
1695,2.04,10:38,146,80.7
1696,2.04,10:33,146,80.7
1697,2.04,11:27,148,80.7
1698,2.04,11:52,147,80.1
1699,2.05,11:52,147,80.1
1700,2.05,12:32,148,80.1
1701,2.05,11:58,149,80.1
1702,2.05,11:39,149,80.1
1703,2.05,11:45,149,80.1
1704,2.05,12:25,149,80.1
1705,2.05,13:32,150,80.1
1706,2.05,14:25,149,80.7
1707,2.06,15:04,150,80.7
1708,2.06,13:58,149,80.7
1709,2.06,13:16,149,80.7
1710,2.06,12:53,150,80.7
1711,2.06,12:46,149,80.7
1712,2.06,13:01,149,80.7
1713,2.06,13:41,149,80.7
1714,2.06,14:16,149,80.7
1715,2.07,13:24,151,80.7
1716,2.07,12:39,151,81.4
1717,2.07,12:11,152,81.4
1718,2.07,12:46,152,81.4
1719,2.07,12:25,151,81.4
1720,2.07,13:24,151,81.4
1721,2.07,15:14,152,81.4
1722,2.07,15:04,152,81.4
1723,2.08,15:14,151,81.4
1724,2.08,16:45,151,81.4
1725,2.08,15:57,150,82.0
1726,2.08,14:54,151,82.0
1727,2.08,14:44,151,82.0
1728,2.08,13:49,151,82.0
1729,2.08,14:16,151,82.0
1730,2.08,14:07,151,82.7
1731,2.08,14:44,150,82.7
1732,2.09,14:34,150,82.7
1733,2.09,13:58,150,82.7
1734,2.09,12:39,150,82.7
1735,2.09,12:46,150,82.7
1736,2.09,12:25,150,82.7
1737,2.09,12:53,150,82.7
1738,2.09,13:24,150,82.7
1739,2.09,14:54,150,82.7
1740,2.1,15:04,149,82.7
1741,2.1,14:44,151,83.3
1742,2.1,14:34,150,83.3
1743,2.1,15:57,150,83.3
1744,2.1,13:16,150,84.0
1745,2.1,13:32,150,84.0
1746,2.1,13:41,150,84.0
1747,2.1,13:58,151,84.6
1748,2.11,13:16,151,84.6
1749,2.11,15:04,150,84.6
1750,2.11,14:44,150,85.3
1751,2.11,15:24,149,85.3
1752,2.11,14:54,149,85.3
1753,2.11,14:25,150,86.0
1754,2.11,13:41,149,86.0
1755,2.11,14:25,149,86.0
1756,2.11,13:32,149,86.0
1757,2.12,13:32,148,86.0
1758,2.12,14:07,148,86.6
1759,2.12,14:16,149,86.6
1760,2.12,12:53,148,86.6
1761,2.12,13:24,149,87.3
1762,2.12,13:41,148,87.3
1763,2.12,12:32,148,87.9
1764,2.12,13:08,149,87.9
1765,2.13,13:58,150,88.6
1766,2.13,13:32,149,88.6
1767,2.13,13:49,150,88.6
1768,2.13,14:54,150,88.6
1769,2.13,14:34,151,88.6
1770,2.13,14:25,151,88.6
1771,2.13,14:54,151,88.6
1772,2.13,14:44,151,88.6
1773,2.13,15:04,152,88.6
1774,2.14,14:07,151,88.6
1775,2.14,13:58,151,88.6
1776,2.14,13:49,151,88.6
1777,2.14,13:41,151,88.6
1778,2.14,13:41,150,87.9
1779,2.14,14:44,150,87.9
1780,2.14,14:44,150,87.9
1781,2.14,14:25,149,87.9
1782,2.15,14:54,150,87.9
1783,2.15,15:04,150,87.9
1784,2.15,14:44,150,87.9
1785,2.15,15:35,149,87.3
1786,2.15,16:45,147,87.3
1787,2.15,16:45,149,87.3
1788,2.15,16:33,149,87.3
1789,2.15,16:33,148,87.3
1790,2.15,15:46,148,87.3
1791,2.15,15:35,147,87.3
1792,2.16,15:35,147,87.3
1793,2.16,14:54,147,87.3
1794,2.16,14:54,147,87.3
1795,2.16,15:14,147,87.3
1796,2.16,15:14,148,87.3
1797,2.16,15:35,148,87.3
1798,2.16,15:35,148,87.3
1799,2.16,15:57,148,87.9
1800,2.16,15:35,148,87.9
1801,2.17,15:14,149,87.9
1802,2.17,14:25,148,88.6
1803,2.17,15:04,148,88.6
1804,2.17,14:16,148,88.6
1805,2.17,14:34,148,88.6
1806,2.17,14:44,148,88.6
1807,2.17,14:07,147,88.6
1808,2.17,13:49,147,88.6
1809,2.17,14:25,147,88.6
1810,2.18,14:07,147,88.6
1811,2.18,13:49,147,88.6
1812,2.18,14:25,147,88.6
1813,2.18,13:08,147,88.6
1814,2.18,11:45,147,87.9
1815,2.18,11:33,147,87.9
1816,2.18,11:27,146,87.9
1817,2.19,11:39,147,87.3
1818,2.19,12:32,147,87.3
1819,2.19,14:25,147,87.3
1820,2.19,14:34,148,87.3
1821,2.19,14:34,148,87.3
1822,2.19,14:54,147,87.3
1823,2.19,15:04,147,87.3
1824,2.19,14:54,148,87.9
1825,2.19,14:44,147,87.9
1826,2.2,13:58,148,87.9
1827,2.2,13:08,148,87.9
1828,2.2,13:24,148,87.9
1829,2.2,12:39,148,87.9
1830,2.2,13:16,148,87.9
1831,2.2,13:49,148,87.3
1832,2.2,14:44,149,87.3
1833,2.2,14:44,149,87.9
1834,2.21,15:57,148,87.9
1835,2.21,15:04,148,87.9
1836,2.21,15:04,148,87.9
1837,2.21,13:58,148,87.9
1838,2.21,13:41,148,87.3
1839,2.21,13:01,148,87.3
1840,2.21,13:01,148,87.3
1841,2.21,12:53,149,87.3
1842,2.22,13:24,149,87.3
1843,2.22,12:25,149,87.3
1844,2.22,12:46,149,87.3
1845,2.22,12:53,150,87.3
1846,2.22,12:18,150,87.9
1847,2.22,12:25,149,87.9
1848,2.22,13:24,149,87.9
1849,2.22,13:32,149,87.9
1850,2.23,14:16,149,87.9
1851,2.23,15:14,149,87.9
1852,2.23,15:35,149,87.9
1853,2.23,16:21,149,87.9
1854,2.23,15:46,150,87.9
1855,2.23,15:46,149,87.9
1856,2.23,16:09,150,88.6
1857,2.23,14:34,149,88.6
1858,2.23,14:07,150,88.6
1859,2.24,14:16,151,88.6
1860,2.24,13:41,149,88.6
1861,2.24,14:16,149,88.6
1862,2.24,15:35,148,89.2
1863,2.24,14:34,149,89.2
1864,2.24,15:04,149,89.2
1865,2.24,13:49,148,89.2
1866,2.24,12:39,147,89.2
1867,2.25,12:11,147,89.2
1868,2.25,12:39,146,89.2
1869,2.25,12:11,146,89.2
1870,2.25,12:39,146,89.2
1871,2.25,12:11,146,89.2
1872,2.25,12:39,145,89.9
1873,2.25,12:46,145,89.9
1874,2.25,13:01,145,89.9
1875,2.26,13:32,145,89.9
1876,2.26,14:44,145,90.6
1877,2.26,14:16,146,90.6
1878,2.26,13:58,147,90.6
1879,2.26,13:32,148,90.6
1880,2.26,13:01,148,91.2
1881,2.26,12:46,148,91.2
1882,2.26,13:24,149,91.2
1883,2.27,13:32,150,91.2
1884,2.27,13:49,150,91.2
1885,2.27,15:24,150,91.2
1886,2.27,14:54,149,91.2
1887,2.27,13:49,150,91.2
1888,2.27,14:07,151,91.2
1889,2.27,13:32,151,91.2
1890,2.27,12:39,151,91.2
1891,2.27,13:08,151,91.2
1892,2.28,13:32,151,91.9
1893,2.28,13:41,152,91.9
1894,2.28,14:07,152,91.9
1895,2.28,14:16,151,92.5
1896,2.28,14:16,151,92.5
1897,2.28,14:07,151,92.5
1898,2.28,13:58,150,93.2
1899,2.28,14:25,151,93.2
1900,2.29,14:54,151,93.8
1901,2.29,15:14,150,93.8
1902,2.29,15:35,150,93.8
1903,2.29,15:57,149,93.8
1904,2.29,15:35,149,93.8
1905,2.29,16:09,149,93.8
1906,2.29,17:25,149,93.8
1907,2.29,16:58,148,93.8
1908,2.29,15:46,148,93.8
1909,2.29,15:46,147,93.8
1910,2.3,14:54,148,93.8
1911,2.3,13:41,148,93.2
1912,2.3,13:24,148,93.2
1913,2.3,13:16,148,93.2
1914,2.3,13:01,147,93.2
1915,2.3,12:53,148,92.5
1916,2.3,12:25,148,93.2
1917,2.31,12:11,148,93.2
1918,2.31,12:25,147,93.2
1919,2.31,12:25,147,93.2
1920,2.31,12:32,147,93.2
1921,2.31,13:01,147,93.2
1922,2.31,13:16,146,93.2
1923,2.31,13:01,146,93.2
1924,2.31,14:16,147,93.2
1925,2.32,13:49,147,93.2
1926,2.32,13:58,147,93.2
1927,2.32,13:58,146,93.2
1928,2.32,14:44,146,93.2
1929,2.32,13:01,146,93.2
1930,2.32,13:24,146,93.8
1931,2.32,13:32,146,93.8
1932,2.32,14:07,146,94.5
1933,2.32,14:07,146,94.5
1934,2.33,16:09,146,94.5
1935,2.33,16:58,146,94.5
1936,2.33,17:11,147,95.1
1937,2.33,16:45,147,95.1
1938,2.33,16:33,147,95.1
1939,2.33,14:54,147,95.1
1940,2.33,14:16,147,95.8
1941,2.33,13:49,147,95.8
1942,2.33,13:41,146,95.8
1943,2.34,13:16,146,95.8
1944,2.34,13:32,146,96.5
1945,2.34,13:01,146,96.5
1946,2.34,12:39,144,96.5
1947,2.34,12:46,143,96.5
1948,2.34,12:46,142,96.5
1949,2.34,12:32,142,96.5
1950,2.34,12:53,142,95.8
1951,2.35,13:24,142,95.8
1952,2.35,13:01,144,95.1
1953,2.35,13:16,144,95.1
1954,2.35,13:41,144,95.1
1955,2.35,14:34,144,94.5
1956,2.35,14:54,145,94.5
1957,2.35,15:14,145,94.5
1958,2.35,15:24,145,94.5
1959,2.36,15:24,144,94.5
1960,2.36,13:24,145,94.5
1961,2.36,11:39,145,93.8
1962,2.36,11:39,145,93.8
1963,2.36,11:52,145,93.8
1964,2.36,11:58,145,93.8
1965,2.36,12:39,145,93.8
1966,2.36,14:34,146,93.8
1967,2.37,13:32,146,93.8
1968,2.37,13:32,146,93.8
1969,2.37,13:32,146,93.8
1970,2.37,13:16,146,93.8
1971,2.37,13:16,146,94.5
1972,2.37,15:14,147,95.1
1973,2.37,14:54,147,95.1
1974,2.37,14:07,147,95.8
1975,2.38,15:04,147,95.8
1976,2.38,13:58,148,96.5
1977,2.38,12:46,149,97.1
1978,2.38,12:46,149,97.1
1979,2.38,14:54,149,97.8
1980,2.38,15:04,149,97.8
1981,2.38,15:57,149,98.4
1982,2.38,17:25,150,98.4
1983,2.38,17:11,150,99.1
1984,2.39,15:46,150,99.7
1985,2.39,15:24,150,99.7
1986,2.39,15:57,149,100.4
1987,2.39,15:57,149,101.0
1988,2.39,17:52,149,101.7
1989,2.39,17:25,149,102.4
1990,2.39,17:38,150,103.0
1991,2.39,17:11,150,103.7
1992,2.39,17:52,150,103.7
1993,2.39,15:46,150,103.7
1994,2.4,15:57,150,103.7
1995,2.4,15:46,150,103.7
1996,2.4,15:57,150,103.7
1997,2.4,14:16,150,103.7
1998,2.4,14:16,149,103.7
1999,2.4,13:41,149,103.7
2000,2.4,13:24,149,103.0
2001,2.4,13:16,149,102.4
2002,2.4,14:25,149,101.7
2003,2.41,15:24,149,101.0
2004,2.41,15:04,149,100.4
2005,2.41,15:46,149,99.7
2006,2.41,15:04,149,99.1
2007,2.41,14:44,149,99.1
2008,2.41,14:07,149,98.4
2009,2.41,14:16,150,97.8
2010,2.41,13:49,149,97.8
2011,2.42,13:58,149,97.8
2012,2.42,13:58,150,97.1
2013,2.42,13:32,150,97.1
2014,2.42,13:49,150,97.1
2015,2.42,13:32,150,97.1
2016,2.42,13:58,150,97.1
2017,2.42,13:49,150,97.1
2018,2.42,14:54,151,97.1
2019,2.42,15:14,151,97.1
2020,2.43,15:24,151,97.1
2021,2.43,14:44,150,96.5
2022,2.43,15:04,150,96.5
2023,2.43,14:25,150,96.5
2024,2.43,14:16,150,97.1
2025,2.43,13:58,149,97.1
2026,2.43,13:08,148,97.1
2027,2.43,12:25,147,97.1
2028,2.44,11:33,148,97.1
2029,2.44,11:05,148,97.1
2030,2.44,11:05,148,97.1
2031,2.44,11:45,148,97.1
2032,2.44,11:16,148,97.1
2033,2.44,12:25,149,97.1
2034,2.44,12:53,149,97.1
2035,2.45,13:01,148,97.1
2036,2.45,13:24,148,97.1
2037,2.45,13:58,148,97.1
2038,2.45,13:08,147,97.1
2039,2.45,12:39,147,97.1
2040,2.45,11:52,147,97.1
2041,2.45,12:04,147,96.5
2042,2.45,12:18,146,96.5
2043,2.46,12:39,147,96.5
2044,2.46,13:41,147,97.1
2045,2.46,14:54,148,97.1
2046,2.46,14:34,148,97.1
2047,2.46,14:16,148,97.1
2048,2.46,14:07,150,97.1
2049,2.46,12:53,149,97.1
2050,2.46,12:39,149,97.8
2051,2.47,12:11,149,97.8
2052,2.47,13:24,149,97.8
2053,2.47,13:49,150,97.8
2054,2.47,14:44,150,98.4
2055,2.47,15:57,150,98.4
2056,2.47,16:58,150,98.4
2057,2.47,14:34,151,98.4
2058,2.47,14:16,150,98.4
2059,2.47,13:58,149,98.4
2060,2.48,12:32,149,98.4
2061,2.48,12:25,149,98.4
2062,2.48,13:08,149,98.4
2063,2.48,13:08,149,98.4
2064,2.48,13:16,148,98.4
2065,2.48,13:32,148,98.4
2066,2.48,13:24,148,98.4
2067,2.48,13:41,148,97.8
2068,2.49,13:49,148,97.8
2069,2.49,14:07,148,97.8
2070,2.49,13:58,147,97.8
2071,2.49,13:32,147,97.1
2072,2.49,13:24,146,97.1
2073,2.49,13:24,145,97.1
2074,2.49,11:52,144,97.1
2075,2.49,12:53,143,97.1
2076,2.5,12:53,143,96.5
2077,2.5,12:46,143,96.5
2078,2.5,12:39,138,95.8
2079,2.5,13:41,138,95.8
2080,2.5,13:32,138,95.1
2081,2.5,14:54,138,94.5
2082,2.5,15:04,138,94.5
2083,2.5,15:35,138,93.8
2084,2.5,16:58,140,93.8
2085,2.51,16:45,140,93.2
2086,2.51,15:57,141,93.2
2087,2.51,16:21,144,93.2
2088,2.51,13:41,144,93.2
2089,2.51,12:18,144,93.2
2090,2.51,10:54,144,93.2
2091,2.51,10:48,145,93.2
2092,2.52,10:59,145,93.2
2093,2.52,11:27,144,93.2
2094,2.52,12:39,145,93.2
2095,2.52,13:32,146,93.2
2096,2.52,13:41,146,93.2
2097,2.52,13:08,145,93.2
2098,2.52,14:54,146,93.2
2099,2.52,13:41,145,93.8
2100,2.53,14:25,145,93.8
2101,2.53,14:16,145,93.8
2102,2.53,13:58,145,94.5
2103,2.53,13:08,145,94.5
2104,2.53,13:24,145,95.1
2105,2.53,13:16,144,95.1
2106,2.53,13:32,145,95.1
2107,2.53,13:16,145,95.1
2108,2.54,13:49,145,95.1
2109,2.54,13:58,145,95.8
2110,2.54,13:58,146,95.8
2111,2.54,13:41,146,95.8
2112,2.54,15:04,146,95.8
2113,2.54,14:16,147,95.8
2114,2.54,14:44,147,95.8
2115,2.54,15:14,147,96.5
2116,2.54,14:07,145,96.5
2117,2.55,13:24,145,97.1
2118,2.55,14:16,146,97.1
2119,2.55,13:24,146,97.1
2120,2.55,14:16,146,97.1
2121,2.55,15:24,146,97.1
2122,2.55,15:14,146,97.1
2123,2.55,14:25,147,97.1
2124,2.55,13:41,147,97.8
2125,2.56,12:46,147,97.8
2126,2.56,13:16,147,98.4
2127,2.56,13:49,149,98.4
2128,2.56,14:16,148,99.1
2129,2.56,15:57,148,99.1
2130,2.56,15:14,148,99.1
2131,2.56,14:54,149,99.1
2132,2.56,14:16,150,99.1
2133,2.56,13:41,150,99.1
2134,2.57,12:53,150,99.1
2135,2.57,13:01,151,99.7
2136,2.57,12:18,151,99.7
2137,2.57,12:53,152,99.7
2138,2.57,13:08,152,99.7
2139,2.57,14:54,152,99.7
2140,2.57,15:46,152,99.7
2141,2.57,15:57,152,99.7
2142,2.57,15:57,152,99.7
2143,2.58,15:24,152,99.7
2144,2.58,14:16,153,99.7
2145,2.58,13:49,152,99.7
2146,2.58,14:25,153,99.7
2147,2.58,13:24,153,99.7
2148,2.58,13:49,153,99.1
2149,2.58,13:49,153,99.1
2150,2.58,14:07,153,99.1
2151,2.59,13:49,153,99.1
2152,2.59,14:07,153,99.1
2153,2.59,14:44,154,99.1
2154,2.59,15:24,154,99.1
2155,2.59,15:24,154,98.4
2156,2.59,15:24,154,98.4
2157,2.59,15:24,153,98.4
2158,2.59,14:07,153,98.4
2159,2.59,13:58,151,98.4
2160,2.6,12:46,151,98.4
2161,2.6,12:39,151,98.4
2162,2.6,13:01,150,98.4
2163,2.6,13:24,150,99.1
2164,2.6,12:53,150,99.1
2165,2.6,14:07,150,99.1
2166,2.6,14:54,150,99.1
2167,2.6,15:04,150,99.1
2168,2.61,16:21,150,99.1
2169,2.61,16:45,150,99.1
2170,2.61,15:24,150,99.1
2171,2.61,15:24,151,99.7
2172,2.61,15:14,151,99.7
2173,2.61,14:54,151,99.7
2174,2.61,14:25,151,99.7
2175,2.61,14:44,150,99.7
2176,2.61,13:49,150,99.7
2177,2.62,13:08,150,99.7
2178,2.62,12:32,150,99.7
2179,2.62,12:11,149,100.4
2180,2.62,12:18,149,100.4
2181,2.62,12:04,149,100.4
2182,2.62,12:25,150,100.4
2183,2.62,12:32,150,100.4
2184,2.63,12:39,150,100.4
2185,2.63,13:08,150,99.7
2186,2.63,13:49,151,99.7
2187,2.63,13:58,151,99.1
2188,2.63,14:25,151,98.4
2189,2.63,15:14,152,97.8
2190,2.63,15:04,151,97.8
2191,2.63,14:54,151,97.8
2192,2.63,14:16,152,97.8
2193,2.64,14:16,152,97.8
2194,2.64,14:07,152,97.8
2195,2.64,13:58,151,97.8
2196,2.64,14:07,151,97.8
2197,2.64,15:04,151,97.8
2198,2.64,14:44,152,97.8
2199,2.64,15:04,152,97.8
2200,2.64,15:04,151,97.8
2201,2.64,14:54,151,97.8
2202,2.65,14:44,151,97.8
2203,2.65,14:25,151,97.1
2204,2.65,13:32,151,97.1
2205,2.65,13:16,151,97.1
2206,2.65,13:41,151,97.1
2207,2.65,13:58,151,97.8
2208,2.65,13:49,151,97.8
2209,2.65,14:16,151,97.8
2210,2.66,14:16,151,97.8
2211,2.66,14:25,151,97.8
2212,2.66,13:41,150,97.8
2213,2.66,14:16,150,97.8
2214,2.66,14:25,151,98.4
2215,2.66,14:25,150,98.4
2216,2.66,14:25,150,98.4
2217,2.66,14:16,150,98.4
2218,2.67,13:08,149,98.4
2219,2.67,12:53,149,98.4
2220,2.67,13:08,149,98.4
2221,2.67,12:53,149,98.4
2222,2.67,13:32,149,98.4
2223,2.67,15:35,148,98.4
2224,2.67,14:54,147,98.4
2225,2.67,14:34,146,98.4
2226,2.68,13:49,145,98.4
2227,2.68,13:08,145,98.4
2228,2.68,12:18,145,98.4
2229,2.68,12:18,145,98.4
2230,2.68,11:58,146,98.4
2231,2.68,12:46,145,98.4
2232,2.68,12:32,145,98.4
2233,2.68,12:25,146,98.4
2234,2.69,13:01,147,98.4
2235,2.69,13:01,147,98.4
2236,2.69,12:32,147,99.1
2237,2.69,12:39,147,98.4
2238,2.69,12:39,148,98.4
2239,2.69,12:46,148,98.4
2240,2.69,13:16,148,98.4
2241,2.69,13:41,149,98.4
2242,2.7,14:25,148,98.4
2243,2.7,14:16,148,98.4
2244,2.7,14:34,149,98.4
2245,2.7,14:54,147,98.4
2246,2.7,13:58,147,98.4
2247,2.7,13:49,148,99.1
2248,2.7,13:58,147,99.1
2249,2.7,13:41,147,99.1
2250,2.7,13:32,148,99.1
2251,2.71,13:58,148,99.1
2252,2.71,13:49,149,99.1
2253,2.71,14:16,149,99.1
2254,2.71,14:07,148,99.1
2255,2.71,14:34,148,99.1
2256,2.71,14:54,148,99.1
2257,2.71,15:04,148,99.7
2258,2.71,14:54,148,99.7
2259,2.72,15:14,148,99.7
2260,2.72,15:04,148,99.7
2261,2.72,15:35,147,99.7
2262,2.72,15:14,148,99.7
2263,2.72,15:35,149,99.7
2264,2.72,15:35,148,100.4
2265,2.72,15:24,148,100.4
2266,2.72,14:54,147,100.4
2267,2.72,15:46,147,100.4
2268,2.72,16:09,147,100.4
2269,2.73,16:09,148,100.4
2270,2.73,15:57,148,100.4
2271,2.73,15:35,148,100.4
2272,2.73,14:34,149,100.4
2273,2.73,13:49,149,100.4
2274,2.73,13:01,149,100.4
2275,2.73,13:16,149,100.4
2276,2.73,13:41,150,100.4
2277,2.74,13:24,150,100.4
2278,2.74,13:41,150,100.4
2279,2.74,14:44,151,100.4
2280,2.74,13:58,151,101.0
2281,2.74,13:16,151,101.0
2282,2.74,14:16,151,101.0
2283,2.74,13:01,150,101.0
2284,2.74,12:46,150,101.0
2285,2.75,13:24,150,101.0
2286,2.75,13:41,151,101.0
2287,2.75,13:41,151,100.4
2288,2.75,15:14,151,100.4
2289,2.75,15:14,151,100.4
2290,2.75,14:54,152,100.4
2291,2.75,15:04,152,101.0
2292,2.75,14:16,152,101.0
2293,2.75,14:07,151,101.0
2294,2.76,14:07,151,101.7
2295,2.76,14:25,152,101.7
2296,2.76,15:14,152,101.7
2297,2.76,15:35,152,101.7
2298,2.76,16:21,151,101.7
2299,2.76,16:09,150,101.7
2300,2.76,14:54,150,101.7
2301,2.76,14:16,150,102.4
2302,2.76,14:16,149,102.4
2303,2.77,13:32,149,102.4
2304,2.77,13:32,148,102.4
2305,2.77,14:25,149,103.0
2306,2.77,14:34,149,103.0
2307,2.77,13:58,149,103.0
2308,2.77,13:41,149,103.0
2309,2.77,13:41,150,103.0
2310,2.77,13:08,150,103.0
2311,2.78,12:53,150,103.0
2312,2.78,13:41,149,103.7
2313,2.78,14:34,149,103.7
2314,2.78,14:34,150,103.7
2315,2.78,14:54,149,103.7
2316,2.78,14:54,149,103.7
2317,2.78,13:49,148,103.7
2318,2.78,12:04,149,103.7
2319,2.79,12:04,148,103.7
2320,2.79,11:05,148,104.3
2321,2.79,10:59,147,104.3
2322,2.79,10:23,147,104.3
2323,2.79,11:16,147,104.3
2324,2.79,10:38,148,104.3
2325,2.79,11:16,149,104.3
2326,2.8,11:16,149,104.3
2327,2.8,12:32,149,104.3
2328,2.8,12:25,149,104.3
2329,2.8,13:32,149,105.0
2330,2.8,14:07,150,104.3
2331,2.8,14:34,150,105.0
2332,2.8,14:16,151,105.0
2333,2.8,14:34,150,105.0
2334,2.81,14:34,150,105.0
2335,2.81,15:04,150,105.0
2336,2.81,14:44,150,105.0
2337,2.81,15:46,150,105.0
2338,2.81,15:57,151,105.6
2339,2.81,16:58,151,105.6
2340,2.81,16:45,149,105.6
2341,2.81,16:33,150,106.3
2342,2.81,15:14,150,106.3
2343,2.81,15:04,150,107.0
2344,2.82,14:34,150,107.0
2345,2.82,14:44,150,107.6
2346,2.82,15:46,150,107.6
2347,2.82,17:11,150,107.6
2348,2.82,18:22,151,107.6
2349,2.82,18:53,152,108.3
2350,2.82,20:01,152,108.9
2351,2.82,20:19,152,108.9
2352,2.82,20:19,152,109.6
2353,2.82,18:53,152,109.6
2354,2.83,17:52,152,110.2
2355,2.83,15:46,151,110.2
2356,2.83,15:14,152,110.9
2357,2.83,15:04,152,110.9
2358,2.83,14:25,152,110.9
2359,2.83,14:25,152,110.9
2360,2.83,15:24,153,111.5
2361,2.83,14:07,152,111.5
2362,2.83,13:49,152,111.5
2363,2.84,14:54,151,112.2
2364,2.84,14:25,151,112.2
2365,2.84,14:16,151,112.9
2366,2.84,15:35,151,113.5
2367,2.84,15:46,151,113.5
2368,2.84,14:54,151,114.2
2369,2.84,14:44,151,114.2
2370,2.84,14:34,151,113.5
2371,2.84,13:58,151,113.5
2372,2.85,14:34,151,113.5
2373,2.85,15:04,151,112.9
2374,2.85,16:21,151,112.9
2375,2.85,15:04,151,112.2
2376,2.85,15:14,150,112.2
2377,2.85,14:25,150,111.5
2378,2.85,14:07,151,111.5
2379,2.85,13:01,150,111.5
2380,2.86,13:08,150,111.5
2381,2.86,11:52,150,111.5
2382,2.86,11:52,150,110.9
2383,2.86,11:21,151,110.2
2384,2.86,12:25,151,109.6
2385,2.86,13:08,151,109.6
2386,2.86,15:04,149,109.6
2387,2.86,14:44,150,109.6
2388,2.87,15:04,149,109.6
2389,2.87,14:44,150,108.9
2390,2.87,13:58,151,108.9
2391,2.87,13:58,151,109.6
2392,2.87,13:24,150,109.6
2393,2.87,13:08,151,110.2
2394,2.87,12:25,151,110.9
2395,2.87,13:08,151,110.9
2396,2.88,12:32,151,111.5
2397,2.88,13:41,151,111.5
2398,2.88,15:24,151,112.2
2399,2.88,16:09,151,112.2
2400,2.88,16:33,151,112.9
2401,2.88,16:33,151,112.9
2402,2.88,17:38,150,112.9
2403,2.88,15:35,151,112.9
2404,2.88,15:46,151,113.5
2405,2.88,15:24,152,113.5
2406,2.89,16:21,151,113.5
2407,2.89,15:04,151,113.5
2408,2.89,15:35,151,113.5
2409,2.89,14:34,152,114.2
2410,2.89,13:16,152,114.2
2411,2.89,13:32,152,114.2
2412,2.89,13:16,152,114.8
2413,2.89,13:58,152,115.5
2414,2.9,13:16,152,115.5
2415,2.9,14:34,151,116.1
2416,2.9,14:44,151,116.8
2417,2.9,14:25,151,117.5
2418,2.9,14:54,152,117.5
2419,2.9,16:09,152,118.1
2420,2.9,15:35,152,118.1
2421,2.9,15:14,151,118.1
2422,2.9,15:35,151,118.8
2423,2.9,14:34,151,118.8
2424,2.91,15:14,149,118.8
2425,2.91,16:58,149,119.4
2426,2.91,19:26,150,119.4
2427,2.91,18:07,150,119.4
2428,2.91,19:26,149,119.4
2429,2.91,18:22,150,118.8
2430,2.91,17:11,148,118.8
2431,2.91,15:14,148,118.1
2432,2.91,16:21,150,118.1
2433,2.91,15:14,150,118.1
2434,2.92,15:24,150,118.1
2435,2.92,15:35,150,118.1
2436,2.92,14:16,150,118.1
2437,2.92,14:34,150,118.1
2438,2.92,14:07,150,117.5
2439,2.92,13:24,151,116.8
2440,2.92,12:39,151,116.8
2441,2.92,12:25,151,116.1
2442,2.93,11:27,152,116.1
2443,2.93,11:27,152,115.5
2444,2.93,12:04,152,115.5
2445,2.93,11:58,152,115.5
2446,2.93,12:18,152,115.5
2447,2.93,12:32,153,115.5
2448,2.93,12:39,154,114.8
2449,2.94,12:32,152,114.8
2450,2.94,12:18,152,114.8
2451,2.94,12:46,152,114.8
2452,2.94,12:53,151,114.8
2453,2.94,12:53,151,114.8
2454,2.94,11:58,152,114.2
2455,2.94,12:53,151,114.2
2456,2.94,12:18,151,114.2
2457,2.95,12:25,151,114.2
2458,2.95,13:01,150,113.5
2459,2.95,13:16,150,113.5
2460,2.95,12:39,149,113.5
2461,2.95,12:46,147,113.5
2462,2.95,12:39,143,113.5
2463,2.95,11:58,140,113.5
2464,2.96,12:46,141,113.5
2465,2.96,12:53,142,114.2
2466,2.96,14:07,142,114.2
2467,2.96,15:14,142,114.8
2468,2.96,16:21,142,115.5
2469,2.96,16:21,142,115.5
2470,2.96,16:21,142,115.5
2471,2.96,14:34,137,115.5
2472,2.96,12:53,135,115.5
2473,2.97,11:52,132,115.5
2474,2.97,11:21,131,115.5
2475,2.97,11:33,132,115.5
2476,2.97,12:53,132,116.1
2477,2.97,13:16,136,116.1
2478,2.97,13:41,139,116.8
2479,2.97,13:16,142,116.8
2480,2.98,12:53,150,116.8
2481,2.98,12:11,153,116.8
2482,2.98,12:32,153,116.1
2483,2.98,12:32,154,116.1
2484,2.98,13:49,155,116.1
2485,2.98,13:24,155,116.1
2486,2.98,12:46,155,116.1
2487,2.98,13:01,155,116.1
2488,2.99,12:39,155,115.5
2489,2.99,12:25,156,114.8
2490,2.99,13:01,157,114.8
2491,2.99,13:49,157,114.2
2492,2.99,13:24,157,114.2
2493,2.99,13:41,157,113.5
2494,2.99,12:46,156,113.5
2495,2.99,12:46,156,112.9
2496,3.0,12:11,156,112.9
2497,3.0,12:25,155,112.2
2498,3.0,13:01,156,112.2
2499,3.0,12:25,156,111.5
2500,3.0,12:53,155,110.9
2501,3.0,13:01,155,110.9
2502,3.0,13:08,154,110.2
2503,3.0,12:46,154,109.6
2504,3.01,12:32,154,109.6
2505,3.01,11:45,154,108.9
2506,3.01,11:21,154,108.3
2507,3.01,11:16,154,108.3
2508,3.01,11:27,154,108.3
2509,3.01,12:39,154,107.6
2510,3.01,12:39,154,107.6
2511,3.02,13:32,152,107.6
2512,3.02,13:08,153,107.0
2513,3.02,12:46,152,107.0
2514,3.02,12:53,151,107.0
2515,3.02,12:46,151,107.0
2516,3.02,12:32,151,107.0
2517,3.02,12:25,151,107.0
2518,3.02,12:53,152,107.0
2519,3.03,13:24,152,107.0
2520,3.03,14:07,151,106.3
2521,3.03,14:25,151,107.0
2522,3.03,15:04,150,106.3
2523,3.03,14:25,151,106.3
2524,3.03,13:58,150,106.3
2525,3.03,13:24,150,106.3
2526,3.03,13:16,150,106.3
2527,3.04,13:49,150,106.3
2528,3.04,13:24,150,106.3
2529,3.04,13:16,150,105.6
2530,3.04,13:41,149,106.3
2531,3.04,13:49,149,106.3
2532,3.04,13:41,149,106.3
2533,3.04,14:34,148,106.3
2534,3.04,14:07,148,106.3
2535,3.05,14:34,148,106.3
2536,3.05,13:49,148,106.3
2537,3.05,13:41,148,106.3
2538,3.05,13:58,147,106.3
2539,3.05,14:34,149,106.3
2540,3.05,14:25,148,106.3
2541,3.05,15:04,149,106.3
2542,3.05,14:34,148,106.3
2543,3.05,14:54,148,106.3
2544,3.06,15:14,149,106.3
2545,3.06,15:14,148,106.3
2546,3.06,14:44,149,106.3
2547,3.06,14:07,149,106.3
2548,3.06,13:08,148,106.3
2549,3.06,11:52,148,106.3
2550,3.06,10:28,148,105.6
2551,3.07,10:28,147,105.6
2552,3.07,10:09,147,105.6
2553,3.07,10:33,148,105.6
2554,3.07,10:48,147,105.6
2555,3.07,11:27,147,106.3
2556,3.07,11:27,147,105.6
2557,3.07,12:18,147,105.6
2558,3.08,12:04,147,105.6
2559,3.08,13:01,147,105.6
2560,3.08,13:41,148,105.6
2561,3.08,13:49,149,105.6
2562,3.08,14:54,149,105.6
2563,3.08,15:04,150,105.6
2564,3.08,14:25,150,105.6
2565,3.08,13:41,150,105.6
2566,3.08,14:34,150,105.6
2567,3.09,13:58,151,105.6
2568,3.09,13:58,151,105.6
2569,3.09,13:58,150,105.6
2570,3.09,14:16,150,105.6
2571,3.09,13:01,150,105.6
2572,3.09,13:41,151,105.0
2573,3.09,13:01,150,105.0
2574,3.09,12:46,150,105.0
2575,3.1,13:32,149,105.0
2576,3.1,13:49,149,105.0
2577,3.1,13:01,149,104.3
2578,3.1,13:32,149,105.0
2579,3.1,13:49,149,105.0
2580,3.1,13:32,150,104.3
2581,3.1,13:58,150,104.3
2582,3.1,14:16,150,104.3
2583,3.11,14:44,150,104.3
2584,3.11,14:25,150,104.3
2585,3.11,14:16,150,104.3
2586,3.11,13:41,150,104.3
2587,3.11,12:53,150,104.3
2588,3.11,12:46,151,104.3
2589,3.11,13:16,150,104.3
2590,3.11,13:16,149,103.7
2591,3.11,14:07,149,103.7
2592,3.12,14:25,149,103.7
2593,3.12,13:58,149,103.7
2594,3.12,14:25,148,103.7
2595,3.12,14:25,148,103.7
2596,3.12,13:58,148,104.3
2597,3.12,13:49,148,104.3
2598,3.12,13:41,148,104.3
2599,3.12,13:08,147,104.3
2600,3.13,13:08,148,104.3
2601,3.13,12:39,148,104.3
2602,3.13,13:08,147,104.3
2603,3.13,13:41,147,104.3
2604,3.13,13:32,147,104.3
2605,3.13,13:49,148,104.3
2606,3.13,14:16,147,104.3
2607,3.13,14:07,147,104.3
2608,3.14,14:34,147,104.3
2609,3.14,15:04,146,104.3
2610,3.14,15:24,147,104.3
2611,3.14,17:11,147,104.3
2612,3.14,17:11,147,104.3
2613,3.14,17:38,146,104.3
2614,3.14,17:25,145,104.3
2615,3.14,17:25,146,104.3
2616,3.14,16:09,147,104.3
2617,3.14,15:46,146,104.3
2618,3.15,13:32,146,104.3
2619,3.15,13:24,146,104.3
2620,3.15,12:39,147,104.3
2621,3.15,11:58,147,104.3
2622,3.15,12:18,148,104.3
2623,3.15,12:46,148,104.3
2624,3.15,12:39,149,104.3
2625,3.16,13:24,149,104.3
2626,3.16,13:58,149,104.3
2627,3.16,14:16,149,103.7
2628,3.16,15:24,150,103.7
2629,3.16,16:21,150,103.7
2630,3.16,15:46,151,103.7
2631,3.16,15:46,150,103.7
2632,3.16,15:04,151,104.3
2633,3.16,14:16,151,104.3
2634,3.17,13:01,151,104.3
2635,3.17,12:11,151,104.3
2636,3.17,12:11,150,104.3
2637,3.17,12:04,150,103.7
2638,3.17,12:18,150,103.7
2639,3.17,13:01,150,103.7
2640,3.17,13:41,149,103.7
2641,3.17,13:41,149,103.7
2642,3.18,13:41,149,103.7
2643,3.18,13:41,149,104.3
2644,3.18,13:08,148,104.3
2645,3.18,12:53,149,103.7
2646,3.18,12:46,149,103.7
2647,3.18,12:53,149,103.7
2648,3.18,12:25,149,103.7
2649,3.18,12:53,149,103.7
2650,3.19,13:41,148,103.7
2651,3.19,13:58,148,103.7
2652,3.19,13:49,149,103.7
2653,3.19,13:41,149,103.7
2654,3.19,12:53,149,103.7
2655,3.19,12:32,149,103.7
2656,3.19,12:18,150,103.7
2657,3.2,12:11,149,103.7
2658,3.2,12:46,149,103.7
2659,3.2,13:24,148,103.7
2660,3.2,14:34,147,103.0
2661,3.2,14:44,147,103.0
2662,3.2,15:04,146,103.0
2663,3.2,14:54,147,103.0
2664,3.2,14:34,148,103.0
2665,3.2,13:41,148,103.0
2666,3.21,13:49,149,103.0
2667,3.21,14:16,149,103.0
2668,3.21,15:04,149,103.0
2669,3.21,17:25,149,103.0
2670,3.21,16:58,149,102.4
2671,3.21,17:11,150,102.4
2672,3.21,14:54,149,101.7
2673,3.21,13:08,149,101.7
2674,3.22,11:27,148,101.0
2675,3.22,10:48,148,101.0
2676,3.22,10:33,148,100.4
2677,3.22,11:39,148,100.4
2678,3.22,12:32,149,100.4
2679,3.22,13:08,149,100.4
2680,3.22,14:44,149,100.4
2681,3.22,14:25,150,99.7
2682,3.23,14:16,150,99.7
2683,3.23,14:07,151,99.7
2684,3.23,13:49,152,99.7
2685,3.23,13:58,151,99.7
2686,3.23,14:34,151,99.7
2687,3.23,13:24,151,99.7
2688,3.23,13:01,151,99.7
2689,3.23,13:16,150,100.4
2690,3.24,12:46,150,99.7
2691,3.24,12:46,150,99.7
2692,3.24,14:34,150,99.7
2693,3.24,15:35,150,99.7
2694,3.24,15:57,150,99.7
2695,3.24,16:21,150,99.7
2696,3.24,16:09,150,99.7
2697,3.24,14:44,150,99.7
2698,3.24,14:44,150,99.7
2699,3.24,14:44,150,99.1
2700,3.25,14:16,150,99.1
2701,3.25,14:54,150,99.1
2702,3.25,14:44,150,99.1
2703,3.25,14:07,150,99.1
2704,3.25,13:58,150,99.1
2705,3.25,14:07,150,99.1
2706,3.25,14:16,150,99.1
2707,3.25,15:35,151,99.1
2708,3.25,15:46,150,98.4
2709,3.26,15:57,150,98.4
2710,3.26,16:09,149,97.8
2711,3.26,15:46,149,97.8
2712,3.26,14:34,149,97.1
2713,3.26,14:16,149,97.1
2714,3.26,13:24,149,96.5
2715,3.26,12:25,150,96.5
2716,3.26,12:25,150,95.8
2717,3.27,12:39,150,95.8
2718,3.27,12:53,149,95.1
2719,3.27,12:46,149,95.1
2720,3.27,13:08,149,95.1
2721,3.27,12:39,149,94.5
2722,3.27,12:39,148,94.5
2723,3.27,12:25,148,94.5
2724,3.28,12:25,148,93.8
2725,3.28,11:52,148,93.8
2726,3.28,11:27,149,93.2
2727,3.28,11:21,148,93.2
2728,3.28,10:54,149,93.2
2729,3.28,11:16,149,92.5
2730,3.28,12:18,149,92.5
2731,3.29,12:25,149,92.5
2732,3.29,12:53,149,92.5
2733,3.29,14:25,150,92.5
2734,3.29,14:07,150,93.2
2735,3.29,13:41,150,92.5
2736,3.29,14:16,150,92.5
2737,3.29,13:32,150,92.5
2738,3.29,12:46,150,91.9
2739,3.3,12:04,150,91.2
2740,3.3,10:54,150,91.2
2741,3.3,10:59,150,90.6
2742,3.3,10:59,149,90.6
2743,3.3,10:43,150,90.6
2744,3.3,11:05,150,90.6
2745,3.3,12:25,151,90.6
2746,3.31,12:53,150,90.6
2747,3.31,13:32,151,90.6
2748,3.31,15:04,151,90.6
2749,3.31,13:49,151,90.6
2750,3.31,12:46,151,91.2
2751,3.31,11:27,151,91.2
2752,3.31,11:21,151,91.9
2753,3.31,10:48,151,91.9
2754,3.32,11:16,151,92.5
2755,3.32,11:45,151,93.2
2756,3.32,12:53,151,93.8
2757,3.32,12:25,151,93.8
2758,3.32,12:11,152,93.8
2759,3.32,12:39,152,93.8
2760,3.32,12:39,152,93.8
2761,3.33,13:08,153,94.5
2762,3.33,13:49,152,94.5
2763,3.33,14:44,152,94.5
2764,3.33,15:24,153,94.5
2765,3.33,15:57,154,94.5
2766,3.33,14:54,154,93.8
2767,3.33,14:07,153,93.8
2768,3.33,12:25,154,93.8
2769,3.34,12:18,153,93.8
2770,3.34,12:53,153,93.8
2771,3.34,13:01,154,93.2
2772,3.34,12:53,155,93.2
2773,3.34,14:16,155,93.2
2774,3.34,14:07,155,93.8
2775,3.34,13:24,155,93.2
2776,3.34,13:16,155,93.2
2777,3.34,13:24,156,93.2
2778,3.35,13:01,156,93.2
2779,3.35,13:24,156,93.2
2780,3.35,13:49,156,93.2
2781,3.35,14:07,155,93.2
2782,3.35,13:49,156,93.2
2783,3.35,13:32,156,93.2
2784,3.35,13:08,155,93.2
2785,3.36,12:25,155,93.2
2786,3.36,11:52,154,93.2
2787,3.36,11:21,154,93.2
2788,3.36,11:21,153,92.5
2789,3.36,11:21,153,92.5
2790,3.36,11:39,153,92.5
2791,3.36,11:33,153,92.5
2792,3.36,13:01,153,92.5
2793,3.37,13:01,153,92.5
2794,3.37,13:01,155,93.2
2795,3.37,13:01,155,93.2
2796,3.37,12:53,155,93.2
2797,3.37,11:45,155,93.2
2798,3.37,11:58,154,93.2
2799,3.37,11:39,154,93.2
2800,3.38,12:04,154,93.2
2801,3.38,13:16,154,93.2
2802,3.38,13:32,154,93.2
2803,3.38,14:07,154,92.5
2804,3.38,14:25,153,92.5
2805,3.38,13:24,153,92.5
2806,3.38,13:08,152,92.5
2807,3.38,13:16,152,91.9
2808,3.38,14:16,153,91.9
2809,3.39,15:14,152,91.9
2810,3.39,16:58,152,91.9
2811,3.39,16:09,152,92.5
2812,3.39,15:57,152,92.5
2813,3.39,13:08,151,92.5
2814,3.39,12:18,152,92.5
2815,3.39,11:45,152,92.5
2816,3.4,11:45,153,92.5
2817,3.4,11:39,152,92.5
2818,3.4,11:58,152,93.2
2819,3.4,11:58,152,93.2
2820,3.4,12:04,152,93.8
2821,3.4,12:04,153,93.8
2822,3.4,12:11,153,94.5
2823,3.4,13:16,153,94.5
2824,3.41,13:41,154,94.5
2825,3.41,13:16,152,95.1
2826,3.41,14:07,153,95.1
2827,3.41,15:04,153,95.8
2828,3.41,15:24,153,96.5
2829,3.41,16:58,153,97.1
2830,3.41,19:43,153,97.8
2831,3.41,20:19,153,98.4
2832,3.41,21:59,153,99.1
2833,3.41,21:17,153,99.7
2834,3.41,21:17,153,99.7
2835,3.42,18:07,153,100.4
2836,3.42,16:33,153,101.0
2837,3.42,15:35,153,101.0
2838,3.42,14:54,153,101.0
2839,3.42,14:16,154,101.0
2840,3.42,14:16,154,101.0
2841,3.42,13:32,153,101.0
2842,3.42,13:08,153,101.0
2843,3.43,13:01,153,100.4
2844,3.43,12:32,154,99.7
2845,3.43,12:25,154,99.1
2846,3.43,13:58,155,98.4
2847,3.43,13:32,154,97.1
2848,3.43,12:25,154,96.5
2849,3.43,12:04,155,95.8
2850,3.44,11:05,154,94.5
2851,3.44,9:43,154,94.5
2852,3.44,9:22,154,93.8
2853,3.44,10:00,154,93.2
2854,3.44,9:51,154,92.5
2855,3.44,10:48,155,92.5
2856,3.44,11:33,154,91.9
2857,3.45,11:58,155,91.2
2858,3.45,11:45,154,90.6
2859,3.45,10:59,155,90.6
2860,3.45,10:38,155,90.6
2861,3.45,10:38,155,90.6
2862,3.45,10:38,155,91.2
2863,3.46,11:16,156,91.2
2864,3.46,13:32,156,91.9
2865,3.46,13:41,156,91.9
2866,3.46,14:34,156,91.9
2867,3.46,16:09,155,91.9
2868,3.46,16:21,155,91.9
2869,3.46,16:09,156,91.9
2870,3.46,16:58,156,92.5
2871,3.46,14:25,156,92.5
2872,3.47,13:01,156,93.2
2873,3.47,13:01,156,93.2
2874,3.47,11:58,156,93.2
2875,3.47,11:33,156,93.8
2876,3.47,12:39,156,93.8
2877,3.47,13:08,155,93.8
2878,3.47,12:25,155,94.5
2879,3.47,13:01,155,94.5
2880,3.48,13:08,155,94.5
2881,3.48,12:25,155,94.5
2882,3.48,12:53,155,94.5
2883,3.48,14:25,154,94.5
2884,3.48,13:58,154,94.5
2885,3.48,14:07,154,94.5
2886,3.48,14:25,154,93.8
2887,3.48,14:07,155,93.8
2888,3.49,12:25,156,93.8
2889,3.49,12:11,156,93.8
2890,3.49,12:11,156,93.8
2891,3.49,12:39,157,93.8
2892,3.49,13:32,156,93.8
2893,3.49,13:58,156,93.8
2894,3.49,14:16,157,93.2
2895,3.49,14:07,157,93.2
2896,3.5,13:24,158,93.2
2897,3.5,12:18,158,93.2
2898,3.5,12:46,158,93.2
2899,3.5,13:08,157,93.2
2900,3.5,13:41,157,93.2
2901,3.5,13:32,157,93.2
2902,3.5,13:58,157,93.2
2903,3.5,14:07,158,93.2
2904,3.51,14:07,158,93.2
2905,3.51,13:08,158,93.2
2906,3.51,13:32,158,93.8
2907,3.51,13:08,157,93.8
2908,3.51,12:18,157,93.8
2909,3.51,11:45,156,93.8
2910,3.51,11:27,156,94.5
2911,3.52,11:27,156,94.5
2912,3.52,11:05,156,94.5
2913,3.52,11:33,157,95.1
2914,3.52,12:04,157,95.1
2915,3.52,13:01,158,95.1
2916,3.52,13:01,157,95.1
2917,3.52,13:49,156,95.1
2918,3.52,13:41,157,95.1
2919,3.53,13:08,157,94.5
2920,3.53,12:53,156,94.5
2921,3.53,13:24,156,94.5
2922,3.53,13:01,156,94.5
2923,3.53,13:24,157,94.5
2924,3.53,12:39,156,94.5
2925,3.53,12:32,156,94.5
2926,3.54,12:18,156,94.5
2927,3.54,12:32,155,94.5
2928,3.54,12:25,154,94.5
2929,3.54,13:16,154,94.5
2930,3.54,14:25,154,94.5
2931,3.54,15:35,154,94.5
2932,3.54,16:21,154,94.5
2933,3.54,13:49,154,94.5
2934,3.54,13:32,153,94.5
2935,3.55,13:01,153,94.5
2936,3.55,12:32,153,94.5
2937,3.55,12:39,153,94.5
2938,3.55,14:16,153,94.5
2939,3.55,14:54,152,94.5
2940,3.55,15:04,152,94.5
2941,3.55,15:04,151,94.5
2942,3.55,14:34,151,94.5
2943,3.56,14:07,151,94.5
2944,3.56,13:41,151,94.5
2945,3.56,13:24,151,93.8
2946,3.56,13:16,151,93.8
2947,3.56,13:01,151,93.2
2948,3.56,13:58,150,93.2
2949,3.56,14:34,150,93.2
2950,3.56,14:54,150,93.2
2951,3.56,14:34,150,93.2
2952,3.57,14:34,149,93.2
2953,3.57,14:07,148,93.2
2954,3.57,13:24,148,93.2
2955,3.57,13:01,148,93.2
2956,3.57,12:11,148,93.2
2957,3.57,12:25,148,93.2
2958,3.57,12:25,148,93.2
2959,3.57,12:39,148,93.2
2960,3.58,12:25,148,93.2
2961,3.58,13:08,148,93.2
2962,3.58,13:16,148,93.2
2963,3.58,13:08,148,93.2
2964,3.58,13:32,149,93.2
2965,3.58,13:49,149,93.2
2966,3.58,13:58,149,93.2
2967,3.59,13:24,148,93.2
2968,3.59,13:41,148,93.2
2969,3.59,13:16,148,93.2
2970,3.59,13:32,149,93.2
2971,3.59,13:32,149,93.2
2972,3.59,12:25,149,93.2
2973,3.59,12:04,149,93.2
2974,3.59,11:52,149,93.2
2975,3.6,11:27,148,93.2
2976,3.6,11:52,149,93.2
2977,3.6,13:08,149,92.5
2978,3.6,13:41,149,92.5
2979,3.6,14:16,148,92.5
2980,3.6,15:35,148,92.5
2981,3.6,14:25,148,92.5
2982,3.6,14:34,148,92.5
2983,3.6,14:25,148,92.5
2984,3.61,14:44,149,92.5
2985,3.61,14:54,148,92.5
2986,3.61,16:58,148,92.5
2987,3.61,18:07,148,92.5
2988,3.61,18:37,149,92.5
2989,3.61,18:07,148,93.2
2990,3.61,18:53,149,93.2
2991,3.61,18:07,149,93.2
2992,3.61,16:45,150,93.2
2993,3.61,15:24,150,93.8
2994,3.62,15:04,150,93.8
2995,3.62,13:16,149,93.8
2996,3.62,12:46,149,93.8
2997,3.62,12:25,149,93.8
2998,3.62,12:25,147,93.8
2999,3.62,12:46,146,93.8
3000,3.62,12:46,144,94.5
3001,3.63,12:11,139,94.5
3002,3.63,12:18,139,93.8
3003,3.63,12:32,138,93.8
3004,3.63,12:18,138,93.8
3005,3.63,13:16,138,93.8
3006,3.63,13:58,138,93.8
3007,3.63,14:07,137,93.8
3008,3.63,15:04,137,93.8
3009,3.63,15:04,133,94.5
3010,3.64,14:44,130,94.5
3011,3.64,16:09,127,95.1
3012,3.64,16:45,126,95.1
3013,3.64,15:04,126,95.8
3014,3.64,14:54,126,95.8
3015,3.64,14:34,126,95.8
3016,3.64,14:34,127,95.8
3017,3.64,13:58,132,95.8
3018,3.64,14:44,127,95.8
3019,3.65,15:04,127,95.8
3020,3.65,15:24,128,95.8
3021,3.65,13:58,127,95.8
3022,3.65,15:24,127,95.8
3023,3.65,15:57,127,95.8
3024,3.65,15:35,128,95.8
3025,3.65,15:24,127,95.8
3026,3.65,15:35,127,95.8
3027,3.66,13:49,127,95.1
3028,3.66,13:08,128,95.1
3029,3.66,13:08,128,95.1
3030,3.66,13:01,128,95.1
3031,3.66,12:11,128,95.1
3032,3.66,12:04,128,94.5
3033,3.66,12:11,129,94.5
3034,3.66,13:01,130,94.5
3035,3.67,12:25,131,94.5
3036,3.67,13:16,132,94.5
3037,3.67,15:04,134,94.5
3038,3.67,15:46,135,95.1
3039,3.67,15:24,138,95.1
3040,3.67,16:21,140,95.1
3041,3.67,16:09,143,95.8
3042,3.67,14:54,145,95.8
3043,3.67,14:34,146,95.8
3044,3.68,12:53,147,95.8
3045,3.68,12:46,149,95.8
3046,3.68,13:41,149,95.8
3047,3.68,13:32,151,96.5
3048,3.68,13:16,150,96.5
3049,3.68,14:44,150,96.5
3050,3.68,14:44,151,96.5
3051,3.68,14:16,151,97.1
3052,3.69,13:24,152,97.1
3053,3.69,13:41,151,97.1
3054,3.69,13:16,151,96.5
3055,3.69,12:53,151,96.5
3056,3.69,12:39,151,96.5
3057,3.69,13:58,150,95.8
3058,3.69,13:32,150,95.8
3059,3.69,14:25,149,95.8
3060,3.69,15:14,150,95.1
3061,3.7,14:44,150,95.1
3062,3.7,14:25,149,95.1
3063,3.7,14:25,148,95.1
3064,3.7,13:16,148,95.1
3065,3.7,12:53,149,95.1
3066,3.7,12:25,148,95.1
3067,3.7,11:27,148,95.1
3068,3.71,11:33,148,95.1
3069,3.71,11:33,147,94.5
3070,3.71,11:33,147,94.5
3071,3.71,11:27,147,93.8
3072,3.71,12:18,147,93.8
3073,3.71,11:52,147,93.8
3074,3.71,12:04,147,93.8
3075,3.72,11:52,148,94.5
3076,3.72,13:01,148,94.5
3077,3.72,13:08,148,94.5
3078,3.72,14:16,147,94.5
3079,3.72,13:58,147,95.1
3080,3.72,14:44,147,95.1
3081,3.72,14:34,146,95.1
3082,3.72,14:25,147,95.1
3083,3.72,13:49,146,95.1
3084,3.73,14:07,147,94.5
3085,3.73,13:49,147,94.5
3086,3.73,13:01,146,93.8
3087,3.73,13:24,146,93.2
3088,3.73,13:32,146,93.2
3089,3.73,13:24,145,93.2
3090,3.73,13:41,145,93.2
3091,3.73,14:54,144,93.2
3092,3.74,15:14,145,93.2
3093,3.74,15:57,145,93.8
3094,3.74,17:38,145,94.5
3095,3.74,18:37,146,94.5
3096,3.74,17:38,147,94.5
3097,3.74,17:38,147,95.1
3098,3.74,16:21,147,95.1
3099,3.74,14:44,146,95.1
3100,3.74,13:16,147,95.1
3101,3.75,13:16,146,95.1
3102,3.75,12:39,145,95.1
3103,3.75,13:49,145,95.1
3104,3.75,13:24,145,95.1
3105,3.75,13:58,146,95.1
3106,3.75,14:07,146,95.1
3107,3.75,13:49,147,95.1
3108,3.75,12:53,147,94.5
3109,3.75,13:58,148,94.5
3110,3.76,14:25,148,94.5
3111,3.76,14:54,149,94.5
3112,3.76,15:24,149,94.5
3113,3.76,16:21,149,94.5
3114,3.76,16:58,150,95.1
3115,3.76,14:44,150,95.1
3116,3.76,13:58,150,95.1
3117,3.76,13:24,149,95.1
3118,3.77,12:46,150,95.1
3119,3.77,13:01,151,95.1
3120,3.77,13:58,150,95.1
3121,3.77,13:41,150,95.1
3122,3.77,14:34,149,95.1
3123,3.77,15:24,149,95.1
3124,3.77,13:32,149,95.1
3125,3.77,13:58,149,95.1
3126,3.77,14:07,149,95.1
3127,3.78,13:08,149,95.1
3128,3.78,12:39,149,95.1
3129,3.78,13:32,150,95.1
3130,3.78,13:01,150,95.1
3131,3.78,13:49,150,94.5
3132,3.78,14:16,149,94.5
3133,3.78,14:16,150,94.5
3134,3.78,14:44,150,93.8
3135,3.79,15:04,149,93.8
3136,3.79,14:16,149,93.2
3137,3.79,13:24,148,93.2
3138,3.79,12:53,148,93.2
3139,3.79,12:11,147,93.2
3140,3.79,11:52,147,93.2
3141,3.79,11:52,147,92.5
3142,3.79,12:32,146,92.5
3143,3.8,12:04,146,92.5
3144,3.8,12:04,146,92.5
3145,3.8,12:53,146,92.5
3146,3.8,13:08,145,91.9
3147,3.8,13:01,146,91.9
3148,3.8,13:32,146,91.9
3149,3.8,13:58,146,91.9
3150,3.8,13:32,147,91.9
3151,3.81,13:16,147,91.9
3152,3.81,14:07,148,91.9
3153,3.81,15:04,148,91.9
3154,3.81,14:54,148,91.9
3155,3.81,15:14,148,91.9
3156,3.81,15:04,149,91.9
3157,3.81,13:58,149,91.9
3158,3.81,13:16,149,91.9
3159,3.82,13:08,150,91.2
3160,3.82,13:01,150,91.2
3161,3.82,13:32,149,91.2
3162,3.82,13:41,149,91.2
3163,3.82,14:25,150,91.2
3164,3.82,14:44,150,91.2
3165,3.82,14:25,150,91.2
3166,3.82,14:16,150,91.2
3167,3.82,14:25,150,90.6
3168,3.83,13:58,149,90.6
3169,3.83,14:25,150,90.6
3170,3.83,14:25,149,89.9
3171,3.83,14:07,149,89.9
3172,3.83,14:07,149,89.9
3173,3.83,13:49,149,89.9
3174,3.83,14:16,149,89.9
3175,3.83,14:54,149,89.9
3176,3.84,15:04,148,89.9
3177,3.84,15:04,147,89.9
3178,3.84,15:24,147,89.9
3179,3.84,13:41,147,89.9
3180,3.84,13:08,147,89.9
3181,3.84,13:08,147,89.9
3182,3.84,12:53,146,89.9
3183,3.84,12:53,146,90.6
3184,3.85,13:08,146,90.6
3185,3.85,13:01,145,90.6
3186,3.85,13:16,145,90.6
3187,3.85,13:24,145,90.6
3188,3.85,13:16,146,90.6
3189,3.85,13:58,146,90.6
3190,3.85,14:44,146,91.2
3191,3.85,14:34,147,91.2
3192,3.85,14:44,146,91.2
3193,3.86,14:34,146,91.2
3194,3.86,13:58,147,91.2
3195,3.86,13:32,147,91.2
3196,3.86,13:49,147,91.9
3197,3.86,14:16,147,92.5
3198,3.86,14:25,147,92.5
3199,3.86,14:25,147,93.2
3200,3.86,14:44,147,93.8
3201,3.87,14:34,146,94.5
3202,3.87,14:07,147,95.1
3203,3.87,13:58,147,95.1
3204,3.87,14:44,148,95.8
3205,3.87,16:21,148,96.5
3206,3.87,16:33,148,97.1
3207,3.87,17:38,149,97.8
3208,3.87,19:26,149,98.4
3209,3.87,18:37,150,99.1
3210,3.87,16:21,150,99.7
3211,3.88,15:46,151,100.4
3212,3.88,14:44,151,100.4
3213,3.88,13:58,151,101.0
3214,3.88,14:16,152,101.7
3215,3.88,14:25,153,101.7
3216,3.88,14:54,153,102.4
3217,3.88,15:35,154,102.4
3218,3.88,15:14,154,103.0
3219,3.88,15:04,155,103.7
3220,3.89,15:35,155,103.7
3221,3.89,15:35,157,104.3
3222,3.89,14:25,157,104.3
3223,3.89,15:14,156,105.0
3224,3.89,14:34,157,104.3
3225,3.89,13:24,157,104.3
3226,3.89,12:25,158,103.7
3227,3.89,12:11,159,103.7
3228,3.9,11:16,158,103.0
3229,3.9,11:05,158,102.4
3230,3.9,11:16,158,101.7
3231,3.9,11:33,159,101.0
3232,3.9,12:04,158,100.4
3233,3.9,12:25,157,99.7
3234,3.9,13:01,157,99.1
3235,3.91,12:46,158,98.4
3236,3.91,12:39,158,97.8
3237,3.91,12:18,159,97.1
3238,3.91,12:18,158,95.8
3239,3.91,11:45,158,95.1
3240,3.91,11:16,158,93.8
3241,3.91,10:54,158,93.2
3242,3.92,10:38,158,92.5
3243,3.92,10:33,158,91.9
3244,3.92,10:28,159,91.2
3245,3.92,10:48,158,89.9
3246,3.92,11:16,158,89.2
3247,3.92,11:52,157,88.6
3248,3.92,12:11,157,87.9
3249,3.93,12:25,158,87.3
3250,3.93,12:53,158,86.6
3251,3.93,11:52,157,86.6
3252,3.93,11:05,158,86.6
3253,3.93,10:23,158,86.6
3254,3.93,9:51,158,86.6
3255,3.94,9:34,158,87.3
3256,3.94,10:14,158,87.3
3257,3.94,10:54,158,87.3
3258,3.94,11:10,158,87.9
3259,3.94,12:04,158,88.6
3260,3.94,11:58,158,88.6
3261,3.94,11:58,158,88.6
3262,3.95,12:25,157,88.6
3263,3.95,12:39,157,89.2
3264,3.95,12:39,156,89.2
3265,3.95,13:01,156,89.2
3266,3.95,12:39,156,89.2
3267,3.95,12:25,156,89.2
3268,3.95,13:08,155,89.2
3269,3.95,13:08,155,89.9
3270,3.96,13:32,156,89.9
3271,3.96,14:16,156,90.6
3272,3.96,14:16,157,91.2
3273,3.96,13:58,157,91.2
3274,3.96,14:16,157,91.9
3275,3.96,14:25,157,92.5
3276,3.96,14:44,157,92.5
3277,3.96,14:44,157,93.2
3278,3.96,14:16,157,93.2
3279,3.97,14:25,158,93.8
3280,3.97,13:58,158,93.8
3281,3.97,14:16,158,94.5
3282,3.97,14:16,158,95.1
3283,3.97,15:04,158,95.8
3284,3.97,15:14,158,95.8
3285,3.97,16:33,158,96.5
3286,3.97,16:33,159,96.5
3287,3.97,16:45,160,97.1
3288,3.98,17:11,160,97.8
3289,3.98,16:45,160,97.8
3290,3.98,15:57,160,98.4
3291,3.98,15:57,159,98.4
3292,3.98,16:58,159,99.1
3293,3.98,15:46,159,99.1
3294,3.98,15:46,159,99.1
3295,3.98,15:46,159,99.1
3296,3.98,15:04,159,99.1
3297,3.98,14:34,158,99.7
3298,3.99,14:54,160,99.7
3299,3.99,15:14,159,99.7
3300,3.99,16:21,159,99.7
3301,3.99,16:33,160,99.7
3302,3.99,16:09,160,99.7
3303,3.99,16:09,159,99.7
3304,3.99,15:24,159,99.7
3305,3.99,14:16,159,99.7
3306,3.99,14:16,158,99.1
3307,4.0,13:58,158,98.4
3308,4.0,13:24,156,98.4
3309,4.0,13:32,155,98.4
3310,4.0,13:41,154,97.8
3311,4.0,14:07,153,97.1
3312,4.0,14:07,152,97.1
3313,4.0,14:34,151,96.5
3314,4.0,13:58,151,95.8
3315,4.01,13:24,151,95.8
3316,4.01,12:39,151,95.1
3317,4.01,12:04,152,95.1
3318,4.01,11:52,152,94.5
3319,4.01,11:52,153,93.8
3320,4.01,11:39,154,93.2
3321,4.01,11:39,155,93.2
3322,4.02,11:52,155,92.5
3323,4.02,11:58,156,92.5
3324,4.02,12:25,156,91.9
3325,4.02,12:32,157,91.9
3326,4.02,12:32,156,91.2
3327,4.02,12:53,156,91.2
3328,4.02,13:08,156,90.6
3329,4.02,13:16,155,90.6
3330,4.03,14:25,155,90.6
3331,4.03,15:14,155,90.6
3332,4.03,16:21,157,90.6
3333,4.03,17:38,156,90.6
3334,4.03,18:53,155,91.2
3335,4.03,19:26,155,91.2
3336,4.03,18:53,154,91.2
3337,4.03,16:21,154,91.2
3338,4.03,15:46,154,91.2
3339,4.03,14:25,153,91.2
3340,4.04,13:58,153,91.9
3341,4.04,13:41,153,91.9
3342,4.04,13:16,152,92.5
3343,4.04,12:53,152,92.5
3344,4.04,11:52,153,92.5
3345,4.04,11:45,153,92.5
3346,4.04,12:11,153,92.5
3347,4.05,12:39,154,92.5
3348,4.05,12:18,153,92.5
3349,4.05,14:07,153,92.5
3350,4.05,14:25,154,92.5
3351,4.05,14:16,154,92.5
3352,4.05,14:44,154,91.9
3353,4.05,14:16,153,91.9
3354,4.05,13:08,153,91.2
3355,4.06,12:32,154,91.2
3356,4.06,12:18,154,90.6
3357,4.06,12:25,153,90.6
3358,4.06,13:16,153,90.6
3359,4.06,13:58,153,89.9
3360,4.06,14:16,153,89.9
3361,4.06,14:16,153,89.9
3362,4.06,14:34,152,89.9
3363,4.06,13:41,153,89.9
3364,4.07,13:16,152,89.9
3365,4.07,12:11,152,89.2
3366,4.07,12:11,152,89.2
3367,4.07,11:39,152,89.2
3368,4.07,12:25,152,89.2
3369,4.07,12:39,153,88.6
3370,4.07,13:32,152,88.6
3371,4.08,13:24,153,88.6
3372,4.08,13:24,151,87.9
3373,4.08,12:46,150,87.9
3374,4.08,12:04,150,87.3
3375,4.08,11:39,151,87.3
3376,4.08,11:27,151,87.3
3377,4.08,11:16,152,86.6
3378,4.09,11:21,150,86.6
3379,4.09,10:48,151,87.3
3380,4.09,10:54,152,87.3
3381,4.09,11:27,152,87.3
3382,4.09,11:58,152,87.3
3383,4.09,12:18,151,87.9
3384,4.09,13:41,152,87.9
3385,4.09,13:58,152,87.9
3386,4.1,13:32,152,87.9
3387,4.1,13:01,153,87.9
3388,4.1,12:53,151,87.9
3389,4.1,13:16,152,87.9
3390,4.1,12:11,152,87.9
3391,4.1,11:58,152,87.3
3392,4.1,12:32,153,87.3
3393,4.1,13:08,152,87.3
3394,4.11,13:08,152,87.3
3395,4.11,16:58,153,87.3
3396,4.11,17:11,153,87.3
3397,4.11,17:52,153,87.3
3398,4.11,16:58,153,86.6
3399,4.11,16:33,153,86.6
3400,4.11,13:32,153,86.6
3401,4.11,13:16,153,86.6
3402,4.12,12:32,153,86.6
3403,4.12,12:25,153,86.6
3404,4.12,12:25,153,86.6
3405,4.12,13:32,153,86.6
3406,4.12,13:16,153,87.3
3407,4.12,13:16,152,87.3
3408,4.12,12:53,152,87.3
3409,4.12,12:25,151,87.3
3410,4.13,12:04,152,87.3
3411,4.13,12:46,152,87.3
3412,4.13,13:08,152,87.3
3413,4.13,13:16,151,87.3
3414,4.13,13:32,151,87.3
3415,4.13,13:24,151,86.6
3416,4.13,13:01,152,86.6
3417,4.13,12:32,152,86.6
3418,4.14,13:16,152,86.0
3419,4.14,13:24,151,86.0
3420,4.14,13:49,150,86.0
3421,4.14,13:24,150,86.6
3422,4.14,14:16,150,86.0
3423,4.14,13:49,151,86.0
3424,4.14,13:32,151,86.0
3425,4.14,13:16,150,86.0
3426,4.15,13:16,151,86.0
3427,4.15,12:39,151,86.0
3428,4.15,12:32,150,86.0
3429,4.15,12:25,150,86.0
3430,4.15,12:18,150,86.0
3431,4.15,12:53,150,85.3
3432,4.15,13:16,150,85.3
3433,4.15,13:16,151,85.3
3434,4.16,13:24,151,85.3
3435,4.16,13:24,151,85.3
3436,4.16,13:24,151,86.0
3437,4.16,13:32,151,85.3
3438,4.16,13:24,151,86.0
3439,4.16,13:32,150,86.0
3440,4.16,13:41,149,86.0
3441,4.16,13:32,149,86.0
3442,4.17,13:16,149,86.0
3443,4.17,13:49,149,86.0
3444,4.17,13:32,149,86.0
3445,4.17,13:24,150,86.0
3446,4.17,13:58,149,86.0
3447,4.17,13:49,149,86.0
3448,4.17,13:16,149,86.0
3449,4.17,14:16,149,86.0
3450,4.18,14:25,150,86.6
3451,4.18,13:41,150,86.6
3452,4.18,13:24,150,86.6
3453,4.18,12:53,150,86.6
3454,4.18,12:32,149,86.6
3455,4.18,12:39,148,86.6
3456,4.18,13:08,149,86.6
3457,4.18,13:24,148,86.6
3458,4.19,13:24,147,86.6
3459,4.19,13:16,148,86.6
3460,4.19,12:53,148,86.6
3461,4.19,13:16,148,86.6
3462,4.19,13:08,148,86.6
3463,4.19,13:32,150,87.3
3464,4.19,14:16,150,87.3
3465,4.19,14:25,151,87.3
3466,4.2,13:16,151,87.3
3467,4.2,13:49,152,87.3
3468,4.2,13:49,152,87.3
3469,4.2,13:08,153,87.3
3470,4.2,13:08,152,87.3
3471,4.2,13:24,152,87.3
3472,4.2,12:53,153,87.3
3473,4.2,12:46,154,87.3
3474,4.21,13:16,154,87.9
3475,4.21,13:24,154,87.9
3476,4.21,13:32,154,87.9
3477,4.21,13:58,154,87.9
3478,4.21,14:34,154,87.9
3479,4.21,13:49,153,87.9
3480,4.21,13:32,154,87.9
3481,4.21,13:24,155,87.9
3482,4.22,13:32,155,87.9
3483,4.22,13:32,155,87.9
3484,4.22,13:58,155,87.3
3485,4.22,14:25,154,87.3
3486,4.22,14:07,154,87.3
3487,4.22,13:08,155,87.3
3488,4.22,12:53,154,87.3
3489,4.22,12:39,154,87.3
3490,4.23,12:25,154,87.3
3491,4.23,12:04,153,87.3
3492,4.23,12:11,154,87.3
3493,4.23,12:18,154,87.3
3494,4.23,12:46,154,87.3
3495,4.23,12:53,154,87.3
3496,4.23,13:49,154,87.3
3497,4.23,15:04,154,87.3
3498,4.24,14:44,153,87.3
3499,4.24,14:25,154,86.6
3500,4.24,13:32,155,86.6
3501,4.24,12:46,153,86.6
3502,4.24,11:58,154,87.3
3503,4.24,11:45,153,87.3
3504,4.24,11:39,154,87.3
3505,4.24,12:11,154,87.3
3506,4.25,12:18,155,87.3
3507,4.25,12:53,155,87.3
3508,4.25,13:41,155,87.3
3509,4.25,13:24,155,87.3
3510,4.25,13:49,155,87.3
3511,4.25,14:16,155,87.3
3512,4.25,14:07,154,87.3
3513,4.25,14:44,155,87.3
3514,4.26,15:04,155,87.3
3515,4.26,15:04,154,87.3
3516,4.26,14:44,154,87.3
3517,4.26,14:54,154,87.3
3518,4.26,13:41,155,87.3
3519,4.26,12:39,155,87.3
3520,4.26,11:52,155,87.3
3521,4.26,11:45,157,87.3
3522,4.27,11:39,157,87.3
3523,4.27,11:52,158,87.3
3524,4.27,12:18,157,87.3
3525,4.27,12:39,157,87.3
3526,4.27,13:08,157,87.3
3527,4.27,12:53,157,86.6
3528,4.27,12:18,158,86.6
3529,4.28,12:04,158,86.6
3530,4.28,12:18,158,87.3
3531,4.28,12:18,159,87.3
3532,4.28,12:32,158,87.3
3533,4.28,12:39,157,87.3
3534,4.28,13:08,156,87.3
3535,4.28,12:25,156,87.3
3536,4.28,12:11,157,87.3
3537,4.29,11:39,155,87.3
3538,4.29,11:45,156,87.3
3539,4.29,11:10,155,87.3
3540,4.29,11:10,155,87.3
3541,4.29,11:10,156,87.3
3542,4.29,11:21,157,87.3
3543,4.29,11:52,157,87.3
3544,4.3,12:53,157,87.3
3545,4.3,13:16,157,87.3
3546,4.3,13:41,157,87.3
3547,4.3,14:25,157,87.3
3548,4.3,13:24,156,87.9
3549,4.3,12:46,156,87.9
3550,4.3,12:25,157,87.9
3551,4.31,11:58,159,87.9
3552,4.31,11:39,159,87.9
3553,4.31,12:04,158,87.9
3554,4.31,12:39,158,87.9
3555,4.31,14:07,158,87.9
3556,4.31,13:58,158,88.6
3557,4.31,13:32,158,88.6
3558,4.31,13:24,158,88.6
3559,4.32,13:24,158,88.6
3560,4.32,12:46,158,88.6
3561,4.32,13:16,157,88.6
3562,4.32,13:41,158,89.2
3563,4.32,13:49,158,89.2
3564,4.32,13:32,158,89.2
3565,4.32,13:16,158,89.9
3566,4.32,13:24,158,89.9
3567,4.32,13:58,158,90.6
3568,4.33,14:25,158,90.6
3569,4.33,14:34,158,90.6
3570,4.33,14:44,158,90.6
3571,4.33,15:14,159,91.2
3572,4.33,13:58,158,91.2
3573,4.33,13:16,158,91.9
3574,4.33,14:07,158,91.9
3575,4.33,15:46,158,92.5
3576,4.33,15:35,159,92.5
3577,4.34,16:45,160,93.2
3578,4.34,17:52,159,93.2
3579,4.34,15:46,159,93.2
3580,4.34,14:16,159,93.2
3581,4.34,14:07,159,93.8
3582,4.34,13:49,159,93.8
3583,4.34,13:41,160,94.5
3584,4.34,15:04,160,94.5
3585,4.34,15:57,161,95.1
3586,4.35,16:21,160,95.1
3587,4.35,15:57,161,95.8
3588,4.35,16:09,161,95.8
3589,4.35,15:46,162,96.5
3590,4.35,14:25,162,96.5
3591,4.35,13:01,162,97.1
3592,4.35,12:53,162,97.1
3593,4.35,12:53,162,97.8
3594,4.36,12:32,162,97.8
3595,4.36,12:32,162,97.8
3596,4.36,12:53,162,97.8
3597,4.36,13:08,163,98.4
3598,4.36,12:53,163,98.4
3599,4.36,13:24,162,98.4
3600,4.36,13:16,163,98.4
3601,4.36,14:07,163,99.1
3602,4.37,14:44,162,99.7
3603,4.37,13:32,162,99.7
3604,4.37,13:01,162,100.4
3605,4.37,13:41,161,100.4
3606,4.37,13:01,162,100.4
3607,4.37,12:53,161,101.0
3608,4.37,13:32,162,101.0
3609,4.37,13:24,162,101.0
3610,4.38,13:41,162,101.7
3611,4.38,13:58,162,101.7
3612,4.38,12:46,162,101.7
3613,4.38,12:39,162,101.7
3614,4.38,13:01,161,101.7
3615,4.38,12:46,160,101.7
3616,4.38,12:18,161,101.7
3617,4.38,12:32,160,101.7
3618,4.39,12:46,160,101.7
3619,4.39,12:25,160,101.7
3620,4.39,12:11,160,101.7
3621,4.39,12:32,160,101.7
3622,4.39,13:32,159,101.7
3623,4.39,13:49,159,101.7
3624,4.39,13:58,159,101.7
3625,4.39,14:25,159,101.7
3626,4.4,13:41,159,101.7
3627,4.4,13:41,160,101.7
3628,4.4,14:07,160,101.7
3629,4.4,13:24,160,101.7
3630,4.4,12:11,161,101.0
3631,4.4,12:46,161,101.0
3632,4.4,12:46,161,100.4
3633,4.4,12:18,161,100.4
3634,4.41,12:53,161,100.4
3635,4.41,13:49,161,100.4
3636,4.41,14:07,161,101.0
3637,4.41,13:16,161,101.0
3638,4.41,13:16,161,100.4
3639,4.41,12:39,160,100.4
3640,4.41,11:52,160,100.4
3641,4.42,11:33,160,99.7
3642,4.42,11:05,160,99.7
3643,4.42,11:10,161,99.7
3644,4.42,11:33,160,99.1
3645,4.42,12:18,160,99.1
3646,4.42,11:52,161,99.1
3647,4.42,12:53,160,99.1
3648,4.43,12:32,161,98.4
3649,4.43,11:39,160,98.4
3650,4.43,11:21,161,98.4
3651,4.43,11:39,160,97.8
3652,4.43,11:16,161,97.8
3653,4.43,11:05,160,97.8
3654,4.43,10:54,161,97.1
3655,4.44,10:43,162,97.1
3656,4.44,10:18,161,97.1
3657,4.44,10:18,160,97.1
3658,4.44,10:38,161,96.5
3659,4.44,11:33,161,97.1
3660,4.44,11:45,160,97.1
3661,4.44,12:18,160,97.1
3662,4.45,13:08,161,96.5
3663,4.45,13:24,159,96.5
3664,4.45,13:41,159,96.5
3665,4.45,13:49,160,96.5
3666,4.45,13:32,160,95.8
3667,4.45,12:39,159,95.8
3668,4.45,11:21,160,95.8
3669,4.46,11:21,159,95.1
3670,4.46,11:16,159,95.1
3671,4.46,11:10,159,95.1
3672,4.46,11:16,160,95.1
3673,4.46,11:58,161,95.1
3674,4.46,11:39,161,94.5
3675,4.46,11:52,161,94.5
3676,4.47,11:58,160,94.5
3677,4.47,11:52,160,94.5
3678,4.47,11:39,161,94.5
3679,4.47,11:27,161,93.8
3680,4.47,10:48,160,93.2
3681,4.47,10:43,159,93.2
3682,4.47,10:59,159,92.5
3683,4.48,11:33,159,92.5
3684,4.48,11:27,159,92.5
3685,4.48,12:18,159,92.5
3686,4.48,12:25,158,92.5
3687,4.48,11:52,159,92.5
3688,4.48,11:45,158,91.9
3689,4.48,12:18,158,91.9
3690,4.48,12:39,158,91.9
3691,4.49,13:32,159,91.9
3692,4.49,13:58,159,91.2
3693,4.49,13:01,159,91.2
3694,4.49,12:25,159,90.6
3695,4.49,11:05,159,90.6
3696,4.49,10:43,158,90.6
3697,4.5,10:28,158,90.6
3698,4.5,10:54,158,90.6
3699,4.5,10:54,158,90.6
3700,4.5,11:58,159,90.6
3701,4.5,12:32,159,90.6
3702,4.5,12:46,159,89.9
3703,4.5,13:01,159,89.9
3704,4.5,13:24,158,89.9
3705,4.51,12:53,159,89.9
3706,4.51,12:25,160,89.9
3707,4.51,12:39,159,89.2
3708,4.51,12:18,159,89.2
3709,4.51,11:45,159,89.2
3710,4.51,11:10,158,88.6
3711,4.51,10:54,158,88.6
3712,4.52,10:28,158,88.6
3713,4.52,10:18,158,88.6
3714,4.52,10:33,158,87.9
3715,4.52,10:59,158,87.9
3716,4.52,11:10,158,87.3
3717,4.52,11:58,157,87.3
3718,4.52,13:01,157,87.3
3719,4.53,13:24,158,86.6
3720,4.53,12:53,158,86.6
3721,4.53,13:01,157,86.6
3722,4.53,12:04,158,86.6
3723,4.53,10:54,158,86.6
3724,4.53,10:38,157,86.0
3725,4.54,10:54,158,86.0
3726,4.54,10:48,158,86.0
3727,4.54,10:59,159,86.0
3728,4.54,12:04,158,86.0
3729,4.54,12:25,159,86.0
3730,4.54,12:11,157,86.0
3731,4.54,11:52,157,86.0
3732,4.54,11:45,157,85.3
3733,4.55,10:59,157,85.3
3734,4.55,11:05,157,84.6
3735,4.55,11:16,157,84.6
3736,4.55,11:10,156,84.6
3737,4.55,11:39,156,84.6
3738,4.55,12:11,156,84.0
3739,4.55,11:39,156,84.0
3740,4.56,11:33,155,83.3
3741,4.56,11:58,156,83.3
3742,4.56,11:33,156,83.3
3743,4.56,11:58,157,83.3
3744,4.56,12:32,157,83.3
3745,4.56,12:39,157,83.3
3746,4.56,12:32,156,83.3
3747,4.57,12:53,156,83.3
3748,4.57,12:11,157,83.3
3749,4.57,12:25,157,83.3
3750,4.57,13:01,156,83.3
3751,4.57,13:08,156,83.3
3752,4.57,13:41,156,84.0
3753,4.57,14:07,156,84.0
3754,4.57,13:58,156,84.0
3755,4.58,12:39,157,83.3
3756,4.58,13:08,157,83.3
3757,4.58,12:18,157,83.3
3758,4.58,13:08,157,83.3
3759,4.58,13:41,156,83.3
3760,4.58,13:24,157,83.3
3761,4.58,11:27,157,83.3
3762,4.59,11:05,158,83.3
3763,4.59,10:00,157,83.3
3764,4.59,9:43,157,83.3
3765,4.59,10:48,157,84.0
3766,4.59,12:04,154,84.0
3767,4.59,12:53,151,84.0
3768,4.59,13:01,150,83.3
3769,4.6,12:46,149,83.3
3770,4.6,12:25,146,83.3
3771,4.6,12:11,140,83.3
3772,4.6,11:39,138,83.3
3773,4.6,11:45,138,83.3
3774,4.6,11:21,138,83.3
3775,4.6,11:10,138,84.0
3776,4.61,11:33,138,84.0
3777,4.61,12:04,135,83.3
3778,4.61,12:18,134,83.3
3779,4.61,12:18,139,83.3
3780,4.61,12:11,145,83.3
3781,4.61,11:58,148,83.3
3782,4.61,11:58,151,84.0
3783,4.61,12:11,153,84.0
3784,4.62,12:39,154,84.0
3785,4.62,12:25,156,84.0
3786,4.62,11:58,158,84.0
3787,4.62,11:58,158,84.0
3788,4.62,11:52,160,84.0
3789,4.62,12:11,161,84.0
3790,4.62,11:58,161,84.0
3791,4.63,12:04,162,84.0
3792,4.63,12:32,163,84.0
3793,4.63,11:45,163,84.0
3794,4.63,11:27,164,84.0
3795,4.63,12:11,164,84.0
3796,4.63,12:18,164,84.0
3797,4.63,11:45,164,84.0
3798,4.64,12:25,164,83.3
3799,4.64,12:18,163,83.3
3800,4.64,12:11,163,83.3
3801,4.64,12:25,163,84.0
3802,4.64,11:52,163,84.0
3803,4.64,12:11,163,84.0
3804,4.64,12:32,163,84.0
3805,4.64,12:39,163,84.0
3806,4.65,13:32,162,84.0
3807,4.65,14:54,162,84.0
3808,4.65,14:54,161,84.0
3809,4.65,14:34,162,84.0
3810,4.65,14:44,162,84.0
3811,4.65,13:49,162,84.0
3812,4.65,13:08,161,84.0
3813,4.65,12:39,160,84.0
3814,4.66,11:45,160,84.0
3815,4.66,11:27,159,84.0
3816,4.66,11:39,158,84.0
3817,4.66,11:33,158,84.0
3818,4.66,11:45,158,84.0
3819,4.66,13:32,158,84.0
3820,4.66,14:25,159,84.0
3821,4.66,14:34,159,84.0
3822,4.67,17:25,159,84.0
3823,4.67,17:11,158,84.0
3824,4.67,15:24,157,84.0
3825,4.67,14:07,157,84.0
3826,4.67,13:58,157,84.0
3827,4.67,12:53,156,84.0
3828,4.67,12:53,157,84.0
3829,4.67,12:46,158,84.0
3830,4.68,12:39,158,84.0
3831,4.68,12:25,159,84.0
3832,4.68,12:11,158,84.0
3833,4.68,12:39,158,84.0
3834,4.68,13:08,158,84.0
3835,4.68,13:49,158,84.0
3836,4.68,12:39,158,84.0
3837,4.69,11:45,158,84.0
3838,4.69,11:05,157,83.3
3839,4.69,10:48,156,83.3
3840,4.69,10:54,157,83.3
3841,4.69,11:33,158,83.3
3842,4.69,12:11,158,83.3
3843,4.69,12:46,158,83.3
3844,4.7,12:39,158,83.3
3845,4.7,12:25,158,83.3
3846,4.7,12:11,158,82.7
3847,4.7,11:27,158,82.7
3848,4.7,11:21,159,82.7
3849,4.7,11:21,159,82.7
3850,4.7,11:16,159,82.7
3851,4.71,11:21,158,83.3
3852,4.71,11:45,158,82.7
3853,4.71,11:33,157,82.7
3854,4.71,11:58,156,82.7
3855,4.71,11:16,156,82.7
3856,4.71,11:16,156,82.7
3857,4.71,11:39,156,82.7
3858,4.72,11:52,156,82.7
3859,4.72,12:18,156,82.7
3860,4.72,13:08,156,82.7
3861,4.72,13:24,157,82.7
3862,4.72,13:01,157,82.7
3863,4.72,12:32,157,82.0
3864,4.72,12:18,157,82.0
3865,4.72,12:25,158,82.0
3866,4.73,12:11,159,82.0
3867,4.73,11:58,158,82.0
3868,4.73,11:52,158,82.0
3869,4.73,10:43,159,82.0
3870,4.73,11:10,160,82.0
3871,4.73,11:45,160,82.0
3872,4.73,12:25,160,82.0
3873,4.74,12:25,160,82.0
3874,4.74,12:53,160,81.4
3875,4.74,12:04,160,81.4
3876,4.74,11:27,160,81.4
3877,4.74,10:48,161,81.4
3878,4.74,10:48,161,81.4
3879,4.74,11:16,160,81.4
3880,4.75,11:16,161,81.4
3881,4.75,11:05,161,81.4
3882,4.75,11:27,160,81.4
3883,4.75,11:52,160,81.4
3884,4.75,11:58,160,81.4
3885,4.75,11:39,160,81.4
3886,4.75,11:16,160,81.4
3887,4.76,11:16,160,81.4
3888,4.76,11:16,161,81.4
3889,4.76,11:05,161,81.4
3890,4.76,11:21,160,81.4
3891,4.76,11:52,160,80.7
3892,4.76,11:39,160,81.4
3893,4.76,11:21,160,81.4
3894,4.77,11:45,159,81.4
3895,4.77,11:33,159,81.4
3896,4.77,11:45,159,81.4
3897,4.77,12:11,159,81.4
3898,4.77,12:32,159,82.0
3899,4.77,11:58,159,82.0
3900,4.77,12:25,159,82.0
3901,4.78,13:08,159,82.0
3902,4.78,13:16,159,82.0
3903,4.78,14:44,158,82.7
3904,4.78,16:45,158,82.7
3905,4.78,17:25,158,82.7
3906,4.78,18:37,158,82.7
3907,4.78,18:37,159,83.3
3908,4.78,16:45,158,83.3
3909,4.78,15:46,159,83.3
3910,4.78,16:58,159,82.7
3911,4.79,15:24,159,82.7
3912,4.79,15:04,159,82.7
3913,4.79,14:54,159,82.7
3914,4.79,14:07,159,82.0
3915,4.79,12:53,159,82.7
3916,4.79,12:25,159,82.0
3917,4.79,12:46,159,82.0
3918,4.79,12:32,159,82.0
3919,4.8,13:08,159,82.0
3920,4.8,13:08,158,82.0
3921,4.8,13:24,158,82.0
3922,4.8,13:24,158,82.0
3923,4.8,12:53,159,82.0
3924,4.8,11:58,160,82.0
3925,4.8,12:04,160,82.0
3926,4.8,12:25,161,81.4
3927,4.81,12:39,161,82.0
3928,4.81,13:24,161,82.7
3929,4.81,13:49,160,82.7
3930,4.81,13:24,160,82.7
3931,4.81,13:08,160,82.7
3932,4.81,12:32,160,82.7
3933,4.81,12:39,160,82.7
3934,4.82,12:39,160,83.3
3935,4.82,13:16,160,83.3
3936,4.82,12:53,159,83.3
3937,4.82,11:58,159,83.3
3938,4.82,11:52,158,83.3
3939,4.82,11:45,158,83.3
3940,4.82,11:27,159,83.3
3941,4.82,11:52,158,82.7
3942,4.83,12:53,158,82.7
3943,4.83,12:46,158,82.7
3944,4.83,13:24,156,82.7
3945,4.83,13:24,156,82.7
3946,4.83,13:49,155,83.3
3947,4.83,14:07,155,83.3
3948,4.83,13:58,156,83.3
3949,4.83,13:41,156,83.3
3950,4.84,14:34,155,83.3
3951,4.84,13:32,156,83.3
3952,4.84,13:24,156,83.3
3953,4.84,12:39,156,83.3
3954,4.84,12:25,158,83.3
3955,4.84,12:04,158,83.3
3956,4.84,11:39,159,84.0
3957,4.85,11:39,161,84.0
3958,4.85,12:18,161,84.0
3959,4.85,12:18,161,84.0
3960,4.85,11:58,162,84.0
3961,4.85,13:01,162,84.0
3962,4.85,12:46,162,84.0
3963,4.85,13:32,162,84.0
3964,4.85,13:49,161,84.6
3965,4.86,13:32,162,84.6
3966,4.86,13:16,161,84.6
3967,4.86,12:53,161,84.6
3968,4.86,12:18,161,85.3
3969,4.86,11:58,161,85.3
3970,4.86,11:58,161,85.3
3971,4.86,11:39,161,86.0
3972,4.87,11:45,162,86.0
3973,4.87,11:45,162,86.0
3974,4.87,12:11,162,86.0
3975,4.87,12:46,162,86.0
3976,4.87,13:08,162,86.0
3977,4.87,13:08,162,86.0
3978,4.87,13:24,161,86.0
3979,4.87,13:24,161,86.0
3980,4.88,13:24,161,86.0
3981,4.88,13:24,161,86.0
3982,4.88,13:49,162,86.6
3983,4.88,13:32,163,86.6
3984,4.88,13:16,162,86.6
3985,4.88,12:39,162,86.6
3986,4.88,12:32,162,86.6
3987,4.88,12:18,162,86.6
3988,4.89,12:11,162,86.6
3989,4.89,12:18,162,86.6
3990,4.89,12:53,162,86.6
3991,4.89,12:46,161,86.6
3992,4.89,13:08,162,87.3
3993,4.89,13:24,161,87.3
3994,4.89,13:01,161,87.3
3995,4.89,12:46,161,86.6
3996,4.9,13:01,161,86.6
3997,4.9,12:25,161,86.6
3998,4.9,11:52,161,86.6
3999,4.9,11:33,162,86.6
4000,4.9,11:27,163,86.6
4001,4.9,11:21,163,86.6
4002,4.9,11:45,163,86.6
4003,4.91,12:11,164,87.3
4004,4.91,12:18,164,87.3
4005,4.91,11:52,163,87.3
4006,4.91,11:52,164,87.3
4007,4.91,11:39,163,87.3
4008,4.91,11:27,163,87.3
4009,4.91,12:04,163,87.3
4010,4.92,13:01,163,87.3
4011,4.92,12:53,163,86.6
4012,4.92,14:07,163,86.6
4013,4.92,14:44,163,86.6
4014,4.92,14:07,164,86.6
4015,4.92,13:41,164,86.6
4016,4.92,14:16,163,86.6
4017,4.92,13:32,163,86.6
4018,4.92,13:41,163,87.3
4019,4.93,13:58,162,86.6
4020,4.93,13:16,162,86.6
4021,4.93,13:08,161,86.6
4022,4.93,12:46,161,86.6
4023,4.93,12:32,160,86.6
4024,4.93,12:11,159,86.6
4025,4.93,12:11,159,86.6
4026,4.94,11:58,159,87.3
4027,4.94,11:52,159,87.3
4028,4.94,11:39,159,87.3
4029,4.94,11:33,159,87.3
4030,4.94,11:58,159,87.3
4031,4.94,11:27,159,86.6
4032,4.94,11:21,159,86.6
4033,4.95,11:27,158,86.6
4034,4.95,11:39,159,86.6
4035,4.95,11:05,159,86.6
4036,4.95,12:04,159,86.6
4037,4.95,11:27,159,87.3
4038,4.95,11:27,161,87.9
4039,4.95,12:04,161,87.9
4040,4.96,12:39,161,87.9
4041,4.96,12:32,161,87.9
4042,4.96,13:08,162,87.9
4043,4.96,13:01,161,88.6
4044,4.96,13:01,161,88.6
4045,4.96,13:24,160,88.6
4046,4.96,13:08,159,88.6
4047,4.96,13:32,158,88.6
4048,4.97,13:16,158,88.6
4049,4.97,12:46,158,88.6
4050,4.97,12:32,156,88.6
4051,4.97,11:58,155,88.6
4052,4.97,11:27,155,87.9
4053,4.97,11:27,155,87.9
4054,4.97,11:45,156,87.9
4055,4.98,11:58,157,87.9
4056,4.98,12:04,159,87.9
4057,4.98,12:18,159,87.9
4058,4.98,12:46,159,87.9
4059,4.98,12:18,159,87.9
4060,4.98,11:05,160,87.9
4061,4.98,11:10,161,87.9
4062,4.99,11:45,161,87.9
4063,4.99,11:39,161,87.9
4064,4.99,12:18,162,88.6
4065,4.99,15:46,161,88.6
4066,4.99,17:11,161,88.6
4067,4.99,17:25,161,88.6
4068,4.99,18:53,162,88.6
4069,4.99,16:09,162,89.2
4070,4.99,13:24,162,89.2
4071,5.0,13:16,163,89.9
4072,5.0,12:53,163,89.9
4073,5.0,12:04,163,90.6
4074,5.0,13:08,163,90.6
4075,5.0,14:07,164,91.2
4076,5.0,13:24,164,91.2
4077,5.0,13:58,164,91.2
4078,5.0,14:25,164,91.9
