elapsed_seconds,distance_miles,pace_per_mile,heartrate,altitude_ft
0,0.0,,78,189.6
1,0.0,,67,189.0
2,0.0,11:39,68,188.3
3,0.01,11:10,70,188.3
4,0.01,10:56,70,187.7
5,0.01,10:48,71,187.0
6,0.01,10:28,72,187.0
7,0.01,10:14,74,186.4
8,0.01,10:14,75,186.4
9,0.02,10:14,77,186.4
10,0.02,10:09,79,186.4
11,0.02,10:14,81,185.7
12,0.02,12:46,82,185.7
13,0.02,16:58,83,185.0
14,0.02,14:54,87,184.4
15,0.02,15:14,87,183.7
16,0.02,14:59,89,183.7
17,0.03,11:27,90,183.1
18,0.03,9:43,94,183.1
19,0.03,12:32,95,183.1
20,0.03,13:41,96,183.1
21,0.03,16:03,98,183.1
22,0.03,17:52,99,182.4
23,0.03,17:11,100,182.4
24,0.03,15:24,101,182.4
25,0.03,16:09,99,181.8
26,0.04,15:24,98,181.8
27,0.04,13:41,98,181.1
28,0.04,13:08,98,181.1
29,0.04,11:58,98,181.1
30,0.04,10:48,101,181.1
31,0.04,10:18,106,181.1
32,0.04,10:59,107,181.1
33,0.05,11:45,108,180.4
34,0.05,12:11,109,180.4
35,0.05,11:39,110,180.4
36,0.05,12:04,110,180.4
37,0.05,12:39,111,180.4
38,0.05,12:25,112,180.4
39,0.05,12:32,112,180.4
40,0.05,13:41,112,180.4
41,0.06,12:53,113,179.8
42,0.06,12:32,113,179.8
43,0.06,12:32,114,179.1
44,0.06,12:18,114,179.1
45,0.06,12:04,114,179.1
46,0.06,12:04,115,179.1
47,0.07,11:10,116,179.1
48,0.07,11:21,115,178.5
49,0.07,11:21,116,178.5
50,0.07,11:52,117,178.5
51,0.07,12:11,117,178.5
52,0.07,13:01,117,177.8
53,0.07,12:46,117,177.8
54,0.07,12:53,117,177.2
55,0.08,12:32,117,177.2
56,0.08,11:33,117,177.2
57,0.08,11:21,117,177.2
58,0.08,12:11,117,176.5
59,0.08,12:11,118,176.5
60,0.08,12:53,118,176.5
61,0.08,15:35,119,176.5
62,0.08,16:33,119,175.9
63,0.09,14:34,119,175.9
64,0.09,14:44,120,175.9
65,0.09,14:07,120,175.2
66,0.09,13:32,119,175.2
67,0.09,14:34,119,175.2
68,0.09,16:45,120,175.2
69,0.09,17:52,120,175.2
70,0.09,16:45,120,175.2
71,0.09,16:33,120,175.2
72,0.1,14:34,120,175.2
73,0.1,12:32,120,175.2
74,0.1,11:45,121,175.2
75,0.1,11:39,121,174.5
76,0.1,11:27,120,175.2
77,0.1,11:05,120,175.2
78,0.1,11:33,120,175.2
79,0.11,11:39,118,175.2
80,0.11,11:45,117,175.2
81,0.11,11:58,117,174.5
82,0.11,12:11,117,174.5
83,0.11,12:46,116,174.5
84,0.11,12:04,116,174.5
85,0.11,14:07,116,174.5
86,0.11,13:32,115,175.2
87,0.12,11:39,115,175.2
88,0.12,9:47,115,175.2
89,0.12,10:48,116,174.5
90,0.12,9:34,117,174.5
91,0.12,9:56,117,174.5
92,0.12,11:21,118,173.9
93,0.13,13:01,118,173.9
94,0.13,11:52,119,173.2
95,0.13,11:10,119,173.2
96,0.13,10:28,120,173.2
97,0.13,10:43,120,173.2
98,0.13,10:43,120,173.2
99,0.14,10:43,120,172.6
100,0.14,10:38,121,172.6
101,0.14,10:59,120,172.6
102,0.14,10:48,120,172.6
103,0.14,11:21,119,171.9
104,0.14,11:52,118,171.9
105,0.14,12:46,118,171.3
106,0.14,12:32,118,171.3
107,0.15,12:53,118,171.3
108,0.15,12:46,118,171.3
109,0.15,12:46,119,171.3
110,0.15,13:32,120,171.3
111,0.15,14:07,120,171.3
112,0.15,15:04,119,171.3
113,0.15,15:14,119,171.3
114,0.15,14:44,119,170.6
115,0.16,15:04,119,170.6
116,0.16,14:44,118,170.6
117,0.16,13:58,119,170.6
118,0.16,13:49,119,170.6
119,0.16,13:49,118,169.9
120,0.16,12:11,118,169.9
121,0.16,11:33,118,169.9
122,0.16,11:33,117,169.9
123,0.17,11:05,118,169.9
124,0.17,11:16,117,169.9
125,0.17,12:11,117,169.9
126,0.17,12:46,118,169.3
127,0.17,11:52,118,169.3
128,0.17,12:18,118,169.3
129,0.17,12:18,119,169.3
130,0.18,12:25,120,168.6
131,0.18,12:46,122,168.6
132,0.18,13:58,124,168.6
133,0.18,14:25,124,168.6
134,0.18,14:07,124,168.6
135,0.18,13:58,124,168.6
136,0.18,13:41,124,168.6
137,0.18,13:16,124,168.6
138,0.19,12:53,124,169.3
139,0.19,12:46,124,169.3
140,0.19,12:32,124,169.9
141,0.19,12:39,124,169.3
142,0.19,12:11,123,169.3
143,0.19,12:18,123,169.3
144,0.19,12:18,123,169.3
145,0.19,12:18,123,169.3
146,0.2,12:18,123,169.3
147,0.2,12:32,122,169.3
148,0.2,12:18,120,169.9
149,0.2,12:46,120,169.9
150,0.2,13:01,121,169.9
151,0.2,13:01,121,169.9
152,0.2,13:01,120,169.9
153,0.21,12:53,120,169.9
154,0.21,12:53,119,169.9
155,0.21,12:39,119,169.9
156,0.21,12:46,119,169.9
157,0.21,12:25,121,169.9
158,0.21,12:39,121,169.9
159,0.21,12:04,122,169.9
160,0.21,12:11,122,169.9
161,0.22,12:04,122,170.6
162,0.22,12:25,122,170.6
163,0.22,11:27,123,170.6
164,0.22,11:52,122,170.6
165,0.22,11:27,122,170.6
166,0.22,11:33,122,170.6
167,0.22,11:33,123,170.6
168,0.23,13:01,122,171.3
169,0.23,13:32,122,171.3
170,0.23,14:16,123,171.3
171,0.23,15:14,123,171.3
172,0.23,15:57,122,170.6
173,0.23,15:24,122,170.6
174,0.23,14:54,123,171.3
175,0.23,14:25,124,171.3
176,0.23,13:32,123,171.9
177,0.24,13:58,123,171.9
178,0.24,14:16,122,171.9
179,0.24,13:58,122,171.9
180,0.24,13:41,122,171.9
181,0.24,13:24,123,171.9
182,0.24,12:46,122,171.3
183,0.24,12:04,122,171.9
184,0.25,11:58,122,171.9
185,0.25,12:11,122,171.3
186,0.25,12:25,122,171.9
187,0.25,12:46,122,171.9
188,0.25,13:08,122,171.9
189,0.25,13:16,122,171.9
190,0.25,13:08,123,171.9
191,0.25,13:08,122,171.9
192,0.26,12:39,122,171.9
193,0.26,12:11,122,171.9
194,0.26,12:18,122,172.6
195,0.26,12:18,122,172.6
196,0.26,11:10,122,172.6
197,0.26,10:48,123,172.6
198,0.26,10:43,123,171.9
199,0.27,10:23,123,171.9
200,0.27,10:23,123,171.9
201,0.27,11:05,123,171.9
202,0.27,11:45,124,171.9
203,0.27,12:11,124,171.9
204,0.27,12:25,124,172.6
205,0.27,12:46,124,172.6
206,0.28,12:46,124,172.6
207,0.28,12:25,124,172.6
208,0.28,12:53,123,172.6
209,0.28,13:32,123,172.6
210,0.28,13:49,123,172.6
241,0.28,209:33,110,172.6
242,0.28,175:18,112,172.6
243,0.28,118:09,113,173.2
244,0.29,89:24,113,173.2
245,0.29,75:46,112,173.2
246,0.29,75:46,109,173.2
247,0.29,10:23,108,173.2
248,0.29,10:18,108,172.6
249,0.29,10:33,107,172.6
250,0.3,10:38,107,172.6
251,0.3,10:59,108,172.6
252,0.3,12:25,108,171.9
253,0.3,13:24,108,171.9
254,0.3,13:58,108,172.6
255,0.3,13:24,108,172.6
256,0.3,13:32,109,172.6
257,0.3,13:08,110,172.6
258,0.31,13:32,110,172.6
259,0.31,13:41,110,172.6
260,0.31,13:41,111,172.6
261,0.31,13:16,111,172.6
262,0.31,13:16,112,172.6
263,0.31,12:39,112,172.6
264,0.31,12:32,113,172.6
265,0.32,11:58,114,172.6
266,0.32,11:16,115,173.2
267,0.32,10:54,116,173.2
268,0.32,10:59,117,173.2
269,0.32,10:54,117,173.2
270,0.32,11:05,117,173.2
271,0.32,12:11,117,173.2
272,0.32,12:46,117,173.2
273,0.33,12:46,117,173.2
274,0.33,13:24,117,173.2
275,0.33,13:08,117,173.2
276,0.33,13:01,118,173.2
277,0.33,12:32,118,173.2
278,0.33,12:18,118,173.9
279,0.33,11:21,118,173.9
280,0.34,12:04,118,173.9
281,0.34,11:27,119,173.9
282,0.34,11:21,119,173.9
283,0.34,11:39,117,173.9
284,0.34,12:25,118,173.9
285,0.34,12:32,118,173.9
286,0.34,13:08,119,173.9
287,0.34,13:49,120,173.2
288,0.35,13:08,121,173.2
289,0.35,12:39,121,173.2
290,0.35,12:46,121,173.2
291,0.35,13:08,121,173.2
292,0.35,12:18,121,173.2
293,0.35,12:11,122,172.6
294,0.35,12:11,122,172.6
295,0.36,12:04,124,172.6
296,0.36,11:33,125,172.6
297,0.36,12:04,125,172.6
298,0.36,12:25,126,173.2
299,0.36,11:58,127,173.2
300,0.36,11:39,127,173.2
301,0.36,11:16,126,173.2
302,0.37,10:59,127,173.2
303,0.37,10:54,127,173.2
304,0.37,11:05,128,173.2
305,0.37,11:21,128,173.2
306,0.37,11:52,127,173.2
307,0.37,11:27,127,173.2
308,0.37,11:39,127,172.6
309,0.38,11:52,128,172.6
310,0.38,11:45,127,172.6
311,0.38,11:27,127,172.6
312,0.38,11:45,127,171.9
313,0.38,11:58,127,171.9
314,0.38,11:58,126,171.9
315,0.38,11:52,126,171.9
316,0.39,12:46,127,172.6
317,0.39,13:08,127,172.6
318,0.39,13:08,127,172.6
319,0.39,13:24,126,172.6
320,0.39,14:07,126,172.6
321,0.39,13:41,126,172.6
322,0.39,13:41,126,172.6
323,0.39,13:16,126,172.6
324,0.4,13:01,126,172.6
325,0.4,13:16,125,172.6
326,0.4,13:24,125,171.9
327,0.4,13:08,125,171.9
328,0.4,13:41,125,171.9
329,0.4,13:58,125,171.9
330,0.4,13:08,125,172.6
331,0.4,13:01,126,172.6
332,0.41,12:46,126,172.6
333,0.41,12:18,126,172.6
334,0.41,12:11,127,171.9
335,0.41,12:39,127,171.9
336,0.41,12:53,127,171.9
337,0.41,13:24,127,171.9
338,0.41,13:16,128,171.9
339,0.41,13:01,128,171.9
340,0.42,12:32,128,171.9
341,0.42,12:04,129,171.3
342,0.42,12:04,129,171.3
343,0.42,12:04,129,171.3
344,0.42,12:04,129,171.3
345,0.42,12:11,128,171.3
346,0.42,12:04,129,171.3
347,0.43,11:52,129,171.3
348,0.43,11:45,128,171.3
349,0.43,12:32,128,171.3
350,0.43,12:18,128,170.6
351,0.43,13:08,127,170.6
352,0.43,13:58,127,170.6
353,0.43,14:44,126,170.6
354,0.43,14:07,126,170.6
355,0.44,14:34,125,170.6
356,0.44,13:24,125,170.6
357,0.44,13:01,125,170.6
358,0.44,12:25,126,170.6
359,0.44,12:11,126,170.6
360,0.44,12:04,125,169.9
361,0.44,12:04,125,169.9
362,0.45,11:58,125,169.9
363,0.45,12:18,124,169.9
364,0.45,12:11,124,169.3
365,0.45,12:11,123,169.3
366,0.45,12:11,124,169.3
367,0.45,11:45,124,169.3
368,0.45,11:33,123,169.3
369,0.46,11:27,123,169.3
370,0.46,11:39,123,169.3
371,0.46,11:52,123,169.3
372,0.46,11:45,123,169.3
373,0.46,11:52,123,169.3
374,0.46,11:39,123,169.3
375,0.46,12:04,123,169.3
376,0.46,12:11,123,169.3
377,0.47,12:32,123,169.3
378,0.47,12:53,123,169.3
379,0.47,13:58,123,169.3
380,0.47,13:24,122,169.3
381,0.47,13:32,123,169.3
382,0.47,13:32,123,169.3
383,0.47,13:16,123,169.3
384,0.47,12:53,124,169.3
385,0.48,12:53,125,169.3
386,0.48,13:24,124,169.3
387,0.48,13:58,123,169.3
388,0.48,14:34,123,169.3
389,0.48,15:04,123,168.6
390,0.48,15:14,123,168.6
391,0.48,15:04,123,168.0
392,0.48,15:04,123,168.0
393,0.49,13:49,124,167.3
394,0.49,13:41,125,167.3
395,0.49,13:01,125,167.3
396,0.49,12:18,126,167.3
397,0.49,11:39,126,167.3
398,0.49,11:45,126,167.3
399,0.49,11:39,126,167.3
400,0.49,12:18,126,167.3
401,0.5,12:46,126,167.3
402,0.5,12:53,125,167.3
403,0.5,12:53,125,167.3
404,0.5,12:46,125,167.3
405,0.5,12:11,125,167.3
406,0.5,11:52,126,167.3
407,0.5,12:11,125,168.0
408,0.51,12:25,125,168.0
409,0.51,12:39,125,168.0
410,0.51,12:46,125,168.0
411,0.51,12:39,125,168.0
412,0.51,11:52,125,168.0
413,0.51,12:25,125,168.0
414,0.51,12:18,125,168.0
415,0.51,13:08,126,168.0
416,0.52,13:24,125,168.0
417,0.52,14:54,125,168.0
418,0.52,14:54,125,168.0
419,0.52,14:44,125,168.0
420,0.52,14:07,126,168.6
421,0.52,14:25,126,168.6
422,0.52,13:58,126,168.6
423,0.52,14:07,126,168.6
424,0.52,14:07,126,168.6
425,0.53,14:07,126,168.6
426,0.53,13:41,126,168.6
427,0.53,13:49,127,168.6
428,0.53,13:16,127,168.6
429,0.53,13:08,127,168.6
430,0.53,12:53,128,168.6
431,0.53,13:01,128,168.6
432,0.54,12:32,128,168.6
433,0.54,11:58,128,168.6
434,0.54,12:18,129,168.6
435,0.54,12:11,129,168.6
436,0.54,12:11,129,168.0
437,0.54,12:39,129,168.0
438,0.54,13:16,130,168.0
439,0.54,13:32,129,168.6
440,0.55,13:08,129,168.0
441,0.55,13:01,130,168.0
442,0.55,12:18,129,168.0
443,0.55,11:33,130,167.3
444,0.55,11:10,130,167.3
445,0.55,11:27,129,167.3
446,0.55,11:21,129,167.3
447,0.56,11:45,129,167.3
448,0.56,12:11,129,168.0
449,0.56,11:58,129,167.3
450,0.56,12:32,129,167.3
451,0.56,12:11,129,167.3
452,0.56,12:11,129,167.3
453,0.56,12:25,129,166.7
454,0.57,12:11,127,166.7
455,0.57,11:52,127,167.3
456,0.57,12:25,127,167.3
457,0.57,12:25,127,167.3
458,0.57,12:53,127,167.3
459,0.57,13:49,127,167.3
460,0.57,13:58,127,167.3
461,0.57,14:25,127,167.3
462,0.58,13:24,127,167.3
463,0.58,12:39,126,167.3
464,0.58,12:04,125,166.7
465,0.58,11:33,124,166.7
466,0.58,11:21,124,167.3
467,0.58,11:58,124,167.3
468,0.58,13:08,124,166.7
469,0.58,13:32,123,166.7
470,0.59,14:34,122,166.7
471,0.59,15:14,122,166.7
472,0.59,15:57,122,166.0
473,0.59,15:04,122,166.0
474,0.59,16:33,122,165.4
475,0.59,14:44,122,165.4
476,0.59,13:32,122,164.7
477,0.59,12:39,122,164.7
478,0.6,11:58,122,164.7
479,0.6,11:10,122,164.7
480,0.6,11:39,123,164.7
481,0.6,11:39,124,164.7
482,0.6,11:58,124,164.7
483,0.6,11:52,124,164.0
484,0.6,11:58,125,164.0
485,0.61,11:39,125,164.0
486,0.61,11:45,124,164.0
487,0.61,11:33,122,164.0
488,0.61,11:58,122,164.0
489,0.61,11:27,122,163.4
490,0.61,11:52,123,163.4
491,0.61,12:18,123,163.4
492,0.62,12:04,124,163.4
493,0.62,12:04,128,162.7
494,0.62,12:32,128,162.7
495,0.62,12:32,129,162.7
496,0.62,12:39,130,162.1
497,0.62,13:08,132,162.1
498,0.62,13:08,131,161.4
499,0.62,13:01,131,161.4
500,0.63,13:08,130,161.4
501,0.63,13:16,130,160.8
502,0.63,13:41,129,160.8
503,0.63,13:32,128,160.1
504,0.63,13:24,128,160.1
505,0.63,12:53,128,159.4
506,0.63,12:04,128,159.4
507,0.64,11:27,128,158.8
508,0.64,11:21,128,158.8
509,0.64,11:33,128,158.1
510,0.64,11:27,128,158.1
511,0.64,11:39,127,157.5
512,0.64,12:11,127,157.5
513,0.64,12:53,127,157.5
514,0.64,12:53,128,156.8
515,0.65,13:49,127,156.8
516,0.65,14:25,127,156.2
517,0.65,14:25,127,156.2
518,0.65,14:25,127,155.5
519,0.65,13:41,128,155.5
520,0.65,13:16,128,155.5
521,0.65,13:01,129,154.9
522,0.65,12:25,128,154.9
523,0.66,11:58,127,154.9
524,0.66,11:52,126,154.9
525,0.66,11:58,126,154.2
526,0.66,11:58,126,154.2
527,0.66,12:18,126,154.2
528,0.66,12:11,126,153.5
529,0.66,12:32,126,153.5
530,0.67,12:32,126,153.5
531,0.67,12:32,125,153.5
532,0.67,12:39,125,152.9
533,0.67,13:08,124,152.9
534,0.67,14:07,124,152.9
535,0.67,14:07,124,152.9
536,0.67,13:24,124,152.9
537,0.67,13:24,124,152.9
538,0.68,12:25,124,152.9
539,0.68,11:33,124,152.2
540,0.68,11:21,124,152.2
541,0.68,11:39,124,151.6
542,0.68,11:33,124,151.6
543,0.68,11:58,124,150.9
544,0.68,12:39,124,150.9
545,0.68,12:53,124,150.3
546,0.69,13:16,124,150.3
547,0.69,14:07,125,150.3
548,0.69,14:07,125,150.3
549,0.69,13:32,125,150.3
550,0.69,13:24,125,149.6
551,0.69,13:08,126,149.6
552,0.69,12:39,126,149.6
553,0.69,13:01,126,149.6
554,0.7,12:46,125,149.6
555,0.7,12:46,125,149.6
556,0.7,12:46,124,149.6
557,0.7,12:25,124,149.0
558,0.7,11:58,124,149.0
559,0.7,11:52,124,149.0
560,0.7,12:04,124,149.0
561,0.71,12:18,124,149.0
562,0.71,12:25,124,149.0
563,0.71,13:01,124,149.0
564,0.71,13:41,124,148.3
565,0.71,14:25,124,148.3
566,0.71,13:49,125,147.6
567,0.71,13:41,125,147.6
568,0.71,12:46,125,147.6
569,0.72,12:25,126,147.6
570,0.72,11:33,126,147.6
571,0.72,11:27,126,147.6
572,0.72,11:27,126,147.0
573,0.72,11:52,127,147.0
574,0.72,12:18,127,147.0
575,0.72,12:04,127,146.3
576,0.73,12:04,127,146.3
577,0.73,11:45,127,145.7
578,0.73,11:39,127,145.7
579,0.73,11:10,127,145.0
580,0.73,11:33,127,145.0
581,0.73,11:52,127,144.4
582,0.73,12:18,128,144.4
583,0.74,12:25,128,143.7
584,0.74,12:18,128,143.7
585,0.74,11:45,129,143.0
586,0.74,11:16,129,143.0
587,0.74,11:05,129,142.4
588,0.74,11:05,129,141.7
589,0.74,11:10,129,141.7
590,0.75,11:33,129,141.1
591,0.75,11:45,128,140.4
592,0.75,11:39,128,140.4
593,0.75,11:52,128,139.8
594,0.75,11:52,128,139.1
595,0.75,11:58,127,138.5
596,0.75,12:04,127,137.8
597,0.76,12:25,127,137.1
598,0.76,12:11,126,137.1
599,0.76,12:18,126,136.5
600,0.76,12:18,126,136.5
601,0.76,12:11,125,136.5
602,0.76,12:11,124,135.8
603,0.76,12:32,124,135.8
604,0.77,12:32,124,135.2
605,0.77,12:39,124,134.5
606,0.77,12:53,125,133.9
607,0.77,12:53,125,133.9
608,0.77,12:32,125,133.2
609,0.77,12:39,125,133.2
610,0.77,12:53,124,132.5
611,0.77,12:39,123,132.5
612,0.78,12:46,123,131.9
613,0.78,12:46,122,131.9
614,0.78,12:18,122,131.9
615,0.78,12:04,122,131.2
616,0.78,11:52,123,131.2
617,0.78,11:33,122,130.6
618,0.78,11:21,121,129.9
619,0.79,11:27,121,129.9
620,0.79,11:27,120,129.3
621,0.79,11:39,120,129.3
622,0.79,12:04,120,129.3
623,0.79,12:32,120,128.6
624,0.79,13:08,120,128.6
625,0.79,13:24,121,128.0
626,0.79,13:49,120,128.0
627,0.8,13:32,120,128.0
628,0.8,13:32,120,127.3
629,0.8,13:08,120,127.3
630,0.8,13:01,120,126.6
631,0.8,13:01,120,126.0
632,0.8,13:01,121,126.0
633,0.8,12:46,121,125.3
634,0.8,13:08,121,125.3
635,0.81,12:25,120,125.3
636,0.81,12:39,119,125.3
637,0.81,12:46,119,124.7
638,0.81,12:53,118,124.7
639,0.81,12:32,118,124.0
640,0.81,13:01,119,124.0
641,0.81,12:39,119,124.0
642,0.82,12:18,119,124.0
643,0.82,12:04,119,124.0
644,0.82,11:58,120,124.0
645,0.82,11:58,120,124.0
646,0.82,11:45,120,124.0
647,0.82,11:33,120,123.4
648,0.82,11:33,120,123.4
649,0.83,11:39,119,123.4
650,0.83,11:21,120,123.4
651,0.83,11:52,120,123.4
652,0.83,12:32,120,123.4
653,0.83,12:18,120,123.4
654,0.83,12:46,120,123.4
655,0.83,12:46,120,123.4
656,0.83,13:08,119,123.4
657,0.84,13:08,118,123.4
658,0.84,14:25,118,123.4
659,0.84,15:04,119,123.4
660,0.84,15:57,119,123.4
661,0.84,15:46,118,123.4
662,0.84,15:46,119,123.4
663,0.84,14:25,118,122.7
664,0.84,13:49,119,122.7
665,0.84,13:08,119,123.4
666,0.85,12:32,120,122.7
667,0.85,11:27,120,123.4
668,0.85,10:28,121,123.4
669,0.85,9:47,122,123.4
670,0.85,9:56,122,123.4
671,0.85,9:43,122,123.4
672,0.86,11:05,122,123.4
673,0.86,12:18,123,122.7
674,0.86,14:16,123,122.7
675,0.86,14:34,124,123.4
676,0.86,15:57,125,123.4
677,0.86,14:07,125,124.0
678,0.86,14:07,127,124.0
679,0.86,12:46,128,124.0
680,0.87,12:46,128,124.0
681,0.87,12:18,129,124.0
682,0.87,12:11,130,124.0
683,0.87,12:25,131,124.0
684,0.87,12:11,132,124.0
685,0.87,11:58,132,124.0
686,0.87,11:33,132,124.7
687,0.88,11:45,132,124.7
688,0.88,11:16,133,124.7
689,0.88,11:05,132,124.7
690,0.88,10:59,132,124.7
691,0.88,11:16,133,124.7
692,0.88,11:16,133,124.7
693,0.88,11:39,133,124.7
694,0.89,11:58,132,125.3
695,0.89,11:52,132,125.3
696,0.89,11:52,132,125.3
697,0.89,11:45,132,125.3
698,0.89,11:45,132,125.3
699,0.89,11:58,133,126.0
700,0.89,12:18,134,126.0
701,0.9,12:32,134,126.0
702,0.9,12:39,135,125.3
703,0.9,13:01,136,125.3
704,0.9,13:16,136,125.3
705,0.9,13:32,137,126.0
706,0.9,13:24,137,126.0
707,0.9,13:08,138,126.0
708,0.9,12:53,138,126.0
709,0.91,13:08,138,126.0
710,0.91,12:46,137,126.0
711,0.91,13:08,137,126.0
712,0.91,13:32,137,126.0
713,0.91,13:08,136,126.0
714,0.91,13:01,136,126.0
715,0.91,13:01,135,126.0
716,0.91,13:01,135,125.3
717,0.92,13:08,134,125.3
718,0.92,13:24,134,125.3
719,0.92,13:16,133,125.3
720,0.92,13:16,133,124.7
721,0.92,13:01,134,124.7
722,0.92,13:08,133,124.7
723,0.92,13:24,133,124.7
724,0.92,13:16,133,124.7
725,0.93,12:53,133,124.7
726,0.93,12:46,133,124.7
727,0.93,11:58,133,124.0
728,0.93,11:21,134,124.0
729,0.93,10:54,134,124.0
730,0.93,10:48,134,124.0
731,0.94,10:05,134,124.0
732,0.94,10:14,134,124.0
733,0.94,10:48,134,124.0
734,0.94,11:10,133,123.4
735,0.94,11:05,134,123.4
736,0.94,11:45,134,123.4
737,0.94,12:11,133,123.4
738,0.94,11:58,133,123.4
739,0.95,12:18,133,122.7
740,0.95,12:53,134,122.7
741,0.95,13:41,134,122.7
742,0.95,14:16,134,122.7
743,0.95,14:16,134,122.7
744,0.95,13:58,134,122.7
745,0.95,13:32,135,122.7
746,0.95,13:01,135,122.7
747,0.96,12:39,135,122.7
748,0.96,13:01,134,122.7
749,0.96,13:16,134,122.7
750,0.96,13:49,134,122.0
751,0.96,13:32,134,122.0
752,0.96,13:32,134,122.0
753,0.96,12:53,134,122.0
754,0.96,12:46,133,122.0
755,0.97,12:18,132,122.0
756,0.97,12:18,132,121.4
757,0.97,12:11,132,121.4
758,0.97,12:18,132,121.4
759,0.97,12:18,132,121.4
760,0.97,12:39,132,121.4
761,0.97,12:46,132,121.4
762,0.98,12:53,132,121.4
763,0.98,12:46,132,120.7
764,0.98,12:32,133,120.7
765,0.98,12:46,131,120.7
766,0.98,12:53,131,120.7
767,0.98,13:01,131,120.1
768,0.98,13:08,130,120.1
769,0.98,13:01,130,120.1
770,0.99,12:25,130,119.4
771,0.99,11:52,130,119.4
772,0.99,11:16,130,119.4
773,0.99,10:54,130,119.4
774,0.99,10:48,130,118.8
775,0.99,11:21,129,118.8
776,0.99,11:45,130,118.8
777,1.0,12:25,130,118.8
778,1.0,12:32,131,118.8
779,1.0,12:32,131,118.8
780,1.0,12:18,131,118.8
781,1.0,12:04,131,118.8
782,1.0,11:39,131,118.8
783,1.0,12:18,130,118.8
784,1.01,12:46,130,118.8
785,1.01,13:01,130,118.8
786,1.01,13:16,130,118.8
787,1.01,13:41,131,118.8
788,1.01,13:32,131,118.8
789,1.01,13:41,132,118.1
790,1.01,13:08,133,118.1
791,1.01,13:16,133,118.1
792,1.02,13:16,133,118.1
793,1.02,13:08,132,118.1
794,1.02,12:32,132,118.1
795,1.02,12:39,132,118.1
796,1.02,12:32,133,118.1
797,1.02,11:52,133,117.5
798,1.02,11:45,133,117.5
799,1.03,12:18,134,117.5
800,1.03,12:25,134,117.5
801,1.03,12:39,133,117.5
802,1.03,13:01,134,117.5
803,1.03,12:32,134,117.5
804,1.03,12:18,134,117.5
805,1.03,12:04,134,117.5
806,1.03,11:58,135,117.5
807,1.04,11:45,136,117.5
808,1.04,11:21,137,117.5
809,1.04,11:45,137,116.8
810,1.04,11:58,136,116.8
811,1.04,11:58,137,116.8
812,1.04,11:45,137,116.8
813,1.04,11:58,137,116.1
814,1.05,11:58,138,116.1
815,1.05,12:18,138,116.1
816,1.05,12:32,138,116.1
817,1.05,14:07,139,115.5
818,1.05,15:35,138,115.5
819,1.05,14:44,137,115.5
820,1.05,13:24,137,115.5
821,1.06,12:04,136,114.8
822,1.06,11:16,136,114.8
823,1.06,10:43,136,114.8
824,1.06,10:38,135,114.8
825,1.06,10:48,135,114.8
826,1.06,11:10,134,114.2
827,1.06,11:16,134,114.2
828,1.07,11:21,134,114.2
829,1.07,11:05,134,114.2
830,1.07,10:59,134,114.2
831,1.07,11:16,134,114.2
832,1.07,11:05,134,114.2
833,1.07,11:27,133,114.2
834,1.07,11:52,133,114.2
835,1.07,13:32,132,114.2
836,1.08,13:58,132,114.2
837,1.08,14:16,131,114.2
838,1.08,13:49,130,113.5
839,1.08,13:08,130,113.5
840,1.08,12:04,129,113.5
841,1.08,11:52,129,113.5
842,1.08,11:33,129,112.9
843,1.09,11:27,128,112.9
844,1.09,12:04,128,112.9
845,1.09,12:11,128,112.9
846,1.09,12:04,128,112.9
847,1.09,12:18,128,112.9
848,1.09,12:25,128,112.2
849,1.09,12:32,128,112.2
850,1.09,12:39,125,112.2
851,1.1,12:04,125,112.2
852,1.1,12:32,125,112.2
853,1.1,12:53,125,112.2
854,1.1,12:32,125,112.2
855,1.1,12:04,125,112.2
856,1.1,12:53,125,112.2
857,1.1,12:39,125,112.2
858,1.11,12:25,125,112.2
859,1.11,12:39,125,112.2
860,1.11,12:32,125,112.2
861,1.11,12:32,125,112.2
862,1.11,12:11,125,112.2
863,1.11,11:52,125,112.2
864,1.11,11:45,126,112.2
865,1.12,11:52,127,112.2
866,1.12,11:45,128,112.2
867,1.12,12:11,129,112.2
868,1.12,12:18,129,112.2
869,1.12,12:32,130,112.2
870,1.12,12:25,131,112.2
871,1.12,11:27,133,112.2
872,1.13,11:16,133,112.2
873,1.13,11:21,133,111.5
874,1.13,11:05,133,111.5
875,1.13,11:33,133,111.5
876,1.13,13:01,133,111.5
877,1.13,13:32,133,111.5
878,1.13,13:49,133,112.2
879,1.13,15:04,133,112.2
880,1.14,14:34,133,112.2
881,1.14,14:25,133,112.2
882,1.14,14:34,134,112.2
883,1.14,14:25,134,112.2
884,1.14,13:41,134,112.2
885,1.14,13:24,134,112.2
886,1.14,14:07,134,112.2
887,1.14,13:32,134,112.2
888,1.15,13:01,135,112.2
889,1.15,13:24,134,112.2
890,1.15,12:53,134,112.2
891,1.15,11:45,134,112.2
892,1.15,11:05,134,112.2
893,1.15,11:16,134,112.2
894,1.15,10:43,135,112.9
895,1.16,11:33,135,112.9
896,1.16,11:52,135,112.2
897,1.16,12:04,135,112.2
898,1.16,11:45,135,112.2
899,1.16,11:58,135,112.2
900,1.16,11:16,136,112.2
901,1.16,11:16,137,112.2
902,1.17,11:45,137,112.2
903,1.17,12:32,137,112.2
904,1.17,12:32,137,112.2
905,1.17,13:24,137,112.2
906,1.17,13:41,137,112.2
907,1.17,13:41,137,112.2
908,1.17,12:53,136,112.2
909,1.17,12:18,136,112.2
910,1.18,12:04,135,112.2
911,1.18,11:45,135,112.2
912,1.18,11:27,135,112.2
913,1.18,11:16,135,112.2
914,1.18,11:27,134,112.2
915,1.18,11:39,134,112.2
916,1.18,12:25,134,112.2
917,1.18,12:46,134,111.5
918,1.19,13:41,133,111.5
919,1.19,14:25,133,111.5
920,1.19,13:24,132,111.5
921,1.19,13:08,132,111.5
922,1.19,14:07,132,112.2
923,1.19,14:16,132,112.2
924,1.19,14:44,132,112.2
925,1.19,14:25,131,112.2
926,1.2,13:49,131,111.5
927,1.2,13:16,131,111.5
928,1.2,12:46,131,111.5
929,1.2,11:45,131,111.5
930,1.2,11:58,132,111.5
931,1.2,12:04,132,111.5
932,1.2,11:39,133,111.5
933,1.21,11:45,133,111.5
934,1.21,12:18,133,111.5
935,1.21,12:18,132,111.5
936,1.21,12:18,131,110.9
937,1.21,12:11,131,110.9
938,1.21,11:52,132,110.9
939,1.21,11:45,132,110.9
940,1.22,12:18,131,110.9
941,1.22,12:11,132,110.2
942,1.22,12:25,132,110.2
943,1.22,12:46,132,110.2
944,1.22,13:01,133,110.2
945,1.22,12:46,133,110.2
946,1.22,11:39,133,109.6
947,1.23,11:27,133,109.6
948,1.23,11:45,133,109.6
949,1.23,11:16,132,109.6
950,1.23,11:16,131,109.6
951,1.23,12:25,130,109.6
952,1.23,12:18,129,109.6
953,1.23,11:45,126,108.9
954,1.23,11:58,126,109.6
955,1.24,12:18,127,109.6
956,1.24,12:11,123,108.9
957,1.24,12:32,120,108.9
958,1.24,13:01,120,108.9
959,1.24,13:08,120,108.3
960,1.24,13:01,120,108.3
961,1.24,12:53,120,108.3
962,1.24,12:46,120,108.3
963,1.25,12:53,121,108.3
964,1.25,12:53,123,108.3
965,1.25,12:32,123,108.3
966,1.25,12:32,123,108.3
967,1.25,12:32,123,107.6
968,1.25,12:39,123,107.6
969,1.25,12:53,124,107.6
970,1.26,13:32,125,107.6
971,1.26,13:32,124,107.6
972,1.26,12:46,124,107.6
973,1.26,12:18,124,107.6
974,1.26,12:11,124,107.6
975,1.26,11:33,124,107.6
976,1.26,11:39,124,107.6
977,1.26,12:39,125,107.6
978,1.27,12:04,124,107.6
979,1.27,11:27,124,107.6
980,1.27,11:52,125,107.6
981,1.27,12:04,124,107.6
982,1.27,12:18,126,107.0
983,1.27,12:32,126,107.0
984,1.27,12:53,126,107.6
985,1.28,12:39,127,107.6
986,1.28,12:32,127,107.6
987,1.28,11:58,128,107.6
988,1.28,12:11,129,107.6
989,1.28,12:18,130,107.6
990,1.28,11:52,132,107.0
991,1.28,11:33,132,107.0
992,1.29,11:52,133,106.3
993,1.29,11:58,133,106.3
994,1.29,11:52,134,106.3
995,1.29,11:58,133,106.3
996,1.29,11:10,134,106.3
997,1.29,10:43,133,105.6
998,1.29,11:05,133,105.6
999,1.3,11:21,132,106.3
1000,1.3,12:11,131,106.3
1001,1.3,14:34,132,105.6
1002,1.3,16:09,131,105.6
1003,1.3,15:35,131,105.6
1004,1.3,15:46,130,105.6
1005,1.3,15:04,131,105.6
1006,1.3,13:49,131,105.6
1007,1.3,12:46,131,105.6
1008,1.31,12:46,131,105.6
1009,1.31,11:45,130,105.0
1010,1.31,11:21,130,105.0
1011,1.31,10:54,130,105.0
1012,1.31,10:33,130,105.0
1013,1.31,10:43,131,105.0
1014,1.32,11:21,130,105.0
1015,1.32,12:04,130,105.0
1016,1.32,12:32,130,105.0
1017,1.32,13:01,129,105.0
1018,1.32,12:32,128,105.0
1019,1.32,12:32,128,105.0
1020,1.32,12:11,128,105.0
1021,1.32,12:04,129,105.0
1022,1.33,12:18,129,105.0
1023,1.33,12:11,129,105.0
1024,1.33,12:11,130,104.3
1025,1.33,12:39,131,104.3
1026,1.33,11:58,131,104.3
1027,1.33,11:45,131,103.7
1028,1.33,12:18,131,103.7
1029,1.34,12:04,133,103.7
1030,1.34,11:27,132,103.7
1031,1.34,11:52,131,103.7
1032,1.34,12:04,132,103.7
1033,1.34,12:04,131,103.7
1034,1.34,12:04,132,103.7
1035,1.34,12:04,131,103.0
1036,1.35,12:18,132,103.0
1037,1.35,11:58,133,103.0
1038,1.35,12:11,132,103.0
1039,1.35,12:18,132,103.0
1040,1.35,12:18,132,103.0
1041,1.35,12:32,132,103.0
1042,1.35,13:01,132,103.0
1043,1.35,13:08,132,103.0
1044,1.36,13:16,132,103.0
1045,1.36,13:24,132,103.0
1046,1.36,13:32,132,103.0
1047,1.36,12:46,132,103.0
1048,1.36,12:18,131,102.4
1049,1.36,12:11,131,102.4
1050,1.36,11:45,131,102.4
1051,1.37,11:16,130,102.4
1052,1.37,11:39,129,102.4
1053,1.37,11:21,130,102.4
1054,1.37,11:39,130,103.0
1055,1.37,12:04,129,103.0
1056,1.37,12:32,130,103.0
1057,1.37,12:46,129,103.0
1058,1.37,13:01,128,103.0
1059,1.38,13:01,129,103.0
1060,1.38,13:01,129,103.0
1061,1.38,12:39,130,102.4
1062,1.38,12:25,129,102.4
1063,1.38,12:25,129,102.4
1064,1.38,12:32,130,103.0
1065,1.38,13:01,131,103.0
1066,1.39,13:01,132,103.0
1067,1.39,13:49,133,103.0
1068,1.39,12:46,133,103.0
1069,1.39,11:52,133,103.0
1070,1.39,11:45,133,103.0
1071,1.39,12:18,132,103.0
1072,1.39,12:04,133,103.0
1073,1.39,13:41,133,103.0
1074,1.4,14:54,133,103.0
1075,1.4,14:25,133,102.4
1076,1.4,14:34,133,102.4
1077,1.4,14:16,134,102.4
1078,1.4,13:49,134,102.4
1079,1.4,14:54,134,102.4
1080,1.4,15:46,134,101.7
1081,1.4,15:35,136,101.7
1082,1.41,13:49,136,101.7
1083,1.41,12:46,136,101.7
1084,1.41,11:27,136,101.7
1085,1.41,11:10,136,101.7
1086,1.41,10:59,136,101.0
1087,1.41,11:27,136,101.0
1088,1.41,10:59,136,101.0
1089,1.42,10:18,137,101.0
1090,1.42,9:51,137,101.0
1091,1.42,9:26,137,101.0
1092,1.42,9:38,137,101.7
1093,1.42,10:54,137,101.0
1094,1.42,11:52,137,101.0
1095,1.42,12:46,137,101.0
1096,1.43,13:58,137,101.0
1097,1.43,13:41,137,100.4
1098,1.43,13:49,138,100.4
1099,1.43,13:41,137,100.4
1100,1.43,13:24,138,100.4
1101,1.43,12:25,139,100.4
1102,1.43,12:25,139,100.4
1103,1.44,11:21,140,100.4
1104,1.44,11:21,139,100.4
1105,1.44,11:10,139,100.4
1106,1.44,11:45,140,100.4
1107,1.44,12:18,140,100.4
1108,1.44,12:53,140,100.4
1109,1.44,13:01,140,99.7
1110,1.44,12:18,141,99.7
1111,1.45,12:04,141,99.7
1112,1.45,11:52,139,99.7
1113,1.45,11:52,140,99.7
1114,1.45,11:33,140,99.7
1115,1.45,11:45,140,99.7
1116,1.45,11:27,140,99.7
1117,1.45,11:27,140,99.7
1118,1.46,11:05,138,99.7
1119,1.46,11:21,138,99.7
1120,1.46,11:52,138,99.7
1121,1.46,12:18,137,99.7
1122,1.46,12:32,138,99.7
1123,1.46,13:08,137,99.7
1124,1.46,12:39,138,99.7
1125,1.47,12:25,138,99.7
1126,1.47,12:04,138,99.7
1127,1.47,11:58,138,99.7
1128,1.47,11:58,137,99.7
1129,1.47,12:46,137,99.7
1130,1.47,12:25,136,99.7
1131,1.47,13:32,136,99.7
1132,1.47,13:16,137,99.7
1133,1.48,12:53,137,99.7
1134,1.48,12:39,137,99.7
1135,1.48,12:53,138,99.7
1136,1.48,12:11,138,99.7
1137,1.48,12:11,139,99.7
1138,1.48,11:58,139,99.1
1139,1.48,11:52,140,99.1
1140,1.49,12:18,140,99.1
1141,1.49,11:52,141,99.1
1142,1.49,12:25,140,99.1
1143,1.49,12:18,140,99.1
1144,1.49,11:52,140,99.1
1145,1.49,11:45,140,99.1
1146,1.49,11:45,140,99.1
1147,1.5,11:21,140,99.1
1148,1.5,11:52,140,99.1
1161,1.5,187:34,139,97.8
1162,1.5,178:48,139,97.8
1163,1.5,98:15,140,97.8
1164,1.5,69:18,140,97.1
1165,1.5,56:20,140,97.1
1166,1.5,12:46,139,97.1
1167,1.51,11:58,139,96.5
1168,1.51,11:21,139,96.5
1169,1.51,10:09,140,97.1
1170,1.51,9:47,140,97.1
1171,1.51,9:51,140,97.1
1172,1.51,9:51,141,97.1
1173,1.51,10:05,141,97.1
1174,1.52,10:38,142,96.5
1175,1.52,10:33,143,96.5
1176,1.52,10:43,143,96.5
1177,1.52,11:05,143,96.5
1178,1.52,10:59,144,96.5
1179,1.52,11:05,144,96.5
1180,1.53,11:10,145,96.5
1181,1.53,11:05,146,95.8
1182,1.53,11:10,146,95.8
1183,1.53,11:21,146,95.1
1184,1.53,12:18,146,95.1
1185,1.53,12:11,146,95.1
1186,1.53,11:58,147,94.5
1187,1.54,11:58,148,94.5
1188,1.54,11:16,148,93.8
1189,1.54,10:43,148,93.8
1190,1.54,10:23,148,93.8
1191,1.54,10:00,149,93.8
1192,1.54,9:22,148,93.2
1193,1.55,9:30,147,93.2
1194,1.55,10:28,147,93.2
1195,1.55,11:16,148,92.5
1196,1.55,11:52,147,92.5
1197,1.55,13:41,147,92.5
1198,1.55,15:24,146,92.5
1199,1.55,13:41,147,92.5
1200,1.55,13:01,146,91.9
1201,1.56,13:41,145,91.9
1202,1.56,13:08,145,91.9
1203,1.56,12:25,145,91.9
1204,1.56,11:58,145,91.9
1205,1.56,12:11,145,91.9
1206,1.56,11:52,145,91.9
1207,1.56,11:39,145,91.9
1208,1.57,10:54,145,91.9
1209,1.57,11:05,146,92.5
1210,1.57,11:16,146,92.5
1211,1.57,12:04,146,92.5
1212,1.57,12:32,146,93.2
1213,1.57,14:34,145,93.2
1214,1.57,15:46,144,93.2
1215,1.57,15:35,144,93.2
1216,1.58,13:16,144,93.2
1217,1.58,12:32,143,93.2
1218,1.58,11:33,144,93.2
1219,1.58,11:21,144,93.2
1220,1.58,11:21,145,93.8
1221,1.58,12:04,145,93.8
1222,1.58,12:32,145,93.8
1223,1.59,13:01,146,93.8
1224,1.59,13:08,146,93.8
1225,1.59,13:49,145,94.5
1226,1.59,13:41,144,94.5
1227,1.59,13:41,145,95.1
1228,1.59,12:53,145,95.1
1229,1.59,12:11,145,95.1
1230,1.59,11:52,145,95.1
1231,1.6,11:33,146,95.1
1232,1.6,11:33,146,95.1
1233,1.6,12:11,146,95.1
1234,1.6,12:18,145,95.1
1235,1.6,12:04,145,95.8
1236,1.6,12:25,145,95.8
1237,1.6,11:45,145,96.5
1238,1.61,11:10,145,96.5
1239,1.61,11:05,145,96.5
1240,1.61,11:27,145,97.1
1241,1.61,11:39,145,97.1
1242,1.61,11:52,144,97.1
1243,1.61,12:18,145,97.1
1244,1.61,12:53,146,97.1
1245,1.62,11:52,146,97.8
1246,1.62,11:27,146,97.8
1247,1.62,10:59,147,98.4
1248,1.62,10:48,147,98.4
1249,1.62,10:28,147,99.1
1250,1.62,10:48,147,99.1
1251,1.62,10:43,148,99.1
1252,1.63,11:16,148,99.7
1253,1.63,11:21,149,99.7
1254,1.63,10:59,148,99.7
1255,1.63,10:43,148,100.4
1256,1.63,10:38,148,100.4
1257,1.63,10:33,149,100.4
1258,1.64,10:28,150,100.4
1259,1.64,10:38,150,99.7
1260,1.64,10:59,151,99.7
1261,1.64,10:23,150,99.7
1262,1.64,10:33,151,99.1
1263,1.64,10:18,151,99.1
1264,1.65,10:05,152,99.1
1265,1.65,10:00,152,99.1
1266,1.65,10:43,152,99.1
1267,1.65,10:28,152,99.1
1268,1.65,10:43,152,98.4
1269,1.65,10:59,153,98.4
1270,1.65,10:54,153,98.4
1271,1.66,10:59,153,98.4
1272,1.66,11:10,153,98.4
1273,1.66,11:10,153,98.4
1274,1.66,11:27,153,98.4
1275,1.66,11:39,153,98.4
1276,1.66,11:58,153,98.4
1277,1.66,11:58,154,98.4
1278,1.67,11:45,153,99.1
1279,1.67,11:05,153,99.1
1280,1.67,10:38,155,99.7
1281,1.67,10:23,154,99.7
1282,1.67,10:09,154,99.7
1283,1.67,10:00,154,99.7
1284,1.68,10:43,154,99.7
1285,1.68,11:21,154,99.1
1286,1.68,11:45,154,99.1
1287,1.68,12:39,154,99.1
1288,1.68,13:16,153,99.1
1289,1.68,12:53,153,98.4
1290,1.68,11:27,152,98.4
1291,1.69,10:43,153,98.4
1292,1.69,10:05,153,98.4
1293,1.69,10:05,152,98.4
1294,1.69,10:05,152,98.4
1295,1.69,11:21,153,98.4
1296,1.69,12:25,152,98.4
1297,1.69,12:32,152,98.4
1298,1.7,12:53,152,98.4
1299,1.7,12:53,151,98.4
1300,1.7,12:18,151,98.4
1301,1.7,11:21,152,98.4
1302,1.7,11:52,152,97.8
1303,1.7,11:39,152,97.8
1304,1.7,11:21,152,97.8
1305,1.71,11:10,153,97.8
1306,1.71,11:10,153,97.8
1307,1.71,10:59,153,97.8
1308,1.71,10:38,152,97.8
1309,1.71,10:43,152,97.8
1310,1.71,10:48,153,97.8
1311,1.72,10:28,153,97.8
1312,1.72,10:23,153,97.8
1313,1.72,10:23,152,97.1
1314,1.72,10:33,153,97.1
1315,1.72,10:59,153,97.1
1316,1.72,11:10,153,97.8
1317,1.72,11:16,153,97.8
1318,1.73,11:27,153,97.8
1319,1.73,12:25,153,97.8
1320,1.73,12:18,153,97.8
1321,1.73,12:46,152,97.8
1322,1.73,12:25,152,97.8
1323,1.73,13:16,151,97.8
1324,1.73,12:32,152,97.8
1325,1.73,12:04,152,97.8
1326,1.74,12:04,151,98.4
1327,1.74,12:53,151,98.4
1328,1.74,12:11,150,98.4
1329,1.74,12:04,150,98.4
1330,1.74,12:18,151,98.4
1331,1.74,12:11,151,98.4
1332,1.74,11:45,152,98.4
1333,1.75,11:27,151,98.4
1334,1.75,11:10,151,98.4
1335,1.75,10:48,151,98.4
1336,1.75,10:54,151,98.4
1337,1.75,10:38,151,98.4
1338,1.75,10:23,151,98.4
1339,1.76,10:33,151,98.4
1340,1.76,10:54,151,99.1
1341,1.76,11:05,151,99.1
1342,1.76,11:05,151,99.1
1343,1.76,11:10,151,99.1
1344,1.76,11:27,151,99.1
1345,1.76,11:21,152,99.7
1346,1.77,11:16,152,99.7
1347,1.77,12:04,151,99.7
1348,1.77,13:01,152,100.4
1349,1.77,12:46,152,100.4
1350,1.77,12:46,152,100.4
1351,1.77,12:46,153,100.4
1352,1.77,12:25,152,100.4
1353,1.77,11:58,152,100.4
1354,1.78,11:52,153,101.0
1355,1.78,12:11,153,101.0
1356,1.78,12:11,153,100.4
1357,1.78,11:27,153,100.4
1358,1.78,11:05,153,100.4
1359,1.78,10:59,154,100.4
1360,1.79,10:48,154,100.4
1361,1.79,10:59,153,101.0
1362,1.79,11:39,153,101.0
1363,1.79,12:04,154,101.0
1364,1.79,12:04,153,101.7
1365,1.79,11:52,153,101.7
1366,1.79,12:18,153,101.7
1367,1.79,12:18,153,101.7
1368,1.8,13:16,153,101.7
1369,1.8,13:24,153,101.7
1370,1.8,13:49,153,101.0
1371,1.8,13:01,152,101.0
1372,1.8,12:25,152,101.0
1373,1.8,12:11,152,101.0
1374,1.8,12:11,152,101.0
1375,1.8,12:18,151,101.0
1376,1.81,12:39,152,101.0
1377,1.81,12:46,152,101.0
1378,1.81,12:18,152,100.4
1379,1.81,11:58,152,100.4
1380,1.81,11:45,152,100.4
1381,1.81,11:27,153,100.4
1382,1.82,11:16,152,100.4
1383,1.82,10:54,152,100.4
1384,1.82,10:28,152,100.4
1385,1.82,10:05,152,100.4
1386,1.82,10:00,152,100.4
1387,1.82,10:33,152,100.4
1388,1.82,10:48,151,101.0
1389,1.83,11:33,152,101.0
1390,1.83,11:39,152,101.7
1391,1.83,11:33,152,101.7
1392,1.83,11:21,151,101.7
1393,1.83,11:10,152,102.4
1394,1.83,10:38,153,102.4
1395,1.84,10:28,153,102.4
1396,1.84,10:09,153,103.0
1397,1.84,10:00,153,103.0
1398,1.84,9:51,153,103.0
1399,1.84,10:00,153,103.0
1400,1.84,10:28,152,103.0
1401,1.84,10:59,149,103.0
1402,1.85,10:59,149,102.4
1403,1.85,11:16,149,102.4
1404,1.85,11:33,149,102.4
1405,1.85,11:16,149,102.4
1406,1.85,11:16,150,101.7
1407,1.85,11:21,150,101.7
1408,1.85,12:04,151,101.0
1409,1.86,12:25,151,101.0
1410,1.86,13:16,151,100.4
1411,1.86,13:24,150,100.4
1412,1.86,12:53,150,100.4
1413,1.86,12:04,150,100.4
1414,1.86,12:11,149,99.7
1415,1.86,11:52,149,99.7
1416,1.87,11:52,147,99.7
1417,1.87,11:58,147,99.7
1418,1.87,11:52,147,99.7
1419,1.87,11:21,147,99.7
1420,1.87,11:21,149,100.4
1421,1.87,11:27,150,100.4
1422,1.87,11:39,151,101.0
1423,1.88,11:39,152,101.7
1424,1.88,11:45,153,101.7
1425,1.88,11:52,155,102.4
1426,1.88,11:33,155,103.0
1427,1.88,12:04,156,103.7
1428,1.88,11:39,157,104.3
1429,1.88,12:04,156,105.0
1430,1.89,11:52,157,105.6
1431,1.89,12:11,157,106.3
1432,1.89,12:25,158,107.0
1433,1.89,13:24,158,107.6
1434,1.89,13:08,159,108.3
1435,1.89,12:46,159,108.9
1436,1.89,13:08,159,108.9
1437,1.89,12:32,160,109.6
1438,1.9,11:58,159,110.2
1439,1.9,11:39,159,110.2
1440,1.9,12:11,159,110.2
1441,1.9,11:52,160,110.2
1442,1.9,12:25,160,110.2
1443,1.9,13:16,159,109.6
1444,1.9,14:34,161,109.6
1445,1.9,15:14,160,108.9
1446,1.91,14:54,160,108.9
1447,1.91,14:16,160,108.3
1448,1.91,13:08,159,107.0
1449,1.91,11:58,159,106.3
1450,1.91,10:43,159,105.6
1451,1.91,10:33,158,105.0
1452,1.91,10:33,158,104.3
1453,1.92,10:54,158,104.3
1454,1.92,10:48,157,104.3
1455,1.92,11:21,157,104.3
1456,1.92,11:05,158,103.7
1457,1.92,10:59,158,103.7
1458,1.92,10:48,157,103.7
1459,1.93,10:59,157,103.7
1460,1.93,11:10,156,103.7
1461,1.93,11:27,156,103.7
1462,1.93,10:48,156,103.7
1463,1.93,10:59,157,103.0
1464,1.93,11:21,157,103.0
1465,1.93,11:39,158,103.0
1466,1.94,12:18,158,103.0
1467,1.94,13:01,157,103.0
1468,1.94,13:01,157,103.0
1469,1.94,12:25,157,103.0
1470,1.94,11:52,157,103.0
1471,1.94,11:21,156,103.0
1472,1.94,11:27,156,103.0
1473,1.95,11:21,157,103.0
1474,1.95,11:16,157,103.0
1475,1.95,11:10,157,103.0
1476,1.95,11:05,158,103.0
1477,1.95,10:48,158,103.0
1478,1.95,10:48,158,103.0
1479,1.95,10:28,157,103.0
1480,1.96,10:38,158,103.0
1481,1.96,10:38,158,102.4
1482,1.96,11:05,158,103.0
1483,1.96,11:10,159,103.0
1484,1.96,11:33,160,103.0
1485,1.96,11:39,159,103.0
1486,1.96,11:45,159,103.0
1487,1.97,11:16,159,102.4
1488,1.97,10:59,158,102.4
1489,1.97,10:48,158,102.4
1490,1.97,10:18,159,102.4
1491,1.97,10:43,158,102.4
1492,1.97,10:33,156,103.0
1493,1.98,10:59,156,103.0
1494,1.98,11:33,156,103.0
1495,1.98,12:04,156,103.0
1496,1.98,12:32,156,103.0
1497,1.98,13:16,155,103.0
1498,1.98,12:39,155,103.0
1499,1.98,12:32,155,103.0
1500,1.99,12:25,155,102.4
1501,1.99,11:45,156,102.4
1502,1.99,11:05,156,102.4
1503,1.99,10:43,156,102.4
1504,1.99,10:59,156,102.4
1505,1.99,10:38,155,102.4
1506,1.99,10:18,155,102.4
1507,2.0,11:05,155,101.7
1508,2.0,11:27,155,101.0
1509,2.0,11:33,156,101.0
1510,2.0,11:58,155,100.4
1511,2.0,12:18,155,99.1
1512,2.0,12:11,156,99.1
1513,2.0,13:08,156,98.4
1514,2.0,13:24,156,97.8
1515,2.01,15:35,155,97.8
1516,2.01,14:34,156,97.1
1517,2.01,12:46,156,97.1
1518,2.01,10:59,156,97.8
1519,2.01,10:09,156,97.8
1520,2.01,9:03,156,97.8
1521,2.02,9:00,156,97.8
1522,2.02,9:34,157,97.8
1523,2.02,10:23,156,97.8
1524,2.02,10:59,156,97.8
1525,2.02,11:27,156,97.8
1526,2.02,12:39,156,98.4
1527,2.02,11:39,155,99.1
1528,2.03,11:45,156,99.1
1529,2.03,10:54,155,99.1
1530,2.03,10:18,155,98.4
1531,2.03,9:38,155,98.4
1532,2.03,9:56,156,99.1
1533,2.03,9:43,156,99.1
1534,2.04,10:38,156,99.1
1535,2.04,11:05,157,99.1
1536,2.04,11:27,157,99.7
1537,2.04,12:32,157,99.7
1538,2.04,12:46,158,100.4
1539,2.04,12:32,159,101.0
1540,2.04,12:53,160,101.0
1541,2.05,12:39,159,101.0
1542,2.05,12:04,158,101.0
1543,2.05,11:58,158,101.7
1544,2.05,11:16,159,101.7
1545,2.05,11:10,158,101.7
1546,2.05,10:48,158,101.7
1547,2.05,11:10,158,101.7
1548,2.06,11:21,159,101.7
1549,2.06,11:21,160,102.4
1550,2.06,11:21,159,102.4
1551,2.06,12:04,159,103.0
1552,2.06,11:33,159,103.0
1553,2.06,11:58,160,103.0
1554,2.06,12:11,160,103.7
1555,2.07,11:39,159,103.7
1556,2.07,11:45,158,103.7
1557,2.07,11:52,159,103.7
1558,2.07,11:45,159,103.7
1559,2.07,11:52,159,103.7
1560,2.07,12:25,159,103.0
1561,2.07,12:11,158,103.0
1562,2.08,12:18,159,103.0
1563,2.08,12:04,157,103.0
1564,2.08,12:18,157,103.0
1565,2.08,11:45,157,103.0
1566,2.08,11:39,158,103.0
1567,2.08,11:16,158,103.0
1568,2.08,10:54,158,103.0
1569,2.09,10:33,158,102.4
1570,2.09,10:23,159,102.4
1571,2.09,10:33,159,102.4
1572,2.09,10:48,159,101.7
1573,2.09,10:54,159,101.7
1574,2.09,11:16,160,101.7
1575,2.09,11:21,159,101.0
1576,2.1,11:33,159,101.0
1577,2.1,12:25,159,100.4
1578,2.1,12:53,159,100.4
1579,2.1,12:46,159,100.4
1580,2.1,13:01,158,101.0
1581,2.1,12:39,158,101.0
1582,2.1,12:11,159,101.0
1583,2.11,12:04,158,101.0
1584,2.11,12:25,159,101.0
1585,2.11,12:32,160,101.0
1586,2.11,11:58,160,101.0
1587,2.11,11:39,159,101.0
1588,2.11,10:59,160,101.7
1589,2.11,10:14,161,101.7
1590,2.12,9:47,160,101.7
1591,2.12,9:47,159,101.7
1592,2.12,9:56,159,101.7
1593,2.12,10:28,160,101.0
1594,2.12,11:05,161,101.0
1595,2.12,11:45,161,101.0
1596,2.12,12:11,162,101.0
1597,2.13,11:39,162,101.0
1598,2.13,12:04,161,101.0
1599,2.13,11:27,161,101.0
1600,2.13,10:38,161,101.0
1601,2.13,10:48,161,101.0
1602,2.13,11:10,161,101.0
1603,2.14,10:43,160,101.0
1604,2.14,11:10,160,101.0
1605,2.14,12:32,160,101.0
1606,2.14,12:25,161,101.0
1607,2.14,11:52,161,101.0
1608,2.14,11:58,162,101.0
1609,2.14,11:52,163,100.4
1610,2.15,10:59,163,100.4
1611,2.15,10:43,162,100.4
1612,2.15,10:38,162,100.4
1613,2.15,10:18,161,100.4
1614,2.15,9:51,160,100.4
1615,2.15,9:51,160,100.4
1616,2.16,9:51,160,100.4
1617,2.16,10:33,160,101.0
1618,2.16,10:48,160,101.0
1619,2.16,11:21,161,101.0
1620,2.16,11:33,160,101.0
1621,2.16,11:52,160,101.0
1622,2.16,10:59,160,101.0
1623,2.17,10:38,160,101.0
1624,2.17,10:18,160,101.0
1625,2.17,10:23,160,101.0
1626,2.17,10:54,161,101.0
1627,2.17,11:45,161,101.0
1628,2.17,12:46,161,101.0
1629,2.17,13:01,161,101.0
1630,2.18,13:58,161,101.0
1631,2.18,12:53,161,101.0
1632,2.18,12:32,160,101.0
1633,2.18,11:39,160,101.0
1634,2.18,11:16,160,101.0
1635,2.18,10:09,161,100.4
1636,2.18,10:14,161,100.4
1637,2.19,9:38,161,100.4
1638,2.19,9:47,160,101.0
1639,2.19,10:14,161,101.0
1640,2.19,10:28,160,101.0
1641,2.19,10:48,160,101.0
1642,2.19,11:33,159,101.0
1643,2.2,11:58,159,101.0
1644,2.2,12:46,158,101.0
1645,2.2,12:53,159,101.0
1646,2.2,12:46,162,101.0
1647,2.2,12:18,162,101.0
1648,2.2,11:52,161,101.0
1649,2.2,11:10,159,101.0
1650,2.2,11:33,159,101.7
1651,2.21,11:21,160,101.7
1652,2.21,11:39,160,101.7
1653,2.21,11:45,160,101.7
1654,2.21,11:27,160,101.7
1655,2.21,10:48,160,101.7
1656,2.21,10:28,161,101.7
1657,2.22,10:28,161,102.4
1658,2.22,10:09,161,102.4
1659,2.22,10:23,161,102.4
1660,2.22,10:54,162,102.4
1661,2.22,10:43,162,102.4
1662,2.22,10:33,161,102.4
1663,2.23,11:05,160,102.4
1664,2.23,11:10,159,102.4
1665,2.23,11:10,159,102.4
1666,2.23,11:45,160,102.4
1667,2.23,12:04,160,102.4
1668,2.23,12:11,161,102.4
1669,2.23,11:52,161,102.4
1670,2.23,12:32,162,103.0
1671,2.24,13:16,162,103.0
1672,2.24,13:24,161,103.0
1673,2.24,14:07,160,103.0
1674,2.24,16:09,160,103.7
1675,2.24,16:09,160,103.7
1676,2.24,14:25,164,103.7
1677,2.24,13:58,165,103.7
1678,2.24,12:32,165,103.7
1679,2.25,11:05,164,103.0
1680,2.25,10:43,163,103.0
1681,2.25,11:16,159,103.0
1682,2.25,10:48,159,103.0
1683,2.25,11:21,158,103.0
1684,2.25,11:45,158,103.0
1685,2.25,11:52,158,103.0
1686,2.26,11:52,158,103.7
1687,2.26,12:25,159,103.7
1688,2.26,12:39,158,103.7
1689,2.26,12:11,157,104.3
1690,2.26,11:21,157,104.3
1691,2.26,11:05,158,104.3
1692,2.26,11:10,158,104.3
1693,2.27,10:28,157,104.3
1694,2.27,10:33,157,104.3
1695,2.27,10:59,157,104.3
1696,2.27,11:16,156,104.3
1697,2.27,11:05,156,105.0
1698,2.27,10:48,156,105.0
1699,2.28,10:59,157,105.0
1700,2.28,10:59,157,105.0
1701,2.28,10:43,157,105.0
1702,2.28,10:33,157,105.0
1703,2.28,11:21,157,105.0
1704,2.28,11:33,157,105.0
1705,2.28,11:27,157,105.0
1706,2.29,11:33,158,105.6
1707,2.29,11:45,158,105.6
1708,2.29,11:33,160,105.6
1709,2.29,10:54,159,105.6
1710,2.29,10:14,159,105.6
1711,2.29,9:34,159,105.6
1712,2.3,9:34,159,105.6
1713,2.3,9:14,156,105.6
1714,2.3,9:14,156,106.3
1715,2.3,9:38,156,106.3
1716,2.3,10:43,156,106.3
1717,2.3,11:10,156,106.3
1718,2.3,11:58,156,106.3
1719,2.31,12:53,157,107.0
1720,2.31,13:32,156,107.0
1721,2.31,12:46,157,107.6
1722,2.31,12:04,157,107.6
1723,2.31,11:58,156,107.6
1724,2.31,12:04,156,108.3
1725,2.31,12:11,155,108.3
1726,2.32,12:53,156,108.9
1727,2.32,13:24,157,108.9
1728,2.32,12:53,158,109.6
1729,2.32,13:01,158,110.2
1730,2.32,12:46,157,110.2
1731,2.32,12:32,158,110.9
1732,2.32,13:01,158,111.5
1733,2.32,14:25,158,111.5
1734,2.32,14:25,159,112.2
1735,2.33,16:58,158,112.2
1736,2.33,16:58,159,112.9
1737,2.33,16:33,159,112.9
1738,2.33,15:14,160,113.5
1739,2.33,13:24,161,113.5
1740,2.33,11:27,161,114.2
1741,2.33,11:10,159,114.2
1742,2.34,10:54,160,114.2
1743,2.34,10:33,160,114.2
1744,2.34,10:48,160,114.2
1745,2.34,10:48,159,114.8
1746,2.34,9:43,159,114.8
1747,2.34,9:30,159,114.8
1748,2.35,9:18,159,114.8
1749,2.35,9:00,159,114.2
1750,2.35,8:42,159,114.2
1751,2.35,8:49,158,114.2
1752,2.35,8:45,158,114.2
1753,2.36,9:07,159,113.5
1754,2.36,9:43,160,113.5
1755,2.36,10:33,161,112.9
1756,2.36,11:33,160,112.2
1757,2.36,11:52,160,112.2
1758,2.36,11:58,161,111.5
1759,2.36,11:58,160,110.9
1760,2.37,11:21,160,110.9
1761,2.37,11:33,160,110.2
1762,2.37,11:33,160,109.6
1763,2.37,11:45,161,108.9
1764,2.37,11:45,161,108.9
1765,2.37,11:21,161,108.3
1766,2.37,10:43,161,107.6
1767,2.38,10:33,160,107.6
1768,2.38,10:00,161,107.0
1769,2.38,9:47,158,106.3
1770,2.38,9:51,159,106.3
1771,2.38,10:23,159,106.3
1772,2.38,10:43,157,106.3
1773,2.38,11:10,157,106.3
1774,2.39,11:16,158,106.3
1775,2.39,11:58,158,106.3
1776,2.39,12:32,157,105.6
1777,2.39,12:11,157,105.6
1778,2.39,11:39,157,106.3
1779,2.39,11:52,156,106.3
1780,2.4,11:10,157,107.0
1781,2.4,10:33,157,107.0
1782,2.4,10:38,157,107.0
1783,2.4,10:43,156,107.0
1784,2.4,11:05,156,107.0
1785,2.4,11:33,156,107.0
1786,2.4,11:52,155,107.6
1787,2.41,12:11,155,107.6
1788,2.41,12:11,155,107.6
1789,2.41,11:52,158,107.6
1790,2.41,11:39,160,107.0
1791,2.41,11:39,159,107.0
1792,2.41,11:45,158,107.0
1793,2.41,11:39,157,107.0
1794,2.42,11:45,156,107.0
1795,2.42,12:11,156,107.6
1796,2.42,11:52,156,107.6
1797,2.42,11:39,158,107.6
1798,2.42,11:39,160,107.6
1799,2.42,11:27,158,107.6
1800,2.42,11:33,159,107.6
1801,2.43,11:33,158,107.6
1802,2.43,11:52,158,107.6
1803,2.43,12:18,158,107.6
1804,2.43,12:46,159,107.6
1805,2.43,12:25,160,107.6
1806,2.43,12:11,160,107.6
1807,2.43,11:45,159,107.6
1808,2.43,11:33,159,107.6
1809,2.44,10:48,159,107.6
1810,2.44,10:38,159,107.6
1811,2.44,10:33,159,107.6
1812,2.44,10:14,159,107.6
1813,2.44,10:43,159,108.3
1814,2.44,10:48,159,108.3
1815,2.45,11:05,158,108.3
1816,2.45,11:16,158,108.3
1817,2.45,11:58,158,108.3
1818,2.45,11:27,157,108.3
1819,2.45,12:11,157,108.3
1820,2.45,12:11,156,108.3
1821,2.45,13:32,157,108.9
1822,2.45,14:07,157,108.9
1823,2.46,14:34,156,108.9
1824,2.46,15:04,156,109.6
1825,2.46,14:54,156,109.6
1826,2.46,13:58,155,109.6
1827,2.46,13:24,156,109.6
1828,2.46,12:46,156,109.6
1829,2.46,12:32,156,110.2
1830,2.46,12:18,157,110.2
1831,2.47,11:05,157,110.2
1832,2.47,10:38,157,110.9
1833,2.47,10:23,157,110.9
1834,2.47,10:00,158,110.2
1835,2.47,10:38,157,110.2
1836,2.47,11:27,157,110.2
1837,2.48,12:04,157,110.2
1838,2.48,12:18,157,110.2
1839,2.48,11:58,157,110.9
1840,2.48,11:05,157,110.9
1841,2.48,10:48,157,110.9
1842,2.48,10:14,155,110.9
1843,2.49,10:09,156,110.9
1844,2.49,10:00,157,110.2
1845,2.49,9:56,155,110.9
1846,2.49,9:38,155,110.9
1847,2.49,10:09,156,110.9
1848,2.49,10:38,156,110.9
1849,2.49,11:33,155,110.9
1850,2.5,11:58,156,110.9
1851,2.5,13:01,156,110.9
1852,2.5,12:11,156,110.9
1853,2.5,11:52,156,110.9
1854,2.5,10:54,156,110.9
1855,2.5,10:38,156,110.9
1856,2.5,10:43,156,110.9
1857,2.51,10:43,156,111.5
1858,2.51,10:48,155,111.5
1859,2.51,11:27,155,111.5
1860,2.51,11:58,155,111.5
1861,2.51,11:33,155,111.5
1862,2.51,11:39,154,111.5
1863,2.51,11:39,154,112.2
1864,2.52,11:45,156,112.2
1865,2.52,11:58,156,112.2
1866,2.52,12:11,156,112.2
1867,2.52,12:39,156,112.2
1868,2.52,13:41,156,112.9
1869,2.52,13:08,157,112.9
1870,2.52,11:45,156,112.9
1871,2.53,11:33,156,112.9
1872,2.53,11:16,157,112.9
1873,2.53,10:59,158,112.9
1874,2.53,10:43,158,112.9
1875,2.53,11:33,158,112.9
1876,2.53,11:10,158,112.9
1877,2.53,11:10,159,113.5
1878,2.54,10:33,159,113.5
1879,2.54,10:38,159,113.5
1880,2.54,10:28,160,113.5
1881,2.54,10:18,160,113.5
1882,2.54,10:09,160,113.5
1883,2.54,10:05,159,113.5
1884,2.55,10:54,161,113.5
1885,2.55,11:10,159,113.5
1886,2.55,12:04,160,113.5
1887,2.55,12:32,161,113.5
1888,2.55,12:46,160,114.2
1889,2.55,12:18,159,114.2
1890,2.55,11:58,159,114.2
1891,2.56,11:33,159,114.2
1892,2.56,11:10,161,114.2
1893,2.56,10:59,161,114.2
1894,2.56,10:33,160,114.2
1895,2.56,10:23,159,114.2
1896,2.56,10:14,160,114.2
1897,2.57,10:09,160,114.2
1898,2.57,10:33,160,114.2
1899,2.57,10:48,160,114.8
1900,2.57,11:10,161,114.8
1901,2.57,11:16,161,114.8
1902,2.57,11:10,161,114.8
1903,2.57,10:48,161,114.8
1904,2.58,11:10,161,114.8
1905,2.58,10:54,161,114.8
1906,2.58,11:16,161,114.8
1907,2.58,11:45,161,114.8
1908,2.58,11:58,161,114.8
1909,2.58,11:39,160,114.8
1910,2.58,12:11,159,114.8
1911,2.59,12:18,158,115.5
1912,2.59,12:25,158,115.5
1913,2.59,11:58,157,115.5
1914,2.59,11:45,158,115.5
1915,2.59,11:33,159,115.5
1916,2.59,11:10,159,114.8
1917,2.59,10:54,159,114.8
1918,2.6,11:16,158,114.8
1919,2.6,11:21,158,115.5
1920,2.6,11:27,158,115.5
1921,2.6,11:45,157,115.5
1922,2.6,12:11,157,116.1
1923,2.6,12:46,159,116.1
1924,2.6,12:32,158,116.1
1925,2.61,12:39,158,116.1
1926,2.61,12:53,156,116.1
1927,2.61,12:32,156,116.1
1928,2.61,11:52,156,116.1
1929,2.61,11:52,157,116.1
1930,2.61,11:21,157,116.1
1931,2.61,10:59,157,116.8
1932,2.62,10:38,158,116.8
1933,2.62,10:38,160,116.8
1934,2.62,11:05,159,116.8
1935,2.62,11:21,159,116.8
1936,2.62,11:27,159,116.8
1937,2.62,11:45,159,116.8
1938,2.62,11:52,158,117.5
1939,2.63,11:39,158,117.5
1940,2.63,11:39,157,117.5
1941,2.63,11:58,157,118.1
1942,2.63,13:08,157,118.1
1943,2.63,13:16,158,118.1
1944,2.63,13:16,157,118.1
1945,2.63,13:16,157,118.1
1946,2.63,12:32,157,118.1
1947,2.64,12:04,158,118.8
1948,2.64,12:25,158,118.8
1949,2.64,12:11,157,118.8
1950,2.64,12:25,157,118.8
1951,2.64,12:46,158,118.8
1952,2.64,12:39,158,119.4
1953,2.64,12:11,157,119.4
1954,2.65,12:04,158,119.4
1955,2.65,11:21,157,119.4
1956,2.65,11:21,157,119.4
1957,2.65,11:16,157,119.4
1958,2.65,11:27,157,119.4
1959,2.65,11:52,157,120.1
1960,2.65,13:24,158,120.1
1961,2.65,14:16,158,120.1
1962,2.66,14:34,159,120.7
1963,2.66,14:54,159,120.7
1964,2.66,15:04,160,120.7
1965,2.66,14:16,159,120.7
1966,2.66,12:53,160,120.7
1967,2.66,12:11,159,120.7
1968,2.66,11:58,159,120.7
1969,2.67,11:27,158,120.7
1970,2.67,10:59,159,121.4
1971,2.67,11:16,158,121.4
1972,2.67,11:39,158,121.4
1973,2.67,11:16,158,121.4
1974,2.67,10:59,158,121.4
1975,2.67,10:54,160,122.0
1976,2.68,10:28,159,122.0
1977,2.68,10:14,160,122.0
1978,2.68,10:18,159,122.0
1979,2.68,10:38,159,122.7
1980,2.68,10:18,161,122.7
1981,2.68,10:18,161,123.4
1982,2.69,10:33,162,123.4
1983,2.69,10:09,161,123.4
1984,2.69,10:14,160,124.0
1985,2.69,10:38,161,124.0
1986,2.69,11:05,162,124.0
1987,2.69,10:43,162,124.0
1988,2.7,11:05,161,124.0
1989,2.7,10:38,161,124.0
1990,2.7,10:14,161,124.7
1991,2.7,10:05,161,124.7
1992,2.7,10:14,162,124.7
1993,2.7,10:18,162,124.7
1994,2.7,10:23,162,125.3
1995,2.71,10:33,163,125.3
1996,2.71,10:23,163,125.3
1997,2.71,10:05,163,125.3
1998,2.71,10:05,163,125.3
1999,2.71,10:18,163,125.3
2000,2.71,10:23,163,125.3
2001,2.72,10:48,164,125.3
2002,2.72,11:05,164,126.0
2003,2.72,11:16,163,126.0
2004,2.72,11:27,163,126.0
2005,2.72,11:33,163,126.0
2006,2.72,11:33,162,126.6
2007,2.72,11:52,163,126.6
2008,2.73,11:45,163,126.6
2009,2.73,11:27,163,126.6
2010,2.73,11:27,164,126.0
2011,2.73,11:33,164,126.0
2012,2.73,11:33,165,126.0
2013,2.73,11:27,165,126.0
2014,2.73,11:27,165,126.6
2015,2.74,11:39,165,126.6
2016,2.74,11:39,166,127.3
2017,2.74,11:27,165,127.3
2018,2.74,11:33,165,127.3
2019,2.74,11:27,166,127.3
2020,2.74,11:16,166,127.3
2021,2.74,11:10,166,127.3
2022,2.75,10:59,166,127.3
2023,2.75,10:43,166,127.3
2024,2.75,10:38,166,127.3
2025,2.75,10:33,166,127.3
2026,2.75,10:43,166,127.3
2027,2.75,10:33,166,128.0
2028,2.76,10:33,165,128.0
2029,2.76,10:28,165,128.0
2030,2.76,10:54,166,127.3
2031,2.76,10:48,165,128.0
2032,2.76,10:59,165,128.0
2033,2.76,10:54,165,128.0
2034,2.76,11:27,164,128.6
2035,2.77,10:48,164,128.6
2036,2.77,10:18,165,128.6
2037,2.77,10:09,164,128.6
2038,2.77,10:23,166,128.6
2039,2.77,10:28,165,128.6
2040,2.77,11:21,165,128.6
2041,2.78,12:11,164,128.6
2042,2.78,13:16,165,128.6
2043,2.78,12:46,165,128.6
2044,2.78,11:58,165,129.3
2045,2.78,11:21,166,129.3
2046,2.78,10:28,166,129.3
2047,2.78,10:00,166,129.3
2048,2.79,10:38,166,129.3
2049,2.79,11:27,166,129.3
2050,2.79,11:39,166,129.3
2051,2.79,12:25,166,129.3
2052,2.79,12:18,167,129.3
2053,2.79,11:27,167,129.3
2054,2.8,10:33,168,129.3
2055,2.8,10:28,168,129.3
2056,2.8,10:38,166,129.9
2057,2.8,10:18,166,129.9
2058,2.8,10:59,166,129.9
2059,2.8,11:33,165,129.9
2060,2.8,11:10,165,129.9
2061,2.81,10:48,166,129.9
2062,2.81,12:32,166,129.9
2063,2.81,12:18,166,129.9
2064,2.81,12:11,166,129.9
2065,2.81,11:33,166,129.9
2066,2.81,10:23,167,130.6
2067,2.82,9:22,167,130.6
2068,2.82,9:11,167,130.6
2069,2.82,8:56,168,131.2
2070,2.82,9:38,168,131.2
2071,2.82,10:43,168,131.9
2072,2.82,11:16,169,131.9
2073,2.82,11:33,169,132.5
2074,2.83,11:52,168,133.2
2075,2.83,11:58,169,133.2
2076,2.83,11:58,168,133.9
2077,2.83,11:33,168,133.9
2078,2.83,11:21,169,133.9
2079,2.83,11:16,169,134.5
2080,2.83,10:43,169,134.5
2081,2.84,10:23,169,134.5
2082,2.84,10:05,169,133.9
2083,2.84,9:47,170,133.9
2084,2.84,9:56,170,133.2
2085,2.84,10:14,170,132.5
2086,2.84,10:23,169,132.5
2087,2.85,10:48,169,132.5
2088,2.85,11:27,169,131.9
2089,2.85,10:38,170,131.9
2090,2.85,10:33,169,131.2
2091,2.85,10:23,170,131.2
2092,2.85,10:18,169,131.2
2093,2.86,10:00,170,130.6
2094,2.86,10:48,170,130.6
2095,2.86,10:33,169,130.6
2096,2.86,10:43,170,130.6
2097,2.86,10:33,169,130.6
2098,2.86,10:43,169,130.6
2099,2.86,10:28,169,129.9
2100,2.87,11:16,169,129.9
2101,2.87,11:58,169,129.9
2102,2.87,12:39,170,129.3
2103,2.87,12:53,169,129.3
2104,2.87,12:53,170,129.3
2105,2.87,11:52,169,129.3
2106,2.87,10:59,168,129.3
2107,2.88,10:38,168,129.3
2108,2.88,9:51,168,129.3
2109,2.88,9:47,168,129.3
2110,2.88,9:51,168,129.3
2111,2.88,9:47,167,129.3
2112,2.88,9:38,167,129.3
2113,2.89,9:34,168,129.3
2114,2.89,9:56,168,129.9
2115,2.89,10:23,168,129.9
2116,2.89,11:33,168,129.9
2117,2.89,11:52,167,129.9
2118,2.89,12:53,167,129.9
2119,2.89,12:18,167,129.9
2120,2.9,12:04,167,129.3
2121,2.9,10:38,167,129.9
2122,2.9,10:00,167,129.9
2123,2.9,9:38,167,129.9
2124,2.9,9:22,167,129.9
2125,2.91,9:07,166,129.9
2126,2.91,9:30,166,129.9
2127,2.91,9:43,167,129.9
2128,2.91,10:14,166,129.9
2129,2.91,11:21,167,129.9
2130,2.91,11:52,166,129.9
2131,2.91,12:11,166,130.6
2132,2.92,11:58,166,130.6
2133,2.92,11:27,166,130.6
2134,2.92,10:09,165,130.6
2135,2.92,9:43,165,130.6
2136,2.92,9:22,164,131.2
2137,2.92,9:30,164,131.2
2138,2.93,9:26,165,131.2
2139,2.93,10:18,165,131.2
2140,2.93,10:59,165,131.2
2141,2.93,11:39,166,131.2
2142,2.93,12:25,165,131.2
2143,2.93,13:49,165,131.2
2144,2.93,13:24,164,131.2
2145,2.94,12:11,164,131.2
2146,2.94,11:27,163,131.2
2147,2.94,11:21,163,131.9
2148,2.94,10:59,162,131.9
2149,2.94,10:59,162,131.9
2150,2.94,11:10,162,131.9
2151,2.94,11:21,161,132.5
2152,2.95,10:43,161,132.5
2153,2.95,10:33,161,132.5
2154,2.95,11:05,160,132.5
2155,2.95,11:16,160,132.5
2156,2.95,10:43,160,133.2
2157,2.95,12:04,160,133.2
2158,2.95,12:32,160,133.2
2159,2.96,11:45,160,133.2
2160,2.96,12:18,160,133.2
2161,2.96,12:32,160,133.2
2162,2.96,11:05,161,133.2
2163,2.96,10:28,160,133.2
2164,2.96,9:47,159,133.2
2165,2.97,9:22,157,133.2
2166,2.97,9:47,153,133.2
2167,2.97,10:23,151,133.2
2168,2.97,10:28,148,133.2
2169,2.97,11:45,147,133.9
2170,2.97,11:33,145,133.9
2171,2.97,11:33,146,133.9
2172,2.98,11:16,146,133.9
2173,2.98,10:59,146,134.5
2174,2.98,11:21,146,134.5
2175,2.98,12:04,146,134.5
2176,2.98,11:45,146,134.5
2177,2.98,11:58,146,135.2
2178,2.98,12:25,146,135.2
2179,2.99,11:21,146,135.2
2180,2.99,11:16,146,135.2
2181,2.99,11:52,146,135.2
2182,2.99,11:39,146,135.2
2183,2.99,12:11,146,135.2
2184,2.99,12:46,145,135.8
2185,2.99,12:11,146,135.8
2186,3.0,11:27,146,135.8
2187,3.0,11:27,146,135.8
2188,3.0,10:54,146,135.8
2189,3.0,10:09,147,135.8
2190,3.0,10:28,147,135.2
2191,3.0,11:10,148,135.2
2192,3.0,11:21,148,135.2
2193,3.01,11:05,149,135.8
2194,3.01,11:27,150,135.8
2195,3.01,11:21,151,135.8
2196,3.01,10:38,153,135.8
2197,3.01,10:33,155,135.8
2198,3.01,10:59,157,135.8
2199,3.02,11:21,158,136.5
2200,3.02,11:52,160,136.5
2201,3.02,12:39,161,136.5
2202,3.02,13:01,162,136.5
2203,3.02,12:53,162,136.5
2204,3.02,12:39,163,136.5
2205,3.02,11:58,163,136.5
2206,3.03,11:16,163,136.5
2207,3.03,10:43,163,136.5
2208,3.03,10:54,162,136.5
2209,3.03,11:10,161,136.5
2210,3.03,11:16,160,137.1
2211,3.03,11:39,160,137.1
2212,3.03,11:39,160,137.1
2213,3.04,11:33,161,137.1
2214,3.04,11:05,161,137.1
2215,3.04,10:33,161,137.1
2216,3.04,10:33,161,137.1
2217,3.04,10:33,162,137.1
2218,3.04,10:33,162,137.1
2219,3.04,10:38,161,137.8
2220,3.05,11:05,160,137.8
2221,3.05,10:54,160,137.8
2222,3.05,10:59,160,137.8
2223,3.05,10:23,160,137.8
2224,3.05,10:18,159,137.8
2225,3.05,10:09,160,137.8
2226,3.06,10:23,159,138.5
2227,3.06,10:33,159,138.5
2228,3.06,11:05,159,138.5
2229,3.06,11:27,159,138.5
2230,3.06,12:11,159,138.5
2231,3.06,11:58,159,138.5
2232,3.06,12:11,160,138.5
2233,3.07,12:11,161,138.5
2234,3.07,12:04,162,138.5
2235,3.07,11:58,161,138.5
2236,3.07,12:11,161,138.5
2237,3.07,11:45,161,139.1
2238,3.07,12:11,162,139.1
2239,3.07,12:04,162,139.1
2240,3.08,11:33,160,139.1
2241,3.08,11:16,160,139.1
2242,3.08,11:10,161,139.1
2243,3.08,10:18,161,139.1
2244,3.08,10:23,161,139.1
2245,3.08,11:10,161,139.1
2246,3.08,11:10,161,139.1
2247,3.09,11:27,162,139.1
2248,3.09,11:58,162,139.8
2249,3.09,11:58,161,139.8
2250,3.09,11:16,161,139.8
2251,3.09,11:33,160,139.8
2252,3.09,11:05,160,139.8
2253,3.09,11:21,160,139.8
2254,3.1,11:16,161,139.8
2255,3.1,11:05,161,139.8
2256,3.1,10:43,161,139.8
2257,3.1,10:48,161,139.8
2258,3.1,10:28,162,139.1
2259,3.1,10:38,162,139.1
2260,3.11,10:48,162,139.8
2261,3.11,10:54,163,139.8
2262,3.11,11:39,163,139.8
2263,3.11,11:45,163,139.8
2264,3.11,11:39,163,139.8
2265,3.11,11:58,163,139.8
2266,3.11,11:21,164,140.4
2267,3.12,11:21,164,140.4
2268,3.12,12:04,163,140.4
2269,3.12,11:33,164,139.8
2270,3.12,11:27,163,139.8
2271,3.12,12:04,163,139.1
2272,3.12,11:21,163,139.1
2273,3.12,11:05,163,139.1
2274,3.13,11:33,163,139.1
2275,3.13,11:05,163,139.1
2276,3.13,11:16,163,139.1
2277,3.13,11:16,164,139.1
2278,3.13,11:05,164,139.1
2279,3.13,11:33,165,139.1
2280,3.13,11:33,164,139.1
2281,3.14,11:21,164,139.1
2282,3.14,11:16,164,139.1
2283,3.14,10:54,164,139.1
2284,3.14,10:33,164,138.5
2285,3.14,10:48,164,138.5
2286,3.14,10:54,164,138.5
2287,3.15,11:21,164,138.5
2288,3.15,11:33,164,138.5
2289,3.15,11:16,164,138.5
2290,3.15,11:33,164,139.1
2291,3.15,11:27,165,138.5
2292,3.15,11:10,165,138.5
2293,3.15,11:27,165,138.5
2294,3.16,11:16,165,139.1
2295,3.16,10:59,165,139.1
2296,3.16,10:14,166,139.1
2297,3.16,10:23,166,139.1
2298,3.16,10:09,165,138.5
2299,3.16,10:28,166,138.5
2300,3.16,10:33,166,138.5
2301,3.17,11:27,166,138.5
2302,3.17,11:45,165,139.1
2303,3.17,12:25,166,139.1
2304,3.17,12:04,166,139.1
2305,3.17,11:58,166,139.1
2306,3.17,11:39,167,139.1
2307,3.17,11:33,166,138.5
2308,3.18,10:59,166,138.5
2309,3.18,11:27,165,138.5
2310,3.18,11:39,164,138.5
2311,3.18,11:45,164,138.5
2312,3.18,11:45,165,138.5
2313,3.18,11:33,165,138.5
2314,3.19,10:43,164,138.5
2315,3.19,10:18,165,138.5
2316,3.19,9:43,165,138.5
2317,3.19,9:22,165,138.5
2318,3.19,9:26,165,138.5
2319,3.19,9:43,165,137.8
2320,3.2,10:09,165,137.8
2321,3.2,10:59,166,137.8
2322,3.2,11:10,167,137.8
2323,3.2,11:05,168,137.8
2324,3.2,10:48,168,137.8
2325,3.2,10:43,168,137.8
2326,3.2,10:23,168,137.8
2327,3.21,10:14,167,137.8
2328,3.21,10:14,167,137.8
2329,3.21,10:28,168,137.1
2330,3.21,10:09,168,137.1
2331,3.21,10:28,168,137.1
2332,3.21,10:28,168,137.1
2333,3.22,10:43,168,137.1
2334,3.22,10:43,168,137.1
2335,3.22,10:43,168,137.1
2336,3.22,10:43,167,137.1
2337,3.22,10:59,168,137.8
2338,3.22,10:59,167,137.8
2339,3.23,10:54,167,137.8
2340,3.23,10:54,168,137.1
2341,3.23,10:54,167,137.1
2342,3.23,10:48,166,137.1
2343,3.23,10:33,166,137.1
2344,3.23,10:38,167,137.1
2345,3.23,10:54,166,137.1
2346,3.24,10:43,167,137.1
2347,3.24,10:09,166,137.1
2348,3.24,10:14,166,136.5
2349,3.24,10:43,167,137.1
2350,3.24,10:38,168,137.1
2351,3.24,10:38,168,136.5
2352,3.25,11:33,169,136.5
2353,3.25,10:59,168,136.5
2354,3.25,10:18,168,136.5
2355,3.25,10:18,167,136.5
2356,3.25,10:05,167,136.5
2357,3.25,9:38,168,136.5
2358,3.26,10:14,168,136.5
2359,3.26,10:38,167,136.5
2360,3.26,10:59,168,136.5
2361,3.26,11:21,168,136.5
2362,3.26,12:18,167,136.5
2363,3.26,11:45,167,135.8
2364,3.26,11:39,168,135.8
2365,3.27,10:54,168,135.8
2366,3.27,10:48,168,136.5
2367,3.27,10:14,168,136.5
2368,3.27,10:18,168,136.5
2369,3.27,10:18,168,135.8
2370,3.27,10:38,168,135.8
2371,3.27,11:10,168,135.8
2372,3.28,11:21,168,136.5
2373,3.28,11:27,168,136.5
2374,3.28,11:21,169,136.5
2375,3.28,11:21,168,136.5
2376,3.28,10:43,168,136.5
2377,3.28,10:33,168,136.5
2378,3.29,10:54,168,136.5
2379,3.29,11:10,168,136.5
2380,3.29,11:39,168,136.5
2381,3.29,13:01,168,136.5
2382,3.29,13:32,169,136.5
2383,3.29,14:07,169,136.5
2384,3.29,13:16,168,136.5
2385,3.29,13:24,168,136.5
2386,3.3,12:18,167,136.5
2387,3.3,11:52,167,136.5
2388,3.3,11:16,166,136.5
2389,3.3,11:52,166,136.5
2390,3.3,10:59,167,137.1
2391,3.3,10:43,166,136.5
2392,3.31,10:09,166,136.5
2393,3.31,9:51,167,136.5
2394,3.31,10:00,166,136.5
2395,3.31,10:18,166,136.5
2396,3.31,10:48,166,136.5
2397,3.31,11:45,166,136.5
2398,3.31,12:18,166,136.5
2399,3.31,12:32,165,136.5
2400,3.32,12:53,165,136.5
2401,3.32,12:32,165,136.5
2402,3.32,12:18,165,136.5
2403,3.32,12:18,165,136.5
2404,3.32,11:33,165,135.8
2405,3.32,11:21,165,135.8
2406,3.33,10:48,165,135.8
2407,3.33,10:28,165,135.8
2408,3.33,10:23,165,135.8
2409,3.33,10:14,165,135.8
2410,3.33,10:09,165,135.8
2411,3.33,10:14,165,135.8
2412,3.33,10:38,165,135.8
2413,3.34,10:38,166,135.8
2414,3.34,11:27,166,135.8
2415,3.34,11:33,165,135.8
2416,3.34,12:11,166,136.5
2417,3.34,11:58,166,136.5
2418,3.34,12:39,165,135.8
2419,3.34,11:27,165,135.8
2420,3.35,11:16,165,135.2
2421,3.35,11:10,164,135.2
2422,3.35,11:16,164,135.2
2423,3.35,10:48,163,135.2
2424,3.35,10:48,163,135.2
2425,3.35,10:28,164,135.2
2426,3.36,10:09,163,135.2
2427,3.36,9:30,163,134.5
2428,3.36,9:11,163,134.5
2429,3.36,9:00,163,134.5
2430,3.36,9:22,163,134.5
2431,3.36,9:43,165,134.5
2432,3.37,10:09,165,134.5
2433,3.37,10:09,165,134.5
2434,3.37,10:43,165,135.2
2435,3.37,10:23,166,134.5
2436,3.37,10:05,166,134.5
2437,3.37,10:18,166,134.5
2438,3.38,10:33,167,134.5
2439,3.38,10:38,167,134.5
2440,3.38,10:48,167,134.5
2441,3.38,11:39,168,134.5
2442,3.38,11:33,168,134.5
2443,3.38,11:21,168,134.5
2444,3.38,11:21,168,134.5
2445,3.39,11:33,168,134.5
2446,3.39,10:54,168,134.5
2447,3.39,10:59,167,134.5
2448,3.39,11:05,167,135.2
2449,3.39,10:38,167,135.8
2450,3.39,10:00,167,135.8
2451,3.4,10:00,167,136.5
2452,3.4,10:00,167,137.1
2453,3.4,10:09,167,137.1
2454,3.4,10:33,168,137.8
2455,3.4,10:59,168,137.1
2456,3.4,11:21,168,137.1
2457,3.4,11:33,168,136.5
2458,3.41,11:45,167,136.5
2459,3.41,11:45,167,135.8
2460,3.41,11:52,167,135.2
2461,3.41,11:16,167,134.5
2462,3.41,10:54,168,133.9
2463,3.41,10:23,167,133.9
2464,3.42,9:56,167,133.2
2465,3.42,9:30,168,132.5
2466,3.42,9:22,168,132.5
2467,3.42,8:56,168,131.9
2468,3.42,9:00,169,131.9
2469,3.42,9:22,169,131.2
2470,3.43,9:56,169,131.2
2471,3.43,10:28,169,130.6
2472,3.43,11:05,170,130.6
2473,3.43,11:10,170,130.6
2474,3.43,10:43,169,130.6
2475,3.43,10:05,169,130.6
2476,3.44,9:38,169,130.6
2477,3.44,10:05,169,130.6
2478,3.44,10:23,169,130.6
2479,3.44,10:43,169,130.6
2480,3.44,11:16,169,130.6
2481,3.44,12:18,169,130.6
2482,3.44,12:18,169,130.6
2483,3.45,11:45,169,130.6
2484,3.45,11:33,169,130.6
2485,3.45,10:59,169,129.9
2486,3.45,10:05,169,129.9
2487,3.45,8:56,168,129.9
2488,3.46,8:39,168,129.9
2489,3.46,8:26,168,129.9
2490,3.46,8:29,168,129.9
2491,3.46,8:26,168,129.3
2492,3.46,8:56,168,129.3
2493,3.46,9:18,169,129.3
2494,3.47,9:26,168,129.3
2495,3.47,9:34,168,129.3
2496,3.47,9:43,169,129.3
2497,3.47,10:00,170,128.6
2498,3.47,10:05,169,128.6
2499,3.47,10:14,169,128.6
2500,3.48,10:23,169,128.6
2501,3.48,10:23,169,128.6
2502,3.48,9:34,170,128.0
2503,3.48,9:22,170,128.0
2504,3.48,9:22,169,127.3
2505,3.48,9:38,169,127.3
2506,3.49,9:34,169,127.3
2507,3.49,10:05,169,127.3
2508,3.49,10:14,170,127.3
2509,3.49,10:18,170,126.6
2510,3.49,9:43,170,126.6
2511,3.49,10:00,169,126.6
2512,3.5,10:43,169,126.0
2513,3.5,11:10,169,126.0
2514,3.5,11:16,170,126.0
2515,3.5,11:33,169,126.0
2516,3.5,11:16,169,126.0
2517,3.5,10:23,169,126.0
2518,3.51,9:43,170,126.0
2519,3.51,9:43,170,126.0
2520,3.51,9:43,170,126.0
2521,3.51,9:47,169,126.0
2522,3.51,10:09,169,126.0
2523,3.51,10:28,169,126.0
2524,3.51,10:43,168,126.0
2525,3.52,11:05,168,126.0
2526,3.52,12:25,169,126.0
2527,3.52,13:32,169,126.0
2528,3.52,15:04,168,126.0
2529,3.52,16:58,169,125.3
2530,3.52,18:22,169,125.3
2531,3.52,17:38,168,125.3
2532,3.52,17:52,170,125.3
2533,3.52,17:52,168,125.3
2534,3.53,15:46,168,125.3
2535,3.53,15:04,167,124.7
2536,3.53,15:04,167,124.7
2537,3.53,14:54,166,124.0
2538,3.53,14:16,165,124.0
2539,3.53,15:04,165,124.0
2540,3.53,15:57,164,124.0
2541,3.53,15:14,163,124.0
2542,3.53,14:34,163,124.0
2543,3.54,15:04,162,123.4
2544,3.54,14:25,162,123.4
2545,3.54,14:16,161,123.4
2546,3.54,14:44,161,122.7
2547,3.54,14:16,160,123.4
2548,3.54,14:07,160,123.4
2549,3.54,14:07,160,123.4
2550,3.54,13:58,160,123.4
2551,3.54,13:49,160,123.4
2552,3.55,14:25,159,122.7
2553,3.55,14:16,159,122.7
2554,3.55,14:25,159,122.7
2555,3.55,14:16,158,122.7
2556,3.55,14:25,158,122.0
2557,3.55,14:07,157,122.0
2558,3.55,13:49,157,122.0
2559,3.55,13:32,157,122.7
2560,3.56,13:32,156,122.7
2561,3.56,13:41,155,122.7
2562,3.56,13:32,154,122.7
2563,3.56,13:49,153,122.7
2564,3.56,14:07,152,122.7
2565,3.56,13:49,151,122.7
2566,3.56,13:32,149,122.7
2567,3.56,13:58,150,122.7
2568,3.56,14:07,149,122.7
2569,3.57,14:34,149,122.7
2570,3.57,14:34,149,122.0
2571,3.57,15:04,148,122.0
2572,3.57,15:04,148,122.0
2573,3.57,14:54,147,122.0
2574,3.57,14:16,147,122.0
2575,3.57,13:49,146,122.0
2576,3.57,13:08,146,122.0
2577,3.58,13:24,146,122.0
2578,3.58,13:32,144,122.0
2579,3.58,13:32,144,121.4
2580,3.58,13:58,143,121.4
2581,3.58,14:07,143,121.4
2582,3.58,13:58,141,121.4
2583,3.58,13:24,141,121.4
2584,3.58,13:41,140,121.4
2585,3.59,13:58,140,121.4
2586,3.59,14:34,139,121.4
2587,3.59,14:44,140,121.4
2588,3.59,16:45,140,121.4
2589,3.59,17:25,139,121.4
2590,3.59,17:11,139,121.4
2591,3.59,16:09,138,120.7
2592,3.59,16:09,138,120.7
2593,3.59,16:09,139,120.1
2594,3.59,15:14,139,120.1
2595,3.6,15:57,138,120.1
2596,3.6,15:04,139,120.1
2597,3.6,13:58,139,120.1
2598,3.6,12:46,138,120.7
2599,3.6,12:18,138,120.1
2600,3.6,11:16,138,120.1
2601,3.6,11:16,138,119.4
2602,3.61,11:45,137,119.4
2603,3.61,11:45,137,119.4
2604,3.61,12:18,137,119.4
2605,3.61,13:16,138,119.4
2606,3.61,14:16,137,120.1
2607,3.61,13:49,137,120.1
2608,3.61,13:58,136,120.1
2609,3.61,13:32,137,120.1
2610,3.62,12:46,137,119.4
2611,3.62,12:46,137,119.4
2612,3.62,12:46,137,119.4
2613,3.62,12:46,137,118.8
2614,3.62,13:41,136,118.8
2615,3.62,14:44,135,118.8
2616,3.62,14:54,135,118.1
2617,3.62,14:44,134,118.1
2618,3.62,14:25,134,118.8
2619,3.63,13:58,135,118.8
2620,3.63,13:24,135,118.8
2621,3.63,13:24,135,118.8
2622,3.63,13:58,135,118.8
2623,3.63,14:34,135,118.8
2624,3.63,14:54,135,118.8
2625,3.63,14:54,136,118.8
2626,3.63,14:34,135,118.1
2627,3.64,14:34,135,118.1
2628,3.64,14:44,134,118.1
2629,3.64,14:44,134,118.1
2630,3.64,15:57,134,117.5
2631,3.64,15:24,134,117.5
2632,3.64,13:49,133,116.8
2633,3.64,13:16,135,116.8
2634,3.64,12:46,135,116.8
2635,3.65,11:10,136,116.8
2636,3.65,10:43,135,116.8
2637,3.65,11:16,135,116.8
2638,3.65,10:43,135,116.8
2639,3.65,10:23,135,116.8
2640,3.65,9:56,135,116.8
2641,3.66,9:26,136,116.8
2642,3.66,8:45,136,116.8
2643,3.66,8:26,137,116.8
2644,3.66,8:22,137,116.8
2645,3.66,8:45,139,116.8
2646,3.67,9:14,140,116.8
2647,3.67,10:05,140,116.8
2648,3.67,10:48,141,116.8
2649,3.67,10:54,142,116.8
2650,3.67,11:05,144,116.8
2651,3.67,11:05,145,116.8
2652,3.67,10:28,146,116.8
2653,3.68,10:18,147,116.8
2654,3.68,10:14,148,116.8
2655,3.68,10:18,150,116.8
2656,3.68,10:09,150,116.8
2657,3.68,10:05,154,116.8
2658,3.68,9:51,153,116.8
2659,3.69,10:00,155,116.8
2660,3.69,9:56,156,116.8
2661,3.69,10:00,156,116.8
2662,3.69,9:43,158,116.8
2663,3.69,9:43,159,116.8
2664,3.69,9:18,158,116.8
2665,3.7,9:03,159,116.8
2666,3.7,9:22,159,116.8
2667,3.7,9:43,159,116.8
2668,3.7,9:56,159,116.8
2669,3.7,10:09,160,116.8
2670,3.7,10:05,160,116.8
2671,3.71,10:00,160,116.8
2672,3.71,10:23,160,116.8
2673,3.71,10:23,160,116.1
2674,3.71,10:33,159,116.1
2675,3.71,10:48,159,116.1
2676,3.71,10:43,157,116.8
2677,3.72,10:28,154,116.8
2678,3.72,10:28,154,116.8
2679,3.72,10:14,149,116.8
2680,3.72,10:38,150,116.8
2681,3.72,10:59,150,116.8
2682,3.72,10:54,150,116.8
2683,3.72,10:59,150,116.8
2684,3.73,11:27,150,116.8
2685,3.73,11:21,150,116.8
2686,3.73,10:59,150,116.1
2687,3.73,11:05,151,116.1
2688,3.73,10:43,151,116.1
2689,3.73,10:43,151,116.1
2690,3.74,10:14,151,116.1
2691,3.74,10:09,152,116.1
2692,3.74,10:18,151,116.1
2693,3.74,10:09,151,116.1
2694,3.74,10:09,152,116.1
2695,3.74,10:38,152,116.8
2696,3.75,10:54,154,116.8
2697,3.75,10:48,154,116.8
2698,3.75,11:21,155,117.5
2699,3.75,11:21,156,116.8
2700,3.75,11:58,157,116.8
2701,3.75,11:58,159,117.5
2702,3.75,12:46,161,117.5
2703,3.75,12:53,162,117.5
2704,3.76,12:39,164,117.5
2705,3.76,11:52,165,117.5
2706,3.76,11:45,167,117.5
2707,3.76,10:59,168,117.5
2708,3.76,11:05,167,117.5
2709,3.76,10:48,167,117.5
2710,3.77,10:48,167,117.5
2711,3.77,10:05,167,117.5
2712,3.77,10:14,167,117.5
2713,3.77,9:47,167,117.5
2714,3.77,10:05,167,117.5
2715,3.77,9:43,168,117.5
2716,3.78,10:00,167,117.5
2717,3.78,9:56,167,117.5
2718,3.78,10:05,166,117.5
2719,3.78,10:05,165,117.5
2720,3.78,10:23,166,117.5
2721,3.78,10:38,164,117.5
2722,3.79,10:33,164,117.5
2723,3.79,10:14,164,117.5
2724,3.79,10:00,163,117.5
2725,3.79,9:47,163,117.5
2726,3.79,9:26,164,117.5
2727,3.79,9:30,164,117.5
2728,3.8,10:00,165,118.1
2729,3.8,10:05,165,118.1
2730,3.8,10:00,165,118.1
2731,3.8,10:18,167,118.1
2732,3.8,9:47,167,118.8
2733,3.8,9:11,167,118.8
2734,3.81,8:56,167,118.8
2735,3.81,8:52,167,118.8
2736,3.81,9:03,167,118.8
2737,3.81,9:34,167,118.8
2738,3.81,9:51,167,119.4
2739,3.81,10:14,167,119.4
2740,3.82,10:23,167,120.1
2741,3.82,10:09,168,120.1
2742,3.82,10:00,168,120.1
2743,3.82,10:18,168,120.1
2744,3.82,10:28,168,120.1
2745,3.82,10:43,168,120.1
2746,3.83,11:21,168,120.1
2747,3.83,11:21,167,120.1
2748,3.83,11:16,167,120.1
2749,3.83,11:33,165,120.1
2750,3.83,11:45,166,120.1
2751,3.83,11:05,166,120.1
2752,3.83,10:33,165,120.1
2753,3.84,10:18,166,120.1
2754,3.84,10:00,166,120.1
2755,3.84,9:43,167,120.1
2756,3.84,10:14,167,120.7
2757,3.84,10:59,168,120.7
2758,3.84,11:27,168,120.7
2759,3.84,11:52,168,121.4
2760,3.85,12:11,168,121.4
2761,3.85,11:52,168,121.4
2762,3.85,11:58,169,121.4
2763,3.85,11:33,170,121.4
2764,3.85,11:21,170,122.0
2765,3.85,11:16,170,122.0
2766,3.86,10:59,171,122.7
2767,3.86,10:33,169,122.7
2768,3.86,10:43,169,123.4
2769,3.86,10:14,169,123.4
2770,3.86,10:05,169,123.4
2771,3.86,10:09,170,124.0
2772,3.87,10:18,171,124.0
2773,3.87,10:28,171,124.7
2774,3.87,10:28,171,124.7
2775,3.87,10:48,171,125.3
2776,3.87,11:10,171,125.3
2777,3.87,11:58,171,125.3
2778,3.87,12:18,171,125.3
2779,3.87,12:39,171,124.7
2780,3.88,12:04,171,124.7
2781,3.88,11:33,171,124.7
2782,3.88,11:16,172,124.7
2783,3.88,11:10,171,125.3
2784,3.88,11:33,171,126.0
2785,3.88,13:01,170,126.0
2786,3.88,13:58,172,126.6
2787,3.89,13:32,172,126.6
2788,3.89,13:08,170,127.3
2789,3.89,12:25,171,127.3
2790,3.89,11:16,170,127.3
2791,3.89,10:38,170,126.6
2792,3.89,10:33,170,126.6
2793,3.89,10:48,170,126.0
2794,3.9,10:48,170,126.0
2795,3.9,10:28,170,125.3
2796,3.9,10:18,169,125.3
2797,3.9,10:14,169,124.7
2798,3.9,10:00,168,124.0
2799,3.9,10:09,169,124.0
2800,3.91,10:28,169,123.4
2801,3.91,10:33,169,122.7
2802,3.91,10:43,169,122.0
2803,3.91,10:48,169,121.4
2804,3.91,10:54,169,120.7
2805,3.91,11:05,170,120.1
2806,3.92,11:27,169,120.1
2807,3.92,11:45,169,119.4
2808,3.92,11:21,170,119.4
2809,3.92,11:16,170,119.4
2810,3.92,11:33,170,118.8
2811,3.92,11:27,170,118.1
2812,3.92,11:05,170,118.1
2813,3.93,11:39,169,117.5
2814,3.93,11:05,169,117.5
2815,3.93,10:33,169,117.5
2816,3.93,10:14,169,117.5
2817,3.93,9:43,169,117.5
2818,3.93,9:38,169,117.5
2819,3.94,9:43,168,116.8
2820,3.94,9:51,169,116.8
2821,3.94,10:00,170,116.8
2822,3.94,10:28,169,116.8
2823,3.94,10:18,169,116.1
2824,3.94,11:10,168,116.1
2825,3.95,11:05,168,116.1
2826,3.95,10:59,168,116.1
2827,3.95,10:38,169,116.1
2828,3.95,10:28,169,116.1
2829,3.95,10:05,170,116.1
2830,3.95,9:51,170,116.1
2831,3.96,9:43,169,115.5
2832,3.96,9:56,169,115.5
2833,3.96,9:43,169,115.5
2834,3.96,10:05,170,115.5
2835,3.96,10:23,170,115.5
2836,3.96,10:28,169,115.5
2837,3.96,10:54,169,116.1
2838,3.97,11:21,170,116.1
2839,3.97,10:33,170,116.1
2840,3.97,10:33,170,116.1
2841,3.97,10:43,170,116.1
2842,3.97,10:18,170,115.5
2843,3.97,10:09,169,115.5
2844,3.98,10:18,170,115.5
2845,3.98,10:18,169,115.5
2846,3.98,10:38,168,115.5
2847,3.98,11:05,168,115.5
2848,3.98,11:21,168,115.5
2849,3.98,11:33,168,115.5
2850,3.98,11:45,168,115.5
2851,3.99,11:45,168,115.5
2852,3.99,11:39,169,115.5
2853,3.99,11:39,170,115.5
2854,3.99,11:33,170,115.5
2855,3.99,11:10,169,115.5
2856,3.99,10:43,169,115.5
2857,4.0,10:18,169,115.5
2858,4.0,9:56,169,115.5
2859,4.0,9:51,168,115.5
2860,4.0,9:47,168,115.5
2861,4.0,10:00,169,115.5
2862,4.0,9:56,168,115.5
2863,4.01,9:47,169,115.5
2864,4.01,9:56,169,115.5
2865,4.01,9:56,169,115.5
2866,4.01,9:56,168,115.5
2867,4.01,10:28,169,114.8
2868,4.01,10:59,168,114.8
2869,4.01,11:10,169,114.8
2870,4.02,11:45,169,114.8
2871,4.02,11:39,169,114.8
2872,4.02,11:16,169,115.5
2873,4.02,11:10,169,115.5
2874,4.02,11:05,169,115.5
2875,4.02,10:23,169,115.5
2876,4.03,10:18,170,114.8
2877,4.03,10:14,170,114.8
2878,4.03,10:09,171,114.8
2879,4.03,10:05,170,114.8
2880,4.03,10:23,170,114.8
2881,4.03,10:23,170,114.8
2882,4.04,10:23,171,114.8
2883,4.04,10:28,170,114.8
2884,4.04,10:23,171,114.8
2885,4.04,10:43,170,114.8
2886,4.04,11:05,171,114.8
2887,4.04,11:27,171,114.8
2888,4.04,11:52,171,114.8
2889,4.05,12:18,171,114.8
2890,4.05,12:04,170,114.8
2891,4.05,11:45,170,114.8
2892,4.05,11:33,170,114.8
2893,4.05,11:05,169,114.8
2894,4.05,10:38,169,114.8
2895,4.05,10:33,168,114.8
2896,4.06,10:38,168,114.8
2897,4.06,10:23,168,114.8
2898,4.06,10:43,168,114.8
2899,4.06,10:43,168,114.8
2900,4.06,10:59,167,114.8
2901,4.06,11:10,167,114.2
2902,4.07,11:05,167,114.2
2903,4.07,10:59,167,113.5
2904,4.07,11:33,167,113.5
2905,4.07,10:59,167,113.5
2906,4.07,10:54,168,113.5
2907,4.07,11:05,168,113.5
2908,4.07,10:33,168,113.5
2909,4.08,9:51,169,113.5
2910,4.08,9:30,169,114.2
2911,4.08,9:14,170,114.2
2912,4.08,9:14,170,114.2
2913,4.08,9:26,170,114.2
2914,4.08,9:47,170,114.2
2915,4.09,10:00,170,114.2
2916,4.09,9:56,170,113.5
2917,4.09,9:56,170,113.5
2918,4.09,9:51,170,113.5
2919,4.09,10:05,171,113.5
2920,4.09,10:33,171,112.9
2921,4.1,10:48,171,112.9
2922,4.1,10:59,172,112.9
2923,4.1,11:10,171,112.9
2924,4.1,10:48,171,112.9
2925,4.1,10:38,171,112.9
2926,4.1,10:33,171,112.9
2927,4.11,10:18,171,112.9
2928,4.11,10:18,171,112.9
2929,4.11,10:14,171,112.2
2930,4.11,10:38,171,112.2
2931,4.11,10:38,171,112.2
2932,4.11,10:43,171,112.2
2933,4.12,10:54,170,112.2
2934,4.12,11:21,170,112.2
2935,4.12,11:33,170,111.5
2936,4.12,11:21,170,111.5
2937,4.12,11:39,170,111.5
2938,4.12,11:16,170,111.5
2939,4.12,10:54,170,111.5
2940,4.13,10:23,171,110.9
2941,4.13,10:38,171,110.9
2942,4.13,10:18,171,110.9
2943,4.13,10:23,171,110.2
2944,4.13,10:48,171,110.2
2945,4.13,10:48,171,110.2
2946,4.14,10:28,172,110.2
2947,4.14,10:18,172,109.6
2948,4.14,10:14,171,110.2
2949,4.14,9:47,172,110.2
2950,4.14,9:34,173,110.2
2951,4.14,9:30,173,110.9
2952,4.15,9:47,173,110.9
2953,4.15,9:34,172,110.9
2954,4.15,9:43,171,110.2
2955,4.15,10:14,171,110.2
2956,4.15,10:28,172,110.2
2957,4.15,10:28,172,110.2
2958,4.15,10:59,173,110.2
2959,4.16,10:43,173,110.2
2960,4.16,10:18,172,110.2
2961,4.16,10:23,172,110.2
2962,4.16,10:48,173,109.6
2963,4.16,10:59,174,109.6
2964,4.16,11:05,174,109.6
2965,4.17,10:54,173,109.6
2966,4.17,11:05,172,109.6
2967,4.17,10:33,173,109.6
2968,4.17,10:18,172,108.9
2969,4.17,10:18,172,108.3
2970,4.17,10:28,172,107.6
2971,4.18,10:23,172,107.6
2972,4.18,10:28,173,107.0
2973,4.18,10:38,173,107.0
2974,4.18,10:33,172,107.0
2975,4.18,10:43,172,106.3
2976,4.18,10:43,172,106.3
2977,4.18,10:48,173,105.6
2978,4.19,10:54,173,105.6
2979,4.19,11:16,173,105.0
2980,4.19,11:21,173,105.0
2981,4.19,11:10,173,104.3
2982,4.19,10:28,173,104.3
2983,4.19,9:38,173,103.7
2984,4.2,9:11,173,103.7
2985,4.2,9:03,173,103.7
2986,4.2,9:11,174,103.7
2987,4.2,9:38,173,103.7
2988,4.2,10:18,174,103.7
2989,4.2,11:05,174,103.0
2990,4.21,11:10,173,103.0
2991,4.21,11:16,173,103.0
2992,4.21,11:39,173,102.4
2993,4.21,11:33,173,102.4
2994,4.21,11:05,173,102.4
2995,4.21,10:38,172,101.7
2996,4.21,10:33,172,101.7
2997,4.22,10:23,172,101.7
2998,4.22,10:38,172,101.0
2999,4.22,11:21,172,101.0
3000,4.22,13:01,173,101.7
3001,4.22,13:41,173,101.7
3002,4.22,13:08,173,102.4
3003,4.22,12:18,173,103.0
3004,4.23,11:33,174,103.7
3005,4.23,9:47,174,103.7
3006,4.23,9:03,173,103.7
3007,4.23,9:03,174,103.7
3008,4.23,9:38,173,104.3
3009,4.23,9:43,173,104.3
3010,4.24,10:48,173,103.7
3011,4.24,11:27,174,103.7
3012,4.24,11:52,174,103.7
3013,4.24,11:39,173,103.7
3014,4.24,11:39,173,103.7
3015,4.24,11:16,173,103.7
3016,4.25,11:05,174,103.7
3017,4.25,10:54,174,103.7
3018,4.25,10:33,173,103.0
3019,4.25,10:38,173,103.0
3020,4.25,10:43,172,103.0
3021,4.25,10:54,172,103.0
3022,4.25,11:27,173,103.0
3023,4.26,12:04,173,103.0
3024,4.26,12:18,173,103.0
3025,4.26,12:53,172,103.0
3026,4.26,12:32,172,103.0
3027,4.26,12:04,171,103.0
3028,4.26,11:21,173,102.4
3029,4.26,11:16,173,102.4
3030,4.27,10:59,173,102.4
3031,4.27,11:10,173,102.4
3032,4.27,11:05,172,102.4
3033,4.27,11:39,172,102.4
3034,4.27,11:21,173,102.4
3035,4.27,11:27,173,102.4
3036,4.27,10:54,173,101.7
3037,4.28,10:28,173,102.4
3038,4.28,9:56,173,102.4
3039,4.28,9:30,172,102.4
3040,4.28,8:52,171,103.0
3041,4.28,8:56,172,103.0
3042,4.29,9:11,172,103.0
3043,4.29,9:18,173,103.0
3044,4.29,9:56,172,103.0
3045,4.29,10:18,172,102.4
3046,4.29,10:38,172,102.4
3047,4.29,10:14,172,102.4
3048,4.3,10:14,172,102.4
3049,4.3,10:09,172,102.4
3050,4.3,10:00,172,102.4
3051,4.3,10:05,172,102.4
3052,4.3,10:28,172,102.4
3053,4.3,10:09,173,103.0
3054,4.3,9:51,174,103.0
3055,4.31,10:00,176,103.0
3056,4.31,9:51,176,103.0
3057,4.31,9:56,176,103.7
3058,4.31,10:00,176,103.7
3059,4.31,9:56,177,103.7
3060,4.31,9:56,177,104.3
3061,4.32,10:14,177,104.3
3062,4.32,10:00,177,105.0
3063,4.32,9:47,178,105.6
3064,4.32,10:05,177,106.3
3065,4.32,10:09,177,107.0
3066,4.32,10:00,178,108.3
3067,4.33,10:05,178,108.9
3068,4.33,10:28,178,109.6
3069,4.33,10:18,178,110.2
3070,4.33,10:18,178,110.2
3071,4.33,10:23,178,110.9
3072,4.33,10:33,180,110.9
3073,4.34,10:48,179,110.2
3074,4.34,10:54,178,110.2
3075,4.34,11:21,178,110.2
3076,4.34,11:33,178,109.6
3077,4.34,12:04,178,108.9
3078,4.34,12:18,178,107.6
3079,4.34,12:32,176,106.3
3080,4.35,11:58,177,105.0
3081,4.35,11:52,177,104.3
3082,4.35,10:54,176,103.7
3083,4.35,10:14,177,103.0
3084,4.35,9:56,177,102.4
3085,4.35,9:34,177,102.4
3086,4.36,9:18,177,101.7
3087,4.36,9:03,177,101.0
3088,4.36,9:03,178,100.4
3089,4.36,9:18,177,100.4
3090,4.36,9:43,177,100.4
3091,4.36,9:51,177,100.4
3092,4.37,10:09,178,100.4
3093,4.37,10:33,177,100.4
3094,4.37,10:23,177,101.0
3095,4.37,9:56,178,101.0
3096,4.37,9:34,178,101.0
3097,4.37,9:38,176,101.0
3098,4.38,9:30,177,101.0
3099,4.38,9:26,178,101.0
3100,4.38,9:43,178,101.7
3101,4.38,10:05,176,101.7
3102,4.38,10:33,176,102.4
3103,4.38,10:48,177,102.4
3104,4.39,10:59,176,103.0
3105,4.39,11:05,176,103.0
3106,4.39,11:33,177,103.0
3107,4.39,11:45,177,103.0
3108,4.39,12:46,177,103.0
3109,4.39,13:32,177,103.0
3110,4.39,13:58,178,103.0
3111,4.39,13:01,178,103.0
3112,4.4,12:25,177,103.0
3113,4.4,11:27,177,102.4
3114,4.4,10:48,178,101.7
3115,4.4,10:09,178,101.7
3116,4.4,9:34,178,101.7
3117,4.41,9:22,177,101.7
3118,4.41,9:03,178,101.7
3119,4.41,8:52,178,101.7
3120,4.41,9:22,178,101.7
3121,4.41,9:38,177,101.7
3122,4.41,9:26,177,101.7
3123,4.42,9:30,178,101.7
3124,4.42,9:30,178,101.7
3125,4.42,9:03,178,101.7
3126,4.42,9:22,177,101.7
3127,4.42,9:47,178,101.7
3128,4.42,9:47,177,101.7
3129,4.43,10:05,177,101.7
3130,4.43,10:23,177,101.7
3131,4.43,10:28,178,101.7
3132,4.43,10:05,177,102.4
3133,4.43,10:09,177,102.4
3134,4.43,10:05,178,102.4
3135,4.44,10:28,179,102.4
3136,4.44,10:38,178,102.4
3137,4.44,11:33,176,102.4
3138,4.44,11:33,178,102.4
3139,4.44,11:52,177,102.4
3140,4.44,11:39,178,101.7
3141,4.44,10:59,177,101.7
3142,4.45,10:23,178,101.7
3143,4.45,10:38,179,101.7
3144,4.45,10:09,179,101.7
3145,4.45,10:18,178,101.7
3146,4.45,10:48,177,101.7
3147,4.45,10:38,179,102.4
3148,4.46,10:14,179,102.4
3149,4.46,9:56,178,101.7
3150,4.46,9:26,178,101.7
3151,4.46,9:07,178,101.7
3152,4.46,9:03,179,101.7
3153,4.46,9:18,178,101.0
3154,4.47,9:38,178,101.0
3155,4.47,9:56,178,101.0
3156,4.47,10:05,178,101.0
3157,4.47,10:28,178,101.0
3158,4.47,10:18,178,101.0
3159,4.47,10:23,177,100.4
3160,4.48,9:56,177,100.4
3161,4.48,9:51,177,100.4
3162,4.48,9:47,177,100.4
3163,4.48,9:51,177,100.4
3164,4.48,10:00,176,101.0
3165,4.48,10:09,177,101.0
3166,4.49,10:28,177,100.4
3167,4.49,10:48,176,101.0
3168,4.49,10:33,175,101.0
3169,4.49,10:28,175,100.4
3170,4.49,10:43,175,100.4
3171,4.49,10:14,176,101.0
3172,4.5,10:05,176,101.0
3173,4.5,9:47,175,101.0
3174,4.5,9:47,175,101.0
3175,4.5,9:38,174,100.4
3176,4.5,9:51,174,100.4
3177,4.5,10:00,175,100.4
3178,4.51,10:14,176,101.0
3179,4.51,10:23,175,101.0
3180,4.51,10:43,175,101.0
3181,4.51,10:59,174,101.0
3182,4.51,10:59,174,101.0
3183,4.51,11:33,174,101.0
3184,4.51,11:21,175,101.7
3185,4.52,11:21,175,101.7
3186,4.52,11:10,174,101.7
3187,4.52,11:05,175,101.7
3188,4.52,10:59,174,101.7
3189,4.52,10:54,174,101.7
3190,4.52,10:09,175,101.7
3191,4.53,10:14,175,101.7
3192,4.53,10:14,175,101.7
3193,4.53,10:05,175,101.7
3194,4.53,9:43,176,102.4
3195,4.53,9:56,176,102.4
3196,4.53,9:34,176,102.4
3197,4.54,9:11,177,101.7
3198,4.54,9:18,177,101.7
3199,4.54,9:51,177,101.7
3200,4.54,10:09,176,102.4
3201,4.54,10:33,177,102.4
3202,4.54,10:48,178,102.4
3203,4.55,11:10,178,102.4
3204,4.55,10:38,177,102.4
3205,4.55,10:33,176,103.0
3206,4.55,10:33,177,103.0
3207,4.55,10:38,178,103.0
3208,4.55,10:28,178,103.0
3209,4.55,11:21,177,103.0
3210,4.56,11:21,177,103.0
3211,4.56,11:21,177,103.0
3212,4.56,11:27,178,103.0
3213,4.56,11:05,178,102.4
3214,4.56,10:43,179,102.4
3215,4.56,10:48,178,102.4
3216,4.57,10:33,178,102.4
3217,4.57,10:14,177,102.4
3218,4.57,10:05,178,102.4
3219,4.57,10:14,178,102.4
3220,4.57,10:09,178,102.4
3221,4.57,10:14,177,102.4
3222,4.58,10:23,177,101.7
3223,4.58,10:38,179,101.7
3224,4.58,10:14,178,101.7
3225,4.58,10:18,178,102.4
3226,4.58,10:28,178,102.4
3227,4.58,10:54,178,103.0
3228,4.58,10:54,178,103.0
3229,4.59,11:10,178,103.7
3230,4.59,11:39,177,103.7
3231,4.59,11:33,178,103.7
3232,4.59,11:10,178,103.7
3233,4.59,11:10,178,103.7
3234,4.59,10:38,178,103.7
3235,4.6,10:14,177,103.7
3236,4.6,10:28,178,103.7
3237,4.6,10:28,179,103.7
3238,4.6,10:38,178,103.7
3239,4.6,11:16,178,103.0
3240,4.6,11:33,177,103.0
3241,4.6,11:39,178,102.4
3242,4.61,11:52,178,102.4
3243,4.61,12:04,177,102.4
3244,4.61,12:18,177,102.4
3245,4.61,11:33,177,101.7
3246,4.61,10:48,177,101.7
3247,4.61,10:28,178,101.7
3248,4.62,10:00,177,101.0
3249,4.62,9:34,177,101.0
3250,4.62,9:18,176,101.0
3251,4.62,9:14,176,101.0
3252,4.62,8:49,176,100.4
3253,4.62,8:26,177,100.4
3254,4.63,8:13,177,100.4
3255,4.63,8:22,177,100.4
3256,4.63,8:35,177,99.7
3257,4.63,8:56,177,99.7
3258,4.63,9:26,177,99.7
3259,4.64,9:22,177,99.7
3260,4.64,9:26,178,99.7
3261,4.64,9:26,178,99.7
3262,4.64,9:38,178,99.1
3263,4.64,9:43,177,99.1
3264,4.64,9:51,177,99.1
3265,4.65,9:51,177,99.1
3266,4.65,9:56,178,99.1
3267,4.65,9:34,178,99.1
3268,4.65,9:47,177,99.1
3269,4.65,10:18,178,99.7
3270,4.65,10:33,178,99.7
3271,4.65,11:16,177,99.7
3272,4.66,12:25,177,99.7
3273,4.66,12:32,177,99.7
3274,4.66,12:32,177,99.1
3275,4.66,13:16,177,99.1
3276,4.66,13:58,177,98.4
3277,4.66,14:16,176,97.8
3278,4.66,15:35,176,97.8
3279,4.66,17:52,176,97.8
3280,4.66,22:21,176,97.8
3281,4.66,21:17,176,97.8
3282,4.67,22:21,175,97.8
3283,4.67,22:21,174,97.8
3284,4.67,21:59,174,97.8
3285,4.67,17:38,174,98.4
3286,4.67,16:21,173,98.4
3287,4.67,15:24,172,97.8
3288,4.67,14:25,171,97.8
3289,4.67,13:58,171,97.8
3290,4.67,13:49,171,97.8
3291,4.68,14:25,170,97.8
3292,4.68,14:34,170,97.8
3293,4.68,14:44,170,97.8
3294,4.68,13:58,170,97.8
3295,4.68,14:07,169,97.8
3296,4.68,14:16,169,98.4
3297,4.68,14:25,168,98.4
3298,4.68,13:32,168,98.4
3299,4.69,13:41,167,98.4
3300,4.69,13:41,166,98.4
3301,4.69,13:58,166,98.4
3302,4.69,14:34,165,98.4
3303,4.69,16:33,164,98.4
3304,4.69,17:52,163,98.4
3305,4.69,18:22,163,98.4
3306,4.69,18:07,163,98.4
3307,4.69,17:11,162,98.4
3308,4.69,16:45,162,98.4
3309,4.7,15:46,161,99.1
3310,4.7,15:24,161,99.1
3311,4.7,15:04,161,99.1
3312,4.7,15:04,160,99.1
3313,4.7,14:54,160,99.1
3314,4.7,15:35,160,99.1
3315,4.7,16:09,159,99.1
3316,4.7,16:21,159,99.7
3317,4.7,16:09,159,99.7
3318,4.7,16:33,157,99.7
3319,4.71,17:38,157,99.7
3320,4.71,17:38,156,100.4
3321,4.71,17:38,155,100.4
3322,4.71,18:07,154,100.4
3323,4.71,16:58,155,100.4
3324,4.71,15:24,155,100.4
3325,4.71,15:24,156,100.4
3326,4.71,15:04,157,100.4
3327,4.71,14:54,157,100.4
3328,4.72,15:04,158,100.4
3329,4.72,15:14,158,100.4
3330,4.72,15:04,158,100.4
3331,4.72,15:04,158,100.4
3332,4.72,14:54,158,100.4
3333,4.72,15:35,158,100.4
3334,4.72,15:46,157,99.7
3335,4.72,15:46,157,99.7
3336,4.72,16:09,156,99.7
3337,4.72,15:57,155,99.7
3338,4.73,15:57,154,99.1
3339,4.73,15:35,153,99.1
3340,4.73,15:14,152,99.1
3341,4.73,14:44,152,98.4
3342,4.73,15:24,151,98.4
3343,4.73,15:04,151,97.8
3344,4.73,15:04,151,97.8
3345,4.73,14:44,151,97.8
3346,4.73,15:04,151,97.8
3347,4.74,13:49,149,97.8
3348,4.74,13:01,149,98.4
3349,4.74,12:11,149,98.4
3350,4.74,11:39,149,97.8
3351,4.74,11:33,149,97.8
3352,4.74,11:33,148,97.8
3353,4.74,11:27,148,97.1
3354,4.75,11:45,148,97.1
3355,4.75,12:18,149,97.1
3356,4.75,12:11,149,97.1
3357,4.75,12:04,150,97.1
3358,4.75,11:45,150,97.1
3359,4.75,11:16,151,97.1
3360,4.76,10:43,151,97.1
3361,4.76,10:09,152,97.1
3362,4.76,10:09,153,97.1
3363,4.76,10:28,154,96.5
3364,4.76,10:48,154,96.5
3365,4.76,11:45,155,96.5
3366,4.76,12:32,154,96.5
3367,4.77,11:52,155,95.8
3368,4.77,12:04,155,95.8
3369,4.77,12:18,154,96.5
3370,4.77,11:58,154,96.5
3371,4.77,11:58,154,96.5
3372,4.77,13:08,154,96.5
3373,4.77,13:24,153,96.5
3374,4.77,13:58,154,96.5
3375,4.78,14:16,154,96.5
3376,4.78,15:04,153,96.5
3377,4.78,15:57,153,96.5
3378,4.78,16:58,152,97.1
3379,4.78,17:52,152,97.1
3380,4.78,18:07,151,97.8
3381,4.78,17:38,151,97.8
3382,4.78,16:45,150,97.8
3383,4.78,15:46,149,97.8
3384,4.78,15:04,147,97.1
3385,4.79,15:04,145,97.1
3386,4.79,14:44,140,97.1
3387,4.79,14:54,135,97.1
3388,4.79,15:04,129,97.1
3389,4.79,15:46,126,97.8
3390,4.79,15:57,121,97.8
3391,4.79,17:38,112,97.8
3392,4.79,18:07,111,97.8
3393,4.79,17:38,108,97.8
3394,4.79,16:58,107,98.4
3395,4.8,17:11,109,98.4
3396,4.8,14:16,115,99.1
3397,4.8,13:24,115,99.1
3398,4.8,13:24,118,99.1
3399,4.8,13:24,126,99.1
3400,4.8,13:16,132,99.7
3401,4.8,13:58,137,99.7
3402,4.8,14:07,142,99.7
3403,4.81,14:34,145,100.4
3404,4.81,13:49,146,100.4
3405,4.81,13:32,148,101.0
3406,4.81,14:34,148,101.0
3407,4.81,14:34,150,101.7
3408,4.81,14:07,151,101.7
3409,4.81,14:25,151,101.7
3410,4.81,14:16,150,101.7
3411,4.81,13:49,150,101.7
3412,4.82,14:07,149,101.7
3413,4.82,14:16,149,101.7
3414,4.82,14:07,148,101.7
3415,4.82,14:25,147,101.7
3416,4.82,14:25,147,101.7
3417,4.82,14:25,146,101.7
3418,4.82,15:14,145,102.4
3419,4.82,16:09,145,101.7
3420,4.82,16:33,143,101.7
3421,4.83,17:11,143,101.7
3422,4.83,17:11,142,101.7
3423,4.83,16:09,142,101.0
3424,4.83,15:24,141,101.0
3425,4.83,14:44,142,101.7
3426,4.83,14:25,141,101.7
3427,4.83,14:16,141,101.7
3428,4.83,14:25,140,101.0
3429,4.83,14:54,140,101.0
3430,4.84,15:35,139,101.0
3431,4.84,16:33,139,100.4
3432,4.84,18:37,139,100.4
3433,4.84,21:17,139,100.4
3434,4.84,22:21,139,100.4
3435,4.84,23:07,138,100.4
3436,4.84,21:37,138,100.4
3437,4.84,20:37,138,100.4
3438,4.84,18:37,138,100.4
3439,4.84,18:07,138,100.4
3440,4.84,15:57,138,100.4
3441,4.85,14:16,138,100.4
3442,4.85,12:39,140,100.4
3443,4.85,10:54,140,100.4
3444,4.85,10:14,139,100.4
3445,4.85,10:09,139,100.4
3446,4.85,10:18,138,100.4
3447,4.86,10:43,137,100.4
3448,4.86,11:39,137,100.4
3449,4.86,11:16,137,100.4
3450,4.86,11:16,137,100.4
3451,4.86,11:16,137,100.4
3452,4.86,11:10,137,100.4
3453,4.86,10:48,138,100.4
3454,4.87,10:54,140,100.4
3455,4.87,10:54,140,99.7
3456,4.87,11:05,141,99.7
3457,4.87,10:54,142,100.4
3458,4.87,11:10,142,100.4
3459,4.87,11:27,143,100.4
3460,4.87,11:21,145,100.4
3461,4.88,11:27,147,100.4
3462,4.88,11:52,148,100.4
3463,4.88,12:32,150,101.0
3464,4.88,12:53,150,101.0
3465,4.88,13:01,152,101.0
3466,4.88,13:01,151,101.0
3467,4.88,13:08,153,101.0
3468,4.89,12:46,154,101.7
3469,4.89,13:16,154,101.7
3470,4.89,13:49,155,101.7
3471,4.89,14:16,154,102.4
3472,4.89,13:58,154,102.4
3473,4.89,12:53,156,102.4
3474,4.89,11:58,155,103.0
3475,4.89,11:10,156,103.0
3476,4.9,9:56,155,103.0
3477,4.9,9:38,155,103.0
3478,4.9,9:34,155,103.0
3479,4.9,9:11,156,103.0
3480,4.9,8:56,157,102.4
3481,4.91,9:34,157,102.4
3482,4.91,9:47,157,103.0
3483,4.91,10:14,158,103.0
3484,4.91,11:05,158,103.0
3485,4.91,11:52,158,103.0
3486,4.91,12:04,158,102.4
3487,4.91,12:04,160,101.0
3488,4.92,12:04,162,100.4
3489,4.92,11:21,162,99.1
3490,4.92,11:21,163,99.1
3491,4.92,10:59,164,99.1
3492,4.92,10:28,165,99.1
3493,4.92,10:23,165,99.7
3494,4.92,10:38,165,99.7
3495,4.93,10:28,166,99.7
3496,4.93,10:33,166,99.7
3497,4.93,10:59,167,99.7
3498,4.93,10:59,167,99.7
3499,4.93,10:48,167,99.7
3500,4.93,10:43,167,99.7
3501,4.94,10:43,168,99.7
3502,4.94,10:48,168,99.7
3503,4.94,11:16,168,99.1
3504,4.94,11:27,169,99.1
3505,4.94,11:52,169,98.4
3506,4.94,12:18,169,97.8
3507,4.94,12:04,168,97.1
3508,4.95,12:11,168,96.5
3509,4.95,12:04,169,96.5
3510,4.95,11:52,168,96.5
3511,4.95,11:10,169,95.8
3512,4.95,10:59,169,95.1
3513,4.95,10:33,169,95.1
3514,4.95,10:38,170,94.5
3515,4.96,10:43,169,93.8
3516,4.96,11:05,169,93.2
3517,4.96,11:21,168,93.2
3518,4.96,11:45,168,93.2
3519,4.96,12:04,167,92.5
3520,4.96,12:39,167,92.5
3521,4.96,13:01,167,92.5
3522,4.96,14:34,167,91.9
3523,4.97,14:54,166,91.9
3524,4.97,15:46,166,91.9
3525,4.97,14:07,166,92.5
3526,4.97,12:53,165,92.5
3527,4.97,11:10,165,92.5
3528,4.97,10:14,165,92.5
3529,4.98,9:43,165,93.2
3530,4.98,10:09,165,93.2
3531,4.98,10:48,165,93.2
3532,4.98,12:11,165,93.8
3533,4.98,13:08,165,93.8
3534,4.98,13:41,165,93.8
3535,4.98,14:44,164,93.8
3536,4.98,14:44,164,93.8
3537,4.99,13:08,164,93.2
3538,4.99,12:39,164,93.2
3539,4.99,12:11,164,93.2
3540,4.99,11:27,164,92.5
3541,4.99,10:59,163,92.5
3542,4.99,10:59,163,91.9
3543,4.99,10:43,163,91.2
3544,5.0,10:38,163,91.2
3545,5.0,10:48,164,90.6
3546,5.0,10:59,164,89.9
3547,5.0,11:21,165,89.9
3548,5.0,11:39,166,89.2
3549,5.0,11:58,166,89.2
3550,5.0,11:52,167,89.2
3551,5.01,11:58,167,88.6
3552,5.01,11:58,167,88.6
3553,5.01,11:58,167,87.9
3554,5.01,11:27,167,87.3
3555,5.01,11:45,167,87.3
3556,5.01,11:27,168,86.6
3557,5.01,11:16,168,86.6
3558,5.02,11:21,169,86.6
3559,5.02,11:16,168,86.6
3560,5.02,10:43,168,86.6
3561,5.02,10:23,168,86.6
3562,5.02,10:09,168,86.0
3563,5.02,10:05,168,86.6
3564,5.03,10:14,168,86.6
3565,5.03,10:18,168,86.6
3566,5.03,10:28,168,86.6
3567,5.03,10:38,168,86.6
3568,5.03,10:43,167,86.6
3569,5.03,10:38,167,86.6
3570,5.03,10:54,167,86.6
3571,5.04,11:21,167,86.6
3572,5.04,11:16,167,86.6
3573,5.04,11:27,167,86.6
3574,5.04,11:21,166,86.6
3575,5.04,10:48,166,86.0
3576,5.04,10:54,166,86.0
3577,5.05,10:48,166,85.3
3578,5.05,10:43,166,85.3
3579,5.05,10:48,166,84.6
3580,5.05,11:05,166,84.6
3581,5.05,10:38,165,84.6
3582,5.05,10:48,165,84.6
3583,5.05,10:33,165,84.6
3584,5.06,10:14,165,84.6
3585,5.06,10:14,166,84.6
3586,5.06,10:43,166,84.6
3587,5.06,10:38,167,84.6
3588,5.06,10:38,167,84.6
3589,5.06,11:10,166,84.6
3590,5.07,11:39,167,84.6
3591,5.07,12:04,167,84.6
3592,5.07,12:32,167,84.6
3593,5.07,13:24,168,84.0
3594,5.07,14:44,168,84.0
3595,5.07,14:34,168,84.0
3596,5.07,13:24,168,84.0
3597,5.07,13:08,169,84.0
3598,5.08,11:45,168,84.0
3599,5.08,10:38,168,84.0
3600,5.08,9:56,168,84.0
3601,5.08,9:47,168,84.0
3602,5.08,9:43,168,84.0
3603,5.08,10:09,168,84.0
3604,5.09,10:38,168,84.0
3605,5.09,11:33,167,83.3
3606,5.09,12:25,168,83.3
3607,5.09,12:53,168,83.3
3608,5.09,12:32,168,83.3
3609,5.09,12:25,168,83.3
3610,5.09,11:45,168,83.3
3611,5.1,11:05,168,83.3
3612,5.1,10:43,168,84.0
3613,5.1,11:10,167,84.0
3614,5.1,10:59,167,84.0
3615,5.1,10:48,167,84.0
3616,5.1,11:16,167,84.0
3617,5.1,11:10,168,84.0
3618,5.11,11:21,168,84.0
3619,5.11,12:11,168,83.3
3620,5.11,12:46,168,83.3
3621,5.11,12:39,168,83.3
3622,5.11,13:24,168,83.3
3623,5.11,14:25,168,83.3
3624,5.11,13:16,168,84.0
3625,5.11,12:46,168,84.0
3626,5.12,12:25,168,84.6
3627,5.12,12:04,169,84.6
3628,5.12,11:16,169,84.6
3629,5.12,11:52,168,84.6
3630,5.12,12:32,168,84.6
3631,5.12,12:53,169,84.6
3632,5.12,12:53,169,84.6
3633,5.13,12:32,169,84.6
3634,5.13,11:45,170,84.6
3635,5.13,11:27,169,85.3
3636,5.13,10:59,169,85.3
3637,5.13,11:10,169,85.3
3638,5.13,11:21,168,85.3
3639,5.13,12:04,169,85.3
3640,5.14,12:32,169,85.3
3641,5.14,13:24,169,85.3
3642,5.14,13:08,169,85.3
3643,5.14,13:41,169,85.3
3644,5.14,13:32,169,85.3
3645,5.14,13:41,169,86.0
3646,5.14,14:16,169,86.0
3647,5.14,14:16,169,86.0
3648,5.15,13:41,170,86.0
3649,5.15,14:07,170,86.0
3650,5.15,13:24,170,86.0
3651,5.15,12:32,170,86.0
3652,5.15,12:32,171,86.6
3653,5.15,12:04,171,86.6
3654,5.15,11:39,171,86.6
3655,5.15,11:45,171,86.0
3656,5.16,11:39,172,86.0
3657,5.16,11:33,170,86.0
3658,5.16,12:04,170,86.0
3659,5.16,11:52,171,86.6
3660,5.16,11:39,171,86.6
3661,5.16,11:52,170,86.6
3662,5.16,11:33,171,86.6
3663,5.17,11:33,170,86.6
3664,5.17,12:04,169,86.0
3665,5.17,12:46,169,86.0
3666,5.17,12:32,169,86.0
3667,5.17,12:46,168,86.0
3668,5.17,12:39,169,86.0
3669,5.17,11:33,169,86.0
3670,5.18,11:16,169,86.0
3671,5.18,11:27,168,86.0
3672,5.18,11:33,169,86.0
3673,5.18,11:52,168,86.0
3674,5.18,12:39,169,86.0
3675,5.18,12:32,169,86.0
3676,5.18,12:32,169,86.6
3677,5.19,12:04,169,86.6
3678,5.19,11:45,168,86.6
3679,5.19,11:52,168,86.6
3680,5.19,11:33,168,86.6
3681,5.19,11:21,169,86.6
3682,5.19,11:52,169,86.6
3683,5.19,11:33,169,86.6
3684,5.2,11:33,169,86.0
3685,5.2,11:58,169,86.0
3686,5.2,12:18,169,86.0
3687,5.2,12:11,169,86.0
3688,5.2,12:39,169,86.6
3689,5.2,12:04,169,86.6
3690,5.2,11:33,169,86.6
3691,5.21,11:21,170,86.6
3692,5.21,11:10,170,86.6
3693,5.21,11:05,170,86.6
3694,5.21,11:21,169,86.6
3695,5.21,11:39,170,87.3
3696,5.21,11:45,170,87.3
3697,5.21,11:52,170,87.3
3698,5.22,11:52,171,87.3
3699,5.22,11:39,171,86.6
3700,5.22,11:39,171,86.6
3701,5.22,11:52,171,86.6
3702,5.22,12:18,171,86.6
3703,5.22,12:39,170,86.6
3704,5.22,12:53,171,86.6
3705,5.22,13:24,171,86.6
3706,5.23,12:53,171,87.3
3707,5.23,12:39,170,87.3
3708,5.23,12:32,170,87.9
3709,5.23,12:39,169,87.9
3710,5.23,12:04,169,87.9
3711,5.23,12:18,169,87.9
3712,5.23,11:58,168,87.9
3713,5.24,11:45,168,87.9
3714,5.24,11:27,168,87.9
3715,5.24,11:52,168,88.6
3716,5.24,11:58,168,88.6
3717,5.24,12:25,169,88.6
3718,5.24,12:25,169,88.6
3719,5.24,12:46,169,88.6
3720,5.24,12:25,169,88.6
3721,5.25,12:11,169,88.6
3722,5.25,11:39,169,88.6
3723,5.25,11:39,169,88.6
3724,5.25,11:33,169,88.6
3725,5.25,11:33,170,88.6
3726,5.25,11:27,172,88.6
3727,5.25,11:45,171,89.2
3728,5.26,11:58,171,89.2
3729,5.26,12:11,171,89.2
3730,5.26,12:11,171,89.9
3731,5.26,12:25,171,89.9
3732,5.26,13:01,171,89.9
3733,5.26,13:16,171,89.9
3734,5.26,12:53,172,90.6
3735,5.27,13:01,172,90.6
3736,5.27,12:46,172,90.6
3737,5.27,12:25,172,91.2
3738,5.27,12:04,172,91.2
3739,5.27,11:45,172,91.9
3740,5.27,11:39,172,92.5
3741,5.27,12:18,173,92.5
3742,5.27,12:32,174,93.2
3743,5.28,13:24,173,93.2
3744,5.28,14:25,173,93.8
3745,5.28,16:09,173,93.8
3746,5.28,15:24,172,93.8
3747,5.28,15:35,173,94.5
3748,5.28,14:44,174,95.1
3749,5.28,14:44,174,95.1
3750,5.28,13:16,173,95.8
3751,5.29,13:32,172,95.8
3752,5.29,13:58,172,96.5
3753,5.29,13:49,173,97.1
3754,5.29,13:24,174,97.1
3755,5.29,13:16,173,97.1
3756,5.29,13:08,173,97.8
3757,5.29,12:11,172,97.8
3758,5.29,11:58,173,98.4
3759,5.3,11:52,174,98.4
3760,5.3,11:58,173,98.4
3761,5.3,12:04,173,98.4
3762,5.3,12:25,174,99.1
3763,5.3,12:39,173,99.1
3764,5.3,12:46,172,99.1
3765,5.3,13:32,172,99.7
3766,5.3,13:32,172,99.7
3767,5.31,13:24,172,100.4
3768,5.31,13:58,172,100.4
3769,5.31,13:41,172,100.4
3770,5.31,13:08,171,100.4
3771,5.31,12:46,172,100.4
3772,5.31,12:46,173,101.0
3773,5.31,12:11,173,101.0
3774,5.32,12:11,173,101.0
3775,5.32,12:11,173,101.0
3776,5.32,12:04,172,101.0
3777,5.32,11:39,173,101.0
3778,5.32,11:16,174,101.7
3779,5.32,11:21,173,101.7
3780,5.32,11:21,173,101.7
3781,5.33,11:27,173,101.7
3782,5.33,11:52,173,101.7
3783,5.33,12:18,174,101.7
3784,5.33,12:11,175,101.7
3785,5.33,12:04,174,101.7
3786,5.33,11:52,174,101.7
3787,5.33,11:27,174,101.7
3788,5.34,11:16,174,101.7
3789,5.34,10:59,173,101.0
3790,5.34,10:48,174,101.0
3791,5.34,11:10,174,101.0
3792,5.34,11:21,174,101.0
3793,5.34,11:05,174,101.0
3794,5.34,11:21,174,101.0
3795,5.35,11:21,174,101.0
3796,5.35,11:16,174,101.0
3797,5.35,11:45,176,101.0
3798,5.35,12:18,175,101.0
3799,5.35,12:53,175,100.4
3800,5.35,13:16,174,100.4
3801,5.35,13:01,175,100.4
3802,5.35,12:39,175,99.7
3803,5.36,12:18,175,99.7
3804,5.36,12:18,174,99.7
3805,5.36,12:04,173,99.7
3806,5.36,12:39,174,99.7
3807,5.36,13:01,174,99.1
3808,5.36,13:49,173,99.1
3809,5.36,13:32,173,99.1
3810,5.36,13:32,172,99.1
3811,5.37,13:16,172,98.4
3812,5.37,12:25,174,98.4
3813,5.37,11:52,172,98.4
3814,5.37,11:21,173,98.4
3815,5.37,11:10,172,97.8
3816,5.37,10:59,172,97.8
3817,5.38,11:10,172,97.8
3818,5.38,11:21,171,97.8
3819,5.38,11:45,172,97.1
3820,5.38,11:45,173,97.1
3821,5.38,11:27,172,97.1
3822,5.38,11:27,171,97.1
3823,5.38,11:33,171,97.1
3824,5.39,11:45,171,97.1
3825,5.39,12:32,171,96.5
3826,5.39,13:08,172,96.5
3827,5.39,13:32,172,95.8
3828,5.39,13:32,172,95.8
3829,5.39,13:08,171,95.8
3830,5.39,12:25,170,95.8
3831,5.39,12:32,170,95.1
3832,5.4,12:18,171,95.1
3833,5.4,12:39,171,95.1
3834,5.4,12:39,171,95.1
3835,5.4,12:25,170,95.1
3836,5.4,12:04,169,95.1
3837,5.4,11:45,170,95.1
3838,5.4,10:54,169,94.5
3839,5.41,10:59,169,94.5
3840,5.41,11:27,169,94.5
3841,5.41,11:16,168,94.5
3842,5.41,11:39,168,93.8
3843,5.41,12:04,167,93.8
3844,5.41,11:52,168,93.8
3845,5.41,11:21,168,93.2
3846,5.42,11:27,168,93.2
3847,5.42,11:10,168,93.2
3848,5.42,11:05,167,93.2
3849,5.42,10:43,168,93.2
3850,5.42,10:54,168,92.5
3851,5.42,10:38,169,92.5
3852,5.43,10:38,169,91.9
3853,5.43,10:54,168,91.2
3854,5.43,11:16,168,91.2
3855,5.43,10:59,167,91.2
3856,5.43,11:27,167,91.2
3857,5.43,11:27,167,90.6
3858,5.43,11:10,168,90.6
3859,5.44,10:43,167,90.6
3860,5.44,10:54,167,90.6
3861,5.44,10:48,167,90.6
3862,5.44,10:43,167,90.6
3863,5.44,11:05,168,90.6
3864,5.44,11:58,168,90.6
3865,5.44,12:39,168,90.6
3866,5.45,12:32,168,89.9
3867,5.45,12:53,167,89.9
3868,5.45,12:18,167,89.9
3869,5.45,11:16,167,89.9
3870,5.45,10:43,167,89.9
3871,5.45,10:48,168,89.9
3872,5.45,10:28,168,89.9
3873,5.46,10:28,168,89.2
3874,5.46,10:38,168,89.2
3875,5.46,10:43,168,89.2
3876,5.46,10:43,169,88.6
3877,5.46,10:48,169,88.6
3878,5.46,10:43,169,87.9
3879,5.47,11:10,168,87.9
3880,5.47,10:54,168,87.9
3881,5.47,11:10,168,87.3
3882,5.47,11:33,168,87.9
3883,5.47,11:33,169,87.9
3884,5.47,11:27,168,87.9
3885,5.47,11:27,168,87.3
3886,5.48,11:05,168,87.3
3887,5.48,11:05,168,87.3
3888,5.48,10:54,168,87.3
3889,5.48,10:38,168,87.3
3890,5.48,11:16,168,86.6
3891,5.48,11:21,167,86.6
3892,5.48,11:39,167,86.6
3893,5.49,12:32,167,86.0
3894,5.49,12:32,167,86.0
3895,5.49,11:39,166,85.3
3896,5.49,11:27,167,85.3
3897,5.49,11:10,167,85.3
3898,5.49,11:10,166,85.3
3899,5.49,11:16,166,85.3
3900,5.5,11:45,167,85.3
3901,5.5,11:27,167,84.6
3902,5.5,11:16,167,84.6
3903,5.5,10:54,167,84.6
3904,5.5,11:16,168,85.3
3905,5.5,10:59,169,85.3
3906,5.5,12:11,168,85.3
3907,5.51,11:58,169,85.3
3908,5.51,12:25,168,84.6
3909,5.51,13:01,169,84.6
3910,5.51,13:41,169,84.6
3911,5.51,13:08,170,84.6
3912,5.51,13:32,170,84.6
3913,5.51,12:39,170,84.6
3914,5.52,11:27,170,84.6
3915,5.52,11:05,170,84.6
3916,5.52,10:59,170,84.6
3917,5.52,10:48,169,84.6
3918,5.52,10:38,169,84.6
3919,5.52,10:09,169,84.6
3920,5.53,10:09,170,84.6
3921,5.53,10:05,170,84.6
3922,5.53,10:18,170,84.6
3923,5.53,10:43,171,84.6
3924,5.53,11:10,171,85.3
3925,5.53,11:33,171,85.3
3926,5.53,11:52,172,85.3
3927,5.53,11:39,172,85.3
3928,5.54,11:39,173,85.3
3929,5.54,12:32,173,85.3
3930,5.54,12:11,172,85.3
3931,5.54,11:52,173,85.3
3932,5.54,11:58,173,85.3
3933,5.54,11:45,174,85.3
3934,5.54,11:21,174,84.6
3935,5.55,11:21,173,84.6
3936,5.55,11:05,174,84.6
3937,5.55,11:21,174,84.6
3938,5.55,11:10,174,84.6
3939,5.55,11:10,173,84.6
3940,5.55,11:21,175,84.6
3941,5.56,11:39,175,84.6
3942,5.56,11:21,174,84.6
3943,5.56,11:52,174,84.6
3944,5.56,11:58,173,84.6
3945,5.56,11:39,174,84.6
3946,5.56,11:52,174,84.6
3947,5.56,11:52,174,84.6
3948,5.56,12:04,174,84.6
3949,5.57,11:45,173,84.6
3950,5.57,12:04,173,84.6
3951,5.57,11:58,173,84.6
3952,5.57,11:33,174,84.6
3953,5.57,11:33,173,85.3
3954,5.57,12:11,173,85.3
3955,5.57,11:58,173,85.3
3956,5.58,11:39,173,85.3
3957,5.58,11:39,173,85.3
3958,5.58,11:16,173,85.3
3959,5.58,10:38,173,85.3
3960,5.58,10:14,174,85.3
3961,5.58,9:47,173,85.3
3962,5.59,9:51,173,85.3
3963,5.59,9:38,172,85.3
3964,5.59,9:56,173,85.3
3965,5.59,10:28,173,85.3
3966,5.59,11:05,173,85.3
3967,5.59,11:27,172,85.3
3968,5.6,12:04,171,86.0
3969,5.6,11:45,172,86.0
3970,5.6,11:45,173,86.0
3971,5.6,11:33,172,86.0
3972,5.6,10:48,172,86.0
3973,5.6,10:38,171,86.0
3974,5.6,10:48,171,86.0
3975,5.61,10:28,171,86.0
3976,5.61,10:33,171,86.0
3977,5.61,10:54,171,86.6
3978,5.61,11:10,172,86.6
3979,5.61,11:45,172,86.0
3980,5.61,11:58,171,86.6
3981,5.61,12:04,170,86.0
3982,5.62,12:25,170,86.0
3983,5.62,12:11,171,86.0
3984,5.62,11:27,171,86.0
3985,5.62,11:16,172,86.0
3986,5.62,10:54,172,86.0
3987,5.62,10:54,172,86.0
3988,5.62,10:59,172,86.0
3989,5.63,11:10,172,86.0
3990,5.63,11:10,172,86.0
3991,5.63,11:05,173,86.0
3992,5.63,10:54,173,86.0
3993,5.63,10:33,173,86.0
3994,5.63,10:00,172,86.0
3995,5.64,10:18,172,86.0
3996,5.64,10:28,173,86.0
3997,5.64,10:18,174,86.0
3998,5.64,10:28,173,86.0
3999,5.64,10:48,173,86.0
4000,5.64,10:33,173,86.0
4001,5.65,10:48,173,86.0
4002,5.65,10:54,175,86.0
4003,5.65,10:43,175,86.0
4004,5.65,10:54,175,86.0
4005,5.65,10:54,174,86.0
4006,5.65,10:48,175,86.0
4007,5.65,10:54,175,85.3
4008,5.66,10:59,175,85.3
4009,5.66,10:43,175,85.3
4010,5.66,10:38,174,85.3
4011,5.66,10:23,176,85.3
4012,5.66,10:18,176,85.3
4013,5.66,10:28,176,85.3
4014,5.67,11:05,176,85.3
4015,5.67,11:33,176,85.3
4016,5.67,11:52,175,85.3
4017,5.67,11:45,176,85.3
4018,5.67,11:52,176,85.3
4019,5.67,11:16,175,86.0
4020,5.67,10:59,175,86.0
4021,5.68,11:05,175,86.0
4022,5.68,11:05,176,86.0
4023,5.68,10:54,175,86.0
4024,5.68,10:54,174,86.0
4025,5.68,11:05,176,86.0
4026,5.68,11:10,174,86.0
4027,5.68,11:16,174,86.0
4028,5.69,11:16,174,86.0
4029,5.69,11:52,173,85.3
4030,5.69,11:45,174,85.3
4031,5.69,11:45,174,85.3
4032,5.69,12:18,174,85.3
4033,5.69,12:18,173,85.3
4034,5.69,11:33,172,85.3
4035,5.7,11:10,172,84.6
4036,5.7,10:33,173,84.6
4037,5.7,9:56,173,84.6
4038,5.7,10:09,172,84.6
4039,5.7,10:18,172,85.3
4040,5.7,10:54,171,85.3
4041,5.71,11:33,171,85.3
4042,5.71,11:45,172,85.3
4043,5.71,11:21,172,85.3
4044,5.71,10:59,172,84.6
4045,5.71,10:28,171,85.3
4046,5.71,10:14,171,85.3
4047,5.71,10:28,173,85.3
4048,5.72,10:18,173,85.3
4049,5.72,10:59,173,85.3
4050,5.72,11:52,172,85.3
4051,5.72,11:58,172,85.3
4052,5.72,11:58,173,84.6
4053,5.72,12:25,173,84.6
4054,5.72,11:39,174,84.6
4055,5.73,10:54,173,84.0
4056,5.73,10:43,173,84.0
4057,5.73,10:28,174,84.0
4058,5.73,10:14,174,84.0
4059,5.73,10:38,174,84.6
4060,5.73,10:18,173,84.6
4061,5.74,10:14,173,84.6
4062,5.74,10:18,174,84.6
4063,5.74,10:18,174,84.6
4064,5.74,10:18,174,84.6
4065,5.74,10:38,174,84.6
4066,5.74,10:38,173,84.6
4067,5.75,10:48,173,84.6
4068,5.75,11:10,174,84.6
4069,5.75,10:54,172,84.6
4070,5.75,10:43,173,84.6
4071,5.75,10:59,172,84.6
4072,5.75,10:43,173,84.6
4073,5.75,10:33,173,84.6
4074,5.76,10:23,174,85.3
4075,5.76,10:43,173,85.3
4076,5.76,11:16,173,85.3
4077,5.76,11:52,173,85.3
4078,5.76,12:11,174,85.3
4079,5.76,12:46,174,85.3
4080,5.76,12:46,174,85.3
4081,5.77,12:04,173,84.6
4082,5.77,11:58,173,84.6
4083,5.77,11:39,174,84.6
4084,5.77,11:45,173,84.0
4085,5.77,11:33,173,84.0
4086,5.77,11:10,173,84.0
4087,5.77,10:38,173,84.0
4088,5.78,10:18,173,84.6
4089,5.78,10:00,174,84.6
4090,5.78,9:56,174,84.6
4091,5.78,9:43,174,84.6
4092,5.78,9:51,174,84.6
4093,5.78,10:18,174,84.6
4094,5.79,10:28,174,84.0
4095,5.79,10:48,174,84.0
4096,5.79,11:16,174,83.3
4097,5.79,11:33,175,82.7
4098,5.79,11:45,175,82.0
4099,5.79,12:11,174,81.4
4100,5.79,12:18,174,81.4
4101,5.8,12:39,174,81.4
4102,5.8,12:25,174,81.4
4103,5.8,12:11,175,81.4
4104,5.8,11:58,175,80.7
4105,5.8,11:58,174,80.7
4106,5.8,12:04,174,80.7
4107,5.8,12:11,174,80.7
4108,5.81,11:58,175,80.7
4109,5.81,11:45,175,80.7
4110,5.81,11:39,175,80.7
4111,5.81,11:21,173,80.7
4112,5.81,10:59,173,81.4
4113,5.81,10:33,175,81.4
4114,5.82,10:09,175,81.4
4115,5.82,9:43,174,81.4
4116,5.82,9:34,174,81.4
4117,5.82,9:34,174,82.0
4118,5.82,10:09,175,82.0
4119,5.82,11:05,174,82.0
4120,5.82,11:45,173,82.0
4121,5.83,12:04,173,82.0
4122,5.83,12:11,173,82.0
4123,5.83,11:45,173,82.7
4124,5.83,11:05,173,82.7
4125,5.83,10:33,172,82.7
4126,5.83,10:38,172,82.7
4127,5.83,10:43,172,82.7
4128,5.84,10:38,173,82.7
4129,5.84,10:54,173,82.7
4130,5.84,11:27,172,82.7
4131,5.84,11:33,172,82.0
4132,5.84,11:39,172,82.0
4133,5.84,12:25,173,82.0
4134,5.84,12:18,173,81.4
4135,5.85,11:39,172,81.4
4136,5.85,11:39,172,80.7
4137,5.85,11:52,172,80.7
4138,5.85,11:27,173,80.7
4139,5.85,11:21,173,80.1
4140,5.85,11:27,174,79.4
4141,5.86,11:05,174,79.4
4142,5.86,10:48,173,78.7
4143,5.86,11:10,173,78.7
4144,5.86,11:21,173,78.7
4145,5.86,11:52,173,78.1
4146,5.86,11:52,173,78.1
4147,5.86,12:11,174,78.1
4148,5.87,11:16,173,77.4
4149,5.87,10:59,172,78.1
4150,5.87,10:23,172,78.1
4151,5.87,10:48,172,78.1
4152,5.87,10:54,173,78.7
4153,5.87,11:21,173,78.7
4154,5.87,11:45,173,78.7
4155,5.88,12:39,172,78.7
4156,5.88,12:39,173,78.7
4157,5.88,12:32,173,79.4
4158,5.88,13:24,173,79.4
4159,5.88,12:32,172,79.4
4160,5.88,12:18,171,80.1
4161,5.88,12:39,172,80.7
4162,5.88,12:18,173,80.7
4163,5.89,12:04,172,80.7
4164,5.89,13:01,171,81.4
4165,5.89,12:25,170,81.4
4166,5.89,11:58,172,81.4
4167,5.89,12:11,172,81.4
4168,5.89,11:10,171,81.4
4169,5.89,10:59,171,81.4
4170,5.9,11:27,171,81.4
4171,5.9,10:48,172,81.4
4172,5.9,10:43,173,81.4
4173,5.9,11:27,173,81.4
4174,5.9,11:10,173,81.4
4175,5.9,10:43,173,81.4
4176,5.91,10:48,174,81.4
4177,5.91,10:48,175,81.4
4178,5.91,10:18,175,81.4
4179,5.91,9:56,175,81.4
4180,5.91,9:56,175,81.4
4181,5.91,9:51,175,81.4
4182,5.92,9:22,176,82.0
4183,5.92,9:18,177,82.0
4184,5.92,9:22,177,82.0
4185,5.92,9:22,177,82.0
4186,5.92,9:47,177,82.0
4187,5.92,9:51,179,82.7
4188,5.93,9:34,178,82.7
4189,5.93,9:38,177,82.7
4190,5.93,9:43,179,82.7
4191,5.93,9:22,179,82.0
4192,5.93,9:47,180,82.0
4193,5.93,10:18,179,82.0
4194,5.94,10:23,180,82.7
4195,5.94,10:23,180,82.7
4196,5.94,10:05,180,82.7
4197,5.94,9:30,181,82.7
4198,5.94,9:11,181,82.7
4199,5.94,9:34,180,82.7
4200,5.95,10:28,181,83.3
4201,5.95,10:59,181,84.0
4202,5.95,11:10,180,84.0
4203,5.95,10:59,180,84.0
4204,5.95,10:00,180,84.0
4205,5.95,9:07,181,84.0
4206,5.96,9:26,180,83.3
4207,5.96,10:00,180,82.7
4208,5.96,10:23,182,82.7
4209,5.96,11:10,181,82.7
4210,5.96,11:16,180,82.0
4211,5.96,10:59,181,82.0
4212,5.97,10:54,180,82.0
4213,5.97,10:43,179,82.0
4214,5.97,10:54,180,82.0
4215,5.97,11:16,180,81.4
4216,5.97,11:27,179,81.4
4217,5.97,11:05,180,81.4
4218,5.97,11:27,180,81.4
4219,5.98,10:59,180,81.4
4220,5.98,10:43,180,81.4
4221,5.98,10:28,180,81.4
4222,5.98,10:43,178,80.7
4223,5.98,10:54,177,80.7
4224,5.98,10:59,178,80.7
4225,5.99,10:43,178,80.7
4226,5.99,10:54,176,80.7
4227,5.99,10:48,177,80.7
4228,5.99,10:43,178,80.7
4229,5.99,10:48,177,80.1
4230,5.99,11:16,176,80.1
4231,5.99,10:59,177,80.1
4232,6.0,11:05,178,80.1
4233,6.0,11:10,177,79.4
4234,6.0,11:16,176,79.4
4235,6.0,11:16,177,79.4
4236,6.0,11:33,178,78.7
4237,6.0,11:39,177,78.1
4238,6.0,11:39,177,78.1
4239,6.01,11:58,178,77.4
4240,6.01,11:16,178,77.4
4241,6.01,10:43,177,76.8
4242,6.01,10:00,177,76.8
4243,6.01,9:22,176,76.8
4244,6.01,8:52,178,76.1
4245,6.02,8:56,178,76.1
4246,6.02,9:03,176,76.1
4247,6.02,9:14,177,76.1
4248,6.02,9:07,178,76.1
4249,6.02,9:07,178,75.5
4250,6.03,9:22,177,75.5
4251,6.03,9:38,177,75.5
4252,6.03,9:56,178,75.5
4253,6.03,10:18,177,76.1
4254,6.03,10:38,177,76.1
4255,6.03,10:43,177,76.1
4256,6.03,10:48,179,76.1
4257,6.04,10:54,177,76.1
4258,6.04,11:39,178,76.8
4259,6.04,12:04,179,76.8
4260,6.04,12:25,177,76.8
4261,6.04,12:32,177,77.4
4262,6.04,13:16,178,77.4
4263,6.04,13:08,179,78.1
4264,6.04,13:24,178,78.1
4265,6.05,13:16,177,78.7
4266,6.05,13:08,177,78.7
4267,6.05,12:11,178,79.4
4268,6.05,11:10,177,79.4
4269,6.05,10:28,177,80.1
4270,6.05,10:28,177,80.1
4271,6.06,10:14,177,80.1
4272,6.06,9:56,176,80.7
4273,6.06,10:14,176,80.7
4274,6.06,10:18,177,80.7
4275,6.06,10:54,177,80.7
4276,6.06,10:38,176,81.4
4277,6.06,11:21,177,81.4
4278,6.07,11:39,178,81.4
4279,6.07,11:58,177,82.0
4280,6.07,11:16,176,82.0
4281,6.07,11:52,176,82.0
4282,6.07,11:21,177,81.4
4283,6.07,11:16,177,81.4
4284,6.08,11:05,176,81.4
4285,6.08,10:33,175,81.4
4286,6.08,10:23,175,81.4
4287,6.08,10:38,177,81.4
4288,6.08,10:33,176,81.4
4289,6.08,10:05,175,81.4
4290,6.09,10:14,175,81.4
4291,6.09,9:47,175,81.4
4292,6.09,9:22,177,82.0
4293,6.09,9:11,176,82.0
4294,6.09,9:26,176,82.0
4295,6.09,9:34,177,82.0
4296,6.1,9:51,178,82.7
4297,6.1,9:56,176,82.7
4298,6.1,10:23,178,83.3
4299,6.1,10:28,179,83.3
4300,6.1,10:54,180,83.3
4301,6.1,11:58,179,84.0
4302,6.1,11:58,180,84.6
4303,6.11,11:52,180,84.6
4304,6.11,12:04,179,85.3
4305,6.11,11:27,181,85.3
4306,6.11,10:48,180,86.0
4307,6.11,11:27,180,86.0
4308,6.11,11:27,180,86.0
4309,6.11,11:21,180,86.0
4310,6.12,11:21,179,86.0
4311,6.12,11:10,179,86.0
4312,6.12,10:43,179,85.3
4313,6.12,10:54,179,85.3
4314,6.12,11:05,179,85.3
4315,6.12,11:27,179,85.3
4316,6.12,11:58,180,85.3
4317,6.13,12:32,179,85.3
4318,6.13,12:32,178,85.3
4319,6.13,12:53,179,85.3
4320,6.13,12:46,179,85.3
4321,6.13,12:39,179,85.3
4322,6.13,12:04,177,85.3
4323,6.13,11:39,179,85.3
4324,6.14,11:16,179,85.3
4325,6.14,10:59,178,85.3
4326,6.14,10:33,178,85.3
4327,6.14,10:18,178,85.3
4328,6.14,10:14,178,85.3
4329,6.14,10:05,178,85.3
4330,6.15,10:05,178,86.0
4331,6.15,9:56,178,86.0
4332,6.15,9:51,177,86.0
4333,6.15,10:09,177,86.0
4334,6.15,10:05,177,86.0
4335,6.15,9:43,178,86.0
4336,6.16,9:34,179,86.0
4337,6.16,10:09,179,86.6
4338,6.16,10:05,178,86.6
4339,6.16,10:18,179,86.6
4340,6.16,10:05,180,86.6
4341,6.16,10:33,180,87.3
4342,6.17,10:09,179,87.3
4343,6.17,10:00,179,87.9
4344,6.17,10:00,181,87.9
4345,6.17,10:43,181,88.6
4346,6.17,10:38,180,88.6
4347,6.17,11:16,181,88.6
4348,6.18,10:59,182,89.2
4349,6.18,10:54,180,88.6
4350,6.18,11:05,180,88.6
4351,6.18,10:43,181,88.6
4352,6.18,10:33,180,87.9
4353,6.18,10:59,180,87.9
4354,6.18,10:54,182,88.6
4355,6.19,10:33,181,88.6
4356,6.19,10:54,180,88.6
4357,6.19,10:38,182,87.9
4358,6.19,10:43,181,87.9
4359,6.19,11:05,180,87.9
4360,6.19,10:59,182,87.9
4361,6.19,11:10,180,87.9
4362,6.2,11:39,180,88.6
4363,6.2,11:16,181,88.6
4364,6.2,11:05,180,88.6
4365,6.2,11:27,179,88.6
4366,6.2,10:54,180,88.6
4367,6.2,10:18,180,88.6
4368,6.21,10:23,180,88.6
4369,6.21,10:18,180,88.6
4370,6.21,10:33,179,88.6
4371,6.21,10:59,180,88.6
4372,6.21,11:10,180,88.6
4373,6.21,11:05,180,89.2
4374,6.22,10:54,180,89.2
4375,6.22,10:18,180,89.2
4376,6.22,10:23,181,89.2
4377,6.22,10:14,181,89.2
4378,6.22,10:23,180,89.2
4379,6.22,10:33,181,89.2
4380,6.22,10:43,181,89.2
4381,6.23,10:43,180,89.2
4382,6.23,11:10,182,89.9
4383,6.23,11:10,180,89.9
4384,6.23,11:33,180,89.9
4385,6.23,11:58,182,89.9
4386,6.23,11:33,180,89.9
4387,6.23,11:39,180,90.6
4388,6.24,11:33,182,90.6
4389,6.24,11:05,181,90.6
4390,6.24,10:43,180,90.6
4391,6.24,10:48,181,91.2
4392,6.24,10:28,181,91.2
4393,6.24,10:48,181,91.2
4394,6.25,10:59,181,91.2
4395,6.25,10:59,181,91.2
4396,6.25,11:27,182,91.2
4397,6.25,12:11,182,91.2
4398,6.25,12:18,181,91.2
4399,6.25,12:25,182,91.2
4400,6.25,12:25,182,91.2
4401,6.26,11:33,181,91.2
4402,6.26,11:33,181,91.2
4403,6.26,11:39,181,91.2
4404,6.26,11:33,181,91.2
4405,6.26,11:58,181,91.2
4406,6.26,12:53,182,91.2
4407,6.26,12:11,180,91.2
4408,6.26,12:04,182,91.2
4409,6.27,11:39,182,91.2
4410,6.27,11:10,180,91.2
4411,6.27,10:33,180,91.2
4412,6.27,10:28,180,91.9
4413,6.27,10:23,179,91.9
4414,6.27,10:54,180,91.9
4415,6.28,10:59,180,91.9
4416,6.28,11:05,179,92.5
4417,6.28,11:45,180,92.5
4418,6.28,11:39,180,92.5
4419,6.28,11:33,179,92.5
4420,6.28,11:45,180,93.2
4421,6.28,12:18,180,93.2
4422,6.29,11:27,179,93.2
4423,6.29,11:27,179,92.5
4424,6.29,11:39,180,92.5
4425,6.29,11:27,179,92.5
4426,6.29,10:59,179,92.5
4427,6.29,10:59,180,92.5
4428,6.29,10:43,180,92.5
4429,6.3,10:43,178,92.5
4430,6.3,10:43,179,92.5
4431,6.3,10:59,179,92.5
4432,6.3,11:27,178,92.5
4433,6.3,11:45,178,92.5
4434,6.3,11:33,179,92.5
4435,6.3,11:52,178,92.5
4436,6.31,11:58,178,92.5
4437,6.31,12:18,179,92.5
4438,6.31,12:32,179,92.5
