elapsed_seconds,distance_miles,pace_per_mile,heartrate,altitude_ft
0,0.0,,110,170.6
1,0.0,,110,170.6
2,0.0,11:39,110,171.3
3,0.0,11:49,108,171.3
4,0.01,11:47,108,171.3
5,0.01,12:25,108,171.3
6,0.01,12:32,109,171.9
7,0.01,12:25,109,171.9
8,0.01,12:11,110,171.9
9,0.01,12:18,110,171.9
10,0.01,11:27,110,172.6
11,0.02,10:59,110,172.6
12,0.02,11:33,111,172.6
13,0.02,12:18,112,172.6
14,0.02,13:16,112,173.2
15,0.02,13:58,113,173.2
16,0.02,14:34,113,173.9
17,0.02,14:16,113,173.9
18,0.02,13:24,115,173.9
19,0.03,12:39,115,173.9
20,0.03,12:11,116,173.9
21,0.03,11:58,117,173.9
22,0.03,11:52,118,174.5
23,0.03,12:04,119,174.5
24,0.03,11:16,120,174.5
25,0.03,11:39,120,174.5
26,0.04,11:39,121,175.2
27,0.04,11:58,122,175.2
28,0.04,12:18,122,175.2
29,0.04,13:08,122,175.9
30,0.04,12:32,122,175.9
31,0.04,13:16,122,175.9
32,0.04,13:08,122,176.5
33,0.04,12:46,122,176.5
34,0.05,13:01,124,176.5
35,0.05,13:58,125,177.2
36,0.05,14:07,126,177.2
37,0.05,14:25,126,177.2
38,0.05,13:58,127,177.8
39,0.05,14:25,128,177.8
40,0.05,13:41,128,178.5
41,0.05,13:16,128,178.5
42,0.06,13:08,128,178.5
43,0.06,13:16,128,179.1
44,0.06,12:53,128,179.1
45,0.06,13:08,127,179.1
46,0.06,13:16,127,179.1
47,0.06,12:18,127,179.1
48,0.06,12:25,127,179.1
49,0.06,12:04,127,179.1
50,0.07,11:39,128,179.8
51,0.07,11:21,128,179.8
52,0.07,12:11,128,180.4
53,0.07,12:39,128,180.4
54,0.07,12:53,128,181.1
55,0.07,13:41,129,181.1
56,0.07,14:16,128,181.1
57,0.07,14:07,128,181.8
58,0.08,13:41,129,181.8
59,0.08,12:46,129,182.4
60,0.08,12:53,130,182.4
61,0.08,13:16,129,182.4
62,0.08,13:24,129,182.4
63,0.08,12:39,129,183.1
64,0.08,12:53,129,183.1
65,0.09,12:39,129,183.1
66,0.09,11:21,130,183.1
67,0.09,11:05,131,183.7
68,0.09,11:21,131,183.7
69,0.09,11:27,131,183.7
70,0.09,11:21,131,183.7
71,0.09,11:21,131,184.4
72,0.1,11:16,131,184.4
73,0.1,11:58,132,184.4
74,0.1,12:25,132,184.4
75,0.1,11:52,132,184.4
76,0.1,12:18,133,184.4
77,0.1,13:08,133,185.0
78,0.1,12:46,133,185.0
79,0.1,12:53,134,185.0
80,0.11,13:24,134,185.0
81,0.11,13:41,134,185.7
82,0.11,13:08,134,185.7
83,0.11,13:16,135,185.7
84,0.11,12:53,135,185.7
85,0.11,12:11,134,186.4
86,0.11,11:52,132,186.4
87,0.12,11:21,131,186.4
88,0.12,10:48,132,186.4
89,0.12,10:38,132,186.4
90,0.12,10:59,132,186.4
91,0.12,10:43,130,186.4
92,0.12,10:23,130,187.0
93,0.12,10:48,130,187.0
94,0.13,10:43,132,187.0
95,0.13,10:38,132,187.7
96,0.13,10:54,132,187.7
97,0.13,11:45,134,187.7
98,0.13,11:52,134,187.7
99,0.13,12:18,135,187.7
100,0.13,12:25,135,187.7
101,0.14,12:11,135,187.7
102,0.14,11:45,136,188.3
103,0.14,11:27,136,188.3
104,0.14,11:27,136,188.3
105,0.14,11:45,137,189.0
106,0.14,12:11,135,189.0
107,0.14,12:32,133,189.0
108,0.15,12:18,132,189.0
109,0.15,11:52,132,189.6
110,0.15,11:45,130,189.6
111,0.15,11:39,126,189.6
112,0.15,11:16,121,189.6
113,0.15,11:52,120,190.3
114,0.15,13:08,121,190.3
115,0.16,13:01,121,190.3
116,0.16,13:32,121,190.3
117,0.16,14:25,121,190.3
118,0.16,13:41,121,190.3
119,0.16,13:16,122,190.9
120,0.16,14:16,122,190.9
121,0.16,14:25,122,190.9
122,0.16,14:25,123,191.6
123,0.16,15:24,123,191.6
124,0.17,14:34,124,192.3
125,0.17,13:58,127,192.3
126,0.17,13:49,129,192.9
127,0.17,13:32,132,192.9
128,0.17,13:01,133,193.6
129,0.17,12:32,133,193.6
130,0.17,11:39,132,192.9
131,0.18,11:10,131,193.6
132,0.18,10:54,132,193.6
133,0.18,10:43,132,193.6
134,0.18,11:21,132,193.6
135,0.18,12:04,133,193.6
136,0.18,11:58,135,194.2
137,0.18,11:21,135,194.2
138,0.19,10:54,136,194.2
139,0.19,10:14,137,194.2
140,0.19,10:00,137,194.2
141,0.19,10:14,139,194.2
142,0.19,10:48,139,194.2
143,0.19,11:21,140,194.2
144,0.19,11:58,140,194.9
145,0.2,11:45,140,194.9
146,0.2,11:58,140,194.9
147,0.2,12:18,140,194.9
148,0.2,12:11,140,194.9
149,0.2,11:52,140,194.9
150,0.2,12:53,140,195.5
151,0.2,11:58,140,195.5
152,0.21,11:58,140,195.5
153,0.21,12:11,139,195.5
154,0.21,13:01,138,195.5
155,0.21,13:08,138,195.5
156,0.21,14:25,138,195.5
157,0.21,14:16,138,195.5
158,0.21,12:53,138,195.5
159,0.22,11:45,139,195.5
160,0.22,11:10,139,196.2
161,0.22,10:38,138,196.2
162,0.22,11:10,139,196.2
163,0.22,12:39,138,196.2
164,0.22,14:07,137,196.9
165,0.22,14:44,137,196.9
166,0.22,15:14,137,196.9
167,0.23,14:34,137,196.9
168,0.23,14:16,137,196.9
169,0.23,13:24,137,196.9
170,0.23,13:16,136,196.9
171,0.23,13:49,135,197.5
172,0.23,14:25,135,197.5
173,0.23,13:24,135,197.5
174,0.23,12:46,135,197.5
175,0.24,12:46,135,196.9
176,0.24,12:25,135,196.9
177,0.24,11:45,135,196.9
178,0.24,12:04,135,196.9
179,0.24,13:08,135,196.9
180,0.24,12:46,136,196.2
181,0.24,12:39,136,196.2
182,0.24,12:39,136,196.2
183,0.25,12:25,135,196.2
184,0.25,11:52,135,196.2
185,0.25,11:52,134,196.2
186,0.25,11:52,133,196.2
187,0.25,11:52,133,196.2
188,0.25,12:11,133,195.5
189,0.25,11:10,133,195.5
190,0.26,10:38,132,195.5
191,0.26,10:23,132,195.5
192,0.26,10:18,131,195.5
193,0.26,10:14,130,195.5
194,0.26,11:16,129,195.5
195,0.26,12:04,130,195.5
196,0.27,12:11,129,195.5
197,0.27,12:11,129,195.5
198,0.27,12:32,130,195.5
199,0.27,12:11,130,195.5
200,0.27,11:52,131,194.9
201,0.27,11:52,131,194.9
202,0.27,11:52,131,194.9
203,0.27,11:33,131,194.9
204,0.28,11:39,131,194.9
205,0.28,12:11,131,194.9
206,0.28,12:04,131,194.9
207,0.28,12:11,131,194.2
208,0.28,11:05,131,194.2
209,0.28,10:43,131,194.2
210,0.29,9:51,131,194.2
211,0.29,9:47,130,193.6
212,0.29,9:34,131,193.6
213,0.29,10:18,131,193.6
214,0.29,10:43,131,192.9
215,0.29,10:48,131,192.9
216,0.29,11:10,132,192.9
217,0.3,11:33,133,192.9
218,0.3,11:58,133,192.9
219,0.3,12:04,133,193.6
220,0.3,12:46,132,193.6
221,0.3,12:53,132,193.6
222,0.3,12:39,132,192.9
223,0.3,11:39,131,192.9
224,0.31,11:21,131,192.9
225,0.31,10:48,131,192.9
226,0.31,10:14,131,192.3
227,0.31,10:33,131,192.3
228,0.31,10:48,131,192.3
229,0.31,10:28,131,192.3
230,0.32,11:27,132,192.3
231,0.32,12:04,133,192.3
232,0.32,11:33,133,192.3
233,0.32,12:04,133,191.6
234,0.32,13:16,133,191.6
235,0.32,13:16,133,191.6
236,0.32,13:58,133,191.6
237,0.32,14:44,131,191.6
238,0.32,15:24,131,191.6
239,0.33,14:34,131,191.6
240,0.33,13:01,132,191.6
241,0.33,11:21,132,191.6
242,0.33,10:48,132,191.6
243,0.33,10:05,131,191.6
244,0.33,9:56,131,190.9
245,0.34,10:09,131,190.9
246,0.34,10:38,132,190.9
247,0.34,10:38,132,190.9
248,0.34,10:33,131,190.9
249,0.34,10:59,131,190.9
250,0.34,11:16,131,190.3
251,0.34,11:39,131,190.3
252,0.35,11:45,131,190.3
253,0.35,12:18,132,190.3
254,0.35,11:58,132,190.3
255,0.35,11:39,133,189.6
256,0.35,11:39,133,189.6
257,0.35,11:33,133,189.6
258,0.35,11:33,133,189.6
259,0.36,11:05,134,189.6
260,0.36,11:21,133,189.6
261,0.36,11:10,133,189.6
262,0.36,11:10,133,189.6
263,0.36,11:21,134,189.6
264,0.36,12:04,134,189.6
265,0.36,12:04,135,189.6
266,0.37,11:58,134,189.6
267,0.37,12:18,134,189.6
268,0.37,11:27,134,189.0
269,0.37,11:05,134,189.0
270,0.37,10:43,133,189.0
271,0.37,10:43,134,188.3
272,0.38,10:54,134,188.3
273,0.38,11:39,135,188.3
274,0.38,11:45,134,188.3
275,0.38,12:11,134,188.3
276,0.38,11:45,135,188.3
277,0.38,11:27,135,188.3
278,0.38,11:21,135,188.3
279,0.39,11:21,135,188.3
280,0.39,11:05,134,188.3
281,0.39,11:39,134,188.3
282,0.39,11:27,135,188.3
283,0.39,11:52,135,188.3
284,0.39,11:27,136,188.3
285,0.39,11:58,135,187.7
286,0.39,12:25,135,187.7
287,0.4,13:16,135,187.7
288,0.4,13:41,134,187.7
289,0.4,14:34,133,187.0
290,0.4,14:34,133,187.0
291,0.4,14:07,132,187.0
292,0.4,13:32,132,187.0
293,0.4,12:18,131,187.0
294,0.4,12:32,131,187.0
295,0.41,11:58,132,187.0
296,0.41,11:52,132,187.0
297,0.41,11:58,132,186.4
298,0.41,11:58,132,186.4
299,0.41,12:04,133,186.4
300,0.41,12:39,132,185.7
301,0.41,12:46,132,185.7
302,0.42,12:46,131,185.7
303,0.42,12:39,132,185.7
304,0.42,11:58,132,185.7
305,0.42,11:52,131,185.7
306,0.42,11:39,131,185.7
307,0.42,11:16,131,185.7
308,0.42,11:21,131,185.7
309,0.43,11:21,131,185.0
310,0.43,10:48,130,185.0
311,0.43,10:48,130,185.0
312,0.43,11:16,130,185.0
313,0.43,11:27,129,185.0
314,0.43,11:39,128,184.4
315,0.43,12:11,128,184.4
316,0.44,12:18,126,184.4
317,0.44,11:39,126,183.7
318,0.44,10:59,126,183.7
319,0.44,11:05,125,183.7
320,0.44,11:05,125,183.1
321,0.44,11:16,125,183.1
322,0.44,11:45,125,183.1
323,0.45,12:39,126,183.1
324,0.45,13:08,127,183.1
325,0.45,13:08,127,183.1
326,0.45,12:32,126,183.1
327,0.45,11:58,126,183.1
328,0.45,11:21,125,183.1
329,0.45,10:59,125,183.1
330,0.46,10:54,126,183.1
331,0.46,10:59,126,183.1
332,0.46,11:05,126,183.1
333,0.46,11:27,127,183.1
334,0.46,11:16,128,182.4
335,0.46,11:16,128,182.4
336,0.46,11:45,129,182.4
337,0.47,12:04,129,182.4
338,0.47,12:11,129,181.8
339,0.47,12:04,130,181.8
340,0.47,12:18,130,181.8
341,0.47,11:27,130,181.8
342,0.47,11:27,131,181.8
343,0.47,11:58,130,181.8
344,0.48,11:52,129,181.1
345,0.48,11:39,128,181.1
346,0.48,12:18,128,181.1
347,0.48,12:25,128,181.1
348,0.48,11:45,128,180.4
349,0.48,11:39,129,180.4
350,0.48,11:16,129,180.4
351,0.49,10:48,129,180.4
352,0.49,10:33,130,180.4
353,0.49,10:38,130,180.4
354,0.49,11:10,131,180.4
355,0.49,11:45,131,180.4
356,0.49,12:25,131,179.8
357,0.49,12:11,132,179.8
358,0.5,11:21,132,179.8
359,0.5,11:27,132,179.8
360,0.5,11:33,131,179.8
361,0.5,11:16,132,179.1
362,0.5,11:39,133,179.1
363,0.5,13:01,132,179.1
364,0.51,11:39,132,179.1
365,0.51,11:05,133,178.5
366,0.51,11:05,133,178.5
367,0.51,11:21,131,177.8
368,0.51,11:16,131,177.8
369,0.51,11:45,130,177.2
370,0.51,13:24,130,177.2
371,0.51,13:58,131,177.2
372,0.52,13:24,131,177.2
373,0.52,12:39,131,177.2
374,0.52,12:46,132,177.2
375,0.52,11:45,132,177.2
376,0.52,11:27,131,177.2
377,0.52,12:11,131,176.5
378,0.52,11:58,131,176.5
379,0.53,12:32,131,176.5
380,0.53,11:39,131,176.5
381,0.53,11:05,132,176.5
382,0.53,10:33,133,175.9
383,0.53,10:54,133,175.9
384,0.53,10:09,133,175.9
385,0.53,10:43,134,175.2
386,0.54,11:33,135,175.2
387,0.54,11:10,134,175.2
388,0.54,11:45,135,175.2
389,0.54,11:58,135,174.5
390,0.54,12:11,136,174.5
391,0.54,12:11,136,174.5
392,0.54,11:58,136,174.5
393,0.55,11:27,136,174.5
394,0.55,12:11,135,174.5
395,0.55,11:21,135,174.5
396,0.55,10:54,134,174.5
397,0.55,11:16,133,174.5
398,0.55,11:33,133,173.9
399,0.55,11:39,133,173.2
400,0.56,12:39,133,173.2
401,0.56,12:53,133,173.2
402,0.56,13:01,133,173.2
403,0.56,12:04,134,173.2
404,0.56,11:33,133,173.2
405,0.56,11:10,133,173.2
406,0.56,11:16,133,172.6
407,0.57,11:16,132,172.6
408,0.57,11:52,132,172.6
409,0.57,12:18,130,172.6
410,0.57,12:11,129,172.6
411,0.57,11:58,129,172.6
412,0.57,11:45,129,172.6
413,0.57,11:45,129,171.9
414,0.58,11:39,129,171.9
415,0.58,10:48,130,171.3
416,0.58,11:10,132,171.3
417,0.58,11:27,132,170.6
418,0.58,11:33,133,170.6
419,0.58,12:11,133,170.6
420,0.58,14:16,134,170.6
421,0.58,14:16,134,170.6
422,0.59,13:16,135,170.6
423,0.59,13:01,135,170.6
424,0.59,12:04,135,170.6
425,0.59,11:45,134,170.6
426,0.59,11:16,134,170.6
427,0.59,11:58,133,169.9
428,0.6,11:33,133,169.9
429,0.6,11:10,133,169.9
430,0.6,10:28,133,169.9
431,0.6,10:33,133,169.9
432,0.6,10:33,133,169.9
433,0.6,10:43,134,169.9
434,0.6,11:05,134,169.9
435,0.61,11:27,134,169.9
436,0.61,11:52,134,169.9
437,0.61,12:04,134,169.3
438,0.61,12:39,134,169.3
439,0.61,12:25,133,169.3
440,0.61,12:04,133,168.6
441,0.61,11:33,134,168.6
442,0.62,11:27,135,168.6
443,0.62,10:54,135,168.6
444,0.62,11:58,135,168.6
445,0.62,12:46,136,168.6
446,0.62,12:46,134,168.6
447,0.62,12:25,134,168.6
448,0.62,12:25,135,168.0
449,0.63,11:45,134,168.0
450,0.63,11:39,134,168.0
451,0.63,11:52,135,168.0
452,0.63,11:16,134,168.0
453,0.63,10:48,135,167.3
454,0.63,10:38,135,167.3
455,0.63,10:18,135,167.3
456,0.64,10:28,135,167.3
457,0.64,11:10,135,167.3
458,0.64,11:39,135,167.3
459,0.64,11:33,134,167.3
460,0.64,11:58,134,167.3
461,0.64,12:11,134,166.7
462,0.64,12:11,134,166.7
463,0.65,12:32,134,166.7
464,0.65,13:08,134,166.7
465,0.65,13:32,133,166.7
466,0.65,13:41,133,166.0
467,0.65,14:07,132,166.0
468,0.65,14:25,134,166.0
469,0.65,14:07,135,166.0
470,0.65,13:08,136,166.0
471,0.66,12:11,136,166.0
472,0.66,12:04,137,166.0
473,0.66,12:18,137,166.0
474,0.66,11:58,138,165.4
475,0.66,12:11,137,165.4
476,0.66,11:58,139,165.4
477,0.66,12:04,138,165.4
478,0.66,11:58,139,164.7
479,0.67,12:18,139,164.7
480,0.67,12:11,139,164.0
481,0.67,12:18,138,164.0
482,0.67,10:59,138,164.0
483,0.67,9:51,137,164.0
484,0.68,9:11,136,164.0
485,0.68,8:49,136,163.4
486,0.68,8:35,135,163.4
487,0.68,8:42,135,162.7
488,0.68,9:18,135,162.7
489,0.68,10:14,135,162.1
490,0.68,11:21,135,162.1
491,0.69,11:58,135,162.1
492,0.69,12:39,136,162.1
493,0.69,12:32,136,162.1
494,0.69,11:33,136,162.1
495,0.69,10:33,135,162.1
496,0.69,10:14,135,162.1
497,0.7,10:05,135,162.1
498,0.7,10:14,135,161.4
499,0.7,10:43,134,161.4
500,0.7,10:59,135,161.4
501,0.7,11:33,135,161.4
502,0.7,12:04,135,161.4
503,0.7,12:04,135,160.8
504,0.71,12:04,136,160.8
505,0.71,12:18,136,160.8
506,0.71,12:11,138,160.8
507,0.71,12:04,138,160.8
508,0.71,11:52,138,160.8
509,0.71,11:45,138,160.1
510,0.71,11:05,137,159.4
511,0.72,10:28,138,159.4
512,0.72,10:28,138,158.8
513,0.72,10:48,138,158.8
514,0.72,10:48,139,158.8
515,0.72,11:10,138,158.8
516,0.72,11:27,138,159.4
517,0.72,11:16,138,159.4
518,0.73,10:54,137,160.1
519,0.73,11:05,136,160.1
520,0.73,11:33,136,160.1
521,0.73,12:18,137,160.1
522,0.73,12:32,136,160.1
523,0.73,12:04,136,160.1
524,0.73,11:39,137,160.1
525,0.74,11:16,137,160.1
526,0.74,10:28,137,159.4
527,0.74,10:33,137,159.4
528,0.74,11:58,137,159.4
529,0.74,12:46,137,160.1
530,0.74,13:49,138,160.1
531,0.74,15:46,138,160.1
532,0.74,16:58,139,160.1
533,0.75,15:46,140,160.1
534,0.75,14:54,140,160.1
535,0.75,13:49,140,160.1
536,0.75,12:46,142,160.1
537,0.75,11:52,141,160.1
538,0.75,11:45,142,160.1
539,0.75,11:33,143,160.8
540,0.76,12:04,144,160.8
541,0.76,12:32,144,160.8
542,0.76,12:04,143,160.8
543,0.76,12:04,143,160.8
544,0.76,12:39,143,160.8
545,0.76,12:11,143,160.8
546,0.76,12:11,143,160.8
547,0.76,12:18,143,160.8
548,0.77,12:32,142,160.8
549,0.77,12:11,143,160.8
550,0.77,11:33,143,160.8
551,0.77,11:16,142,160.8
552,0.77,12:11,142,160.8
553,0.77,11:45,142,160.8
554,0.77,11:21,142,160.8
555,0.78,12:04,141,160.8
556,0.78,11:45,141,160.8
557,0.78,11:16,141,160.8
558,0.78,11:05,140,160.8
559,0.78,11:58,140,160.8
560,0.78,12:11,141,160.8
561,0.78,13:24,141,160.8
562,0.79,13:08,141,160.8
563,0.79,13:32,141,160.8
564,0.79,13:01,140,160.8
565,0.79,12:39,140,160.8
566,0.79,11:58,140,160.8
567,0.79,12:25,140,161.4
568,0.79,12:39,139,162.1
569,0.79,12:32,136,162.1
570,0.8,11:58,135,162.1
571,0.8,11:52,135,162.1
572,0.8,11:16,134,161.4
573,0.8,11:27,134,161.4
574,0.8,11:39,134,161.4
575,0.8,12:53,132,161.4
576,0.8,13:58,133,161.4
577,0.8,15:24,133,161.4
578,0.81,15:35,133,161.4
579,0.81,16:09,133,161.4
580,0.81,15:35,133,162.1
581,0.81,15:04,133,162.1
582,0.81,13:49,133,162.1
583,0.81,12:11,133,162.1
584,0.81,11:05,134,162.1
585,0.82,10:14,133,162.1
586,0.82,9:34,134,162.7
587,0.82,9:22,134,162.7
588,0.82,10:05,133,162.7
589,0.82,10:43,133,162.7
590,0.82,11:16,133,163.4
591,0.83,11:33,133,163.4
592,0.83,11:52,133,163.4
593,0.83,11:21,133,163.4
594,0.83,11:10,133,163.4
595,0.83,11:05,134,163.4
596,0.83,11:27,135,163.4
597,0.83,11:45,136,163.4
598,0.84,12:18,137,163.4
599,0.84,12:18,137,163.4
600,0.84,12:25,137,163.4
601,0.84,11:45,138,163.4
602,0.84,11:45,138,163.4
603,0.84,11:52,140,163.4
604,0.84,11:16,140,163.4
605,0.85,10:59,140,163.4
606,0.85,11:45,140,163.4
607,0.85,12:18,140,163.4
608,0.85,11:52,139,163.4
609,0.85,12:39,139,163.4
610,0.85,13:16,139,163.4
611,0.85,12:46,140,163.4
612,0.85,12:46,139,162.7
613,0.86,12:53,139,162.7
614,0.86,13:01,138,162.7
615,0.86,12:46,139,162.7
616,0.86,12:11,139,162.7
617,0.86,11:10,140,162.7
618,0.86,10:28,140,162.7
619,0.87,10:14,141,162.7
620,0.87,10:38,141,162.1
621,0.87,11:33,140,162.1
622,0.87,12:53,140,161.4
623,0.87,13:24,139,160.8
624,0.87,13:16,138,160.1
625,0.87,13:01,138,160.1
626,0.87,12:32,138,160.1
627,0.88,11:33,138,159.4
628,0.88,11:10,138,159.4
629,0.88,11:05,139,158.8
630,0.88,10:48,139,158.8
631,0.88,10:59,138,158.1
632,0.88,11:33,138,157.5
633,0.88,12:11,139,157.5
634,0.89,12:32,139,156.8
635,0.89,12:39,138,156.2
636,0.89,12:46,139,156.2
637,0.89,12:32,138,155.5
638,0.89,11:52,139,154.9
639,0.89,11:39,139,154.9
640,0.89,10:59,139,154.2
641,0.9,10:38,139,153.5
642,0.9,10:23,140,153.5
643,0.9,11:10,139,152.9
644,0.9,11:33,139,152.9
645,0.9,12:18,138,152.2
646,0.9,11:27,138,151.6
647,0.9,11:21,138,151.6
648,0.91,10:33,138,150.9
649,0.91,9:51,137,150.9
650,0.91,9:56,138,150.3
651,0.91,10:18,137,150.3
652,0.91,10:14,136,149.6
653,0.91,10:43,135,149.6
654,0.92,11:05,135,149.0
655,0.92,10:59,135,149.0
656,0.92,11:33,134,148.3
657,0.92,11:21,134,147.6
658,0.92,11:16,133,147.6
659,0.92,10:48,133,147.0
660,0.92,10:43,132,147.0
661,0.93,10:28,132,146.3
662,0.93,11:10,132,146.3
663,0.93,11:45,133,145.7
664,0.93,13:58,134,145.0
665,0.93,14:34,135,145.0
666,0.93,14:25,135,145.0
667,0.93,13:24,135,145.0
668,0.93,13:16,135,144.4
669,0.94,13:24,135,144.4
670,0.94,15:46,135,144.4
671,0.94,19:26,134,144.4
672,0.94,22:21,133,144.4
673,0.94,23:56,133,143.7
674,0.94,22:21,133,143.7
675,0.94,18:22,133,143.0
676,0.94,14:54,134,143.0
677,0.94,13:24,133,143.0
678,0.95,11:45,133,143.0
679,0.95,10:33,133,143.0
680,0.95,9:18,133,143.7
681,0.95,8:49,133,144.4
682,0.95,9:18,134,144.4
683,0.95,9:34,134,144.4
684,0.96,10:09,135,144.4
685,0.96,11:27,135,144.4
686,0.96,12:39,137,145.0
687,0.96,12:18,138,145.0
688,0.96,13:16,138,145.7
689,0.96,13:24,138,145.7
690,0.96,13:49,139,145.7
691,0.96,14:34,139,145.7
692,0.96,15:46,139,145.7
693,0.97,15:35,139,145.7
694,0.97,14:44,138,146.3
695,0.97,13:49,138,146.3
696,0.97,13:58,139,146.3
697,0.97,13:08,139,147.0
698,0.97,13:08,139,147.0
699,0.97,13:32,139,147.0
700,0.98,13:16,139,147.6
701,0.98,12:11,140,147.6
702,0.98,11:33,141,148.3
703,0.98,10:43,140,149.0
704,0.98,10:48,140,149.0
705,0.98,10:48,141,149.6
706,0.98,11:16,142,149.6
707,0.99,12:18,143,150.3
708,0.99,12:32,143,150.3
709,0.99,12:04,144,150.3
710,0.99,12:04,144,150.9
711,0.99,12:11,145,151.6
712,0.99,11:10,145,151.6
713,0.99,10:43,146,152.2
714,1.0,10:48,146,152.2
715,1.0,11:10,146,152.2
716,1.0,10:59,148,152.2
717,1.0,12:18,147,152.2
718,1.0,13:58,147,152.2
719,1.0,14:44,148,151.6
720,1.0,14:16,146,151.6
721,1.0,13:41,147,150.9
722,1.01,12:32,146,150.9
723,1.01,11:16,145,150.9
724,1.01,10:09,145,151.6
725,1.01,9:56,145,151.6
726,1.01,10:05,145,151.6
727,1.01,10:23,145,150.9
728,1.02,11:05,145,150.9
729,1.02,12:18,145,150.9
730,1.02,13:16,146,150.9
731,1.02,14:16,146,150.3
732,1.02,14:16,147,150.3
733,1.02,15:57,147,150.3
734,1.02,17:25,147,150.3
735,1.02,18:53,146,149.6
736,1.02,19:43,145,149.6
737,1.02,23:31,144,149.6
738,1.02,24:23,142,149.0
739,1.02,24:23,140,149.0
740,1.02,28:32,139,149.0
741,1.03,26:17,139,148.3
742,1.03,22:21,138,148.3
743,1.03,19:26,138,148.3
744,1.03,17:11,137,147.6
745,1.03,14:16,137,147.6
746,1.03,13:58,134,147.0
747,1.03,13:49,134,146.3
748,1.03,13:24,132,146.3
749,1.04,13:41,131,146.3
750,1.04,13:58,129,146.3
751,1.04,14:07,129,146.3
752,1.04,13:32,128,146.3
753,1.04,13:49,128,146.3
754,1.04,13:32,127,145.7
755,1.04,13:16,125,145.0
756,1.04,13:01,125,144.4
757,1.05,13:24,123,144.4
758,1.05,13:41,123,143.7
759,1.05,14:34,122,143.7
760,1.05,16:33,122,143.7
761,1.05,17:38,119,143.0
762,1.05,17:25,118,143.0
763,1.05,16:45,117,143.0
764,1.05,16:09,116,143.7
765,1.05,14:34,113,143.0
766,1.06,13:49,113,143.0
767,1.06,14:07,113,143.0
768,1.06,14:44,114,142.4
769,1.06,15:57,114,142.4
770,1.06,18:37,115,142.4
771,1.06,21:59,115,142.4
772,1.06,22:21,116,141.7
773,1.06,20:19,116,141.7
774,1.06,17:11,116,141.7
775,1.06,14:07,116,141.7
776,1.07,12:25,114,141.7
777,1.07,12:11,113,141.7
778,1.07,12:18,111,141.7
779,1.07,12:46,112,141.7
780,1.07,13:24,112,141.7
781,1.07,13:41,111,141.7
782,1.07,13:24,111,141.1
783,1.07,13:16,113,141.1
784,1.08,13:08,113,139.8
785,1.08,13:01,113,139.8
786,1.08,13:01,111,139.1
787,1.08,13:24,109,139.1
788,1.08,13:49,110,138.5
789,1.08,14:25,111,138.5
790,1.08,14:54,111,138.5
791,1.08,14:16,110,137.8
792,1.08,14:16,111,137.8
793,1.09,13:58,110,137.1
794,1.09,13:16,110,137.1
795,1.09,12:53,110,137.1
796,1.09,13:16,109,137.1
797,1.09,13:16,108,136.5
798,1.09,13:58,108,135.8
858,1.09,1031:37,109,123.4
859,1.09,1031:37,108,122.7
860,1.09,462:27,107,122.7
861,1.1,301:22,107,122.7
862,1.1,241:38,104,122.7
863,1.1,15:04,104,122.0
864,1.1,15:57,104,122.0
865,1.1,16:58,103,122.0
866,1.1,17:25,104,122.0
867,1.1,15:57,108,122.0
868,1.1,15:35,110,122.0
869,1.1,13:41,112,122.7
870,1.11,12:46,114,122.7
871,1.11,11:39,115,122.7
872,1.11,10:43,116,122.7
873,1.11,9:43,118,122.7
874,1.11,8:52,120,123.4
875,1.12,8:16,123,123.4
876,1.12,7:56,125,123.4
877,1.12,7:58,126,123.4
878,1.12,8:07,127,123.4
879,1.12,8:19,130,123.4
880,1.13,8:19,131,123.4
881,1.13,8:42,131,123.4
882,1.13,8:45,132,123.4
883,1.13,8:45,133,123.4
884,1.13,8:52,133,124.0
885,1.13,9:18,133,124.0
886,1.14,11:16,133,124.0
887,1.14,13:08,134,124.0
888,1.14,15:14,133,124.0
889,1.14,16:58,134,124.0
890,1.14,16:45,133,124.0
891,1.14,13:24,133,124.0
892,1.14,11:39,134,124.0
893,1.14,10:28,135,124.0
894,1.15,9:51,134,124.0
895,1.15,9:51,134,124.0
896,1.15,9:14,135,124.0
897,1.15,9:07,136,124.0
898,1.15,9:11,136,124.0
899,1.16,9:07,137,124.0
900,1.16,9:00,138,124.0
901,1.16,9:22,138,124.0
902,1.16,9:51,138,124.7
903,1.16,9:56,139,124.7
904,1.16,9:51,139,125.3
905,1.17,9:51,141,125.3
906,1.17,9:38,141,125.3
907,1.17,9:18,141,125.3
908,1.17,9:22,143,125.3
909,1.17,9:51,142,125.3
910,1.17,10:05,143,125.3
911,1.18,10:43,144,126.0
912,1.18,11:10,144,126.0
913,1.18,11:16,144,126.0
914,1.18,11:16,144,126.0
915,1.18,11:10,144,126.0
916,1.18,10:54,144,126.0
917,1.18,10:33,144,125.3
918,1.19,10:38,144,125.3
919,1.19,10:28,145,125.3
920,1.19,10:09,144,125.3
921,1.19,10:00,145,125.3
922,1.19,10:05,145,125.3
923,1.19,9:47,146,126.0
924,1.2,9:38,146,126.0
925,1.2,10:05,146,125.3
926,1.2,10:05,147,125.3
927,1.2,9:38,148,125.3
928,1.2,9:26,148,125.3
929,1.21,9:47,147,125.3
930,1.21,9:34,148,125.3
931,1.21,9:43,149,125.3
932,1.21,10:00,149,125.3
933,1.21,10:23,149,125.3
934,1.21,10:28,149,125.3
935,1.21,10:48,149,125.3
936,1.22,10:38,149,125.3
937,1.22,11:21,149,125.3
938,1.22,11:21,149,125.3
939,1.22,11:10,149,124.7
940,1.22,10:38,150,124.7
941,1.22,10:33,149,124.7
942,1.23,10:00,149,124.7
943,1.23,9:56,149,125.3
944,1.23,10:05,150,125.3
945,1.23,10:28,150,125.3
946,1.23,10:33,150,125.3
947,1.23,11:05,150,124.7
948,1.24,10:54,150,124.7
949,1.24,10:38,149,124.0
950,1.24,10:18,148,124.7
951,1.24,10:05,147,124.7
952,1.24,9:34,146,124.7
953,1.24,9:43,145,125.3
954,1.24,10:05,144,125.3
955,1.25,10:43,144,125.3
956,1.25,11:27,139,125.3
957,1.25,11:58,136,125.3
958,1.25,12:04,137,125.3
959,1.25,11:39,137,125.3
960,1.25,10:54,137,125.3
961,1.26,10:23,137,126.0
962,1.26,10:09,137,126.0
963,1.26,10:09,137,126.0
964,1.26,10:05,137,126.0
965,1.26,10:48,137,125.3
966,1.26,10:59,137,125.3
967,1.26,11:05,137,126.0
968,1.27,10:54,137,126.0
969,1.27,11:05,137,126.0
970,1.27,10:43,138,126.6
971,1.27,10:33,138,126.6
972,1.27,10:38,138,126.6
973,1.27,10:09,138,126.6
974,1.28,9:43,139,126.6
975,1.28,9:26,141,126.6
976,1.28,9:38,142,126.6
977,1.28,9:51,145,126.6
978,1.28,10:28,146,126.6
979,1.28,11:05,148,126.6
980,1.29,11:45,149,126.6
981,1.29,11:33,150,126.6
982,1.29,11:16,150,126.6
983,1.29,10:43,152,126.6
984,1.29,10:23,152,126.6
985,1.29,9:51,155,126.6
986,1.3,9:56,155,126.0
987,1.3,10:09,154,126.0
988,1.3,10:28,155,126.0
989,1.3,10:54,154,126.0
990,1.3,11:21,153,125.3
991,1.3,11:05,153,125.3
992,1.3,10:18,153,125.3
993,1.31,10:05,153,125.3
994,1.31,9:26,152,125.3
995,1.31,9:07,153,124.7
996,1.31,9:11,153,124.7
997,1.31,9:18,153,124.0
998,1.32,9:22,153,124.0
999,1.32,9:34,153,123.4
1000,1.32,9:34,153,123.4
1001,1.32,9:22,154,123.4
1002,1.32,9:30,154,123.4
1003,1.32,10:05,154,123.4
1004,1.33,10:14,154,123.4
1005,1.33,10:14,155,123.4
1006,1.33,10:18,154,122.7
1007,1.33,9:51,154,122.7
1008,1.33,9:30,154,122.7
1009,1.33,8:49,155,122.0
1010,1.34,8:45,154,122.0
1011,1.34,8:56,155,122.0
1012,1.34,8:49,154,121.4
1013,1.34,9:00,155,121.4
1014,1.34,9:26,155,121.4
1015,1.35,9:34,155,120.7
1016,1.35,9:34,154,121.4
1017,1.35,9:51,154,121.4
1018,1.35,9:38,154,122.0
1019,1.35,9:56,154,122.0
1020,1.35,10:38,154,122.7
1021,1.35,10:59,154,122.7
1022,1.36,11:16,155,123.4
1023,1.36,11:45,154,123.4
1024,1.36,11:58,155,123.4
1025,1.36,11:16,155,123.4
1026,1.36,11:16,155,123.4
1027,1.36,12:04,155,122.7
1028,1.36,12:11,155,123.4
1029,1.37,11:58,154,123.4
1030,1.37,11:39,155,123.4
1031,1.37,11:39,155,123.4
1032,1.37,10:48,155,123.4
1033,1.37,10:48,155,123.4
1034,1.37,10:38,156,124.0
1035,1.38,10:38,156,124.0
1036,1.38,10:33,156,124.0
1037,1.38,10:18,156,124.0
1038,1.38,10:09,156,124.0
1039,1.38,10:18,156,124.7
1040,1.38,10:28,156,124.7
1041,1.38,10:18,156,124.7
1042,1.39,10:38,156,124.7
1043,1.39,10:59,156,124.7
1044,1.39,10:54,156,124.7
1045,1.39,10:33,156,124.7
1046,1.39,10:23,156,124.7
1047,1.39,10:18,156,124.7
1048,1.4,9:43,156,124.7
1049,1.4,9:38,156,124.7
1050,1.4,10:05,156,124.7
1051,1.4,10:23,156,124.7
1052,1.4,10:33,156,124.7
1053,1.4,11:05,156,124.7
1054,1.41,11:21,156,124.7
1055,1.41,11:10,156,124.7
1056,1.41,10:54,156,124.7
1057,1.41,10:38,156,124.7
1058,1.41,10:14,155,124.7
1059,1.41,10:05,155,124.7
1060,1.42,10:05,154,124.7
1061,1.42,10:00,155,124.7
1062,1.42,10:00,156,124.7
1063,1.42,10:14,156,124.7
1064,1.42,10:05,155,124.7
1065,1.42,10:18,155,124.0
1066,1.42,10:28,157,124.7
1067,1.43,10:18,157,124.7
1068,1.43,10:00,157,124.7
1069,1.43,10:09,158,124.7
1070,1.43,9:51,157,125.3
1071,1.43,10:09,157,125.3
1072,1.43,10:33,157,124.7
1073,1.44,10:28,157,124.7
1074,1.44,10:09,157,124.7
1075,1.44,10:05,157,124.7
1076,1.44,9:47,157,124.7
1077,1.44,9:34,158,125.3
1078,1.45,9:34,158,125.3
1079,1.45,10:00,158,125.3
1080,1.45,9:56,158,126.0
1081,1.45,9:38,157,126.0
1082,1.45,9:51,157,126.0
1083,1.45,10:14,157,126.0
1084,1.46,9:34,156,126.0
1085,1.46,9:43,157,126.0
1086,1.46,9:43,155,126.0
1087,1.46,9:56,156,126.0
1088,1.46,10:00,156,126.0
1089,1.46,10:48,156,126.0
1090,1.46,10:43,156,126.0
1091,1.47,11:10,156,126.0
1092,1.47,10:54,156,125.3
1093,1.47,10:28,157,125.3
1094,1.47,10:00,157,125.3
1095,1.47,10:05,157,125.3
1096,1.47,9:43,158,124.7
1097,1.48,9:30,157,124.7
1098,1.48,9:34,157,125.3
1099,1.48,9:34,158,125.3
1100,1.48,9:47,157,126.0
1101,1.48,9:43,157,126.0
1102,1.49,9:47,156,126.0
1103,1.49,10:09,157,126.0
1104,1.49,10:23,156,125.3
1105,1.49,10:43,156,125.3
1106,1.49,11:05,155,125.3
1107,1.49,11:16,155,124.7
1108,1.49,10:59,156,124.7
1109,1.5,10:48,156,124.7
1110,1.5,10:23,155,124.7
1111,1.5,10:28,155,124.7
1112,1.5,10:18,154,124.7
1113,1.5,10:33,155,124.7
1114,1.5,10:33,155,124.7
1115,1.51,10:23,154,125.3
1116,1.51,10:05,154,126.0
1117,1.51,10:00,154,126.0
1118,1.51,9:43,153,126.6
1119,1.51,9:47,153,126.6
1120,1.51,9:56,154,126.6
1121,1.52,10:14,155,126.6
1122,1.52,10:23,155,126.6
1123,1.52,10:18,155,126.6
1124,1.52,10:09,155,126.0
1125,1.52,10:05,156,126.0
1126,1.52,9:56,156,126.0
1127,1.53,10:18,156,126.0
1128,1.53,10:23,156,126.0
1129,1.53,10:33,156,126.0
1130,1.53,10:28,157,126.6
1131,1.53,10:23,157,126.6
1132,1.53,10:00,157,127.3
1133,1.53,10:00,157,127.3
1134,1.54,10:09,156,127.3
1135,1.54,10:28,156,127.3
1136,1.54,10:38,157,127.3
1137,1.54,10:33,157,128.0
1138,1.54,10:33,157,128.0
1139,1.54,10:14,156,128.0
1140,1.55,10:05,156,128.0
1141,1.55,10:05,156,127.3
1142,1.55,10:14,156,127.3
1143,1.55,10:23,155,127.3
1144,1.55,10:09,156,128.0
1145,1.55,9:56,156,128.0
1146,1.56,9:56,156,128.0
1147,1.56,9:51,156,128.0
1148,1.56,9:38,156,128.0
1149,1.56,9:43,157,128.0
1150,1.56,9:30,156,127.3
1151,1.57,9:07,157,127.3
1152,1.57,9:00,157,126.6
1153,1.57,8:52,158,126.6
1154,1.57,9:03,157,126.6
1155,1.57,9:30,158,126.0
1156,1.57,9:43,158,126.0
1157,1.58,10:00,157,125.3
1158,1.58,10:14,158,125.3
1159,1.58,10:28,158,124.7
1160,1.58,10:33,158,124.7
1161,1.58,10:54,158,124.7
1162,1.58,10:38,158,124.0
1163,1.59,10:23,158,124.0
1164,1.59,10:18,157,124.0
1165,1.59,10:05,157,124.0
1166,1.59,9:43,158,124.0
1167,1.59,9:38,158,123.4
1168,1.59,9:47,158,123.4
1169,1.59,10:09,157,123.4
1170,1.6,10:43,157,123.4
1171,1.6,11:27,158,123.4
1172,1.6,11:52,158,123.4
1173,1.6,12:32,158,122.7
1174,1.6,11:33,159,122.7
1175,1.6,11:21,158,122.7
1176,1.61,10:54,158,122.7
1177,1.61,10:33,159,123.4
1178,1.61,10:00,159,123.4
1179,1.61,10:05,159,123.4
1180,1.61,10:09,159,122.7
1181,1.61,10:14,158,122.7
1182,1.61,10:43,158,123.4
1183,1.62,10:59,158,123.4
1184,1.62,11:21,158,123.4
1185,1.62,11:10,158,124.0
1186,1.62,10:59,159,124.0
1187,1.62,10:43,158,124.7
1188,1.62,10:43,157,124.7
1189,1.62,11:27,159,124.7
1190,1.63,11:45,158,124.7
1191,1.63,11:33,158,124.7
1192,1.63,12:04,157,124.7
1193,1.63,12:11,158,124.7
1194,1.63,11:10,157,124.7
1195,1.63,10:28,157,124.7
1196,1.64,10:48,158,124.7
1197,1.64,10:28,158,124.7
1198,1.64,10:09,158,124.7
1199,1.64,10:23,158,124.7
1200,1.64,10:33,159,124.7
1201,1.64,10:33,158,124.7
1202,1.65,10:43,158,124.7
1203,1.65,10:48,159,124.7
1204,1.65,10:48,158,124.7
1205,1.65,10:33,159,124.7
1206,1.65,10:38,159,125.3
1207,1.65,10:18,159,125.3
1208,1.65,10:00,158,125.3
1209,1.66,9:47,159,125.3
1210,1.66,9:38,159,125.3
1211,1.66,9:30,159,124.7
1212,1.66,9:11,159,124.7
1213,1.66,9:30,159,124.7
1214,1.67,9:30,159,124.7
1215,1.67,9:30,159,124.7
1216,1.67,9:30,160,124.7
1217,1.67,9:30,160,124.7
1218,1.67,9:22,160,124.7
1219,1.67,9:30,161,124.7
1220,1.68,9:38,161,125.3
1221,1.68,9:51,161,125.3
1222,1.68,10:23,161,125.3
1223,1.68,10:18,160,125.3
1224,1.68,10:14,160,125.3
1225,1.68,10:09,161,125.3
1226,1.69,10:09,162,125.3
1227,1.69,10:00,161,126.0
1228,1.69,9:51,160,126.0
1229,1.69,9:51,161,126.0
1230,1.69,9:38,161,126.0
1231,1.69,9:38,160,126.0
1232,1.7,9:38,161,126.0
1233,1.7,10:00,161,125.3
1234,1.7,10:05,162,125.3
1235,1.7,10:23,161,126.0
1236,1.7,10:05,162,126.0
1237,1.7,10:18,162,126.6
1238,1.71,10:23,162,126.6
1239,1.71,10:38,162,127.3
1240,1.71,10:38,162,127.3
1241,1.71,10:43,161,127.3
1242,1.71,10:33,161,127.3
1243,1.71,10:23,160,127.3
1244,1.72,10:09,160,127.3
1245,1.72,10:23,160,127.3
1246,1.72,10:23,160,126.6
1247,1.72,10:28,160,126.6
1248,1.72,10:14,159,126.6
1249,1.72,10:18,159,126.6
1250,1.72,10:05,160,126.6
1251,1.73,9:56,160,126.6
1252,1.73,10:14,159,127.3
1253,1.73,11:05,158,127.3
1254,1.73,11:52,159,127.3
1255,1.73,13:08,158,128.0
1256,1.73,14:54,158,127.3
1257,1.73,15:46,157,127.3
1258,1.73,15:35,157,126.6
1259,1.74,14:44,156,126.6
1260,1.74,14:34,156,126.0
1261,1.74,14:25,155,126.0
1262,1.74,14:34,155,125.3
1263,1.74,15:35,155,126.0
1264,1.74,16:58,155,126.0
1265,1.74,17:52,155,126.0
1266,1.74,18:22,154,126.0
1267,1.74,16:45,154,126.0
1268,1.75,15:14,154,126.0
1269,1.75,14:34,153,126.0
1270,1.75,13:32,152,125.3
1271,1.75,13:08,152,125.3
1272,1.75,13:08,151,124.7
1273,1.75,13:32,151,124.7
1274,1.75,13:16,150,124.7
1275,1.75,13:24,150,124.7
1276,1.76,13:24,149,124.7
1277,1.76,13:41,149,124.7
1278,1.76,13:49,147,124.7
1279,1.76,15:04,147,124.7
1280,1.76,16:33,146,124.0
1281,1.76,17:25,145,124.0
1282,1.76,18:22,143,123.4
1283,1.76,18:37,142,123.4
1284,1.76,16:45,142,123.4
1285,1.76,14:54,142,123.4
1286,1.77,14:34,141,123.4
1287,1.77,14:16,141,124.0
1288,1.77,13:41,141,124.7
1289,1.77,14:07,141,125.3
1290,1.77,14:44,140,126.0
1291,1.77,14:54,140,126.6
1292,1.77,14:54,139,126.0
1293,1.77,15:35,139,126.0
1294,1.77,15:35,138,126.0
1295,1.78,15:46,138,125.3
1296,1.78,15:35,138,125.3
1297,1.78,15:35,137,125.3
1298,1.78,15:57,136,125.3
1299,1.78,15:04,136,126.0
1300,1.78,14:44,136,126.0
1301,1.78,13:58,135,126.0
1302,1.78,13:49,133,126.0
1303,1.79,12:53,133,126.0
1304,1.79,13:08,133,126.0
1305,1.79,13:08,133,126.0
1306,1.79,13:58,132,126.0
1307,1.79,13:58,132,126.0
1308,1.79,14:25,133,126.0
1309,1.79,14:34,132,126.0
1310,1.79,14:54,130,126.0
1311,1.79,13:58,130,126.0
1312,1.8,14:16,129,125.3
1313,1.8,14:34,128,125.3
1314,1.8,15:24,128,125.3
1315,1.8,15:35,128,125.3
1316,1.8,16:58,127,126.0
1317,1.8,16:58,128,126.0
1318,1.8,16:45,128,125.3
1319,1.8,15:46,128,125.3
1320,1.8,15:14,128,124.7
1321,1.81,14:25,127,124.7
1322,1.81,14:16,127,124.0
1323,1.81,14:54,126,124.0
1324,1.81,15:04,126,124.0
1325,1.81,15:14,126,124.0
1326,1.81,14:54,125,124.0
1327,1.81,14:34,126,124.7
1328,1.81,13:49,126,124.7
1329,1.81,13:49,125,124.7
1330,1.82,13:41,124,124.7
1331,1.82,13:58,123,124.7
1332,1.82,14:25,123,124.7
1333,1.82,14:34,123,124.0
1334,1.82,14:25,123,123.4
1335,1.82,14:44,123,123.4
1336,1.82,14:25,122,123.4
1337,1.82,13:58,121,124.0
1338,1.83,13:16,122,124.0
1339,1.83,12:25,123,124.0
1340,1.83,11:21,124,123.4
1341,1.83,11:05,125,122.7
1342,1.83,10:05,126,122.0
1343,1.83,9:43,127,122.0
1344,1.84,9:34,128,122.0
1345,1.84,9:47,128,122.0
1346,1.84,9:38,130,122.0
1347,1.84,9:56,129,122.0
1348,1.84,10:00,129,121.4
1349,1.84,9:38,130,121.4
1350,1.85,9:14,131,121.4
1351,1.85,8:56,132,121.4
1352,1.85,8:42,133,121.4
1353,1.85,8:26,135,121.4
1354,1.85,8:32,136,121.4
1355,1.86,8:35,137,120.7
1356,1.86,8:35,138,120.7
1357,1.86,9:03,139,120.7
1358,1.86,9:22,139,120.7
1359,1.86,9:11,140,120.7
1360,1.86,9:14,140,120.7
1361,1.87,9:18,143,121.4
1362,1.87,9:11,143,122.0
1363,1.87,9:07,144,122.0
1364,1.87,9:34,145,122.7
1365,1.87,9:56,146,123.4
1366,1.87,10:33,146,123.4
1367,1.88,10:48,148,123.4
1368,1.88,11:10,148,123.4
1369,1.88,11:33,147,123.4
1370,1.88,11:27,148,124.0
1371,1.88,11:21,149,124.0
1372,1.88,11:16,149,124.7
1373,1.89,10:43,149,125.3
1374,1.89,10:23,150,125.3
1375,1.89,9:56,150,124.7
1376,1.89,9:26,151,124.7
1377,1.89,9:18,152,124.7
1378,1.89,9:22,152,124.7
1379,1.9,9:22,154,124.7
1380,1.9,9:18,155,124.0
1381,1.9,9:18,155,124.7
1382,1.9,9:18,155,124.7
1383,1.9,9:30,156,124.7
1384,1.9,9:34,155,125.3
1385,1.91,9:38,156,125.3
1386,1.91,10:00,156,125.3
1387,1.91,10:00,157,126.0
1388,1.91,9:56,156,126.0
1389,1.91,9:47,157,126.0
1390,1.91,9:47,158,126.0
1391,1.92,9:47,158,126.0
1392,1.92,9:03,158,126.0
1393,1.92,8:52,159,125.3
1394,1.92,8:56,160,125.3
1395,1.92,9:07,160,125.3
1396,1.93,9:07,160,125.3
1397,1.93,9:30,161,125.3
1398,1.93,9:38,160,125.3
1399,1.93,9:43,160,125.3
1400,1.93,9:38,160,125.3
1401,1.93,9:07,160,125.3
1402,1.94,9:22,159,126.0
1403,1.94,9:47,159,126.0
1404,1.94,9:30,158,126.0
1405,1.94,9:51,158,125.3
1406,1.94,10:18,159,125.3
1407,1.94,10:09,158,125.3
1408,1.95,9:43,159,125.3
1409,1.95,9:47,159,125.3
1410,1.95,9:07,159,125.3
1411,1.95,9:14,159,126.0
1412,1.95,9:51,159,126.0
1413,1.95,10:05,158,126.0
1414,1.96,10:28,158,126.0
1415,1.96,11:16,159,126.6
1416,1.96,10:59,158,126.6
1417,1.96,10:05,159,126.6
1418,1.96,9:47,158,126.6
1419,1.96,9:47,157,126.6
1420,1.97,10:00,157,126.0
1421,1.97,10:28,156,126.0
1422,1.97,11:10,157,126.0
1423,1.97,11:16,156,126.0
1424,1.97,11:05,155,126.0
1425,1.97,10:28,156,126.0
1426,1.98,10:28,155,126.6
1427,1.98,10:00,155,126.6
1428,1.98,10:28,156,126.6
1429,1.98,10:38,156,126.6
1430,1.98,10:59,156,126.0
1431,1.98,11:10,155,126.0
1432,1.98,11:21,155,126.0
1433,1.99,10:54,156,125.3
1434,1.99,10:54,156,125.3
1435,1.99,10:43,156,126.0
1436,1.99,10:18,156,126.0
1437,1.99,10:23,156,126.0
1438,1.99,10:33,156,126.0
1439,2.0,10:33,156,126.0
1440,2.0,10:18,156,126.0
1441,2.0,10:23,155,126.0
1442,2.0,9:56,156,126.0
1443,2.0,9:51,156,125.3
1444,2.0,9:47,157,125.3
1445,2.01,9:51,156,124.7
1446,2.01,9:51,157,124.7
1447,2.01,10:18,158,124.7
1448,2.01,10:38,159,124.7
1449,2.01,10:54,158,124.0
1450,2.01,11:05,158,124.0
1451,2.01,11:10,158,124.7
1452,2.02,11:10,158,124.7
1453,2.02,11:10,157,125.3
1454,2.02,10:48,157,126.0
1455,2.02,10:48,157,126.0
1456,2.02,10:48,156,126.0
1457,2.02,10:38,156,126.0
1458,2.03,10:23,156,126.0
1459,2.03,10:18,156,126.0
1460,2.03,10:23,157,126.0
1461,2.03,10:14,155,126.6
1462,2.03,9:56,156,126.6
1463,2.03,9:56,157,126.6
1464,2.04,9:43,157,126.6
1465,2.04,9:38,158,127.3
1466,2.04,9:34,158,127.3
1467,2.04,10:09,158,127.3
1468,2.04,10:18,158,127.3
1469,2.04,10:38,158,127.3
1470,2.05,10:38,158,127.3
1471,2.05,10:43,159,126.6
1472,2.05,10:23,158,126.6
1473,2.05,10:09,158,126.6
1474,2.05,9:47,159,127.3
1475,2.05,9:38,158,127.3
1476,2.06,9:34,160,127.3
1477,2.06,9:34,159,128.0
1478,2.06,9:34,159,128.0
1479,2.06,9:47,159,127.3
1480,2.06,10:05,160,127.3
1481,2.06,10:09,160,128.0
1482,2.07,10:18,159,128.0
1483,2.07,10:28,159,128.0
1484,2.07,10:33,160,128.0
1485,2.07,10:38,159,128.0
1486,2.07,10:05,160,128.0
1487,2.07,10:00,159,128.0
1488,2.08,9:38,160,127.3
1489,2.08,9:38,160,127.3
1490,2.08,9:14,160,126.6
1491,2.08,9:30,160,126.6
1492,2.08,9:43,159,126.0
1493,2.08,9:51,160,125.3
1494,2.09,10:05,160,125.3
1495,2.09,9:56,160,125.3
1496,2.09,10:05,160,125.3
1497,2.09,9:56,160,125.3
1498,2.09,10:00,160,126.0
1499,2.09,9:30,159,126.0
1500,2.1,9:51,161,126.0
1501,2.1,9:51,159,126.0
1502,2.1,9:43,160,126.0
1503,2.1,9:43,159,126.0
1504,2.1,10:09,159,126.0
1505,2.1,10:14,158,126.0
1506,2.11,10:18,159,125.3
1507,2.11,10:33,158,125.3
1508,2.11,10:14,159,125.3
1509,2.11,10:43,159,125.3
1510,2.11,11:05,159,124.7
1511,2.11,11:05,159,124.0
1512,2.11,10:59,159,124.0
1513,2.12,10:59,158,124.0
1514,2.12,10:23,158,124.7
1515,2.12,9:51,159,124.7
1516,2.12,9:56,159,125.3
1517,2.12,10:09,159,126.0
1518,2.12,10:18,158,126.0
1519,2.13,10:33,159,126.0
1520,2.13,10:48,159,125.3
1521,2.13,10:48,159,125.3
1522,2.13,11:10,159,124.7
1523,2.13,11:39,159,125.3
1524,2.13,11:10,158,125.3
1525,2.14,10:48,158,125.3
1526,2.14,11:10,158,125.3
1527,2.14,11:05,157,125.3
1528,2.14,11:05,157,125.3
1529,2.14,11:27,157,125.3
1530,2.14,11:33,157,125.3
1531,2.14,10:33,158,125.3
1532,2.15,9:47,158,126.0
1533,2.15,9:22,158,126.0
1534,2.15,9:14,158,126.0
1535,2.15,9:14,158,126.0
1536,2.15,9:47,158,126.0
1537,2.15,10:14,158,126.0
1538,2.16,10:38,158,126.0
1539,2.16,11:16,158,126.0
1540,2.16,11:39,158,126.0
1541,2.16,11:52,159,126.0
1542,2.16,11:39,159,126.0
1543,2.16,11:33,159,126.0
1544,2.17,10:54,159,126.0
1545,2.17,10:23,159,126.0
1546,2.17,10:00,159,126.0
1547,2.17,9:51,159,126.0
1548,2.17,9:47,160,126.0
1549,2.17,9:51,160,126.0
1550,2.18,10:14,160,126.0
1551,2.18,10:09,160,126.0
1552,2.18,10:05,158,126.0
1553,2.18,10:00,158,126.0
1554,2.18,9:47,159,126.0
1555,2.18,9:26,159,126.0
1556,2.19,9:47,159,126.0
1557,2.19,9:38,158,126.0
1558,2.19,9:51,152,125.3
1559,2.19,10:00,149,125.3
1560,2.19,10:00,148,125.3
1561,2.19,9:43,149,125.3
1562,2.2,9:51,149,125.3
1563,2.2,9:51,149,125.3
1564,2.2,10:18,149,125.3
1565,2.2,10:33,149,125.3
1566,2.2,10:54,149,125.3
1567,2.2,11:10,149,125.3
1568,2.2,11:16,150,125.3
1569,2.21,10:54,151,125.3
1570,2.21,11:05,152,125.3
1571,2.21,10:48,152,125.3
1572,2.21,10:33,152,125.3
1573,2.21,10:23,153,125.3
1574,2.21,10:09,152,125.3
1575,2.22,10:05,152,126.0
1576,2.22,10:05,151,126.0
1577,2.22,10:09,150,126.0
1578,2.22,10:14,150,126.0
1579,2.22,10:05,150,126.0
1580,2.22,10:05,149,125.3
1581,2.23,10:09,150,125.3
1582,2.23,10:14,150,125.3
1583,2.23,10:05,151,125.3
1584,2.23,10:18,152,125.3
1585,2.23,10:05,153,125.3
1586,2.23,10:00,154,125.3
1587,2.24,9:43,155,125.3
1588,2.24,9:38,155,125.3
1589,2.24,9:34,156,125.3
1590,2.24,9:47,157,125.3
1591,2.24,10:14,158,125.3
1592,2.24,10:43,159,125.3
1593,2.25,10:33,160,125.3
1594,2.25,10:43,160,125.3
1595,2.25,10:38,162,125.3
1596,2.25,10:23,161,125.3
1597,2.25,10:00,161,125.3
1598,2.25,10:14,161,124.7
1599,2.26,10:00,161,124.7
1600,2.26,10:00,160,124.0
1601,2.26,9:43,161,123.4
1602,2.26,9:43,162,123.4
1603,2.26,9:43,162,123.4
1604,2.26,9:51,163,123.4
1605,2.27,9:56,164,123.4
1606,2.27,10:00,164,123.4
1607,2.27,10:00,163,124.0
1608,2.27,10:09,164,124.0
1609,2.27,10:18,164,124.7
1610,2.27,10:23,163,125.3
1611,2.28,10:28,163,125.3
1612,2.28,10:38,163,126.0
1613,2.28,10:38,163,126.6
1614,2.28,10:14,162,126.6
1615,2.28,9:51,162,126.6
1616,2.28,9:51,162,126.6
1617,2.29,9:34,162,126.6
1618,2.29,9:22,162,126.6
1619,2.29,9:43,164,126.6
1620,2.29,9:56,163,126.6
1621,2.29,10:14,163,126.6
1622,2.29,10:48,163,127.3
1623,2.29,10:38,163,127.3
1624,2.3,10:38,163,128.0
1625,2.3,11:05,163,128.0
1626,2.3,10:38,162,128.0
1627,2.3,10:43,161,128.0
1628,2.3,10:59,161,128.0
1629,2.3,10:48,161,128.0
1630,2.31,10:00,162,128.0
1631,2.31,9:51,161,128.0
1632,2.31,9:30,161,128.0
1633,2.31,9:14,161,128.0
1634,2.31,9:11,161,128.0
1635,2.31,9:38,161,128.0
1636,2.32,9:47,161,128.0
1637,2.32,10:09,161,128.6
1638,2.32,10:18,160,129.3
1639,2.32,10:18,161,129.3
1640,2.32,10:09,161,129.3
1641,2.32,10:43,161,129.3
1642,2.33,10:59,161,129.3
1643,2.33,11:21,161,128.6
1644,2.33,11:21,161,128.6
1645,2.33,10:48,160,128.6
1646,2.33,9:47,160,128.0
1647,2.33,9:00,160,128.0
1648,2.34,8:32,160,128.0
1649,2.34,8:26,160,128.0
1650,2.34,8:35,160,127.3
1651,2.34,9:11,160,127.3
1652,2.34,9:43,161,127.3
1653,2.34,10:28,162,127.3
1654,2.35,10:43,161,127.3
1655,2.35,10:48,161,127.3
1656,2.35,10:38,160,127.3
1657,2.35,10:14,160,126.6
1658,2.35,9:26,161,126.6
1659,2.36,9:30,162,126.6
1660,2.36,9:38,162,126.6
1661,2.36,9:18,162,126.6
1662,2.36,9:34,162,126.6
1663,2.36,9:38,163,126.6
1664,2.36,10:14,163,126.6
1665,2.36,10:14,162,126.6
1666,2.37,10:38,161,126.6
1667,2.37,10:38,162,126.0
1668,2.37,10:48,163,126.0
1669,2.37,10:09,164,126.6
1670,2.37,9:47,163,126.6
1671,2.38,9:18,163,126.6
1672,2.38,9:07,163,127.3
1673,2.38,9:03,164,127.3
1674,2.38,9:14,163,127.3
1675,2.38,9:43,163,126.6
1676,2.38,10:09,163,126.6
1677,2.38,10:43,163,126.6
1678,2.39,11:33,164,126.6
1679,2.39,11:39,163,126.6
1680,2.39,11:39,163,126.6
1681,2.39,10:43,161,126.6
1682,2.39,9:56,161,126.6
1683,2.4,9:11,162,126.6
1684,2.4,8:29,162,126.6
1685,2.4,8:32,163,126.6
1686,2.4,8:56,163,126.6
1687,2.4,9:22,163,127.3
1688,2.4,10:14,163,127.3
1689,2.41,10:33,164,127.3
1690,2.41,9:47,161,127.3
1691,2.41,9:51,162,127.3
1692,2.41,9:38,162,127.3
1693,2.41,9:03,160,127.3
1694,2.41,8:49,160,127.3
1695,2.42,9:30,161,127.3
1696,2.42,10:14,161,127.3
1697,2.42,10:28,161,127.3
1698,2.42,10:59,161,127.3
1699,2.42,11:05,161,127.3
1700,2.42,10:43,161,127.3
1701,2.43,9:51,161,126.6
1702,2.43,9:34,162,126.6
1703,2.43,9:26,162,126.6
1704,2.43,9:51,162,126.6
1705,2.43,9:56,162,127.3
1706,2.43,9:43,161,127.3
1707,2.44,9:51,162,127.3
1708,2.44,9:43,162,127.3
1709,2.44,9:22,163,126.6
1710,2.44,8:56,163,126.6
1711,2.44,9:18,162,126.6
1712,2.44,9:18,162,126.6
1713,2.45,9:38,162,126.6
1714,2.45,10:14,162,126.6
1715,2.45,10:18,162,126.6
1716,2.45,10:18,162,126.6
1717,2.45,11:16,162,126.6
1718,2.45,11:45,161,126.6
1719,2.45,12:46,161,127.3
1720,2.46,15:04,161,127.3
1721,2.46,16:45,161,128.0
1722,2.46,16:21,161,128.0
1723,2.46,16:21,160,128.0
1724,2.46,16:21,159,128.0
1725,2.46,15:46,159,128.0
1726,2.46,14:16,159,127.3
1727,2.46,13:49,159,127.3
1728,2.46,13:24,159,127.3
1729,2.47,13:01,158,127.3
1730,2.47,13:16,158,127.3
1731,2.47,14:16,158,127.3
1732,2.47,15:14,157,127.3
1733,2.47,16:58,157,127.3
1734,2.47,17:11,156,127.3
1735,2.47,17:11,156,127.3
1736,2.47,17:25,155,127.3
1737,2.47,15:57,155,128.0
1738,2.48,14:34,154,128.0
1739,2.48,13:41,154,128.0
1740,2.48,13:08,152,128.0
1741,2.48,12:46,152,128.0
1742,2.48,13:32,151,128.0
1743,2.48,14:34,150,128.0
1744,2.48,15:57,149,128.0
1745,2.48,16:45,149,127.3
1746,2.48,17:25,148,127.3
1747,2.48,17:25,146,128.0
1748,2.49,16:09,145,128.0
1749,2.49,15:57,143,128.0
1750,2.49,16:09,141,128.0
1751,2.49,15:46,140,128.0
1752,2.49,16:21,140,128.0
1753,2.49,17:11,139,128.6
1754,2.49,17:25,139,128.6
1755,2.49,17:38,138,128.6
1756,2.49,17:52,137,128.6
1757,2.5,15:57,137,128.6
1758,2.5,15:46,135,128.6
1759,2.5,14:16,134,128.0
1760,2.5,13:49,133,128.0
1761,2.5,14:16,133,128.0
1762,2.5,15:24,132,128.0
1763,2.5,17:11,131,128.6
1764,2.5,18:37,130,128.6
1765,2.5,17:52,130,128.6
1766,2.5,18:22,130,129.3
1767,2.51,17:11,130,129.3
1768,2.51,15:04,130,129.3
1769,2.51,14:16,130,129.3
1770,2.51,14:16,130,129.3
1771,2.51,13:41,129,128.6
1772,2.51,14:07,128,128.6
1773,2.51,13:41,126,128.6
1774,2.51,14:25,125,128.6
1775,2.51,14:54,125,128.6
1776,2.52,14:16,124,128.6
1777,2.52,13:58,124,128.6
1778,2.52,15:35,123,128.6
1779,2.52,15:24,123,128.0
1780,2.52,15:14,122,127.3
1781,2.52,15:24,123,128.0
1782,2.52,15:46,122,128.0
1783,2.52,14:34,122,128.0
1784,2.52,15:24,121,128.6
1785,2.53,15:24,121,128.6
1786,2.53,15:57,121,128.6
1787,2.53,16:33,121,128.0
1788,2.53,17:25,121,128.0
1789,2.53,16:58,120,127.3
1790,2.53,18:22,120,127.3
1791,2.53,18:53,120,126.6
1792,2.53,18:22,119,126.6
1793,2.53,18:07,119,126.6
1794,2.53,16:45,119,126.6
1795,2.54,16:58,120,127.3
1796,2.54,16:09,121,127.3
1797,2.54,14:25,121,127.3
1798,2.54,13:49,121,128.0
1799,2.54,13:41,121,128.0
1800,2.54,11:21,122,128.0
1801,2.54,10:28,125,128.0
1802,2.55,10:14,127,128.0
1803,2.55,9:34,128,127.3
1804,2.55,9:26,129,127.3
1805,2.55,9:47,129,126.6
1806,2.55,10:09,129,126.6
1807,2.55,10:05,130,126.6
1808,2.56,9:51,132,127.3
1809,2.56,9:26,132,128.0
1810,2.56,9:14,132,128.0
1811,2.56,8:52,133,128.0
1812,2.56,9:03,134,128.0
1813,2.57,9:18,135,127.3
1814,2.57,9:26,136,127.3
1815,2.57,9:26,137,127.3
1816,2.57,10:14,137,127.3
1817,2.57,10:23,138,127.3
1818,2.57,10:18,139,127.3
1819,2.58,10:23,139,128.0
1820,2.58,10:43,141,128.0
1821,2.58,10:05,140,128.0
1822,2.58,9:43,141,128.6
1823,2.58,9:34,142,128.0
1824,2.58,9:30,144,128.0
1825,2.59,9:11,144,128.0
1826,2.59,8:52,146,128.0
1827,2.59,8:45,146,128.0
1828,2.59,8:56,147,128.0
1829,2.59,8:45,148,128.0
1830,2.6,8:42,148,128.0
1831,2.6,8:42,149,128.0
1832,2.6,8:45,150,128.0
1833,2.6,8:32,150,127.3
1834,2.6,8:29,150,127.3
1835,2.6,8:56,151,127.3
1836,2.61,9:03,151,127.3
1837,2.61,9:14,152,127.3
1838,2.61,9:22,152,127.3
1839,2.61,9:34,152,127.3
1840,2.61,9:30,153,126.6
1841,2.62,9:34,152,126.6
1842,2.62,9:43,152,126.6
1843,2.62,9:38,152,126.6
1844,2.62,9:51,152,126.6
1845,2.62,9:34,152,126.0
1846,2.62,9:34,153,126.0
1847,2.63,10:09,153,126.0
1848,2.63,10:23,153,126.0
1849,2.63,10:05,153,126.6
1850,2.63,10:23,153,127.3
1851,2.63,10:43,153,127.3
1852,2.63,10:23,154,126.6
1853,2.63,10:28,154,126.6
1854,2.64,11:16,154,126.6
1855,2.64,11:39,155,126.6
1856,2.64,11:52,155,126.6
1857,2.64,11:39,155,126.6
1858,2.64,11:21,156,127.3
1859,2.64,10:38,156,127.3
1860,2.65,9:47,156,126.6
1861,2.65,9:14,156,127.3
1862,2.65,9:14,157,127.3
1863,2.65,9:34,157,127.3
1864,2.65,9:43,156,127.3
1865,2.65,10:00,157,128.0
1866,2.66,10:33,157,128.0
1867,2.66,10:05,156,128.0
1868,2.66,9:56,156,128.0
1869,2.66,9:56,157,128.0
1870,2.66,10:09,156,128.0
1871,2.66,9:51,156,128.0
1872,2.67,10:18,157,128.0
1873,2.67,10:09,156,128.0
1874,2.67,10:05,157,128.0
1875,2.67,10:23,156,128.0
1876,2.67,10:54,157,128.0
1877,2.67,10:43,157,128.0
1878,2.68,10:48,157,128.0
1879,2.68,10:59,157,128.0
1880,2.68,10:23,157,128.0
1881,2.68,10:23,157,128.0
1882,2.68,10:18,158,128.0
1883,2.68,10:09,158,128.0
1884,2.68,10:00,158,128.0
1885,2.69,9:38,159,128.0
1886,2.69,9:34,158,128.0
1887,2.69,9:03,159,128.0
1888,2.69,9:07,159,128.0
1889,2.69,9:07,160,128.0
1890,2.7,9:34,160,128.0
1891,2.7,9:14,159,128.0
1892,2.7,9:18,160,128.0
1893,2.7,9:38,161,128.0
1894,2.7,9:34,160,128.0
1895,2.7,9:38,160,128.0
1896,2.71,10:00,160,128.0
1897,2.71,10:38,160,127.3
1898,2.71,10:28,161,127.3
1899,2.71,10:48,160,127.3
1900,2.71,10:33,160,127.3
1901,2.71,10:23,160,128.0
1902,2.72,10:33,160,128.0
1903,2.72,10:38,161,128.0
1904,2.72,10:38,161,128.6
1905,2.72,10:54,161,128.0
1906,2.72,11:05,161,128.0
1907,2.72,11:10,160,128.0
1908,2.72,10:54,159,128.0
1909,2.73,10:33,160,128.0
1910,2.73,10:18,160,128.0
1911,2.73,10:14,160,128.0
1912,2.73,9:51,160,128.0
1913,2.73,9:56,160,127.3
1914,2.73,10:09,160,128.0
1915,2.74,10:14,160,128.0
1916,2.74,10:14,160,128.0
1917,2.74,10:23,160,128.0
1918,2.74,10:23,159,127.3
1919,2.74,10:18,159,127.3
1920,2.74,10:23,159,127.3
1921,2.75,10:09,159,127.3
1922,2.75,10:14,160,126.6
1923,2.75,10:33,161,126.6
1924,2.75,10:28,160,126.6
1925,2.75,10:38,160,126.6
1926,2.75,10:54,161,126.6
1927,2.75,11:21,160,126.0
1928,2.76,10:59,160,126.0
1929,2.76,11:10,161,126.0
1930,2.76,10:54,159,126.6
1931,2.76,10:23,160,127.3
1932,2.76,9:47,160,128.0
1933,2.76,9:38,160,128.6
1934,2.77,9:56,160,128.6
1935,2.77,10:18,159,128.6
1936,2.77,10:59,159,128.0
1937,2.77,11:21,158,128.0
1938,2.77,11:33,157,128.0
1939,2.77,11:33,157,128.0
1940,2.78,10:48,156,127.3
1941,2.78,10:28,156,126.6
1942,2.78,10:09,156,126.6
1943,2.78,10:09,156,126.0
1944,2.78,9:56,156,126.6
1945,2.78,10:14,156,127.3
1946,2.78,10:28,156,128.0
1947,2.79,10:59,156,128.6
1948,2.79,11:27,155,128.6
1949,2.79,11:10,155,128.6
1950,2.79,10:59,155,128.6
1951,2.79,10:48,156,128.6
1952,2.79,10:28,156,129.3
1953,2.8,9:51,157,128.6
1954,2.8,9:38,157,128.6
1955,2.8,9:43,156,128.6
1956,2.8,9:34,156,128.6
1957,2.8,9:26,156,129.3
1958,2.8,9:30,156,129.3
1959,2.81,9:34,156,129.3
1960,2.81,9:38,155,129.3
1961,2.81,9:38,156,129.3
1962,2.81,9:47,156,129.9
1963,2.81,10:05,156,129.9
1964,2.81,10:09,155,130.6
1965,2.82,10:18,156,130.6
1966,2.82,10:09,156,129.9
1967,2.82,10:18,156,129.9
1968,2.82,10:23,156,129.9
1969,2.82,10:05,157,129.9
1970,2.82,9:47,158,129.9
1971,2.83,9:38,159,130.6
1972,2.83,9:26,159,130.6
1973,2.83,9:18,160,130.6
1974,2.83,10:05,160,130.6
1975,2.83,10:23,160,130.6
1976,2.83,10:28,161,130.6
1977,2.84,10:23,161,130.6
1978,2.84,10:28,162,130.6
1979,2.84,9:56,162,130.6
1980,2.84,9:43,162,130.6
1981,2.84,9:51,163,129.9
1982,2.85,9:47,163,129.9
1983,2.85,9:34,164,129.9
1984,2.85,9:22,163,129.3
1985,2.85,9:26,164,129.3
1986,2.85,9:11,165,129.3
1987,2.85,8:56,164,129.3
1988,2.86,9:07,164,128.6
1989,2.86,9:30,163,128.6
1990,2.86,9:18,164,128.6
1991,2.86,9:38,165,128.6
1992,2.86,10:05,164,128.6
1993,2.86,10:05,163,128.0
1994,2.87,10:28,164,128.0
1995,2.87,10:23,164,127.3
1996,2.87,10:48,163,127.3
1997,2.87,10:18,161,127.3
1998,2.87,10:38,161,127.3
1999,2.87,10:38,162,127.3
2000,2.87,10:59,163,127.3
2001,2.88,10:48,163,127.3
2002,2.88,11:05,163,127.3
2003,2.88,10:18,163,126.6
2004,2.88,9:51,163,126.6
2005,2.88,10:09,164,126.6
2006,2.88,10:05,163,127.3
2007,2.89,10:05,163,127.3
2008,2.89,9:56,162,127.3
2009,2.89,9:43,163,127.3
2010,2.89,9:00,163,127.3
2011,2.89,8:45,163,127.3
2012,2.9,8:49,163,127.3
2013,2.9,9:18,162,127.3
2014,2.9,10:14,162,128.0
2015,2.9,11:10,162,128.0
2016,2.9,12:11,162,128.0
2017,2.9,11:58,161,128.0
2018,2.9,11:39,160,128.0
2019,2.91,10:54,162,128.0
2020,2.91,10:14,163,128.6
2021,2.91,9:30,163,128.6
2022,2.91,9:51,164,128.6
2023,2.91,9:38,164,128.6
2024,2.91,9:30,164,128.6
2025,2.92,9:34,163,128.6
2026,2.92,9:30,163,128.6
2027,2.92,9:26,164,128.6
2028,2.92,9:38,164,128.6
2029,2.92,9:22,164,128.6
2030,2.93,9:03,164,128.0
2031,2.93,9:11,163,128.0
2032,2.93,8:45,163,128.6
2033,2.93,9:03,163,128.6
2034,2.93,9:26,164,128.6
2035,2.93,10:14,164,128.6
2036,2.94,10:18,164,128.6
2037,2.94,10:43,163,129.3
2038,2.94,10:00,163,129.3
2039,2.94,10:00,163,129.3
2040,2.94,9:26,163,128.6
2041,2.94,9:22,163,129.3
2042,2.95,9:18,163,129.3
2043,2.95,9:43,162,129.3
2044,2.95,9:30,163,129.3
2045,2.95,9:26,163,129.3
2046,2.95,9:34,164,129.3
2047,2.95,9:38,165,129.3
2048,2.96,9:22,165,129.3
2049,2.96,9:34,165,129.3
2050,2.96,9:47,166,129.3
2051,2.96,9:30,165,128.6
2052,2.96,9:14,165,128.6
2053,2.97,9:07,166,128.6
2054,2.97,8:45,166,128.6
2055,2.97,9:07,166,128.6
2056,2.97,9:26,166,128.6
2057,2.97,9:56,166,128.6
2058,2.97,10:05,166,128.6
2059,2.98,10:28,165,128.6
2060,2.98,10:28,164,128.6
2061,2.98,10:14,164,128.6
2062,2.98,10:09,164,128.6
2063,2.98,10:18,164,128.6
2064,2.98,10:05,164,128.6
2065,2.99,9:34,164,128.6
2066,2.99,9:51,163,129.3
2067,2.99,9:56,162,129.3
2068,2.99,10:05,161,128.6
2069,2.99,10:09,161,128.6
2070,2.99,10:33,162,128.6
2071,3.0,10:14,163,128.6
2072,3.0,10:00,163,128.6
2073,3.0,10:05,164,128.6
2074,3.0,10:09,164,128.6
2075,3.0,10:05,164,128.6
2076,3.0,10:14,164,128.6
2077,3.01,10:18,164,128.6
2078,3.01,10:18,164,128.6
2079,3.01,10:33,165,128.6
2080,3.01,10:14,164,128.0
2081,3.01,10:00,164,128.0
2082,3.01,10:09,164,128.0
2083,3.02,10:00,164,128.6
2084,3.02,9:38,164,128.6
2085,3.02,9:43,164,129.3
2086,3.02,9:47,163,129.3
2087,3.02,9:30,162,128.6
2088,3.02,9:26,162,128.0
2089,3.03,9:14,162,128.0
2090,3.03,9:30,163,128.0
2091,3.03,9:47,163,128.0
2092,3.03,10:00,163,128.0
2093,3.03,10:09,163,128.0
2094,3.03,10:18,163,127.3
2095,3.04,10:14,163,127.3
2096,3.04,10:00,163,127.3
2097,3.04,10:00,164,127.3
2098,3.04,10:09,164,127.3
2099,3.04,10:28,164,128.0
2100,3.04,10:38,164,128.0
2101,3.05,10:33,165,129.3
2102,3.05,10:48,165,129.9
2103,3.05,10:38,165,130.6
2104,3.05,10:18,165,129.9
2105,3.05,10:05,164,129.9
2106,3.05,10:23,164,129.3
2107,3.05,10:33,164,129.3
2108,3.06,11:27,163,129.9
2109,3.06,12:53,162,130.6
2110,3.06,14:25,161,131.9
2111,3.06,15:46,161,132.5
2112,3.06,16:45,161,132.5
2113,3.06,15:14,161,131.9
2114,3.06,15:04,161,131.9
2115,3.06,15:46,160,131.2
2116,3.06,16:58,160,131.2
2117,3.06,18:07,160,130.6
2118,3.06,20:57,159,131.2
2119,3.07,21:59,159,131.2
2120,3.07,21:37,157,131.2
2121,3.07,18:37,157,131.2
2122,3.07,16:33,157,131.2
2123,3.07,14:25,157,131.2
2124,3.07,13:24,156,131.2
2125,3.07,11:45,156,131.2
2126,3.08,11:39,155,131.2
2127,3.08,11:45,154,131.2
2128,3.08,11:58,153,131.2
2129,3.08,11:58,152,131.2
2130,3.08,11:58,152,130.6
2131,3.08,11:58,151,130.6
2132,3.08,12:32,149,130.6
2133,3.08,12:53,148,130.6
2134,3.09,13:24,147,130.6
2135,3.09,14:34,147,130.6
2136,3.09,15:35,147,129.9
2137,3.09,16:09,147,129.9
2138,3.09,17:38,146,129.9
2139,3.09,17:52,146,129.9
2140,3.09,18:07,145,129.9
2141,3.09,17:38,145,129.9
2142,3.09,16:09,144,129.9
2143,3.09,15:14,143,129.3
2144,3.1,15:04,143,129.3
2145,3.1,14:54,143,129.3
2146,3.1,15:04,142,129.3
2147,3.1,14:25,141,128.6
2148,3.1,13:49,142,128.0
2149,3.1,13:32,141,128.0
2150,3.1,13:41,141,128.0
2151,3.1,13:08,142,128.0
2152,3.11,13:32,140,128.0
2153,3.11,13:24,139,128.6
2154,3.11,13:24,139,128.6
2155,3.11,13:16,139,128.0
2156,3.11,13:32,137,128.0
2157,3.11,13:58,136,127.3
2158,3.11,14:16,135,127.3
2159,3.11,14:16,135,127.3
2160,3.11,14:16,135,127.3
2161,3.12,14:25,134,126.6
2162,3.12,15:24,134,126.6
2163,3.12,16:33,133,126.0
2164,3.12,16:58,132,126.0
2165,3.12,17:11,131,126.6
2166,3.12,17:38,130,127.3
2167,3.12,15:46,129,127.3
2168,3.12,14:16,129,127.3
2169,3.12,14:34,129,127.3
2170,3.13,14:34,129,127.3
2171,3.13,14:07,128,127.3
2172,3.13,14:07,128,127.3
2173,3.13,14:54,128,127.3
2174,3.13,15:04,129,127.3
2175,3.13,15:46,129,127.3
2176,3.13,16:09,128,127.3
2177,3.13,16:45,129,127.3
2178,3.13,18:22,129,127.3
2179,3.13,19:26,129,127.3
2180,3.14,19:09,128,126.6
2181,3.14,17:52,128,126.6
2182,3.14,16:33,127,126.6
2183,3.14,14:16,127,126.6
2184,3.14,12:46,127,127.3
2185,3.14,11:52,126,128.0
2186,3.14,11:27,126,128.0
2187,3.14,11:45,126,128.0
2188,3.15,11:58,127,127.3
2189,3.15,12:32,127,127.3
2190,3.15,13:24,126,126.6
2191,3.15,14:44,125,126.6
2192,3.15,15:46,125,126.0
2193,3.15,16:58,128,126.0
2194,3.15,14:54,130,126.0
2195,3.16,11:39,131,126.6
2196,3.16,10:28,132,126.6
2197,3.16,8:52,132,127.3
2198,3.16,7:47,133,127.3
2199,3.16,7:22,133,127.3
2200,3.17,7:14,134,127.3
2201,3.17,7:08,135,127.3
2202,3.17,7:12,136,127.3
2203,3.17,7:37,136,128.0
2204,3.17,8:01,137,128.0
2205,3.18,8:49,137,128.0
2206,3.18,9:03,138,128.6
2207,3.18,9:00,139,128.6
2208,3.18,8:45,140,128.0
2209,3.18,8:39,141,128.0
2210,3.19,8:35,142,128.0
2211,3.19,8:52,143,128.0
2212,3.19,9:30,143,128.0
2213,3.19,9:43,144,128.0
2214,3.19,10:05,146,128.6
2215,3.19,10:28,146,128.6
2216,3.2,10:14,147,128.6
2217,3.2,10:09,147,128.6
2218,3.2,10:14,148,128.6
2219,3.2,9:30,148,128.6
2220,3.2,9:47,149,128.6
2221,3.2,9:43,149,129.3
2222,3.21,9:38,149,129.3
2223,3.21,9:47,150,129.3
2224,3.21,10:09,150,129.3
2225,3.21,9:38,150,129.3
2226,3.21,9:18,151,129.3
2227,3.21,9:22,151,129.9
2228,3.22,8:56,151,129.9
2229,3.22,8:49,152,129.9
2230,3.22,8:49,152,130.6
2231,3.22,8:52,152,130.6
2232,3.22,8:52,151,129.9
2233,3.23,9:07,149,129.9
2234,3.23,9:11,147,129.9
2235,3.23,9:18,145,129.3
2236,3.23,9:30,145,129.3
2237,3.23,9:47,144,129.3
2238,3.23,9:34,142,129.3
2239,3.24,9:47,142,128.6
2240,3.24,9:18,142,128.6
2241,3.24,9:18,142,128.6
2242,3.24,9:00,142,128.6
2243,3.24,9:00,142,128.6
2244,3.25,8:52,147,128.6
2245,3.25,9:03,142,128.6
2246,3.25,9:11,143,129.3
2247,3.25,9:18,144,129.3
2248,3.25,9:34,145,129.3
2249,3.25,9:56,145,129.3
2250,3.26,10:09,146,129.3
2251,3.26,10:14,147,129.3
2252,3.26,10:09,149,129.3
2253,3.26,10:00,151,129.3
2254,3.26,10:05,151,128.6
2255,3.26,10:00,153,128.6
2256,3.27,10:09,153,128.6
2257,3.27,10:09,154,129.3
2258,3.27,10:33,155,129.3
2259,3.27,10:23,156,129.3
2260,3.27,10:28,157,129.3
2261,3.27,10:28,158,129.3
2262,3.27,10:48,158,129.3
2263,3.28,10:28,159,129.3
2264,3.28,10:18,161,128.6
2265,3.28,9:51,161,128.6
2266,3.28,9:47,160,128.0
2267,3.28,9:22,160,128.0
2268,3.29,9:26,159,127.3
2269,3.29,9:43,160,127.3
2270,3.29,10:09,160,128.0
2271,3.29,10:09,160,128.0
2272,3.29,10:00,160,128.0
2273,3.29,10:00,160,128.0
2274,3.3,10:09,160,128.0
2275,3.3,10:14,160,128.0
2276,3.3,10:14,160,128.0
2277,3.3,10:43,159,128.6
2278,3.3,10:43,159,129.3
2279,3.3,10:38,160,129.3
2280,3.3,10:54,160,129.9
2281,3.31,10:48,160,129.9
2282,3.31,10:59,160,129.9
2283,3.31,10:48,159,129.9
2284,3.31,10:14,160,129.9
2285,3.31,9:56,160,129.9
2286,3.31,9:47,159,129.9
2287,3.32,9:22,160,129.9
2288,3.32,9:22,161,129.9
2289,3.32,9:47,160,130.6
2290,3.32,9:43,160,130.6
2291,3.32,9:34,160,130.6
2292,3.33,9:30,160,130.6
2293,3.33,9:14,161,130.6
2294,3.33,9:07,160,130.6
2295,3.33,9:14,161,130.6
2296,3.33,9:30,160,130.6
2297,3.33,9:51,161,130.6
2298,3.34,10:23,161,131.2
2299,3.34,10:33,160,130.6
2300,3.34,10:28,161,130.6
2301,3.34,10:09,161,130.6
2302,3.34,10:00,162,130.6
2303,3.34,9:56,161,130.6
2304,3.35,9:43,161,130.6
2305,3.35,9:51,161,131.2
2306,3.35,10:05,161,131.2
2307,3.35,9:38,161,131.2
2308,3.35,9:14,160,131.9
2309,3.35,9:30,161,131.9
2310,3.36,9:03,162,131.2
2311,3.36,8:56,162,131.2
2312,3.36,9:03,162,131.2
2313,3.36,9:34,162,130.6
2314,3.36,9:30,163,130.6
2315,3.36,10:00,162,130.6
2316,3.37,10:18,162,129.9
2317,3.37,10:33,162,129.9
2318,3.37,10:38,162,129.9
2319,3.37,10:59,163,129.3
2320,3.37,10:38,162,129.3
2321,3.37,10:00,163,129.3
2322,3.38,10:05,162,129.3
2323,3.38,10:18,162,129.3
2324,3.38,9:43,162,129.3
2325,3.38,9:38,162,129.3
2326,3.38,9:47,161,129.3
2327,3.38,9:38,161,129.3
2328,3.39,9:18,162,129.3
2329,3.39,9:43,162,129.9
2330,3.39,9:38,163,129.9
2331,3.39,9:56,163,129.3
2332,3.39,9:56,163,129.3
2333,3.39,9:34,163,128.6
2334,3.4,9:26,162,128.0
2335,3.4,9:38,162,128.0
2336,3.4,9:30,163,128.0
2337,3.4,9:34,163,128.0
2338,3.4,9:43,163,128.6
2339,3.41,9:34,164,128.6
2340,3.41,9:47,163,128.6
2341,3.41,10:33,164,129.3
2342,3.41,11:16,164,128.6
2343,3.41,11:33,163,128.6
2344,3.41,11:27,164,128.6
2345,3.41,11:39,164,128.6
2346,3.42,10:59,164,128.6
2347,3.42,9:43,163,129.3
2348,3.42,9:03,162,129.3
2349,3.42,8:49,162,129.3
2350,3.42,8:16,162,129.3
2351,3.43,8:07,162,129.3
2352,3.43,8:32,162,129.3
2353,3.43,8:42,162,129.3
2354,3.43,8:35,162,129.3
2355,3.43,9:07,162,129.3
2356,3.43,9:26,162,129.3
2357,3.44,9:38,161,129.3
2358,3.44,9:56,162,129.3
2359,3.44,10:38,162,129.3
2360,3.44,10:09,163,129.3
2361,3.44,10:23,163,129.3
2362,3.44,10:59,163,129.3
2363,3.45,11:33,163,128.6
2364,3.45,11:27,163,129.3
2365,3.45,11:52,164,129.3
2366,3.45,11:10,164,129.3
2367,3.45,10:43,165,129.3
2368,3.45,10:14,164,129.3
2369,3.46,9:47,165,129.3
2370,3.46,9:56,165,129.3
2371,3.46,9:47,164,129.3
2372,3.46,9:51,164,129.3
2373,3.46,10:09,163,129.3
2374,3.46,10:43,164,129.3
2375,3.46,10:14,164,128.6
2376,3.47,10:18,163,128.6
2377,3.47,9:56,163,128.6
2378,3.47,9:30,164,129.3
2379,3.47,9:14,163,129.3
2380,3.47,9:18,163,129.3
2381,3.48,9:07,163,129.3
2382,3.48,9:00,163,129.3
2383,3.48,9:00,163,129.3
2384,3.48,9:07,164,129.3
2385,3.48,9:18,163,129.3
2386,3.48,9:22,163,129.3
2387,3.49,9:34,163,128.6
2388,3.49,10:05,163,128.6
2389,3.49,10:05,164,128.6
2390,3.49,10:23,165,128.0
2391,3.49,10:38,165,128.0
2392,3.49,10:33,165,128.0
2393,3.5,10:33,165,128.6
2394,3.5,10:28,166,128.6
2395,3.5,10:09,166,129.3
2396,3.5,10:09,165,129.3
2397,3.5,10:00,165,129.3
2398,3.5,10:05,165,129.3
2399,3.51,10:14,165,129.3
2400,3.51,10:18,165,129.3
2401,3.51,10:28,166,129.3
2402,3.51,10:28,166,129.3
2403,3.51,10:00,166,129.3
2404,3.51,9:43,167,129.3
2405,3.52,9:34,167,129.3
2406,3.52,9:47,166,129.3
2407,3.52,10:05,167,129.3
2408,3.52,10:18,166,129.3
2409,3.52,10:18,167,129.3
2410,3.52,10:00,167,129.3
2411,3.53,9:38,166,129.3
2412,3.53,9:30,166,129.3
2413,3.53,9:18,166,129.9
2414,3.53,9:18,166,129.9
2415,3.53,9:26,165,130.6
2416,3.53,9:22,166,131.2
2417,3.54,9:26,166,130.6
2418,3.54,9:34,165,129.9
2419,3.54,9:18,165,129.3
2420,3.54,9:22,165,129.3
2421,3.54,9:03,166,129.3
2422,3.55,9:00,166,129.3
2423,3.55,8:52,166,129.9
2424,3.55,9:26,166,129.9
2425,3.55,9:56,167,129.9
2426,3.55,10:28,167,129.9
2427,3.55,10:43,167,129.9
2428,3.55,10:48,167,129.9
2429,3.56,10:28,167,130.6
2430,3.56,9:51,167,130.6
2431,3.56,9:30,166,130.6
2432,3.56,9:18,165,129.9
2433,3.56,9:22,165,129.9
2434,3.57,9:30,165,129.9
2435,3.57,9:47,164,129.9
2436,3.57,9:47,164,129.9
2437,3.57,9:51,164,130.6
2438,3.57,10:05,164,130.6
2439,3.57,10:09,163,130.6
2440,3.58,10:05,163,130.6
2441,3.58,10:28,162,130.6
2442,3.58,10:28,163,130.6
2443,3.58,10:00,163,130.6
2444,3.58,9:43,163,130.6
2445,3.58,9:47,164,131.2
2446,3.59,9:38,164,131.2
2447,3.59,9:30,165,131.2
2448,3.59,10:00,165,131.2
2449,3.59,10:00,165,130.6
2450,3.59,9:34,165,131.2
2451,3.59,9:51,164,131.2
2452,3.6,9:51,165,131.9
2453,3.6,10:00,165,131.9
2454,3.6,10:18,166,132.5
2455,3.6,10:28,166,131.9
2456,3.6,9:43,165,131.9
2457,3.6,9:26,165,131.9
2458,3.61,9:03,166,131.2
2459,3.61,8:42,166,131.2
2460,3.61,8:45,166,131.2
2461,3.61,8:56,167,131.2
2462,3.61,9:07,167,131.2
2463,3.62,9:26,167,131.2
2464,3.62,9:26,167,131.2
2465,3.62,9:03,167,131.2
2466,3.62,9:07,167,130.6
2467,3.62,8:56,167,130.6
2468,3.62,8:42,167,130.6
2469,3.63,9:03,167,129.9
2470,3.63,9:22,167,129.3
2471,3.63,10:09,167,129.3
2472,3.63,11:10,166,128.6
2473,3.63,10:48,166,129.3
2474,3.63,10:18,166,129.3
2475,3.64,10:14,166,129.3
2476,3.64,9:30,166,129.3
2477,3.64,8:52,167,129.3
2478,3.64,8:52,168,129.3
2479,3.64,9:00,167,129.3
2480,3.65,8:56,168,129.3
2481,3.65,8:42,168,129.3
2482,3.65,8:26,168,128.6
2483,3.65,8:16,168,128.6
2484,3.65,8:22,168,128.6
2485,3.66,8:42,169,128.6
2486,3.66,9:22,169,129.3
2487,3.66,10:14,169,129.9
2488,3.66,11:21,167,129.9
2489,3.66,12:39,166,130.6
2490,3.66,13:41,166,131.2
2491,3.66,13:32,166,131.2
2492,3.66,13:49,166,131.2
2493,3.67,14:07,165,130.6
2494,3.67,15:46,165,130.6
2495,3.67,16:33,164,129.9
2496,3.67,19:26,164,129.9
2497,3.67,20:19,163,129.9
2498,3.67,21:17,163,129.9
2499,3.67,17:52,161,130.6
2500,3.67,16:09,160,130.6
2501,3.67,14:16,159,131.2
2502,3.67,15:04,158,131.2
2503,3.67,15:35,158,131.2
2504,3.67,17:25,157,131.2
2505,3.68,19:43,156,131.2
2506,3.68,23:07,156,131.2
2507,3.68,21:37,155,131.2
2508,3.68,21:37,155,130.6
2509,3.68,18:53,154,130.6
2510,3.68,17:38,154,129.9
2511,3.68,15:57,154,129.9
2512,3.68,16:09,153,130.6
2513,3.68,15:14,153,130.6
2514,3.68,15:14,153,130.6
2515,3.69,15:14,152,130.6
2516,3.69,15:57,151,130.6
2517,3.69,15:46,150,130.6
2518,3.69,15:35,150,130.6
2519,3.69,14:44,150,129.9
2520,3.69,14:44,149,129.9
2521,3.69,14:34,148,129.9
2522,3.69,15:14,147,129.9
2523,3.69,16:21,146,129.3
2524,3.7,18:07,145,129.3
2525,3.7,19:26,143,128.6
2526,3.7,21:37,142,128.6
2527,3.7,20:01,141,128.6
2528,3.7,17:38,140,128.6
2529,3.7,16:45,140,129.3
2530,3.7,15:04,140,129.3
2531,3.7,13:32,139,129.3
2532,3.7,13:24,139,129.3
2533,3.7,14:07,138,129.9
2534,3.71,14:07,137,129.9
2535,3.71,14:07,136,129.9
2536,3.71,14:34,134,129.9
2537,3.71,14:16,133,129.9
2538,3.71,13:49,133,129.9
2539,3.71,14:25,131,129.9
2540,3.71,14:44,131,129.9
2541,3.71,14:44,131,129.9
2542,3.71,15:35,132,129.9
2543,3.72,16:45,131,129.3
2544,3.72,16:21,130,129.3
2545,3.72,15:35,131,129.3
2546,3.72,15:24,132,129.3
2547,3.72,15:24,131,129.3
2548,3.72,14:44,131,128.6
2549,3.72,14:54,131,128.6
2550,3.72,16:21,131,128.6
2551,3.72,17:25,129,128.0
2552,3.72,18:53,127,127.3
2553,3.73,20:01,127,127.3
2554,3.73,20:01,126,126.6
2555,3.73,19:43,126,126.6
2556,3.73,19:09,127,126.6
2557,3.73,16:45,127,126.6
2558,3.73,16:09,127,126.6
2559,3.73,16:21,127,126.6
2560,3.73,15:35,127,126.6
2561,3.73,14:54,128,126.0
2562,3.74,15:24,129,126.0
2563,3.74,14:34,129,126.0
2564,3.74,13:32,129,125.3
2565,3.74,12:39,129,125.3
2566,3.74,11:58,130,126.0
2567,3.74,11:10,130,126.0
2568,3.74,10:38,130,126.0
2569,3.75,10:23,131,126.6
2570,3.75,10:38,132,126.6
2571,3.75,10:33,133,126.6
2572,3.75,10:18,134,127.3
2573,3.75,9:47,135,127.3
2574,3.75,9:26,136,126.6
2575,3.76,9:00,136,126.6
2576,3.76,8:35,137,126.6
2577,3.76,8:22,138,126.6
2578,3.76,8:26,138,126.6
2579,3.76,8:35,140,126.6
2580,3.77,8:22,141,127.3
2581,3.77,8:22,142,127.3
2582,3.77,8:26,144,127.3
2583,3.77,8:42,145,127.3
2584,3.77,8:49,145,128.0
2585,3.78,9:07,146,128.0
2586,3.78,9:26,147,127.3
2587,3.78,9:22,149,127.3
2588,3.78,9:03,149,127.3
2589,3.78,8:39,150,127.3
2590,3.79,8:29,151,127.3
2591,3.79,8:22,152,127.3
2592,3.79,8:22,152,126.6
2593,3.79,8:32,152,126.0
2594,3.79,8:16,153,126.0
2595,3.8,8:32,153,126.0
2596,3.8,8:19,153,126.0
2597,3.8,8:29,153,126.6
2598,3.8,8:29,154,127.3
2599,3.8,8:56,155,126.6
2600,3.8,9:00,156,126.6
2601,3.81,9:22,156,127.3
2602,3.81,9:47,157,128.0
2603,3.81,9:47,157,128.6
2604,3.81,9:51,157,128.6
2605,3.81,9:34,157,128.6
2606,3.81,9:43,158,128.6
2607,3.82,9:30,157,128.6
2608,3.82,9:34,158,129.3
2609,3.82,9:51,159,129.3
2610,3.82,9:43,160,129.9
2611,3.82,9:22,160,129.9
2612,3.83,9:00,159,129.9
2613,3.83,8:45,160,130.6
2614,3.83,8:22,160,130.6
2615,3.83,8:26,162,130.6
2616,3.83,8:29,162,130.6
2617,3.84,8:45,162,130.6
2618,3.84,8:49,162,130.6
2619,3.84,8:56,163,130.6
2620,3.84,8:49,163,130.6
2621,3.84,8:45,164,130.6
2622,3.85,8:16,164,131.2
2623,3.85,8:13,164,131.2
2624,3.85,8:04,164,131.2
2625,3.85,8:16,164,131.2
2626,3.85,8:39,163,131.2
2627,3.85,8:52,164,131.9
2628,3.86,8:56,165,131.9
2629,3.86,8:56,166,132.5
2630,3.86,8:49,166,132.5
2631,3.86,8:32,166,132.5
2632,3.86,8:45,166,132.5
2633,3.87,8:42,166,132.5
2634,3.87,8:35,167,132.5
2635,3.87,8:32,167,131.9
2636,3.87,8:39,166,131.9
2637,3.87,8:32,165,131.2
2638,3.88,8:26,165,130.6
2639,3.88,8:35,166,130.6
2640,3.88,8:56,166,130.6
2641,3.88,8:35,166,130.6
2642,3.88,8:29,167,130.6
2643,3.89,8:42,167,131.2
2644,3.89,9:03,167,130.6
2645,3.89,8:56,167,130.6
2646,3.89,9:03,167,130.6
2647,3.89,9:22,168,129.9
2648,3.89,9:14,168,129.3
2649,3.9,8:45,169,129.3
2650,3.9,8:22,169,129.3
2651,3.9,8:32,169,128.6
2652,3.9,8:49,170,128.6
2653,3.9,8:35,170,129.3
2654,3.91,8:32,170,129.3
2655,3.91,8:49,170,129.3
2656,3.91,8:29,169,129.3
2657,3.91,8:16,170,129.3
2658,3.91,8:49,170,129.3
2659,3.92,9:00,170,129.3
2660,3.92,9:18,171,129.3
2661,3.92,9:47,170,129.3
2662,3.92,9:14,170,129.3
2663,3.92,8:39,170,129.9
2664,3.93,8:32,169,129.9
2665,3.93,8:01,170,129.9
2666,3.93,7:42,170,129.9
2667,3.93,7:53,170,130.6
2668,3.93,8:19,170,130.6
2669,3.93,8:45,170,130.6
2670,3.94,9:07,169,130.6
2671,3.94,9:07,169,130.6
2672,3.94,8:49,170,131.2
2673,3.94,8:26,170,131.2
2674,3.95,8:04,170,131.2
2675,3.95,7:53,171,131.2
2676,3.95,8:13,170,130.6
2677,3.95,8:32,171,130.6
2678,3.95,9:00,171,130.6
2679,3.95,9:22,171,130.6
2680,3.96,9:34,171,130.6
2681,3.96,9:38,171,130.6
2682,3.96,9:30,171,130.6
2683,3.96,9:11,170,130.6
2684,3.96,8:49,171,130.6
2685,3.97,8:39,171,130.6
2686,3.97,8:32,172,130.6
2687,3.97,8:35,172,130.6
2688,3.97,8:32,172,130.6
2689,3.97,8:35,172,130.6
2690,3.98,8:45,171,130.6
2691,3.98,8:39,171,130.6
2692,3.98,8:32,171,130.6
2693,3.98,8:49,171,130.6
2694,3.98,9:03,171,130.6
2695,3.98,9:03,171,130.6
2696,3.99,8:56,171,130.6
2697,3.99,9:00,172,130.6
2698,3.99,8:56,172,130.6
2699,3.99,8:52,172,130.6
2700,3.99,8:56,172,130.6
2701,4.0,9:14,172,130.6
2702,4.0,9:07,172,129.9
2703,4.0,9:18,172,129.9
2704,4.0,9:22,171,129.9
2705,4.0,9:22,171,129.9
2706,4.0,9:11,171,130.6
2707,4.01,9:03,172,130.6
2708,4.01,9:00,173,130.6
2709,4.01,8:35,173,130.6
2710,4.01,8:39,173,130.6
2711,4.01,8:42,172,130.6
2712,4.02,8:49,172,130.6
2713,4.02,8:49,172,130.6
2714,4.02,9:07,172,130.6
2715,4.02,9:07,171,130.6
2716,4.02,9:07,171,131.2
2717,4.02,9:22,171,130.6
2718,4.03,9:22,171,131.2
2719,4.03,9:22,171,130.6
2720,4.03,9:18,171,130.6
2721,4.03,9:22,172,129.9
2722,4.03,9:07,173,129.9
2723,4.04,9:03,173,129.9
2724,4.04,9:07,173,130.6
2725,4.04,9:07,173,130.6
2726,4.04,9:14,173,131.2
2727,4.04,9:43,172,131.2
2728,4.04,9:26,172,131.2
2729,4.05,9:26,172,131.2
2730,4.05,9:18,172,130.6
2731,4.05,9:00,172,130.6
2732,4.05,8:29,172,130.6
2733,4.05,8:32,172,130.6
2734,4.06,8:19,173,130.6
2735,4.06,8:32,173,130.6
2736,4.06,8:32,173,130.6
2737,4.06,8:45,174,130.6
2738,4.06,9:18,174,130.6
2739,4.06,10:18,175,130.6
2740,4.07,10:00,175,130.6
2741,4.07,10:23,175,130.6
2742,4.07,10:28,174,131.2
2743,4.07,10:18,173,131.2
2744,4.07,9:30,173,131.9
2745,4.07,9:51,173,131.9
2746,4.08,9:51,173,132.5
2747,4.08,9:56,174,132.5
2748,4.08,9:34,173,132.5
2749,4.08,8:45,173,133.2
2750,4.08,8:29,172,133.2
2751,4.09,7:56,173,133.2
2752,4.09,7:47,173,133.2
2753,4.09,8:01,174,133.2
2754,4.09,8:29,174,133.2
2755,4.09,8:49,174,133.2
2756,4.1,9:14,174,133.2
2757,4.1,9:18,173,133.2
2758,4.1,8:52,173,133.2
2759,4.1,8:49,173,133.2
2760,4.1,8:49,173,133.2
2761,4.11,9:14,173,133.2
2762,4.11,9:14,173,133.2
2763,4.11,9:26,174,133.2
2764,4.11,9:47,174,133.9
2765,4.11,9:26,174,133.9
2766,4.11,8:45,174,133.9
2767,4.12,8:35,174,133.9
2768,4.12,8:42,174,133.9
2769,4.12,8:49,174,133.9
2770,4.12,8:45,174,133.9
2771,4.12,8:49,174,133.9
2772,4.13,8:45,174,133.9
2773,4.13,8:56,174,133.9
2774,4.13,9:38,174,133.2
2775,4.13,10:59,173,133.2
2776,4.13,13:32,173,132.5
2777,4.13,16:33,173,132.5
2778,4.13,18:22,173,132.5
2779,4.13,18:37,172,131.9
2780,4.13,18:22,171,131.9
2781,4.13,18:07,170,131.9
2782,4.14,17:38,170,131.9
2783,4.14,16:09,169,131.9
2784,4.14,16:45,168,131.9
2785,4.14,17:11,168,131.9
2786,4.14,14:54,168,131.2
2787,4.14,14:44,167,131.2
2788,4.14,15:46,166,131.2
2789,4.14,14:34,164,130.6
2790,4.14,14:16,165,130.6
2791,4.15,15:46,164,130.6
2792,4.15,17:25,163,130.6
2793,4.15,17:38,163,130.6
2794,4.15,18:53,163,130.6
2795,4.15,18:22,162,130.6
2796,4.15,17:11,162,130.6
2797,4.15,16:09,161,129.9
2798,4.15,16:09,160,129.9
2799,4.15,15:46,159,129.9
2800,4.15,16:21,159,129.9
2801,4.16,18:22,156,129.9
2802,4.16,18:37,154,129.9
2803,4.16,19:26,153,129.9
2804,4.16,18:53,152,129.9
2805,4.16,17:52,151,129.9
2806,4.16,15:46,151,129.9
2807,4.16,15:35,150,129.9
2808,4.16,14:44,149,129.9
2809,4.16,15:46,149,130.6
2810,4.16,17:38,148,130.6
2811,4.16,19:26,148,131.2
2812,4.17,19:26,147,131.2
2813,4.17,20:57,146,131.2
2814,4.17,21:17,145,130.6
2815,4.17,20:19,144,129.9
2816,4.17,20:37,144,129.9
2817,4.17,20:01,144,129.9
2818,4.17,15:35,142,129.9
2819,4.17,14:16,142,129.9
2820,4.17,12:25,141,129.9
2821,4.18,11:10,140,129.9
2822,4.18,10:38,139,129.9
2823,4.18,11:45,139,129.9
2824,4.18,11:27,138,129.9
2825,4.18,12:11,137,129.9
2826,4.18,12:04,136,129.9
2827,4.18,13:16,135,129.3
2828,4.18,13:49,134,129.3
2829,4.19,16:21,133,129.3
2830,4.19,18:37,133,128.6
2831,4.19,21:59,132,128.6
2832,4.19,23:31,131,128.0
2833,4.19,26:17,131,128.0
2834,4.19,23:07,131,127.3
2835,4.19,21:17,130,127.3
2836,4.19,19:43,130,127.3
2837,4.19,17:11,130,127.3
2838,4.19,14:25,130,127.3
2839,4.2,13:41,131,127.3
2840,4.2,13:08,131,126.6
2841,4.2,13:08,132,126.6
2842,4.2,13:32,132,126.6
2843,4.2,14:25,131,126.0
2844,4.2,14:34,130,126.0
2845,4.2,15:04,130,126.0
2846,4.2,16:09,130,125.3
2847,4.2,17:25,130,125.3
2848,4.2,16:58,131,125.3
2849,4.21,18:22,131,126.0
2850,4.21,18:22,131,126.0
2851,4.21,15:57,130,126.0
2852,4.21,14:25,130,126.6
2853,4.21,13:41,131,126.6
2854,4.21,12:04,133,127.3
2855,4.21,10:48,134,127.3
2856,4.22,10:33,133,127.3
2857,4.22,10:14,133,127.3
2858,4.22,9:47,135,127.3
2859,4.22,9:30,135,127.3
2860,4.22,9:11,136,127.3
2861,4.23,8:42,136,127.3
2862,4.23,8:22,137,127.3
2863,4.23,8:29,138,127.3
2864,4.23,8:32,138,127.3
2865,4.23,8:22,139,127.3
2866,4.23,8:35,140,127.3
2867,4.24,8:29,141,127.3
2868,4.24,8:29,141,127.3
2869,4.24,8:13,142,127.3
2870,4.24,8:39,143,127.3
2871,4.24,8:49,144,127.3
2872,4.25,8:45,145,127.3
2873,4.25,8:52,146,127.3
2874,4.25,8:52,148,127.3
2875,4.25,8:49,149,127.3
2876,4.25,8:42,149,127.3
2877,4.26,8:45,150,127.3
2878,4.26,8:42,152,128.0
2879,4.26,8:45,153,128.6
2880,4.26,8:39,153,128.6
2881,4.26,8:35,154,129.3
2882,4.27,8:45,154,129.3
2883,4.27,8:39,155,129.3
2884,4.27,8:32,155,128.6
2885,4.27,8:35,155,128.6
2886,4.27,8:22,155,128.0
2887,4.28,8:29,157,128.0
2888,4.28,8:22,158,128.0
2889,4.28,8:32,159,128.0
2890,4.28,8:39,160,128.0
2891,4.28,8:39,159,128.6
2892,4.28,8:35,159,129.3
2893,4.29,8:29,155,129.9
2894,4.29,8:32,155,130.6
2895,4.29,8:29,152,130.6
2896,4.29,8:39,147,130.6
2897,4.29,8:22,149,129.9
2898,4.3,8:16,149,129.9
2899,4.3,8:13,149,129.3
2900,4.3,8:04,149,128.6
2901,4.3,8:01,149,129.3
2902,4.31,8:07,149,129.3
2903,4.31,8:07,149,129.9
2904,4.31,8:07,149,129.9
2905,4.31,8:07,150,130.6
2906,4.31,8:19,150,129.9
2907,4.31,8:42,150,129.9
2908,4.32,8:56,151,130.6
2909,4.32,8:49,151,130.6
2910,4.32,8:56,151,130.6
2911,4.32,9:00,152,130.6
2912,4.32,8:49,152,131.2
2913,4.33,8:39,152,130.6
2914,4.33,8:49,153,130.6
2915,4.33,8:56,154,131.2
2916,4.33,8:56,155,131.2
2917,4.33,9:07,155,131.9
2918,4.34,9:26,156,131.9
2919,4.34,9:26,157,131.9
2920,4.34,9:22,159,132.5
2921,4.34,9:07,160,132.5
2922,4.34,8:22,162,132.5
2923,4.35,8:19,165,133.2
2924,4.35,8:32,166,133.2
2925,4.35,8:29,167,133.2
2926,4.35,8:32,168,133.2
2927,4.35,8:39,170,132.5
2928,4.36,8:04,172,132.5
2929,4.36,7:39,172,132.5
2930,4.36,7:22,173,132.5
2931,4.36,7:29,173,133.2
2932,4.36,7:53,172,133.2
2933,4.37,8:26,172,133.2
2934,4.37,8:39,172,133.2
2935,4.37,9:03,172,133.2
2936,4.37,8:39,172,133.2
2937,4.37,8:07,172,133.2
2938,4.38,8:16,172,133.2
2939,4.38,8:32,172,133.2
2940,4.38,8:26,173,133.2
2941,4.38,8:26,173,133.2
2942,4.38,8:42,174,133.2
2943,4.39,8:13,174,133.2
2944,4.39,8:16,174,133.2
2945,4.39,8:39,175,133.2
2946,4.39,8:39,175,132.5
2947,4.39,8:29,176,132.5
2948,4.39,9:07,176,132.5
2949,4.4,8:56,176,132.5
2950,4.4,8:49,175,132.5
2951,4.4,8:49,175,132.5
2952,4.4,8:52,175,133.2
2953,4.4,8:13,175,132.5
2954,4.41,8:10,175,132.5
2955,4.41,7:42,175,132.5
2956,4.41,7:45,175,131.9
2957,4.41,7:47,175,131.9
2958,4.42,7:53,176,131.9
2959,4.42,7:42,176,131.9
2960,4.42,8:16,175,132.5
2961,4.42,8:39,175,132.5
2962,4.42,8:49,176,132.5
2963,4.42,9:00,178,132.5
2964,4.43,8:42,177,132.5
2965,4.43,8:04,177,132.5
2966,4.43,7:29,177,132.5
2967,4.43,7:19,175,133.2
2968,4.44,7:24,176,133.2
2969,4.44,7:24,176,133.2
2970,4.44,7:37,176,133.2
2971,4.44,8:07,175,133.2
2972,4.44,8:04,175,133.2
2973,4.45,8:13,176,133.2
2974,4.45,8:19,176,133.2
2975,4.45,8:01,177,133.2
2976,4.45,7:37,177,133.2
2977,4.46,7:32,176,133.2
2978,4.46,7:19,177,133.2
2979,4.46,7:17,176,133.2
2980,4.46,7:34,175,133.2
2981,4.46,7:29,176,133.2
2982,4.47,7:29,176,133.2
2983,4.47,7:39,178,132.5
2984,4.47,8:01,178,133.2
2985,4.47,8:13,178,133.2
2986,4.47,8:32,177,133.2
2987,4.48,9:03,177,132.5
2988,4.48,8:39,177,132.5
2989,4.48,8:29,176,132.5
2990,4.48,8:13,176,132.5
2991,4.48,8:32,178,132.5
2992,4.49,8:26,179,132.5
2993,4.49,8:22,179,132.5
2994,4.49,8:16,179,132.5
2995,4.49,8:22,179,131.9
2996,4.49,8:04,179,131.9
2997,4.5,8:01,180,131.9
2998,4.5,8:07,180,131.9
2999,4.5,8:13,181,131.9
3000,4.5,8:04,180,131.9
3001,4.5,8:10,180,131.9
3002,4.51,8:04,180,131.9
3003,4.51,8:16,180,131.9
3004,4.51,8:13,181,131.9
3005,4.51,8:04,181,132.5
3006,4.51,7:53,181,132.5
3007,4.52,7:42,181,132.5
3008,4.52,7:29,181,131.9
3009,4.52,7:14,181,131.9
3010,4.52,7:34,181,131.9
3011,4.53,7:32,181,132.5
3012,4.53,7:42,180,132.5
3013,4.53,7:56,179,131.9
3014,4.53,8:22,181,131.9
3015,4.53,8:04,181,131.9
3016,4.54,8:10,181,131.2
3017,4.54,8:13,181,131.9
3018,4.54,7:45,180,131.9
3019,4.54,7:34,180,131.9
3020,4.54,7:29,180,132.5
3021,4.55,7:42,179,132.5
3022,4.55,7:42,179,132.5
3023,4.55,8:04,180,131.9
3024,4.55,8:10,181,131.9
3025,4.56,8:16,181,131.2
3026,4.56,8:13,180,130.6
3027,4.56,7:47,180,131.2
3028,4.56,7:47,180,131.9
3029,4.56,7:39,178,132.5
3030,4.57,7:47,179,133.2
3031,4.57,7:47,180,133.9
3032,4.57,8:01,180,133.9
3033,4.57,7:56,180,133.9
3034,4.57,7:53,180,133.2
3035,4.58,7:34,180,133.2
3036,4.58,7:27,180,132.5
3037,4.58,7:29,180,132.5
3038,4.58,7:32,181,133.2
3039,4.59,7:29,181,133.2
3040,4.59,7:42,182,133.2
3041,4.59,7:24,182,133.9
3042,4.59,7:37,181,133.9
3043,4.59,7:34,181,133.2
3044,4.6,7:47,182,133.2
3045,4.6,8:19,183,133.9
3046,4.6,10:23,182,134.5
3047,4.6,11:52,182,134.5
3048,4.6,13:58,181,135.2
3049,4.6,15:24,181,135.8
3050,4.6,15:14,182,135.8
3051,4.6,13:32,181,135.2
3052,4.61,12:46,181,135.2
3053,4.61,12:53,181,134.5
3054,4.61,14:34,180,133.9
3055,4.61,19:26,181,133.9
3056,4.61,20:01,179,133.9
3057,4.61,20:01,179,133.9
3058,4.61,20:01,179,133.9
3059,4.61,18:07,179,133.9
3060,4.61,15:14,178,133.2
3061,4.61,16:33,177,133.2
3062,4.61,18:22,177,133.2
3063,4.62,18:37,176,133.2
3064,4.62,20:19,175,133.2
3065,4.62,20:57,174,133.9
3066,4.62,18:53,174,133.9
3067,4.62,18:53,173,133.9
3068,4.62,19:09,173,133.9
3069,4.62,18:22,173,133.9
3070,4.62,18:07,171,133.9
3071,4.62,18:37,170,133.9
3072,4.62,17:38,169,133.9
3073,4.62,16:58,169,133.9
3074,4.63,16:58,168,133.2
3075,4.63,16:09,168,133.2
3076,4.63,15:24,166,133.2
3077,4.63,15:14,165,133.2
3078,4.63,15:46,165,133.2
3079,4.63,15:57,165,133.2
3080,4.63,15:46,164,132.5
3081,4.63,16:21,164,132.5
3082,4.63,16:33,163,132.5
3083,4.64,15:35,161,132.5
3084,4.64,14:34,160,133.2
3085,4.64,15:04,160,133.2
3086,4.64,15:35,160,133.2
3087,4.64,15:24,158,133.9
3088,4.64,16:21,158,133.2
3089,4.64,16:58,156,133.2
3090,4.64,17:25,155,133.2
3091,4.64,16:58,153,132.5
3092,4.64,16:45,154,132.5
3093,4.65,16:21,154,132.5
3094,4.65,16:45,152,132.5
3095,4.65,16:33,151,132.5
3096,4.65,16:21,149,132.5
3097,4.65,16:33,149,132.5
3098,4.65,16:33,149,132.5
3099,4.65,16:45,148,132.5
3100,4.65,16:33,148,132.5
3101,4.65,16:45,147,132.5
3102,4.65,17:25,146,132.5
3103,4.66,17:38,144,132.5
3104,4.66,16:58,144,132.5
3105,4.66,15:57,144,131.9
3106,4.66,15:46,143,131.9
3107,4.66,15:14,142,131.9
3108,4.66,15:04,142,132.5
3109,4.66,15:35,140,132.5
3110,4.66,16:21,138,132.5
3111,4.66,16:09,136,132.5
3112,4.66,16:21,136,132.5
3113,4.67,17:25,136,132.5
3114,4.67,17:38,135,133.2
3115,4.67,18:22,136,133.2
3116,4.67,20:57,136,133.2
3117,4.67,20:37,135,133.2
3118,4.67,19:09,134,132.5
3119,4.67,18:22,134,132.5
3120,4.67,18:07,134,131.9
3121,4.67,16:21,134,131.9
3122,4.67,16:58,134,131.9
3123,4.67,17:38,133,131.2
3124,4.68,18:22,132,131.2
3125,4.68,18:07,132,131.2
3126,4.68,19:43,131,130.6
3127,4.68,20:01,130,130.6
3128,4.68,18:07,130,130.6
3129,4.68,15:04,131,130.6
3130,4.68,12:53,133,131.2
3131,4.68,10:54,136,131.2
3132,4.69,9:34,136,131.2
3133,4.69,9:00,138,131.2
3134,4.69,8:32,140,131.2
3135,4.69,8:26,140,131.9
3136,4.69,8:19,142,131.9
3137,4.7,8:04,143,131.9
3138,4.7,7:45,144,131.9
3139,4.7,7:50,146,131.9
3140,4.7,7:47,147,131.2
3141,4.71,7:39,148,131.2
3142,4.71,7:32,149,131.2
3143,4.71,7:45,150,131.2
3144,4.71,7:45,150,131.2
3145,4.71,7:56,152,131.2
3146,4.72,7:53,152,131.2
3147,4.72,8:04,153,131.2
3148,4.72,7:34,155,131.2
3149,4.72,7:39,156,131.2
3150,4.73,7:19,156,131.2
3151,4.73,7:17,157,131.2
3152,4.73,7:10,158,131.2
3153,4.73,7:32,159,131.2
3154,4.73,7:27,159,131.2
3155,4.74,7:37,161,131.2
3156,4.74,7:45,162,131.2
3157,4.74,7:53,161,131.2
3158,4.74,7:50,162,131.2
3159,4.74,7:39,164,131.2
3160,4.75,7:34,164,131.2
3161,4.75,7:39,164,131.2
3162,4.75,7:32,164,131.2
3163,4.75,7:24,165,131.2
3164,4.76,7:24,166,130.6
3165,4.76,7:22,166,130.6
3166,4.76,7:12,166,130.6
3167,4.76,7:12,168,130.6
3168,4.77,7:19,169,129.9
3169,4.77,7:24,168,129.3
3170,4.77,7:34,168,129.3
3171,4.77,7:32,168,129.3
3172,4.77,7:39,168,129.3
3173,4.78,7:32,169,129.9
3174,4.78,7:34,170,130.6
3175,4.78,7:24,170,130.6
3176,4.78,7:34,171,130.6
3177,4.78,7:29,171,131.2
3178,4.79,7:39,171,131.2
3179,4.79,7:32,171,131.2
3180,4.79,7:42,172,131.9
3181,4.79,7:37,173,131.9
3182,4.8,7:45,173,131.9
3183,4.8,7:39,174,131.9
3184,4.8,7:56,174,131.9
3185,4.8,7:47,174,131.2
3186,4.8,7:50,174,131.2
3187,4.81,7:24,174,130.6
3188,4.81,7:19,174,130.6
3189,4.81,7:08,175,130.6
3190,4.81,7:10,175,130.6
3191,4.82,7:12,176,130.6
3192,4.82,7:32,176,130.6
3193,4.82,7:45,177,131.2
3194,4.82,7:39,177,131.2
3195,4.82,7:39,177,131.2
3196,4.83,7:32,177,131.2
3197,4.83,7:24,178,131.9
3198,4.83,7:08,179,131.9
3199,4.83,7:14,180,131.9
3200,4.84,7:03,180,131.9
3201,4.84,7:08,179,132.5
3202,4.84,7:01,180,132.5
3203,4.84,6:52,179,133.2
3204,4.85,6:48,180,133.2
3205,4.85,7:08,179,133.9
3206,4.85,7:14,180,133.9
3207,4.85,7:34,180,133.9
3208,4.85,7:50,181,134.5
3209,4.86,8:01,180,134.5
3210,4.86,7:42,180,134.5
3211,4.86,7:17,180,134.5
3212,4.86,7:10,180,133.9
3213,4.87,7:17,181,133.9
3214,4.87,7:05,180,133.9
3215,4.87,7:10,182,133.9
3216,4.87,7:19,182,133.9
3217,4.88,7:17,182,133.9
3218,4.88,7:08,183,134.5
3219,4.88,7:19,183,133.9
3220,4.88,7:10,183,134.5
3221,4.88,7:05,184,134.5
3222,4.89,7:12,184,133.9
3223,4.89,7:14,184,133.9
3224,4.89,7:05,185,133.9
3225,4.89,7:12,184,133.9
3226,4.9,7:12,185,133.9
3227,4.9,7:05,185,133.9
3228,4.9,7:24,185,133.9
3229,4.9,7:29,185,133.9
3230,4.9,7:34,186,133.9
3231,4.91,7:34,185,133.9
3232,4.91,7:22,185,133.9
3233,4.91,6:50,185,133.9
3234,4.91,6:48,185,133.9
3235,4.92,6:44,185,133.9
3236,4.92,6:48,185,133.9
3237,4.92,7:17,184,134.5
3238,4.92,7:34,184,134.5
3239,4.93,7:47,184,134.5
3240,4.93,7:34,184,134.5
3241,4.93,7:32,184,133.9
3242,4.93,6:56,185,133.9
3243,4.94,6:59,185,133.9
3244,4.94,6:44,184,134.5
3245,4.94,6:56,184,134.5
3246,4.94,7:12,185,134.5
3247,4.94,7:37,183,134.5
3248,4.95,7:56,185,134.5
3249,4.95,8:49,184,134.5
3250,4.95,10:59,184,134.5
3251,4.95,12:46,185,134.5
3252,4.95,14:54,184,134.5
3253,4.95,16:33,184,135.2
3254,4.95,16:45,184,135.2
3255,4.95,14:44,184,135.2
3256,4.95,15:24,184,135.2
3257,4.95,15:46,183,134.5
3258,4.96,17:11,182,134.5
3259,4.96,18:53,182,134.5
3260,4.96,19:26,182,134.5
3261,4.96,18:22,180,134.5
3262,4.96,19:43,179,134.5
3263,4.96,19:26,179,134.5
3264,4.96,19:26,179,133.9
3265,4.96,20:19,178,133.9
3266,4.96,20:19,177,133.9
3267,4.96,19:26,178,133.2
3268,4.96,19:26,177,133.2
3269,4.97,19:43,176,133.2
3270,4.97,18:53,176,132.5
3271,4.97,18:53,175,132.5
3272,4.97,18:53,174,131.9
3273,4.97,17:52,173,131.9
3274,4.97,17:38,172,131.2
3275,4.97,17:25,172,131.2
3276,4.97,16:45,171,131.2
3277,4.97,16:45,171,130.6
3278,4.97,16:58,171,130.6
3279,4.97,16:33,170,130.6
3280,4.98,16:58,169,130.6
3281,4.98,18:22,169,129.9
3282,4.98,20:01,169,129.9
3283,4.98,21:17,168,129.9
3284,4.98,20:37,168,129.9
3285,4.98,19:43,167,129.9
3286,4.98,18:07,166,129.9
3287,4.98,15:04,166,129.9
3288,4.98,14:44,165,129.9
3289,4.98,15:46,165,129.9
3290,4.98,16:45,164,129.9
3291,4.99,17:11,164,129.9
3292,4.99,18:37,163,130.6
3293,4.99,18:22,161,130.6
3294,4.99,18:07,162,130.6
3295,4.99,18:22,160,130.6
3296,4.99,17:52,158,130.6
3297,4.99,18:37,157,129.9
3298,4.99,18:37,157,130.6
3299,4.99,16:58,157,130.6
3300,4.99,15:35,155,130.6
3301,5.0,14:54,155,130.6
3302,5.0,14:25,154,130.6
3303,5.0,14:16,153,130.6
3304,5.0,14:16,152,131.2
3305,5.0,14:07,152,131.2
3306,5.0,14:44,151,130.6
3307,5.0,14:54,151,130.6
3308,5.0,14:54,151,129.9
3309,5.0,15:35,151,129.9
3310,5.01,16:33,149,129.3
3311,5.01,17:25,149,129.3
3312,5.01,16:21,148,129.3
3313,5.01,16:58,147,128.6
3314,5.01,18:37,145,128.6
3315,5.01,19:26,145,128.6
3316,5.01,20:01,145,128.6
3317,5.01,22:21,145,128.6
3318,5.01,21:17,145,129.3
3319,5.01,18:37,144,129.3
3320,5.01,16:58,143,129.3
3321,5.02,15:14,142,129.3
3322,5.02,14:44,142,129.3
3323,5.02,14:54,142,129.3
3324,5.02,14:34,142,129.3
3325,5.02,13:58,142,129.9
3326,5.02,13:41,141,129.9
3327,5.02,13:41,141,130.6
3328,5.02,13:24,141,130.6
3329,5.03,14:54,140,130.6
3330,5.03,16:33,139,130.6
3331,5.03,18:07,138,130.6
3332,5.03,18:37,138,129.9
3333,5.03,17:38,138,129.9
3334,5.03,14:34,139,129.3
3335,5.03,12:18,140,129.3
3336,5.03,10:28,142,129.3
3337,5.04,8:49,143,129.3
3338,5.04,8:13,144,129.9
3339,5.04,7:45,145,129.9
3340,5.04,7:34,146,130.6
3341,5.05,7:37,147,130.6
3342,5.05,8:01,147,130.6
3343,5.05,8:10,148,130.6
3344,5.05,8:16,150,130.6
3345,5.05,8:13,151,129.9
3346,5.06,8:07,153,129.9
3347,5.06,7:58,154,129.9
3348,5.06,7:39,154,129.3
3349,5.06,7:34,156,129.3
3350,5.07,7:27,157,129.3
3351,5.07,7:27,158,129.3
3352,5.07,7:17,160,129.9
3353,5.07,7:10,159,129.9
3354,5.07,7:08,161,130.6
3355,5.08,7:03,162,130.6
3356,5.08,6:54,162,130.6
3357,5.08,6:44,163,130.6
3358,5.08,6:56,164,131.2
3359,5.09,6:56,164,130.6
3360,5.09,7:05,165,130.6
3361,5.09,7:01,165,131.2
3362,5.09,7:19,167,131.2
3363,5.1,7:17,168,131.2
3364,5.1,7:14,168,131.2
3365,5.1,7:17,169,131.2
3366,5.1,7:34,170,131.2
3367,5.1,7:27,170,131.9
3368,5.11,7:14,172,131.9
3369,5.11,6:56,173,131.9
3370,5.11,6:38,172,132.5
3371,5.12,6:25,174,133.2
3372,5.12,6:25,174,133.2
3373,5.12,6:21,174,133.2
3374,5.12,6:40,174,133.9
3375,5.13,6:40,174,133.9
3376,5.13,6:48,176,133.9
3377,5.13,6:52,177,133.9
3378,5.13,7:01,177,133.9
3379,5.13,6:48,178,133.9
3380,5.14,7:12,179,133.9
3381,5.14,7:12,179,133.2
3382,5.14,7:05,179,133.2
3383,5.14,7:01,180,133.2
3384,5.15,7:08,180,133.2
3385,5.15,6:48,180,133.2
3386,5.15,6:46,180,133.2
3387,5.15,6:52,180,133.2
3388,5.16,6:59,181,133.2
3389,5.16,7:03,181,133.2
3390,5.16,7:12,181,133.2
3391,5.16,6:56,182,132.5
3392,5.17,6:48,182,133.2
3393,5.17,6:48,181,132.5
3394,5.17,6:48,182,132.5
3395,5.17,6:52,181,132.5
3396,5.17,7:22,181,132.5
3397,5.18,7:39,181,133.2
3398,5.18,7:32,182,133.9
3399,5.18,7:12,182,133.9
3400,5.18,7:05,183,133.9
3401,5.19,6:50,183,133.9
3402,5.19,6:38,183,133.2
3403,5.19,6:42,184,133.2
3404,5.19,7:08,183,133.2
3405,5.2,7:17,184,133.2
3406,5.2,7:27,184,133.2
3407,5.2,7:39,184,133.2
3408,5.2,7:42,184,133.2
3409,5.21,7:14,185,133.2
3410,5.21,7:05,185,133.9
3411,5.21,7:05,186,133.9
3412,5.21,6:59,185,133.2
3413,5.21,6:59,185,133.2
3414,5.22,7:10,185,133.2
3415,5.22,7:08,185,133.2
3416,5.22,7:14,185,133.2
3417,5.22,7:10,185,133.2
3418,5.23,7:03,184,133.2
3419,5.23,7:08,183,133.2
3420,5.23,7:12,184,133.2
3421,5.23,6:50,183,133.2
3422,5.24,6:54,184,133.2
3423,5.24,7:03,186,133.2
3424,5.24,7:05,186,133.2
3425,5.24,7:08,186,133.2
3426,5.24,7:22,186,132.5
3427,5.25,7:22,186,132.5
3428,5.25,7:24,186,132.5
3429,5.25,7:05,186,132.5
3430,5.25,7:01,185,132.5
3431,5.26,6:50,186,132.5
3432,5.26,6:50,187,132.5
3433,5.26,6:36,186,131.9
3434,5.26,6:54,186,131.2
3435,5.27,6:50,185,130.6
3436,5.27,7:01,185,130.6
3437,5.27,6:56,185,130.6
3438,5.27,7:08,186,131.2
3439,5.28,6:50,187,131.2
3440,5.28,6:52,187,131.9
3441,5.28,6:40,187,131.9
3442,5.28,6:42,187,131.9
3443,5.29,6:36,186,131.9
3444,5.29,7:03,186,131.9
3445,5.29,7:39,187,131.2
3446,5.29,8:45,187,131.9
3447,5.29,10:23,187,132.5
3448,5.29,12:25,186,133.2
3449,5.29,14:34,186,133.9
3450,5.29,16:58,187,133.9
3451,5.29,19:26,186,134.5
3452,5.3,19:09,186,134.5
3453,5.3,17:25,186,134.5
3454,5.3,15:14,186,133.9
3455,5.3,13:58,184,133.9
3456,5.3,12:25,184,134.5
3457,5.3,11:33,184,134.5
3458,5.3,12:32,183,134.5
3459,5.31,13:01,182,134.5
3460,5.31,13:41,182,134.5
3461,5.31,13:49,181,134.5
3462,5.31,14:54,181,134.5
3463,5.31,16:09,181,133.9
3464,5.31,18:22,180,133.9
3465,5.31,18:37,180,133.2
3466,5.31,21:17,180,133.2
3467,5.31,22:21,180,133.2
3468,5.31,21:17,180,133.2
3469,5.31,19:26,180,133.2
3470,5.32,19:09,177,133.9
3471,5.32,18:53,176,133.9
3472,5.32,18:37,175,133.9
3473,5.32,19:09,175,133.9
3474,5.32,20:01,172,133.9
3475,5.32,20:37,173,133.2
3476,5.32,23:07,172,133.2
3477,5.32,23:31,173,132.5
3478,5.32,21:59,172,131.9
3479,5.32,21:37,172,131.9
3480,5.32,20:37,172,131.9
3481,5.32,17:11,171,132.5
3482,5.33,16:33,171,132.5
3483,5.33,16:21,171,133.2
3484,5.33,15:46,170,133.2
3485,5.33,15:46,169,133.9
3486,5.33,16:45,168,133.9
3487,5.33,15:46,168,133.9
3488,5.33,15:46,167,133.9
3489,5.33,15:57,166,134.5
3490,5.33,15:57,164,134.5
3491,5.33,15:57,164,134.5
3492,5.34,16:58,163,135.2
3493,5.34,17:25,161,135.2
3494,5.34,19:09,160,135.2
3495,5.34,20:01,160,134.5
3496,5.34,19:26,159,134.5
3497,5.34,19:26,157,134.5
3498,5.34,18:07,156,134.5
3499,5.34,16:58,156,134.5
3500,5.34,16:45,155,134.5
3501,5.34,16:58,153,134.5
3502,5.34,16:33,153,134.5
3503,5.35,16:45,151,134.5
3504,5.35,16:45,150,134.5
3505,5.35,15:57,149,133.9
3506,5.35,15:46,148,133.9
3507,5.35,15:57,147,133.2
3508,5.35,16:45,146,133.2
3509,5.35,16:45,146,132.5
3510,5.35,16:58,146,132.5
3511,5.35,16:45,146,132.5
3512,5.36,16:33,145,132.5
3513,5.36,15:46,145,132.5
3514,5.36,15:57,144,132.5
3515,5.36,16:21,144,132.5
3516,5.36,17:11,143,132.5
3517,5.36,18:22,143,132.5
3518,5.36,19:43,142,132.5
3519,5.36,20:19,141,132.5
3520,5.36,20:57,141,131.9
3521,5.36,19:43,141,131.9
3522,5.36,18:37,141,131.9
3523,5.37,18:07,141,131.9
3524,5.37,16:45,141,131.9
3525,5.37,16:45,142,132.5
3526,5.37,16:45,143,132.5
3527,5.37,15:04,143,132.5
3528,5.37,13:24,144,132.5
3529,5.37,12:04,144,132.5
3530,5.37,10:54,143,132.5
3531,5.38,10:00,144,132.5
3532,5.38,9:51,144,132.5
3533,5.38,9:51,144,132.5
3534,5.38,9:47,144,132.5
3535,5.38,9:38,144,132.5
3536,5.38,10:00,144,132.5
3537,5.39,10:14,144,132.5
3538,5.39,10:09,145,131.9
3539,5.39,10:48,146,131.9
3540,5.39,11:05,147,131.9
3541,5.39,11:10,147,131.9
3542,5.39,11:16,148,132.5
3543,5.4,11:10,149,132.5
3544,5.4,10:33,148,132.5
3545,5.4,10:05,149,132.5
3546,5.4,9:43,150,132.5
3547,5.4,9:43,150,131.9
3548,5.4,9:51,150,131.9
3549,5.41,10:14,150,131.9
3550,5.41,10:38,150,131.9
3551,5.41,10:48,150,132.5
3552,5.41,10:54,150,132.5
3553,5.41,11:16,150,131.9
3554,5.41,11:10,150,131.9
3555,5.41,11:16,150,131.9
3556,5.42,11:27,150,131.9
3557,5.42,10:59,148,131.9
3558,5.42,10:38,144,131.9
3559,5.42,10:48,143,131.9
3560,5.42,11:05,142,131.9
3561,5.42,10:38,144,131.9
3562,5.42,11:16,146,131.2
3563,5.43,11:39,147,131.2
3564,5.43,11:27,149,131.9
3565,5.43,11:16,149,131.9
3566,5.43,11:27,151,131.9
3567,5.43,10:54,152,131.9
3568,5.43,10:18,152,131.9
3569,5.44,10:05,153,131.9
3570,5.44,9:47,153,131.9
3571,5.44,9:38,155,131.9
3572,5.44,9:47,155,131.9
3573,5.44,10:09,154,131.9
3574,5.44,10:33,155,131.9
3575,5.45,10:38,156,131.9
3576,5.45,11:10,155,131.9
3577,5.45,10:59,155,131.9
3578,5.45,11:05,156,131.9
3579,5.45,10:43,155,132.5
3580,5.45,10:48,156,132.5
3581,5.45,10:43,157,133.2
3582,5.46,10:43,157,133.2
3583,5.46,10:48,157,133.9
3584,5.46,10:54,157,133.9
3585,5.46,10:59,157,134.5
3586,5.46,10:48,157,134.5
3587,5.46,11:16,157,135.2
3588,5.47,11:10,158,135.8
3589,5.47,11:27,158,135.8
3590,5.47,11:16,158,136.5
3591,5.47,11:16,157,137.1
3592,5.47,10:54,156,137.1
3593,5.47,11:10,156,137.1
3594,5.47,10:33,157,137.8
3595,5.48,10:28,157,137.8
3596,5.48,10:23,158,137.8
3597,5.48,10:18,158,137.8
3598,5.48,9:34,158,137.8
3599,5.48,9:47,158,138.5
3600,5.48,10:23,158,137.8
3601,5.49,10:54,158,138.5
3602,5.49,11:45,158,138.5
3603,5.49,12:32,158,138.5
3604,5.49,12:32,159,138.5
3605,5.49,11:33,160,138.5
3606,5.49,10:33,161,139.1
3607,5.5,9:47,162,139.1
3608,5.5,9:30,162,139.8
3609,5.5,9:51,162,139.8
3610,5.5,10:18,163,140.4
3611,5.5,10:59,164,140.4
3612,5.5,10:28,164,140.4
3613,5.5,10:38,164,140.4
3614,5.51,10:00,164,140.4
3615,5.51,9:43,165,140.4
3616,5.51,10:28,165,141.1
3617,5.51,11:16,165,141.1
3618,5.51,12:25,166,141.7
3619,5.51,13:32,166,142.4
3620,5.51,13:24,166,143.0
3621,5.52,11:58,166,143.0
3622,5.52,11:52,166,143.7
3623,5.52,10:23,167,143.7
3624,5.52,10:00,167,143.7
3625,5.52,10:23,167,143.7
3626,5.52,10:43,167,144.4
3627,5.52,11:10,167,144.4
3628,5.53,11:39,167,144.4
3629,5.53,12:11,167,145.0
3630,5.53,11:58,168,145.7
3631,5.53,11:05,168,146.3
3632,5.53,10:48,169,146.3
3633,5.53,10:33,169,147.0
3634,5.54,10:09,168,147.0
3635,5.54,10:09,168,147.6
3636,5.54,10:14,169,147.0
3637,5.54,10:14,168,147.0
3638,5.54,10:23,168,147.0
3639,5.54,10:28,167,147.6
3640,5.55,10:43,168,147.6
3641,5.55,11:16,169,148.3
3642,5.55,11:27,169,149.0
3643,5.55,11:52,170,149.0
3644,5.55,12:18,170,149.6
3645,5.55,12:18,169,150.3
3646,5.55,12:04,169,150.3
3647,5.55,12:11,169,150.3
3648,5.56,12:04,170,150.9
3649,5.56,11:58,169,150.9
3650,5.56,11:45,168,150.9
3651,5.56,11:52,168,150.9
3652,5.56,11:39,169,150.9
3653,5.56,11:16,170,151.6
3654,5.57,11:27,170,151.6
3655,5.57,11:16,170,151.6
3656,5.57,11:21,169,152.2
3657,5.57,11:27,169,152.2
3658,5.57,10:43,170,152.9
3659,5.57,10:28,169,153.5
3660,5.57,10:28,170,153.5
3661,5.58,10:09,171,154.2
3662,5.58,10:05,171,154.2
3663,5.58,10:14,171,154.9
3664,5.58,10:09,171,155.5
3665,5.58,10:18,172,156.2
3666,5.58,10:18,173,156.8
3667,5.59,9:47,172,156.8
3668,5.59,10:18,172,156.8
3669,5.59,9:43,172,156.2
3670,5.59,9:07,171,155.5
3671,5.59,8:22,171,155.5
3672,5.6,8:39,170,154.9
3673,5.6,8:19,169,154.2
3674,5.6,8:56,169,154.2
3675,5.6,9:22,170,154.2
3676,5.6,10:33,169,153.5
3677,5.6,10:43,169,153.5
3678,5.61,11:16,169,153.5
3679,5.61,11:21,169,153.5
3680,5.61,12:04,169,153.5
3681,5.61,12:39,169,152.9
3682,5.61,12:53,170,152.2
3683,5.61,13:08,171,152.2
3684,5.61,12:11,171,151.6
3685,5.61,11:33,170,150.9
3686,5.62,11:21,169,150.9
3687,5.62,11:05,169,150.9
3688,5.62,11:16,170,150.3
3689,5.62,11:21,171,150.3
3690,5.62,11:16,171,149.6
3691,5.62,10:43,171,149.0
3692,5.63,10:33,170,149.0
3693,5.63,10:28,169,149.0
3694,5.63,10:48,169,148.3
3695,5.63,10:54,169,148.3
3696,5.63,10:23,169,148.3
3697,5.63,10:09,168,147.6
3698,5.64,9:51,169,147.6
3699,5.64,9:14,170,147.0
3700,5.64,9:26,170,147.0
3701,5.64,9:56,169,146.3
3702,5.64,9:43,170,146.3
3703,5.64,9:26,169,146.3
3704,5.65,9:34,169,146.3
3705,5.65,8:56,169,146.3
3706,5.65,8:56,167,145.7
3707,5.65,9:30,167,145.7
3708,5.65,10:09,168,145.7
3709,5.65,11:21,168,145.7
3710,5.65,13:01,169,145.7
3711,5.66,13:16,168,146.3
3712,5.66,13:24,168,146.3
3713,5.66,13:16,169,146.3
3714,5.66,11:27,169,146.3
3715,5.66,10:14,169,146.3
3716,5.66,10:23,169,146.3
3717,5.67,10:05,169,146.3
3718,5.67,10:09,169,146.3
3719,5.67,10:59,170,146.3
3720,5.67,11:27,170,147.0
3721,5.67,11:21,171,147.0
3722,5.67,10:54,172,147.6
3723,5.67,11:16,172,147.6
3724,5.68,10:48,172,147.6
3725,5.68,11:52,171,147.6
3726,5.68,11:58,170,147.6
3727,5.68,13:24,171,147.6
3728,5.68,12:18,172,147.6
3729,5.68,11:52,173,147.6
3730,5.68,10:14,173,148.3
3731,5.69,9:30,172,148.3
3732,5.69,9:03,172,149.0
3733,5.69,9:00,173,149.0
3734,5.69,9:18,172,149.0
3735,5.69,9:22,172,149.0
3736,5.7,9:22,173,148.3
3737,5.7,9:14,172,148.3
3738,5.7,9:18,173,147.6
3739,5.7,9:00,173,147.6
3740,5.7,9:30,172,147.6
3741,5.7,10:05,172,147.6
3742,5.71,10:23,171,147.6
3743,5.71,10:43,171,147.6
3744,5.71,11:21,171,148.3
3745,5.71,11:05,172,148.3
3746,5.71,11:10,172,149.0
3747,5.71,11:27,171,149.0
3748,5.71,11:27,171,149.0
3749,5.72,10:43,170,149.6
3750,5.72,10:14,169,149.6
3751,5.72,9:34,170,150.3
3752,5.72,9:11,170,150.3
3753,5.72,8:52,170,150.9
3754,5.73,9:00,170,150.9
3755,5.73,9:11,169,150.9
3756,5.73,9:30,170,150.3
3757,5.73,9:30,170,150.3
3758,5.73,9:56,170,150.3
3759,5.73,10:18,169,150.9
3760,5.74,10:43,169,150.9
3761,5.74,11:16,169,150.9
3762,5.74,11:45,170,150.9
3763,5.74,11:52,171,150.9
3764,5.74,12:11,171,150.9
3765,5.74,11:58,170,150.9
3766,5.74,11:10,170,151.6
3767,5.75,10:43,169,150.9
3768,5.75,10:00,170,150.9
3769,5.75,10:00,169,150.9
3770,5.75,10:09,169,151.6
3771,5.75,10:18,170,151.6
3772,5.75,10:09,170,151.6
3773,5.76,10:23,170,151.6
3774,5.76,10:00,169,151.6
3775,5.76,10:00,168,152.2
3776,5.76,10:28,168,152.2
3777,5.76,11:10,167,151.6
3778,5.76,11:39,168,151.6
3779,5.76,11:52,168,150.9
3780,5.77,11:58,169,150.9
3781,5.77,11:52,169,150.9
3782,5.77,12:04,168,150.9
3783,5.77,11:58,168,151.6
3784,5.77,12:11,167,150.9
3785,5.77,11:58,166,150.9
3786,5.77,12:11,166,150.9
3787,5.78,11:33,166,150.9
3788,5.78,11:33,165,150.9
3789,5.78,10:38,166,151.6
3790,5.78,9:56,166,152.2
3791,5.78,9:43,167,152.9
3792,5.78,10:14,167,152.9
3793,5.78,10:38,167,152.9
3794,5.79,11:45,167,153.5
3795,5.79,12:18,166,153.5
3796,5.79,12:11,167,153.5
3797,5.79,11:10,167,153.5
3798,5.79,9:56,167,154.2
3799,5.79,10:00,167,154.2
3800,5.8,10:43,167,154.9
3801,5.8,10:54,167,154.9
3802,5.8,11:39,167,154.9
3803,5.8,13:01,167,155.5
3804,5.8,12:11,168,155.5
3805,5.8,12:11,169,155.5
3806,5.8,11:45,170,156.2
3807,5.81,11:21,170,156.2
3808,5.81,11:58,170,156.2
3809,5.81,11:45,171,156.2
3810,5.81,11:39,171,155.5
3811,5.81,12:18,171,155.5
3812,5.81,11:45,171,155.5
3813,5.81,11:21,172,156.2
3814,5.81,11:58,172,156.2
3815,5.82,11:39,172,156.2
3816,5.82,11:21,172,156.8
3817,5.82,12:39,170,156.8
3818,5.82,13:08,171,157.5
3819,5.82,14:34,171,157.5
3820,5.82,15:14,171,157.5
3821,5.82,13:49,172,158.1
3822,5.83,12:11,172,158.1
3823,5.83,10:54,171,158.1
3824,5.83,9:07,171,158.1
3825,5.83,8:29,171,158.1
3826,5.83,8:22,171,158.8
3827,5.84,8:19,171,158.8
3828,5.84,8:16,171,158.8
3829,5.84,8:56,171,159.4
3830,5.84,9:26,171,159.4
3831,5.84,10:09,172,159.4
3832,5.84,10:59,172,159.4
3833,5.84,12:04,172,159.4
3834,5.85,13:08,172,160.1
3835,5.85,14:54,171,160.1
3836,5.85,15:14,171,159.4
3837,5.85,15:24,170,159.4
3838,5.85,14:54,170,160.1
3839,5.85,13:41,171,160.1
3840,5.85,11:58,171,160.1
3841,5.85,11:52,171,160.1
3842,5.86,11:05,171,160.8
3843,5.86,10:28,171,160.8
3844,5.86,9:51,171,161.4
3845,5.86,9:30,170,161.4
3846,5.86,9:22,170,162.1
3847,5.87,9:26,170,162.1
3848,5.87,9:34,171,162.1
3849,5.87,10:38,171,162.1
3850,5.87,10:54,171,162.1
3851,5.87,11:21,171,162.1
3852,5.87,11:10,171,162.1
3853,5.87,11:05,171,161.4
3854,5.88,10:33,171,161.4
3855,5.88,10:33,171,161.4
3856,5.88,10:38,171,161.4
3857,5.88,11:16,170,162.1
3858,5.88,11:05,172,162.7
3859,5.88,11:27,172,162.7
3860,5.88,12:04,172,163.4
3861,5.89,11:33,173,163.4
3862,5.89,11:27,173,163.4
3863,5.89,11:16,173,164.0
3864,5.89,9:56,172,164.0
3865,5.89,8:42,171,164.7
3866,5.9,8:10,172,164.7
3867,5.9,8:07,174,164.7
3868,5.9,8:26,174,164.7
3869,5.9,8:49,174,164.7
3870,5.9,9:30,173,165.4
3871,5.9,9:47,173,165.4
3872,5.91,9:22,173,165.4
3873,5.91,9:11,173,165.4
3874,5.91,9:07,172,165.4
3875,5.91,9:14,170,165.4
3876,5.91,9:38,168,165.4
3877,5.91,10:23,166,165.4
3878,5.92,10:59,163,165.4
3879,5.92,11:16,158,165.4
3880,5.92,11:21,156,166.0
3881,5.92,11:27,150,166.0
3882,5.92,10:38,146,166.7
3883,5.92,10:18,144,167.3
3884,5.93,10:33,136,167.3
3885,5.93,10:23,134,167.3
3886,5.93,10:23,138,167.3
3887,5.93,10:28,149,167.3
3888,5.93,10:23,148,167.3
3889,5.93,10:33,148,167.3
3890,5.93,10:38,145,167.3
3891,5.94,10:28,144,168.0
3892,5.94,10:48,144,168.0
3893,5.94,10:48,144,168.0
3894,5.94,10:43,144,168.0
3895,5.94,11:10,145,168.0
3896,5.94,10:54,145,168.0
3897,5.95,10:43,145,168.0
3898,5.95,10:54,145,168.6
3899,5.95,10:18,145,168.6
3900,5.95,10:18,145,168.6
3901,5.95,10:43,145,168.6
3902,5.95,10:38,144,168.6
3903,5.95,10:48,144,168.6
3904,5.96,11:33,144,168.6
3905,5.96,11:33,144,168.6
3906,5.96,11:45,145,168.6
3907,5.96,11:58,144,169.3
3908,5.96,11:16,144,169.9
3909,5.96,11:16,144,169.9
3910,5.97,10:33,144,169.9
3911,5.97,10:33,144,170.6
3912,5.97,10:38,144,170.6
3913,5.97,10:33,145,170.6
3914,5.97,9:51,145,170.6
3915,5.97,10:14,145,171.3
3916,5.98,9:51,145,171.3
3917,5.98,9:56,146,171.9
3918,5.98,10:23,146,172.6
3919,5.98,10:54,147,172.6
3920,5.98,10:59,148,172.6
3921,5.98,10:48,150,172.6
3922,5.98,10:59,152,172.6
3923,5.99,10:48,155,172.6
3924,5.99,10:28,157,172.6
3925,5.99,10:23,160,172.6
3926,5.99,10:59,163,172.6
3927,5.99,10:54,165,172.6
3928,5.99,11:16,167,172.6
3929,5.99,12:18,168,173.2
3930,6.0,12:39,168,173.2
3931,6.0,12:25,169,173.2
3932,6.0,11:52,171,173.2
3933,6.0,12:04,172,173.9
3934,6.0,12:11,171,173.9
3935,6.0,13:01,172,174.5
3936,6.0,13:58,172,174.5
3937,6.0,13:41,173,174.5
3938,6.01,13:01,173,173.9
3939,6.01,11:58,173,173.9
3940,6.01,10:54,172,173.9
3941,6.01,9:47,172,173.9
3942,6.01,9:51,172,174.5
3943,6.01,9:56,173,174.5
3944,6.02,10:09,172,174.5
3945,6.02,9:47,172,174.5
3946,6.02,10:38,171,175.2
3947,6.02,12:39,171,175.2
3948,6.02,15:46,171,175.2
3949,6.02,16:58,172,175.2
3950,6.02,18:37,172,175.2
3951,6.02,17:52,172,175.2
3952,6.03,13:32,172,175.2
3953,6.03,10:54,172,175.2
3954,6.03,10:28,171,175.2
3955,6.03,9:56,172,175.2
3956,6.03,9:51,172,174.5
3957,6.03,10:09,173,174.5
3958,6.04,10:28,173,173.9
3959,6.04,10:43,173,173.9
3960,6.04,11:21,173,173.2
3961,6.04,11:05,172,173.2
3962,6.04,11:10,172,173.2
3963,6.04,10:28,173,173.2
3964,6.05,9:47,174,173.2
3965,6.05,9:26,174,173.2
3966,6.05,9:11,174,172.6
3967,6.05,9:14,174,172.6
3968,6.05,9:34,173,172.6
3969,6.05,9:43,173,171.9
3970,6.06,9:56,175,172.6
3971,6.06,10:05,174,172.6
3972,6.06,10:00,174,172.6
3973,6.06,9:43,173,172.6
3974,6.06,9:43,175,172.6
3975,6.06,9:30,175,172.6
3976,6.07,9:47,173,172.6
3977,6.07,10:23,173,172.6
3978,6.07,10:59,173,173.2
3979,6.07,11:05,173,173.2
3980,6.07,11:33,173,173.9
3981,6.07,11:27,173,173.9
3982,6.07,11:10,173,173.9
3983,6.08,11:16,172,174.5
3984,6.08,11:10,173,174.5
3985,6.08,11:10,174,174.5
3986,6.08,11:05,173,175.2
3987,6.08,10:28,174,175.2
3988,6.08,10:18,174,175.2
3989,6.09,10:23,173,175.2
3990,6.09,10:09,173,175.2
3991,6.09,10:18,175,175.9
3992,6.09,10:48,175,175.9
3993,6.09,10:38,174,175.9
3994,6.09,10:43,174,175.9
3995,6.1,10:28,173,176.5
3996,6.1,10:38,173,176.5
3997,6.1,10:28,175,176.5
3998,6.1,9:51,175,177.2
3999,6.1,9:56,175,177.2
4000,6.1,9:51,175,177.2
4001,6.11,9:14,173,177.2
4002,6.11,9:07,173,177.2
4003,6.11,9:43,175,177.8
4004,6.11,9:26,176,177.8
4005,6.11,9:38,176,178.5
4006,6.11,9:51,175,178.5
4007,6.12,9:51,175,178.5
4008,6.12,9:30,175,179.1
4009,6.12,9:34,175,179.1
4010,6.12,9:22,175,178.5
4011,6.12,9:07,176,178.5
4012,6.12,9:11,176,178.5
4013,6.13,9:22,175,177.8
4014,6.13,9:22,176,178.5
4015,6.13,9:51,176,178.5
4016,6.13,10:09,174,178.5
4017,6.13,10:18,175,179.1
4018,6.13,10:28,175,179.8
4019,6.14,10:28,174,179.8
4020,6.14,10:18,174,179.8
4021,6.14,10:28,174,179.8
4022,6.14,10:33,173,180.4
4023,6.14,10:28,172,180.4
4024,6.14,10:23,172,180.4
4025,6.15,10:28,172,180.4
4026,6.15,10:33,174,180.4
4027,6.15,10:09,173,181.1
4028,6.15,10:23,174,181.1
4029,6.15,10:28,174,181.8
4030,6.15,10:28,173,181.8
4031,6.16,10:23,173,181.8
4032,6.16,10:28,173,181.8
4033,6.16,10:09,173,181.8
4034,6.16,10:05,174,182.4
4035,6.16,10:05,175,182.4
4036,6.16,10:05,175,182.4
4037,6.17,10:00,175,182.4
4038,6.17,10:14,174,182.4
4039,6.17,10:14,174,182.4
4040,6.17,10:00,174,182.4
4041,6.17,10:05,174,182.4
4042,6.17,10:09,175,182.4
4043,6.17,10:23,175,183.1
4044,6.18,11:05,174,183.1
4045,6.18,11:21,173,183.1
4046,6.18,11:39,174,183.7
4047,6.18,11:52,175,183.7
4048,6.18,11:16,175,183.7
4049,6.18,11:05,174,184.4
4050,6.19,10:59,173,184.4
4051,6.19,10:43,173,184.4
4052,6.19,10:54,174,184.4
4053,6.19,10:54,174,184.4
4054,6.19,10:23,175,184.4
4055,6.19,10:18,174,184.4
4056,6.2,9:38,173,183.7
4057,6.2,9:22,173,183.7
4058,6.2,9:34,175,183.7
4059,6.2,9:22,174,183.7
4060,6.2,9:38,174,184.4
4061,6.2,10:43,174,184.4
4062,6.2,11:21,174,184.4
4063,6.21,11:21,174,184.4
4064,6.21,12:18,174,184.4
4065,6.21,12:25,174,184.4
4066,6.21,11:39,174,185.0
4067,6.21,10:23,173,185.0
4068,6.21,10:09,174,185.0
4069,6.22,9:51,175,185.0
4070,6.22,9:14,177,185.0
4071,6.22,9:18,177,185.0
4072,6.22,9:43,176,185.0
4073,6.22,10:14,176,185.0
4074,6.22,10:09,178,185.0
4075,6.23,10:28,178,185.0
4076,6.23,10:05,177,185.0
4077,6.23,10:33,176,185.7
4078,6.23,10:05,177,185.7
4079,6.23,10:09,178,185.7
4080,6.23,10:09,177,185.7
4081,6.24,10:18,176,186.4
4082,6.24,10:14,176,186.4
4083,6.24,10:38,177,186.4
4084,6.24,10:54,177,185.7
4085,6.24,11:16,177,186.4
4086,6.24,11:52,176,186.4
4087,6.24,11:27,176,187.0
4088,6.25,11:05,177,187.0
4089,6.25,10:14,178,187.7
4090,6.25,10:05,177,187.7
4091,6.25,9:14,176,187.0
4092,6.25,8:52,177,187.0
4093,6.26,8:45,177,187.0
4094,6.26,9:00,177,187.0
4095,6.26,8:52,177,187.7
4096,6.26,9:07,176,188.3
4097,6.26,9:22,176,188.3
4098,6.26,9:34,177,188.3
4099,6.27,9:07,178,188.3
4100,6.27,9:00,177,187.7
4101,6.27,9:07,177,187.7
4102,6.27,8:52,176,187.7
4103,6.27,8:45,177,187.7
4104,6.27,9:38,177,188.3
4105,6.28,9:51,177,188.3
4106,6.28,10:09,177,188.3
4107,6.28,10:33,176,188.3
4108,6.28,10:38,176,188.3
4109,6.28,10:38,177,189.0
4110,6.28,10:33,177,189.0
4111,6.29,10:38,177,189.6
4112,6.29,10:59,176,189.6
4113,6.29,10:59,177,189.6
4114,6.29,10:48,177,190.3
4115,6.29,10:59,176,190.3
4116,6.29,10:48,176,190.3
4117,6.3,10:33,177,190.3
4118,6.3,10:23,178,190.9
4119,6.3,10:14,176,190.9
4120,6.3,10:14,176,190.9
4121,6.3,9:51,176,190.9
4122,6.3,9:51,176,190.9
4123,6.31,10:00,177,190.9
4124,6.31,9:30,175,190.9
4125,6.31,9:30,174,190.9
4126,6.31,9:51,175,190.9
4127,6.31,9:43,174,190.9
4128,6.31,9:47,175,190.3
4129,6.32,10:23,175,190.3
4130,6.32,10:14,174,190.3
4131,6.32,10:18,173,190.9
4132,6.32,10:23,174,190.9
4133,6.32,10:28,174,190.9
4134,6.32,10:18,174,191.6
4135,6.33,10:14,175,191.6
4136,6.33,10:23,174,191.6
4137,6.33,10:48,174,191.6
4138,6.33,10:48,173,191.6
4139,6.33,10:54,173,192.3
4140,6.33,10:59,173,192.3
4141,6.33,10:59,174,192.3
4142,6.34,10:33,174,192.3
4143,6.34,10:28,175,192.3
4144,6.34,10:38,174,192.9
4145,6.34,10:33,173,192.9
4146,6.34,10:23,173,192.9
4147,6.34,10:59,174,193.6
4148,6.35,10:48,175,193.6
4149,6.35,10:54,175,193.6
4150,6.35,11:39,173,194.2
4151,6.35,11:33,173,194.2
4152,6.35,11:21,174,194.2
4153,6.35,10:54,174,194.2
4154,6.35,10:28,174,193.6
4155,6.36,9:56,173,193.6
4156,6.36,10:09,173,192.9
4157,6.36,10:05,173,192.9
4158,6.36,10:43,175,192.9
4159,6.36,10:43,175,192.9
4160,6.36,10:48,174,192.9
4161,6.37,10:33,173,193.6
4162,6.37,10:18,173,193.6
4163,6.37,9:51,175,193.6
4164,6.37,10:18,175,193.6
4165,6.37,10:38,175,193.6
4166,6.37,10:38,174,193.6
4167,6.37,11:10,174,193.6
4168,6.38,11:27,175,193.6
4169,6.38,11:33,175,193.6
4170,6.38,11:10,174,193.6
4171,6.38,11:16,174,193.6
4172,6.38,11:05,176,193.6
4173,6.38,11:21,176,194.2
4174,6.39,10:54,175,194.2
4175,6.39,11:21,174,194.2
4176,6.39,11:16,173,194.2
4177,6.39,11:21,174,194.2
4178,6.39,12:04,175,194.2
4179,6.39,13:08,174,194.2
4180,6.39,13:01,173,194.2
4181,6.39,13:41,174,194.2
4182,6.4,14:16,175,194.9
4183,6.4,13:01,174,194.9
4184,6.4,12:04,175,194.9
4185,6.4,11:27,173,195.5
4186,6.4,10:59,174,195.5
4187,6.4,10:14,174,195.5
4188,6.41,10:05,174,195.5
4189,6.41,10:14,174,195.5
4190,6.41,10:33,172,195.5
4191,6.41,10:33,172,195.5
4192,6.41,10:54,174,196.2
4193,6.41,11:05,173,195.5
4194,6.41,10:09,172,195.5
4195,6.42,9:38,172,195.5
4196,6.42,9:22,171,195.5
4197,6.42,8:56,171,195.5
4198,6.42,9:03,171,195.5
4199,6.42,9:34,171,195.5
4200,6.43,10:00,172,195.5
4201,6.43,10:23,172,194.9
4202,6.43,10:54,172,194.9
4203,6.43,10:33,172,194.9
4204,6.43,10:48,172,194.2
4205,6.43,10:48,173,194.2
4206,6.43,10:59,173,194.2
4207,6.44,10:59,171,194.2
4208,6.44,11:21,171,194.2
4209,6.44,10:54,171,193.6
4210,6.44,11:10,172,193.6
4211,6.44,11:10,173,192.9
4212,6.44,10:48,173,192.9
4213,6.44,10:38,173,192.3
4214,6.45,10:09,173,192.3
4215,6.45,9:43,173,192.3
4216,6.45,9:38,173,191.6
4217,6.45,9:38,173,190.9
4218,6.45,9:43,172,190.9
4219,6.46,9:56,172,190.3
4220,6.46,10:18,173,190.3
4221,6.46,10:33,173,189.6
4222,6.46,10:38,173,189.6
4223,6.46,10:43,172,189.6
4224,6.46,11:05,172,189.6
4225,6.46,10:54,172,189.6
4226,6.47,10:38,172,189.0
4227,6.47,10:33,173,189.0
4228,6.47,10:28,172,189.0
4229,6.47,10:43,172,188.3
4230,6.47,10:18,171,188.3
4231,6.47,10:09,171,188.3
4232,6.48,9:47,171,188.3
4233,6.48,9:56,171,188.3
4234,6.48,9:51,171,188.3
4235,6.48,10:09,171,187.7
4236,6.48,10:23,172,187.0
4237,6.48,10:38,171,186.4
4238,6.49,10:14,171,186.4
4239,6.49,10:09,170,185.7
4240,6.49,10:14,170,185.7
4241,6.49,10:14,169,185.7
4242,6.49,10:54,170,185.0
4243,6.49,11:16,169,185.0
4244,6.49,11:16,169,184.4
4245,6.5,11:10,170,184.4
4246,6.5,11:16,170,183.7
4247,6.5,10:54,170,183.7
4248,6.5,10:59,170,183.7
4249,6.5,11:52,169,183.1
4250,6.5,11:58,169,183.1
4251,6.51,11:33,168,183.1
4252,6.51,11:27,168,182.4
4253,6.51,10:59,168,182.4
4254,6.51,10:14,168,182.4
4255,6.51,9:56,168,182.4
4256,6.51,10:18,169,181.8
4257,6.51,10:48,168,181.8
4258,6.52,10:54,168,181.1
4259,6.52,11:10,168,180.4
4260,6.52,11:10,167,180.4
4261,6.52,11:05,167,179.8
4262,6.52,11:16,166,179.8
4263,6.52,11:05,166,179.1
4264,6.53,10:48,167,179.1
4265,6.53,11:05,166,179.1
4266,6.53,10:38,166,178.5
4267,6.53,9:56,166,178.5
4268,6.53,9:43,166,178.5
4269,6.53,9:43,166,178.5
4270,6.54,9:38,166,177.8
4271,6.54,9:51,166,177.8
4272,6.54,10:09,166,177.8
4273,6.54,10:38,166,177.2
4274,6.54,11:10,166,177.2
4275,6.54,10:48,166,177.2
4276,6.54,10:23,167,176.5
4277,6.55,10:14,167,176.5
4278,6.55,10:14,165,175.9
4279,6.55,10:09,165,175.2
4280,6.55,10:43,165,175.2
4281,6.55,11:16,164,175.2
4282,6.55,11:45,163,174.5
4283,6.56,11:45,162,173.9
4284,6.56,11:39,163,173.9
4285,6.56,11:16,163,173.2
4286,6.56,10:59,163,173.2
4287,6.56,10:33,162,173.2
4288,6.56,10:33,162,173.2
4289,6.56,10:38,162,172.6
4290,6.57,10:54,163,172.6
4291,6.57,10:59,163,172.6
4292,6.57,11:05,165,171.9
4293,6.57,10:38,164,171.9
4294,6.57,10:09,163,171.3
4295,6.57,9:47,163,171.3
4296,6.58,9:43,163,170.6
4297,6.58,9:47,162,170.6
4298,6.58,9:56,163,170.6
4299,6.58,10:05,162,170.6
4300,6.58,10:14,163,170.6
4301,6.58,10:14,162,169.9
4302,6.59,10:14,162,169.9
4303,6.59,10:14,162,169.9
4304,6.59,10:23,162,169.9
4305,6.59,10:38,162,169.9
4306,6.59,10:43,162,169.3
4307,6.59,11:05,162,169.3
4308,6.59,11:05,162,168.6
4309,6.6,11:16,162,168.6
4310,6.6,11:33,163,168.0
4311,6.6,11:45,162,168.0
4312,6.6,11:10,162,168.0
4313,6.6,11:39,161,167.3
4314,6.6,11:05,161,167.3
4315,6.61,11:05,161,167.3
4316,6.61,10:48,160,167.3
4317,6.61,11:10,160,167.3
4318,6.61,11:39,160,167.3
