elapsed_seconds,distance_miles,pace_per_mile,heartrate,altitude_ft
0,0.0,,73,233.6
1,0.0,,79,232.9
2,0.0,,80,232.3
3,0.0,,79,231.6
4,0.0,39:44,79,231.6
5,0.0,24:50,79,231.0
6,0.01,16:09,81,229.7
7,0.01,11:58,88,229.0
8,0.01,9:26,90,228.3
9,0.01,9:11,92,228.3
10,0.01,8:56,94,228.3
11,0.01,8:49,95,228.3
12,0.02,8:42,98,227.7
13,0.02,10:48,100,227.7
14,0.02,14:25,101,227.7
15,0.02,16:58,102,227.7
16,0.02,21:37,104,227.0
17,0.02,26:17,104,226.4
18,0.02,18:07,106,225.7
19,0.02,15:14,107,225.1
20,0.02,15:35,107,225.1
21,0.02,14:54,108,225.1
22,0.03,14:34,108,224.4
23,0.03,14:54,108,225.1
24,0.03,14:07,109,225.1
25,0.03,12:46,110,225.1
26,0.03,12:04,111,225.1
27,0.03,12:04,112,225.1
28,0.03,12:04,113,225.1
29,0.03,11:58,113,225.1
30,0.04,11:33,114,225.1
31,0.04,11:33,114,225.1
32,0.04,11:21,116,225.1
33,0.04,11:21,115,224.4
34,0.04,10:48,114,224.4
35,0.04,11:58,110,223.8
36,0.04,13:08,110,223.1
37,0.05,14:07,111,223.1
38,0.05,14:16,111,223.1
39,0.05,15:24,111,223.1
40,0.05,15:04,111,222.4
41,0.05,14:34,111,222.4
42,0.05,14:07,111,222.4
43,0.05,15:24,112,222.4
44,0.05,15:14,112,222.4
45,0.05,14:34,112,223.1
46,0.06,14:07,113,223.1
47,0.06,14:25,113,223.1
48,0.06,12:53,114,223.1
49,0.06,13:16,115,223.1
50,0.06,13:08,117,223.1
51,0.06,13:01,118,222.4
52,0.06,11:45,118,222.4
53,0.07,12:04,118,221.8
54,0.07,11:45,118,221.8
55,0.07,12:25,119,221.8
56,0.07,12:32,119,221.1
57,0.07,13:49,120,221.1
58,0.07,13:24,120,220.5
59,0.07,12:46,122,220.5
60,0.07,12:39,123,220.5
61,0.08,12:53,125,219.8
62,0.08,12:04,125,219.8
63,0.08,12:25,126,219.8
64,0.08,13:01,126,219.8
65,0.08,13:08,127,219.8
66,0.08,12:39,129,219.8
67,0.08,13:41,129,219.8
68,0.08,13:58,129,219.2
69,0.09,13:58,130,219.2
70,0.09,13:49,130,219.8
71,0.09,13:49,131,219.8
72,0.09,12:53,131,219.2
73,0.09,12:39,131,219.8
74,0.09,12:04,130,219.8
75,0.09,11:33,129,219.2
76,0.1,11:05,129,219.2
77,0.1,10:38,129,219.8
78,0.1,10:00,128,219.8
79,0.1,10:00,127,219.8
80,0.1,10:14,127,219.8
81,0.1,10:38,127,219.2
82,0.11,10:33,128,219.2
83,0.11,9:56,128,219.2
84,0.11,9:11,129,219.2
85,0.11,8:32,129,218.5
86,0.11,8:16,130,218.5
87,0.12,8:42,131,218.5
88,0.12,9:34,131,218.5
89,0.12,10:59,131,217.8
93,0.12,29:09,134,217.2
94,0.12,23:56,134,216.5
95,0.12,19:09,135,217.2
96,0.12,16:45,135,217.2
97,0.13,15:06,136,217.2
98,0.13,9:22,136,216.5
99,0.13,9:14,137,216.5
100,0.13,9:07,137,216.5
101,0.13,9:00,137,215.9
102,0.14,9:00,137,215.9
103,0.14,8:56,137,215.9
104,0.14,8:56,136,215.2
105,0.14,9:00,137,215.2
106,0.14,9:03,136,215.2
107,0.14,9:03,135,215.2
108,0.15,9:07,135,214.6
109,0.15,9:11,135,214.6
110,0.15,9:07,135,214.6
111,0.15,9:07,135,213.9
112,0.15,9:07,135,213.9
113,0.16,9:03,135,213.9
114,0.16,9:03,136,213.9
115,0.16,9:03,136,213.9
116,0.16,9:03,136,213.9
117,0.16,9:07,135,213.9
118,0.16,9:11,136,213.3
119,0.17,9:11,136,213.3
120,0.17,9:14,136,213.3
121,0.17,9:11,136,213.3
122,0.17,9:11,136,213.3
123,0.17,9:11,136,212.6
124,0.18,9:07,135,212.6
125,0.18,9:07,135,212.6
126,0.18,9:11,135,212.6
127,0.18,9:11,135,212.6
128,0.18,9:14,135,212.6
129,0.18,9:18,135,211.9
130,0.19,9:18,134,211.9
131,0.19,9:22,135,211.9
132,0.19,9:22,134,211.9
133,0.19,9:22,134,211.9
134,0.19,9:22,134,211.9
135,0.2,9:26,134,211.9
136,0.2,9:22,134,211.9
137,0.2,9:22,135,211.9
138,0.2,9:22,135,211.9
139,0.2,9:22,135,211.9
140,0.2,9:22,136,211.9
141,0.21,9:22,135,211.9
142,0.21,9:22,135,211.9
143,0.21,9:18,134,211.9
144,0.21,9:18,135,211.9
145,0.21,9:11,135,211.9
146,0.22,9:03,135,211.9
147,0.22,9:00,135,211.9
148,0.22,8:56,135,211.9
149,0.22,8:49,135,211.9
150,0.22,8:45,135,211.9
151,0.22,8:49,136,212.6
152,0.23,8:49,136,212.6
153,0.23,10:59,137,212.6
154,0.23,12:18,137,213.3
155,0.23,13:24,137,213.3
156,0.23,15:04,137,213.3
157,0.23,15:24,138,213.3
158,0.23,12:32,138,213.3
159,0.23,12:11,138,213.9
160,0.24,12:18,138,213.9
161,0.24,12:39,138,213.9
162,0.24,13:49,138,213.9
163,0.24,13:58,139,213.9
164,0.24,14:07,140,213.9
165,0.24,14:16,140,213.9
166,0.24,13:41,140,213.9
167,0.24,13:32,139,213.9
168,0.25,13:32,139,213.9
169,0.25,14:16,139,213.9
170,0.25,13:49,138,213.9
171,0.25,14:07,138,213.9
172,0.25,14:34,139,213.9
173,0.25,15:04,138,213.9
174,0.25,15:04,138,213.9
175,0.25,16:21,138,213.9
176,0.25,16:21,138,213.9
177,0.25,16:33,138,213.9
178,0.26,16:09,138,213.9
179,0.26,14:34,138,214.6
180,0.26,13:32,138,214.6
181,0.26,13:08,138,214.6
182,0.26,12:18,138,214.6
183,0.26,11:45,138,214.6
184,0.26,11:45,139,214.6
185,0.27,11:39,139,214.6
186,0.27,11:27,139,214.6
187,0.27,11:39,140,214.6
188,0.27,12:11,139,214.6
189,0.27,12:32,139,214.6
190,0.27,12:53,139,214.6
191,0.27,13:32,140,214.6
192,0.28,13:24,141,214.6
193,0.28,13:24,141,214.6
194,0.28,13:16,142,214.6
195,0.28,13:58,142,214.6
196,0.28,14:16,141,215.2
197,0.28,14:16,141,215.2
198,0.28,13:49,141,214.6
199,0.28,14:34,142,214.6
200,0.28,13:41,142,214.6
201,0.29,13:01,143,214.6
202,0.29,12:53,143,213.9
203,0.29,12:39,143,214.6
204,0.29,12:18,142,214.6
205,0.29,11:10,142,214.6
206,0.29,11:16,142,215.2
207,0.29,11:33,142,215.2
208,0.3,11:33,142,215.2
209,0.3,11:45,142,215.2
210,0.3,12:46,142,215.2
211,0.3,12:53,142,215.2
212,0.3,13:01,142,215.2
213,0.3,12:46,141,215.9
214,0.3,12:11,141,215.9
215,0.31,11:52,141,215.9
216,0.31,11:21,141,215.9
217,0.31,10:59,140,215.9
218,0.31,11:05,140,215.9
219,0.31,10:48,141,215.9
220,0.31,11:39,141,215.9
221,0.31,11:58,142,215.9
222,0.32,12:39,142,215.9
223,0.32,13:08,141,215.9
224,0.32,14:07,141,215.9
225,0.32,14:25,141,215.9
226,0.32,14:07,141,215.9
227,0.32,13:58,141,216.5
228,0.32,13:58,140,216.5
229,0.32,13:49,140,216.5
230,0.32,13:41,140,216.5
231,0.33,14:25,140,216.5
232,0.33,13:49,140,215.9
233,0.33,13:58,140,215.9
234,0.33,14:16,139,215.9
235,0.33,14:07,140,215.9
236,0.33,14:44,140,215.9
237,0.33,15:57,138,215.9
238,0.33,16:09,138,216.5
239,0.33,15:35,137,216.5
240,0.34,14:54,138,215.9
241,0.34,13:49,138,215.9
242,0.34,13:08,138,215.9
243,0.34,13:01,137,215.9
244,0.34,12:39,138,215.9
245,0.34,12:39,138,215.9
246,0.34,12:32,138,215.9
247,0.35,12:18,138,215.2
248,0.35,12:46,138,215.2
249,0.35,13:24,138,215.2
250,0.35,13:49,138,215.2
251,0.35,14:54,138,215.2
252,0.35,15:57,139,215.9
253,0.35,14:44,139,215.9
254,0.35,14:07,140,215.9
255,0.36,12:53,141,215.9
256,0.36,11:58,141,216.5
257,0.36,11:52,141,216.5
258,0.36,12:18,141,216.5
259,0.36,13:01,141,216.5
260,0.36,14:34,141,216.5
261,0.36,15:24,141,216.5
262,0.36,14:54,141,216.5
263,0.36,14:54,141,215.9
264,0.37,15:14,142,215.9
265,0.37,15:57,142,215.9
266,0.37,15:46,142,215.9
267,0.37,15:57,142,215.9
268,0.37,16:45,141,215.2
269,0.37,16:21,141,215.2
270,0.37,15:57,141,215.2
271,0.37,15:46,141,215.2
272,0.37,16:09,141,215.2
273,0.37,15:04,140,215.2
274,0.38,15:24,140,215.2
275,0.38,15:46,140,215.2
276,0.38,16:09,140,214.6
277,0.38,15:35,141,214.6
278,0.38,15:57,141,214.6
279,0.38,15:57,140,213.9
280,0.38,14:34,140,213.9
281,0.38,14:34,140,213.9
282,0.38,14:07,139,213.9
283,0.39,13:01,139,213.9
284,0.39,11:58,138,213.9
285,0.39,11:33,138,213.9
286,0.39,10:59,138,213.9
287,0.39,11:33,138,213.9
288,0.39,12:25,138,213.9
289,0.39,12:46,138,213.9
290,0.4,12:46,138,213.9
291,0.4,13:08,139,213.9
292,0.4,12:18,139,213.9
293,0.4,11:45,139,213.9
294,0.4,12:11,139,213.9
295,0.4,12:39,140,213.3
296,0.4,12:46,140,213.3
297,0.41,13:32,140,213.9
298,0.41,14:07,140,213.9
299,0.41,14:16,140,213.9
300,0.41,14:54,141,213.9
301,0.41,14:34,141,213.9
302,0.41,13:24,140,213.9
303,0.41,12:39,141,213.9
304,0.41,12:04,141,214.6
305,0.42,11:58,141,214.6
306,0.42,11:33,142,214.6
307,0.42,11:58,142,214.6
308,0.42,12:18,143,214.6
309,0.42,12:11,142,214.6
310,0.42,11:58,141,214.6
311,0.42,13:01,141,214.6
312,0.42,13:32,141,214.6
313,0.43,14:16,141,214.6
314,0.43,13:58,141,213.9
315,0.43,13:41,141,213.9
316,0.43,12:53,141,213.9
317,0.43,12:32,142,213.9
318,0.43,11:58,142,213.9
319,0.43,12:32,142,213.3
320,0.43,13:01,142,213.3
321,0.44,13:08,141,213.3
322,0.44,13:16,141,213.3
323,0.44,13:41,141,213.3
324,0.44,13:24,141,213.3
325,0.44,11:52,142,213.3
326,0.44,11:39,142,213.3
327,0.44,11:39,142,213.3
328,0.45,11:21,142,213.3
329,0.45,11:16,142,213.3
330,0.45,12:18,142,213.3
331,0.45,12:32,142,213.3
332,0.45,12:46,143,212.6
333,0.45,13:01,143,212.6
334,0.45,13:01,143,212.6
335,0.45,13:24,142,212.6
336,0.46,13:24,142,212.6
337,0.46,13:16,142,212.6
338,0.46,13:01,141,212.6
339,0.46,12:39,141,212.6
340,0.46,12:18,141,212.6
341,0.46,12:39,140,212.6
342,0.46,12:53,140,212.6
343,0.46,13:41,139,212.6
344,0.47,14:44,139,212.6
345,0.47,15:24,140,211.9
346,0.47,15:35,140,211.9
347,0.47,15:04,141,211.9
348,0.47,14:25,141,211.3
349,0.47,14:25,141,211.3
350,0.47,13:32,141,210.6
351,0.47,13:08,141,210.6
352,0.48,12:39,141,210.0
353,0.48,13:01,141,210.0
354,0.48,12:32,141,210.0
355,0.48,12:32,141,210.6
356,0.48,12:39,141,210.6
357,0.48,13:32,142,210.0
358,0.48,12:46,142,210.0
359,0.48,12:39,142,210.0
360,0.49,13:24,142,210.0
361,0.49,13:01,142,210.0
362,0.49,12:39,142,210.0
363,0.49,12:46,141,210.0
364,0.49,13:08,139,210.0
365,0.49,12:39,139,210.0
366,0.49,12:53,139,210.0
367,0.49,13:01,139,210.0
368,0.5,13:32,139,210.0
369,0.5,13:58,139,210.0
370,0.5,13:32,140,210.0
371,0.5,13:16,141,210.0
372,0.5,13:01,141,210.0
373,0.5,12:39,141,210.0
374,0.5,12:11,141,210.0
375,0.51,12:25,140,210.0
376,0.51,12:25,140,209.3
377,0.51,12:39,141,209.3
378,0.51,12:39,140,208.7
379,0.51,12:25,140,208.0
380,0.51,12:25,140,208.0
381,0.51,12:39,140,208.0
382,0.51,12:18,140,208.0
383,0.52,12:18,140,208.0
384,0.52,12:39,139,208.0
385,0.52,13:16,139,208.0
386,0.52,13:01,139,207.3
387,0.52,13:41,139,207.3
388,0.52,14:16,139,207.3
389,0.52,15:04,139,207.3
390,0.52,13:41,138,207.3
391,0.53,14:07,138,207.3
392,0.53,13:16,138,207.3
393,0.53,13:08,138,207.3
394,0.53,12:46,138,207.3
395,0.53,13:32,138,207.3
396,0.53,13:01,138,208.0
397,0.53,12:39,138,208.0
398,0.54,12:18,137,208.0
399,0.54,12:18,138,208.0
400,0.54,12:04,138,208.0
401,0.54,12:39,139,208.0
402,0.54,14:07,140,208.0
403,0.54,14:34,139,208.0
404,0.54,15:04,139,208.0
405,0.54,15:57,138,208.0
406,0.54,15:57,138,208.0
407,0.55,15:04,138,208.0
408,0.55,15:35,138,208.0
409,0.55,15:46,138,208.0
410,0.55,15:14,137,208.0
411,0.55,14:54,137,208.0
412,0.55,15:24,138,208.0
413,0.55,14:16,138,208.7
414,0.55,13:24,138,208.7
415,0.55,14:07,138,208.7
416,0.56,14:44,138,208.7
417,0.56,14:54,138,208.7
418,0.56,15:46,138,208.7
419,0.56,15:57,138,208.7
420,0.56,15:35,137,208.7
421,0.56,15:24,137,208.7
422,0.56,14:54,138,208.7
423,0.56,14:34,138,208.7
424,0.56,14:34,137,208.7
425,0.57,13:49,137,208.7
426,0.57,13:58,137,208.7
427,0.57,13:41,137,208.7
428,0.57,13:41,137,208.7
429,0.57,13:49,137,208.7
430,0.57,14:16,138,208.7
431,0.57,14:07,138,208.7
432,0.57,14:16,138,208.7
433,0.57,13:58,138,208.7
434,0.58,13:49,138,208.7
435,0.58,13:41,138,208.0
436,0.58,13:16,137,208.0
437,0.58,13:08,136,208.0
438,0.58,12:53,137,208.0
439,0.58,12:25,137,208.0
440,0.58,12:25,138,208.0
441,0.59,12:25,138,208.0
442,0.59,12:25,138,208.0
443,0.59,13:01,138,208.0
444,0.59,13:01,138,208.0
445,0.59,13:58,138,208.0
446,0.59,14:25,139,208.0
447,0.59,13:49,139,208.0
448,0.59,13:24,139,207.3
449,0.6,13:49,139,207.3
450,0.6,13:01,139,207.3
451,0.6,13:16,140,207.3
452,0.6,14:44,140,207.3
453,0.6,14:54,140,207.3
454,0.6,15:04,140,207.3
455,0.6,15:24,140,207.3
456,0.6,15:04,140,207.3
457,0.6,14:54,140,207.3
458,0.61,15:14,140,207.3
459,0.61,15:14,140,207.3
460,0.61,14:54,139,207.3
461,0.61,14:54,140,207.3
462,0.61,14:34,140,206.7
463,0.61,14:25,140,206.7
464,0.61,14:34,141,206.7
465,0.61,15:04,141,206.7
466,0.61,15:35,142,206.7
467,0.62,14:54,142,206.7
468,0.62,14:44,143,206.0
469,0.62,14:44,144,205.4
470,0.62,14:07,143,205.4
471,0.62,12:46,143,204.7
472,0.62,12:04,143,204.7
473,0.62,12:04,143,204.7
474,0.62,11:45,143,204.7
475,0.63,11:58,144,204.7
476,0.63,13:01,144,204.7
477,0.63,13:41,144,204.1
478,0.63,13:58,144,204.1
479,0.63,14:25,145,204.1
480,0.63,14:07,145,204.1
481,0.63,13:24,145,204.1
482,0.63,14:16,144,203.4
483,0.64,13:49,142,203.4
484,0.64,13:32,142,203.4
485,0.64,13:58,141,203.4
486,0.64,14:25,138,203.4
487,0.64,14:34,135,202.8
488,0.64,14:54,132,202.8
489,0.64,14:07,133,202.8
490,0.64,13:32,133,202.8
491,0.65,12:32,133,202.1
492,0.65,12:11,133,202.1
493,0.65,12:46,133,202.1
494,0.65,13:16,133,201.4
495,0.65,13:32,133,201.4
496,0.65,14:54,134,200.8
497,0.65,13:58,133,200.8
498,0.65,12:39,133,200.1
499,0.66,12:04,133,200.1
500,0.66,11:58,133,199.5
501,0.66,11:10,133,199.5
502,0.66,11:58,133,198.8
503,0.66,12:39,135,198.8
504,0.66,13:41,135,198.8
505,0.66,13:41,136,198.2
506,0.66,14:07,136,198.2
507,0.67,13:49,136,197.5
508,0.67,13:01,135,197.5
509,0.67,12:04,135,196.9
510,0.67,11:45,135,196.2
511,0.67,11:52,135,196.2
512,0.67,11:33,135,196.2
513,0.67,11:52,136,196.2
514,0.68,12:32,136,195.5
515,0.68,12:46,137,195.5
516,0.68,12:46,137,195.5
517,0.68,13:16,138,195.5
518,0.68,14:07,138,195.5
519,0.68,14:16,138,195.5
520,0.68,15:04,138,194.9
521,0.68,15:35,138,194.9
522,0.68,16:45,138,194.2
523,0.68,16:45,139,194.2
524,0.69,16:58,138,194.2
525,0.69,16:45,139,194.2
526,0.69,16:33,139,193.6
527,0.69,15:24,139,193.6
528,0.69,14:25,139,193.6
529,0.69,13:58,139,192.9
530,0.69,13:32,140,192.9
531,0.69,13:32,139,192.9
532,0.7,13:24,139,192.9
533,0.7,12:32,140,192.3
534,0.7,12:04,139,192.3
535,0.7,11:21,139,191.6
536,0.7,11:05,138,191.6
537,0.7,10:59,137,191.6
538,0.7,11:39,137,190.9
539,0.71,12:18,136,190.9
540,0.71,12:53,137,190.9
541,0.71,12:46,135,190.3
542,0.71,12:53,135,190.3
543,0.71,13:16,135,189.6
544,0.71,13:24,134,189.6
545,0.71,14:07,135,189.0
546,0.71,14:44,135,189.0
547,0.72,14:16,136,189.0
548,0.72,13:41,135,189.0
549,0.72,12:46,135,189.0
550,0.72,12:18,135,189.0
551,0.72,12:11,135,189.0
552,0.72,12:04,135,188.3
553,0.72,11:58,135,188.3
554,0.73,12:25,135,188.3
555,0.73,11:58,136,188.3
556,0.73,12:11,135,188.3
557,0.73,12:53,135,188.3
558,0.73,12:53,135,188.3
559,0.73,12:46,136,187.7
560,0.73,13:41,136,187.7
561,0.73,13:24,136,187.0
562,0.74,13:08,136,187.0
563,0.74,14:34,136,187.0
564,0.74,15:24,135,187.0
565,0.74,14:34,135,186.4
566,0.74,13:41,135,186.4
567,0.74,13:08,134,186.4
568,0.74,12:25,134,186.4
569,0.74,12:32,134,186.4
570,0.75,12:25,135,186.4
571,0.75,13:16,134,186.4
572,0.75,13:41,134,186.4
573,0.75,13:32,134,186.4
574,0.75,13:32,135,185.7
575,0.75,13:58,135,185.7
576,0.75,13:49,136,185.7
577,0.75,13:58,136,185.7
578,0.75,13:58,136,185.0
579,0.76,13:32,136,184.4
580,0.76,12:53,136,184.4
581,0.76,12:39,136,183.7
582,0.76,12:18,136,183.1
583,0.76,12:11,136,183.1
584,0.76,12:18,137,183.1
585,0.76,13:08,137,182.4
586,0.77,13:49,137,181.8
587,0.77,14:07,137,181.8
588,0.77,14:07,137,181.1
589,0.77,13:41,137,180.4
590,0.77,13:32,137,180.4
591,0.77,12:32,136,179.8
592,0.77,12:25,136,179.8
593,0.77,12:11,136,179.1
594,0.78,12:11,136,178.5
595,0.78,11:52,136,177.8
596,0.78,12:39,136,177.8
597,0.78,12:32,136,177.2
598,0.78,12:25,136,177.2
599,0.78,12:04,135,176.5
600,0.78,12:04,135,175.9
601,0.79,11:27,135,175.9
602,0.79,11:21,136,175.2
603,0.79,11:39,137,174.5
604,0.79,11:39,137,173.9
605,0.79,11:52,137,173.9
606,0.79,11:58,137,173.2
607,0.79,12:04,137,172.6
608,0.8,12:11,136,172.6
609,0.8,12:18,136,171.9
610,0.8,11:52,135,171.9
611,0.8,11:58,135,171.3
612,0.8,11:58,135,171.3
613,0.8,11:58,135,170.6
614,0.8,12:18,134,169.9
615,0.8,13:16,134,169.9
616,0.81,13:08,135,169.3
617,0.81,13:08,135,168.6
618,0.81,12:46,137,168.0
619,0.81,12:18,138,167.3
620,0.81,11:33,137,166.7
621,0.81,11:16,137,166.0
622,0.81,11:21,136,165.4
623,0.82,11:45,135,165.4
624,0.82,12:11,135,165.4
625,0.82,12:39,134,164.7
626,0.82,13:16,135,164.7
627,0.82,13:32,135,164.0
628,0.82,13:08,135,164.0
629,0.82,13:01,135,163.4
630,0.82,13:16,135,162.7
631,0.83,13:49,135,162.7
632,0.83,13:41,134,162.1
633,0.83,13:49,133,161.4
634,0.83,14:16,133,161.4
635,0.83,13:24,133,160.8
636,0.83,13:16,133,160.8
637,0.83,13:32,133,160.8
638,0.83,13:01,133,160.8
639,0.84,12:32,133,160.8
640,0.84,13:08,133,160.8
641,0.84,12:39,133,160.8
642,0.84,12:04,134,160.1
643,0.84,13:01,134,160.1
644,0.84,13:01,134,159.4
645,0.84,12:18,134,159.4
646,0.85,12:32,134,160.1
647,0.85,12:46,134,160.1
648,0.85,12:11,134,160.1
649,0.85,11:58,134,160.1
650,0.85,11:52,133,160.1
651,0.85,11:39,133,159.4
652,0.85,11:33,133,159.4
653,0.85,11:39,133,159.4
654,0.86,11:52,132,158.8
655,0.86,12:32,133,159.4
656,0.86,13:01,133,159.4
657,0.86,13:41,133,159.4
658,0.86,14:07,134,159.4
659,0.86,15:24,135,159.4
660,0.86,16:09,135,159.4
661,0.86,15:46,136,158.8
662,0.87,15:24,136,158.8
663,0.87,15:14,136,158.8
664,0.87,13:49,136,158.1
665,0.87,12:46,135,158.8
666,0.87,12:46,135,158.8
667,0.87,12:39,135,158.8
668,0.87,12:32,135,158.8
669,0.87,12:25,135,158.8
670,0.88,12:18,135,158.8
671,0.88,11:45,135,158.8
672,0.88,11:21,135,158.8
673,0.88,11:05,136,158.8
674,0.88,11:10,136,158.8
675,0.88,11:39,137,158.8
676,0.88,12:11,138,158.8
677,0.88,14:34,139,158.8
678,0.89,16:21,140,158.8
679,0.89,18:53,141,158.8
680,0.89,19:09,141,158.8
681,0.89,19:09,142,158.8
682,0.89,15:46,142,158.8
683,0.89,14:16,143,158.8
684,0.89,13:01,142,158.8
685,0.89,12:46,143,158.8
686,0.9,12:53,143,158.8
687,0.9,13:49,142,158.8
688,0.9,14:16,142,158.8
689,0.9,14:44,141,158.1
690,0.9,15:24,141,158.1
691,0.9,15:35,142,158.1
692,0.9,14:44,142,158.1
693,0.9,14:44,142,158.1
694,0.9,14:44,141,158.8
695,0.91,13:58,142,158.8
696,0.91,13:24,142,158.8
697,0.91,13:16,142,158.8
698,0.91,13:01,142,158.8
699,0.91,12:32,142,158.8
700,0.91,12:53,140,159.4
701,0.91,12:53,139,158.8
702,0.91,13:16,140,158.8
703,0.92,14:07,141,158.8
704,0.92,14:16,141,158.8
705,0.92,14:25,142,158.8
706,0.92,14:44,142,158.8
707,0.92,14:16,142,158.8
708,0.92,13:32,142,158.8
709,0.92,13:41,142,158.8
710,0.92,13:32,142,159.4
711,0.92,13:49,143,159.4
712,0.93,14:07,143,159.4
713,0.93,14:25,143,159.4
714,0.93,14:44,144,159.4
715,0.93,14:44,144,159.4
716,0.93,15:14,143,159.4
717,0.93,15:24,144,159.4
718,0.93,15:24,143,160.1
719,0.93,16:09,143,160.1
720,0.93,15:46,144,159.4
721,0.94,14:34,143,159.4
722,0.94,13:58,143,159.4
723,0.94,13:32,143,159.4
724,0.94,12:46,143,159.4
725,0.94,12:39,143,158.8
726,0.94,13:08,143,158.8
727,0.94,13:16,143,158.8
728,0.94,13:24,143,158.1
729,0.95,13:41,142,158.1
730,0.95,14:07,142,158.1
731,0.95,13:41,142,158.1
732,0.95,13:41,142,158.1
733,0.95,13:32,141,157.5
734,0.95,12:53,142,157.5
735,0.95,12:32,142,156.8
736,0.96,12:25,143,156.8
737,0.96,12:18,143,156.2
738,0.96,12:04,142,156.2
739,0.96,12:18,142,155.5
740,0.96,12:53,142,155.5
741,0.96,12:39,142,155.5
742,0.96,12:53,141,154.9
743,0.96,13:49,141,154.9
744,0.97,13:49,142,154.9
745,0.97,12:53,142,154.9
746,0.97,12:53,142,154.9
747,0.97,12:39,141,154.9
748,0.97,12:11,141,154.9
749,0.97,11:45,142,154.9
750,0.97,12:25,143,154.9
751,0.97,13:24,143,154.9
752,0.98,13:58,143,154.9
753,0.98,14:07,143,154.9
754,0.98,14:34,143,154.9
755,0.98,14:16,142,155.5
756,0.98,13:58,142,155.5
757,0.98,13:49,141,155.5
758,0.98,13:58,142,155.5
759,0.98,14:54,142,154.9
760,0.98,14:44,142,154.9
761,0.99,14:16,142,154.2
762,0.99,13:49,142,154.2
763,0.99,13:24,142,154.2
764,0.99,12:32,141,154.2
765,0.99,12:32,141,154.2
766,0.99,13:01,141,154.2
767,0.99,13:16,141,154.2
768,1.0,13:08,141,154.2
769,1.0,13:08,142,154.2
770,1.0,12:53,142,154.2
771,1.0,12:39,142,154.2
772,1.0,11:58,143,154.2
773,1.0,12:04,143,154.2
774,1.0,12:11,144,154.2
775,1.0,12:32,143,153.5
776,1.01,12:11,144,153.5
777,1.01,13:01,144,153.5
778,1.01,13:16,143,152.9
779,1.01,13:41,144,152.9
780,1.01,13:49,144,152.9
781,1.01,13:58,144,152.2
782,1.01,13:58,143,151.6
783,1.01,14:07,143,151.6
784,1.02,13:58,143,151.6
785,1.02,13:41,143,150.9
786,1.02,14:25,144,150.9
787,1.02,14:25,144,150.9
788,1.02,14:25,144,150.9
789,1.02,14:07,144,150.9
790,1.02,13:49,144,150.9
791,1.02,13:32,145,150.9
792,1.03,12:32,145,150.9
793,1.03,12:25,145,150.9
794,1.03,12:53,145,150.9
795,1.03,12:46,144,150.9
796,1.03,12:39,144,150.3
797,1.03,13:41,144,150.3
798,1.03,13:01,144,150.3
799,1.03,12:46,144,150.3
800,1.04,13:01,144,149.6
801,1.04,12:53,144,149.6
802,1.04,13:01,144,149.6
803,1.04,13:32,145,149.6
804,1.04,13:24,144,149.0
805,1.04,13:41,145,149.0
806,1.04,13:01,145,148.3
807,1.04,12:25,146,148.3
808,1.05,12:11,146,147.6
809,1.05,12:11,146,147.6
810,1.05,12:11,146,147.6
811,1.05,13:08,146,147.0
812,1.05,13:32,145,147.0
813,1.05,14:16,145,147.0
814,1.05,14:54,145,147.0
815,1.05,14:54,145,147.0
816,1.06,13:16,144,147.0
817,1.06,12:53,144,147.0
818,1.06,12:32,144,147.0
819,1.06,12:25,144,147.0
820,1.06,12:39,144,147.0
821,1.06,13:58,144,146.3
822,1.06,15:04,145,146.3
823,1.06,14:54,145,146.3
824,1.07,14:34,145,146.3
825,1.07,14:44,145,145.7
826,1.07,13:49,145,145.7
827,1.07,12:39,145,145.7
828,1.07,13:01,145,145.0
829,1.07,13:41,145,145.0
830,1.07,13:24,145,145.0
831,1.07,13:58,144,145.0
832,1.07,15:14,143,144.4
833,1.08,14:34,144,144.4
834,1.08,13:08,144,144.4
835,1.08,12:53,144,143.7
836,1.08,12:18,146,143.7
837,1.08,11:52,145,143.7
838,1.08,11:58,145,143.7
839,1.08,12:18,145,143.0
840,1.09,12:04,145,143.0
841,1.09,12:25,144,143.0
842,1.09,12:18,145,142.4
843,1.09,12:18,145,142.4
844,1.09,12:46,145,142.4
845,1.09,12:46,145,141.7
846,1.09,12:53,146,141.7
847,1.1,13:08,146,141.7
848,1.1,13:32,146,142.4
849,1.1,13:32,146,141.7
850,1.1,14:16,146,141.7
851,1.1,14:07,147,141.7
852,1.1,13:32,146,141.1
853,1.1,12:39,147,141.1
854,1.1,12:11,146,141.1
855,1.11,11:39,147,141.1
856,1.11,11:58,145,141.1
857,1.11,12:11,145,140.4
858,1.11,12:25,145,140.4
859,1.11,12:25,144,140.4
860,1.11,12:53,145,140.4
861,1.11,12:25,145,139.8
862,1.11,12:46,145,139.8
863,1.12,13:01,145,139.8
864,1.12,13:08,145,139.1
865,1.12,12:53,145,139.1
866,1.12,13:16,146,139.1
867,1.12,13:16,146,139.1
868,1.12,13:49,146,139.1
869,1.12,14:07,146,138.5
870,1.12,14:16,146,138.5
871,1.13,14:25,146,138.5
872,1.13,13:41,146,138.5
873,1.13,13:01,145,138.5
874,1.13,12:18,146,138.5
875,1.13,12:32,146,138.5
876,1.13,11:52,146,138.5
877,1.13,12:18,146,138.5
878,1.14,12:25,146,138.5
879,1.14,12:53,146,137.8
880,1.14,12:25,146,137.8
881,1.14,12:32,145,137.8
882,1.14,12:25,145,137.8
883,1.14,12:39,145,137.8
884,1.14,12:46,145,137.8
885,1.14,13:24,145,137.8
886,1.15,14:16,145,137.8
887,1.15,14:25,146,137.8
888,1.15,15:04,146,137.8
889,1.15,15:24,146,137.8
890,1.15,15:04,146,137.8
891,1.15,14:44,147,137.8
892,1.15,14:16,147,137.8
893,1.15,13:16,146,137.8
894,1.15,13:01,146,137.8
895,1.16,12:18,146,137.8
896,1.16,12:25,146,137.8
897,1.16,12:46,146,137.8
898,1.16,13:16,145,137.8
899,1.16,13:41,145,137.8
900,1.16,13:58,144,137.8
901,1.16,13:49,144,137.8
902,1.16,13:41,144,137.8
903,1.17,13:41,143,137.8
904,1.17,13:49,143,137.8
905,1.17,14:54,142,137.8
906,1.17,14:44,142,137.8
907,1.17,14:34,142,137.8
908,1.17,14:16,142,137.8
909,1.17,13:49,142,137.1
910,1.17,13:24,142,137.1
911,1.18,13:41,142,137.1
912,1.18,13:32,142,137.1
913,1.18,13:49,142,137.1
914,1.18,13:49,142,137.1
915,1.18,13:24,143,137.1
916,1.18,13:16,142,137.1
917,1.18,13:16,142,137.1
918,1.18,13:16,141,137.1
919,1.19,13:08,142,137.1
920,1.19,13:24,141,136.5
921,1.19,12:46,141,136.5
922,1.19,13:49,141,136.5
923,1.19,13:49,140,136.5
924,1.19,14:16,140,136.5
925,1.19,13:41,140,136.5
926,1.19,13:16,140,136.5
927,1.2,13:01,140,136.5
928,1.2,12:25,140,135.8
929,1.2,11:58,142,135.8
930,1.2,12:32,141,135.8
931,1.2,13:16,142,135.8
932,1.2,13:08,143,135.2
933,1.2,13:49,144,135.2
934,1.2,14:25,145,135.2
935,1.21,14:16,145,134.5
936,1.21,14:07,144,133.9
937,1.21,13:16,143,133.9
938,1.21,13:16,144,133.2
939,1.21,12:39,143,133.2
940,1.21,12:11,143,132.5
941,1.21,12:18,142,132.5
942,1.21,12:32,142,132.5
943,1.22,12:39,142,133.2
944,1.22,13:16,142,132.5
945,1.22,14:16,142,133.2
946,1.22,14:25,142,133.2
947,1.22,14:34,143,133.2
948,1.22,13:41,143,133.2
949,1.22,13:08,143,133.2
950,1.22,13:01,144,133.2
951,1.23,13:08,145,133.9
952,1.23,13:24,145,133.9
953,1.23,14:07,145,133.2
954,1.23,14:44,145,133.2
955,1.23,14:34,145,133.2
956,1.23,14:44,145,132.5
957,1.23,15:24,145,132.5
958,1.23,15:46,145,132.5
959,1.23,15:14,145,132.5
960,1.24,14:34,145,131.9
961,1.24,14:16,146,131.9
962,1.24,13:24,145,131.9
963,1.24,12:53,145,131.9
964,1.24,12:39,146,131.9
965,1.24,12:11,146,131.9
966,1.24,12:18,146,131.9
967,1.24,12:39,146,131.2
968,1.25,12:46,148,131.2
969,1.25,12:32,148,131.2
970,1.25,13:16,148,131.2
971,1.25,13:08,149,130.6
972,1.25,13:16,148,130.6
973,1.25,13:16,148,130.6
974,1.25,13:41,148,129.9
975,1.25,13:41,147,129.9
976,1.26,13:01,147,129.9
977,1.26,12:39,146,129.3
978,1.26,12:46,145,129.3
979,1.26,13:01,145,129.3
980,1.26,13:16,146,128.6
981,1.26,14:44,146,128.6
982,1.26,14:34,147,128.6
983,1.26,14:25,146,128.6
984,1.27,14:54,146,128.0
985,1.27,15:14,146,128.0
986,1.27,14:34,146,128.0
987,1.27,14:44,146,127.3
988,1.27,14:16,146,127.3
989,1.27,14:07,147,127.3
990,1.27,14:16,146,126.6
991,1.27,14:07,146,126.6
992,1.27,14:16,145,126.6
993,1.28,14:16,144,126.0
994,1.28,13:49,144,126.0
995,1.28,13:01,144,126.0
996,1.28,13:16,143,126.0
997,1.28,13:01,144,126.0
998,1.28,13:08,144,126.0
999,1.28,12:46,144,125.3
1000,1.28,13:32,144,125.3
1001,1.29,13:08,144,125.3
1002,1.29,13:49,144,125.3
1003,1.29,13:32,144,125.3
1004,1.29,13:58,144,124.7
1005,1.29,13:16,143,124.7
1006,1.29,13:08,143,124.7
1007,1.29,12:25,143,124.7
1008,1.3,12:04,142,124.0
1009,1.3,11:39,142,124.0
1010,1.3,10:59,142,124.0
1011,1.3,11:10,141,124.7
1012,1.3,11:16,141,124.7
1013,1.3,11:58,141,124.7
1014,1.3,12:25,141,124.0
1015,1.3,13:32,141,124.0
1016,1.31,13:16,143,124.0
1017,1.31,13:08,143,124.0
1018,1.31,13:32,143,124.0
1019,1.31,13:49,143,123.4
1020,1.31,14:34,144,123.4
1021,1.31,15:57,144,123.4
1022,1.31,16:09,143,123.4
1023,1.31,15:14,143,122.7
1024,1.32,14:34,144,122.7
1025,1.32,12:39,144,122.7
1026,1.32,11:33,145,122.7
1027,1.32,11:33,145,122.0
1028,1.32,11:45,145,122.0
1029,1.32,11:52,144,122.0
1030,1.32,12:25,145,122.0
1031,1.33,13:16,146,122.0
1032,1.33,13:16,146,121.4
1033,1.33,13:16,147,121.4
1034,1.33,13:32,147,121.4
1035,1.33,13:58,147,120.7
1036,1.33,13:49,147,120.7
1037,1.33,14:07,148,120.7
1038,1.33,14:07,148,120.7
1039,1.33,13:24,149,120.7
1040,1.34,13:24,148,120.7
1041,1.34,13:32,149,120.7
1042,1.34,13:49,148,120.7
1043,1.34,13:58,148,120.1
1044,1.34,14:16,147,120.1
1045,1.34,13:58,148,120.1
1046,1.34,13:41,148,120.1
1047,1.34,12:53,147,120.1
1048,1.35,12:46,147,120.1
1049,1.35,13:08,149,120.1
1050,1.35,12:46,149,120.1
1051,1.35,12:39,149,120.1
1052,1.35,13:16,149,120.1
1053,1.35,13:01,148,119.4
1054,1.35,13:16,149,119.4
1055,1.35,14:16,148,119.4
1056,1.36,14:25,148,119.4
1057,1.36,13:41,148,119.4
1058,1.36,13:41,148,119.4
1059,1.36,12:46,147,119.4
1060,1.36,11:52,147,119.4
1061,1.36,11:45,146,119.4
1062,1.36,12:04,146,119.4
1063,1.36,12:32,146,119.4
1064,1.37,13:24,148,119.4
1065,1.37,14:34,148,119.4
1066,1.37,14:34,148,119.4
1067,1.37,14:16,148,119.4
1068,1.37,13:49,147,119.4
1069,1.37,13:08,147,118.8
1070,1.37,12:53,145,118.8
1071,1.37,12:53,145,118.8
1072,1.38,13:01,145,118.8
1073,1.38,13:24,145,118.8
1074,1.38,13:58,145,118.8
1075,1.38,13:01,144,118.8
1076,1.38,13:32,144,118.8
1077,1.38,13:32,145,118.8
1078,1.38,13:01,145,118.8
1079,1.38,12:39,146,118.8
1080,1.39,13:24,146,118.8
1081,1.39,12:53,147,118.8
1082,1.39,12:32,148,118.8
1083,1.39,12:32,148,118.1
1084,1.39,12:25,148,118.1
1085,1.39,12:46,148,118.1
1086,1.39,12:46,148,118.1
1087,1.4,13:08,148,118.1
1088,1.4,13:24,147,118.1
1089,1.4,13:41,147,118.8
1090,1.4,13:32,147,118.8
1091,1.4,13:41,147,118.8
1092,1.4,13:41,148,118.8
1093,1.4,14:16,148,118.8
1094,1.4,15:14,149,118.8
1095,1.4,15:24,148,118.8
1096,1.41,15:46,148,118.8
1097,1.41,15:46,148,118.8
1098,1.41,15:04,148,118.8
1099,1.41,14:34,147,118.8
1100,1.41,14:16,148,118.8
1101,1.41,14:16,148,118.8
1102,1.41,14:16,149,118.8
1103,1.41,13:16,148,118.8
1104,1.42,12:39,148,118.8
1105,1.42,13:08,148,118.8
1106,1.42,12:53,148,118.8
1107,1.42,12:53,148,118.1
1108,1.42,13:49,148,118.1
1109,1.42,14:16,148,118.8
1110,1.42,13:41,147,118.8
1111,1.42,13:32,148,118.8
1112,1.43,12:53,148,118.1
1113,1.43,12:53,148,118.1
1114,1.43,12:39,148,118.1
1115,1.43,12:46,148,118.1
1116,1.43,13:41,147,118.1
1117,1.43,14:44,147,118.1
1118,1.43,14:44,146,118.1
1119,1.43,15:04,146,118.1
1120,1.43,14:54,146,118.1
1121,1.44,13:58,147,118.1
1122,1.44,13:24,147,118.1
1123,1.44,13:16,147,118.1
1124,1.44,13:01,147,118.1
1125,1.44,12:46,147,118.1
1126,1.44,12:53,146,118.1
1127,1.44,13:49,146,117.5
1128,1.44,13:41,145,117.5
1129,1.45,14:07,145,117.5
1130,1.45,14:34,144,117.5
1131,1.45,14:25,144,117.5
1132,1.45,13:58,145,117.5
1133,1.45,14:44,145,117.5
1134,1.45,14:44,145,117.5
1135,1.45,14:25,145,117.5
1136,1.45,14:44,144,117.5
1137,1.46,14:25,144,117.5
1138,1.46,14:16,145,117.5
1139,1.46,14:07,145,117.5
1140,1.46,14:07,144,117.5
1141,1.46,14:07,144,117.5
1142,1.46,13:58,145,117.5
1143,1.46,13:41,146,117.5
1144,1.46,13:08,146,117.5
1145,1.47,12:53,146,117.5
1146,1.47,12:39,147,117.5
1147,1.47,13:01,147,116.8
1148,1.47,12:32,148,116.8
1149,1.47,12:46,147,116.8
1150,1.47,13:32,147,116.8
1151,1.47,13:24,148,116.8
1152,1.47,13:58,148,116.8
1153,1.47,14:44,147,116.8
1154,1.48,14:44,148,116.8
1155,1.48,14:16,148,116.8
1156,1.48,14:07,148,116.8
1157,1.48,13:01,147,116.8
1158,1.48,12:39,147,116.8
1159,1.48,12:32,147,116.8
1160,1.48,12:25,147,116.8
1161,1.49,12:18,147,116.8
1162,1.49,12:18,148,116.8
1163,1.49,12:25,146,116.8
1164,1.49,12:39,147,116.8
1165,1.49,12:04,147,116.1
1166,1.49,12:46,147,116.1
1167,1.49,13:01,148,116.1
1168,1.49,12:53,148,116.1
1169,1.5,12:53,149,116.1
1170,1.5,13:41,149,116.1
1171,1.5,13:08,150,116.1
1172,1.5,13:32,151,116.1
1173,1.5,14:16,152,116.1
1174,1.5,14:16,151,116.8
1175,1.5,14:07,151,116.8
1176,1.5,14:07,152,116.8
1177,1.51,13:32,152,116.8
1178,1.51,13:01,152,116.1
1179,1.51,13:08,152,116.1
1180,1.51,13:32,152,116.1
1181,1.51,13:41,152,116.1
1182,1.51,13:49,151,116.1
1183,1.51,13:41,151,116.1
1184,1.51,13:32,150,115.5
1185,1.52,13:01,150,115.5
1186,1.52,13:08,149,115.5
1187,1.52,13:58,150,115.5
1188,1.52,13:08,149,114.8
1189,1.52,13:24,149,114.8
1190,1.52,14:16,149,114.8
1191,1.52,14:54,150,114.8
1192,1.52,14:07,150,114.8
1193,1.52,15:04,151,114.8
1194,1.53,14:16,152,114.8
1195,1.53,13:49,153,114.8
1196,1.53,13:08,152,114.2
1197,1.53,12:39,153,114.2
1198,1.53,12:32,153,113.5
1199,1.53,11:52,154,113.5
1200,1.53,11:10,154,112.9
1201,1.54,11:05,154,112.2
1202,1.54,11:10,154,112.2
1203,1.54,11:16,154,112.2
1204,1.54,13:08,154,112.2
1205,1.54,13:49,154,111.5
1206,1.54,13:16,154,111.5
1207,1.54,13:16,154,112.2
1208,1.54,13:49,154,112.2
1209,1.55,12:32,155,112.2
1210,1.55,13:08,156,112.2
1211,1.55,13:49,156,112.2
1212,1.55,14:07,157,111.5
1213,1.55,13:58,156,111.5
1214,1.55,14:07,156,111.5
1215,1.55,13:41,155,111.5
1216,1.55,13:16,155,111.5
1217,1.56,13:08,154,111.5
1218,1.56,13:01,154,111.5
1219,1.56,13:08,153,111.5
1220,1.56,13:01,153,111.5
1221,1.56,13:32,153,111.5
1222,1.56,13:41,153,111.5
1223,1.56,13:01,152,110.9
1224,1.56,13:16,152,110.9
1225,1.57,13:16,153,110.9
1226,1.57,12:53,152,110.2
1227,1.57,13:24,152,110.2
1228,1.57,13:49,152,110.2
1229,1.57,13:49,151,109.6
1230,1.57,14:25,152,109.6
1231,1.57,14:07,150,108.9
1232,1.57,13:49,151,108.9
1233,1.58,13:32,151,108.9
1234,1.58,13:16,150,108.3
1235,1.58,12:46,150,108.3
1236,1.58,13:24,150,108.3
1237,1.58,12:53,150,108.3
1238,1.58,14:07,150,107.6
1239,1.58,13:49,149,107.6
1240,1.58,13:49,149,107.6
1241,1.59,13:41,150,107.6
1242,1.59,13:49,149,107.0
1243,1.59,12:53,150,107.0
1244,1.59,13:01,150,106.3
1245,1.59,12:46,150,106.3
1246,1.59,12:46,150,106.3
1247,1.59,12:11,150,106.3
1248,1.59,12:18,151,106.3
1249,1.6,12:32,151,106.3
1250,1.6,13:08,150,105.6
1251,1.6,12:46,150,105.6
1252,1.6,13:49,150,105.6
1253,1.6,13:49,150,105.6
1254,1.6,13:08,151,105.0
1255,1.6,12:25,151,105.6
1256,1.6,12:46,151,105.6
1257,1.61,12:39,152,105.6
1258,1.61,12:53,152,105.6
1259,1.61,13:41,151,105.6
1260,1.61,14:16,151,105.6
1261,1.61,14:34,152,105.6
1262,1.61,14:34,151,105.6
1263,1.61,13:41,151,105.6
1264,1.61,13:49,152,105.0
1265,1.62,13:49,152,105.0
1266,1.62,13:08,152,105.6
1267,1.62,12:53,152,105.6
1268,1.62,13:08,152,105.6
1269,1.62,12:46,152,105.6
1270,1.62,12:39,152,106.3
1271,1.62,13:49,152,106.3
1272,1.62,14:07,152,106.3
1273,1.63,14:54,152,107.0
1274,1.63,14:34,153,107.0
1275,1.63,15:14,152,107.6
1276,1.63,14:34,152,107.6
1277,1.63,15:35,152,107.6
1278,1.63,15:46,151,108.3
1279,1.63,16:45,152,108.3
1280,1.63,16:21,153,108.3
1281,1.63,15:24,154,108.3
1282,1.64,14:25,155,108.3
1283,1.64,13:41,155,108.9
1284,1.64,13:49,155,108.9
1285,1.64,14:16,155,108.9
1286,1.64,15:46,155,108.9
1287,1.64,15:24,155,108.9
1288,1.64,15:46,155,109.6
1289,1.64,15:46,154,109.6
1290,1.64,15:46,154,109.6
1291,1.65,14:16,153,109.6
1292,1.65,14:34,154,110.2
1293,1.65,14:07,153,110.2
1294,1.65,13:24,153,110.2
1295,1.65,13:08,154,110.9
1296,1.65,13:41,154,110.9
1297,1.65,13:49,153,110.9
1298,1.65,14:25,153,110.9
1299,1.65,14:07,153,110.9
1300,1.66,14:07,153,110.9
1301,1.66,14:34,154,111.5
1302,1.66,14:07,154,111.5
1303,1.66,14:16,154,111.5
1304,1.66,15:04,154,112.2
1305,1.66,14:44,154,112.2
1306,1.66,13:41,154,112.2
1307,1.66,13:49,155,112.2
1308,1.67,13:24,154,112.9
1309,1.67,13:49,154,112.9
1310,1.67,13:49,154,112.9
1311,1.67,13:49,154,112.9
1312,1.67,14:44,154,112.9
1313,1.67,14:07,154,113.5
1314,1.67,13:08,155,113.5
1315,1.67,12:53,155,113.5
1316,1.68,13:41,155,114.2
1317,1.68,13:01,156,114.2
1318,1.68,13:49,156,114.2
1319,1.68,14:34,155,114.2
1320,1.68,14:07,155,114.2
1321,1.68,13:41,155,114.2
1322,1.68,14:16,154,113.5
1323,1.68,13:41,154,113.5
1324,1.68,13:49,154,113.5
1325,1.69,14:34,154,113.5
1326,1.69,14:25,153,113.5
1327,1.69,13:32,153,112.9
1328,1.69,13:01,154,112.9
1329,1.69,12:18,154,112.2
1330,1.69,12:25,155,112.2
1331,1.69,12:46,156,112.2
1332,1.69,12:53,156,111.5
1333,1.7,13:08,157,111.5
1334,1.7,13:01,157,111.5
1335,1.7,12:46,157,111.5
1336,1.7,13:01,158,111.5
1337,1.7,12:53,159,111.5
1338,1.7,13:41,159,111.5
1339,1.7,14:16,160,111.5
1340,1.7,13:49,160,111.5
1341,1.71,13:16,160,111.5
1342,1.71,13:24,160,111.5
1343,1.71,12:53,160,111.5
1344,1.71,12:11,160,111.5
1345,1.71,13:08,160,111.5
1346,1.71,13:24,160,111.5
1347,1.71,12:46,159,111.5
1348,1.72,13:24,159,111.5
1349,1.72,13:49,159,111.5
1350,1.72,13:24,160,111.5
1351,1.72,13:49,160,111.5
1352,1.72,15:35,160,111.5
1353,1.72,15:04,160,111.5
1354,1.72,15:14,160,111.5
1355,1.72,15:14,160,111.5
1356,1.72,14:44,161,111.5
1357,1.73,13:58,161,111.5
1358,1.73,13:58,161,110.9
1359,1.73,14:16,161,110.9
1360,1.73,14:07,162,110.9
1361,1.73,13:32,162,110.2
1362,1.73,13:41,162,110.2
1363,1.73,13:32,162,110.2
1364,1.73,12:53,162,110.2
1365,1.74,13:08,161,110.2
1366,1.74,14:07,161,110.2
1367,1.74,15:04,162,110.2
1368,1.74,15:14,162,110.2
1369,1.74,15:24,162,110.2
1370,1.74,14:16,162,110.2
1371,1.74,13:01,162,109.6
1372,1.74,12:18,161,109.6
1373,1.74,12:32,161,109.6
1374,1.75,13:41,161,109.6
1375,1.75,14:25,161,109.6
1376,1.75,14:25,160,109.6
1377,1.75,14:07,161,109.6
1378,1.75,13:32,159,109.6
1379,1.75,12:18,158,108.9
1380,1.75,11:58,158,108.9
1381,1.76,11:45,158,108.9
1382,1.76,12:18,157,108.9
1383,1.76,12:39,158,108.9
1384,1.76,13:08,158,108.9
1385,1.76,13:41,158,108.9
1386,1.76,14:54,157,108.9
1387,1.76,13:41,157,108.9
1388,1.76,13:41,157,108.3
1389,1.76,14:07,157,108.3
1390,1.77,13:49,157,108.3
1391,1.77,14:07,158,108.3
1392,1.77,15:14,157,108.3
1393,1.77,14:16,157,108.3
1394,1.77,13:32,157,108.3
1395,1.77,13:16,157,108.3
1396,1.77,12:46,157,108.3
1397,1.77,12:32,157,108.3
1398,1.78,13:24,156,108.3
1399,1.78,13:41,156,108.9
1400,1.78,14:07,156,108.9
1401,1.78,14:16,156,108.9
1402,1.78,13:49,156,108.9
1403,1.78,14:07,156,108.9
1404,1.78,14:25,157,108.9
1405,1.78,14:25,157,108.9
1406,1.78,14:54,157,108.9
1407,1.79,16:09,158,108.9
1408,1.79,16:45,159,108.9
1409,1.79,16:33,159,108.9
1410,1.79,15:24,158,108.9
1411,1.79,15:14,158,108.9
1412,1.79,14:54,157,108.9
1413,1.79,13:08,157,108.9
1414,1.79,13:49,158,108.9
1415,1.8,14:16,158,108.9
1416,1.8,13:16,158,108.9
1417,1.8,12:11,157,108.9
1418,1.8,13:01,157,108.9
1419,1.8,12:39,157,108.9
1420,1.8,12:53,158,108.9
1421,1.8,13:41,159,109.6
1422,1.8,14:16,159,109.6
1423,1.81,14:07,160,109.6
1424,1.81,14:16,159,109.6
1425,1.81,14:16,159,109.6
1426,1.81,14:16,161,109.6
1427,1.81,14:25,160,109.6
1428,1.81,14:16,161,110.2
1429,1.81,13:32,160,110.2
1430,1.81,12:46,160,110.2
1431,1.82,12:11,160,110.2
1432,1.82,12:04,160,110.2
1433,1.82,12:11,161,110.9
1434,1.82,12:04,161,110.9
1435,1.82,13:16,161,110.9
1436,1.82,13:49,161,110.9
1437,1.82,14:16,162,110.9
1438,1.82,14:07,161,110.9
1439,1.83,14:25,161,110.9
1440,1.83,13:41,161,110.9
1441,1.83,15:24,161,110.9
1442,1.83,15:14,161,110.9
1443,1.83,15:04,161,110.9
1444,1.83,15:14,161,110.9
1445,1.83,14:54,161,110.9
1446,1.83,12:53,161,111.5
1447,1.83,12:53,161,111.5
1448,1.84,13:01,160,111.5
1449,1.84,12:53,160,111.5
1450,1.84,13:16,159,111.5
1451,1.84,13:41,159,111.5
1452,1.84,13:41,159,112.2
1453,1.84,13:58,159,111.5
1454,1.84,14:07,159,111.5
1455,1.84,14:07,159,111.5
1456,1.85,14:25,160,111.5
1457,1.85,13:41,160,111.5
1458,1.85,13:49,159,111.5
1459,1.85,14:25,159,111.5
1460,1.85,14:25,159,110.9
1461,1.85,14:16,160,110.9
1462,1.85,15:24,160,110.9
1463,1.85,15:04,160,110.9
1464,1.85,14:07,160,110.9
1465,1.86,14:07,160,110.9
1466,1.86,13:16,160,110.9
1467,1.86,13:01,160,110.9
1468,1.86,12:46,160,110.9
1469,1.86,12:18,160,110.9
1470,1.86,11:58,161,111.5
1471,1.86,12:25,161,111.5
1472,1.87,12:04,160,111.5
1473,1.87,12:04,161,110.9
1474,1.87,13:08,160,111.5
1475,1.87,13:24,160,111.5
1476,1.87,13:08,161,111.5
1477,1.87,13:24,160,111.5
1478,1.87,13:41,161,111.5
1479,1.87,13:24,162,111.5
1480,1.87,13:49,162,111.5
1481,1.88,14:07,162,112.2
1482,1.88,14:54,161,112.2
1483,1.88,14:34,161,112.2
1484,1.88,14:16,161,112.2
1485,1.88,13:49,161,112.2
1486,1.88,14:25,161,112.2
1487,1.88,14:07,161,112.2
1488,1.88,14:07,161,112.2
1489,1.89,14:25,161,112.2
1490,1.89,15:04,162,112.2
1491,1.89,13:58,161,112.2
1492,1.89,13:41,162,112.2
1493,1.89,14:16,161,112.2
1494,1.89,13:08,161,112.2
1495,1.89,12:32,160,112.2
1496,1.89,13:01,161,111.5
1497,1.9,13:16,161,111.5
1498,1.9,13:24,161,110.9
1499,1.9,13:49,161,110.9
1500,1.9,14:07,161,110.2
1501,1.9,13:58,161,110.2
1502,1.9,13:24,161,110.2
1503,1.9,12:25,161,110.2
1504,1.9,12:39,161,110.2
1505,1.91,12:11,161,110.2
1506,1.91,11:52,161,110.2
1507,1.91,11:39,160,110.2
1508,1.91,11:39,160,110.2
1509,1.91,11:27,160,110.2
1510,1.91,11:21,160,109.6
1511,1.91,11:27,160,109.6
1512,1.92,11:45,161,109.6
1513,1.92,12:11,161,110.2
1514,1.92,11:58,160,110.9
1515,1.92,12:32,161,110.9
1516,1.92,13:08,161,111.5
1517,1.92,13:16,161,112.2
1518,1.92,13:49,162,112.2
1519,1.92,15:46,163,112.9
1520,1.93,16:09,163,112.9
1521,1.93,15:57,164,113.5
1522,1.93,15:24,163,114.2
1523,1.93,14:34,163,114.8
1524,1.93,13:32,163,114.8
1525,1.93,13:24,164,115.5
1526,1.93,13:41,164,116.1
1527,1.93,14:34,164,116.8
1528,1.93,15:57,164,117.5
1529,1.93,18:07,164,118.1
1530,1.94,18:53,164,118.1
1531,1.94,18:53,164,118.8
1532,1.94,16:45,164,119.4
1533,1.94,15:24,164,119.4
1534,1.94,14:16,164,120.1
1535,1.94,12:53,164,120.1
1536,1.94,12:39,165,120.1
1537,1.94,13:32,165,120.1
1538,1.95,13:24,165,120.1
1539,1.95,12:46,165,119.4
1540,1.95,12:32,166,119.4
1541,1.95,12:18,166,118.8
1542,1.95,11:21,167,118.1
1543,1.95,10:59,167,117.5
1544,1.96,10:23,166,116.1
1545,1.96,10:48,167,115.5
1546,1.96,10:18,166,114.8
1547,1.96,10:59,166,114.2
1548,1.96,11:16,166,114.2
1549,1.96,12:11,166,113.5
1550,1.96,12:04,166,113.5
1551,1.97,11:58,166,113.5
1552,1.97,11:33,165,113.5
1553,1.97,11:27,166,113.5
1554,1.97,11:27,167,113.5
1555,1.97,11:39,167,113.5
1556,1.97,12:39,167,113.5
1557,1.97,12:32,168,113.5
1558,1.97,12:25,168,113.5
1559,1.98,12:11,168,113.5
1560,1.98,11:27,168,113.5
1561,1.98,10:59,168,112.9
1562,1.98,11:27,167,112.9
1563,1.98,11:27,167,112.9
1564,1.98,11:27,168,112.9
1565,1.98,12:11,168,112.9
1566,1.99,12:46,166,112.9
1567,1.99,13:01,166,112.9
1568,1.99,14:07,167,112.9
1569,1.99,14:54,166,112.9
1570,1.99,15:57,166,112.9
1571,1.99,16:33,165,112.9
1572,1.99,15:46,165,112.9
1573,1.99,14:25,166,112.9
1574,1.99,14:25,166,112.9
1575,2.0,13:24,166,112.9
1576,2.0,13:01,166,112.2
1577,2.0,12:46,166,112.2
1578,2.0,12:32,166,112.2
1579,2.0,11:21,166,112.2
1580,2.0,11:45,166,111.5
1581,2.0,12:11,166,112.2
1582,2.0,13:08,166,112.2
1583,2.01,14:44,166,112.2
1584,2.01,16:58,166,112.9
1585,2.01,18:53,165,112.9
1586,2.01,19:43,165,112.9
1587,2.01,19:09,165,112.9
1588,2.01,19:09,164,112.9
1589,2.01,19:43,164,112.9
1590,2.01,18:37,165,112.9
1591,2.01,16:09,165,112.9
1592,2.01,15:57,164,112.9
1593,2.02,15:57,165,112.2
1594,2.02,15:24,164,112.2
1595,2.02,14:07,163,111.5
1596,2.02,14:54,163,112.2
1597,2.02,14:16,163,112.2
1598,2.02,13:49,163,112.2
1599,2.02,13:24,162,112.2
1600,2.02,13:49,161,112.2
1601,2.03,13:41,161,112.2
1602,2.03,14:44,160,112.2
1603,2.03,15:14,160,112.2
1604,2.03,16:33,159,111.5
1605,2.03,17:38,159,111.5
1606,2.03,17:52,158,111.5
1607,2.03,17:25,157,111.5
1608,2.03,17:25,156,111.5
1609,2.03,16:09,154,111.5
1610,2.03,15:04,154,110.9
1611,2.04,14:54,153,110.9
1612,2.04,13:08,152,110.2
1613,2.04,12:25,152,109.6
1614,2.04,11:52,152,109.6
1615,2.04,11:05,153,108.9
1616,2.04,10:33,152,108.9
1617,2.05,10:33,152,108.3
1618,2.05,10:28,152,107.6
1619,2.05,10:48,152,107.6
1620,2.05,11:58,152,107.0
1621,2.05,12:53,152,106.3
1622,2.05,15:24,152,106.3
1623,2.05,15:35,152,105.6
1624,2.05,15:14,152,105.6
1625,2.05,13:41,153,105.0
1626,2.06,11:05,153,105.0
1627,2.06,9:51,153,105.0
1628,2.06,9:26,153,105.0
1629,2.06,9:07,154,105.0
1630,2.06,9:38,154,105.0
1631,2.07,10:43,154,105.6
1632,2.07,10:48,152,105.6
1633,2.07,10:59,151,105.6
1634,2.07,11:58,148,105.6
1635,2.07,12:11,146,105.6
1636,2.07,12:53,146,105.6
1637,2.07,13:16,145,105.6
1638,2.07,13:24,137,105.6
1639,2.08,13:32,131,105.6
1640,2.08,12:53,126,105.6
1641,2.08,13:16,123,106.3
1642,2.08,13:32,121,106.3
1643,2.08,13:49,119,106.3
1644,2.08,13:24,119,106.3
1645,2.08,13:24,119,106.3
1646,2.08,12:39,118,106.3
1647,2.09,13:08,124,106.3
1648,2.09,13:49,131,107.0
1649,2.09,13:24,141,107.0
1650,2.09,13:41,146,107.0
1651,2.09,13:58,146,107.0
1652,2.09,13:01,146,107.6
1653,2.09,12:11,148,107.6
1654,2.09,12:04,144,108.3
1655,2.1,13:01,144,108.3
1656,2.1,13:24,148,108.9
1657,2.1,14:16,150,108.9
1658,2.1,14:34,160,108.9
1659,2.1,15:04,161,108.9
1660,2.1,14:44,162,108.9
1661,2.1,14:44,163,108.9
1662,2.1,14:34,163,109.6
1663,2.1,15:46,163,109.6
1664,2.11,15:24,163,110.2
1665,2.11,14:16,162,110.2
1666,2.11,14:54,162,110.9
1667,2.11,15:46,162,110.9
1668,2.11,16:09,161,110.9
1669,2.11,18:37,160,110.9
1670,2.11,21:17,160,110.9
1671,2.11,21:37,160,110.9
1672,2.11,21:17,160,111.5
1673,2.11,19:26,160,111.5
1674,2.11,18:07,160,111.5
1675,2.12,16:45,159,111.5
1676,2.12,15:24,159,110.9
1677,2.12,15:04,158,110.9
1678,2.12,15:46,157,110.9
1679,2.12,16:21,157,110.2
1680,2.12,16:45,156,110.9
1681,2.12,17:52,156,110.9
1682,2.12,18:07,156,110.9
1683,2.12,18:22,155,110.9
1684,2.12,19:09,155,110.9
1685,2.12,20:01,153,110.2
1686,2.13,19:43,154,110.2
1687,2.13,18:22,152,110.2
1688,2.13,18:22,151,110.2
1689,2.13,16:45,151,110.2
1690,2.13,15:35,151,110.2
1691,2.13,14:44,151,110.2
1692,2.13,14:54,151,110.2
1693,2.13,13:49,151,109.6
1694,2.14,13:41,150,109.6
1695,2.14,13:32,149,108.9
1696,2.14,14:07,148,108.9
1697,2.14,14:25,147,108.9
1698,2.14,14:44,147,108.3
1699,2.14,14:44,147,108.3
1700,2.14,14:44,147,108.3
1701,2.14,14:44,146,108.3
1702,2.14,15:24,145,108.3
1703,2.14,16:33,144,108.3
1704,2.15,16:45,143,108.3
1705,2.15,18:07,143,108.3
1706,2.15,18:37,142,108.3
1707,2.15,17:38,142,108.3
1708,2.15,16:45,143,108.3
1709,2.15,17:25,142,108.3
1710,2.15,16:45,141,108.3
1711,2.15,15:57,140,108.3
1712,2.15,16:21,139,108.3
1713,2.15,18:22,139,108.3
1714,2.15,19:09,139,108.9
1715,2.16,23:07,137,108.9
1716,2.16,23:31,137,108.9
1717,2.16,23:56,136,108.9
1718,2.16,18:22,136,108.9
1719,2.16,16:09,136,108.3
1720,2.16,12:53,137,108.3
1721,2.16,12:18,138,107.6
1722,2.16,11:27,139,107.6
1723,2.17,11:45,140,107.6
1724,2.17,11:21,140,107.6
1725,2.17,11:16,140,107.6
1726,2.17,11:33,140,107.6
1727,2.17,11:39,141,107.6
1728,2.17,11:33,142,107.6
1729,2.17,11:39,142,107.6
1730,2.18,12:04,143,107.6
1731,2.18,12:04,143,107.6
1732,2.18,12:39,144,107.6
1733,2.18,12:53,144,107.6
1734,2.18,13:58,146,107.6
1735,2.18,14:44,145,107.6
1736,2.18,14:25,146,107.6
1737,2.18,14:07,146,107.6
1738,2.19,13:58,147,107.6
1739,2.19,13:58,148,107.6
1740,2.19,13:01,149,107.6
1741,2.19,12:32,149,107.0
1742,2.19,12:11,149,107.0
1743,2.19,12:18,149,107.0
1744,2.19,11:33,151,107.0
1745,2.2,11:52,152,107.0
1746,2.2,12:11,152,107.6
1747,2.2,11:58,154,107.6
1748,2.2,11:33,154,107.0
1749,2.2,11:21,153,107.6
1750,2.2,11:10,153,107.6
1751,2.2,11:05,153,107.6
1752,2.21,11:10,154,107.6
1753,2.21,11:52,155,107.6
1754,2.21,12:25,155,107.6
1755,2.21,12:25,156,107.6
1756,2.21,12:46,156,107.6
1757,2.21,13:32,155,107.6
1758,2.21,13:41,156,108.3
1759,2.21,13:41,156,108.3
1760,2.22,13:49,157,108.3
1761,2.22,14:16,156,107.6
1762,2.22,14:07,156,107.6
1763,2.22,13:32,156,107.6
1764,2.22,13:49,156,107.6
1765,2.22,15:04,157,107.6
1766,2.22,14:54,157,107.6
1767,2.22,14:25,158,107.6
1768,2.22,14:44,159,107.6
1769,2.23,14:34,158,107.6
1770,2.23,14:54,158,107.6
1771,2.23,14:44,159,107.6
1772,2.23,15:14,159,107.6
1773,2.23,14:54,159,107.6
1774,2.23,14:25,160,107.6
1775,2.23,13:16,160,107.6
1776,2.23,12:39,160,107.6
1777,2.24,12:25,161,107.6
1778,2.24,13:01,161,107.6
1779,2.24,13:32,161,107.6
1780,2.24,14:25,161,107.6
1781,2.24,15:04,161,107.6
1782,2.24,15:04,161,107.6
1783,2.24,14:44,159,107.6
1784,2.24,15:24,158,108.3
1785,2.24,14:25,158,108.3
1786,2.25,13:49,157,108.3
1787,2.25,14:07,157,108.3
1788,2.25,13:32,156,108.3
1789,2.25,13:08,157,108.3
1790,2.25,13:08,156,107.6
1791,2.25,13:41,157,108.3
1792,2.25,13:32,156,108.3
1793,2.25,13:49,156,108.3
1794,2.26,13:49,156,108.9
1795,2.26,14:16,156,108.9
1796,2.26,14:07,156,108.9
1797,2.26,14:44,157,108.9
1798,2.26,14:54,157,108.9
1799,2.26,14:54,158,108.9
1800,2.26,14:16,157,108.9
1801,2.26,14:16,157,108.9
1802,2.26,13:49,159,108.9
1803,2.27,13:41,158,108.9
1804,2.27,12:46,159,108.9
1805,2.27,12:39,158,108.9
1806,2.27,12:32,159,108.9
1807,2.27,12:32,160,109.6
1808,2.27,13:08,160,109.6
1809,2.27,13:41,160,108.9
1810,2.27,14:34,160,109.6
1811,2.28,15:24,159,109.6
1812,2.28,15:57,160,109.6
1813,2.28,15:24,160,109.6
1814,2.28,16:09,160,109.6
1815,2.28,15:46,160,109.6
1816,2.28,15:24,161,109.6
1817,2.28,14:44,161,109.6
1818,2.28,15:24,161,109.6
1819,2.28,15:57,161,109.6
1820,2.28,16:45,160,109.6
1821,2.29,16:21,159,109.6
1822,2.29,16:09,159,109.6
1823,2.29,15:04,158,109.6
1824,2.29,14:07,158,109.6
1825,2.29,13:01,158,109.6
1826,2.29,13:01,158,109.6
1827,2.29,13:08,157,109.6
1828,2.3,12:53,159,109.6
1829,2.3,12:25,159,109.6
1830,2.3,12:11,159,110.2
1831,2.3,12:32,160,110.2
1832,2.3,12:46,160,110.2
1833,2.3,13:01,160,110.2
1834,2.3,13:08,160,110.2
1835,2.3,14:34,160,110.2
1836,2.3,14:54,159,110.2
1837,2.31,15:24,159,110.9
1838,2.31,15:14,159,110.9
1839,2.31,15:35,160,110.9
1840,2.31,14:25,160,110.9
1841,2.31,12:53,160,110.9
1842,2.31,11:52,159,110.9
1843,2.31,12:25,160,110.9
1844,2.32,12:04,160,110.9
1845,2.32,12:11,159,110.9
1846,2.32,12:32,159,111.5
1847,2.32,12:39,159,111.5
1848,2.32,12:04,160,111.5
1849,2.32,12:18,161,111.5
1850,2.32,12:25,161,111.5
1851,2.32,12:53,162,111.5
1852,2.33,13:08,162,111.5
1853,2.33,13:08,163,112.2
1854,2.33,13:32,164,112.2
1855,2.33,13:58,164,112.2
1856,2.33,14:44,164,112.2
1857,2.33,15:24,165,112.2
1858,2.33,15:46,165,112.2
1859,2.33,15:04,165,112.2
1860,2.33,14:16,164,112.2
1861,2.34,13:16,165,112.2
1862,2.34,12:18,164,112.2
1863,2.34,12:11,164,112.2
1864,2.34,12:25,165,112.2
1865,2.34,13:16,165,112.2
1866,2.34,13:58,165,112.2
1867,2.34,14:54,165,112.2
1868,2.34,15:24,166,112.2
1869,2.35,15:46,165,112.2
1870,2.35,14:16,164,112.9
1871,2.35,13:49,163,112.9
1872,2.35,13:01,163,112.9
1873,2.35,12:46,163,113.5
1874,2.35,13:16,162,113.5
1875,2.35,13:58,161,113.5
1876,2.35,14:07,161,113.5
1877,2.36,15:35,162,113.5
1878,2.36,15:35,163,114.2
1879,2.36,14:44,163,114.2
1880,2.36,14:54,163,114.8
1881,2.36,14:34,164,114.8
1882,2.36,13:58,164,115.5
1883,2.36,14:07,164,115.5
1884,2.36,14:25,164,116.1
1885,2.36,14:07,165,116.1
1886,2.37,14:54,165,116.8
1887,2.37,14:54,165,116.8
1888,2.37,14:16,165,117.5
1889,2.37,14:25,165,118.1
1890,2.37,14:54,166,118.1
1891,2.37,14:44,166,118.8
1892,2.37,15:24,166,118.8
1893,2.37,15:46,166,119.4
1894,2.37,14:25,166,119.4
1895,2.38,14:07,167,120.1
1896,2.38,14:25,168,120.1
1897,2.38,14:16,168,120.1
1898,2.38,14:44,168,120.1
1899,2.38,15:35,168,120.7
1900,2.38,15:46,168,120.7
1901,2.38,14:54,168,120.7
1902,2.38,14:25,168,120.7
1903,2.39,13:24,169,120.7
1904,2.39,12:53,169,121.4
1905,2.39,12:39,169,121.4
1906,2.39,12:53,169,121.4
1907,2.39,12:25,169,121.4
1908,2.39,12:46,169,121.4
1909,2.39,12:46,169,121.4
1910,2.39,12:25,169,120.7
1911,2.4,11:52,169,120.7
1912,2.4,12:04,169,120.1
1913,2.4,11:58,168,119.4
1914,2.4,10:59,168,118.8
1915,2.4,11:16,168,118.8
1916,2.4,11:33,168,118.8
1917,2.4,11:05,168,118.8
1918,2.41,10:54,168,118.1
1919,2.41,12:18,167,118.1
1920,2.41,11:58,167,117.5
1921,2.41,12:11,167,117.5
1922,2.41,13:16,167,116.8
1923,2.41,13:24,168,116.8
1924,2.41,13:08,169,116.8
1925,2.42,13:16,168,116.1
1926,2.42,12:18,169,116.1
1927,2.42,11:52,169,115.5
1928,2.42,11:52,168,115.5
1929,2.42,11:33,168,114.8
1930,2.42,11:16,168,114.8
1931,2.42,11:33,167,114.2
1932,2.43,11:39,167,114.2
1933,2.43,11:27,166,113.5
1934,2.43,11:58,166,112.9
1935,2.43,12:46,167,112.9
1936,2.43,12:32,167,112.2
1937,2.43,12:04,167,111.5
1938,2.43,12:32,167,111.5
1939,2.43,12:25,167,110.9
1940,2.44,12:04,166,110.9
1941,2.44,13:01,166,110.9
1942,2.44,13:24,166,110.9
1943,2.44,13:32,166,110.9
1944,2.44,13:32,166,110.9
1945,2.44,14:16,166,110.9
1946,2.44,13:16,167,110.9
1947,2.44,13:08,166,110.9
1948,2.45,13:08,167,110.9
1949,2.45,12:46,167,110.9
1950,2.45,11:45,167,110.9
1951,2.45,12:04,167,110.2
1952,2.45,12:39,167,110.2
1953,2.45,12:39,166,110.9
1954,2.45,12:53,166,110.9
1955,2.46,13:08,166,110.9
1956,2.46,13:32,166,110.9
1957,2.46,13:16,167,111.5
1958,2.46,13:49,167,110.9
1959,2.46,14:16,169,110.9
1960,2.46,14:44,167,111.5
1961,2.46,15:24,165,111.5
1962,2.46,15:14,165,111.5
1963,2.46,15:04,166,112.2
1964,2.47,15:04,166,112.2
1965,2.47,14:44,166,112.2
1966,2.47,13:58,166,112.2
1967,2.47,14:07,166,112.2
1968,2.47,13:08,166,112.9
1969,2.47,12:46,167,112.9
1970,2.47,13:01,167,112.9
1971,2.47,12:32,168,112.9
1972,2.48,12:25,167,112.9
1973,2.48,13:01,167,112.9
1974,2.48,13:08,167,112.9
1975,2.48,13:16,167,112.9
1976,2.48,13:32,167,112.9
1977,2.48,13:41,165,112.9
1978,2.48,13:32,166,112.9
1979,2.48,13:24,166,113.5
1980,2.49,13:16,166,113.5
1981,2.49,13:08,166,113.5
1982,2.49,12:11,166,113.5
1983,2.49,11:45,166,113.5
1984,2.49,11:58,166,113.5
1985,2.49,12:04,166,114.2
1986,2.49,12:32,166,114.2
1987,2.49,13:24,165,114.8
1988,2.5,14:25,165,114.8
1989,2.5,14:25,165,114.8
1990,2.5,14:25,165,114.8
1991,2.5,15:04,165,114.8
1992,2.5,15:24,164,114.8
1993,2.5,15:04,164,115.5
1994,2.5,15:24,163,116.1
1995,2.5,15:57,163,116.1
1996,2.5,15:24,162,116.1
1997,2.51,15:46,162,116.1
1998,2.51,16:45,162,116.1
1999,2.51,18:07,164,116.8
2000,2.51,18:37,164,116.8
2001,2.51,19:09,164,117.5
2002,2.51,19:09,164,117.5
2003,2.51,18:22,164,117.5
2004,2.51,16:21,163,117.5
2005,2.51,15:04,163,117.5
2006,2.51,14:25,163,117.5
2007,2.52,14:34,163,117.5
2008,2.52,14:34,163,117.5
2009,2.52,15:14,162,117.5
2010,2.52,15:14,162,118.1
2011,2.52,16:21,162,118.1
2012,2.52,15:46,163,118.8
2013,2.52,16:45,163,118.8
2014,2.52,15:35,161,118.8
2015,2.52,15:46,161,118.8
2016,2.53,15:04,161,118.8
2017,2.53,15:46,160,118.8
2018,2.53,14:25,160,118.8
2019,2.53,14:44,160,118.8
2020,2.53,15:14,160,118.8
2021,2.53,14:44,159,118.8
2022,2.53,14:16,159,118.8
2023,2.53,13:58,158,118.8
2024,2.53,13:41,156,118.8
2025,2.54,13:24,155,118.1
2026,2.54,13:24,154,118.1
2027,2.54,13:16,154,118.1
2028,2.54,14:25,153,118.1
2029,2.54,15:35,154,118.8
2030,2.54,16:33,153,118.8
2031,2.54,17:52,153,118.8
2032,2.54,18:22,152,118.8
2033,2.54,17:11,152,118.8
2034,2.54,17:25,151,118.8
2035,2.55,17:11,151,118.8
2036,2.55,16:09,150,118.8
2037,2.55,15:35,150,118.8
2038,2.55,15:14,150,118.8
2039,2.55,14:44,149,118.8
2040,2.55,13:58,148,118.8
2041,2.55,13:32,148,118.8
2042,2.55,13:41,147,118.8
2043,2.56,14:07,147,118.8
2044,2.56,13:41,146,118.8
2045,2.56,14:16,146,118.8
2046,2.56,16:45,145,118.8
2047,2.56,16:45,145,118.8
2048,2.56,17:11,145,118.8
2049,2.56,18:07,144,119.4
2050,2.56,16:45,144,119.4
2051,2.56,13:41,143,120.1
2052,2.57,13:01,142,120.1
2053,2.57,12:46,141,120.1
2054,2.57,12:46,140,120.1
2055,2.57,14:07,141,120.1
2056,2.57,16:33,140,120.7
2057,2.57,17:38,139,120.7
2058,2.57,17:38,140,120.7
2059,2.57,16:58,140,120.7
2060,2.57,16:45,139,120.7
2061,2.57,16:33,139,120.7
2062,2.57,18:37,139,120.7
2063,2.58,21:37,139,120.1
2064,2.58,24:50,139,120.1
2065,2.58,23:56,138,120.1
2066,2.58,22:21,139,120.1
2067,2.58,19:26,138,120.7
2068,2.58,16:33,139,120.7
2069,2.58,14:25,139,121.4
2070,2.58,12:32,139,121.4
2071,2.58,11:58,138,121.4
2072,2.59,11:27,137,121.4
2073,2.59,11:39,137,121.4
2074,2.59,12:18,137,121.4
2075,2.59,13:58,136,120.7
2076,2.59,15:35,137,120.7
2077,2.59,17:38,136,120.7
2078,2.59,18:37,137,120.7
2079,2.59,18:53,137,120.1
2080,2.59,20:37,136,120.7
2081,2.59,20:37,136,120.7
2082,2.6,18:53,135,120.7
2083,2.6,19:09,135,121.4
2084,2.6,20:01,135,121.4
2085,2.6,19:09,134,122.0
2086,2.6,17:52,134,122.0
2087,2.6,17:38,134,122.0
2088,2.6,16:45,134,121.4
2089,2.6,15:46,135,121.4
2090,2.6,14:34,135,121.4
2091,2.6,14:16,135,121.4
2092,2.61,14:16,136,121.4
2093,2.61,14:07,135,122.0
2094,2.61,14:44,135,122.0
2095,2.61,15:14,135,122.0
2096,2.61,17:52,134,122.0
2097,2.61,20:57,133,122.0
2098,2.61,21:17,133,122.0
2099,2.61,21:17,131,121.4
2100,2.61,18:37,131,122.0
2101,2.61,16:33,131,121.4
2102,2.62,14:54,132,121.4
2103,2.62,13:32,132,120.7
2104,2.62,12:11,133,120.7
2105,2.62,12:18,133,120.7
2106,2.62,11:33,135,120.7
2107,2.62,10:43,136,120.7
2108,2.62,10:59,136,120.7
2109,2.63,11:39,136,120.7
2110,2.63,11:33,138,120.7
2111,2.63,11:10,137,120.7
2112,2.63,12:04,137,120.7
2113,2.63,12:39,138,121.4
2114,2.63,13:16,139,121.4
2115,2.63,14:25,139,121.4
2116,2.63,15:24,140,121.4
2117,2.64,15:04,141,120.7
2118,2.64,14:54,141,120.7
2119,2.64,14:16,141,120.7
2120,2.64,14:44,141,120.7
2121,2.64,15:35,141,120.7
2122,2.64,15:35,142,120.7
2123,2.64,15:14,142,120.7
2124,2.64,14:34,144,120.7
2125,2.64,14:16,145,120.7
2126,2.65,13:24,145,120.7
2127,2.65,13:08,145,120.7
2128,2.65,13:32,147,120.7
2129,2.65,13:32,146,120.7
2130,2.65,13:16,146,121.4
2131,2.65,13:49,147,121.4
2132,2.65,13:58,148,121.4
2133,2.65,14:07,149,121.4
2134,2.66,13:58,150,121.4
2135,2.66,13:16,150,121.4
2136,2.66,12:39,150,121.4
2137,2.66,12:25,151,122.0
2138,2.66,11:21,151,122.0
2139,2.66,11:16,152,122.0
2140,2.66,11:27,153,122.7
2141,2.67,11:33,153,122.7
2142,2.67,11:33,154,122.7
2143,2.67,12:18,154,123.4
2144,2.67,12:18,155,123.4
2145,2.67,12:39,155,123.4
2146,2.67,13:08,156,123.4
2147,2.67,13:24,156,123.4
2148,2.67,13:16,156,124.0
2149,2.68,14:25,157,124.0
2150,2.68,14:54,158,124.0
2151,2.68,14:54,159,124.0
2152,2.68,14:54,159,124.0
2153,2.68,14:25,160,124.0
2154,2.68,13:49,160,124.7
2155,2.68,13:01,160,124.7
2156,2.68,13:01,160,124.7
2157,2.69,13:16,161,124.7
2158,2.69,13:01,161,125.3
2159,2.69,12:18,161,125.3
2160,2.69,12:32,161,125.3
2161,2.69,12:04,162,125.3
2162,2.69,12:18,161,125.3
2163,2.69,13:24,161,125.3
2164,2.69,14:34,161,126.0
2165,2.7,15:14,161,126.0
2166,2.7,15:35,162,126.0
2167,2.7,14:44,162,126.6
2168,2.7,14:16,162,126.6
2169,2.7,13:58,162,126.6
2170,2.7,13:24,162,126.6
2171,2.7,13:58,162,126.6
2172,2.7,14:07,163,126.6
2173,2.7,14:34,163,126.6
2174,2.71,14:54,164,127.3
2175,2.71,15:24,163,127.3
2176,2.71,14:44,164,127.3
2177,2.71,14:54,163,127.3
2178,2.71,14:54,165,128.0
2179,2.71,15:24,164,128.0
2180,2.71,14:54,164,128.0
2181,2.71,15:24,163,128.0
2182,2.71,15:46,163,128.0
2183,2.72,15:14,164,128.0
2184,2.72,14:44,163,128.0
2185,2.72,14:25,164,128.0
2186,2.72,14:25,164,128.0
2187,2.72,14:34,165,128.0
2188,2.72,14:54,165,128.6
2189,2.72,14:54,165,128.6
2190,2.72,15:57,165,128.6
2191,2.73,14:34,166,128.6
2192,2.73,14:07,166,129.3
2193,2.73,13:41,166,129.3
2194,2.73,12:18,166,129.3
2195,2.73,11:16,166,129.3
2196,2.73,11:39,165,129.3
2197,2.73,11:39,166,129.3
2198,2.73,11:39,165,129.9
2199,2.74,12:46,165,129.9
2200,2.74,13:01,166,129.9
2201,2.74,13:08,165,129.9
2202,2.74,13:01,166,130.6
2203,2.74,13:01,165,130.6
2204,2.74,13:16,166,130.6
2205,2.74,13:49,166,130.6
2206,2.74,14:07,165,130.6
2207,2.75,14:07,165,130.6
2208,2.75,14:16,165,131.2
2209,2.75,13:49,164,131.2
2210,2.75,13:58,164,131.2
2211,2.75,13:41,164,131.2
2212,2.75,13:49,164,131.2
2213,2.75,14:16,164,131.2
2214,2.75,14:07,165,131.9
2215,2.76,14:16,165,131.9
2216,2.76,15:14,165,131.9
2217,2.76,15:46,164,131.9
2218,2.76,15:46,163,131.9
2219,2.76,16:45,163,131.9
2220,2.76,16:09,164,131.9
2221,2.76,15:14,164,131.9
2222,2.76,14:25,164,131.9
2223,2.76,14:16,164,131.9
2224,2.77,13:24,164,131.9
2225,2.77,14:07,164,131.9
2226,2.77,14:16,164,131.9
2227,2.77,15:14,165,131.9
2228,2.77,15:24,165,132.5
2229,2.77,15:24,166,132.5
2230,2.77,14:25,167,132.5
2231,2.77,14:34,166,132.5
2232,2.77,13:32,168,132.5
2233,2.78,13:16,168,132.5
2234,2.78,13:49,168,132.5
2235,2.78,14:44,167,132.5
2236,2.78,14:34,167,131.9
2237,2.78,15:57,166,131.9
2238,2.78,15:57,166,131.9
2239,2.78,15:04,166,131.9
2240,2.78,14:34,166,132.5
2241,2.78,14:16,167,132.5
2242,2.79,13:41,167,132.5
2243,2.79,14:07,166,132.5
2244,2.79,14:25,167,132.5
2245,2.79,14:07,167,132.5
2246,2.79,14:34,166,132.5
2247,2.79,15:24,166,132.5
2248,2.79,14:54,166,133.2
2249,2.79,14:44,167,133.2
2250,2.79,14:44,166,133.2
2251,2.8,14:07,166,133.2
2252,2.8,12:46,166,133.2
2253,2.8,13:16,166,133.2
2254,2.8,13:01,165,133.2
2255,2.8,12:39,165,133.2
2256,2.8,12:18,164,133.2
2257,2.8,13:16,165,133.2
2258,2.8,13:16,166,133.2
2259,2.81,13:32,166,133.2
2260,2.81,13:58,166,133.2
2261,2.81,13:58,166,133.9
2262,2.81,12:25,166,133.9
2263,2.81,11:33,166,133.9
2264,2.81,11:33,166,133.9
2265,2.81,11:16,166,133.9
2266,2.82,11:16,166,133.9
2267,2.82,12:25,166,133.9
2268,2.82,12:53,167,133.9
2269,2.82,13:41,167,134.5
2270,2.82,14:25,167,134.5
2271,2.82,15:14,167,134.5
2272,2.82,15:04,167,134.5
2273,2.82,15:04,168,134.5
2274,2.83,14:16,168,134.5
2275,2.83,14:25,168,134.5
2276,2.83,14:25,168,134.5
2277,2.83,14:16,167,133.9
2278,2.83,13:58,167,133.9
2279,2.83,13:41,167,133.9
2280,2.83,13:01,167,133.9
2281,2.83,12:25,167,134.5
2282,2.84,12:04,168,134.5
2283,2.84,12:25,168,134.5
2284,2.84,12:18,169,134.5
2285,2.84,12:11,170,135.2
2286,2.84,12:18,168,135.2
2287,2.84,13:16,168,135.2
2288,2.84,13:58,169,135.2
2289,2.84,13:41,170,135.2
2290,2.85,13:41,169,135.2
2291,2.85,13:41,169,135.2
2292,2.85,12:53,169,135.2
2293,2.85,12:46,169,135.2
2294,2.85,13:49,169,135.2
2295,2.85,14:54,169,135.8
2296,2.85,15:24,170,135.8
2297,2.85,15:57,169,135.8
2298,2.86,14:25,168,135.8
2299,2.86,13:32,168,135.8
2300,2.86,13:41,168,135.8
2301,2.86,13:41,170,135.8
2302,2.86,12:39,171,136.5
2303,2.86,12:39,169,136.5
2304,2.86,12:39,169,136.5
2305,2.86,11:39,169,136.5
2306,2.87,11:27,170,137.1
2307,2.87,12:04,170,137.1
2308,2.87,12:25,170,137.8
2309,2.87,12:39,169,137.8
2310,2.87,13:24,169,138.5
2311,2.87,13:49,169,139.1
2312,2.87,13:58,169,139.1
2313,2.87,13:49,171,139.8
2314,2.88,13:58,171,140.4
2315,2.88,14:34,170,140.4
2316,2.88,14:34,170,141.1
2317,2.88,14:16,170,141.1
2318,2.88,14:07,171,141.1
2319,2.88,14:25,170,141.1
2320,2.88,13:49,170,140.4
2321,2.88,13:32,170,140.4
2322,2.89,13:32,171,139.8
2323,2.89,13:24,170,139.8
2324,2.89,12:32,169,139.1
2325,2.89,11:52,169,139.1
2326,2.89,11:21,169,138.5
2327,2.89,11:27,169,138.5
2328,2.89,11:52,169,138.5
2329,2.9,11:27,169,137.8
2330,2.9,11:52,169,137.8
2331,2.9,12:39,170,137.8
2332,2.9,13:01,169,137.8
2333,2.9,13:32,168,137.8
2334,2.9,15:24,169,137.8
2335,2.9,16:09,168,137.8
2336,2.9,16:09,169,137.8
2337,2.9,14:54,169,137.8
2338,2.91,13:58,170,137.1
2339,2.91,13:32,170,137.1
2340,2.91,13:24,171,137.1
2341,2.91,12:39,171,137.1
2342,2.91,12:39,171,137.1
2343,2.91,12:46,172,137.1
2344,2.91,12:18,171,136.5
2345,2.91,11:58,171,136.5
2346,2.92,12:04,171,136.5
2347,2.92,12:04,171,136.5
2348,2.92,12:39,172,135.8
2349,2.92,13:58,172,135.8
2350,2.92,13:58,171,135.8
2351,2.92,15:04,171,135.8
2352,2.92,15:46,171,135.8
2353,2.92,15:57,171,135.8
2354,2.92,16:21,172,135.8
2355,2.93,15:14,171,135.8
2356,2.93,13:58,170,135.8
2357,2.93,13:08,171,135.8
2358,2.93,12:18,171,135.2
2359,2.93,11:10,172,135.2
2360,2.93,11:45,171,135.8
2361,2.94,11:33,171,135.8
2362,2.94,11:52,170,135.8
2363,2.94,11:52,171,135.8
2364,2.94,11:52,171,135.8
2365,2.94,12:04,172,135.8
2366,2.94,13:01,171,135.8
2367,2.94,13:58,170,135.8
2368,2.94,14:34,170,135.8
2369,2.94,15:14,171,135.8
2370,2.95,14:25,170,135.8
2371,2.95,13:49,170,135.8
2372,2.95,13:01,170,135.8
2373,2.95,12:11,170,135.8
2374,2.95,11:52,170,135.8
2375,2.95,12:25,170,135.8
2376,2.95,11:52,171,135.8
2377,2.96,11:33,171,135.8
2378,2.96,11:45,170,135.8
2379,2.96,12:04,170,135.8
2380,2.96,11:45,170,136.5
2381,2.96,12:46,170,136.5
2382,2.96,12:46,170,136.5
2383,2.96,12:11,170,136.5
2384,2.97,11:52,169,136.5
2385,2.97,11:45,170,136.5
2386,2.97,11:10,169,136.5
2387,2.97,12:11,171,137.1
2388,2.97,13:41,170,137.1
2389,2.97,14:07,170,137.1
2390,2.97,14:54,171,137.1
2391,2.97,15:35,171,137.1
2392,2.98,14:07,171,137.1
2393,2.98,13:08,171,137.8
2394,2.98,13:32,171,137.8
2395,2.98,14:16,170,137.8
2396,2.98,14:34,170,137.8
2397,2.98,14:44,170,137.8
2398,2.98,14:25,170,137.8
2399,2.98,14:44,169,137.8
2400,2.98,12:53,170,137.8
2401,2.99,11:39,170,137.8
2402,2.99,11:39,171,137.8
2403,2.99,12:04,171,137.8
2404,2.99,11:27,169,138.5
2405,2.99,11:52,169,138.5
2406,2.99,12:53,169,138.5
2407,2.99,13:32,169,138.5
2408,3.0,13:32,170,138.5
2409,3.0,13:58,169,138.5
2410,3.0,15:04,169,138.5
2411,3.0,14:25,170,138.5
2412,3.0,14:25,170,139.1
2413,3.0,13:24,169,139.1
2414,3.0,12:53,169,139.1
2415,3.0,11:45,169,139.1
2416,3.01,12:32,169,139.1
2417,3.01,12:25,169,139.8
2418,3.01,14:25,169,139.8
2419,3.01,16:21,169,140.4
2420,3.01,21:17,169,140.4
2421,3.01,24:23,169,140.4
2422,3.01,27:56,169,141.1
2423,3.01,26:49,169,141.1
2424,3.01,27:56,169,141.1
2425,3.01,21:37,169,141.1
2426,3.01,18:22,168,140.4
2427,3.01,16:45,168,140.4
2428,3.02,16:09,169,140.4
2429,3.02,14:25,169,140.4
2430,3.02,14:54,169,140.4
2431,3.02,15:35,168,140.4
2432,3.02,16:58,168,140.4
2433,3.02,16:45,168,140.4
2434,3.02,18:37,168,140.4
2435,3.02,19:26,168,140.4
2436,3.02,18:37,168,140.4
2437,3.02,16:58,167,140.4
2438,3.03,18:37,167,139.8
2439,3.03,17:25,167,139.8
2440,3.03,17:38,167,140.4
2441,3.03,18:22,166,140.4
2442,3.03,19:09,166,140.4
2443,3.03,17:25,166,140.4
2444,3.03,16:21,167,140.4
2445,3.03,14:54,164,140.4
2446,3.03,14:44,164,140.4
2447,3.03,14:44,164,141.1
2448,3.04,14:54,164,141.1
2449,3.04,15:35,163,141.1
2450,3.04,16:45,163,141.1
2451,3.04,17:11,162,141.1
2452,3.04,17:38,161,141.1
2453,3.04,16:58,161,141.1
2454,3.04,16:45,160,141.1
2455,3.04,17:11,158,141.1
2456,3.04,15:57,158,141.1
2457,3.04,15:04,158,141.1
2458,3.05,15:04,158,140.4
2459,3.05,14:54,158,140.4
2460,3.05,13:41,157,140.4
2461,3.05,14:34,156,141.1
2462,3.05,15:14,155,141.1
2463,3.05,16:45,154,141.7
2464,3.05,18:22,153,141.7
2465,3.05,19:43,154,142.4
2466,3.05,19:43,154,141.7
2467,3.05,20:01,153,141.7
2468,3.06,18:22,153,141.7
2469,3.06,16:45,152,141.7
2470,3.06,15:57,153,141.7
2471,3.06,15:24,152,141.7
2472,3.06,14:25,152,142.4
2473,3.06,14:16,151,142.4
2474,3.06,13:58,151,142.4
2475,3.06,14:07,150,142.4
2476,3.06,14:16,150,141.7
2477,3.07,14:54,148,141.7
2478,3.07,15:14,147,141.7
2479,3.07,15:14,147,141.7
2480,3.07,15:35,146,142.4
2481,3.07,15:04,145,142.4
2482,3.07,14:34,144,142.4
2483,3.07,13:58,144,143.0
2484,3.07,13:49,143,143.0
2485,3.08,13:16,142,143.0
2486,3.08,13:41,142,143.0
2487,3.08,14:25,142,143.0
2488,3.08,15:04,142,142.4
2489,3.08,14:25,142,142.4
2490,3.08,14:25,142,142.4
2491,3.08,13:41,141,142.4
2492,3.08,13:24,140,141.7
2493,3.08,13:24,141,142.4
2494,3.09,13:32,141,142.4
2495,3.09,14:07,142,142.4
2496,3.09,15:35,142,143.0
2497,3.09,15:04,142,143.0
2498,3.09,14:54,143,143.7
2499,3.09,16:21,143,143.7
2500,3.09,16:09,143,143.7
2501,3.09,14:44,142,143.7
2502,3.09,14:54,143,143.7
2503,3.1,15:35,143,143.0
2504,3.1,16:21,143,143.0
2505,3.1,15:24,142,143.0
2506,3.1,15:57,142,143.0
2507,3.1,14:16,141,143.7
2508,3.1,13:32,141,143.7
2509,3.1,13:01,141,143.7
2510,3.1,13:58,141,143.7
2511,3.1,14:44,140,143.7
2512,3.11,17:25,139,143.7
2513,3.11,20:37,139,143.7
2514,3.11,22:21,140,143.7
2515,3.11,21:17,140,143.7
2516,3.11,20:57,140,143.7
2517,3.11,19:09,140,143.7
2518,3.11,16:45,140,144.4
2519,3.11,15:35,139,144.4
2520,3.11,16:21,139,144.4
2521,3.11,15:35,139,144.4
2522,3.11,15:46,139,144.4
2523,3.12,15:24,139,144.4
2524,3.12,16:09,139,143.7
2525,3.12,16:21,139,143.7
2526,3.12,16:45,138,143.7
2527,3.12,17:52,138,143.7
2528,3.12,20:01,139,143.7
2529,3.12,20:19,137,144.4
2530,3.12,18:37,137,144.4
2531,3.12,17:38,136,144.4
2532,3.12,16:45,136,144.4
2533,3.13,16:33,136,143.7
2534,3.13,14:44,135,143.7
2535,3.13,14:16,136,143.7
2536,3.13,13:49,137,143.7
2537,3.13,13:24,138,143.7
2538,3.13,11:58,138,143.7
2539,3.13,11:39,138,143.0
2540,3.13,12:04,137,143.0
2541,3.14,13:01,138,143.0
2542,3.14,13:16,138,143.0
2543,3.14,14:07,138,143.7
2544,3.14,14:44,139,143.7
2545,3.14,14:54,139,143.7
2546,3.14,14:25,141,143.7
2547,3.14,14:34,142,143.7
2548,3.14,14:54,142,144.4
2549,3.14,15:46,143,144.4
2550,3.15,14:54,144,144.4
2551,3.15,14:44,144,144.4
2552,3.15,14:44,145,143.7
2553,3.15,14:44,145,143.7
2554,3.15,14:16,145,143.7
2555,3.15,14:25,147,143.7
2556,3.15,14:34,147,143.7
2557,3.15,14:07,147,143.7
2558,3.16,12:39,148,143.7
2559,3.16,12:32,149,143.7
2560,3.16,13:08,150,143.7
2561,3.16,12:39,151,143.7
2562,3.16,13:16,152,143.7
2563,3.16,14:54,152,143.7
2564,3.16,15:35,153,144.4
2565,3.16,14:34,154,144.4
2566,3.17,14:34,154,144.4
2567,3.17,14:07,155,144.4
2568,3.17,13:24,155,144.4
2569,3.17,12:53,156,144.4
2570,3.17,13:24,156,144.4
2571,3.17,13:49,156,144.4
2572,3.17,14:25,157,144.4
2573,3.17,15:04,158,144.4
2574,3.17,15:35,158,144.4
2575,3.18,15:46,158,144.4
2576,3.18,15:46,159,144.4
2577,3.18,14:34,159,144.4
2578,3.18,14:07,159,144.4
2579,3.18,13:58,159,144.4
2580,3.18,13:49,160,144.4
2581,3.18,13:58,160,144.4
2582,3.18,14:07,161,144.4
2583,3.19,14:07,161,144.4
2584,3.19,14:34,161,144.4
2585,3.19,14:54,161,145.0
2586,3.19,15:04,162,145.0
2587,3.19,15:14,162,145.0
2588,3.19,14:54,162,145.0
2589,3.19,13:32,162,145.0
2590,3.19,12:53,162,145.0
2591,3.19,12:18,162,145.0
2592,3.2,11:58,162,145.0
2593,3.2,11:58,163,145.0
2594,3.2,12:46,163,145.0
2595,3.2,13:16,162,145.0
2596,3.2,13:58,162,145.7
2597,3.2,14:16,162,145.7
2598,3.2,14:44,162,145.7
2599,3.2,13:41,162,145.7
2600,3.21,13:49,161,145.7
2601,3.21,13:49,161,145.7
2602,3.21,13:58,161,145.7
2603,3.21,13:49,161,145.7
2604,3.21,14:54,161,145.7
2605,3.21,13:58,162,145.7
2606,3.21,14:07,161,146.3
2607,3.21,13:58,161,146.3
2608,3.22,13:41,161,146.3
2609,3.22,13:41,161,146.3
2610,3.22,13:49,160,146.3
2611,3.22,13:24,160,146.3
2612,3.22,13:32,160,146.3
2613,3.22,13:58,160,146.3
2614,3.22,13:08,160,146.3
2615,3.22,14:34,162,147.0
2616,3.22,14:16,162,147.0
2617,3.23,13:49,163,147.0
2618,3.23,13:58,163,147.0
2619,3.23,14:34,164,147.0
2620,3.23,13:16,164,147.0
2621,3.23,13:58,164,147.0
2622,3.23,14:07,164,147.6
2623,3.23,14:25,164,147.6
2624,3.23,14:44,166,147.6
2625,3.24,15:35,166,147.6
2626,3.24,14:54,165,147.6
2627,3.24,15:24,165,147.6
2628,3.24,14:44,165,147.6
2629,3.24,14:16,166,148.3
2630,3.24,14:44,166,148.3
2631,3.24,14:44,166,148.3
2632,3.24,12:39,166,148.3
2633,3.25,12:46,167,148.3
2634,3.25,13:16,166,148.3
2635,3.25,12:53,167,148.3
2636,3.25,13:24,166,148.3
2637,3.25,15:24,166,149.0
2638,3.25,16:21,165,149.0
2639,3.25,16:21,165,149.6
2640,3.25,16:45,166,149.6
2641,3.25,16:33,166,149.6
2642,3.25,16:21,166,149.6
2643,3.26,15:24,166,149.6
2644,3.26,14:54,165,150.3
2645,3.26,13:16,166,150.3
2646,3.26,13:08,165,150.3
2647,3.26,13:24,165,150.3
2648,3.26,13:24,164,150.3
2649,3.26,13:32,164,150.3
2650,3.26,14:07,164,150.3
2651,3.27,13:49,164,150.3
2652,3.27,14:16,164,150.9
2653,3.27,13:49,165,150.9
2654,3.27,13:41,164,150.9
2655,3.27,14:54,164,150.9
2656,3.27,15:24,164,150.9
2657,3.27,15:04,164,150.9
2658,3.27,15:57,165,150.9
2659,3.27,14:25,164,150.9
2660,3.28,12:46,165,151.6
2661,3.28,11:58,165,151.6
2662,3.28,12:04,165,151.6
2663,3.28,11:52,165,151.6
2664,3.28,12:32,165,151.6
2665,3.28,13:08,165,151.6
2666,3.28,13:58,166,151.6
2667,3.29,12:53,166,152.2
2668,3.29,12:46,167,152.2
2669,3.29,13:16,167,152.2
2670,3.29,12:39,167,152.2
2671,3.29,12:53,167,152.2
2672,3.29,14:07,167,152.2
2673,3.29,14:34,168,152.2
2674,3.29,15:14,167,152.9
2675,3.29,17:11,167,152.9
2676,3.3,17:25,168,152.9
2677,3.3,16:33,168,152.9
2678,3.3,15:35,169,152.9
2679,3.3,15:14,168,152.9
2680,3.3,14:25,168,152.9
2681,3.3,13:49,168,152.9
2682,3.3,13:41,168,153.5
2683,3.3,14:16,169,153.5
2684,3.3,13:32,169,153.5
2685,3.31,13:58,168,153.5
2686,3.31,14:34,167,153.5
2687,3.31,15:46,168,153.5
2688,3.31,15:35,169,153.5
2689,3.31,15:14,169,153.5
2690,3.31,14:07,169,153.5
2691,3.31,12:32,169,153.5
2692,3.32,11:33,168,153.5
2693,3.32,11:21,168,153.5
2694,3.32,11:52,168,153.5
2695,3.32,12:18,168,154.2
2696,3.32,13:08,168,154.2
2697,3.32,13:41,168,154.2
2698,3.32,14:16,167,154.2
2699,3.32,14:25,167,154.2
2700,3.32,14:16,167,154.9
2701,3.33,14:07,168,154.9
2702,3.33,14:34,168,154.9
2703,3.33,14:34,167,154.9
2704,3.33,14:16,168,154.9
2705,3.33,14:34,167,154.9
2706,3.33,14:07,170,154.9
2707,3.33,13:16,169,154.9
2708,3.33,13:08,169,154.9
2709,3.34,13:24,169,154.9
2710,3.34,12:46,168,154.9
2711,3.34,13:01,168,154.9
2712,3.34,12:53,170,155.5
2713,3.34,12:18,169,155.5
2714,3.34,11:45,169,155.5
2715,3.34,12:25,169,155.5
2716,3.34,12:32,170,155.5
2717,3.35,12:46,169,155.5
2718,3.35,12:32,169,155.5
2719,3.35,12:32,169,155.5
2720,3.35,12:18,169,155.5
2721,3.35,12:32,169,155.5
2722,3.35,12:53,169,156.2
2723,3.35,14:25,169,156.2
2724,3.35,14:54,169,156.2
2725,3.36,15:35,170,156.2
2726,3.36,15:35,170,156.2
2727,3.36,15:46,170,156.2
2728,3.36,13:49,170,156.2
2729,3.36,13:24,169,156.2
2730,3.36,13:16,168,156.2
2731,3.36,13:24,170,156.2
2732,3.36,13:08,169,156.2
2733,3.37,14:34,168,156.2
2734,3.37,15:14,168,156.2
2735,3.37,15:57,168,156.2
2736,3.37,15:57,169,156.2
2737,3.37,15:14,169,156.2
2738,3.37,14:54,168,156.2
2739,3.37,15:04,168,156.8
2740,3.37,13:41,167,156.8
2741,3.37,13:16,168,156.8
2742,3.38,13:49,167,156.8
2743,3.38,12:53,168,156.8
2744,3.38,12:39,169,157.5
2745,3.38,12:53,169,157.5
2746,3.38,12:04,169,157.5
2747,3.38,12:25,169,157.5
2748,3.38,13:08,169,157.5
2749,3.38,13:16,171,157.5
2750,3.39,13:49,169,157.5
2751,3.39,15:57,168,157.5
2752,3.39,15:46,168,157.5
2753,3.39,15:57,169,157.5
2754,3.39,16:45,170,157.5
2755,3.39,15:57,170,157.5
2756,3.39,14:54,170,158.1
2757,3.39,15:46,168,158.1
2758,3.39,16:21,169,158.1
2759,3.39,15:35,169,158.1
2760,3.4,15:04,169,158.1
2761,3.4,15:57,169,158.1
2762,3.4,15:35,168,158.8
2763,3.4,14:54,169,158.8
2764,3.4,15:14,169,158.8
2765,3.4,14:44,168,158.8
2766,3.4,14:34,169,158.8
2767,3.4,13:16,169,158.8
2768,3.41,12:25,167,158.8
2769,3.41,11:52,168,159.4
2770,3.41,12:32,168,159.4
2771,3.41,12:18,169,159.4
2772,3.41,12:53,169,159.4
2773,3.41,13:32,170,160.1
2774,3.41,13:58,170,160.1
2775,3.41,13:58,170,160.1
2776,3.42,13:49,170,160.1
2777,3.42,13:24,170,160.1
2778,3.42,13:24,170,160.8
2779,3.42,12:11,170,160.8
2780,3.42,11:39,171,160.8
2781,3.42,12:04,170,160.8
2782,3.42,12:53,170,161.4
2783,3.42,13:41,170,161.4
2784,3.43,15:35,170,161.4
2785,3.43,17:11,170,162.1
2786,3.43,17:25,171,162.1
2787,3.43,17:25,170,162.1
2788,3.43,16:45,171,162.1
2789,3.43,15:14,171,162.1
2790,3.43,14:44,172,162.1
2791,3.43,13:49,171,162.1
2792,3.43,13:32,170,162.1
2793,3.44,13:32,172,162.7
2794,3.44,14:25,172,162.7
2795,3.44,14:34,171,162.7
2796,3.44,15:24,171,163.4
2797,3.44,15:14,173,163.4
2798,3.44,15:24,171,163.4
2799,3.44,15:14,171,163.4
2800,3.44,16:09,172,164.0
2801,3.44,15:57,171,164.0
2802,3.45,15:57,171,164.0
2803,3.45,16:21,171,164.0
2804,3.45,18:07,171,164.0
2805,3.45,17:25,171,164.7
2806,3.45,17:11,170,164.7
2807,3.45,16:09,171,165.4
2808,3.45,15:14,171,165.4
2809,3.45,13:49,171,165.4
2810,3.45,13:24,170,165.4
2811,3.46,13:16,170,166.0
2812,3.46,13:16,172,166.0
2813,3.46,13:01,172,166.0
2814,3.46,12:11,171,166.0
2815,3.46,11:39,171,166.7
2816,3.46,11:45,171,166.7
2817,3.46,12:25,172,166.7
2818,3.46,13:16,172,166.7
2819,3.47,14:25,171,167.3
2820,3.47,15:57,172,167.3
2821,3.47,15:57,172,167.3
2822,3.47,15:46,171,167.3
2823,3.47,14:54,171,168.0
2824,3.47,14:25,170,168.0
2825,3.47,13:41,171,168.6
2826,3.47,12:53,171,168.6
2827,3.48,12:04,171,168.6
2828,3.48,12:11,171,169.3
2829,3.48,13:16,172,169.3
2830,3.48,14:16,172,169.3
2831,3.48,15:24,171,169.3
2832,3.48,17:11,172,169.3
2833,3.48,17:52,173,169.3
2834,3.48,16:45,172,169.9
2835,3.48,16:09,171,169.9
2836,3.48,16:45,171,169.9
2837,3.49,15:46,172,170.6
2838,3.49,14:34,172,170.6
2839,3.49,14:16,171,170.6
2840,3.49,13:58,169,171.3
2841,3.49,13:16,171,171.3
2842,3.49,13:24,171,171.3
2843,3.49,13:49,171,171.9
2844,3.49,14:07,171,171.9
2845,3.5,13:49,171,171.9
2846,3.5,13:58,172,171.9
2847,3.5,13:49,172,171.9
2848,3.5,13:58,172,171.9
2849,3.5,14:07,172,172.6
2850,3.5,13:58,174,172.6
2851,3.5,13:24,173,173.2
2852,3.5,13:16,173,173.2
2853,3.51,13:58,174,173.2
2854,3.51,13:49,174,173.9
2855,3.51,14:54,173,173.9
2856,3.51,15:46,173,173.9
2857,3.51,15:14,174,173.9
2858,3.51,14:16,174,173.9
2859,3.51,14:44,174,173.9
2860,3.51,14:16,174,173.9
2861,3.51,13:16,175,173.9
2862,3.52,13:58,174,173.9
2863,3.52,14:44,173,174.5
2864,3.52,14:07,173,174.5
2865,3.52,13:32,174,174.5
2866,3.52,13:58,173,174.5
2867,3.52,14:07,172,174.5
2868,3.52,13:41,173,174.5
2869,3.52,14:44,173,174.5
2870,3.52,15:35,173,175.2
2871,3.53,15:57,173,175.2
2872,3.53,16:45,173,175.2
2873,3.53,18:37,172,175.2
2874,3.53,18:37,173,175.2
2875,3.53,20:57,172,175.2
2876,3.53,23:07,172,175.2
2877,3.53,23:07,172,175.9
2878,3.53,20:57,171,175.9
2879,3.53,20:57,171,175.9
2880,3.53,20:01,171,176.5
2881,3.53,20:01,171,175.9
2882,3.53,20:37,171,175.9
2883,3.54,20:19,170,175.9
2884,3.54,18:22,170,175.9
2885,3.54,17:38,171,175.9
2886,3.54,18:07,171,175.9
2887,3.54,19:43,171,175.9
2888,3.54,22:21,171,175.9
2889,3.54,25:47,170,175.9
2890,3.54,25:18,170,175.9
2891,3.54,23:07,171,175.9
2892,3.54,21:17,170,175.9
2893,3.54,19:26,171,175.9
2894,3.54,17:25,170,175.9
2895,3.55,18:07,170,175.9
2896,3.55,20:19,170,176.5
2897,3.55,19:43,169,176.5
2898,3.55,19:43,168,176.5
2899,3.55,22:21,167,176.5
2900,3.55,23:07,167,176.5
2901,3.55,20:57,165,176.5
2902,3.55,23:56,164,176.5
2903,3.55,25:18,163,176.5
2904,3.55,21:59,163,177.2
2905,3.55,21:37,163,177.2
2906,3.55,23:56,163,177.2
2907,3.55,24:50,163,177.2
2908,3.55,24:23,162,177.2
2909,3.55,29:09,162,176.5
2910,3.56,29:09,161,177.2
2911,3.56,23:56,161,177.2
2912,3.56,20:01,161,177.2
2913,3.56,18:37,161,177.2
2914,3.56,17:11,161,177.8
2915,3.56,16:09,160,177.8
2916,3.56,16:58,161,177.8
2917,3.56,18:53,161,177.8
2918,3.56,18:53,161,177.2
2919,3.56,16:45,161,177.2
2920,3.57,16:58,161,177.2
2921,3.57,17:52,160,177.2
2922,3.57,16:33,160,177.2
2923,3.57,18:22,160,177.2
2924,3.57,21:37,160,177.2
2925,3.57,20:57,159,176.5
2926,3.57,18:53,159,176.5
2927,3.57,17:11,159,176.5
2928,3.57,16:09,158,176.5
2929,3.57,15:46,158,176.5
2930,3.57,16:09,159,176.5
2931,3.58,17:38,158,176.5
2932,3.58,20:57,158,176.5
2933,3.58,23:56,157,176.5
2934,3.58,26:49,157,176.5
2935,3.58,24:23,156,176.5
2936,3.58,21:17,156,176.5
2937,3.58,18:37,156,176.5
2938,3.58,16:45,156,176.5
2939,3.58,15:35,155,176.5
2940,3.58,15:24,155,177.2
2941,3.58,15:57,155,177.2
2942,3.59,15:46,155,177.2
2943,3.59,15:57,154,177.8
2944,3.59,17:38,155,177.8
2945,3.59,19:09,155,177.8
2946,3.59,19:09,155,177.2
2947,3.59,21:37,154,177.2
2948,3.59,24:23,155,177.2
2949,3.59,20:57,153,177.8
2950,3.59,21:17,153,177.8
2951,3.59,20:37,153,177.8
2952,3.59,16:21,152,178.5
2953,3.6,14:25,152,179.1
2954,3.6,14:44,152,179.1
2955,3.6,14:54,151,179.1
2956,3.6,15:14,150,179.1
2957,3.6,18:37,150,179.1
2958,3.6,21:59,148,179.8
2959,3.6,21:37,148,179.8
2960,3.6,18:53,146,179.8
2961,3.6,19:43,146,179.8
2962,3.6,18:53,145,179.8
2963,3.6,16:09,146,179.8
2964,3.61,16:21,146,179.8
2965,3.61,17:38,147,179.8
2966,3.61,15:57,146,180.4
2967,3.61,16:09,147,180.4
2968,3.61,17:11,146,181.1
2969,3.61,16:45,145,181.1
2970,3.61,16:45,144,181.1
2971,3.61,18:37,144,181.1
2972,3.61,17:38,144,181.1
2973,3.61,17:11,144,181.1
2974,3.62,18:07,144,181.1
2975,3.62,19:09,144,181.8
2976,3.62,19:09,144,181.8
2977,3.62,19:26,144,182.4
2978,3.62,18:37,143,182.4
2979,3.62,18:07,143,182.4
2980,3.62,16:45,142,182.4
2981,3.62,15:57,141,182.4
2982,3.62,16:45,141,183.1
2983,3.62,17:52,141,183.1
2984,3.62,18:22,141,183.1
2985,3.63,19:26,141,183.1
2986,3.63,20:01,140,183.1
2987,3.63,17:38,140,183.1
2988,3.63,18:22,141,183.1
2989,3.63,17:11,141,183.1
2990,3.63,17:11,142,183.1
2991,3.63,15:57,142,183.7
2992,3.63,16:21,142,183.7
2993,3.63,14:34,142,183.7
2994,3.63,14:54,141,183.7
2995,3.64,14:44,141,183.7
2996,3.64,16:33,141,183.7
2997,3.64,17:38,142,184.4
2998,3.64,18:53,143,184.4
2999,3.64,20:37,144,185.0
3000,3.64,21:17,144,185.0
3001,3.64,20:37,143,185.0
3002,3.64,17:52,142,185.0
3003,3.64,17:11,142,185.0
3004,3.64,15:46,142,185.0
3005,3.64,15:57,142,185.0
3006,3.65,15:24,141,185.0
3007,3.65,17:52,141,185.0
3008,3.65,19:09,141,185.7
3009,3.65,21:59,141,185.7
3010,3.65,21:59,139,185.7
3011,3.65,20:37,139,185.7
3012,3.65,20:57,139,185.7
3013,3.65,20:57,139,186.4
3014,3.65,17:38,138,186.4
3015,3.65,16:33,137,186.4
3016,3.65,20:01,137,186.4
3017,3.65,21:17,138,186.4
3018,3.66,22:21,138,186.4
3019,3.66,22:21,139,187.0
3020,3.66,22:43,139,187.0
3021,3.66,17:52,139,186.4
3022,3.66,16:09,139,186.4
3023,3.66,15:46,139,187.0
3024,3.66,18:53,139,186.4
3025,3.66,20:19,139,187.0
3026,3.66,25:18,139,187.0
3027,3.66,29:09,138,187.0
3028,3.66,31:11,138,187.0
3029,3.66,26:49,137,187.0
3030,3.67,22:43,137,187.0
3031,3.67,21:37,137,187.0
3032,3.67,20:19,137,187.0
3033,3.67,21:17,136,187.0
3034,3.67,22:43,136,187.0
3035,3.67,24:23,136,187.7
3036,3.67,22:21,136,187.7
3037,3.67,20:37,136,187.7
3038,3.67,18:37,136,187.7
3039,3.67,17:38,136,187.7
3040,3.67,22:21,136,187.0
3041,3.67,23:56,136,187.0
3042,3.67,23:31,135,186.4
3043,3.68,22:21,136,185.7
3044,3.68,20:57,136,185.7
3045,3.68,16:21,136,185.7
3046,3.68,14:34,138,185.7
3047,3.68,14:07,139,185.7
3048,3.68,14:07,139,185.7
3049,3.68,13:08,139,185.0
3050,3.68,13:08,139,185.0
3051,3.69,12:46,139,185.0
3052,3.69,12:46,139,185.0
3053,3.69,12:32,139,185.0
3054,3.69,13:16,139,185.0
3055,3.69,12:46,140,185.0
3056,3.69,13:16,140,185.0
3057,3.69,13:58,140,185.0
3058,3.69,13:41,140,185.0
3059,3.7,13:08,140,185.0
3060,3.7,12:53,141,185.0
3061,3.7,12:39,141,184.4
3062,3.7,12:32,142,184.4
3063,3.7,12:53,143,184.4
3064,3.7,13:08,144,183.7
3065,3.7,13:49,145,183.7
3066,3.7,13:41,145,183.7
3067,3.71,12:53,147,183.7
3068,3.71,13:16,147,183.7
3069,3.71,12:39,150,183.7
3070,3.71,12:39,150,183.7
3071,3.71,13:08,151,183.1
3072,3.71,12:46,151,183.1
3073,3.71,11:58,151,183.1
3074,3.71,12:32,150,183.1
3075,3.72,11:45,150,182.4
3076,3.72,11:52,147,182.4
3077,3.72,12:32,147,182.4
3078,3.72,12:53,147,182.4
3079,3.72,12:25,147,182.4
3080,3.72,13:08,146,181.8
3081,3.72,12:32,143,181.8
3082,3.73,12:25,143,181.8
3083,3.73,12:18,142,181.8
3084,3.73,11:58,141,181.1
3085,3.73,11:39,136,181.1
3086,3.73,12:32,135,181.1
3087,3.73,12:39,135,181.1
3088,3.73,12:39,136,181.1
3089,3.73,13:58,136,181.1
3090,3.74,14:25,136,181.1
3091,3.74,13:41,136,181.1
3092,3.74,14:25,136,181.1
3093,3.74,14:25,136,181.1
3094,3.74,14:54,136,180.4
3095,3.74,14:16,136,180.4
3096,3.74,13:41,136,180.4
3097,3.74,12:25,137,179.8
3098,3.75,12:11,136,179.8
3099,3.75,11:21,137,179.8
3100,3.75,11:58,137,179.8
3101,3.75,12:32,137,179.8
3102,3.75,13:01,137,179.8
3103,3.75,12:46,137,179.8
3104,3.75,13:32,138,179.1
3105,3.75,13:49,138,179.1
3106,3.76,13:58,139,179.1
3107,3.76,14:34,139,179.1
3108,3.76,15:04,140,179.1
3109,3.76,14:44,140,179.1
3110,3.76,14:54,140,179.1
3111,3.76,15:04,141,179.1
3112,3.76,14:44,142,179.1
3113,3.76,14:54,142,179.1
3114,3.76,15:14,144,178.5
3115,3.77,15:04,145,178.5
3116,3.77,15:14,147,178.5
3117,3.77,15:24,149,178.5
3118,3.77,15:46,152,178.5
3119,3.77,14:16,154,177.8
3120,3.77,13:32,155,177.8
3121,3.77,12:53,157,177.8
3122,3.77,12:11,158,177.8
3123,3.78,11:58,158,177.8
3124,3.78,13:32,158,177.8
3125,3.78,14:25,158,177.8
3126,3.78,15:57,158,177.8
3127,3.78,16:58,158,177.8
3128,3.78,17:25,158,177.8
3129,3.78,16:45,158,177.8
3130,3.78,16:33,157,177.8
3131,3.78,15:46,156,177.8
3132,3.78,15:46,156,177.8
3133,3.79,15:35,156,177.2
3134,3.79,15:04,157,177.2
3135,3.79,14:54,158,177.2
3136,3.79,14:54,158,177.2
3137,3.79,14:44,159,177.2
3138,3.79,14:16,158,177.2
3139,3.79,13:41,158,177.2
3140,3.79,13:16,158,177.2
3141,3.8,13:24,158,177.2
3142,3.8,13:41,158,176.5
3143,3.8,14:25,157,176.5
3144,3.8,15:14,155,176.5
3145,3.8,14:34,156,176.5
3146,3.8,13:49,156,176.5
3147,3.8,13:16,157,176.5
3148,3.8,12:46,158,176.5
3149,3.81,12:39,158,176.5
3150,3.81,13:32,158,176.5
3151,3.81,13:32,159,176.5
3152,3.81,14:25,159,176.5
3153,3.81,14:54,159,176.5
3154,3.81,14:16,159,176.5
3155,3.81,13:32,159,176.5
3156,3.81,13:08,159,176.5
3157,3.82,12:46,159,175.9
3158,3.82,12:53,159,175.9
3159,3.82,13:49,159,175.9
3160,3.82,14:34,160,175.9
3161,3.82,16:09,160,175.9
3162,3.82,16:33,161,175.9
3163,3.82,16:09,161,175.9
3164,3.82,15:04,162,175.9
3165,3.82,14:25,162,175.9
3166,3.83,13:41,162,175.9
3167,3.83,12:46,163,175.9
3168,3.83,13:08,163,175.9
3169,3.83,13:32,162,175.9
3170,3.83,14:16,162,175.9
3171,3.83,14:25,163,175.9
3172,3.83,14:54,163,175.9
3173,3.83,14:34,163,175.2
3174,3.83,13:16,163,175.2
3175,3.84,12:04,162,175.2
3176,3.84,11:33,163,174.5
3177,3.84,10:48,163,174.5
3178,3.84,10:23,162,174.5
3179,3.84,10:48,162,173.9
3180,3.84,11:16,162,173.9
3181,3.85,11:45,162,173.9
3182,3.85,12:53,162,173.9
3183,3.85,13:01,162,173.2
3184,3.85,13:24,163,173.2
3185,3.85,13:16,161,173.2
3186,3.85,12:46,163,173.2
3187,3.85,12:32,162,172.6
3188,3.85,13:16,163,172.6
3189,3.86,13:08,162,172.6
3190,3.86,14:07,162,172.6
3191,3.86,14:34,162,172.6
3192,3.86,15:14,163,172.6
3193,3.86,14:25,162,172.6
3194,3.86,14:34,162,172.6
3195,3.86,14:34,162,171.9
3196,3.86,15:24,163,171.9
3197,3.86,13:49,162,171.9
3198,3.87,13:49,162,171.9
3199,3.87,13:49,162,171.9
3200,3.87,13:01,162,171.9
3201,3.87,12:18,162,171.9
3202,3.87,13:01,162,171.3
3203,3.87,13:01,161,171.3
3204,3.87,13:01,161,171.3
3205,3.87,13:24,161,171.3
3206,3.88,13:01,161,171.3
3207,3.88,13:01,162,170.6
3208,3.88,12:39,162,170.6
3209,3.88,13:01,162,170.6
3210,3.88,13:01,162,170.6
3211,3.88,13:24,162,169.9
3212,3.88,13:16,162,169.9
3213,3.88,14:07,162,169.9
3214,3.89,13:01,162,169.3
3215,3.89,12:53,162,169.3
3216,3.89,13:24,163,169.3
3217,3.89,13:01,162,168.6
3218,3.89,12:25,162,168.6
3219,3.89,12:46,163,168.6
3220,3.89,12:11,163,168.6
3221,3.9,11:45,163,168.6
3222,3.9,12:04,163,168.6
3223,3.9,11:45,164,168.6
3224,3.9,11:45,165,168.6
3225,3.9,12:11,164,168.0
3226,3.9,12:11,165,168.0
3227,3.9,12:04,165,168.0
3228,3.9,13:32,165,168.0
3229,3.91,13:49,165,168.0
3230,3.91,14:07,166,168.0
3231,3.91,15:14,164,167.3
3232,3.91,15:46,164,167.3
3233,3.91,14:54,164,167.3
3234,3.91,14:34,164,167.3
3235,3.91,14:54,165,167.3
3236,3.91,13:08,165,166.7
3237,3.92,12:46,165,166.7
3238,3.92,12:32,164,166.7
3239,3.92,12:53,164,166.7
3240,3.92,13:08,164,166.7
3241,3.92,13:58,164,166.0
3242,3.92,14:25,164,166.0
3243,3.92,15:35,165,166.0
3244,3.92,13:49,166,166.0
3245,3.93,12:18,166,166.0
3246,3.93,11:58,165,166.0
3247,3.93,11:52,166,165.4
3248,3.93,10:59,166,165.4
3249,3.93,11:39,166,165.4
3250,3.93,11:58,164,165.4
3251,3.93,11:58,166,165.4
3252,3.94,11:58,165,165.4
3253,3.94,12:25,166,165.4
3254,3.94,12:18,166,164.7
3255,3.94,12:53,165,164.7
3256,3.94,13:49,165,164.7
3257,3.94,13:49,165,164.7
3258,3.94,13:58,165,164.7
3259,3.94,15:14,165,164.7
3260,3.94,15:24,164,164.7
3261,3.95,14:44,164,164.7
3262,3.95,14:34,163,164.7
3263,3.95,14:07,165,164.0
3264,3.95,13:49,164,164.0
3265,3.95,13:58,164,164.0
3266,3.95,13:49,164,163.4
3267,3.95,14:16,164,163.4
3268,3.95,14:16,164,163.4
3269,3.96,13:49,165,163.4
3270,3.96,13:08,164,163.4
3271,3.96,13:24,165,162.7
3272,3.96,13:16,165,162.7
3273,3.96,13:49,165,162.7
3274,3.96,14:25,165,162.7
3275,3.96,15:04,165,162.7
3276,3.96,15:14,166,162.7
3277,3.96,15:24,165,162.1
3278,3.97,15:04,165,162.1
3279,3.97,14:25,166,162.1
3280,3.97,14:25,166,162.1
3281,3.97,13:58,165,162.1
3282,3.97,14:07,166,161.4
3283,3.97,14:34,165,162.1
3284,3.97,13:32,164,162.1
3285,3.97,12:46,163,161.4
3286,3.98,12:18,164,161.4
3287,3.98,12:04,164,161.4
3288,3.98,11:45,163,161.4
3289,3.98,11:58,165,161.4
3290,3.98,11:52,164,161.4
3291,3.98,12:18,164,161.4
3292,3.98,11:58,164,161.4
3293,3.99,11:52,164,160.8
3294,3.99,12:32,165,160.8
3295,3.99,13:08,165,160.8
3296,3.99,13:24,165,160.8
3297,3.99,13:16,166,160.8
3298,3.99,13:24,166,160.8
3299,3.99,12:46,167,160.8
3300,3.99,13:08,167,160.8
3301,4.0,12:32,167,160.8
3302,4.0,12:11,166,160.8
3303,4.0,12:04,166,160.8
3304,4.0,12:32,166,160.8
3305,4.0,12:04,166,160.8
3306,4.0,13:08,166,160.8
3307,4.0,14:07,167,160.8
3308,4.0,14:07,167,160.8
3309,4.01,14:54,167,160.1
3310,4.01,15:04,167,160.1
3311,4.01,14:25,167,160.1
3312,4.01,13:58,168,160.1
3313,4.01,14:07,168,160.1
3314,4.01,13:58,167,160.1
3315,4.01,13:58,167,160.1
3316,4.01,13:16,168,160.1
3317,4.02,13:08,167,160.1
3318,4.02,12:39,168,160.1
3319,4.02,11:58,168,160.1
3320,4.02,11:58,167,160.1
3321,4.02,12:18,167,160.1
3322,4.02,12:46,166,160.1
3323,4.02,13:16,167,160.1
3324,4.02,13:24,167,160.1
3325,4.03,13:32,166,160.1
3326,4.03,13:24,167,159.4
3327,4.03,13:24,168,159.4
3328,4.03,13:08,167,159.4
3329,4.03,13:24,168,159.4
3330,4.03,13:24,167,159.4
3331,4.03,13:58,168,159.4
3332,4.03,13:32,167,159.4
3333,4.04,13:58,168,159.4
3334,4.04,14:16,168,159.4
3335,4.04,14:07,168,159.4
3336,4.04,13:49,168,159.4
3337,4.04,14:54,167,159.4
3338,4.04,14:54,168,159.4
3339,4.04,15:14,168,159.4
3340,4.04,15:04,169,159.4
3341,4.05,14:25,169,159.4
3342,4.05,13:58,168,159.4
3343,4.05,14:07,168,159.4
3344,4.05,13:08,168,158.8
3345,4.05,13:08,167,158.8
3346,4.05,13:41,168,158.8
3347,4.05,13:08,168,158.8
3348,4.05,11:52,169,158.8
3349,4.06,11:58,169,158.8
3350,4.06,11:21,169,158.8
3351,4.06,11:16,169,158.8
3352,4.06,11:27,169,158.8
3353,4.06,12:46,169,158.8
3354,4.06,12:32,169,158.8
3355,4.06,13:08,169,158.1
3356,4.07,12:46,170,158.1
3357,4.07,12:46,170,158.1
3358,4.07,12:39,170,158.1
3359,4.07,13:32,170,158.1
3360,4.07,14:16,170,158.1
3361,4.07,15:04,170,158.1
3362,4.07,14:25,171,157.5
3363,4.07,13:24,170,157.5
3364,4.07,12:32,170,157.5
3365,4.08,12:11,170,157.5
3366,4.08,11:58,170,157.5
3367,4.08,12:32,171,157.5
3368,4.08,13:24,171,157.5
3369,4.08,14:25,170,157.5
3370,4.08,14:44,171,156.8
3371,4.08,14:44,170,156.8
3372,4.08,14:16,170,156.8
3373,4.09,13:58,170,156.8
3374,4.09,13:08,171,156.8
3375,4.09,13:01,170,156.8
3376,4.09,13:24,170,156.8
3377,4.09,14:25,169,156.8
3378,4.09,13:41,168,156.2
3379,4.09,13:24,169,156.2
3380,4.09,12:39,168,156.2
3381,4.1,12:39,168,156.2
3382,4.1,11:58,169,156.2
3383,4.1,12:18,169,156.2
3384,4.1,12:39,168,156.2
3385,4.1,12:46,169,156.2
3386,4.1,11:45,169,156.2
3387,4.1,11:39,169,155.5
3388,4.11,11:10,170,155.5
3389,4.11,11:16,170,155.5
3390,4.11,12:04,170,155.5
3391,4.11,12:18,171,154.9
3392,4.11,13:08,171,154.9
3393,4.11,16:21,170,154.9
3394,4.11,17:25,170,154.9
3395,4.11,16:58,170,154.9
3396,4.11,19:09,170,154.9
3397,4.12,18:07,170,154.9
3398,4.12,14:44,172,154.2
3399,4.12,13:49,171,154.2
3400,4.12,12:46,171,154.2
3401,4.12,12:04,171,154.2
3402,4.12,11:33,172,154.2
3403,4.12,11:16,171,153.5
3404,4.13,10:48,170,153.5
3405,4.13,11:21,171,153.5
3406,4.13,11:21,170,153.5
3407,4.13,11:58,171,153.5
3408,4.13,12:53,171,152.9
3409,4.13,13:01,171,152.9
3410,4.13,13:08,171,152.9
3411,4.13,13:16,170,152.9
3412,4.14,13:01,170,152.9
3413,4.14,12:32,170,152.9
3414,4.14,13:24,171,152.2
3415,4.14,12:53,171,152.2
3416,4.14,13:01,170,152.2
3417,4.14,13:24,170,152.2
3418,4.14,13:24,170,152.2
3419,4.14,13:08,170,152.2
3420,4.15,12:46,170,152.2
3421,4.15,12:32,171,151.6
3422,4.15,12:39,170,151.6
3423,4.15,12:53,170,151.6
3424,4.15,12:46,171,151.6
3425,4.15,13:16,171,151.6
3426,4.15,13:16,171,152.2
3427,4.16,12:53,169,152.2
3428,4.16,12:53,169,152.2
3429,4.16,13:08,169,152.2
3430,4.16,13:32,171,152.2
3431,4.16,14:07,170,152.2
3432,4.16,13:58,170,152.2
3433,4.16,13:49,170,152.2
3434,4.16,13:08,170,152.2
3435,4.17,12:46,170,152.2
3436,4.17,12:25,169,152.2
3437,4.17,12:18,169,152.2
3438,4.17,12:11,171,152.2
3439,4.17,12:32,171,152.2
3440,4.17,12:11,170,151.6
3441,4.17,12:11,169,151.6
3442,4.17,12:53,170,151.6
3443,4.18,12:53,170,151.6
3444,4.18,12:39,169,151.6
3445,4.18,13:08,169,151.6
3446,4.18,12:39,169,151.6
3447,4.18,11:52,170,151.6
3448,4.18,11:45,169,151.6
3449,4.18,11:39,169,151.6
3450,4.19,11:27,169,151.6
3451,4.19,11:45,170,151.6
3452,4.19,11:58,169,151.6
3453,4.19,12:18,169,151.6
3454,4.19,12:53,169,151.6
3455,4.19,14:34,169,150.9
3456,4.19,14:54,171,151.6
3457,4.19,14:25,170,151.6
3458,4.2,14:44,170,151.6
3459,4.2,13:58,170,151.6
3460,4.2,12:32,170,151.6
3461,4.2,12:39,172,151.6
3462,4.2,13:08,171,151.6
3463,4.2,13:01,171,151.6
3464,4.2,13:49,171,150.9
3465,4.2,14:34,172,150.9
3466,4.2,14:44,171,150.9
3467,4.21,14:16,171,150.9
3468,4.21,13:32,171,150.9
3469,4.21,12:53,173,150.9
3470,4.21,12:53,172,150.9
3471,4.21,13:01,172,150.9
3472,4.21,13:01,171,150.9
3473,4.21,13:32,173,150.9
3474,4.22,13:49,172,150.3
3475,4.22,12:53,172,150.3
3476,4.22,12:25,172,150.3
3477,4.22,11:58,171,150.9
3478,4.22,12:04,173,150.9
3479,4.22,11:45,173,150.9
3480,4.22,12:53,172,150.9
3481,4.22,13:32,172,150.9
3482,4.23,13:49,172,150.3
3483,4.23,13:24,173,150.3
3484,4.23,14:16,172,150.3
3485,4.23,13:16,171,150.3
3486,4.23,12:32,171,150.3
3487,4.23,13:16,173,150.3
3488,4.23,13:08,173,150.3
3489,4.23,12:32,172,150.3
3490,4.24,12:53,173,149.6
3491,4.24,13:32,173,149.6
3492,4.24,13:08,173,149.6
3493,4.24,13:41,172,149.6
3494,4.24,14:07,172,149.6
3495,4.24,13:32,174,149.6
3496,4.24,13:08,174,149.6
3497,4.24,13:49,172,149.6
3498,4.25,14:16,173,149.6
3499,4.25,14:34,174,149.0
3500,4.25,15:04,174,149.0
3501,4.25,14:34,174,149.0
3502,4.25,14:44,174,149.0
3503,4.25,14:07,174,149.0
3504,4.25,13:58,173,148.3
3505,4.25,13:49,172,148.3
3506,4.25,14:16,172,148.3
3507,4.26,13:49,173,148.3
3508,4.26,13:32,173,148.3
3509,4.26,13:58,172,148.3
3510,4.26,14:54,173,148.3
3511,4.26,14:54,173,148.3
3512,4.26,13:58,173,148.3
3513,4.26,14:25,173,148.3
3514,4.26,13:08,173,148.3
3515,4.27,11:52,173,148.3
3516,4.27,11:27,172,148.3
3517,4.27,11:21,172,148.3
3518,4.27,11:05,172,148.3
3519,4.27,11:33,172,148.3
3520,4.27,12:11,172,148.3
3521,4.27,12:39,172,147.6
3522,4.28,13:32,172,147.6
3523,4.28,13:49,172,147.6
3524,4.28,13:32,173,147.6
3525,4.28,12:39,172,147.6
3526,4.28,12:25,173,147.6
3527,4.28,11:45,174,148.3
3528,4.28,11:33,174,148.3
3529,4.29,11:33,173,148.3
3530,4.29,11:39,173,148.3
3531,4.29,11:45,173,148.3
3532,4.29,12:18,172,148.3
3533,4.29,12:11,172,147.6
3534,4.29,11:52,173,147.6
3535,4.29,12:32,175,147.6
3536,4.29,12:25,173,147.6
3537,4.3,12:18,175,147.6
3538,4.3,12:32,174,147.6
3539,4.3,13:08,173,147.6
3540,4.3,13:24,173,147.6
3541,4.3,14:07,172,147.6
3542,4.3,14:07,174,147.0
3543,4.3,13:49,174,147.0
3544,4.3,13:24,173,147.0
3545,4.31,12:32,173,147.0
3546,4.31,11:58,174,147.0
3547,4.31,11:58,173,147.0
3548,4.31,12:46,173,147.0
3549,4.31,13:08,174,147.0
3550,4.31,14:25,174,147.0
3551,4.31,14:34,173,147.0
3552,4.31,14:44,174,147.0
3553,4.32,14:25,174,147.0
3554,4.32,14:25,174,147.0
3555,4.32,13:32,174,147.0
3556,4.32,13:32,173,147.0
3557,4.32,13:24,173,147.0
3558,4.32,13:32,173,147.0
3559,4.32,13:24,173,147.0
3560,4.32,13:41,172,147.0
3561,4.33,14:16,173,147.0
3562,4.33,14:44,173,147.0
3563,4.33,14:16,172,147.0
3564,4.33,14:34,172,147.0
3565,4.33,14:34,174,147.0
3566,4.33,14:25,173,147.0
3567,4.33,14:44,173,147.0
3568,4.33,14:16,174,147.0
3569,4.33,14:16,174,147.0
3570,4.34,14:25,173,147.0
3571,4.34,13:58,174,147.0
3572,4.34,12:46,173,147.0
3573,4.34,13:01,172,147.0
3574,4.34,12:18,174,147.0
3575,4.34,12:39,175,147.0
3576,4.34,12:25,173,146.3
3577,4.35,12:46,173,146.3
3578,4.35,12:32,174,146.3
3579,4.35,13:01,173,146.3
3580,4.35,12:46,175,146.3
3581,4.35,12:46,175,146.3
3582,4.35,13:16,174,146.3
3583,4.35,13:08,174,146.3
3584,4.35,13:24,174,146.3
3585,4.36,12:18,173,146.3
3586,4.36,12:25,174,146.3
3587,4.36,12:11,174,146.3
3588,4.36,13:01,174,146.3
3589,4.36,12:32,173,146.3
3590,4.36,13:08,174,146.3
3591,4.36,13:01,174,146.3
3592,4.36,13:01,174,145.7
3593,4.37,12:39,175,145.7
3594,4.37,13:01,174,145.7
3595,4.37,14:07,173,145.7
3596,4.37,14:25,174,145.7
3597,4.37,14:16,173,145.7
3598,4.37,15:24,172,145.7
3599,4.37,15:04,172,145.7
3600,4.37,13:01,173,145.7
3601,4.38,13:24,173,145.7
3602,4.38,13:41,174,145.7
3603,4.38,12:18,174,145.7
3604,4.38,12:53,174,145.7
3605,4.38,14:44,174,146.3
3606,4.38,14:25,173,146.3
3607,4.38,14:07,174,146.3
3608,4.38,15:14,174,145.7
3609,4.38,15:46,173,145.7
3610,4.39,15:46,173,145.7
3611,4.39,17:11,173,145.7
3612,4.39,18:22,173,145.7
3613,4.39,20:37,174,145.7
3614,4.39,20:57,174,145.7
3615,4.39,19:43,174,145.7
3616,4.39,17:38,174,145.7
3617,4.39,18:22,174,145.7
3618,4.39,16:21,173,145.7
3619,4.39,15:04,173,145.7
3620,4.39,15:35,173,145.0
3621,4.4,17:25,173,145.0
3622,4.4,17:52,173,145.0
3623,4.4,20:37,172,145.0
3624,4.4,25:47,171,145.0
3625,4.4,25:47,172,144.4
3626,4.4,24:50,170,144.4
3627,4.4,25:47,169,144.4
3628,4.4,24:50,169,144.4
3629,4.4,22:21,168,144.4
3630,4.4,23:07,169,144.4
3631,4.4,23:07,168,144.4
3632,4.4,19:26,172,145.0
3633,4.4,19:43,171,145.0
3634,4.41,16:33,171,144.4
3635,4.41,16:09,171,144.4
3636,4.41,15:57,169,143.7
3637,4.41,20:37,167,143.7
3638,4.41,21:17,167,143.0
3639,4.41,23:56,166,143.0
3640,4.41,22:43,165,143.0
3641,4.41,25:18,165,143.0
3642,4.41,18:37,165,142.4
3643,4.41,17:38,164,142.4
3644,4.41,21:59,164,142.4
3645,4.41,22:21,163,142.4
3646,4.42,19:26,164,142.4
3647,4.42,19:26,163,142.4
3648,4.42,18:53,163,142.4
3649,4.42,15:57,163,142.4
3650,4.42,14:44,162,142.4
3651,4.42,13:58,162,142.4
3652,4.42,13:49,161,142.4
3653,4.42,13:24,161,142.4
3654,4.42,14:16,161,142.4
3655,4.42,16:45,161,142.4
3656,4.43,19:09,161,142.4
3657,4.43,22:21,161,142.4
3658,4.43,20:01,161,142.4
3659,4.43,17:11,160,142.4
3660,4.43,16:09,158,141.7
3661,4.43,14:34,158,141.7
3662,4.43,13:32,158,141.7
3663,4.43,14:44,158,141.1
3664,4.43,16:09,158,141.1
3665,4.44,15:57,158,141.7
3666,4.44,17:52,158,141.7
3667,4.44,19:09,156,141.7
3668,4.44,20:57,156,141.7
3669,4.44,20:57,156,141.1
3670,4.44,21:37,156,141.1
3671,4.44,22:21,156,141.1
3672,4.44,21:37,155,141.1
3673,4.44,20:01,154,141.1
3674,4.44,20:19,155,141.1
3675,4.44,19:26,155,141.1
3676,4.44,18:37,155,141.1
3677,4.45,17:52,155,141.1
3678,4.45,19:26,154,141.1
3679,4.45,20:37,154,141.1
3680,4.45,20:57,152,141.1
3681,4.45,19:26,151,141.1
3682,4.45,17:52,150,141.1
3683,4.45,15:24,150,141.7
3684,4.45,14:07,150,141.7
3685,4.45,13:58,150,141.7
3686,4.45,15:04,149,141.7
3687,4.45,17:38,148,141.7
3688,4.46,18:07,147,141.7
3689,4.46,17:52,148,141.7
3690,4.46,18:22,148,141.7
3691,4.46,17:11,148,141.7
3692,4.46,15:35,148,142.4
3693,4.46,17:25,149,142.4
3694,4.46,18:07,150,142.4
3695,4.46,19:09,150,143.0
3696,4.46,21:17,151,143.0
3697,4.46,23:56,151,143.0
3698,4.46,21:37,151,143.0
3699,4.47,21:17,151,143.7
3700,4.47,20:37,151,143.7
3701,4.47,19:43,151,143.0
3702,4.47,20:37,151,143.0
3703,4.47,22:43,150,143.0
3704,4.47,24:50,150,143.0
3705,4.47,24:23,149,143.0
3706,4.47,22:43,150,143.0
3707,4.47,18:37,148,142.4
3708,4.47,16:45,148,142.4
3709,4.47,16:09,148,141.7
3710,4.48,15:24,148,141.7
3711,4.48,15:14,148,141.1
3712,4.48,16:21,147,141.1
3713,4.48,16:33,147,140.4
3714,4.48,16:33,146,140.4
3715,4.48,17:38,145,139.8
3716,4.48,18:37,145,139.8
3717,4.48,17:52,144,139.1
3718,4.48,18:22,145,139.1
3719,4.48,17:11,144,139.1
3720,4.49,15:24,144,139.1
3721,4.49,15:04,143,139.1
3722,4.49,15:24,143,139.1
3723,4.49,15:04,143,139.1
3724,4.49,15:24,143,138.5
3725,4.49,17:52,144,137.8
3726,4.49,19:09,143,137.8
3727,4.49,19:09,143,137.1
3728,4.49,18:37,142,137.1
3729,4.49,18:22,142,137.1
3730,4.49,16:58,142,137.1
3731,4.5,15:24,141,137.1
3732,4.5,14:16,141,137.1
3733,4.5,14:54,140,136.5
3734,4.5,15:24,139,136.5
3735,4.5,14:54,139,135.8
3736,4.5,14:54,138,135.8
3737,4.5,16:33,138,135.8
3738,4.5,16:58,138,136.5
3739,4.5,17:25,138,136.5
3740,4.5,18:22,137,136.5
3741,4.51,17:38,137,136.5
3742,4.51,15:46,137,136.5
3743,4.51,14:16,138,136.5
3744,4.51,13:41,138,136.5
3745,4.51,13:08,137,135.8
3746,4.51,13:24,138,135.8
3747,4.51,13:32,138,135.8
3748,4.52,13:58,139,135.2
3749,4.52,13:16,139,135.2
3750,4.52,12:25,139,135.2
3751,4.52,12:04,139,134.5
3752,4.52,11:52,140,134.5
3753,4.52,10:54,141,134.5
3754,4.52,10:33,142,134.5
3755,4.53,10:59,142,134.5
3756,4.53,11:45,142,134.5
3757,4.53,12:46,142,134.5
3758,4.53,14:16,143,134.5
3759,4.53,15:24,143,134.5
3760,4.53,14:54,143,134.5
3761,4.53,14:16,143,133.9
3762,4.53,13:16,145,133.9
3763,4.54,12:25,145,133.9
3764,4.54,12:18,146,133.9
3765,4.54,13:16,148,133.9
3766,4.54,13:24,149,133.9
3767,4.54,13:32,150,133.9
3768,4.54,13:24,151,133.9
3769,4.54,12:18,151,133.9
3770,4.54,11:21,152,133.2
3771,4.55,10:54,153,133.2
3772,4.55,10:48,153,133.2
3773,4.55,11:16,154,133.2
3774,4.55,12:46,155,133.2
3775,4.55,13:16,156,133.2
3776,4.55,13:08,157,133.2
3777,4.55,13:24,156,133.2
3778,4.56,12:46,156,132.5
3779,4.56,11:45,157,132.5
3780,4.56,11:45,157,132.5
3781,4.56,12:11,157,132.5
3782,4.56,11:58,158,132.5
3783,4.56,12:18,156,132.5
3784,4.56,12:25,155,132.5
3785,4.56,12:32,151,132.5
3786,4.57,12:25,146,132.5
3787,4.57,12:46,141,132.5
3788,4.57,13:41,142,132.5
3789,4.57,14:54,147,132.5
3790,4.57,15:14,150,132.5
3791,4.57,15:14,152,132.5
3792,4.57,15:04,153,132.5
3793,4.57,13:24,154,132.5
3794,4.58,12:46,155,132.5
3795,4.58,12:39,156,132.5
3796,4.58,12:39,157,132.5
3797,4.58,12:46,159,131.9
3798,4.58,13:32,160,131.9
3799,4.58,13:24,161,131.9
3800,4.58,13:41,162,131.9
3801,4.58,13:49,163,131.9
3802,4.59,13:41,164,131.9
3803,4.59,13:58,165,131.9
3804,4.59,13:58,165,131.2
3805,4.59,13:58,165,131.2
3806,4.59,14:25,166,131.2
3807,4.59,13:41,165,131.2
3808,4.59,12:46,166,131.2
3809,4.59,12:46,166,130.6
3810,4.6,11:45,166,130.6
3811,4.6,11:16,167,130.6
3812,4.6,11:52,167,130.6
3813,4.6,12:39,167,129.9
3814,4.6,12:46,166,129.9
3815,4.6,13:16,167,129.9
3816,4.6,13:32,167,129.9
3817,4.6,13:01,168,129.3
3818,4.61,13:01,168,129.3
3819,4.61,13:08,168,129.3
3820,4.61,12:53,167,129.3
3821,4.61,12:32,168,129.3
3822,4.61,12:18,167,129.3
3823,4.61,11:33,168,128.6
3824,4.61,11:45,168,128.6
3825,4.62,12:04,167,128.6
3826,4.62,12:46,167,128.6
3827,4.62,13:16,167,128.6
3828,4.62,14:07,167,128.6
3829,4.62,13:49,167,128.0
3830,4.62,13:58,168,128.0
3831,4.62,13:24,168,128.0
3832,4.62,13:41,168,128.0
3833,4.63,13:49,167,128.0
3834,4.63,14:07,168,128.0
3835,4.63,13:58,168,128.0
3836,4.63,14:16,168,127.3
3837,4.63,14:07,168,127.3
3838,4.63,13:49,169,127.3
3839,4.63,12:46,169,127.3
3840,4.63,13:16,169,127.3
3841,4.64,13:01,169,127.3
3842,4.64,12:39,169,127.3
3843,4.64,13:08,170,127.3
3844,4.64,13:58,170,127.3
3845,4.64,13:01,169,127.3
3846,4.64,13:08,169,127.3
3847,4.64,13:58,170,127.3
3848,4.64,13:58,170,127.3
3849,4.64,13:49,170,127.3
3850,4.65,13:58,170,126.6
3851,4.65,13:32,169,126.6
3852,4.65,12:53,169,126.6
3853,4.65,13:16,169,126.6
3854,4.65,12:53,169,126.6
3855,4.65,13:16,170,126.6
3856,4.65,13:58,169,126.6
3857,4.65,14:16,169,126.6
3858,4.66,13:08,169,126.6
3859,4.66,13:49,168,126.0
3860,4.66,13:32,169,126.0
3861,4.66,13:01,169,126.0
3862,4.66,13:01,169,126.0
3863,4.66,12:39,168,126.0
3864,4.66,12:11,168,125.3
3865,4.67,12:18,168,125.3
3866,4.67,12:18,168,125.3
3867,4.67,12:18,168,125.3
3868,4.67,12:39,168,125.3
3869,4.67,12:46,168,125.3
3870,4.67,13:01,168,125.3
3871,4.67,13:24,169,125.3
3872,4.67,13:01,169,125.3
3873,4.68,13:01,169,125.3
3874,4.68,13:49,168,125.3
3875,4.68,14:16,168,125.3
3876,4.68,15:35,168,125.3
3877,4.68,16:33,169,125.3
3878,4.68,16:33,168,125.3
3879,4.68,15:24,168,125.3
3880,4.68,13:41,169,125.3
3881,4.69,11:52,170,125.3
3882,4.69,11:27,171,125.3
3883,4.69,11:27,170,125.3
3884,4.69,11:16,169,125.3
3885,4.69,11:45,169,125.3
3886,4.69,12:25,169,125.3
3887,4.69,12:53,170,125.3
3888,4.69,12:46,169,125.3
3889,4.7,12:18,169,125.3
3890,4.7,12:18,168,125.3
3891,4.7,12:46,170,125.3
3892,4.7,12:18,170,125.3
3893,4.7,11:52,170,124.7
3894,4.7,12:11,170,124.7
3895,4.7,12:11,170,124.7
3896,4.71,11:05,170,124.0
3897,4.71,10:38,171,124.0
3898,4.71,10:33,170,124.0
3899,4.71,10:59,170,124.0
3900,4.71,10:54,170,124.0
3901,4.71,11:39,170,124.0
3902,4.71,12:32,171,124.0
3903,4.72,13:01,170,124.0
3904,4.72,12:53,170,124.0
3905,4.72,12:53,171,124.0
3906,4.72,12:18,172,124.0
3907,4.72,12:04,171,124.0
3908,4.72,12:18,171,123.4
3909,4.72,12:11,172,123.4
3910,4.73,11:52,172,123.4
3911,4.73,12:18,172,123.4
3912,4.73,11:52,173,123.4
3913,4.73,11:27,172,123.4
3914,4.73,11:33,172,123.4
3915,4.73,11:58,171,123.4
3916,4.73,11:33,172,123.4
3917,4.74,11:58,172,122.7
3918,4.74,11:45,171,122.7
3919,4.74,11:21,172,122.7
3920,4.74,11:16,173,122.7
3921,4.74,11:52,171,122.7
3922,4.74,11:58,171,122.7
3923,4.74,13:01,172,122.7
3924,4.74,12:46,171,122.7
3925,4.75,14:34,171,122.7
3926,4.75,13:41,171,122.7
3927,4.75,14:34,172,123.4
3928,4.75,15:46,171,123.4
3929,4.75,17:52,170,123.4
3930,4.75,15:57,171,123.4
3931,4.75,17:38,170,123.4
3932,4.75,16:58,171,123.4
3933,4.75,15:46,170,123.4
3934,4.75,16:09,170,123.4
3935,4.76,17:38,171,123.4
3936,4.76,16:58,171,123.4
3937,4.76,16:45,171,123.4
3938,4.76,17:52,171,123.4
3939,4.76,19:26,171,123.4
3940,4.76,19:43,171,123.4
3941,4.76,21:37,171,123.4
3942,4.76,21:37,170,123.4
3943,4.76,20:19,171,124.0
3944,4.76,16:58,171,124.0
3945,4.76,15:57,171,124.0
3946,4.77,16:09,170,124.0
3947,4.77,16:33,171,124.0
3948,4.77,17:25,170,124.0
3949,4.77,20:01,170,124.0
3950,4.77,21:59,169,124.0
3951,4.77,21:59,169,124.0
3952,4.77,22:21,170,123.4
3953,4.77,22:43,170,123.4
3954,4.77,20:57,169,123.4
3955,4.77,19:26,169,123.4
3956,4.77,17:52,168,122.7
3957,4.78,17:25,167,122.7
3958,4.78,15:57,167,122.7
3959,4.78,15:46,166,122.7
3960,4.78,15:14,166,122.7
3961,4.78,15:57,166,122.7
3962,4.78,16:58,165,122.7
3963,4.78,17:38,165,122.7
3964,4.78,18:37,166,122.7
3965,4.78,18:22,166,122.7
3966,4.78,17:25,165,122.7
3967,4.79,15:46,165,122.7
3968,4.79,14:34,165,122.0
3969,4.79,14:16,164,122.0
3970,4.79,14:07,164,122.0
3971,4.79,14:16,164,122.7
3972,4.79,15:57,163,122.7
3973,4.79,17:11,162,122.7
3974,4.79,18:07,161,122.7
3975,4.79,20:19,160,122.7
3976,4.79,18:37,160,122.7
3977,4.79,19:09,159,122.7
3978,4.8,19:43,157,122.0
3979,4.8,17:38,157,122.0
3980,4.8,16:21,157,122.0
3981,4.8,16:58,156,122.0
3982,4.8,14:54,155,122.7
3983,4.8,14:54,155,122.7
3984,4.8,16:09,155,122.7
3985,4.8,17:11,155,122.7
3986,4.8,18:07,156,122.7
3987,4.8,20:01,155,122.7
3988,4.81,19:26,155,122.7
3989,4.81,19:09,154,122.7
3990,4.81,18:37,154,122.0
3991,4.81,18:53,153,122.0
3992,4.81,16:45,153,122.0
3993,4.81,17:25,153,122.0
3994,4.81,14:54,153,122.0
3995,4.81,13:41,153,122.0
3996,4.82,12:32,153,122.0
3997,4.82,12:32,153,122.0
3998,4.82,11:33,152,122.0
3999,4.82,11:33,151,122.0
4000,4.82,11:05,152,122.0
4001,4.82,10:48,153,122.0
4002,4.82,10:43,154,122.0
4003,4.83,10:33,154,122.0
4004,4.83,10:38,154,122.0
4005,4.83,10:54,155,122.0
4006,4.83,10:59,155,122.0
4007,4.83,10:48,155,122.7
4008,4.83,10:48,155,122.7
4009,4.83,11:21,155,122.7
4010,4.84,11:16,155,122.7
4011,4.84,11:45,156,122.7
4012,4.84,11:58,157,122.7
4013,4.84,12:18,158,122.7
4014,4.84,12:25,158,122.7
4015,4.84,13:24,160,122.7
4016,4.84,13:08,160,122.7
4017,4.85,13:16,161,122.7
4018,4.85,13:01,161,122.7
4019,4.85,11:58,162,123.4
4020,4.85,11:05,163,123.4
4021,4.85,10:54,163,122.7
4022,4.85,10:28,164,122.7
4023,4.85,10:09,164,122.7
4024,4.86,10:43,165,122.7
4025,4.86,10:33,165,122.0
4026,4.86,10:23,165,122.0
4027,4.86,10:33,166,122.0
4028,4.86,10:43,166,122.0
4029,4.86,10:33,167,122.0
4030,4.87,11:21,167,122.7
4031,4.87,12:25,168,122.7
4032,4.87,12:53,168,122.7
4033,4.87,13:49,168,122.7
4034,4.87,14:34,168,122.7
4035,4.87,13:49,170,122.7
4036,4.87,12:46,170,122.7
4037,4.87,12:04,169,122.7
4038,4.88,11:45,169,122.7
4039,4.88,11:21,169,122.7
4040,4.88,11:27,171,122.7
4041,4.88,11:21,170,123.4
4042,4.88,11:52,170,123.4
4043,4.88,12:04,170,123.4
4044,4.88,11:39,171,123.4
4045,4.89,12:04,171,124.0
4046,4.89,13:16,171,124.0
4047,4.89,13:01,172,124.0
4048,4.89,12:53,172,124.0
4049,4.89,12:46,171,124.0
4050,4.89,12:04,171,124.7
4051,4.89,11:33,172,124.7
4052,4.89,11:39,171,124.7
4053,4.9,11:45,171,124.7
4054,4.9,12:25,171,124.7
4055,4.9,13:08,171,125.3
4056,4.9,13:24,171,125.3
4057,4.9,13:16,171,126.0
4058,4.9,13:08,172,126.0
4059,4.9,14:07,171,126.0
4060,4.9,16:33,170,126.0
4061,4.9,19:26,170,126.0
4062,4.9,25:47,171,126.0
4063,4.9,31:55,171,126.0
4064,4.91,33:31,170,126.0
4065,4.91,23:56,170,126.0
4066,4.91,17:52,171,126.6
4067,4.91,15:35,171,126.6
4068,4.91,13:58,171,126.6
4069,4.91,13:41,172,126.6
4070,4.91,14:44,172,126.6
4071,4.91,17:11,171,126.6
4072,4.91,18:53,171,126.6
4073,4.91,20:57,171,126.6
4074,4.92,22:43,171,126.6
4075,4.92,21:17,171,126.6
4076,4.92,19:09,171,126.6
4077,4.92,20:19,171,126.6
4078,4.92,18:37,170,126.6
4079,4.92,16:58,171,126.6
4080,4.92,17:52,170,126.6
4081,4.92,19:26,170,126.6
4082,4.92,17:25,169,126.6
4083,4.92,18:22,170,127.3
4084,4.92,19:09,170,127.3
4085,4.93,17:52,169,127.3
4086,4.93,16:09,169,127.3
4087,4.93,15:35,168,127.3
4088,4.93,15:46,169,127.3
4089,4.93,15:14,168,128.0
4090,4.93,15:24,168,128.0
4091,4.93,16:33,168,128.0
4092,4.93,16:21,167,128.0
4093,4.93,15:46,166,128.0
4094,4.94,16:09,166,128.0
4095,4.94,16:33,166,128.0
4096,4.94,16:21,166,128.0
4097,4.94,18:53,166,128.6
4098,4.94,20:19,166,128.6
4099,4.94,20:01,165,128.6
4100,4.94,20:57,165,129.3
4101,4.94,21:37,165,129.3
4102,4.94,19:26,165,129.3
4103,4.94,19:43,164,129.3
4104,4.94,21:37,164,129.3
4105,4.94,22:21,163,129.3
4106,4.95,21:59,163,129.3
4107,4.95,23:31,163,129.3
4108,4.95,20:57,163,128.6
4109,4.95,18:22,162,128.6
4110,4.95,18:07,162,128.6
4111,4.95,17:52,162,128.6
4112,4.95,16:33,162,129.3
4113,4.95,17:25,161,129.3
4114,4.95,18:37,160,129.3
4115,4.95,18:37,160,129.3
4116,4.95,17:52,161,129.3
4117,4.96,18:07,161,129.3
4118,4.96,18:22,161,129.3
4119,4.96,16:58,161,129.3
4120,4.96,16:45,161,129.9
4121,4.96,17:52,161,129.3
4122,4.96,20:19,160,129.3
4123,4.96,20:19,160,129.3
4124,4.96,20:57,160,129.3
4125,4.96,19:09,160,128.6
4126,4.96,16:09,160,128.6
4127,4.97,13:41,159,128.6
4128,4.97,12:46,158,128.6
4129,4.97,11:58,159,128.6
4130,4.97,11:33,159,128.6
4131,4.97,11:39,159,128.6
4132,4.97,11:45,160,128.0
4133,4.97,11:27,160,128.0
4134,4.98,10:54,160,127.3
4135,4.98,10:54,160,127.3
4136,4.98,11:10,160,126.6
4137,4.98,10:48,160,126.6
4138,4.98,10:38,160,126.0
4139,4.98,11:21,159,126.0
4140,4.98,11:39,158,125.3
4141,4.99,12:18,158,125.3
4142,4.99,13:08,157,124.7
4143,4.99,14:07,157,124.7
4144,4.99,14:25,158,124.0
4145,4.99,14:25,158,123.4
4146,4.99,13:49,159,123.4
4147,4.99,13:08,159,122.7
4148,4.99,12:39,160,122.7
4149,5.0,11:58,161,122.0
4150,5.0,11:52,161,122.0
4151,5.0,12:11,162,121.4
4152,5.0,12:32,162,121.4
4153,5.0,12:39,162,121.4
4154,5.0,13:41,163,120.7
4155,5.0,13:58,162,120.7
4156,5.0,13:01,163,120.7
4157,5.01,12:53,163,120.7
4158,5.01,13:08,163,120.7
4159,5.01,13:08,164,120.7
4160,5.01,13:08,164,120.1
4161,5.01,13:49,164,120.1
4162,5.01,13:41,164,120.1
4163,5.01,13:01,165,120.1
4164,5.02,12:25,165,120.1
4165,5.02,12:46,165,120.1
4166,5.02,12:46,165,120.1
4167,5.02,12:25,166,120.1
4168,5.02,12:46,166,119.4
4169,5.02,13:16,166,119.4
4170,5.02,13:08,167,119.4
4171,5.02,13:41,167,119.4
4172,5.03,13:16,167,119.4
4173,5.03,13:32,167,119.4
4174,5.03,12:39,167,118.8
4175,5.03,11:58,167,118.8
4176,5.03,11:10,167,118.8
4177,5.03,11:39,167,118.8
4178,5.03,11:21,167,118.8
4179,5.04,11:39,167,118.8
4180,5.04,12:25,167,118.8
4181,5.04,12:39,167,118.8
4182,5.04,12:53,169,118.8
4183,5.04,14:44,169,118.8
4184,5.04,15:35,168,118.8
4185,5.04,13:58,168,118.1
4186,5.04,13:41,168,118.1
4187,5.04,13:24,169,118.1
4188,5.05,11:52,170,118.1
4189,5.05,11:27,170,118.1
4190,5.05,11:39,170,118.1
4191,5.05,11:27,169,118.1
4192,5.05,11:16,170,118.1
4193,5.05,11:21,171,118.1
4194,5.05,11:27,170,118.1
4195,5.06,11:52,170,118.1
4196,5.06,12:32,170,118.1
4197,5.06,12:53,172,118.1
4198,5.06,13:24,171,118.1
4199,5.06,13:41,171,118.1
4200,5.06,14:34,170,118.1
4201,5.06,14:34,171,118.1
4202,5.06,14:16,171,118.1
4203,5.07,13:58,171,118.1
4204,5.07,13:16,172,118.1
4205,5.07,11:52,172,118.1
4206,5.07,11:39,171,118.1
4207,5.07,11:33,171,118.1
4208,5.07,11:21,171,118.8
4209,5.07,11:45,171,119.4
4210,5.08,12:53,171,119.4
4211,5.08,14:44,171,120.1
4212,5.08,17:52,172,120.1
4213,5.08,23:07,171,120.1
4214,5.08,24:50,171,120.1
4215,5.08,26:17,171,119.4
4216,5.08,22:43,172,119.4
4217,5.08,19:09,172,119.4
4218,5.08,15:57,172,119.4
4219,5.08,15:24,172,119.4
4220,5.08,15:14,172,119.4
4221,5.08,15:46,172,119.4
4222,5.09,17:11,172,119.4
4223,5.09,18:22,172,119.4
4224,5.09,20:19,171,119.4
4225,5.09,21:59,171,119.4
4226,5.09,22:21,170,119.4
4227,5.09,20:19,170,118.8
4228,5.09,18:53,170,118.8
4229,5.09,17:25,170,118.8
4230,5.09,16:58,169,118.8
4231,5.09,16:58,169,118.8
4232,5.09,17:38,169,118.8
4233,5.1,18:37,169,118.8
4234,5.1,20:57,169,118.8
4235,5.1,22:21,168,118.8
4236,5.1,23:56,168,118.8
4237,5.1,26:49,168,118.1
4238,5.1,23:56,167,118.1
4239,5.1,21:17,167,118.1
4240,5.1,17:52,166,118.1
4241,5.1,15:57,166,118.1
4242,5.1,14:34,165,118.1
4243,5.1,15:35,164,117.5
4244,5.1,16:21,163,117.5
4245,5.11,18:37,162,116.8
4246,5.11,21:37,162,116.8
4247,5.11,23:07,161,116.8
4248,5.11,20:37,160,116.8
4249,5.11,19:26,160,117.5
4250,5.11,18:07,160,117.5
4251,5.11,16:09,160,117.5
4252,5.11,17:52,159,117.5
4253,5.11,19:09,159,117.5
4254,5.11,20:19,158,117.5
4255,5.11,19:26,158,116.8
4256,5.12,19:09,157,116.8
4257,5.12,17:11,157,116.8
4258,5.12,18:37,156,116.8
4259,5.12,18:37,155,116.8
4260,5.12,20:37,154,116.8
4261,5.12,23:07,154,116.8
4262,5.12,25:18,153,116.8
4263,5.12,23:56,153,116.8
4264,5.12,23:31,153,116.8
4265,5.12,20:19,152,116.1
4266,5.12,18:53,151,116.1
4267,5.12,17:11,150,116.1
4268,5.13,16:33,150,116.1
4269,5.13,16:58,149,116.1
4270,5.13,19:09,148,116.1
4271,5.13,20:01,148,116.1
4272,5.13,19:26,148,116.1
4273,5.13,18:22,148,116.1
4274,5.13,16:21,147,116.1
4275,5.13,16:33,147,116.1
4276,5.13,17:11,146,115.5
4277,5.13,18:53,146,115.5
4278,5.13,23:31,145,115.5
4279,5.13,26:17,145,115.5
4280,5.14,23:07,145,115.5
4281,5.14,20:01,145,115.5
4282,5.14,16:58,144,115.5
4283,5.14,14:25,143,114.8
4284,5.14,13:16,143,114.8
4285,5.14,12:53,143,114.2
4286,5.14,12:46,145,114.2
4287,5.14,13:08,147,114.2
4288,5.15,13:16,148,114.2
4289,5.15,13:01,149,114.2
4290,5.15,12:46,149,114.2
4291,5.15,12:39,150,114.2
4292,5.15,12:11,150,114.2
4293,5.15,12:11,151,114.2
4294,5.15,12:11,150,114.2
4295,5.16,12:18,151,114.2
4296,5.16,12:53,151,114.2
4297,5.16,13:24,151,114.2
4298,5.16,13:58,152,114.2
4299,5.16,15:04,152,114.2
4300,5.16,15:24,152,114.2
4301,5.16,14:34,151,114.2
4302,5.16,14:44,151,114.2
4303,5.17,12:53,150,114.2
4304,5.17,12:18,151,114.2
4305,5.17,12:18,151,114.2
4306,5.17,12:04,151,114.2
4307,5.17,11:45,151,114.2
4308,5.17,13:08,154,114.2
4309,5.17,13:41,153,114.2
4310,5.17,13:41,154,114.2
4311,5.17,14:16,155,114.2
4312,5.18,13:58,156,114.2
4313,5.18,12:39,156,114.2
4314,5.18,12:18,158,114.2
4315,5.18,12:25,159,114.2
4316,5.18,12:32,160,114.2
4317,5.18,12:53,161,113.5
4318,5.18,13:32,161,113.5
4319,5.19,13:16,162,113.5
4320,5.19,12:46,162,113.5
4321,5.19,12:46,162,112.9
4322,5.19,13:24,163,112.9
4323,5.19,13:41,164,112.9
4324,5.19,13:58,164,112.9
4325,5.19,14:25,165,112.9
4326,5.19,14:16,166,112.2
4327,5.2,13:32,166,112.2
4328,5.2,13:24,165,112.2
4329,5.2,13:08,166,111.5
4330,5.2,12:46,166,111.5
4331,5.2,12:39,166,110.9
4332,5.2,12:53,166,110.9
4333,5.2,12:25,168,110.9
4334,5.2,12:46,167,110.2
4335,5.21,13:24,167,110.2
4336,5.21,14:16,167,110.2
4337,5.21,13:41,167,110.2
4338,5.21,13:58,167,110.9
4339,5.21,13:32,167,110.9
4340,5.21,12:32,168,111.5
4341,5.21,11:27,168,111.5
4342,5.22,11:16,168,112.2
4343,5.22,11:21,168,112.2
4344,5.22,11:45,168,112.9
4345,5.22,12:25,169,112.9
4346,5.22,13:24,169,112.9
4347,5.22,14:44,168,112.9
4348,5.22,15:04,168,112.9
4349,5.22,15:14,168,112.9
4350,5.22,16:09,169,112.2
4351,5.22,16:09,169,112.2
4352,5.23,15:35,169,112.2
4353,5.23,15:57,168,112.2
4354,5.23,15:14,169,112.2
4355,5.23,13:32,170,112.2
4356,5.23,12:53,170,112.2
4357,5.23,12:32,169,112.2
4358,5.23,12:18,169,112.2
4359,5.24,12:11,168,112.2
4360,5.24,13:32,169,112.2
4361,5.24,13:58,169,112.2
4362,5.24,15:04,169,112.2
4363,5.24,15:14,168,112.2
4364,5.24,15:46,168,111.5
4365,5.24,14:54,168,110.9
4366,5.24,14:34,169,110.2
4367,5.24,13:58,169,110.2
4368,5.25,13:01,169,109.6
4369,5.25,12:25,168,109.6
4370,5.25,11:52,169,108.9
4371,5.25,11:45,169,108.9
4372,5.25,11:21,170,108.9
4373,5.25,11:27,170,108.9
4374,5.25,11:45,170,108.3
4375,5.26,11:27,170,108.3
4376,5.26,11:52,171,107.6
4377,5.26,12:18,171,107.6
4378,5.26,12:18,170,107.0
4379,5.26,12:04,170,107.0
4380,5.26,12:39,170,107.0
4381,5.26,12:11,171,106.3
4382,5.27,11:52,170,105.6
4383,5.27,11:27,170,105.0
4384,5.27,10:59,171,104.3
4385,5.27,10:48,170,104.3
4386,5.27,10:43,171,104.3
4387,5.27,10:33,170,103.7
4388,5.27,11:58,171,103.7
4389,5.28,12:39,172,103.0
4390,5.28,13:08,172,103.0
4391,5.28,13:24,171,102.4
4392,5.28,12:53,171,102.4
4393,5.28,12:04,172,101.7
4394,5.28,11:52,172,101.7
4395,5.28,10:59,171,101.7
4396,5.29,10:43,172,101.7
4397,5.29,10:43,173,101.7
4398,5.29,10:05,173,101.7
4399,5.29,10:38,172,101.7
4400,5.29,11:33,174,101.7
4401,5.29,12:04,173,102.4
4402,5.29,13:16,173,103.0
4403,5.29,14:54,174,103.0
4404,5.3,15:24,173,103.7
4405,5.3,16:58,174,103.7
4406,5.3,16:45,174,104.3
4407,5.3,15:57,173,104.3
4408,5.3,17:52,173,105.0
4409,5.3,17:38,172,105.0
4410,5.3,16:33,172,105.6
4411,5.3,17:38,172,105.6
4412,5.3,18:37,172,105.6
4413,5.3,16:45,172,105.6
4414,5.31,17:25,172,106.3
4415,5.31,17:52,173,106.3
4416,5.31,18:07,173,106.3
4417,5.31,19:09,173,106.3
4418,5.31,18:07,173,106.3
4419,5.31,17:25,172,106.3
4420,5.31,16:33,173,106.3
4421,5.31,15:46,173,106.3
4422,5.31,15:04,173,105.6
4423,5.31,16:09,173,105.6
4424,5.31,17:11,173,105.6
4425,5.32,18:53,173,105.6
4426,5.32,20:01,173,105.6
4427,5.32,20:57,173,105.6
4428,5.32,20:57,173,105.6
4429,5.32,18:37,173,105.6
4430,5.32,17:25,174,105.0
4431,5.32,16:09,173,105.0
4432,5.32,15:57,172,105.0
4433,5.32,15:57,172,105.0
4434,5.32,17:25,172,105.0
4435,5.33,17:38,171,105.0
4436,5.33,19:26,171,105.0
4437,5.33,19:26,171,105.0
4438,5.33,20:01,170,104.3
4439,5.33,20:19,170,104.3
4440,5.33,20:19,170,104.3
4441,5.33,19:09,170,104.3
4442,5.33,19:26,170,104.3
4443,5.33,18:37,169,104.3
4444,5.33,18:22,169,104.3
4445,5.33,19:09,169,104.3
4446,5.33,22:21,168,104.3
4447,5.33,23:07,168,104.3
4448,5.34,23:31,167,104.3
4449,5.34,23:56,167,104.3
4450,5.34,22:43,167,103.7
4451,5.34,19:09,166,103.7
4452,5.34,17:11,165,103.7
4453,5.34,15:04,164,103.7
4454,5.34,13:41,164,103.7
4455,5.34,13:58,161,103.7
4456,5.34,13:32,160,103.0
4457,5.35,12:32,158,102.4
4458,5.35,12:39,153,102.4
4459,5.35,12:18,148,102.4
4460,5.35,10:54,149,102.4
4461,5.35,10:00,149,102.4
4462,5.35,10:54,149,102.4
4463,5.36,11:10,149,102.4
4464,5.36,11:05,146,102.4
4465,5.36,11:16,142,102.4
4466,5.36,12:04,139,102.4
4467,5.36,11:16,136,102.4
4468,5.36,10:43,132,101.7
4469,5.36,11:10,136,101.7
4470,5.37,11:33,140,101.7
4471,5.37,11:52,143,101.7
4472,5.37,12:04,146,102.4
4473,5.37,12:25,149,102.4
4474,5.37,12:11,158,102.4
4475,5.37,12:25,161,102.4
4476,5.37,12:39,162,102.4
4477,5.37,12:53,164,102.4
4478,5.38,13:32,165,102.4
4479,5.38,13:58,166,102.4
4480,5.38,14:16,166,103.0
4481,5.38,13:24,166,103.0
4482,5.38,13:01,167,103.0
4483,5.38,12:46,167,103.0
4484,5.38,11:58,168,103.7
4485,5.39,11:33,170,103.7
4486,5.39,11:10,168,104.3
4487,5.39,11:45,168,105.0
4488,5.39,11:52,168,105.0
4489,5.39,13:01,168,105.6
4490,5.39,13:32,169,105.6
4491,5.39,15:35,169,106.3
4492,5.39,15:46,169,106.3
4493,5.39,16:21,169,107.0
4494,5.4,16:58,168,107.6
4495,5.4,19:26,168,107.6
4496,5.4,21:37,169,108.3
4497,5.4,25:18,169,108.3
4498,5.4,26:49,169,108.9
4499,5.4,27:22,170,108.9
4500,5.4,29:48,170,109.6
4501,5.4,29:48,170,109.6
4502,5.4,27:56,170,110.2
4503,5.4,27:56,170,110.2
4504,5.4,25:47,170,110.2
4505,5.4,21:17,170,110.2
4506,5.4,19:26,170,110.2
4507,5.4,20:19,170,110.2
4508,5.4,23:56,169,109.6
4509,5.4,23:56,170,109.6
4510,5.41,23:56,169,109.6
4511,5.41,22:21,169,109.6
4512,5.41,20:37,169,108.9
4513,5.41,17:38,169,108.3
4514,5.41,17:25,169,107.6
4515,5.41,17:25,169,107.6
4516,5.41,16:33,169,107.0
4517,5.41,15:46,168,106.3
4518,5.41,15:14,167,105.6
4519,5.42,14:34,167,105.0
4520,5.42,14:25,166,104.3
4521,5.42,15:35,166,103.0
4522,5.42,13:41,167,102.4
4523,5.42,12:11,166,102.4
4524,5.42,11:21,166,101.7
4525,5.42,10:00,166,101.7
4526,5.43,9:07,167,101.0
4527,5.43,9:07,167,100.4
4528,5.43,9:18,166,99.7
4529,5.43,9:30,166,99.7
4530,5.43,9:43,166,99.1
4531,5.43,10:14,165,98.4
4532,5.44,10:54,165,98.4
4533,5.44,11:10,165,98.4
4534,5.44,12:25,165,98.4
4535,5.44,13:16,166,98.4
4536,5.44,13:49,166,99.1
4537,5.44,13:32,166,99.1
4538,5.44,13:58,166,99.1
4539,5.45,12:11,166,99.7
4540,5.45,11:45,166,99.7
4541,5.45,11:10,166,100.4
4542,5.45,11:16,166,100.4
4543,5.45,10:33,167,100.4
4544,5.45,11:21,167,101.0
4545,5.45,12:25,166,101.0
4546,5.45,12:46,167,101.0
4547,5.46,13:08,167,101.0
4548,5.46,14:34,169,101.0
4549,5.46,13:58,168,101.7
4550,5.46,13:24,168,101.7
4551,5.46,13:16,169,102.4
4552,5.46,12:53,169,102.4
4553,5.46,11:52,169,101.7
4554,5.47,12:25,169,101.7
4555,5.47,11:58,169,101.7
4556,5.47,11:58,169,101.0
4557,5.47,12:04,171,101.0
4558,5.47,13:01,171,101.0
4559,5.47,12:46,170,101.0
4560,5.47,13:16,170,101.0
4561,5.47,13:32,171,101.0
4562,5.48,13:32,172,101.0
4563,5.48,13:49,171,101.0
4564,5.48,13:41,172,101.0
4565,5.48,12:53,173,101.0
4566,5.48,12:32,172,101.0
4567,5.48,13:01,173,101.0
4568,5.48,13:16,173,101.7
4569,5.48,14:07,173,101.7
4570,5.48,16:33,173,102.4
4571,5.49,18:53,173,102.4
4572,5.49,18:53,173,102.4
4573,5.49,18:22,173,102.4
4574,5.49,17:38,173,102.4
4575,5.49,17:25,173,103.0
4576,5.49,17:52,172,103.0
4577,5.49,18:53,172,103.0
4578,5.49,21:17,173,103.0
4579,5.49,21:37,172,103.0
4580,5.49,22:43,172,103.0
4581,5.49,22:43,172,103.0
4582,5.49,21:37,172,103.0
4583,5.5,18:53,171,103.0
4584,5.5,19:09,172,103.7
4585,5.5,17:38,172,103.7
4586,5.5,15:46,171,103.7
4587,5.5,16:33,172,103.7
4588,5.5,17:38,171,103.7
4589,5.5,17:25,171,103.7
4590,5.5,17:38,170,103.7
4591,5.5,17:52,170,103.7
4592,5.5,16:21,170,103.7
4593,5.51,14:34,170,103.7
4594,5.51,13:49,170,104.3
4595,5.51,13:24,170,104.3
4596,5.51,13:01,170,105.0
4597,5.51,14:34,169,105.0
4598,5.51,16:21,169,104.3
4599,5.51,19:43,169,104.3
4600,5.51,20:57,168,104.3
4601,5.51,23:56,168,104.3
4602,5.51,20:01,167,103.7
4603,5.52,18:53,166,103.7
4604,5.52,14:54,166,104.3
4605,5.52,15:14,166,104.3
4606,5.52,15:57,166,104.3
4607,5.52,16:09,166,104.3
4608,5.52,18:22,166,104.3
4609,5.52,22:21,166,103.7
4610,5.52,22:43,165,103.7
4611,5.52,20:01,164,103.7
4612,5.52,20:01,164,103.7
4613,5.52,17:52,164,103.7
4614,5.53,17:11,163,103.7
4615,5.53,16:45,163,103.7
4616,5.53,17:11,163,103.7
4617,5.53,15:46,162,103.7
4618,5.53,15:57,162,103.7
4619,5.53,15:46,163,103.7
4620,5.53,14:16,162,103.7
4621,5.53,14:07,161,103.7
4622,5.53,16:09,160,103.0
4623,5.54,15:46,159,103.0
4624,5.54,16:33,159,102.4
4625,5.54,18:07,158,102.4
4626,5.54,19:09,158,102.4
4627,5.54,18:53,157,102.4
4628,5.54,20:57,156,102.4
4629,5.54,21:59,155,102.4
4630,5.54,19:26,154,102.4
4631,5.54,18:07,153,102.4
4632,5.54,15:35,152,102.4
4633,5.54,15:04,152,102.4
4634,5.55,15:46,151,102.4
4635,5.55,18:07,151,102.4
4636,5.55,19:26,150,101.7
4637,5.55,26:17,149,101.7
4638,5.55,30:28,148,101.7
4639,5.55,25:18,148,101.7
4640,5.55,22:21,147,101.7
4641,5.55,20:01,147,101.7
4642,5.55,16:45,147,101.7
4643,5.55,15:57,147,101.7
4644,5.55,19:09,147,101.7
4645,5.55,21:37,147,101.7
4646,5.55,24:50,147,101.7
4647,5.56,27:22,147,101.7
4648,5.56,24:23,147,101.7
4649,5.56,19:26,147,101.7
4650,5.56,18:07,147,101.7
4651,5.56,16:58,147,101.7
4652,5.56,16:09,147,101.0
4653,5.56,16:58,146,101.0
4654,5.56,16:58,145,101.0
4655,5.56,18:07,144,101.0
4656,5.56,20:57,145,100.4
4657,5.56,23:31,145,100.4
4658,5.56,24:23,145,100.4
4659,5.57,25:18,145,100.4
4660,5.57,26:17,145,100.4
4661,5.57,24:23,145,100.4
4662,5.57,25:18,145,101.0
4663,5.57,21:17,145,101.0
4664,5.57,18:37,144,101.0
4665,5.57,15:46,143,101.0
4666,5.57,13:58,142,101.0
4667,5.57,13:08,142,101.0
4668,5.57,13:16,142,101.0
4669,5.58,13:58,142,101.0
4670,5.58,15:35,142,101.7
4671,5.58,17:11,141,101.7
4672,5.58,18:07,140,101.7
4673,5.58,18:37,140,101.7
4674,5.58,18:37,140,101.7
4675,5.58,17:52,140,101.7
4676,5.58,17:52,140,101.7
4677,5.58,18:07,140,101.7
4678,5.58,18:07,139,101.7
4679,5.58,20:01,137,101.7
4680,5.58,22:21,137,101.7
4681,5.59,22:43,137,101.7
4682,5.59,21:17,138,101.7
4683,5.59,22:43,139,102.4
4684,5.59,19:26,139,102.4
4685,5.59,17:25,138,102.4
4686,5.59,17:25,137,102.4
4687,5.59,16:45,137,101.7
4688,5.59,17:11,138,101.7
4689,5.59,17:25,138,102.4
4690,5.59,16:45,139,102.4
4691,5.6,15:24,139,102.4
4692,5.6,15:46,140,102.4
4693,5.6,14:16,140,102.4
4694,5.6,13:58,141,102.4
4695,5.6,14:44,141,102.4
4696,5.6,16:09,141,102.4
4697,5.6,16:21,141,102.4
4698,5.6,16:45,141,102.4
4699,5.6,16:58,141,103.0
4700,5.61,16:33,140,103.0
4701,5.61,16:33,140,103.0
4702,5.61,18:37,140,103.0
4703,5.61,21:17,139,103.0
4704,5.61,25:18,140,102.4
4705,5.61,29:48,139,103.0
4706,5.61,25:47,139,103.0
4707,5.61,21:37,139,103.0
4708,5.61,19:09,139,103.0
4709,5.61,18:37,138,103.0
4710,5.61,18:07,138,103.0
4711,5.61,20:19,137,103.0
4712,5.61,21:59,137,103.0
4713,5.61,24:23,138,103.0
4714,5.62,21:59,139,103.0
4715,5.62,17:25,140,103.0
4716,5.62,16:21,141,103.0
4717,5.62,16:58,141,103.0
4718,5.62,17:38,141,103.0
4719,5.62,17:52,141,103.0
4720,5.62,17:25,141,103.7
4721,5.62,17:38,142,103.7
4722,5.62,16:58,143,103.7
4723,5.63,13:41,143,103.7
4724,5.63,13:41,143,103.7
4725,5.63,15:04,143,104.3
4726,5.63,14:07,142,104.3
4727,5.63,13:41,142,104.3
4728,5.63,15:14,142,104.3
4729,5.63,15:35,142,103.7
4730,5.63,16:58,142,103.7
4731,5.63,19:43,142,103.7
4732,5.63,20:37,142,103.0
4733,5.64,20:19,142,103.0
4734,5.64,21:17,143,103.0
4735,5.64,19:09,143,103.0
4736,5.64,18:53,144,103.7
4737,5.64,17:52,143,103.0
4738,5.64,20:37,143,103.0
4739,5.64,20:19,142,103.0
4740,5.64,21:59,142,103.0
4741,5.64,20:19,142,103.0
4742,5.64,19:43,142,103.0
4743,5.64,18:07,141,102.4
4744,5.64,17:38,140,102.4
4745,5.65,16:33,141,102.4
4746,5.65,15:57,140,102.4
4747,5.65,16:33,141,102.4
4748,5.65,16:33,141,102.4
4749,5.65,16:09,141,102.4
4750,5.65,16:45,141,102.4
4751,5.65,18:07,141,102.4
4752,5.65,17:52,141,102.4
4753,5.65,17:11,140,102.4
4754,5.65,17:11,140,102.4
4755,5.66,16:09,141,103.0
4756,5.66,15:04,141,103.0
4757,5.66,14:34,142,103.0
4758,5.66,14:16,142,103.0
4759,5.66,14:44,142,103.0
4760,5.66,16:21,142,103.0
4761,5.66,18:07,142,103.0
4762,5.66,20:57,142,103.0
4763,5.66,22:43,141,103.0
4764,5.66,21:37,142,103.0
4765,5.67,19:43,142,103.7
4766,5.67,17:25,142,103.7
4767,5.67,14:34,142,103.7
4768,5.67,13:49,142,104.3
4769,5.67,13:49,142,104.3
4770,5.67,15:04,142,104.3
4771,5.67,15:14,143,104.3
4772,5.67,16:21,143,104.3
4773,5.67,16:21,142,103.7
4774,5.68,15:57,142,103.0
4775,5.68,14:44,142,103.0
4776,5.68,14:44,142,102.4
4777,5.68,14:34,141,102.4
4778,5.68,15:46,141,102.4
4779,5.68,15:35,142,102.4
4780,5.68,15:24,142,102.4
4781,5.68,15:14,143,101.7
4782,5.68,15:35,143,101.7
4783,5.69,13:49,143,101.7
4784,5.69,13:24,143,101.7
4785,5.69,12:25,143,101.7
4786,5.69,12:04,143,101.0
4787,5.69,11:21,145,101.0
4788,5.69,10:48,146,101.0
4789,5.69,10:33,147,100.4
4790,5.7,10:38,148,100.4
4791,5.7,10:33,148,100.4
4792,5.7,10:18,149,100.4
4793,5.7,10:38,149,100.4
4794,5.7,10:38,150,100.4
4795,5.7,10:33,150,100.4
4796,5.71,10:38,152,100.4
4797,5.71,10:48,152,100.4
4798,5.71,10:54,153,99.7
4799,5.71,11:21,153,99.7
4800,5.71,11:27,153,99.7
4801,5.71,11:21,153,99.7
4802,5.71,11:27,152,99.7
4803,5.72,11:27,152,99.7
4804,5.72,11:45,153,99.7
4805,5.72,12:11,153,100.4
4806,5.72,12:25,153,100.4
4807,5.72,11:45,153,100.4
4808,5.72,11:45,154,100.4
4809,5.72,11:21,154,100.4
4810,5.73,11:58,154,100.4
4811,5.73,12:11,154,100.4
4812,5.73,13:01,154,100.4
4813,5.73,13:32,155,100.4
4814,5.73,13:08,155,100.4
4815,5.73,11:52,155,100.4
4816,5.73,11:33,155,100.4
4817,5.74,11:33,155,100.4
4818,5.74,11:10,156,100.4
4819,5.74,11:21,156,100.4
4820,5.74,11:33,157,100.4
4821,5.74,11:33,158,100.4
4822,5.74,11:52,158,100.4
4823,5.74,12:32,159,100.4
4824,5.74,12:39,159,100.4
4825,5.75,12:53,160,100.4
4826,5.75,13:49,161,100.4
4827,5.75,13:49,161,100.4
4828,5.75,13:24,162,101.0
4829,5.75,13:49,162,101.0
4830,5.75,14:07,163,101.0
4831,5.75,14:07,163,101.0
4832,5.75,14:54,163,101.0
4833,5.75,15:24,163,101.0
4834,5.76,15:35,164,101.0
4835,5.76,15:46,164,101.0
4836,5.76,15:04,164,101.0
4837,5.76,14:16,164,101.0
4838,5.76,14:07,163,101.0
4839,5.76,14:07,163,101.0
4840,5.76,13:49,164,101.0
4841,5.76,13:08,165,101.0
4842,5.77,13:01,165,101.0
4843,5.77,12:46,166,101.7
4844,5.77,12:04,166,101.7
4845,5.77,11:52,166,101.7
4846,5.77,12:11,166,101.7
4847,5.77,11:45,167,102.4
4848,5.77,11:45,167,102.4
4849,5.78,12:04,167,102.4
4850,5.78,12:32,168,102.4
4851,5.78,11:58,169,103.0
4852,5.78,12:25,168,103.0
4853,5.78,12:46,168,103.0
4854,5.78,12:25,169,103.7
4855,5.78,11:52,170,103.7
4856,5.79,12:39,169,103.7
4857,5.79,12:39,170,104.3
4858,5.79,12:32,171,104.3
4859,5.79,13:01,171,104.3
4860,5.79,13:49,171,104.3
4861,5.79,14:16,171,104.3
4862,5.79,14:34,171,104.3
4863,5.79,14:34,171,104.3
4864,5.79,15:04,170,104.3
4865,5.8,15:04,171,104.3
4866,5.8,15:04,169,104.3
4867,5.8,14:34,170,104.3
4868,5.8,15:14,171,104.3
4869,5.8,15:04,171,104.3
4870,5.8,14:07,169,103.7
4871,5.8,13:24,171,103.7
4872,5.8,13:49,170,103.7
4873,5.81,12:32,169,104.3
4874,5.81,11:58,171,104.3
4875,5.81,13:01,171,104.3
4876,5.81,13:32,170,103.7
4877,5.81,14:07,170,103.7
4878,5.81,17:11,170,103.7
4879,5.81,22:43,170,103.7
4880,5.81,26:49,169,103.7
4881,5.81,31:55,169,103.7
4882,5.81,31:55,169,103.7
4883,5.81,31:55,168,103.7
4884,5.81,27:22,169,103.7
4885,5.81,22:21,169,103.7
4886,5.82,22:21,169,103.7
4887,5.82,24:23,169,103.7
4888,5.82,25:18,169,103.7
4889,5.82,24:50,169,103.7
4890,5.82,24:23,169,104.3
4891,5.82,22:43,170,104.3
4892,5.82,21:17,170,104.3
4893,5.82,19:09,169,104.3
4894,5.82,20:19,170,103.7
4895,5.82,23:31,169,103.7
4896,5.82,24:23,170,103.7
4897,5.82,24:23,170,103.7
4898,5.82,23:31,170,103.7
4899,5.83,20:19,170,103.7
4900,5.83,16:58,170,103.7
4901,5.83,15:57,170,103.7
4902,5.83,15:46,170,103.0
4903,5.83,17:11,170,103.0
4904,5.83,18:07,169,103.0
4905,5.83,20:01,169,103.0
4906,5.83,19:09,169,103.0
4907,5.83,16:45,169,103.0
4908,5.84,13:41,169,103.0
4909,5.84,11:16,168,103.0
4910,5.84,10:23,168,103.0
4911,5.84,10:28,168,103.0
4912,5.84,10:54,167,103.0
4913,5.84,11:16,168,103.0
4914,5.84,12:39,167,103.0
4915,5.85,13:01,168,103.0
4916,5.85,12:32,168,103.0
4917,5.85,12:46,167,103.0
4918,5.85,13:24,166,103.0
4919,5.85,13:08,167,103.0
4920,5.85,13:01,167,103.0
4921,5.85,13:24,167,103.0
4922,5.85,12:32,167,103.0
4923,5.86,12:04,167,103.0
4924,5.86,12:04,166,103.0
4925,5.86,12:11,166,103.7
4926,5.86,12:04,167,103.7
4927,5.86,12:32,168,104.3
4928,5.86,12:39,167,104.3
4929,5.86,13:01,167,104.3
4930,5.86,13:08,167,104.3
4931,5.87,12:53,168,104.3
4932,5.87,12:39,168,104.3
4933,5.87,12:32,167,105.0
4934,5.87,12:25,167,105.0
4935,5.87,12:39,168,105.0
4936,5.87,13:32,168,105.0
4937,5.87,14:34,168,105.0
4938,5.87,14:44,168,105.0
4939,5.88,14:54,167,105.0
4940,5.88,14:44,168,105.0
4941,5.88,13:32,169,105.0
4942,5.88,13:24,168,105.6
4943,5.88,13:24,168,105.6
4944,5.88,13:16,168,106.3
4945,5.88,13:32,168,106.3
4946,5.88,14:34,169,106.3
4947,5.89,14:07,169,106.3
4948,5.89,13:41,169,106.3
4949,5.89,14:34,168,107.0
4950,5.89,14:07,168,107.0
4951,5.89,13:49,169,107.0
4952,5.89,15:04,168,107.0
4953,5.89,16:45,168,107.0
4954,5.89,16:21,167,107.0
4955,5.89,16:45,169,107.0
4956,5.89,17:25,168,107.6
4957,5.9,16:45,168,107.6
4958,5.9,16:21,167,108.3
4959,5.9,17:11,167,108.3
4960,5.9,16:45,169,108.3
4961,5.9,15:57,169,108.3
4962,5.9,16:09,168,108.3
4963,5.9,16:09,168,108.9
4964,5.9,15:04,169,108.9
4965,5.9,15:24,169,108.9
4966,5.91,15:46,169,108.9
4967,5.91,15:04,168,108.9
4968,5.91,15:24,169,109.6
4969,5.91,16:33,169,109.6
4970,5.91,17:11,169,109.6
4971,5.91,16:21,168,110.2
4972,5.91,15:46,169,110.2
4973,5.91,14:07,169,110.2
4974,5.91,12:53,169,110.2
4975,5.92,12:32,169,110.2
4976,5.92,13:16,169,110.2
4977,5.92,13:49,170,110.9
4978,5.92,14:54,170,110.9
4979,5.92,14:54,170,110.9
4980,5.92,15:14,171,110.9
4981,5.92,15:14,171,110.9
4982,5.92,15:04,170,111.5
4983,5.92,13:58,171,111.5
4984,5.93,14:16,171,111.5
4985,5.93,13:16,171,111.5
4986,5.93,12:39,171,111.5
4987,5.93,12:25,172,111.5
4988,5.93,12:53,171,111.5
4989,5.93,14:16,171,111.5
4990,5.93,14:34,172,111.5
4991,5.93,14:54,171,112.2
4992,5.94,15:35,170,112.2
4993,5.94,15:57,171,112.2
4994,5.94,13:41,172,112.2
4995,5.94,13:24,172,112.2
4996,5.94,13:41,172,112.2
4997,5.94,13:08,171,112.9
4998,5.94,12:32,171,112.9
4999,5.94,13:08,172,113.5
5000,5.95,14:07,172,113.5
5001,5.95,13:41,172,113.5
5002,5.95,14:07,172,113.5
5003,5.95,15:04,172,113.5
5004,5.95,15:14,172,113.5
5005,5.95,15:14,173,113.5
5006,5.95,15:35,173,113.5
5007,5.95,14:34,172,112.9
5008,5.95,13:49,172,112.9
5009,5.96,14:07,174,112.9
5010,5.96,13:58,172,112.9
5011,5.96,13:32,172,112.9
5012,5.96,13:16,174,112.9
5013,5.96,13:49,173,112.9
5014,5.96,13:41,172,112.2
5015,5.96,13:49,174,112.2
5016,5.96,14:34,173,112.2
5017,5.97,15:24,173,112.2
5018,5.97,14:34,174,112.2
5019,5.97,13:24,174,112.9
5020,5.97,12:39,173,112.9
5021,5.97,12:18,174,112.9
5022,5.97,11:39,174,112.9
5023,5.97,11:16,174,112.9
5024,5.98,11:27,174,112.9
5025,5.98,11:21,173,112.9
5026,5.98,11:05,174,112.9
5027,5.98,11:33,175,112.9
5028,5.98,12:39,174,113.5
5029,5.98,12:32,175,113.5
5030,5.98,12:46,175,113.5
5031,5.98,12:53,175,114.2
5032,5.99,13:58,175,114.2
5033,5.99,13:49,175,114.2
5034,5.99,14:16,174,114.8
5035,5.99,14:44,175,114.8
5036,5.99,15:35,175,114.8
5037,5.99,14:44,175,114.8
5038,5.99,14:34,175,115.5
5039,5.99,14:16,175,115.5
5040,5.99,14:25,176,115.5
5041,6.0,14:16,175,116.1
5042,6.0,13:16,175,116.1
5043,6.0,13:16,174,116.1
5044,6.0,14:16,175,116.1
5045,6.0,14:34,174,116.8
5046,6.0,14:16,175,116.8
5047,6.0,14:34,175,116.8
5048,6.0,15:24,175,117.5
5049,6.0,15:04,175,118.1
5050,6.01,16:09,175,118.8
5051,6.01,16:58,175,118.8
5052,6.01,18:37,174,119.4
5053,6.01,18:22,174,119.4
5054,6.01,18:07,175,120.1
5055,6.01,16:21,175,120.1
5056,6.01,15:35,174,120.1
5057,6.01,15:35,174,119.4
5058,6.01,16:09,175,119.4
5059,6.01,17:38,175,120.1
5060,6.02,18:53,174,120.1
5061,6.02,22:21,175,120.1
5062,6.02,24:50,175,120.7
5063,6.02,20:01,174,120.7
5064,6.02,17:52,174,120.7
5065,6.02,16:58,175,120.7
5066,6.02,15:24,174,120.7
5067,6.02,14:44,174,121.4
5068,6.02,16:21,174,121.4
5069,6.02,17:52,174,121.4
5070,6.02,19:09,174,121.4
5071,6.03,19:43,174,121.4
5072,6.03,20:19,173,122.0
5073,6.03,21:59,173,122.0
5074,6.03,20:57,173,122.0
5075,6.03,19:43,173,122.0
5076,6.03,18:53,173,122.0
5077,6.03,18:22,173,122.0
5078,6.03,16:09,172,122.7
5079,6.03,16:45,172,122.7
5080,6.03,17:25,172,122.7
5081,6.03,18:22,172,122.7
5082,6.04,16:45,171,123.4
5083,6.04,18:53,172,123.4
5084,6.04,19:43,172,123.4
5085,6.04,18:37,172,123.4
5086,6.04,19:09,172,123.4
5087,6.04,20:57,172,123.4
5088,6.04,22:21,172,124.0
5089,6.04,20:57,171,124.0
5090,6.04,21:17,171,124.0
5091,6.04,20:01,171,124.0
5092,6.04,20:19,171,124.0
5093,6.04,17:25,170,124.7
5094,6.05,16:33,170,124.7
5095,6.05,17:11,170,124.7
5096,6.05,17:25,170,124.7
5097,6.05,16:58,170,124.7
5098,6.05,19:26,170,124.7
5099,6.05,20:01,169,125.3
5100,6.05,17:38,169,125.3
5101,6.05,15:46,168,125.3
5102,6.05,15:35,168,125.3
5103,6.05,14:34,168,126.0
5104,6.06,15:35,167,126.0
5105,6.06,17:11,167,126.0
5106,6.06,19:26,166,126.0
5107,6.06,20:19,166,126.0
5108,6.06,20:01,165,126.0
5109,6.06,18:22,164,126.0
5110,6.06,17:38,164,126.0
5111,6.06,17:25,163,126.6
5112,6.06,15:46,163,126.6
5113,6.06,16:45,163,126.6
5114,6.06,17:11,163,126.6
5115,6.07,17:25,162,127.3
5116,6.07,18:07,162,127.3
5117,6.07,19:43,162,127.3
5118,6.07,20:19,162,127.3
5119,6.07,20:57,162,127.3
5120,6.07,22:43,161,127.3
5121,6.07,21:17,161,128.0
5122,6.07,21:37,160,128.0
5123,6.07,19:26,160,128.0
5124,6.07,17:25,159,128.0
5125,6.07,16:58,159,128.0
5126,6.08,17:25,159,128.6
5127,6.08,18:07,158,128.6
5128,6.08,19:09,159,128.6
5129,6.08,20:57,159,128.6
5130,6.08,20:01,159,128.6
5131,6.08,19:09,158,128.6
5132,6.08,17:25,158,128.6
5133,6.08,17:11,157,129.3
5134,6.08,17:11,157,129.3
5135,6.08,18:22,157,129.3
5136,6.08,20:19,158,129.3
5137,6.08,22:21,157,129.3
5138,6.09,22:21,157,129.9
5139,6.09,22:21,157,129.9
5140,6.09,21:17,157,129.9
5141,6.09,20:19,157,129.9
5142,6.09,20:57,157,129.9
5143,6.09,20:57,157,129.9
5144,6.09,20:37,157,130.6
5145,6.09,20:01,156,130.6
5146,6.09,18:53,156,130.6
5147,6.09,17:11,156,130.6
5148,6.09,17:52,156,130.6
5149,6.09,19:26,155,131.2
5150,6.1,20:19,155,131.2
5151,6.1,21:37,155,131.2
5152,6.1,21:37,155,131.9
5153,6.1,20:19,155,131.9
5154,6.1,17:38,155,131.9
5155,6.1,17:38,155,131.9
5156,6.1,17:25,155,132.5
5157,6.1,19:09,155,132.5
5158,6.1,19:26,154,132.5
5159,6.1,20:37,154,132.5
5160,6.1,19:43,154,132.5
5161,6.11,18:37,152,132.5
5162,6.11,16:21,151,132.5
5163,6.11,15:57,150,132.5
5164,6.11,14:25,150,132.5
5165,6.11,14:25,149,132.5
5166,6.11,15:57,149,133.2
5167,6.11,17:25,148,133.2
5168,6.11,18:07,147,133.9
5169,6.11,21:17,146,133.9
5170,6.11,20:57,147,134.5
5171,6.11,20:37,148,134.5
5172,6.11,22:21,148,134.5
5173,6.12,22:21,149,134.5
5174,6.12,22:21,149,134.5
5175,6.12,25:18,149,134.5
5176,6.12,24:23,150,134.5
5177,6.12,24:23,151,134.5
5178,6.12,23:31,151,135.2
5179,6.12,21:59,151,135.2
5180,6.12,20:01,152,135.2
5181,6.12,20:19,152,135.8
5182,6.12,20:19,152,135.8
5183,6.12,20:37,153,135.8
5184,6.12,22:43,154,135.8
5185,6.12,22:43,154,135.8
5186,6.13,21:59,154,135.8
5187,6.13,20:37,154,135.8
5188,6.13,19:09,154,135.8
5189,6.13,17:11,154,135.8
5190,6.13,16:58,154,135.8
5191,6.13,17:11,154,136.5
5192,6.13,16:58,154,136.5
5193,6.13,18:37,154,135.8
5194,6.13,20:37,153,136.5
5195,6.13,20:57,153,135.8
5196,6.13,21:17,153,135.8
5197,6.14,22:43,152,136.5
5198,6.14,23:07,152,136.5
5199,6.14,23:07,153,135.8
5200,6.14,23:31,153,135.8
5201,6.14,20:37,152,135.8
5202,6.14,18:22,152,135.8
5203,6.14,17:25,152,135.2
5204,6.14,15:35,152,135.2
5205,6.14,15:14,152,135.2
5206,6.14,16:09,152,135.2
5207,6.15,14:07,152,135.2
5208,6.15,14:44,152,135.2
5209,6.15,16:45,152,135.2
5210,6.15,15:35,151,135.2
5211,6.15,15:24,150,135.2
5212,6.15,18:53,150,135.2
5213,6.15,18:37,150,135.2
5214,6.15,20:19,150,135.8
5215,6.15,21:37,150,135.8
5216,6.15,23:56,150,135.8
5217,6.15,23:31,149,135.8
5218,6.15,21:37,149,135.8
5219,6.16,18:53,149,135.2
5220,6.16,21:37,149,135.2
5221,6.16,19:43,149,135.8
5222,6.16,18:37,149,135.8
5223,6.16,17:38,148,135.8
5224,6.16,16:58,148,135.8
5225,6.16,14:34,147,135.8
5226,6.16,13:24,146,135.8
5227,6.16,12:39,147,135.8
5228,6.17,12:11,148,135.2
5229,6.17,11:39,148,135.2
5230,6.17,11:27,149,135.8
5231,6.17,10:54,150,135.8
5232,6.17,10:59,151,135.8
5233,6.17,11:10,152,136.5
5234,6.18,10:48,152,136.5
5235,6.18,11:16,153,136.5
5236,6.18,11:58,153,136.5
5237,6.18,13:08,153,136.5
5238,6.18,13:49,153,136.5
5239,6.18,15:14,153,136.5
5240,6.18,15:14,154,136.5
5241,6.18,15:46,155,137.1
5242,6.18,14:16,156,137.1
5243,6.19,12:25,156,137.1
5244,6.19,12:11,156,137.1
5245,6.19,12:25,157,137.1
5246,6.19,11:45,158,137.1
5247,6.19,12:18,158,137.1
5248,6.19,14:34,158,137.8
5249,6.19,15:24,160,137.8
5250,6.19,15:14,161,137.8
5251,6.2,15:57,160,137.8
5252,6.2,15:57,161,137.8
5253,6.2,13:58,162,137.8
5254,6.2,13:16,162,138.5
5255,6.2,13:24,163,138.5
5256,6.2,13:41,162,138.5
5257,6.2,13:32,165,139.1
5258,6.2,14:16,164,139.1
5259,6.21,13:24,164,139.1
5260,6.21,12:53,165,139.1
5261,6.21,12:32,165,139.1
5262,6.21,11:52,165,139.1
5263,6.21,11:52,166,139.1
5264,6.21,12:25,166,139.1
5265,6.21,12:32,167,139.8
5266,6.21,12:25,167,140.4
5267,6.22,13:01,167,140.4
5268,6.22,13:16,167,140.4
5269,6.22,13:01,168,140.4
5270,6.22,12:46,168,140.4
5271,6.22,13:32,168,140.4
5272,6.22,13:49,168,140.4
5273,6.22,13:58,168,140.4
5274,6.22,14:34,169,141.1
5275,6.22,15:57,169,141.1
5276,6.23,16:58,169,141.1
5277,6.23,17:11,170,141.1
5278,6.23,17:25,170,141.7
5279,6.23,16:58,170,141.7
5280,6.23,16:33,169,141.7
5281,6.23,15:04,170,141.7
5282,6.23,15:04,170,142.4
5283,6.23,15:04,170,142.4
5284,6.23,15:04,172,142.4
5285,6.24,14:54,171,142.4
5286,6.24,15:35,171,142.4
5287,6.24,15:04,172,142.4
5288,6.24,13:41,172,143.0
5289,6.24,12:46,172,143.0
5290,6.24,12:11,172,143.7
5291,6.24,11:10,173,143.7
5292,6.25,10:59,172,144.4
5293,6.25,11:21,172,144.4
5294,6.25,11:58,172,144.4
5295,6.25,12:04,172,144.4
5296,6.25,12:25,172,144.4
5297,6.25,12:46,173,144.4
5298,6.25,13:16,172,145.0
5299,6.25,13:08,174,145.0
5300,6.26,13:08,173,145.0
5301,6.26,13:41,173,145.0
5302,6.26,13:32,175,145.0
5303,6.26,12:39,173,145.7
5304,6.26,13:08,174,145.7
5305,6.26,13:08,173,145.7
5306,6.26,13:01,174,145.7
5307,6.26,12:53,174,145.7
5308,6.27,13:49,174,145.7
5309,6.27,13:24,173,145.7
5310,6.27,13:49,175,145.7
5311,6.27,13:58,174,145.7
5312,6.27,14:25,175,145.7
5313,6.27,14:25,173,145.7
5314,6.27,14:16,175,145.7
5315,6.27,13:49,175,146.3
5316,6.28,13:32,174,146.3
5317,6.28,13:58,175,146.3
5318,6.28,14:34,175,146.3
5319,6.28,14:54,175,146.3
5320,6.28,14:25,174,146.3
5321,6.28,14:25,175,146.3
5322,6.28,13:16,175,146.3
5323,6.28,11:45,175,146.3
5324,6.29,11:16,175,146.3
5325,6.29,12:25,175,146.3
5326,6.29,12:39,175,146.3
5327,6.29,13:08,175,146.3
5328,6.29,14:07,176,146.3
5329,6.29,15:04,176,146.3
5330,6.29,13:49,176,147.0
5331,6.29,13:24,177,147.0
5332,6.3,13:16,174,147.0
5333,6.3,13:41,175,147.0
5334,6.3,13:58,175,147.0
5335,6.3,13:58,174,147.0
5336,6.3,13:58,176,147.0
5337,6.3,14:16,176,147.0
5338,6.3,13:41,176,147.0
5339,6.3,13:16,176,147.0
5340,6.3,13:24,176,147.0
5341,6.31,14:34,176,147.6
5342,6.31,14:25,176,147.6
5343,6.31,14:34,176,147.6
5344,6.31,15:04,176,147.6
5345,6.31,15:24,176,147.6
5346,6.31,14:54,176,147.6
5347,6.31,14:25,176,147.6
5348,6.31,14:07,176,147.6
5349,6.31,14:25,175,147.6
5350,6.32,13:41,177,147.6
5351,6.32,13:01,177,147.6
5352,6.32,13:16,177,147.6
5353,6.32,13:24,178,147.6
5354,6.32,11:52,176,147.6
5355,6.32,12:11,177,147.6
5356,6.32,12:32,177,147.6
5357,6.33,12:25,177,147.0
5358,6.33,11:58,178,147.0
5359,6.33,12:53,176,147.0
5360,6.33,12:39,176,146.3
5361,6.33,12:25,177,146.3
5362,6.33,12:25,176,146.3
5363,6.33,12:53,176,146.3
5364,6.33,13:08,176,146.3
5365,6.34,13:08,175,146.3
5366,6.34,13:16,176,147.0
5367,6.34,13:49,176,147.0
5368,6.34,13:49,177,147.0
5369,6.34,13:24,177,147.0
5370,6.34,13:49,177,147.0
5371,6.34,13:32,177,147.0
5372,6.34,13:24,177,147.0
5373,6.35,14:07,178,147.0
5374,6.35,13:58,177,147.0
5375,6.35,14:07,177,147.0
5376,6.35,14:07,178,147.0
5377,6.35,14:54,178,147.0
5378,6.35,14:54,179,147.0
5379,6.35,15:24,178,147.0
5380,6.35,15:24,178,147.0
5381,6.35,15:57,179,147.0
5382,6.36,14:07,178,147.0
5383,6.36,13:08,179,146.3
5384,6.36,13:01,177,146.3
5385,6.36,13:01,178,147.0
5386,6.36,13:08,178,147.0
5387,6.36,13:24,179,147.0
5388,6.36,14:16,178,147.0
5389,6.36,14:44,178,147.0
5390,6.37,15:04,178,147.0
5391,6.37,14:07,178,147.0
5392,6.37,14:16,179,147.0
5393,6.37,13:58,179,146.3
5394,6.37,13:49,179,146.3
5395,6.37,13:41,178,146.3
5396,6.37,14:07,178,146.3
5397,6.37,14:34,178,146.3
5398,6.37,15:14,178,146.3
5399,6.38,14:54,178,145.7
5400,6.38,14:16,178,145.7
5401,6.38,14:07,177,145.7
5402,6.38,13:41,179,145.7
5403,6.38,12:46,178,145.7
5404,6.38,12:25,179,145.7
5405,6.38,12:46,179,146.3
5406,6.39,12:39,180,146.3
5407,6.39,12:25,180,146.3
5408,6.39,12:39,180,146.3
5409,6.39,13:01,180,146.3
5410,6.39,13:08,179,147.0
5411,6.39,13:41,181,147.0
5412,6.39,14:16,179,146.3
5413,6.39,13:41,181,146.3
5414,6.4,12:46,180,146.3
5415,6.4,12:18,180,146.3
5416,6.4,11:52,179,146.3
5417,6.4,10:59,179,145.7
5418,6.4,11:10,180,145.7
5419,6.4,11:33,179,145.7
5420,6.4,12:18,180,145.7
5421,6.4,13:16,181,145.7
5422,6.41,15:04,180,146.3
5423,6.41,18:53,179,146.3
5424,6.41,23:56,179,146.3
5425,6.41,24:23,179,147.0
5426,6.41,23:07,179,147.0
5427,6.41,22:43,177,147.0
5428,6.41,20:37,178,147.6
5429,6.41,19:43,178,147.6
5430,6.41,20:57,177,147.6
5431,6.41,23:07,177,147.6
5432,6.41,25:47,177,148.3
5433,6.41,23:56,177,148.3
5434,6.41,21:59,176,148.3
5435,6.42,20:01,176,148.3
5436,6.42,20:19,176,149.0
5437,6.42,22:21,176,149.0
5438,6.42,25:47,177,149.0
5439,6.42,27:56,176,149.0
5440,6.42,26:17,177,149.0
5441,6.42,21:37,177,149.6
5442,6.42,16:58,177,149.6
5443,6.42,15:24,176,149.6
5444,6.42,15:24,176,149.6
5445,6.42,15:35,176,149.6
5446,6.42,17:11,176,149.6
5447,6.43,19:26,177,149.6
5448,6.43,19:43,176,149.6
5449,6.43,18:22,176,149.6
5450,6.43,17:38,176,149.6
5451,6.43,17:25,176,149.6
5452,6.43,16:45,176,149.6
5453,6.43,16:45,175,149.6
5454,6.43,16:45,175,149.6
5455,6.43,18:07,175,150.3
5456,6.43,18:37,174,150.3
5457,6.43,18:53,174,150.3
5458,6.44,18:22,174,150.3
5459,6.44,18:37,174,150.3
5460,6.44,19:09,174,150.3
5461,6.44,19:09,173,150.3
5462,6.44,20:01,174,150.3
5463,6.44,19:43,173,150.3
5464,6.44,20:19,173,150.3
5465,6.44,19:09,172,150.3
5466,6.44,18:53,173,150.3
5467,6.44,17:52,172,150.3
5468,6.44,18:53,171,150.3
5469,6.45,17:38,170,150.3
5470,6.45,17:25,170,150.3
5471,6.45,17:11,169,150.3
5472,6.45,17:38,169,150.3
5473,6.45,17:38,168,150.3
5474,6.45,19:09,168,150.3
5475,6.45,21:17,167,150.3
5476,6.45,23:31,167,150.3
5477,6.45,24:50,166,150.3
5478,6.45,23:07,166,150.3
5479,6.45,20:57,166,150.3
5480,6.45,19:26,166,150.3
5481,6.46,17:25,165,150.3
5482,6.46,15:24,165,150.3
5483,6.46,15:35,165,150.9
5484,6.46,15:57,164,150.3
5485,6.46,15:57,164,150.3
5486,6.46,16:09,163,150.3
5487,6.46,16:33,162,150.3
5488,6.46,16:21,162,150.3
5489,6.46,15:35,161,150.3
5490,6.47,14:25,160,150.9
5491,6.47,13:16,159,150.9
5492,6.47,12:46,159,150.9
5493,6.47,11:58,159,150.9
5494,6.47,11:58,159,150.9
5495,6.47,12:04,160,150.9
5496,6.47,12:53,160,151.6
5497,6.47,13:32,163,151.6
5498,6.48,13:58,163,151.6
5499,6.48,14:07,162,151.6
5500,6.48,13:08,161,152.2
5501,6.48,12:32,162,152.2
5502,6.48,12:46,161,152.2
5503,6.48,12:53,163,152.2
5504,6.48,12:04,162,152.2
5505,6.49,13:01,162,151.6
5506,6.49,13:24,162,151.6
5507,6.49,12:25,162,151.6
5508,6.49,12:25,163,151.6
5509,6.49,13:08,164,151.6
5510,6.49,12:25,163,151.6
5511,6.49,11:58,165,151.6
5512,6.5,11:52,166,151.6
5513,6.5,11:39,165,152.2
5514,6.5,11:39,165,152.2
5515,6.5,13:01,166,151.6
5516,6.5,13:58,168,151.6
5517,6.5,14:25,168,151.6
5518,6.5,14:34,168,151.6
5519,6.5,15:14,168,150.9
5520,6.5,14:54,169,150.9
5521,6.51,14:16,170,150.9
5522,6.51,13:58,169,150.9
5523,6.51,14:25,169,150.9
5524,6.51,13:24,170,150.9
5525,6.51,13:08,171,150.9
5526,6.51,13:49,171,150.9
5527,6.51,14:34,170,150.9
5528,6.51,14:07,172,151.6
5529,6.51,15:24,172,151.6
5530,6.52,15:24,171,151.6
5531,6.52,13:49,172,152.2
5532,6.52,13:24,173,152.2
5533,6.52,14:07,173,152.2
5534,6.52,13:08,173,152.2
5535,6.52,12:53,174,152.2
5536,6.52,13:58,173,152.2
5537,6.52,15:04,175,152.9
5538,6.53,14:16,174,152.9
5539,6.53,14:54,173,152.9
5540,6.53,15:35,175,152.9
5541,6.53,15:14,175,153.5
5542,6.53,14:25,175,153.5
5543,6.53,14:44,176,153.5
5544,6.53,14:16,175,153.5
5545,6.53,13:41,176,153.5
5546,6.53,13:32,177,153.5
5547,6.54,14:07,176,154.2
5548,6.54,13:32,176,154.2
5549,6.54,14:07,177,154.9
5550,6.54,15:04,177,154.9
5551,6.54,16:21,178,155.5
5552,6.54,16:21,177,155.5
5553,6.54,16:21,179,155.5
5554,6.54,16:21,178,156.2
5555,6.54,15:14,178,156.2
5556,6.55,14:54,178,156.8
5557,6.55,14:44,178,156.8
5558,6.55,16:09,178,157.5
5559,6.55,16:33,177,157.5
5560,6.55,18:53,177,157.5
5561,6.55,20:01,177,157.5
5562,6.55,21:17,177,157.5
5563,6.55,19:43,177,158.1
5564,6.55,18:37,177,158.1
5565,6.55,17:25,177,158.1
5566,6.55,17:11,178,158.8
5567,6.56,17:52,178,158.8
5568,6.56,19:43,178,159.4
5569,6.56,22:43,178,159.4
5570,6.56,23:31,178,160.1
5571,6.56,23:31,178,160.8
5572,6.56,25:18,178,160.8
5573,6.56,26:17,178,160.8
5574,6.56,22:21,177,161.4
5575,6.56,21:17,177,161.4
5576,6.56,20:37,177,161.4
5577,6.56,19:26,178,162.1
5578,6.56,18:37,178,162.1
5579,6.56,20:19,178,162.7
5580,6.57,20:57,177,162.7
5581,6.57,20:19,178,163.4
5582,6.57,19:43,178,163.4
5583,6.57,20:01,178,164.0
5584,6.57,18:37,178,164.0
5585,6.57,18:07,178,164.7
5586,6.57,18:22,178,164.7
5587,6.57,18:07,177,165.4
5588,6.57,18:53,177,165.4
5589,6.57,20:57,177,166.0
5590,6.57,21:37,177,166.0
5591,6.57,23:07,177,166.7
5592,6.58,23:56,177,166.7
5593,6.58,22:43,177,167.3
5594,6.58,20:19,177,167.3
5595,6.58,20:37,177,168.0
5596,6.58,19:43,177,168.0
5597,6.58,20:37,177,168.6
5598,6.58,21:37,176,168.6
5599,6.58,23:07,177,169.3
5600,6.58,22:43,176,169.3
5601,6.58,23:31,176,169.9
5602,6.58,20:57,176,169.9
5603,6.58,19:43,176,170.6
5604,6.58,20:19,175,170.6
5605,6.59,19:26,175,170.6
5606,6.59,17:25,175,171.3
5607,6.59,18:07,175,171.3
5608,6.59,20:01,175,171.9
5609,6.59,19:26,175,171.9
5610,6.59,20:57,174,171.9
5611,6.59,23:07,175,172.6
5612,6.59,22:43,174,172.6
5613,6.59,19:43,174,173.2
5614,6.59,20:01,175,173.2
5615,6.59,18:22,175,173.2
5616,6.6,18:37,175,173.9
5617,6.6,18:53,174,173.9
5618,6.6,18:53,174,173.9
5619,6.6,18:37,174,173.9
5620,6.6,20:57,173,174.5
5621,6.6,21:37,173,174.5
5622,6.6,21:59,173,174.5
5623,6.6,21:17,173,175.2
5624,6.6,20:57,173,175.2
5625,6.6,20:01,173,175.9
5626,6.6,20:37,173,175.9
5627,6.6,20:19,174,175.9
5628,6.6,21:17,173,175.9
5629,6.61,20:19,173,175.9
5630,6.61,19:26,173,175.9
5631,6.61,18:37,172,175.9
5632,6.61,18:53,172,175.9
5633,6.61,18:53,171,175.9
5634,6.61,20:01,171,175.9
5635,6.61,21:17,170,176.5
5636,6.61,20:19,170,176.5
5637,6.61,16:21,170,176.5
5638,6.61,14:54,170,176.5
5639,6.62,13:32,171,176.5
5640,6.62,12:25,171,176.5
5641,6.62,11:58,170,177.2
5642,6.62,12:32,170,177.2
5643,6.62,12:18,171,177.2
5644,6.62,12:39,172,177.8
5645,6.62,12:53,172,177.8
5646,6.63,11:52,172,177.8
5647,6.63,12:11,174,177.8
5648,6.63,13:16,173,177.8
5649,6.63,13:24,173,177.8
5650,6.63,13:16,175,177.8
5651,6.63,14:07,174,178.5
5652,6.63,13:16,173,178.5
5653,6.63,11:33,173,179.1
5654,6.64,11:27,173,179.1
5655,6.64,11:21,173,179.1
5656,6.64,11:33,172,179.1
5657,6.64,12:25,174,179.1
5658,6.64,14:34,173,179.8
5659,6.64,15:24,173,179.8
5660,6.64,14:25,175,180.4
5661,6.64,13:58,173,180.4
5662,6.65,13:49,174,181.1
5663,6.65,12:53,175,181.1
5664,6.65,11:58,174,181.8
5665,6.65,12:53,175,181.8
5666,6.65,13:41,174,182.4
5667,6.65,14:16,175,182.4
5668,6.65,14:25,175,182.4
5669,6.65,15:24,174,182.4
5670,6.65,16:33,175,182.4
5671,6.66,14:44,176,182.4
5672,6.66,13:08,176,182.4
5673,6.66,13:32,176,183.1
5674,6.66,13:08,175,183.1
5675,6.66,12:25,178,183.1
5676,6.66,13:16,176,183.1
5677,6.66,13:41,177,183.7
5678,6.67,13:16,177,183.7
5679,6.67,14:25,177,183.7
5680,6.67,16:21,177,184.4
5681,6.67,18:37,177,184.4
5682,6.67,22:21,177,185.0
5683,6.67,24:23,176,185.0
5684,6.67,24:23,177,185.0
5685,6.67,26:49,177,185.7
5686,6.67,29:48,177,185.7
5687,6.67,27:56,177,185.7
5688,6.67,29:09,177,186.4
5689,6.67,31:55,177,186.4
5690,6.67,25:47,177,186.4
5691,6.67,22:43,176,186.4
5692,6.67,22:21,177,186.4
5693,6.68,19:26,177,186.4
5694,6.68,18:07,177,186.4
5695,6.68,18:07,177,186.4
5696,6.68,17:52,176,186.4
5697,6.68,19:09,177,187.0
5698,6.68,21:59,177,187.0
5699,6.68,22:21,176,187.0
5700,6.68,21:17,176,187.7
5701,6.68,19:43,176,187.7
5702,6.68,18:53,176,187.7
5703,6.68,20:19,176,188.3
5704,6.68,20:19,176,188.3
5705,6.69,21:17,176,188.3
5706,6.69,21:17,175,188.3
5707,6.69,19:43,176,188.3
5708,6.69,17:25,176,188.3
5709,6.69,17:11,175,188.3
5710,6.69,16:09,175,188.3
5711,6.69,16:45,175,188.3
5712,6.69,17:11,175,188.3
5713,6.69,19:26,175,188.3
5714,6.69,20:37,174,188.3
5715,6.69,24:23,174,188.3
5716,6.69,26:17,174,189.0
5717,6.7,25:47,173,189.0
5718,6.7,20:57,173,189.0
5719,6.7,19:09,172,189.0
5720,6.7,20:01,172,189.0
5721,6.7,19:26,172,189.0
5722,6.7,20:19,172,189.0
5723,6.7,20:01,172,189.0
5724,6.7,19:26,172,189.0
5725,6.7,17:11,171,189.0
5726,6.7,17:25,172,189.0
5727,6.7,17:25,171,189.0
5728,6.7,20:57,171,189.0
5729,6.71,19:26,171,189.0
5730,6.71,17:11,171,189.6
5731,6.71,16:21,170,189.6
5732,6.71,16:33,171,189.6
5733,6.71,15:57,171,189.6
5734,6.71,18:22,171,189.6
5735,6.71,21:37,170,189.6
5736,6.71,21:37,170,189.6
5737,6.71,20:01,169,189.6
5738,6.71,17:52,169,189.6
5739,6.72,17:25,168,190.3
5740,6.72,16:33,168,190.3
5741,6.72,17:38,168,190.3
5742,6.72,19:26,168,190.9
5743,6.72,21:37,167,190.9
5744,6.72,21:17,167,190.9
5745,6.72,21:37,167,190.9
5746,6.72,20:37,167,190.9
5747,6.72,20:01,167,190.9
5748,6.72,18:37,166,190.9
5749,6.72,18:07,166,190.9
5750,6.72,18:07,166,190.9
5751,6.73,18:22,165,190.9
5752,6.73,20:01,164,190.9
5753,6.73,21:17,164,190.9
5754,6.73,23:56,163,191.6
5755,6.73,24:23,163,191.6
5756,6.73,23:07,163,191.6
5757,6.73,19:26,163,191.6
5758,6.73,18:22,163,191.6
5759,6.73,17:38,162,191.6
5760,6.73,18:37,161,192.3
5761,6.73,19:43,161,192.3
5762,6.73,20:57,162,192.3
5763,6.74,21:17,162,192.3
5764,6.74,19:09,162,192.3
5765,6.74,17:38,161,192.9
5766,6.74,17:38,161,192.9
5767,6.74,16:45,161,192.9
5768,6.74,17:11,161,192.9
5769,6.74,19:09,160,192.9
5770,6.74,22:21,160,193.6
5771,6.74,25:47,159,193.6
5772,6.74,32:42,159,193.6
5773,6.74,34:23,159,194.2
5774,6.74,31:55,159,194.2
5775,6.74,25:47,159,194.2
5776,6.75,20:57,159,194.2
5777,6.75,18:22,157,194.2
5778,6.75,18:37,157,193.6
5779,6.75,18:37,157,193.6
5780,6.75,18:53,156,192.9
5781,6.75,17:38,159,192.9
5782,6.75,16:09,158,192.3
5783,6.75,14:54,158,192.3
5784,6.75,13:16,159,192.3
5785,6.76,13:16,159,192.3
5786,6.76,14:25,157,192.3
5787,6.76,14:44,156,192.3
5788,6.76,14:54,160,192.3
5789,6.76,16:45,161,192.3
5790,6.76,16:33,162,192.3
5791,6.76,15:14,163,192.3
5792,6.76,15:04,163,192.3
5793,6.76,13:32,163,192.3
5794,6.77,11:39,163,192.3
5795,6.77,10:38,163,192.3
5796,6.77,10:23,163,192.3
5797,6.77,10:18,163,192.3
5798,6.77,10:54,162,192.3
5799,6.77,11:21,163,192.3
5800,6.78,11:39,162,192.3
5801,6.78,12:11,162,192.9
5802,6.78,12:32,163,192.9
5803,6.78,12:39,163,193.6
5804,6.78,14:07,164,193.6
5805,6.78,15:24,164,192.9
5806,6.78,15:14,164,192.9
5807,6.78,15:46,165,192.9
5808,6.78,15:57,166,192.9
5809,6.78,15:57,167,192.9
5810,6.79,15:24,167,192.9
5811,6.79,15:24,167,192.9
5812,6.79,14:07,168,192.9
5813,6.79,13:16,169,192.9
5814,6.79,12:04,169,192.9
5815,6.79,11:58,168,192.9
5816,6.79,11:27,168,192.9
5817,6.8,12:11,169,192.9
5818,6.8,13:08,169,192.3
5819,6.8,13:58,170,192.3
5820,6.8,13:41,170,192.9
5821,6.8,14:25,170,192.9
5822,6.8,13:58,171,193.6
5823,6.8,13:08,171,193.6
5824,6.8,12:53,172,194.2
5825,6.81,12:53,172,194.2
5826,6.81,12:18,172,194.2
5827,6.81,12:25,172,194.2
5828,6.81,12:39,173,194.2
5829,6.81,11:58,172,194.2
5830,6.81,12:18,172,193.6
5831,6.81,12:46,173,193.6
5832,6.81,12:32,174,193.6
5833,6.82,12:18,173,192.9
5834,6.82,13:24,174,193.6
5835,6.82,13:08,174,193.6
5836,6.82,12:53,174,193.6
5837,6.82,13:41,176,193.6
5838,6.82,13:58,175,192.9
5839,6.82,13:49,175,192.3
5840,6.82,14:44,176,192.3
5841,6.83,14:44,176,192.3
5842,6.83,13:32,176,191.6
5843,6.83,14:07,177,191.6
5844,6.83,14:25,176,191.6
5845,6.83,13:24,176,192.3
5846,6.83,13:49,177,192.3
5847,6.83,14:07,177,192.3
5848,6.83,13:01,178,192.3
5849,6.84,12:46,177,192.3
5850,6.84,12:53,177,191.6
5851,6.84,12:32,178,192.3
5852,6.84,12:32,177,192.3
5853,6.84,12:53,178,192.3
5854,6.84,12:25,178,192.3
5855,6.84,13:32,178,192.9
5856,6.84,14:16,178,192.9
5857,6.85,14:07,177,192.9
5858,6.85,14:25,177,193.6
5859,6.85,14:34,178,193.6
5860,6.85,13:16,178,193.6
5861,6.85,13:01,178,194.2
5862,6.85,15:04,177,194.2
5863,6.85,16:09,177,194.2
5864,6.85,17:52,177,194.2
5865,6.85,17:52,178,194.2
5866,6.86,16:58,179,194.2
5867,6.86,14:34,178,194.2
5868,6.86,13:32,178,194.2
5869,6.86,13:08,179,194.2
5870,6.86,13:16,178,194.2
5871,6.86,12:53,178,193.6
5872,6.86,12:32,178,193.6
5873,6.86,12:11,178,193.6
5874,6.87,11:33,179,192.9
5875,6.87,11:39,178,192.9
5876,6.87,11:45,179,192.9
5877,6.87,12:53,179,192.9
5878,6.87,13:49,178,192.9
5879,6.87,13:32,179,192.9
5880,6.87,13:16,178,192.9
5881,6.87,14:54,178,192.3
5882,6.88,14:54,178,192.3
5883,6.88,14:34,178,191.6
5884,6.88,16:33,178,191.6
5885,6.88,18:37,179,191.6
5886,6.88,18:53,179,191.6
5887,6.88,17:52,179,192.3
5888,6.88,18:22,178,192.3
5889,6.88,18:22,179,192.9
5890,6.88,16:21,180,192.9
5891,6.88,16:58,179,192.9
5892,6.88,18:22,180,192.9
5893,6.89,15:46,181,192.9
5894,6.89,13:58,181,192.9
5895,6.89,13:01,181,192.9
5896,6.89,11:21,181,192.9
5897,6.89,10:28,181,192.9
5898,6.89,11:58,181,192.3
5899,6.89,12:11,181,192.3
5900,6.9,13:32,180,192.3
5901,6.9,13:49,180,192.3
5902,6.9,13:32,180,192.3
5903,6.9,12:46,181,192.3
5904,6.9,14:07,179,192.3
5905,6.9,14:07,179,192.3
5906,6.9,14:25,180,192.3
5907,6.9,15:24,178,192.3
5908,6.91,15:46,179,192.3
5909,6.91,14:34,179,192.3
5910,6.91,13:58,179,192.3
5911,6.91,15:04,178,192.3
5912,6.91,14:44,179,192.3
5913,6.91,13:58,179,192.3
5914,6.91,14:16,180,192.3
5915,6.91,15:14,179,192.3
5916,6.91,14:44,180,192.3
5917,6.92,14:54,180,192.3
5918,6.92,15:04,179,192.3
5919,6.92,14:54,180,192.3
5920,6.92,15:04,179,191.6
5921,6.92,14:07,181,191.6
5922,6.92,14:44,180,191.6
5923,6.92,15:04,180,190.9
5924,6.92,15:14,179,190.9
5925,6.92,13:24,179,190.9
5926,6.93,14:16,181,190.9
5927,6.93,13:58,179,190.9
5928,6.93,12:53,180,190.9
5929,6.93,11:58,180,190.9
5930,6.93,12:39,180,191.6
5931,6.93,13:08,179,191.6
5932,6.93,13:49,180,191.6
5933,6.93,15:14,181,190.9
5934,6.94,16:45,180,190.9
5935,6.94,16:09,181,190.9
5936,6.94,15:24,181,190.9
5937,6.94,13:49,181,190.9
5938,6.94,13:08,179,190.9
5939,6.94,11:45,179,191.6
5940,6.94,11:58,179,191.6
5941,6.94,12:25,180,191.6
5942,6.95,13:16,180,191.6
5943,6.95,13:16,181,191.6
5944,6.95,14:16,180,191.6
5945,6.95,13:41,181,191.6
5946,6.95,11:45,180,191.6
5947,6.95,10:23,181,191.6
5948,6.95,10:23,181,191.6
5949,6.96,10:33,181,191.6
5950,6.96,11:05,181,191.6
5951,6.96,11:52,182,191.6
5952,6.96,13:08,181,192.3
5953,6.96,14:25,180,192.3
5954,6.96,14:44,181,192.3
5955,6.96,15:46,183,192.3
5956,6.96,16:33,182,191.6
5957,6.96,16:09,183,191.6
5958,6.97,14:25,182,192.3
5959,6.97,13:58,182,192.3
5960,6.97,12:46,181,192.3
5961,6.97,12:25,181,192.3
5962,6.97,12:46,181,192.3
5963,6.97,13:32,182,192.3
5964,6.97,13:49,181,192.3
5965,6.98,13:58,181,192.3
5966,6.98,14:07,182,192.3
5967,6.98,14:34,181,192.3
5968,6.98,13:58,181,192.9
5969,6.98,13:08,180,192.9
5970,6.98,12:53,181,192.9
5971,6.98,12:39,180,192.9
5972,6.98,11:58,180,192.9
5973,6.99,12:39,182,192.9
5974,6.99,13:49,182,192.9
5975,6.99,13:41,182,192.9
5976,6.99,13:01,182,193.6
5977,6.99,12:11,182,193.6
5978,6.99,11:27,182,194.2
5979,6.99,11:05,182,194.2
5980,7.0,10:43,182,194.2
5981,7.0,11:10,182,193.6
5982,7.0,11:45,183,193.6
5983,7.0,11:58,184,193.6
5984,7.0,11:21,184,193.6
5985,7.0,12:46,183,193.6
5986,7.0,12:46,182,192.9
5987,7.0,13:24,182,192.9
5988,7.01,13:32,183,192.9
5989,7.01,14:44,181,192.9
5990,7.01,14:07,182,192.3
5991,7.01,14:07,182,192.3
5992,7.01,13:49,183,191.6
5996,7.01,70:35,182,191.6
5997,7.01,95:47,181,190.9
5998,7.01,53:38,182,190.9
5999,7.01,35:25,182,190.9
6000,7.01,29:48,182,190.3
6001,7.02,13:49,182,190.3
6002,7.02,13:08,182,190.3
6003,7.02,12:25,181,190.3
6004,7.02,12:53,182,190.3
6005,7.02,11:58,181,190.3
6006,7.02,11:45,181,190.3
6007,7.03,11:05,182,190.3
6008,7.03,11:21,181,190.3
6009,7.03,11:33,181,189.6
6010,7.03,12:11,182,189.6
6011,7.03,13:08,183,189.6
6012,7.03,14:07,183,189.6
6013,7.03,15:04,182,189.6
6014,7.03,16:33,182,190.3
