elapsed_seconds,distance_miles,pace_per_mile,heartrate,altitude_ft
0,0.0,,88,174.5
1,0.0,,78,174.5
2,0.0,,79,173.9
3,0.0,,81,173.9
4,0.0,,83,173.2
5,0.0,,86,173.2
6,0.0,,87,173.2
7,0.0,,89,173.2
8,0.0,49:40,91,173.2
9,0.0,25:18,93,173.2
10,0.0,16:58,96,173.2
11,0.01,12:39,99,173.2
12,0.01,10:09,102,173.2
13,0.01,10:09,107,173.2
14,0.01,10:05,107,173.2
15,0.01,10:05,109,172.6
16,0.01,10:05,109,172.6
17,0.02,10:05,108,172.6
18,0.02,10:05,106,172.6
19,0.02,10:05,105,172.6
20,0.02,9:56,105,172.6
21,0.02,12:25,103,172.6
22,0.02,16:21,102,172.6
23,0.02,16:09,100,172.6
24,0.03,15:04,99,172.6
25,0.03,17:38,99,172.6
26,0.03,13:58,98,172.6
27,0.03,10:05,98,172.6
28,0.03,11:33,98,172.6
29,0.03,12:32,101,172.6
30,0.03,12:11,108,172.6
31,0.03,12:25,112,172.6
32,0.04,14:54,114,172.6
33,0.04,13:58,116,172.6
34,0.04,14:44,117,172.6
35,0.04,14:34,119,172.6
36,0.04,14:16,119,172.6
37,0.04,14:34,120,172.6
38,0.04,14:44,121,171.9
39,0.04,14:25,122,171.9
40,0.05,13:01,123,171.9
41,0.05,12:39,125,171.9
42,0.05,12:18,126,171.9
43,0.05,11:45,127,171.9
44,0.05,11:33,129,171.9
45,0.05,12:25,129,171.9
46,0.05,12:25,130,171.9
47,0.06,11:27,130,171.9
48,0.06,10:59,131,171.9
49,0.06,11:16,131,171.9
50,0.06,11:27,131,171.9
51,0.06,12:25,131,171.9
52,0.06,13:58,132,172.6
53,0.06,15:04,132,172.6
54,0.06,15:35,131,172.6
55,0.06,15:24,132,172.6
56,0.07,14:07,132,172.6
57,0.07,13:32,132,172.6
58,0.07,13:08,131,172.6
59,0.07,12:39,131,171.9
60,0.07,12:18,131,171.9
61,0.07,12:25,132,171.9
62,0.07,11:58,131,171.9
63,0.08,11:58,131,171.9
64,0.08,11:58,131,171.3
65,0.08,11:45,131,171.3
66,0.08,11:27,131,171.3
67,0.08,11:39,131,171.3
68,0.08,11:52,131,171.3
69,0.08,12:04,131,170.6
70,0.08,13:01,131,170.6
71,0.09,13:16,132,170.6
72,0.09,13:49,131,170.6
73,0.09,14:34,132,170.6
74,0.09,14:16,131,170.6
75,0.09,13:49,131,171.3
76,0.09,13:58,131,171.3
77,0.09,13:01,131,171.3
78,0.1,11:39,131,170.6
79,0.1,11:52,131,170.6
100,0.1,311:53,110,171.3
101,0.1,282:20,117,170.6
102,0.1,162:33,117,170.6
103,0.1,109:02,116,170.6
104,0.1,83:49,116,169.9
105,0.1,13:08,119,169.9
106,0.1,12:46,120,169.9
107,0.11,12:04,122,169.9
108,0.11,11:58,123,169.3
109,0.11,11:45,124,169.3
110,0.11,11:21,125,169.3
111,0.11,10:59,126,169.3
112,0.11,11:27,127,169.3
113,0.11,10:59,127,169.3
114,0.12,11:05,128,169.3
115,0.12,11:33,129,169.9
116,0.12,12:11,129,169.3
117,0.12,12:18,130,169.3
118,0.12,13:08,130,169.3
119,0.12,13:49,130,169.3
120,0.12,14:07,130,169.3
121,0.13,13:08,130,169.3
122,0.13,12:32,130,169.3
123,0.13,12:32,130,169.3
124,0.13,12:04,129,168.6
125,0.13,12:11,129,168.6
126,0.13,13:16,129,168.6
127,0.13,13:41,129,168.6
128,0.13,13:49,129,168.6
129,0.14,14:07,129,168.6
130,0.14,14:16,129,168.6
131,0.14,14:07,129,168.0
132,0.14,13:32,129,168.0
133,0.14,13:24,130,168.0
134,0.14,13:01,130,167.3
135,0.14,12:39,130,167.3
136,0.14,12:25,130,167.3
137,0.15,12:25,129,167.3
138,0.15,12:04,130,167.3
139,0.15,11:45,130,167.3
140,0.15,12:04,130,167.3
141,0.15,12:18,131,167.3
142,0.15,12:11,131,167.3
143,0.15,12:46,132,166.7
144,0.16,12:39,132,166.7
145,0.16,11:33,132,166.7
146,0.16,11:33,131,166.7
147,0.16,11:27,131,166.7
148,0.16,11:16,130,166.7
149,0.16,11:33,130,166.7
150,0.16,12:04,131,166.7
151,0.16,12:18,131,166.7
152,0.17,12:53,130,166.7
153,0.17,13:41,131,166.7
154,0.17,14:16,131,166.7
155,0.17,14:34,132,166.7
156,0.17,13:58,132,166.7
157,0.17,14:07,132,166.7
158,0.17,13:08,131,166.7
159,0.17,13:08,131,166.7
160,0.18,13:16,131,166.7
161,0.18,13:58,132,166.7
162,0.18,14:07,132,167.3
163,0.18,14:44,131,167.3
164,0.18,14:54,131,168.0
165,0.18,14:44,131,168.0
166,0.18,14:16,131,168.0
167,0.18,14:16,131,168.0
168,0.19,13:24,132,168.6
169,0.19,12:46,132,168.6
170,0.19,13:01,131,168.6
171,0.19,13:01,132,168.6
172,0.19,12:39,132,169.3
173,0.19,12:46,133,169.3
174,0.19,12:53,133,169.3
175,0.19,13:01,133,169.3
176,0.2,13:24,133,169.3
177,0.2,13:49,133,169.3
178,0.2,14:54,134,169.3
179,0.2,15:46,134,169.3
180,0.2,16:21,134,169.3
181,0.2,15:24,134,169.3
182,0.2,14:54,134,169.3
183,0.2,14:44,134,169.3
184,0.2,14:25,135,169.9
185,0.21,13:41,135,169.9
186,0.21,13:16,135,169.9
187,0.21,13:01,135,169.9
188,0.21,12:53,135,169.9
189,0.21,13:01,134,169.9
190,0.21,12:53,134,169.9
191,0.21,13:24,134,169.9
192,0.21,13:01,134,169.9
193,0.22,12:18,134,169.9
194,0.22,11:33,135,169.9
195,0.22,11:39,135,169.9
196,0.22,12:11,135,169.9
197,0.22,12:53,135,169.9
198,0.22,13:01,136,169.9
199,0.22,13:16,136,170.6
200,0.23,13:08,136,170.6
201,0.23,12:53,136,170.6
202,0.23,12:46,137,170.6
203,0.23,12:46,137,170.6
204,0.23,13:01,137,170.6
205,0.23,13:32,136,170.6
206,0.23,13:32,137,170.6
207,0.23,13:16,136,170.6
208,0.24,12:53,137,170.6
209,0.24,12:11,137,171.3
210,0.24,11:16,137,171.3
211,0.24,10:43,137,171.9
212,0.24,10:54,137,171.9
213,0.24,11:21,138,172.6
214,0.24,11:39,138,172.6
215,0.25,12:04,138,172.6
216,0.25,12:32,139,172.6
217,0.25,12:25,138,172.6
218,0.25,13:01,138,172.6
219,0.25,13:16,138,172.6
220,0.25,12:32,138,172.6
221,0.25,12:53,138,172.6
222,0.25,12:46,138,172.6
223,0.26,12:32,138,172.6
224,0.26,13:08,138,172.6
225,0.26,13:49,138,172.6
226,0.26,13:41,138,172.6
227,0.26,13:49,138,173.2
228,0.26,13:16,138,173.2
229,0.26,13:08,138,173.2
230,0.26,13:32,137,173.2
231,0.27,13:01,137,173.2
232,0.27,12:39,138,173.2
233,0.27,12:11,137,173.2
234,0.27,11:52,137,173.2
235,0.27,11:33,137,173.2
236,0.27,11:21,137,173.2
237,0.27,11:45,138,173.2
238,0.28,12:25,137,173.9
239,0.28,11:58,137,173.9
240,0.28,12:04,136,173.9
241,0.28,12:11,137,173.9
242,0.28,11:58,137,173.9
243,0.28,11:52,137,173.2
244,0.28,12:11,138,173.2
245,0.29,12:39,137,173.2
246,0.29,13:16,137,173.2
247,0.29,13:49,137,173.9
248,0.29,14:25,137,173.9
257,0.29,167:38,135,173.9
258,0.29,191:35,136,173.9
259,0.29,92:10,135,173.9
260,0.29,58:33,135,173.9
261,0.29,43:36,134,173.9
262,0.29,13:24,134,173.9
263,0.3,12:53,134,173.9
264,0.3,13:01,135,173.9
265,0.3,13:41,135,173.9
266,0.3,14:07,135,173.9
267,0.3,13:32,135,173.9
268,0.3,13:01,135,173.2
269,0.3,12:04,135,173.9
270,0.31,11:33,135,173.9
271,0.31,11:39,136,173.9
272,0.31,11:58,136,174.5
273,0.31,12:18,137,174.5
274,0.31,13:16,137,174.5
275,0.31,13:32,137,174.5
276,0.31,14:07,137,173.9
277,0.31,13:58,137,173.9
278,0.32,13:16,136,173.9
279,0.32,13:01,137,173.9
280,0.32,12:46,137,174.5
281,0.32,12:04,137,174.5
282,0.32,12:11,137,174.5
283,0.32,12:25,138,174.5
284,0.32,12:25,137,174.5
285,0.32,13:01,137,174.5
286,0.33,13:41,137,174.5
287,0.33,14:07,137,174.5
288,0.33,14:44,137,173.9
289,0.33,14:54,136,173.9
290,0.33,14:44,136,173.9
291,0.33,13:41,135,173.2
292,0.33,13:32,136,173.2
293,0.33,13:16,136,173.2
294,0.34,12:39,137,173.2
295,0.34,12:11,137,173.2
296,0.34,12:53,137,173.2
297,0.34,12:39,136,173.2
298,0.34,12:39,136,173.2
299,0.34,12:53,136,173.2
300,0.34,13:01,136,173.2
301,0.34,12:53,135,173.2
302,0.35,13:16,134,173.2
303,0.35,13:32,133,173.2
304,0.35,13:32,132,172.6
305,0.35,13:41,132,172.6
306,0.35,13:58,131,172.6
307,0.35,13:32,132,172.6
308,0.35,13:24,132,172.6
309,0.35,13:01,132,172.6
310,0.36,12:53,133,172.6
311,0.36,12:39,133,171.9
312,0.36,13:08,133,171.9
313,0.36,12:53,133,171.9
314,0.36,13:01,132,171.9
315,0.36,13:24,132,171.9
316,0.36,13:01,133,171.9
317,0.36,12:32,133,171.9
318,0.37,11:39,134,172.6
319,0.37,11:58,134,171.9
320,0.37,11:45,134,172.6
321,0.37,11:45,134,172.6
322,0.37,11:39,134,172.6
323,0.37,12:25,134,172.6
324,0.37,12:11,134,172.6
325,0.38,11:58,135,172.6
326,0.38,12:32,135,172.6
327,0.38,12:53,134,172.6
328,0.38,13:16,135,172.6
329,0.38,13:58,134,172.6
330,0.38,14:54,135,172.6
331,0.38,14:16,135,171.9
332,0.38,13:41,135,171.9
333,0.39,13:58,136,171.9
334,0.39,13:32,136,171.9
335,0.39,13:16,136,171.9
336,0.39,13:32,136,171.9
337,0.39,14:07,135,171.9
338,0.39,13:49,136,171.9
339,0.39,12:53,136,171.9
340,0.39,12:32,135,171.9
341,0.4,12:46,135,171.9
342,0.4,12:39,135,171.9
343,0.4,12:39,135,171.9
344,0.4,13:41,135,171.9
345,0.4,13:49,135,171.9
346,0.4,14:07,135,171.9
347,0.4,14:16,135,171.9
348,0.4,13:49,135,171.9
349,0.41,13:32,135,171.9
350,0.41,13:49,135,171.9
351,0.41,13:16,135,171.9
352,0.41,12:53,135,171.9
353,0.41,12:53,135,171.3
354,0.41,12:18,135,171.3
355,0.41,12:25,134,171.3
356,0.41,12:32,134,171.3
357,0.42,13:01,134,171.3
358,0.42,13:32,134,171.3
359,0.42,14:07,135,171.3
360,0.42,13:58,135,171.3
361,0.42,13:49,135,171.3
362,0.42,13:01,135,171.3
363,0.42,13:08,135,171.3
364,0.42,13:24,135,171.3
365,0.43,13:01,135,171.3
366,0.43,13:08,135,171.3
367,0.43,13:41,135,171.3
368,0.43,13:16,134,171.3
369,0.43,13:32,134,171.9
370,0.43,13:58,133,171.3
371,0.43,13:01,132,171.3
372,0.43,12:39,133,170.6
373,0.44,11:45,133,169.9
374,0.44,11:10,132,169.9
375,0.44,10:59,133,169.9
376,0.44,11:21,133,169.9
377,0.44,11:45,134,169.9
378,0.44,12:32,134,169.9
379,0.44,12:53,135,169.9
380,0.45,13:08,134,169.9
381,0.45,13:32,135,169.9
382,0.45,12:53,134,169.9
383,0.45,13:16,135,169.9
384,0.45,13:32,135,169.9
385,0.45,13:01,135,169.3
386,0.45,13:08,136,169.3
387,0.45,13:08,136,169.3
388,0.46,13:08,136,169.3
389,0.46,13:24,136,169.3
390,0.46,13:08,136,169.3
391,0.46,13:41,137,169.3
392,0.46,14:44,136,169.3
393,0.46,14:16,136,169.3
394,0.46,14:07,135,169.3
395,0.46,15:04,136,169.3
396,0.47,13:49,136,169.3
397,0.47,13:32,137,168.6
398,0.47,14:07,137,168.0
399,0.47,14:07,137,168.0
400,0.47,14:34,137,167.3
401,0.47,14:25,138,167.3
402,0.47,13:49,138,166.7
403,0.47,13:16,138,166.7
404,0.47,13:08,137,166.7
405,0.48,12:18,137,166.7
406,0.48,12:53,137,167.3
407,0.48,12:39,137,167.3
408,0.48,12:39,137,167.3
409,0.48,13:01,137,167.3
410,0.48,13:01,137,168.0
411,0.48,12:39,137,168.0
412,0.49,13:16,138,167.3
413,0.49,13:16,137,168.0
414,0.49,12:18,138,167.3
415,0.49,12:53,137,167.3
416,0.49,13:01,137,168.0
417,0.49,13:08,136,168.0
418,0.49,13:24,135,168.0
419,0.49,13:16,134,168.0
420,0.5,11:58,134,168.0
421,0.5,11:58,134,168.0
422,0.5,12:11,134,168.0
423,0.5,11:58,135,168.0
424,0.5,13:16,135,168.0
425,0.5,14:44,136,168.0
426,0.5,15:04,136,168.0
427,0.5,15:04,137,168.0
428,0.51,15:57,137,168.6
429,0.51,14:44,138,168.6
430,0.51,14:25,138,168.6
431,0.51,14:34,138,168.6
432,0.51,14:25,138,168.6
433,0.51,14:16,139,168.6
434,0.51,13:49,139,168.6
435,0.51,13:32,140,168.6
436,0.51,13:24,140,168.6
437,0.52,12:53,140,168.6
438,0.52,12:39,140,168.6
439,0.52,13:08,139,169.3
440,0.52,13:16,138,169.3
441,0.52,13:32,137,169.3
442,0.52,14:16,136,169.3
443,0.52,13:49,135,169.3
444,0.52,13:49,134,169.3
445,0.53,14:34,134,169.3
446,0.53,13:41,135,168.6
447,0.53,13:32,135,168.6
448,0.53,13:58,135,168.6
449,0.53,13:32,134,168.0
450,0.53,13:16,135,168.0
451,0.53,13:32,135,168.0
452,0.53,12:46,135,168.0
453,0.54,12:39,135,168.0
454,0.54,12:53,135,168.0
455,0.54,12:39,135,168.0
456,0.54,12:46,135,167.3
457,0.54,13:24,135,167.3
458,0.54,13:08,135,167.3
459,0.54,13:32,135,167.3
460,0.54,13:32,136,167.3
461,0.55,13:41,136,166.7
462,0.55,13:41,135,166.7
463,0.55,13:58,135,166.7
464,0.55,13:16,135,166.7
465,0.55,13:49,135,166.7
466,0.55,13:16,136,166.7
467,0.55,13:08,136,166.0
468,0.55,13:24,136,166.0
469,0.56,13:24,136,166.0
470,0.56,13:16,136,166.0
471,0.56,12:39,136,166.0
472,0.56,12:46,134,166.0
473,0.56,12:46,134,166.7
474,0.56,13:24,134,166.7
475,0.56,13:24,134,166.0
476,0.56,14:44,134,166.0
477,0.57,14:34,134,166.0
478,0.57,15:35,134,166.0
479,0.57,16:33,136,166.0
480,0.57,16:21,136,166.0
481,0.57,16:21,136,166.0
482,0.57,16:58,136,166.0
483,0.57,15:04,135,166.0
484,0.57,13:58,135,166.0
485,0.57,13:49,135,166.0
486,0.58,14:07,135,166.0
487,0.58,13:16,135,166.0
488,0.58,13:16,135,166.0
489,0.58,13:01,135,166.0
490,0.58,13:01,136,166.0
491,0.58,12:04,136,166.0
492,0.58,11:33,136,166.0
493,0.59,11:52,136,166.0
494,0.59,11:45,135,166.0
495,0.59,10:43,133,166.0
496,0.59,10:38,130,166.0
497,0.59,10:54,128,166.0
498,0.59,11:10,129,165.4
499,0.59,11:16,129,165.4
500,0.6,12:04,129,164.7
501,0.6,12:32,129,164.7
502,0.6,13:24,129,164.7
503,0.6,12:39,129,164.0
504,0.6,12:46,129,164.0
505,0.6,12:53,130,164.0
506,0.6,12:39,130,163.4
507,0.6,12:18,129,163.4
508,0.61,12:32,129,162.7
509,0.61,13:01,129,162.1
510,0.61,12:39,129,162.1
511,0.61,12:46,129,162.1
512,0.61,12:39,129,161.4
513,0.61,12:18,130,161.4
514,0.61,11:45,130,160.8
515,0.62,12:39,130,160.8
516,0.62,13:08,130,160.1
517,0.62,13:24,130,160.1
518,0.62,13:58,131,159.4
519,0.62,14:16,131,158.8
520,0.62,13:41,132,158.1
521,0.62,13:24,132,158.1
522,0.62,13:41,132,157.5
523,0.62,13:32,133,157.5
524,0.63,13:49,133,156.8
525,0.63,13:32,133,156.8
526,0.63,13:32,133,156.2
527,0.63,13:41,133,155.5
528,0.63,13:32,133,155.5
529,0.63,13:24,132,154.9
530,0.63,13:58,133,154.9
531,0.63,14:16,133,154.9
532,0.64,13:49,133,154.9
533,0.64,13:58,133,154.9
534,0.64,13:41,133,154.9
535,0.64,13:16,135,154.9
536,0.64,12:46,135,154.9
537,0.64,12:53,135,154.2
538,0.64,13:01,137,154.2
539,0.64,12:32,137,153.5
540,0.65,12:32,136,153.5
541,0.65,11:58,137,153.5
542,0.65,11:16,137,152.9
543,0.65,10:59,137,152.9
544,0.65,11:05,137,152.9
545,0.65,10:43,136,152.9
546,0.66,11:05,137,152.9
547,0.66,10:59,136,152.9
548,0.66,10:54,136,152.2
549,0.66,10:54,136,152.2
550,0.66,11:10,136,152.2
551,0.66,11:16,136,152.2
552,0.66,11:39,136,152.2
553,0.67,11:45,136,151.6
554,0.67,12:11,135,151.6
555,0.67,12:46,136,151.6
556,0.67,13:01,136,151.6
557,0.67,13:16,136,151.6
558,0.67,13:24,136,152.2
559,0.67,12:53,136,152.2
560,0.67,12:39,136,152.2
561,0.68,12:25,136,152.2
562,0.68,12:46,136,151.6
563,0.68,13:32,136,151.6
564,0.68,13:58,135,151.6
565,0.68,13:49,135,151.6
566,0.68,13:58,135,151.6
567,0.68,12:46,134,151.6
568,0.69,11:39,134,150.9
569,0.69,11:52,134,150.9
570,0.69,11:39,133,150.9
571,0.69,12:18,133,150.9
572,0.69,13:01,133,150.3
573,0.69,13:24,134,150.3
574,0.69,13:24,135,150.3
575,0.69,13:58,135,149.6
576,0.7,13:08,136,149.6
577,0.7,13:24,136,149.6
578,0.7,13:32,136,149.6
579,0.7,13:08,135,149.0
580,0.7,13:08,135,149.0
581,0.7,12:11,135,149.0
582,0.7,11:21,135,149.0
583,0.7,11:16,134,149.0
584,0.71,10:48,134,148.3
585,0.71,10:33,134,148.3
586,0.71,11:16,134,147.6
587,0.71,11:21,133,147.6
588,0.71,11:39,134,147.0
589,0.71,11:33,134,147.0
590,0.72,11:39,133,146.3
591,0.72,12:18,133,145.7
592,0.72,13:16,134,145.7
593,0.72,13:16,133,145.0
594,0.72,14:44,134,145.0
595,0.72,14:34,133,144.4
596,0.72,13:24,134,144.4
597,0.72,12:46,134,143.7
598,0.73,11:52,134,143.0
599,0.73,10:43,133,143.0
600,0.73,10:43,133,142.4
601,0.73,10:33,133,141.7
602,0.73,10:43,133,141.1
603,0.73,11:10,133,140.4
604,0.73,12:18,133,140.4
605,0.74,12:11,133,139.8
606,0.74,11:58,133,139.1
607,0.74,11:58,132,139.1
608,0.74,12:11,132,138.5
609,0.74,12:11,133,138.5
610,0.74,12:46,133,137.8
611,0.74,13:32,133,137.8
612,0.74,13:32,133,137.8
613,0.75,13:32,131,137.1
614,0.75,13:08,132,137.1
615,0.75,12:32,132,136.5
616,0.75,12:18,132,136.5
617,0.75,11:58,132,135.8
618,0.75,11:52,132,135.2
619,0.75,11:21,132,135.2
620,0.76,11:27,133,135.2
621,0.76,11:45,133,134.5
622,0.76,11:58,133,133.9
623,0.76,11:52,132,133.9
624,0.76,12:32,131,133.2
625,0.76,12:25,131,132.5
626,0.76,12:32,132,132.5
627,0.76,12:53,131,131.9
628,0.77,12:46,131,131.9
629,0.77,12:53,131,131.2
630,0.77,13:01,131,131.2
631,0.77,12:53,130,130.6
632,0.77,13:01,128,130.6
633,0.77,12:53,128,130.6
634,0.77,12:32,128,129.9
635,0.78,12:18,128,129.9
636,0.78,11:52,128,129.3
637,0.78,11:21,129,128.6
638,0.78,11:16,129,128.6
639,0.78,11:21,130,128.0
640,0.78,11:58,130,128.0
641,0.78,11:52,132,128.0
642,0.79,12:18,132,127.3
643,0.79,12:53,133,127.3
644,0.79,13:32,132,126.6
645,0.79,13:32,132,126.6
646,0.79,13:49,133,126.0
647,0.79,13:32,133,126.0
648,0.79,13:16,133,126.0
649,0.79,13:01,133,126.0
650,0.8,12:11,133,125.3
651,0.8,12:18,133,125.3
652,0.8,12:39,132,124.7
653,0.8,12:32,132,124.7
654,0.8,11:33,132,124.7
655,0.8,11:58,133,124.7
656,0.8,11:45,133,124.7
657,0.81,11:33,133,124.7
658,0.81,12:18,135,124.0
659,0.81,12:25,135,124.0
660,0.81,12:46,135,124.0
661,0.81,13:32,135,124.0
662,0.81,13:08,135,124.0
663,0.81,12:46,135,124.0
664,0.81,13:32,134,124.0
665,0.82,12:46,134,124.0
666,0.82,12:39,135,124.0
667,0.82,12:46,134,124.0
668,0.82,12:46,134,124.0
669,0.82,13:01,134,124.0
670,0.82,13:01,134,124.0
671,0.82,12:53,134,124.0
672,0.82,13:32,133,124.0
673,0.83,13:08,133,124.0
674,0.83,12:39,131,124.0
675,0.83,13:16,132,124.7
676,0.83,13:16,131,124.0
677,0.83,12:46,132,124.7
678,0.83,12:53,132,124.7
679,0.83,12:18,131,124.7
680,0.84,11:39,132,124.7
681,0.84,10:54,133,124.7
682,0.84,10:38,135,124.7
683,0.84,11:10,135,124.7
684,0.84,12:11,135,124.7
685,0.84,12:39,132,124.7
686,0.84,13:41,131,124.0
687,0.84,13:49,132,124.0
688,0.85,13:16,132,124.0
689,0.85,13:08,132,124.7
690,0.85,13:32,133,124.7
691,0.85,14:07,133,124.7
692,0.85,14:44,134,124.7
693,0.85,14:25,134,125.3
694,0.85,14:16,133,124.7
695,0.85,13:58,133,124.7
696,0.86,13:24,134,124.7
697,0.86,13:41,133,124.7
698,0.86,13:58,133,124.7
699,0.86,14:07,133,124.7
700,0.86,14:34,134,125.3
701,0.86,14:34,134,125.3
702,0.86,14:07,134,126.0
703,0.86,14:16,135,126.0
704,0.86,14:07,135,126.0
705,0.87,13:32,135,126.0
706,0.87,13:58,135,126.0
707,0.87,13:49,135,126.0
708,0.87,13:32,136,126.0
709,0.87,13:41,136,126.0
710,0.87,14:07,137,126.0
711,0.87,13:58,137,126.0
712,0.87,13:58,137,126.0
713,0.88,13:41,137,126.0
714,0.88,13:41,137,126.0
715,0.88,13:16,137,126.0
716,0.88,12:53,137,126.0
717,0.88,13:24,138,126.0
718,0.88,13:24,138,126.6
719,0.88,13:24,139,126.6
720,0.88,13:41,139,127.3
721,0.89,13:24,139,126.6
722,0.89,13:24,139,127.3
723,0.89,13:49,139,127.3
724,0.89,13:49,139,127.3
725,0.89,13:41,139,128.0
726,0.89,14:07,139,128.0
727,0.89,13:24,139,128.0
728,0.89,13:24,139,128.0
729,0.9,13:49,137,128.0
730,0.9,14:07,138,127.3
731,0.9,14:25,138,127.3
732,0.9,14:25,137,127.3
733,0.9,14:16,137,127.3
734,0.9,13:49,136,127.3
735,0.9,13:41,135,127.3
736,0.9,13:32,135,127.3
737,0.9,14:07,135,127.3
738,0.91,13:24,135,126.6
739,0.91,13:01,135,126.6
740,0.91,12:11,135,126.6
741,0.91,11:39,134,126.0
742,0.91,11:27,135,126.0
743,0.91,11:58,135,126.0
744,0.91,11:39,135,126.0
745,0.92,12:25,136,126.0
746,0.92,12:11,136,126.6
747,0.92,11:45,136,126.6
748,0.92,11:52,137,126.6
749,0.92,12:18,136,126.6
750,0.92,11:58,137,126.0
751,0.92,11:39,137,126.0
752,0.93,11:39,137,125.3
753,0.93,11:39,136,125.3
754,0.93,11:21,137,125.3
755,0.93,11:45,137,124.7
756,0.93,13:16,137,124.7
757,0.93,13:24,138,124.7
758,0.93,13:49,138,124.7
759,0.93,14:34,137,124.0
760,0.94,14:07,137,124.0
761,0.94,13:41,137,124.0
762,0.94,13:49,137,124.0
763,0.94,13:08,138,124.0
764,0.94,13:16,138,123.4
765,0.94,13:16,138,123.4
766,0.94,12:46,138,123.4
767,0.94,13:08,138,123.4
768,0.95,12:32,137,123.4
769,0.95,12:18,137,123.4
770,0.95,12:18,137,123.4
771,0.95,12:39,137,123.4
772,0.95,12:46,137,123.4
773,0.95,13:32,137,123.4
774,0.95,13:32,137,123.4
775,0.96,13:41,138,122.7
776,0.96,13:24,138,122.7
777,0.96,12:53,138,122.7
778,0.96,13:08,138,122.0
779,0.96,13:08,139,122.0
780,0.96,13:16,139,122.0
781,0.96,14:07,139,121.4
782,0.96,14:34,139,121.4
783,0.96,14:34,139,122.0
784,0.97,14:16,139,122.0
785,0.97,13:49,139,122.0
786,0.97,12:53,139,122.0
787,0.97,12:32,139,121.4
788,0.97,12:04,139,121.4
789,0.97,12:11,139,121.4
790,0.97,11:58,139,120.7
791,0.98,12:11,138,120.7
792,0.98,12:39,139,120.7
793,0.98,13:01,139,120.7
794,0.98,12:04,140,120.7
795,0.98,12:25,140,120.7
796,0.98,12:39,140,120.7
797,0.98,12:18,140,120.7
798,0.98,12:32,140,120.1
799,0.99,13:32,140,120.1
800,0.99,13:49,140,120.1
801,0.99,13:08,140,120.1
802,0.99,12:46,140,120.1
803,0.99,12:39,140,120.1
804,0.99,12:39,140,120.1
805,0.99,12:39,139,120.1
806,1.0,13:01,139,120.1
807,1.0,13:41,139,120.1
808,1.0,13:16,139,120.1
809,1.0,13:08,140,119.4
810,1.0,12:46,140,119.4
811,1.0,13:01,140,119.4
812,1.0,12:53,139,119.4
813,1.0,12:46,138,119.4
814,1.01,13:32,138,119.4
815,1.01,13:58,139,119.4
816,1.01,13:49,139,119.4
817,1.01,13:41,139,119.4
818,1.01,14:07,140,119.4
819,1.01,13:41,140,119.4
820,1.01,12:39,140,119.4
821,1.01,12:11,140,119.4
822,1.02,12:04,140,118.8
823,1.02,12:04,141,118.8
824,1.02,11:45,140,118.8
825,1.02,12:32,140,118.1
826,1.02,12:46,141,118.1
827,1.02,13:01,141,118.1
828,1.02,12:53,141,118.1
829,1.02,12:39,141,118.1
830,1.03,12:32,141,118.1
831,1.03,12:53,141,117.5
832,1.03,12:46,141,117.5
833,1.03,12:39,141,116.8
834,1.03,12:53,141,116.8
835,1.03,13:16,141,116.8
836,1.03,13:16,140,116.8
837,1.03,13:58,140,116.8
838,1.04,14:07,139,116.8
839,1.04,13:58,139,116.8
840,1.04,13:01,139,116.8
841,1.04,13:01,140,116.1
842,1.04,12:25,139,116.1
843,1.04,12:18,139,116.1
844,1.04,12:39,139,115.5
845,1.05,12:53,139,115.5
846,1.05,12:46,140,115.5
847,1.05,12:46,140,115.5
848,1.05,12:53,140,115.5
849,1.05,12:46,139,114.8
850,1.05,12:53,139,114.8
851,1.05,13:08,139,114.8
852,1.05,13:16,139,114.8
853,1.06,13:16,138,114.8
854,1.06,13:16,138,114.8
855,1.06,13:24,137,114.8
856,1.06,12:11,136,114.8
857,1.06,12:11,136,114.8
858,1.06,12:39,135,114.8
859,1.06,12:46,134,114.8
860,1.06,12:46,134,114.2
861,1.07,13:41,134,114.2
862,1.07,13:32,134,114.2
863,1.07,13:08,134,114.2
864,1.07,12:53,134,114.2
865,1.07,13:08,135,114.2
866,1.07,12:46,135,114.2
867,1.07,12:39,136,114.2
868,1.08,11:52,136,114.2
869,1.08,11:33,137,114.2
870,1.08,12:04,137,113.5
871,1.08,12:39,137,113.5
872,1.08,12:46,135,113.5
873,1.08,13:49,135,113.5
874,1.08,14:54,135,113.5
875,1.08,14:07,136,113.5
876,1.08,13:49,136,113.5
877,1.09,14:07,136,113.5
878,1.09,13:58,137,113.5
879,1.09,13:32,137,113.5
880,1.09,13:08,138,113.5
881,1.09,13:24,137,113.5
882,1.09,13:08,137,113.5
883,1.09,12:46,138,113.5
884,1.09,13:16,138,113.5
885,1.1,13:08,137,113.5
886,1.1,13:32,138,113.5
887,1.1,14:25,138,113.5
888,1.1,14:54,139,113.5
889,1.1,14:34,138,113.5
890,1.1,15:14,139,113.5
891,1.1,14:25,139,112.9
892,1.1,13:49,138,112.9
893,1.11,13:58,138,112.9
894,1.11,13:32,138,112.9
895,1.11,14:25,138,112.9
896,1.11,15:14,138,112.9
897,1.11,15:14,138,112.9
898,1.11,15:46,138,112.9
899,1.11,15:46,138,112.9
900,1.11,13:58,138,112.9
901,1.11,12:46,139,112.2
902,1.12,12:25,139,112.2
903,1.12,11:52,138,112.2
904,1.12,11:58,138,112.2
905,1.12,12:11,138,112.2
906,1.12,12:46,138,112.2
907,1.12,12:39,139,112.2
908,1.12,12:25,138,112.2
909,1.13,13:01,139,112.2
910,1.13,12:46,139,112.2
911,1.13,12:32,139,112.2
912,1.13,12:46,139,112.2
913,1.13,12:04,139,112.2
914,1.13,11:39,138,112.9
915,1.13,12:04,137,112.2
916,1.14,11:52,137,112.9
917,1.14,11:52,137,112.2
918,1.14,12:46,138,112.2
919,1.14,12:32,138,112.2
920,1.14,12:39,138,112.2
921,1.14,13:16,138,112.2
922,1.14,13:08,138,112.2
923,1.14,13:24,139,112.2
924,1.15,13:41,139,112.2
925,1.15,13:32,139,112.2
926,1.15,14:16,138,112.2
927,1.15,14:07,138,112.2
928,1.15,14:07,137,112.2
929,1.15,14:07,138,112.2
930,1.15,12:53,138,112.9
931,1.15,12:11,138,112.9
932,1.16,12:18,138,112.9
933,1.16,11:58,137,112.9
934,1.16,12:04,138,112.9
935,1.16,13:32,138,112.9
936,1.16,13:01,137,112.9
937,1.16,13:16,137,112.2
938,1.16,13:49,137,112.2
939,1.16,13:41,138,112.2
940,1.17,13:16,139,112.2
941,1.17,13:49,138,112.2
942,1.17,13:16,138,112.2
943,1.17,13:01,137,112.2
944,1.17,13:01,138,112.2
945,1.17,12:53,139,112.2
946,1.17,12:46,139,112.2
947,1.17,13:08,139,112.2
948,1.18,12:46,139,112.2
949,1.18,12:46,139,112.2
950,1.18,12:53,139,112.2
951,1.18,12:53,139,112.2
952,1.18,13:01,139,112.2
953,1.18,13:08,139,112.2
954,1.18,13:08,138,112.2
955,1.18,13:24,138,112.2
956,1.19,13:01,137,112.2
957,1.19,12:53,138,111.5
958,1.19,13:08,137,111.5
959,1.19,13:16,137,111.5
960,1.19,12:46,137,111.5
961,1.19,13:08,137,111.5
962,1.19,13:32,137,111.5
963,1.19,13:08,138,111.5
964,1.2,12:32,138,111.5
965,1.2,12:25,138,110.9
966,1.2,12:25,139,110.9
967,1.2,11:21,138,110.9
968,1.2,12:04,138,110.2
969,1.2,12:18,138,110.2
970,1.2,12:53,138,110.2
971,1.21,13:01,137,110.2
972,1.21,13:32,137,110.2
973,1.21,12:53,136,110.2
974,1.21,13:16,137,109.6
975,1.21,12:53,136,109.6
976,1.21,12:46,137,109.6
977,1.21,13:01,137,109.6
978,1.21,12:53,137,109.6
979,1.22,12:46,136,109.6
980,1.22,12:46,136,109.6
981,1.22,12:46,136,109.6
982,1.22,13:01,136,109.6
983,1.22,12:46,135,108.9
984,1.22,13:01,135,108.9
985,1.22,13:41,136,108.3
986,1.22,14:16,136,108.3
987,1.23,14:44,136,108.3
988,1.23,15:04,136,108.3
989,1.23,15:04,136,108.3
990,1.23,14:34,136,108.3
991,1.23,13:41,136,108.3
992,1.23,13:16,136,108.3
993,1.23,13:49,137,108.3
994,1.23,13:16,137,107.6
995,1.24,12:53,138,107.6
996,1.24,12:46,138,107.6
997,1.24,12:32,138,107.6
998,1.24,12:18,138,107.6
999,1.24,11:58,139,107.6
1000,1.24,11:52,139,107.6
1001,1.24,12:11,139,107.6
1002,1.24,12:46,139,107.6
1003,1.25,11:58,139,107.0
1004,1.25,12:11,138,107.0
1005,1.25,12:32,137,107.0
1006,1.25,12:46,137,106.3
1007,1.25,12:18,137,106.3
1008,1.25,12:53,137,106.3
1009,1.25,13:41,137,106.3
1010,1.26,13:32,136,106.3
1011,1.26,13:41,136,106.3
1012,1.26,13:58,136,106.3
1013,1.26,14:25,136,106.3
1014,1.26,14:34,136,106.3
1015,1.26,14:44,136,106.3
1016,1.26,14:07,135,105.6
1017,1.26,14:07,136,105.6
1018,1.26,13:32,136,105.6
1019,1.27,12:46,136,105.0
1020,1.27,12:53,135,105.0
1021,1.27,13:24,136,105.0
1022,1.27,13:41,136,105.0
1023,1.27,14:07,136,105.0
1024,1.27,14:07,136,105.0
1025,1.27,13:58,136,105.0
1026,1.27,14:16,136,105.0
1027,1.28,13:41,137,105.0
1028,1.28,13:41,137,105.0
1029,1.28,13:41,137,104.3
1030,1.28,13:41,137,104.3
1031,1.28,13:16,137,104.3
1032,1.28,13:24,137,104.3
1033,1.28,13:08,138,104.3
1034,1.28,13:16,137,104.3
1035,1.29,13:01,137,104.3
1036,1.29,12:39,137,104.3
1037,1.29,12:25,136,104.3
1038,1.29,11:39,136,104.3
1039,1.29,11:16,136,103.7
1040,1.29,11:21,136,103.7
1041,1.29,11:21,137,103.7
1042,1.3,11:45,137,103.0
1043,1.3,12:32,137,103.0
1044,1.3,13:08,136,103.0
1045,1.3,13:01,137,103.0
1046,1.3,12:46,137,103.0
1047,1.3,12:11,137,103.0
1048,1.3,12:04,137,103.0
1049,1.31,11:27,136,103.0
1050,1.31,11:33,136,102.4
1051,1.31,12:04,136,102.4
1052,1.31,12:04,136,102.4
1053,1.31,12:11,136,102.4
1054,1.31,13:01,136,102.4
1055,1.31,12:53,137,101.7
1056,1.31,13:08,136,101.7
1057,1.32,14:16,136,101.7
1058,1.32,14:34,136,101.0
1059,1.32,14:44,136,101.0
1060,1.32,15:24,136,101.0
1061,1.32,15:35,137,101.0
1062,1.32,14:54,137,101.0
1063,1.32,13:49,136,101.0
1064,1.32,13:32,137,101.0
1065,1.32,13:24,138,101.0
1066,1.33,12:32,137,101.0
1067,1.33,12:25,138,101.0
1068,1.33,13:08,138,101.0
1069,1.33,13:01,138,100.4
1070,1.33,13:01,138,100.4
1071,1.33,13:01,139,100.4
1072,1.33,13:32,139,100.4
1073,1.33,13:49,139,100.4
1074,1.34,13:08,139,100.4
1075,1.34,13:08,140,100.4
1076,1.34,13:41,140,100.4
1077,1.34,13:16,140,100.4
1078,1.34,13:08,141,101.0
1079,1.34,13:58,141,101.0
1080,1.34,14:07,141,101.0
1081,1.34,14:07,141,101.0
1082,1.35,14:16,141,101.0
1083,1.35,13:58,141,101.0
1084,1.35,13:49,141,101.0
1085,1.35,13:49,141,101.0
1086,1.35,13:32,141,101.0
1087,1.35,13:24,141,101.0
1088,1.35,13:24,140,101.0
1089,1.35,13:49,139,101.7
1090,1.36,13:49,137,101.7
1091,1.36,14:07,137,101.7
1092,1.36,13:58,134,101.0
1093,1.36,13:58,132,101.0
1094,1.36,13:58,130,101.0
1095,1.36,13:58,130,101.0
1096,1.36,13:49,131,101.0
1097,1.36,13:41,132,101.0
1098,1.37,13:49,133,101.0
1099,1.37,14:16,134,101.0
1100,1.37,13:49,133,101.0
1101,1.37,14:07,133,100.4
1102,1.37,14:34,131,100.4
1103,1.37,14:34,131,100.4
1104,1.37,14:16,129,100.4
1105,1.37,15:14,129,100.4
1106,1.37,14:54,129,100.4
1107,1.37,16:45,127,100.4
1108,1.38,16:21,126,100.4
1109,1.38,14:54,126,100.4
1110,1.38,14:07,126,100.4
1111,1.38,14:07,126,100.4
1112,1.38,11:45,131,100.4
1113,1.38,11:52,132,99.7
1114,1.38,12:11,133,99.7
1115,1.39,12:18,134,99.7
1116,1.39,12:39,134,99.7
1117,1.39,13:49,134,99.7
1118,1.39,14:54,133,99.7
1119,1.39,15:24,134,99.7
1120,1.39,15:14,134,99.7
1121,1.39,14:34,134,99.7
1122,1.39,14:25,134,99.7
1123,1.39,13:32,135,99.7
1124,1.4,13:16,135,99.7
1125,1.4,13:08,135,99.7
1126,1.4,13:08,134,99.7
1127,1.4,12:25,134,99.7
1128,1.4,11:33,136,99.1
1129,1.4,11:39,135,99.1
1130,1.4,11:33,136,99.1
1131,1.41,11:33,136,99.1
1132,1.41,12:25,136,99.1
1133,1.41,13:16,136,99.1
1134,1.41,13:01,136,99.1
1135,1.41,12:53,137,98.4
1136,1.41,12:46,136,98.4
1137,1.41,12:32,136,99.1
1138,1.41,12:53,137,99.1
1139,1.42,12:25,136,98.4
1140,1.42,13:01,137,98.4
1141,1.42,12:53,137,98.4
1142,1.42,12:25,136,98.4
1143,1.42,11:52,136,98.4
1144,1.42,12:32,137,98.4
1145,1.42,11:52,137,98.4
1146,1.43,12:18,137,98.4
1147,1.43,12:11,137,98.4
1148,1.43,12:39,137,98.4
1149,1.43,12:32,137,98.4
1150,1.43,12:11,136,98.4
1151,1.43,12:18,136,98.4
1152,1.43,12:53,136,98.4
1153,1.43,12:53,136,98.4
1154,1.44,13:32,136,97.8
1155,1.44,15:04,135,97.8
1156,1.44,14:25,135,97.8
1157,1.44,14:16,136,97.8
1158,1.44,14:07,135,97.8
1159,1.44,13:41,134,98.4
1160,1.44,13:41,133,98.4
1161,1.44,13:41,133,98.4
1162,1.45,13:16,133,98.4
1163,1.45,12:53,135,98.4
1164,1.45,12:25,137,98.4
1165,1.45,11:52,137,98.4
1166,1.45,11:58,137,98.4
1167,1.45,12:39,138,98.4
1168,1.45,13:01,139,98.4
1169,1.46,13:08,139,98.4
1170,1.46,12:39,138,98.4
1171,1.46,13:16,138,98.4
1172,1.46,12:53,138,98.4
1173,1.46,13:08,139,98.4
1174,1.46,13:41,139,98.4
1175,1.46,14:44,139,98.4
1176,1.46,13:58,139,98.4
1177,1.46,13:41,140,98.4
1178,1.47,13:24,139,98.4
1179,1.47,12:46,139,97.8
1180,1.47,12:25,139,97.8
1181,1.47,12:53,140,97.8
1182,1.47,12:46,139,97.8
1183,1.47,12:53,140,97.8
1184,1.47,12:53,140,97.8
1185,1.48,12:25,140,97.8
1186,1.48,11:39,140,98.4
1187,1.48,12:53,141,97.8
1188,1.48,13:16,141,97.8
1189,1.48,13:41,141,98.4
1190,1.48,14:54,140,98.4
1191,1.48,15:35,140,98.4
1192,1.48,14:34,140,98.4
1193,1.48,13:49,139,98.4
1194,1.49,13:41,139,97.8
1195,1.49,13:24,138,97.8
1196,1.49,13:08,137,97.8
1197,1.49,13:08,137,97.8
1198,1.49,12:39,138,97.1
1199,1.49,13:24,138,97.1
1200,1.49,13:49,138,97.1
1201,1.5,13:32,138,97.1
1202,1.5,13:32,138,97.1
1203,1.5,14:54,138,97.1
1204,1.5,14:25,139,97.1
1205,1.5,14:16,139,97.1
1206,1.5,15:14,139,97.1
1207,1.5,14:34,141,97.1
1208,1.5,13:49,141,97.1
1209,1.5,13:32,141,96.5
1210,1.51,13:32,142,97.1
1211,1.51,13:01,142,96.5
1212,1.51,12:53,142,96.5
1213,1.51,13:01,142,96.5
1214,1.51,13:24,143,97.1
1215,1.51,13:24,143,97.1
1216,1.51,13:16,143,97.1
1217,1.51,13:32,143,97.1
1218,1.52,13:16,143,97.1
1219,1.52,12:46,143,96.5
1220,1.52,12:25,143,96.5
1221,1.52,12:53,143,96.5
1222,1.52,13:41,143,96.5
1223,1.52,14:25,144,95.8
1224,1.52,14:16,145,95.8
1225,1.52,14:25,146,95.1
1226,1.53,13:41,146,95.1
1227,1.53,12:39,145,94.5
1228,1.53,12:18,142,94.5
1229,1.53,12:32,141,94.5
1230,1.53,12:25,141,93.8
1231,1.53,12:39,141,93.8
1232,1.53,13:24,141,93.8
1233,1.53,12:46,141,93.2
1234,1.54,12:46,142,93.2
1235,1.54,12:25,142,92.5
1236,1.54,12:25,142,91.9
1237,1.54,11:45,141,91.9
1238,1.54,12:39,141,91.2
1239,1.54,12:32,141,91.2
1240,1.54,12:25,141,91.2
1241,1.55,12:25,141,91.2
1242,1.55,13:08,141,91.2
1243,1.55,12:25,140,91.2
1244,1.55,12:32,140,91.2
1245,1.55,13:24,140,91.2
1246,1.55,14:07,141,91.2
1247,1.55,14:07,141,91.2
1248,1.55,15:35,140,91.2
1249,1.55,15:14,141,91.2
1250,1.56,14:44,141,91.2
1251,1.56,14:16,140,91.2
1252,1.56,13:58,140,91.2
1253,1.56,12:32,141,91.2
1254,1.56,13:24,141,90.6
1255,1.56,13:16,141,91.2
1256,1.56,13:32,142,90.6
1257,1.56,13:41,142,91.2
1258,1.57,14:16,141,91.2
1259,1.57,13:41,141,91.9
1260,1.57,14:07,141,91.9
1261,1.57,13:49,142,91.9
1262,1.57,13:08,142,91.9
1263,1.57,13:08,142,91.9
1264,1.57,13:49,142,91.9
1265,1.57,13:32,142,91.9
1266,1.58,13:49,142,92.5
1267,1.58,13:49,143,93.2
1268,1.58,13:58,142,93.2
1269,1.58,13:16,142,93.2
1270,1.58,13:32,142,93.2
1271,1.58,12:39,143,92.5
1272,1.58,12:53,143,92.5
1273,1.59,12:25,143,93.2
1274,1.59,11:45,143,93.2
1275,1.59,12:04,143,93.8
1276,1.59,13:24,144,94.5
1277,1.59,13:58,144,95.1
1278,1.59,15:04,144,95.1
1279,1.59,15:24,144,95.1
1280,1.59,15:24,144,95.1
1281,1.59,15:24,144,95.1
1282,1.59,15:24,144,95.1
1283,1.6,15:46,144,95.1
1284,1.6,16:45,144,95.8
1285,1.6,16:33,144,95.8
1286,1.6,15:24,143,95.8
1287,1.6,15:46,143,95.8
1288,1.6,14:16,144,95.8
1289,1.6,14:07,144,96.5
1290,1.6,13:58,143,96.5
1291,1.61,13:24,143,96.5
1292,1.61,13:01,144,96.5
1293,1.61,14:07,143,97.1
1294,1.61,14:25,144,97.1
1295,1.61,14:16,144,97.1
1296,1.61,15:35,144,97.8
1297,1.61,15:14,144,97.8
1298,1.61,13:58,144,97.8
1299,1.61,13:32,144,98.4
1300,1.62,13:58,143,99.1
1301,1.62,13:16,144,99.7
1302,1.62,13:58,144,99.7
1303,1.62,14:34,144,99.7
1304,1.62,14:25,143,99.7
1305,1.62,13:32,143,99.7
1306,1.62,13:41,143,99.1
1307,1.62,12:39,144,99.7
1308,1.63,12:39,144,99.7
1309,1.63,12:25,144,100.4
1310,1.63,12:39,143,100.4
1311,1.63,13:01,144,100.4
1312,1.63,12:53,144,100.4
1313,1.63,13:08,147,101.0
1314,1.63,13:58,147,101.0
1315,1.63,14:16,146,101.0
1316,1.64,14:54,144,101.0
1317,1.64,15:46,143,101.0
1318,1.64,14:54,144,100.4
1319,1.64,14:44,144,100.4
1320,1.64,14:34,143,100.4
1321,1.64,13:16,143,100.4
1322,1.64,13:01,142,100.4
1323,1.64,12:53,142,99.7
1324,1.65,13:08,143,99.7
1325,1.65,13:24,143,99.1
1326,1.65,13:16,143,99.1
1327,1.65,13:01,143,98.4
1328,1.65,13:16,142,98.4
1329,1.65,13:01,143,98.4
1330,1.65,12:39,143,98.4
1331,1.65,13:08,143,98.4
1332,1.66,12:46,143,98.4
1333,1.66,12:39,144,99.1
1334,1.66,12:04,143,99.1
1335,1.66,11:39,144,99.1
1336,1.66,11:33,144,99.1
1337,1.66,12:39,143,99.1
1338,1.66,13:49,142,99.1
1339,1.66,14:16,141,99.1
1340,1.67,15:24,142,99.1
1341,1.67,15:46,142,99.1
1342,1.67,14:54,142,99.1
1343,1.67,13:58,142,99.7
1344,1.67,14:25,143,99.7
1345,1.67,13:49,144,99.7
1346,1.67,13:41,144,99.7
1347,1.67,14:34,143,99.7
1348,1.67,14:34,143,99.7
1349,1.68,13:41,144,99.7
1350,1.68,13:49,144,99.7
1351,1.68,13:58,144,99.7
1352,1.68,13:24,143,99.7
1353,1.68,13:01,143,99.7
1354,1.68,13:32,142,99.1
1355,1.68,13:24,142,99.1
1356,1.69,12:39,142,99.1
1357,1.69,12:18,142,98.4
1358,1.69,13:01,142,98.4
1359,1.69,13:16,142,98.4
1360,1.69,13:16,142,98.4
1361,1.69,14:07,142,99.1
1362,1.69,14:25,143,99.1
1363,1.69,15:14,143,98.4
1364,1.69,14:44,144,98.4
1365,1.7,16:09,144,98.4
1366,1.7,16:58,143,98.4
1367,1.7,17:38,142,98.4
1368,1.7,15:35,142,98.4
1369,1.7,14:34,143,98.4
1370,1.7,13:16,145,98.4
1371,1.7,12:39,145,98.4
1372,1.7,11:52,145,98.4
1373,1.71,11:39,144,98.4
1374,1.71,11:58,145,97.8
1375,1.71,11:45,145,97.8
1376,1.71,11:33,145,97.8
1377,1.71,12:18,145,97.8
1378,1.71,12:46,145,97.8
1379,1.71,12:53,145,97.8
1380,1.71,13:32,145,97.1
1381,1.72,13:08,145,97.1
1382,1.72,12:39,144,97.1
1383,1.72,13:08,144,97.1
1384,1.72,13:49,144,97.1
1385,1.72,14:16,144,97.1
1386,1.72,15:24,144,97.1
1387,1.72,15:04,143,97.1
1388,1.72,14:25,143,97.8
1389,1.73,14:16,143,97.8
1390,1.73,13:49,143,97.8
1391,1.73,13:24,143,97.8
1392,1.73,14:16,144,97.8
1393,1.73,15:35,144,97.8
1394,1.73,15:14,143,97.8
1395,1.73,15:24,142,98.4
1396,1.73,15:24,142,98.4
1397,1.73,14:44,142,98.4
1398,1.74,13:16,142,98.4
1399,1.74,13:41,141,99.1
1400,1.74,13:58,140,99.1
1401,1.74,13:41,142,99.1
1402,1.74,13:41,142,99.1
1403,1.74,13:32,143,99.1
1404,1.74,13:41,143,99.1
1405,1.74,13:08,143,99.1
1406,1.75,13:32,142,99.1
1407,1.75,13:08,143,99.1
1408,1.75,13:41,143,99.1
1409,1.75,13:41,142,99.1
1410,1.75,13:49,142,99.1
1411,1.75,13:49,143,99.7
1412,1.75,14:16,142,99.7
1413,1.75,14:54,143,99.7
1414,1.75,14:34,143,100.4
1415,1.76,14:34,143,100.4
1416,1.76,13:58,142,100.4
1417,1.76,14:07,142,100.4
1418,1.76,13:16,142,101.0
1419,1.76,12:32,143,101.0
1420,1.76,11:58,143,101.0
1421,1.76,12:11,143,101.0
1422,1.77,12:11,143,101.0
1423,1.77,12:46,144,101.7
1424,1.77,13:16,143,101.7
1425,1.77,13:41,143,101.7
1426,1.77,13:49,143,102.4
1427,1.77,14:34,143,102.4
1428,1.77,14:54,143,102.4
1429,1.77,15:24,142,102.4
1430,1.77,15:35,142,102.4
1431,1.78,15:14,143,102.4
1432,1.78,14:44,143,102.4
1433,1.78,13:49,143,102.4
1434,1.78,13:01,143,102.4
1435,1.78,13:08,143,102.4
1436,1.78,13:16,143,102.4
1437,1.78,12:46,144,102.4
1438,1.78,13:01,144,102.4
1439,1.79,13:24,144,102.4
1440,1.79,13:32,145,102.4
1441,1.79,13:58,145,102.4
1442,1.79,14:16,145,102.4
1443,1.79,13:24,146,103.0
1444,1.79,13:41,146,103.0
1445,1.79,13:49,146,103.0
1446,1.79,13:58,145,103.7
1447,1.79,14:44,145,103.7
1448,1.8,15:24,146,103.7
1449,1.8,15:35,146,103.0
1450,1.8,16:21,145,103.0
1451,1.8,15:35,146,103.0
1452,1.8,14:34,146,103.0
1453,1.8,15:04,146,103.0
1454,1.8,14:07,145,103.0
1455,1.8,13:24,145,103.0
1456,1.81,13:58,145,103.0
1457,1.81,13:32,144,102.4
1458,1.81,13:16,144,102.4
1459,1.81,14:16,144,102.4
1460,1.81,13:58,144,102.4
1461,1.81,13:41,143,102.4
1462,1.81,14:44,143,102.4
1463,1.81,15:46,143,102.4
1464,1.81,14:07,142,102.4
1465,1.82,13:49,142,101.7
1466,1.82,13:49,142,101.7
1467,1.82,13:16,142,101.7
1468,1.82,12:53,143,102.4
1469,1.82,13:49,142,102.4
1470,1.82,14:07,143,102.4
1471,1.82,13:16,143,102.4
1472,1.83,12:53,143,103.0
1473,1.83,12:18,142,103.0
1474,1.83,12:11,143,103.0
1475,1.83,11:58,142,103.7
1476,1.83,12:53,143,103.7
1477,1.83,13:16,143,104.3
1478,1.83,13:16,143,104.3
1479,1.83,13:32,144,104.3
1480,1.84,13:49,144,104.3
1481,1.84,12:25,144,105.0
1482,1.84,12:25,144,105.0
1483,1.84,12:39,143,105.0
1484,1.84,11:58,143,105.0
1485,1.84,12:25,143,105.0
1486,1.84,13:32,143,105.0
1487,1.84,13:58,144,105.0
1488,1.85,13:49,143,104.3
1489,1.85,14:34,143,104.3
1490,1.85,13:58,144,104.3
1491,1.85,14:16,143,104.3
1492,1.85,14:34,144,103.7
1493,1.85,15:14,144,103.7
1494,1.85,15:46,143,103.7
1495,1.85,15:46,142,103.0
1496,1.85,16:33,142,103.0
1497,1.85,16:09,142,102.4
1498,1.86,15:35,142,102.4
1499,1.86,14:34,142,102.4
1500,1.86,14:44,142,101.7
1501,1.86,13:24,142,101.7
1502,1.86,13:01,142,101.7
1503,1.86,13:16,142,101.7
1504,1.86,13:32,142,101.7
1505,1.86,13:32,141,101.7
1506,1.87,13:01,142,101.7
1507,1.87,12:25,142,101.7
1508,1.87,11:33,142,101.7
1509,1.87,11:33,142,102.4
1510,1.87,11:27,143,102.4
1511,1.87,12:18,143,103.0
1512,1.87,12:46,144,103.0
1513,1.88,13:08,143,103.7
1514,1.88,13:16,143,104.3
1515,1.88,13:32,142,104.3
1516,1.88,13:58,141,105.0
1517,1.88,14:54,141,105.6
1518,1.88,15:14,143,106.3
1519,1.88,15:46,142,107.0
1520,1.88,16:45,142,107.0
1521,1.88,15:57,141,107.6
1522,1.89,16:09,143,108.3
1523,1.89,17:38,141,108.3
1524,1.89,20:01,141,108.9
1525,1.89,20:19,142,109.6
1526,1.89,22:43,141,109.6
1527,1.89,21:17,141,110.2
1528,1.89,21:59,140,110.9
1529,1.89,19:43,139,111.5
1530,1.89,19:09,139,111.5
1531,1.89,17:25,134,112.2
1532,1.89,17:25,130,112.9
1533,1.89,16:33,132,112.9
1534,1.9,15:57,131,113.5
1535,1.9,15:04,131,113.5
1536,1.9,14:44,131,113.5
1537,1.9,14:54,131,113.5
1538,1.9,14:34,131,113.5
1539,1.9,15:04,131,112.9
1540,1.9,15:24,132,112.9
1541,1.9,16:21,132,112.2
1542,1.9,15:57,132,111.5
1543,1.91,15:24,138,110.9
1544,1.91,14:25,142,110.2
1545,1.91,13:32,143,109.6
1546,1.91,12:39,145,108.3
1547,1.91,12:18,147,107.6
1548,1.91,12:11,147,107.0
1549,1.91,12:46,148,106.3
1550,1.92,12:18,148,106.3
1551,1.92,11:27,149,105.6
1552,1.92,11:39,150,105.6
1553,1.92,11:16,150,105.6
1554,1.92,10:48,151,105.6
1555,1.92,11:39,151,105.0
1556,1.92,13:41,151,105.0
1557,1.92,14:34,151,105.0
1558,1.93,16:21,150,105.0
1559,1.93,16:45,150,104.3
1560,1.93,16:33,150,104.3
1561,1.93,14:25,150,104.3
1562,1.93,12:39,150,104.3
1563,1.93,11:52,149,104.3
1564,1.93,11:39,149,104.3
1565,1.93,11:52,150,104.3
1566,1.94,12:39,149,104.3
1567,1.94,13:24,148,104.3
1568,1.94,13:32,148,104.3
1569,1.94,13:01,148,104.3
1570,1.94,13:08,146,104.3
1571,1.94,13:24,146,104.3
1572,1.94,14:07,146,104.3
1573,1.94,14:25,147,103.7
1574,1.95,15:35,147,104.3
1575,1.95,14:16,147,104.3
1576,1.95,13:24,147,104.3
1577,1.95,13:24,147,104.3
1578,1.95,13:01,146,104.3
1579,1.95,12:32,146,104.3
1580,1.95,13:01,146,103.7
1581,1.95,13:24,146,103.7
1582,1.96,13:01,146,103.0
1583,1.96,12:25,147,103.7
1584,1.96,12:11,146,103.7
1585,1.96,11:52,146,103.7
1586,1.96,10:48,147,103.7
1587,1.96,10:43,147,103.7
1588,1.96,11:33,147,103.7
1589,1.97,12:04,146,103.7
1590,1.97,12:32,146,103.7
1591,1.97,14:16,147,103.7
1592,1.97,14:16,147,103.7
1593,1.97,13:49,147,103.7
1594,1.97,13:08,146,103.7
1595,1.97,12:39,147,103.7
1596,1.97,12:11,146,103.7
1597,1.98,11:33,147,103.7
1598,1.98,11:39,146,103.7
1599,1.98,12:18,146,103.7
1600,1.98,13:01,145,103.7
1601,1.98,13:24,145,103.7
1602,1.98,14:54,144,103.7
1603,1.98,15:57,144,103.7
1604,1.98,15:46,143,103.7
1605,1.99,15:57,144,103.7
1606,1.99,15:24,144,103.0
1607,1.99,15:14,145,103.0
1608,1.99,14:16,144,103.0
1609,1.99,13:32,145,103.0
1610,1.99,12:39,145,103.0
1611,1.99,12:46,145,103.0
1612,1.99,11:45,145,102.4
1613,2.0,11:39,145,102.4
1614,2.0,11:45,144,101.7
1615,2.0,12:11,144,101.0
1616,2.0,12:18,144,100.4
1617,2.0,13:16,144,99.7
1618,2.0,13:49,145,99.7
1619,2.0,14:25,144,99.1
1620,2.0,13:41,144,98.4
1621,2.01,14:25,145,97.8
1622,2.01,14:54,146,97.1
1623,2.01,13:49,145,97.1
1624,2.01,13:08,144,97.1
1625,2.01,13:24,145,96.5
1626,2.01,12:46,145,96.5
1627,2.01,11:52,144,96.5
1628,2.01,12:25,144,96.5
1629,2.02,12:39,144,96.5
1630,2.02,12:46,144,96.5
1631,2.02,11:52,144,97.1
1632,2.02,12:04,145,97.1
1633,2.02,11:33,145,97.1
1634,2.02,11:52,145,97.8
1635,2.02,11:21,145,97.8
1636,2.03,12:18,144,97.1
1637,2.03,12:53,144,97.1
1638,2.03,13:32,144,97.1
1639,2.03,12:53,144,97.1
1640,2.03,13:41,144,97.8
1641,2.03,13:49,144,97.8
1642,2.03,13:32,145,97.8
1643,2.03,13:16,145,98.4
1644,2.04,13:16,145,98.4
1645,2.04,14:07,146,98.4
1646,2.04,13:58,146,98.4
1647,2.04,14:16,146,98.4
1648,2.04,15:04,146,99.1
1649,2.04,15:46,148,99.1
1650,2.04,14:34,148,99.1
1651,2.04,14:44,148,99.1
1652,2.04,14:44,148,99.1
1653,2.05,13:49,149,99.1
1654,2.05,13:58,149,99.7
1655,2.05,13:41,150,99.7
1656,2.05,13:01,150,100.4
1657,2.05,13:16,150,100.4
1658,2.05,13:41,150,100.4
1659,2.05,12:46,150,100.4
1660,2.05,13:16,149,100.4
1661,2.06,13:58,150,101.0
1662,2.06,13:08,149,101.0
1663,2.06,13:32,150,101.7
1664,2.06,14:25,150,101.7
1665,2.06,13:58,150,101.7
1666,2.06,14:44,150,102.4
1667,2.06,15:04,149,102.4
1668,2.06,14:16,148,102.4
1669,2.07,14:16,147,103.0
1670,2.07,14:44,146,103.0
1671,2.07,13:24,147,103.0
1672,2.07,13:24,146,103.0
1673,2.07,13:58,146,102.4
1674,2.07,14:07,148,102.4
1675,2.07,14:54,148,102.4
1676,2.07,15:35,148,102.4
1677,2.07,15:04,148,102.4
1678,2.08,15:14,149,102.4
1679,2.08,14:54,150,102.4
1680,2.08,13:58,150,101.7
1681,2.08,13:08,151,101.7
1682,2.08,13:58,150,101.7
1683,2.08,13:32,151,101.7
1684,2.08,13:32,151,101.7
1685,2.08,13:08,152,101.7
1686,2.09,13:49,152,101.7
1687,2.09,13:24,152,101.7
1688,2.09,12:39,151,101.7
1689,2.09,12:53,151,101.7
1690,2.09,12:53,152,101.0
1691,2.09,12:25,152,101.0
1692,2.09,12:25,152,101.0
1693,2.09,13:08,152,101.0
1694,2.1,12:46,151,100.4
1695,2.1,13:32,151,100.4
1696,2.1,13:49,152,100.4
1697,2.1,13:08,152,101.0
1698,2.1,13:01,151,101.0
1699,2.1,13:08,152,101.0
1700,2.1,12:11,152,101.0
1701,2.11,12:25,151,101.0
1702,2.11,13:08,150,101.7
1703,2.11,12:53,151,101.7
1704,2.11,13:16,151,101.7
1705,2.11,14:54,151,101.7
1706,2.11,14:44,151,101.7
1707,2.11,13:58,151,101.7
1708,2.11,14:16,150,101.7
1709,2.12,12:39,150,101.7
1710,2.12,11:21,150,101.7
1711,2.12,11:27,151,101.0
1712,2.12,11:16,150,101.0
1713,2.12,11:21,150,101.0
1714,2.12,12:11,150,101.0
1715,2.12,11:58,151,101.0
1716,2.12,12:04,151,101.0
1717,2.13,13:16,151,101.0
1718,2.13,13:32,150,100.4
1719,2.13,14:07,149,100.4
1720,2.13,16:09,149,100.4
1721,2.13,17:25,150,100.4
1722,2.13,16:45,150,100.4
1723,2.13,16:33,150,100.4
1724,2.13,15:57,150,100.4
1725,2.13,15:24,150,99.7
1726,2.14,14:07,150,99.7
1727,2.14,13:32,150,99.7
1728,2.14,14:25,149,99.7
1729,2.14,14:25,149,99.7
1730,2.14,14:25,150,99.7
1731,2.14,14:16,150,99.7
1732,2.14,13:49,150,99.1
1733,2.14,12:18,149,99.1
1734,2.15,12:25,149,99.7
1735,2.15,11:45,150,99.7
1736,2.15,11:52,150,99.1
1737,2.15,12:04,149,99.1
1738,2.15,12:11,149,99.1
1739,2.15,12:11,149,99.1
1740,2.15,12:32,148,99.1
1741,2.16,12:18,148,99.1
1742,2.16,12:39,148,99.1
1743,2.16,12:53,148,99.1
1744,2.16,12:25,148,99.7
1745,2.16,12:18,148,99.7
1746,2.16,12:25,148,99.7
1747,2.16,12:32,148,99.7
1748,2.16,13:08,150,99.7
1749,2.17,13:16,150,99.7
1750,2.17,14:16,149,99.1
1751,2.17,14:16,150,99.1
1752,2.17,13:32,150,99.1
1753,2.17,13:08,150,99.7
1754,2.17,13:32,149,99.7
1755,2.17,13:08,149,99.7
1756,2.17,13:41,149,99.7
1757,2.17,14:25,148,99.7
1758,2.18,14:34,149,99.7
1759,2.18,14:44,149,99.1
1760,2.18,14:16,149,99.1
1761,2.18,13:49,149,99.1
1762,2.18,13:08,148,99.1
1763,2.18,12:25,148,99.1
1764,2.18,12:18,148,99.7
1765,2.19,12:53,149,99.7
1766,2.19,12:39,148,99.7
1767,2.19,13:16,149,99.1
1768,2.19,13:32,148,99.1
1769,2.19,13:32,148,99.1
1770,2.19,13:01,148,99.1
1771,2.19,13:08,148,99.1
1772,2.19,13:16,148,99.1
1773,2.2,13:32,148,99.1
1774,2.2,13:49,149,99.1
1775,2.2,14:16,150,99.1
1776,2.2,13:49,150,99.1
1777,2.2,13:32,150,99.1
1778,2.2,14:16,150,99.1
1779,2.2,13:32,150,99.1
1780,2.2,13:16,150,99.1
1781,2.2,14:25,150,99.1
1782,2.21,13:16,150,99.1
1783,2.21,12:46,149,99.1
1784,2.21,13:16,150,99.1
1785,2.21,13:01,150,99.1
1786,2.21,12:39,149,99.1
1787,2.21,14:07,149,99.7
1788,2.21,14:07,148,99.7
1789,2.21,13:41,149,99.7
1790,2.22,12:39,149,99.7
1791,2.22,11:58,149,100.4
1792,2.22,11:33,148,100.4
1793,2.22,11:16,149,100.4
1794,2.22,11:21,149,101.0
1795,2.22,12:32,148,100.4
1796,2.22,12:18,148,100.4
1797,2.23,12:18,148,100.4
1798,2.23,12:53,148,100.4
1799,2.23,12:46,148,100.4
1800,2.23,13:32,147,100.4
1801,2.23,15:24,146,100.4
1802,2.23,15:35,148,100.4
1803,2.23,15:35,148,100.4
1804,2.23,16:09,147,100.4
1805,2.23,15:14,148,100.4
1806,2.24,15:14,148,100.4
1807,2.24,15:57,149,100.4
1808,2.24,16:09,149,100.4
1809,2.24,15:24,149,101.0
1810,2.24,16:09,149,101.0
1811,2.24,15:14,149,101.0
1812,2.24,15:04,150,101.0
1813,2.24,14:25,150,101.0
1814,2.24,15:04,151,101.0
1815,2.25,13:58,150,101.0
1816,2.25,13:32,150,101.0
1817,2.25,13:24,151,101.0
1818,2.25,13:32,150,101.0
1819,2.25,12:25,150,101.7
1820,2.25,12:32,150,101.7
1821,2.25,13:08,149,101.7
1822,2.26,12:39,149,101.7
1823,2.26,12:18,149,101.7
1824,2.26,14:25,149,101.7
1825,2.26,14:34,148,101.7
1826,2.26,14:54,148,101.7
1827,2.26,14:54,149,101.7
1828,2.26,15:35,149,101.7
1829,2.26,15:24,149,101.7
1830,2.26,15:14,149,101.7
1831,2.27,14:25,149,101.7
1832,2.27,14:54,149,101.7
1833,2.27,14:44,149,101.7
1834,2.27,13:01,149,101.7
1835,2.27,12:39,149,101.7
1836,2.27,12:11,150,101.7
1837,2.27,11:39,150,101.7
1838,2.27,11:21,150,101.7
1839,2.28,11:45,150,101.7
1840,2.28,12:11,151,101.7
1841,2.28,12:53,152,101.7
1842,2.28,12:39,152,101.7
1843,2.28,13:01,152,101.7
1844,2.28,13:16,152,101.7
1845,2.28,13:24,152,102.4
1846,2.28,13:24,152,102.4
1847,2.29,13:49,152,102.4
1848,2.29,13:24,153,102.4
1849,2.29,12:53,152,102.4
1850,2.29,12:53,151,102.4
1851,2.29,12:53,152,102.4
1852,2.29,13:32,150,102.4
1853,2.29,13:24,150,102.4
1854,2.29,13:32,150,103.0
1855,2.3,13:01,150,103.0
1856,2.3,12:39,150,103.0
1857,2.3,12:18,150,103.0
1858,2.3,13:16,149,103.7
1859,2.3,13:08,150,103.7
1860,2.3,14:07,150,103.7
1861,2.3,14:34,150,103.7
1862,2.3,14:54,150,103.7
1863,2.31,14:16,150,103.7
1864,2.31,14:44,150,103.7
1865,2.31,14:07,150,103.7
1866,2.31,13:32,150,103.7
1867,2.31,13:58,151,104.3
1868,2.31,14:16,150,104.3
1869,2.31,13:49,151,105.0
1870,2.31,13:58,151,105.0
1871,2.31,15:24,151,105.6
1872,2.32,14:54,151,105.6
1873,2.32,15:46,151,106.3
1874,2.32,17:52,151,106.3
1875,2.32,19:09,151,107.0
1876,2.32,17:52,151,107.0
1877,2.32,19:43,151,107.6
1878,2.32,18:53,151,107.6
1879,2.32,17:38,149,108.3
1880,2.32,16:45,148,108.3
1881,2.32,16:21,148,108.3
1882,2.33,13:49,148,108.9
1883,2.33,12:53,148,108.9
1884,2.33,12:39,148,109.6
1885,2.33,12:46,148,109.6
1886,2.33,13:32,149,109.6
1887,2.33,15:14,149,110.2
1888,2.33,16:21,149,110.9
1889,2.33,17:25,149,110.9
1890,2.33,16:33,150,111.5
1891,2.34,15:57,150,111.5
1892,2.34,16:09,150,111.5
1893,2.34,15:04,150,111.5
1894,2.34,13:49,150,112.2
1895,2.34,14:16,149,112.2
1896,2.34,13:41,149,112.2
1897,2.34,13:24,149,112.2
1898,2.34,14:25,150,112.2
1899,2.35,14:44,149,111.5
1900,2.35,13:41,149,110.9
1901,2.35,13:32,149,110.2
1902,2.35,12:39,148,109.6
1903,2.35,12:18,148,108.9
1904,2.35,12:11,148,108.9
1905,2.35,12:18,148,108.3
1906,2.35,12:25,148,108.3
1907,2.36,12:39,148,108.3
1908,2.36,12:18,149,108.3
1909,2.36,12:11,150,108.3
1910,2.36,12:32,150,108.3
1911,2.36,13:24,150,108.3
1912,2.36,14:25,151,107.6
1913,2.36,15:04,151,107.6
1914,2.36,15:14,151,107.0
1915,2.37,14:25,150,106.3
1916,2.37,13:08,149,105.6
1917,2.37,12:18,150,105.0
1918,2.37,11:39,150,105.0
1919,2.37,11:21,149,104.3
1920,2.37,11:21,149,104.3
1921,2.37,11:21,149,103.7
1922,2.38,11:45,150,103.7
1923,2.38,11:52,150,103.0
1924,2.38,12:04,150,103.0
1925,2.38,12:32,150,102.4
1926,2.38,12:46,150,102.4
1927,2.38,12:18,150,102.4
1928,2.38,11:52,150,101.7
1929,2.39,11:21,150,101.7
1930,2.39,11:10,151,101.7
1931,2.39,11:16,151,101.7
1932,2.39,11:10,151,101.7
1933,2.39,11:39,151,101.7
1934,2.39,12:53,151,101.7
1935,2.39,13:24,150,101.7
1936,2.39,14:07,150,101.7
1937,2.4,14:44,150,101.7
1938,2.4,14:34,150,101.7
1939,2.4,14:16,150,101.7
1940,2.4,13:58,150,101.7
1941,2.4,12:53,151,101.7
1942,2.4,13:16,150,101.7
1943,2.4,13:41,149,101.7
1944,2.4,13:01,149,102.4
1945,2.41,13:16,148,102.4
1946,2.41,13:41,148,102.4
1947,2.41,13:24,147,102.4
1948,2.41,13:16,147,102.4
1949,2.41,13:41,146,102.4
1950,2.41,13:32,145,102.4
1951,2.41,13:41,145,102.4
1952,2.41,12:53,145,102.4
1953,2.42,12:11,146,102.4
1954,2.42,12:11,146,102.4
1955,2.42,12:11,145,102.4
1956,2.42,12:11,147,102.4
1957,2.42,12:46,147,102.4
1958,2.42,13:58,146,102.4
1959,2.42,13:58,147,103.0
1960,2.43,13:41,147,103.0
1961,2.43,14:16,147,102.4
1962,2.43,14:25,147,102.4
1963,2.43,14:16,148,102.4
1964,2.43,13:41,148,102.4
1965,2.43,13:41,148,102.4
1966,2.43,12:25,147,103.0
1967,2.43,11:52,148,103.0
1968,2.44,11:05,148,103.0
1969,2.44,11:16,147,103.0
1970,2.44,11:05,147,103.0
1971,2.44,11:10,147,103.0
1972,2.44,11:21,146,103.0
1973,2.44,12:04,146,103.0
1974,2.44,12:25,146,103.0
1975,2.45,12:53,146,103.0
1976,2.45,13:49,146,103.0
1977,2.45,14:07,145,103.7
1978,2.45,14:07,145,103.7
1979,2.45,14:07,144,103.7
1980,2.45,13:58,144,103.7
1981,2.45,13:49,145,103.7
1982,2.45,13:24,144,103.7
1983,2.45,13:24,144,103.7
1984,2.46,13:49,144,103.7
1985,2.46,14:07,144,103.7
1986,2.46,14:16,144,104.3
1987,2.46,15:57,144,104.3
1988,2.46,15:35,144,103.7
1989,2.46,14:07,144,103.7
1990,2.46,13:16,144,103.7
1991,2.46,12:18,144,104.3
1992,2.47,11:39,144,104.3
1993,2.47,12:04,144,104.3
1994,2.47,13:32,145,105.0
1995,2.47,16:09,145,105.0
1996,2.47,18:07,145,105.0
1997,2.47,18:37,146,105.0
1998,2.47,18:22,146,105.0
1999,2.47,16:21,146,105.0
2000,2.47,14:25,146,105.0
2001,2.48,13:49,146,105.0
2002,2.48,12:53,146,105.0
2003,2.48,13:24,146,105.0
2004,2.48,13:49,146,105.0
2005,2.48,13:58,146,105.0
2006,2.48,13:58,146,105.0
2007,2.48,14:25,145,105.0
2008,2.48,13:41,145,105.0
2009,2.49,13:24,145,105.0
2010,2.49,13:58,145,105.0
2011,2.49,13:58,145,105.0
2012,2.49,13:32,144,104.3
2013,2.49,13:08,144,104.3
2014,2.49,12:32,143,104.3
2015,2.49,11:52,142,104.3
2016,2.49,12:18,142,104.3
2017,2.5,12:39,143,104.3
2018,2.5,12:25,144,104.3
2019,2.5,13:58,143,104.3
2020,2.5,13:41,144,104.3
2021,2.5,12:53,143,105.0
2022,2.5,11:58,144,105.0
2023,2.5,12:11,145,105.0
2024,2.5,11:33,144,105.0
2025,2.51,11:10,144,105.0
2026,2.51,11:39,145,105.0
2027,2.51,12:25,145,105.0
2028,2.51,12:53,146,105.0
2029,2.51,13:24,146,105.6
2030,2.51,15:57,145,105.0
2031,2.51,14:34,145,105.6
2032,2.51,14:25,146,105.6
2033,2.52,14:07,146,105.6
2034,2.52,13:32,146,105.6
2035,2.52,13:08,146,105.6
2036,2.52,13:49,146,105.6
2037,2.52,14:34,146,105.6
2038,2.52,15:14,145,105.6
2039,2.52,15:04,146,105.6
2040,2.52,14:44,145,105.6
2041,2.53,14:44,146,105.6
2042,2.53,13:58,146,105.6
2043,2.53,13:58,146,105.6
2044,2.53,14:34,146,106.3
2045,2.53,14:07,146,106.3
2046,2.53,14:34,146,106.3
2047,2.53,15:24,146,106.3
2048,2.53,15:35,146,106.3
2049,2.53,15:46,146,106.3
2050,2.54,14:34,146,106.3
2051,2.54,13:49,146,106.3
2052,2.54,13:32,145,106.3
2053,2.54,12:32,143,106.3
2054,2.54,11:58,143,105.6
2055,2.54,12:39,143,105.6
2056,2.54,13:08,142,105.6
2057,2.54,13:08,142,105.6
2058,2.55,14:07,142,105.6
2059,2.55,14:34,143,105.6
2060,2.55,14:44,143,105.6
2061,2.55,15:04,143,106.3
2062,2.55,15:46,144,106.3
2063,2.55,15:57,144,106.3
2064,2.55,13:58,144,106.3
2065,2.55,14:54,145,106.3
2066,2.55,14:54,145,106.3
2067,2.56,14:16,145,106.3
2068,2.56,13:16,145,106.3
2069,2.56,14:16,146,106.3
2070,2.56,13:01,147,106.3
2071,2.56,12:25,147,106.3
2072,2.56,12:25,147,106.3
2073,2.56,12:39,148,105.6
2074,2.56,13:16,148,105.6
2075,2.57,13:32,148,105.6
2076,2.57,13:58,148,106.3
2077,2.57,13:49,148,106.3
2078,2.57,13:41,148,106.3
2079,2.57,13:16,148,106.3
2080,2.57,12:39,148,106.3
2081,2.57,12:25,148,105.6
2082,2.57,12:32,148,105.6
2083,2.58,12:39,149,105.6
2084,2.58,13:24,149,105.6
2085,2.58,14:07,148,105.0
2086,2.58,14:25,148,105.0
2087,2.58,13:58,148,105.0
2088,2.58,13:49,148,105.0
2089,2.58,13:24,148,105.0
2090,2.58,14:16,148,105.0
2091,2.59,14:07,148,105.0
2092,2.59,14:25,147,105.0
2093,2.59,13:58,147,105.0
2094,2.59,13:24,148,104.3
2095,2.59,12:53,148,104.3
2096,2.59,12:32,148,104.3
2097,2.59,12:39,147,105.0
2098,2.59,12:53,146,105.0
2099,2.6,12:32,147,105.0
2100,2.6,12:46,147,105.0
2101,2.6,13:01,146,105.0
2102,2.6,12:53,147,105.6
2103,2.6,13:49,147,105.6
2104,2.6,14:54,147,105.6
2105,2.6,14:54,147,105.6
2106,2.6,15:04,147,105.6
2107,2.61,14:16,147,105.6
2108,2.61,13:01,147,105.6
2109,2.61,12:32,146,105.6
2110,2.61,11:45,145,106.3
2111,2.61,11:45,146,106.3
2112,2.61,12:18,146,107.0
2113,2.61,12:18,146,107.0
2114,2.62,12:11,146,107.0
2115,2.62,12:46,146,107.0
2116,2.62,13:01,146,107.0
2117,2.62,13:58,147,107.0
2118,2.62,14:44,146,107.0
2119,2.62,15:35,148,107.0
2120,2.62,15:04,147,107.6
2121,2.62,14:54,148,107.6
2122,2.62,13:58,149,107.6
2123,2.63,13:58,148,107.6
2124,2.63,14:07,149,108.3
2125,2.63,13:58,150,108.3
2126,2.63,14:07,150,108.3
2127,2.63,13:49,150,108.3
2128,2.63,13:08,150,108.3
2129,2.63,12:39,150,108.3
2130,2.63,11:58,150,108.9
2131,2.64,12:04,150,108.9
2132,2.64,11:58,150,108.9
2133,2.64,11:39,151,109.6
2134,2.64,11:33,151,109.6
2135,2.64,13:08,150,109.6
2136,2.64,13:08,151,110.2
2137,2.64,13:16,149,110.2
2138,2.64,14:34,149,110.2
2139,2.65,15:04,149,110.2
2140,2.65,13:58,150,110.2
2141,2.65,13:41,149,110.2
2142,2.65,14:34,149,110.2
2143,2.65,14:54,149,110.2
2144,2.65,15:04,149,110.2
2145,2.65,14:54,149,110.9
2146,2.65,14:16,149,110.9
2147,2.66,12:39,148,110.9
2148,2.66,12:04,148,111.5
2149,2.66,11:27,148,111.5
2150,2.66,11:33,149,111.5
2151,2.66,11:58,149,111.5
2152,2.66,13:01,148,111.5
2153,2.66,13:24,149,112.2
2154,2.66,14:16,149,112.2
2155,2.67,14:54,149,112.9
2156,2.67,14:34,150,112.9
2157,2.67,14:54,150,112.9
2158,2.67,14:34,150,113.5
2159,2.67,14:44,151,112.9
2160,2.67,14:34,151,112.9
2161,2.67,15:35,151,112.9
2162,2.67,15:24,151,112.9
2163,2.67,15:35,150,113.5
2164,2.68,15:35,151,113.5
2165,2.68,15:14,150,113.5
2166,2.68,14:44,151,114.2
2167,2.68,13:32,151,114.2
2168,2.68,13:01,150,114.2
2169,2.68,12:46,150,114.2
2170,2.68,12:39,150,114.2
2171,2.68,12:04,150,114.2
2172,2.69,12:32,150,114.8
2173,2.69,12:18,151,114.8
2174,2.69,12:11,150,114.8
2175,2.69,12:04,150,114.8
2176,2.69,11:39,151,115.5
2177,2.69,11:16,150,115.5
2178,2.69,11:39,150,115.5
2179,2.7,11:39,151,115.5
2180,2.7,11:52,150,115.5
2181,2.7,12:18,150,115.5
2182,2.7,12:39,150,116.1
2183,2.7,12:39,150,116.1
2184,2.7,12:32,150,116.1
2185,2.7,12:04,151,116.8
2186,2.71,12:11,151,116.8
2187,2.71,12:18,151,116.8
2188,2.71,12:11,151,117.5
2189,2.71,12:04,151,117.5
2190,2.71,12:46,151,117.5
2191,2.71,13:01,151,118.1
2192,2.71,12:32,151,118.1
2193,2.71,12:46,150,118.1
2194,2.72,13:08,151,118.8
2195,2.72,12:25,151,118.8
2196,2.72,12:18,151,118.8
2197,2.72,13:32,151,118.8
2198,2.72,13:16,151,118.8
2199,2.72,13:49,150,118.8
2200,2.72,16:09,151,118.8
2201,2.72,16:21,151,118.8
2202,2.72,15:57,151,118.8
2203,2.73,17:25,150,118.8
2204,2.73,16:45,150,119.4
2205,2.73,15:14,150,119.4
2206,2.73,15:04,151,119.4
2207,2.73,14:25,150,119.4
2208,2.73,13:16,151,119.4
2209,2.73,13:16,151,119.4
2210,2.73,13:58,152,119.4
2211,2.74,14:34,152,119.4
2212,2.74,14:54,152,119.4
2213,2.74,15:04,151,119.4
2214,2.74,14:54,151,119.4
2215,2.74,13:58,150,119.4
2216,2.74,13:16,151,119.4
2217,2.74,13:24,152,119.4
2218,2.74,13:49,152,119.4
2219,2.74,13:49,152,119.4
2220,2.75,13:41,151,119.4
2221,2.75,13:24,152,119.4
2222,2.75,12:18,152,119.4
2223,2.75,12:04,152,119.4
2224,2.75,11:33,151,119.4
2225,2.75,11:16,150,119.4
2226,2.75,11:39,151,119.4
2227,2.76,12:04,151,119.4
2228,2.76,12:18,151,119.4
2229,2.76,12:46,151,119.4
2230,2.76,12:53,151,119.4
2231,2.76,13:41,151,119.4
2232,2.76,13:41,151,120.1
2233,2.76,13:01,150,120.1
2234,2.77,12:46,151,120.1
2235,2.77,12:46,151,120.7
2236,2.77,11:39,151,120.7
2237,2.77,11:58,151,121.4
2238,2.77,11:52,151,121.4
2239,2.77,11:58,151,121.4
2240,2.77,11:52,150,121.4
2241,2.77,12:04,151,121.4
2242,2.78,11:58,151,121.4
2243,2.78,12:46,151,121.4
2244,2.78,13:32,150,121.4
2245,2.78,13:58,150,121.4
2246,2.78,14:44,150,122.0
2247,2.78,15:57,151,122.0
2248,2.78,15:24,150,122.0
2249,2.78,14:16,151,122.7
2250,2.79,14:25,151,122.7
2251,2.79,13:49,151,122.0
2252,2.79,12:53,151,122.0
2253,2.79,12:39,151,122.0
2254,2.79,13:08,152,122.0
2255,2.79,13:01,152,122.7
2256,2.79,13:41,153,122.7
2257,2.79,14:16,152,122.7
2258,2.79,15:14,153,122.7
2259,2.8,15:04,154,122.7
2260,2.8,15:04,153,122.7
2261,2.8,14:34,154,122.7
2262,2.8,14:54,154,122.7
2263,2.8,14:25,153,123.4
2264,2.8,13:32,153,123.4
2265,2.8,13:32,154,123.4
2266,2.8,13:08,154,123.4
2267,2.81,12:18,154,123.4
2268,2.81,12:11,153,123.4
2269,2.81,12:46,152,124.0
2270,2.81,12:25,153,124.0
2271,2.81,12:25,154,124.0
2272,2.81,12:53,153,124.7
2273,2.81,12:32,155,124.7
2274,2.82,12:39,153,125.3
2275,2.82,13:01,152,125.3
2276,2.82,13:24,152,126.0
2277,2.82,13:08,152,126.0
2278,2.82,14:16,152,126.0
2279,2.82,14:25,152,126.0
2280,2.82,14:25,152,126.6
2281,2.82,15:04,152,127.3
2282,2.82,16:45,152,127.3
2283,2.82,16:33,153,128.0
2284,2.83,16:09,152,128.0
2285,2.83,16:33,152,128.6
2286,2.83,15:57,152,128.6
2287,2.83,14:34,153,129.3
2288,2.83,14:16,153,129.3
2289,2.83,13:41,153,129.3
2290,2.83,13:58,153,129.9
2291,2.83,14:25,153,129.9
2292,2.84,13:58,152,129.9
2293,2.84,13:41,153,129.9
2294,2.84,14:25,154,129.3
2295,2.84,13:08,154,129.3
2296,2.84,12:39,154,128.6
2297,2.84,13:24,153,128.0
2298,2.84,13:24,153,128.0
2299,2.84,13:24,154,127.3
2300,2.85,13:49,155,127.3
2301,2.85,13:49,155,126.6
2302,2.85,14:07,155,126.6
2303,2.85,13:08,156,126.0
2304,2.85,12:25,155,126.0
2305,2.85,13:08,155,126.0
2306,2.85,12:32,155,125.3
2307,2.86,11:05,155,125.3
2308,2.86,11:10,155,124.7
2309,2.86,10:43,155,124.7
2310,2.86,10:14,155,124.0
2311,2.86,10:18,155,124.0
2312,2.86,11:05,154,124.0
2313,2.86,12:25,154,124.0
2314,2.86,13:41,154,124.0
2315,2.87,13:41,155,124.0
2316,2.87,14:16,154,124.0
2317,2.87,13:32,154,124.0
2318,2.87,12:46,154,124.0
2319,2.87,12:39,153,124.0
2320,2.87,12:39,153,124.0
2321,2.87,12:39,153,124.0
2322,2.88,13:08,154,124.0
2323,2.88,13:41,153,124.0
2324,2.88,14:25,153,124.0
2325,2.88,14:54,152,124.0
2326,2.88,15:14,152,123.4
2327,2.88,14:25,152,123.4
2328,2.88,13:08,153,123.4
2329,2.88,12:39,153,123.4
2330,2.88,12:25,153,123.4
2331,2.89,11:52,153,123.4
2332,2.89,12:32,151,124.0
2333,2.89,12:46,152,124.0
2334,2.89,13:01,152,124.0
2335,2.89,14:34,152,124.0
2336,2.89,17:38,151,124.0
2337,2.89,17:52,150,124.0
2338,2.89,19:09,150,124.7
2339,2.89,18:53,151,124.7
2340,2.9,16:58,151,124.7
2341,2.9,13:41,151,124.7
2342,2.9,13:08,151,124.7
2343,2.9,13:32,150,124.7
2344,2.9,13:24,150,124.0
2345,2.9,13:08,150,124.0
2346,2.9,13:24,150,124.0
2347,2.9,13:32,149,124.0
2348,2.91,12:53,150,124.0
2349,2.91,12:53,150,124.7
2350,2.91,12:39,150,124.7
2351,2.91,12:53,150,124.7
2352,2.91,13:01,150,124.7
2353,2.91,13:32,151,124.7
2354,2.91,13:41,150,124.7
2355,2.91,13:41,150,124.0
2356,2.92,13:16,150,124.0
2357,2.92,13:24,150,124.0
2358,2.92,13:24,150,124.0
2359,2.92,13:32,150,124.7
2360,2.92,13:32,150,124.7
2361,2.92,13:49,150,124.7
2362,2.92,13:24,150,124.7
2363,2.92,12:46,150,124.7
2364,2.93,12:32,150,124.7
2365,2.93,13:01,150,124.7
2366,2.93,14:16,150,124.7
2367,2.93,14:07,150,124.7
2368,2.93,15:14,150,124.7
2369,2.93,15:24,149,124.7
2370,2.93,14:34,149,124.7
2371,2.93,13:08,149,124.7
2372,2.94,13:49,149,125.3
2373,2.94,12:53,148,125.3
2374,2.94,12:53,148,125.3
2375,2.94,13:49,148,125.3
2376,2.94,13:49,148,125.3
2377,2.94,13:08,148,125.3
2378,2.94,13:01,149,125.3
2379,2.94,12:32,150,125.3
2380,2.95,12:04,150,125.3
2381,2.95,13:08,150,126.0
2382,2.95,13:32,149,126.0
2383,2.95,14:34,149,126.0
2384,2.95,14:16,149,126.0
2385,2.95,14:44,148,126.0
2386,2.95,13:24,148,126.0
2387,2.95,12:46,147,126.0
2388,2.96,12:39,148,126.0
2389,2.96,12:39,148,126.6
2390,2.96,11:27,147,126.6
2391,2.96,11:33,147,126.6
2392,2.96,12:18,148,126.6
2393,2.96,11:52,147,126.6
2394,2.96,12:32,148,126.6
2395,2.96,14:16,146,126.6
2396,2.97,14:16,147,126.6
2397,2.97,14:44,147,126.6
2398,2.97,14:25,148,127.3
2399,2.97,14:34,147,127.3
2400,2.97,14:16,147,127.3
2401,2.97,13:16,145,128.0
2402,2.97,13:01,144,128.0
2403,2.97,13:24,143,128.0
2404,2.98,13:16,139,128.6
2405,2.98,12:25,137,128.6
2406,2.98,14:07,137,128.6
2407,2.98,14:07,134,128.6
2408,2.98,14:16,135,128.6
2409,2.98,14:54,135,128.6
2410,2.98,15:35,135,128.6
2411,2.98,16:09,135,128.6
2412,2.98,15:46,135,128.6
2413,2.99,15:14,136,128.6
2414,2.99,14:34,134,129.3
2415,2.99,14:16,136,129.3
2416,2.99,13:16,138,129.3
2417,2.99,13:41,140,129.3
2418,2.99,12:53,141,129.3
2419,2.99,12:25,141,129.9
2420,3.0,12:25,141,129.9
2421,3.0,12:11,141,129.9
2422,3.0,11:05,141,129.9
2423,3.0,11:45,141,129.9
2424,3.0,11:58,141,129.9
2425,3.0,12:18,141,129.9
2426,3.0,12:11,142,129.9
2427,3.01,11:58,141,129.9
2428,3.01,11:45,141,130.6
2429,3.01,11:16,141,130.6
2430,3.01,11:21,142,130.6
2431,3.01,11:39,141,130.6
2432,3.01,12:39,143,131.2
2433,3.01,13:24,143,131.2
2434,3.01,14:34,144,131.2
2435,3.01,14:44,144,131.2
2436,3.02,14:54,146,131.2
2437,3.02,13:49,147,131.9
2438,3.02,13:01,148,131.9
2439,3.02,12:25,149,131.9
2440,3.02,11:33,150,131.9
2441,3.02,11:10,152,131.9
2442,3.02,11:27,151,132.5
2443,3.03,10:59,154,132.5
2444,3.03,11:33,153,132.5
2445,3.03,12:39,152,132.5
2446,3.03,12:53,152,132.5
2447,3.03,13:41,152,132.5
2448,3.03,15:46,152,132.5
2449,3.03,13:58,151,132.5
2450,3.03,13:41,151,132.5
2451,3.04,13:16,150,132.5
2452,3.04,12:39,150,133.2
2453,3.04,11:52,150,133.2
2454,3.04,12:39,150,133.2
2455,3.04,12:32,150,133.2
2456,3.04,13:16,150,133.2
2457,3.04,12:46,149,132.5
2458,3.05,12:25,150,133.2
2459,3.05,13:08,149,133.2
2460,3.05,12:25,149,133.2
2461,3.05,11:52,149,133.2
2462,3.05,11:39,148,133.9
2463,3.05,11:16,148,133.9
2464,3.05,10:43,148,133.9
2465,3.06,11:21,148,133.9
2466,3.06,11:45,148,133.9
2467,3.06,13:32,147,133.9
2468,3.06,14:34,147,133.9
2469,3.06,14:34,148,133.9
2470,3.06,13:58,148,133.9
2471,3.06,13:49,148,133.9
2472,3.06,13:58,148,133.9
2473,3.06,14:34,149,133.9
2474,3.07,14:25,149,133.9
2475,3.07,14:54,148,133.9
2476,3.07,15:14,148,133.9
2477,3.07,14:25,149,133.9
2478,3.07,13:58,150,133.9
2479,3.07,14:16,149,133.9
2480,3.07,14:25,149,133.9
2481,3.07,15:14,150,133.9
2482,3.07,14:44,150,133.9
2483,3.08,15:24,150,133.9
2484,3.08,15:57,149,133.9
2485,3.08,15:35,149,133.9
2486,3.08,14:54,150,133.9
2487,3.08,15:24,150,133.9
2488,3.08,15:14,149,133.9
2489,3.08,15:46,148,133.9
2490,3.08,14:16,147,133.9
2491,3.08,14:25,147,133.9
2492,3.09,14:25,147,133.9
2493,3.09,13:32,147,133.9
2494,3.09,13:01,147,133.9
2495,3.09,13:24,146,133.9
2496,3.09,13:01,146,133.9
2497,3.09,13:16,147,133.9
2498,3.09,14:25,147,133.9
2499,3.09,14:44,147,133.9
2500,3.1,16:33,147,133.9
2501,3.1,16:33,147,133.9
2502,3.1,16:45,147,134.5
2503,3.1,16:21,147,133.9
2504,3.1,15:35,147,133.9
2505,3.1,15:04,148,134.5
2506,3.1,14:25,147,134.5
2507,3.1,13:41,148,134.5
2508,3.1,13:08,148,134.5
2509,3.11,13:01,149,134.5
2510,3.11,12:32,149,134.5
2511,3.11,12:46,149,134.5
2512,3.11,13:01,149,135.2
2513,3.11,13:01,149,135.2
2514,3.11,12:53,150,135.2
2515,3.11,13:32,150,135.2
2516,3.11,13:24,149,135.2
2517,3.12,13:16,149,135.2
2518,3.12,13:01,149,134.5
2519,3.12,13:08,149,134.5
2520,3.12,12:39,149,133.9
2521,3.12,12:39,148,133.9
2522,3.12,12:46,149,133.9
2523,3.12,13:16,149,133.9
2524,3.12,13:16,149,133.9
2525,3.13,13:24,147,134.5
2526,3.13,13:41,147,134.5
2527,3.13,13:08,147,134.5
2528,3.13,13:41,147,134.5
2529,3.13,14:25,147,134.5
2530,3.13,14:25,148,134.5
2531,3.13,14:44,148,134.5
2532,3.13,15:14,147,134.5
2533,3.14,14:16,147,134.5
2534,3.14,12:46,148,134.5
2535,3.14,12:04,148,134.5
2536,3.14,11:16,148,134.5
2537,3.14,10:43,148,134.5
2538,3.14,10:54,148,134.5
2539,3.14,11:33,148,134.5
2540,3.15,12:18,148,135.2
2541,3.15,14:07,148,135.2
2542,3.15,14:25,149,135.2
2543,3.15,15:14,149,135.2
2544,3.15,15:46,149,135.8
2545,3.15,15:57,149,135.8
2546,3.15,14:44,149,135.8
2547,3.15,15:14,149,136.5
2548,3.15,14:44,150,136.5
2549,3.16,13:41,150,136.5
2550,3.16,13:41,150,136.5
2551,3.16,13:32,150,137.1
2552,3.16,13:24,149,137.1
2553,3.16,13:32,150,137.1
2554,3.16,15:24,150,137.8
2555,3.16,14:44,150,137.8
2556,3.16,14:34,149,137.8
2557,3.17,14:34,150,137.8
2558,3.17,13:24,150,137.8
2559,3.17,12:11,150,137.8
2560,3.17,12:53,149,137.8
2561,3.17,13:16,149,137.8
2562,3.17,13:49,150,138.5
2563,3.17,13:58,151,138.5
2564,3.17,13:58,151,138.5
2565,3.18,13:32,150,138.5
2566,3.18,12:46,150,138.5
2567,3.18,12:25,150,139.1
2568,3.18,13:08,150,139.1
2569,3.18,13:49,151,139.1
2570,3.18,15:35,150,139.1
2571,3.18,17:52,151,139.8
2572,3.18,19:43,151,139.8
2573,3.18,19:26,151,139.8
2574,3.18,19:43,151,139.1
2575,3.19,17:11,149,139.8
2576,3.19,15:04,149,139.8
2577,3.19,13:24,149,139.1
2578,3.19,12:46,149,139.1
2579,3.19,12:04,149,139.8
2580,3.19,11:39,149,139.8
2581,3.19,11:52,149,139.8
2582,3.2,12:18,149,139.8
2583,3.2,12:53,149,140.4
2584,3.2,13:16,149,140.4
2585,3.2,13:01,150,140.4
2586,3.2,12:53,150,140.4
2587,3.2,12:39,150,140.4
2588,3.2,12:11,149,140.4
2589,3.2,11:58,149,140.4
2590,3.21,12:04,149,140.4
2591,3.21,12:39,148,141.1
2592,3.21,13:01,148,141.1
2593,3.21,13:41,149,141.1
2594,3.21,13:49,150,141.7
2595,3.21,14:44,150,141.7
2596,3.21,14:44,151,141.7
2597,3.21,14:07,151,141.7
2598,3.22,13:41,151,141.7
2599,3.22,13:49,151,141.7
2600,3.22,13:24,151,141.7
2601,3.22,13:49,151,141.7
2602,3.22,14:25,151,142.4
2603,3.22,14:16,151,142.4
2604,3.22,14:16,152,142.4
2605,3.22,14:07,152,142.4
2606,3.23,13:01,152,143.0
2607,3.23,12:32,151,143.0
2608,3.23,12:11,152,143.0
2609,3.23,12:25,152,143.7
2610,3.23,13:01,153,143.7
2611,3.23,11:52,153,143.7
2612,3.23,12:04,153,143.7
2613,3.23,12:04,153,143.7
2614,3.24,10:48,153,143.7
2615,3.24,10:54,153,143.7
2616,3.24,12:32,154,144.4
2617,3.24,12:39,154,144.4
2618,3.24,13:49,153,144.4
2619,3.24,16:09,153,144.4
2620,3.24,15:46,153,144.4
2621,3.24,15:35,152,144.4
2622,3.25,15:24,153,145.0
2623,3.25,14:44,153,145.0
2624,3.25,13:32,152,145.0
2625,3.25,12:32,152,145.0
2626,3.25,12:32,152,145.0
2627,3.25,12:39,152,145.0
2628,3.25,12:32,153,145.0
2629,3.25,13:32,152,145.7
2630,3.26,14:44,152,145.7
2631,3.26,14:25,152,145.7
2632,3.26,14:54,153,146.3
2633,3.26,15:04,153,146.3
2634,3.26,14:44,153,146.3
2635,3.26,14:34,153,146.3
2636,3.26,13:41,152,146.3
2637,3.26,13:01,153,146.3
2638,3.26,13:41,153,146.3
2639,3.27,12:46,152,146.3
2640,3.27,12:39,152,146.3
2641,3.27,12:46,151,146.3
2642,3.27,12:11,152,146.3
2643,3.27,11:45,152,146.3
2644,3.27,12:39,152,147.0
2645,3.27,12:39,152,147.0
2646,3.28,14:07,151,147.0
2647,3.28,15:14,152,147.0
2648,3.28,15:04,152,147.0
2649,3.28,14:54,153,147.0
2650,3.28,13:41,153,147.0
2651,3.28,13:16,153,147.0
2652,3.28,13:16,154,147.0
2653,3.28,13:08,153,147.0
2654,3.28,13:41,153,147.0
2655,3.29,15:35,154,147.0
2656,3.29,16:45,154,147.0
2657,3.29,18:07,154,147.0
2658,3.29,19:43,153,147.0
2659,3.29,17:38,153,147.0
2660,3.29,17:11,154,147.0
2661,3.29,14:25,154,147.0
2662,3.29,12:25,154,147.0
2663,3.3,11:16,152,147.0
2664,3.3,11:21,152,147.0
2665,3.3,10:48,152,147.0
2666,3.3,11:10,152,147.6
2667,3.3,11:27,152,147.6
2668,3.3,11:39,152,147.6
2669,3.3,11:21,151,147.6
2670,3.31,11:39,151,147.6
2671,3.31,11:58,151,147.6
2672,3.31,12:25,152,147.6
2673,3.31,12:32,152,148.3
2674,3.31,13:16,152,148.3
2675,3.31,12:11,152,148.3
2676,3.31,11:58,152,148.3
2677,3.31,12:18,152,148.3
2678,3.32,11:52,152,148.3
2679,3.32,11:10,152,148.3
2680,3.32,11:27,152,148.3
2681,3.32,11:52,151,148.3
2682,3.32,13:49,152,148.3
2683,3.32,15:04,152,148.3
2684,3.32,14:44,152,149.0
2685,3.32,17:11,153,149.0
2686,3.33,17:11,152,149.0
2687,3.33,12:53,152,149.6
2688,3.33,12:11,153,149.6
2689,3.33,13:01,153,149.6
2690,3.33,11:52,153,149.6
2691,3.33,11:39,153,149.6
2692,3.33,12:25,154,149.6
2693,3.33,13:16,153,149.6
2694,3.34,13:58,153,149.6
2695,3.34,14:16,154,149.6
2696,3.34,13:32,154,149.6
2697,3.34,14:07,154,149.6
2698,3.34,13:32,154,149.6
2699,3.34,12:53,153,149.6
2700,3.34,12:46,152,149.6
2701,3.34,13:08,152,150.3
2702,3.35,13:16,152,150.3
2703,3.35,13:32,152,150.3
2704,3.35,13:32,152,150.3
2705,3.35,14:07,151,149.6
2706,3.35,13:24,150,150.3
2707,3.35,13:41,151,149.6
2708,3.35,13:32,150,149.6
2709,3.35,13:58,151,149.6
2710,3.36,14:16,151,150.3
2711,3.36,15:57,152,150.3
2712,3.36,15:46,152,150.3
2713,3.36,16:33,152,150.9
2714,3.36,15:04,151,150.9
2715,3.36,14:25,151,151.6
2716,3.36,14:07,152,151.6
2717,3.36,13:41,153,151.6
2718,3.36,13:41,152,152.2
2719,3.37,14:25,152,152.2
2720,3.37,14:25,152,152.2
2721,3.37,14:44,152,152.9
2722,3.37,14:07,153,152.9
2723,3.37,13:49,152,152.9
2724,3.37,14:34,152,152.9
2725,3.37,14:34,152,152.9
2726,3.37,14:16,152,153.5
2727,3.37,15:35,153,153.5
2728,3.38,15:57,153,153.5
2729,3.38,16:21,153,153.5
2730,3.38,16:09,153,153.5
2731,3.38,15:24,154,153.5
2732,3.38,15:57,155,153.5
2733,3.38,15:35,155,154.2
2734,3.38,14:25,155,154.9
2735,3.38,14:07,155,154.9
2736,3.38,14:25,155,155.5
2737,3.39,13:41,155,155.5
2738,3.39,13:41,154,156.2
2739,3.39,14:07,154,156.2
2740,3.39,15:14,154,156.2
2741,3.39,15:14,154,156.8
2742,3.39,15:04,154,156.8
2743,3.39,14:44,154,156.2
2744,3.39,14:25,153,156.2
2745,3.4,13:41,152,156.2
2746,3.4,13:16,152,156.8
2747,3.4,13:01,153,156.8
2748,3.4,13:01,153,156.8
2749,3.4,13:08,154,157.5
2750,3.4,14:07,154,157.5
2751,3.4,14:25,154,157.5
2752,3.4,14:16,153,157.5
2753,3.41,13:32,154,158.1
2754,3.41,13:16,154,158.1
2755,3.41,13:01,155,158.8
2756,3.41,13:32,155,158.8
2757,3.41,13:49,155,158.8
2758,3.41,15:35,155,159.4
2759,3.41,15:46,154,159.4
2760,3.41,15:04,155,159.4
2761,3.41,16:09,155,159.4
2762,3.42,15:35,155,159.4
2763,3.42,14:44,155,159.4
2764,3.42,14:25,155,159.4
2765,3.42,14:34,155,159.4
2766,3.42,13:32,154,159.4
2767,3.42,12:39,154,160.1
2768,3.42,11:58,155,160.1
2769,3.42,11:27,155,160.8
2770,3.43,10:18,156,160.8
2771,3.43,9:43,156,160.8
2772,3.43,10:05,155,160.8
2773,3.43,10:23,156,161.4
2774,3.43,10:38,156,161.4
2775,3.43,11:45,155,162.1
2776,3.44,11:58,154,162.1
2777,3.44,12:25,154,162.1
2778,3.44,13:08,154,162.1
2779,3.44,14:54,156,162.1
2780,3.44,15:57,155,162.1
2781,3.44,16:58,154,162.7
2782,3.44,17:52,155,162.7
2783,3.44,17:38,155,162.7
2784,3.44,16:45,155,162.7
2785,3.44,17:11,155,162.7
2786,3.45,17:25,155,163.4
2787,3.45,15:57,155,163.4
2788,3.45,15:04,156,163.4
2789,3.45,14:16,156,163.4
2790,3.45,12:53,156,164.0
2791,3.45,12:18,156,164.0
2792,3.45,12:46,156,164.7
2793,3.45,12:18,156,164.7
2794,3.46,11:45,156,165.4
2795,3.46,11:39,156,165.4
2796,3.46,11:45,155,165.4
2797,3.46,11:58,155,165.4
2798,3.46,13:16,157,165.4
2799,3.46,14:07,157,166.0
2800,3.46,13:49,157,166.0
2801,3.46,14:25,158,166.7
2802,3.47,13:01,158,166.7
2803,3.47,12:32,158,166.7
2804,3.47,13:01,158,166.7
2805,3.47,12:39,158,166.0
2806,3.47,12:39,158,166.7
2807,3.47,14:34,158,166.7
2808,3.47,14:25,157,166.7
2809,3.47,14:16,157,167.3
2810,3.48,16:21,156,167.3
2811,3.48,16:09,155,167.3
2812,3.48,15:46,155,167.3
2813,3.48,15:57,155,167.3
2814,3.48,15:04,155,167.3
2815,3.48,14:34,156,167.3
2816,3.48,13:58,156,167.3
2817,3.48,12:46,156,167.3
2818,3.49,13:01,154,167.3
2819,3.49,13:16,154,167.3
2820,3.49,14:07,154,167.3
2821,3.49,14:16,155,167.3
2822,3.49,14:16,155,168.0
2823,3.49,13:01,155,168.0
2824,3.49,12:46,155,168.0
2825,3.49,11:52,155,168.0
2826,3.5,12:25,155,168.0
2827,3.5,13:41,155,168.0
2828,3.5,12:53,155,168.0
2829,3.5,13:24,154,168.0
2830,3.5,13:49,154,168.0
2831,3.5,13:41,153,168.0
2832,3.5,13:16,153,168.6
2833,3.5,15:46,153,169.3
2834,3.5,15:46,153,169.3
2835,3.51,16:45,154,169.3
2836,3.51,15:57,154,168.6
2837,3.51,16:58,153,168.6
2838,3.51,15:35,153,168.0
2839,3.51,14:44,154,168.0
2840,3.51,12:25,155,168.0
2841,3.51,12:39,155,168.0
2842,3.51,12:25,156,168.0
2843,3.51,13:49,156,168.0
2844,3.52,14:34,156,168.0
2845,3.52,15:57,155,168.0
2846,3.52,15:14,155,168.6
2847,3.52,13:41,156,168.0
2848,3.52,12:18,156,168.0
2849,3.52,11:45,156,168.0
2850,3.52,11:58,156,168.0
2851,3.52,12:53,156,167.3
2852,3.53,12:53,157,167.3
2853,3.53,12:46,156,168.0
2854,3.53,13:24,157,168.0
2855,3.53,13:08,157,168.0
2856,3.53,12:11,157,168.0
2857,3.53,11:58,156,167.3
2858,3.53,12:11,156,167.3
2859,3.54,11:52,156,167.3
2860,3.54,12:04,156,166.7
2861,3.54,12:39,156,166.7
2862,3.54,13:32,156,166.7
2863,3.54,12:53,156,166.7
2864,3.54,12:32,156,166.7
2865,3.54,11:45,156,166.7
2866,3.55,10:48,155,166.0
2867,3.55,10:59,155,166.0
2868,3.55,11:05,154,166.0
2869,3.55,10:38,154,166.0
2870,3.55,10:59,153,166.0
2871,3.55,10:59,153,165.4
2872,3.56,10:23,153,165.4
2873,3.56,10:59,153,165.4
2874,3.56,11:27,153,165.4
2875,3.56,11:21,153,165.4
2876,3.56,12:25,153,165.4
2877,3.56,12:53,154,164.7
2878,3.56,12:46,156,164.7
2879,3.56,12:32,155,164.7
2880,3.57,12:25,154,164.7
2881,3.57,11:10,154,164.7
2882,3.57,11:21,155,164.7
2883,3.57,11:21,156,164.7
2884,3.57,11:33,156,164.0
2885,3.57,12:25,156,164.0
2886,3.57,14:34,157,163.4
2887,3.57,15:04,155,163.4
2888,3.58,14:25,156,164.0
2889,3.58,14:16,156,164.0
2890,3.58,13:32,156,164.0
2891,3.58,12:53,156,164.0
2892,3.58,11:52,155,163.4
2893,3.58,11:39,154,162.7
2894,3.58,11:52,154,162.7
2895,3.59,11:33,154,162.7
2896,3.59,11:10,154,162.7
2897,3.59,11:10,154,162.1
2898,3.59,11:27,154,162.1
2899,3.59,11:10,153,162.1
2900,3.59,11:39,153,162.1
2901,3.59,12:04,153,162.1
2902,3.6,12:11,152,162.1
2903,3.6,12:11,153,162.1
2904,3.6,12:53,153,162.1
2905,3.6,12:32,153,161.4
2906,3.6,12:18,152,161.4
2907,3.6,12:18,152,160.8
2908,3.6,12:18,152,160.8
2909,3.61,12:18,153,160.8
2910,3.61,13:01,153,160.8
2911,3.61,12:53,152,160.8
2912,3.61,13:32,152,160.8
2913,3.61,13:24,153,160.1
2914,3.61,13:24,152,160.1
2915,3.61,13:01,152,160.1
2916,3.61,12:39,152,159.4
2917,3.62,12:11,151,159.4
2918,3.62,11:27,151,159.4
2919,3.62,10:59,151,159.4
2920,3.62,10:23,151,158.8
2921,3.62,10:33,151,158.8
2922,3.62,10:28,151,158.8
2923,3.62,11:16,151,158.8
2924,3.63,11:27,150,158.1
2925,3.63,12:18,150,158.1
2926,3.63,12:32,150,158.8
2927,3.63,12:18,150,158.8
2928,3.63,13:16,150,158.1
2929,3.63,13:08,150,158.1
2930,3.63,12:04,150,158.1
2931,3.64,12:46,150,157.5
2932,3.64,12:39,151,156.8
2933,3.64,11:45,150,156.8
2934,3.64,11:58,150,156.8
2935,3.64,12:53,151,156.8
2936,3.64,12:11,151,156.8
2937,3.64,12:39,151,156.2
2938,3.64,12:25,151,156.2
2939,3.65,12:18,151,156.2
2940,3.65,12:18,151,155.5
2941,3.65,12:53,151,155.5
2942,3.65,13:01,151,155.5
2943,3.65,13:49,151,155.5
2944,3.65,13:58,151,155.5
2945,3.65,13:24,151,155.5
2946,3.65,12:53,151,154.9
2947,3.66,12:39,151,154.9
2948,3.66,12:25,150,154.9
2949,3.66,11:58,150,154.9
2950,3.66,11:58,151,154.2
2951,3.66,11:33,151,154.2
2952,3.66,11:27,151,154.2
2953,3.67,10:59,151,154.2
2954,3.67,11:21,151,154.2
2955,3.67,11:45,151,154.2
2956,3.67,12:53,152,154.2
2957,3.67,13:32,151,154.2
2958,3.67,14:07,151,154.2
2959,3.67,14:54,152,154.9
2960,3.67,14:54,152,154.9
2961,3.67,14:34,152,154.2
2962,3.68,14:54,150,154.2
2963,3.68,15:04,151,154.2
2964,3.68,15:04,151,154.2
2965,3.68,14:54,151,154.2
2966,3.68,14:07,150,154.2
2967,3.68,13:08,150,154.2
2968,3.68,13:41,150,154.2
2969,3.68,12:46,151,154.2
2970,3.69,12:25,150,153.5
2971,3.69,12:32,150,153.5
2972,3.69,13:16,151,153.5
2973,3.69,13:08,150,153.5
2974,3.69,12:46,150,153.5
2975,3.69,12:32,150,153.5
2976,3.69,12:32,150,153.5
2977,3.69,13:01,150,153.5
2978,3.7,12:11,150,152.9
2979,3.7,13:16,149,152.9
2980,3.7,14:25,149,152.9
2981,3.7,15:04,149,152.9
2982,3.7,14:16,148,152.9
2983,3.7,15:04,148,152.9
2984,3.7,13:41,148,152.9
2985,3.7,12:53,148,152.9
2986,3.71,12:25,148,152.9
2987,3.71,12:11,148,152.9
2988,3.71,11:39,148,152.9
2989,3.71,12:18,148,152.9
2990,3.71,12:32,147,152.9
2991,3.71,13:08,147,152.9
2992,3.71,13:32,147,152.2
2993,3.71,13:49,147,152.2
2994,3.72,14:34,146,152.2
2995,3.72,14:16,148,152.2
2996,3.72,14:25,147,152.2
2997,3.72,13:49,147,152.2
2998,3.72,13:32,148,152.2
2999,3.72,12:25,148,152.2
3000,3.72,13:01,148,152.2
3001,3.72,12:46,148,152.9
3002,3.73,13:24,149,152.9
3003,3.73,14:44,148,152.2
3004,3.73,15:24,148,152.2
3005,3.73,14:25,148,152.2
3006,3.73,13:49,148,152.2
3007,3.73,12:46,149,152.2
3008,3.73,11:27,149,152.2
3009,3.73,11:39,149,152.2
3010,3.74,12:11,149,151.6
3011,3.74,11:45,148,151.6
3012,3.74,12:11,148,151.6
3013,3.74,12:46,148,151.6
3014,3.74,12:39,148,151.6
3015,3.74,12:32,147,151.6
3016,3.74,13:16,147,151.6
3017,3.74,13:49,147,150.9
3018,3.75,14:25,147,150.9
3019,3.75,13:58,147,150.9
3020,3.75,14:07,148,150.9
3021,3.75,14:07,147,150.9
3022,3.75,13:24,147,150.9
3023,3.75,12:39,147,150.9
3024,3.75,12:25,147,150.9
3025,3.76,12:32,148,150.3
3026,3.76,12:04,148,150.3
3027,3.76,12:11,147,150.3
3028,3.76,12:25,147,150.3
3029,3.76,12:46,148,150.3
3030,3.76,12:11,147,150.3
3031,3.76,12:18,147,150.3
3032,3.76,12:25,147,150.3
3033,3.77,12:25,149,150.3
3034,3.77,12:32,149,150.3
3035,3.77,13:08,149,149.6
3036,3.77,13:49,149,149.6
3037,3.77,13:32,149,149.6
3038,3.77,13:32,149,149.0
3039,3.77,13:08,150,149.0
3040,3.78,12:32,149,149.0
3041,3.78,12:04,149,149.0
3042,3.78,11:39,148,149.0
3043,3.78,11:27,148,149.0
3044,3.78,11:39,148,149.0
3045,3.78,11:52,148,148.3
3046,3.78,12:18,148,148.3
3047,3.78,13:16,148,148.3
3048,3.79,13:41,149,148.3
3049,3.79,13:58,149,147.6
3050,3.79,13:32,148,147.6
3051,3.79,13:08,148,148.3
3052,3.79,12:46,147,148.3
3053,3.79,12:46,147,148.3
3054,3.79,13:01,148,148.3
3055,3.79,13:41,148,148.3
3056,3.8,13:24,148,147.6
3057,3.8,12:53,148,147.6
3058,3.8,12:46,148,147.6
3059,3.8,12:11,149,147.6
3060,3.8,11:45,149,147.6
3061,3.8,11:33,149,147.6
3062,3.8,11:58,148,147.6
3063,3.81,12:11,149,147.0
3064,3.81,12:18,150,147.0
3065,3.81,12:25,149,147.0
3066,3.81,12:39,149,147.0
3067,3.81,12:32,149,147.0
3068,3.81,12:39,149,147.0
3069,3.81,12:53,149,147.0
3070,3.81,13:32,149,147.0
3071,3.82,14:25,148,146.3
3072,3.82,16:09,149,146.3
3073,3.82,15:35,149,146.3
3074,3.82,15:14,149,146.3
3075,3.82,15:24,149,146.3
3076,3.82,14:54,149,146.3
3077,3.82,13:32,149,146.3
3078,3.82,13:16,150,146.3
3079,3.83,12:39,150,146.3
3080,3.83,11:45,151,146.3
3081,3.83,11:16,151,146.3
3082,3.83,11:21,151,146.3
3083,3.83,11:39,151,145.7
3084,3.83,11:58,152,145.7
3085,3.83,12:39,153,145.7
3086,3.83,12:25,152,145.7
3087,3.84,12:11,153,145.7
3088,3.84,11:52,152,145.7
3089,3.84,11:21,152,145.7
3090,3.84,10:48,153,145.7
3091,3.84,11:16,152,145.7
3092,3.84,11:27,152,145.7
3093,3.84,11:39,151,145.7
3094,3.85,12:46,152,145.7
3095,3.85,13:08,152,145.7
3096,3.85,12:18,152,145.0
3097,3.85,11:39,152,145.0
3098,3.85,11:33,153,145.0
3099,3.85,11:33,153,145.0
3100,3.85,11:52,153,144.4
3101,3.86,13:08,153,144.4
3102,3.86,13:24,153,144.4
3103,3.86,13:16,154,144.4
3104,3.86,13:16,154,144.4
3105,3.86,12:53,154,144.4
3106,3.86,12:25,154,144.4
3107,3.86,12:11,155,144.4
3108,3.87,12:11,155,144.4
3109,3.87,11:52,155,144.4
3110,3.87,12:11,154,144.4
3111,3.87,12:04,154,144.4
3112,3.87,13:16,152,144.4
3113,3.87,12:39,152,144.4
3114,3.87,12:32,151,144.4
3115,3.87,11:58,148,144.4
3116,3.88,11:58,145,144.4
3117,3.88,11:21,143,144.4
3118,3.88,12:39,140,144.4
3119,3.88,12:25,138,144.4
3120,3.88,13:08,140,144.4
3121,3.88,12:53,140,144.4
3122,3.88,13:01,140,144.4
3123,3.88,12:53,140,144.4
3124,3.89,13:16,140,143.7
3125,3.89,13:01,141,143.7
3126,3.89,13:32,140,143.7
3127,3.89,12:32,138,143.7
3128,3.89,11:33,138,143.7
3129,3.89,11:33,136,143.7
3130,3.89,11:39,136,143.7
3131,3.9,11:39,136,143.7
3132,3.9,12:39,134,143.7
3133,3.9,13:16,134,143.7
3134,3.9,13:41,138,143.7
3135,3.9,14:07,140,143.7
3136,3.9,14:25,149,143.0
3137,3.9,14:25,152,143.0
3138,3.9,13:41,153,143.0
3139,3.91,13:24,154,143.0
3140,3.91,12:25,154,143.0
3141,3.91,11:10,155,143.0
3142,3.91,10:54,155,143.7
3143,3.91,11:33,155,143.7
3144,3.91,10:48,155,143.7
3145,3.91,10:59,155,143.7
3146,3.92,12:04,154,143.7
3147,3.92,12:18,153,143.7
3148,3.92,12:46,151,143.7
3149,3.92,13:49,151,143.0
3150,3.92,14:07,151,143.0
3151,3.92,14:07,150,143.0
3152,3.92,14:25,149,143.0
3153,3.92,13:32,149,143.0
3154,3.93,13:24,149,143.7
3155,3.93,12:53,148,143.7
3156,3.93,12:39,147,143.0
3157,3.93,12:39,147,143.0
3158,3.93,12:39,146,143.0
3159,3.93,13:08,146,143.0
3160,3.93,13:49,146,143.0
3161,3.93,13:41,146,143.0
3162,3.94,13:01,146,143.0
3163,3.94,13:58,146,143.0
3164,3.94,14:34,146,143.0
3165,3.94,14:44,146,143.0
3166,3.94,15:24,147,143.0
3167,3.94,15:04,147,143.0
3168,3.94,13:49,147,142.4
3169,3.94,12:46,148,142.4
3170,3.95,12:04,149,142.4
3171,3.95,11:45,150,142.4
3172,3.95,12:46,150,142.4
3173,3.95,12:39,151,141.7
3174,3.95,13:58,151,142.4
3175,3.95,14:16,152,142.4
3176,3.95,14:34,152,142.4
3177,3.95,15:04,152,142.4
3178,3.96,14:54,153,142.4
3179,3.96,13:41,152,142.4
3180,3.96,14:07,153,142.4
3181,3.96,13:32,152,141.7
3182,3.96,12:53,152,141.7
3183,3.96,12:11,152,141.7
3184,3.96,11:45,152,141.7
3185,3.96,11:27,151,141.7
3186,3.97,11:27,151,141.7
3187,3.97,11:33,152,141.7
3188,3.97,12:46,152,141.1
3189,3.97,13:08,152,141.1
3190,3.97,13:16,152,141.1
3191,3.97,13:32,151,141.1
3192,3.97,12:46,151,141.1
3193,3.98,12:18,152,141.1
3194,3.98,11:39,151,141.1
3195,3.98,11:45,151,141.1
3196,3.98,12:18,150,141.7
3197,3.98,12:32,150,141.7
3198,3.98,13:01,150,141.7
3199,3.98,13:58,150,141.7
3200,3.98,14:07,149,141.7
3201,3.99,13:16,150,141.1
3202,3.99,13:32,150,141.1
3203,3.99,12:39,150,141.1
3204,3.99,12:32,151,141.1
3205,3.99,12:32,151,141.1
3206,3.99,13:01,152,141.1
3207,3.99,13:49,152,141.1
3208,3.99,14:34,152,141.1
3209,4.0,13:49,152,141.1
3210,4.0,14:34,152,141.1
3211,4.0,14:44,153,141.1
3212,4.0,14:34,152,141.1
3213,4.0,14:16,152,141.1
3214,4.0,14:44,152,141.1
3215,4.0,13:32,151,141.1
3216,4.0,12:11,151,141.1
3217,4.01,11:39,151,141.1
3218,4.01,12:46,151,141.1
3219,4.01,13:16,151,141.1
3220,4.01,12:46,150,141.1
3221,4.01,13:49,152,141.1
3222,4.01,13:32,152,140.4
3223,4.01,12:53,152,140.4
3224,4.01,12:18,152,140.4
3225,4.02,13:08,152,140.4
3226,4.02,13:01,152,140.4
3227,4.02,12:46,152,139.8
3228,4.02,12:25,152,139.8
3229,4.02,12:25,152,139.8
3230,4.02,11:52,151,139.8
3231,4.02,11:52,150,139.8
3232,4.03,11:45,151,139.8
3233,4.03,12:04,150,139.8
3234,4.03,12:11,150,139.8
3235,4.03,13:01,149,139.8
3236,4.03,13:01,149,139.8
3237,4.03,13:58,149,140.4
3238,4.03,13:49,149,139.8
3239,4.03,13:24,149,139.8
3240,4.04,13:08,150,140.4
3241,4.04,13:24,150,139.8
3242,4.04,12:25,151,139.8
3243,4.04,12:18,152,139.8
3244,4.04,13:16,152,139.8
3245,4.04,13:16,152,139.8
3246,4.04,13:08,152,139.8
3247,4.04,13:08,151,139.1
3248,4.05,13:08,152,139.8
3249,4.05,12:32,152,139.8
3250,4.05,12:39,152,139.8
3251,4.05,12:53,152,139.8
3252,4.05,15:04,152,139.8
3253,4.05,15:46,152,139.8
3254,4.05,16:33,152,140.4
3255,4.05,16:09,152,140.4
3256,4.05,14:44,153,140.4
3257,4.06,13:08,153,139.8
3258,4.06,12:18,154,139.8
3259,4.06,11:16,154,139.8
3260,4.06,11:45,154,139.8
3261,4.06,12:46,154,139.8
3262,4.06,12:46,154,139.8
3263,4.06,13:32,153,139.8
3264,4.07,14:25,154,139.8
3265,4.07,13:41,154,139.8
3266,4.07,13:24,154,139.8
3267,4.07,13:41,153,139.8
3268,4.07,13:08,153,139.8
3269,4.07,13:16,152,139.1
3270,4.07,13:08,152,139.1
3271,4.07,12:39,153,139.1
3272,4.08,12:46,153,139.1
3273,4.08,12:53,152,139.1
3274,4.08,13:16,153,139.1
3275,4.08,13:16,152,139.1
3276,4.08,13:49,152,139.8
3277,4.08,14:16,152,139.8
3278,4.08,14:07,152,139.8
3279,4.08,13:58,152,139.1
3280,4.08,14:34,151,139.1
3281,4.09,14:54,151,139.1
3282,4.09,14:34,151,139.1
3283,4.09,15:04,152,139.1
3284,4.09,14:25,151,139.1
3285,4.09,13:58,151,139.1
3286,4.09,13:16,152,139.1
3287,4.09,12:39,151,139.1
3288,4.09,12:04,150,139.1
3289,4.1,12:25,150,139.1
3290,4.1,12:18,151,138.5
3291,4.1,12:04,151,138.5
3292,4.1,11:52,151,138.5
3293,4.1,12:18,151,138.5
3294,4.1,12:18,151,138.5
3295,4.1,12:39,151,138.5
3296,4.11,13:16,152,138.5
3297,4.11,15:04,151,138.5
3298,4.11,14:54,151,138.5
3299,4.11,15:14,150,138.5
3300,4.11,14:07,150,138.5
3301,4.11,13:49,151,138.5
3302,4.11,12:39,151,138.5
3303,4.11,13:08,152,137.8
3304,4.11,12:53,152,137.8
3305,4.12,13:41,151,137.8
3306,4.12,13:24,151,137.8
3307,4.12,13:24,152,137.1
3308,4.12,13:08,152,137.8
3309,4.12,12:39,152,137.8
3310,4.12,12:11,151,137.8
3311,4.12,12:04,152,137.8
3312,4.13,11:52,153,137.8
3313,4.13,11:27,152,137.8
3314,4.13,12:04,152,137.8
3315,4.13,11:58,152,137.8
3316,4.13,11:27,151,137.8
3317,4.13,11:10,151,137.1
3318,4.14,10:28,152,137.1
3319,4.14,10:14,153,137.1
3320,4.14,10:14,153,137.1
3321,4.14,10:48,152,137.1
3322,4.14,11:33,152,137.1
3323,4.14,12:18,152,137.1
3324,4.14,12:11,152,137.1
3325,4.14,12:32,152,137.1
3326,4.15,11:58,152,136.5
3327,4.15,12:18,152,136.5
3328,4.15,12:46,151,136.5
3329,4.15,12:53,151,136.5
3330,4.15,13:24,152,136.5
3331,4.15,14:44,153,136.5
3332,4.15,14:16,153,136.5
3333,4.15,14:16,152,136.5
3334,4.16,15:14,153,137.1
3335,4.16,15:14,152,137.1
3336,4.16,14:54,152,137.1
3337,4.16,14:34,154,137.1
3338,4.16,14:16,154,137.1
3339,4.16,13:58,154,137.1
3340,4.16,13:08,154,137.1
3341,4.16,13:49,154,137.8
3342,4.16,13:41,153,137.8
3343,4.17,13:16,153,138.5
3344,4.17,12:11,154,138.5
3345,4.17,12:39,154,139.1
3346,4.17,12:53,154,139.1
3347,4.17,13:49,155,139.1
3348,4.17,15:14,155,139.8
3349,4.17,16:21,155,139.8
3350,4.17,16:09,154,139.8
3351,4.18,13:32,153,139.8
3352,4.18,12:53,153,139.1
3353,4.18,12:18,154,139.1
3354,4.18,11:58,154,138.5
3355,4.18,11:21,154,137.8
3356,4.18,11:45,154,137.1
3357,4.18,10:54,154,136.5
3358,4.19,10:23,154,135.8
3359,4.19,10:05,153,135.2
3360,4.19,10:14,153,135.2
3361,4.19,10:09,153,134.5
3362,4.19,10:18,153,133.9
3363,4.19,10:09,153,133.9
3364,4.2,11:16,153,133.9
3365,4.2,11:39,153,133.9
3366,4.2,12:25,153,133.9
3367,4.2,12:39,154,133.9
3368,4.2,13:16,154,133.2
3369,4.2,12:32,154,133.2
3370,4.2,11:45,154,132.5
3371,4.21,11:10,155,132.5
3372,4.21,11:16,155,132.5
3373,4.21,11:16,156,132.5
3374,4.21,11:05,156,132.5
3375,4.21,11:39,156,132.5
3376,4.21,12:11,156,132.5
3377,4.21,11:21,157,132.5
3378,4.22,10:38,155,132.5
3379,4.22,10:43,156,132.5
3380,4.22,10:23,156,132.5
3381,4.22,10:38,155,132.5
3382,4.22,11:21,155,132.5
3383,4.22,12:04,156,132.5
3384,4.22,12:46,156,132.5
3385,4.23,12:32,155,131.9
3386,4.23,12:25,155,131.9
3387,4.23,12:46,155,131.9
3388,4.23,12:39,156,131.9
3389,4.23,11:39,156,131.9
3390,4.23,11:16,155,131.9
3391,4.23,10:18,156,131.9
3392,4.24,10:23,155,131.9
3393,4.24,10:14,155,131.9
3394,4.24,10:18,155,131.9
3395,4.24,11:16,156,131.9
3396,4.24,11:52,155,131.2
3397,4.24,11:58,154,131.2
3398,4.24,12:46,154,131.2
3399,4.25,13:24,153,130.6
3400,4.25,13:49,153,130.6
3401,4.25,14:25,153,130.6
3402,4.25,13:58,153,130.6
3403,4.25,13:58,151,130.6
3404,4.25,13:24,151,130.6
3405,4.25,12:53,150,130.6
3406,4.25,12:04,150,129.9
3407,4.26,12:11,150,129.9
3408,4.26,12:18,150,129.9
3409,4.26,12:46,150,129.3
3410,4.26,13:08,150,129.3
3411,4.26,13:16,151,129.3
3412,4.26,12:32,151,128.6
3413,4.26,12:18,151,128.0
3414,4.27,11:52,151,128.0
3415,4.27,11:16,151,128.0
3416,4.27,11:39,151,128.0
3417,4.27,12:18,150,128.0
3418,4.27,12:11,151,128.0
3419,4.27,12:25,150,128.0
3420,4.27,13:01,150,128.0
3421,4.27,13:01,151,128.0
3422,4.28,13:58,151,128.0
3423,4.28,14:25,151,128.0
3424,4.28,13:32,151,128.0
3425,4.28,13:32,150,127.3
3426,4.28,14:07,151,127.3
3427,4.28,12:11,151,127.3
3428,4.28,11:52,151,127.3
3429,4.28,12:18,151,127.3
3430,4.29,11:58,151,126.6
3431,4.29,11:05,152,127.3
3432,4.29,11:52,153,127.3
3433,4.29,11:58,152,127.3
3434,4.29,12:39,151,127.3
3435,4.29,12:25,151,127.3
3436,4.29,13:24,150,126.6
3437,4.3,13:16,150,126.6
3438,4.3,13:24,150,126.6
3439,4.3,12:39,149,126.0
3440,4.3,13:08,151,126.0
3441,4.3,12:32,151,126.0
3442,4.3,13:41,151,126.0
3443,4.3,13:58,152,126.0
3444,4.3,14:07,152,126.0
3445,4.31,14:25,153,125.3
3446,4.31,13:58,153,125.3
3447,4.31,12:18,154,125.3
3448,4.31,11:52,153,124.7
3449,4.31,11:27,154,124.7
3450,4.31,11:27,154,124.7
3451,4.31,11:45,155,124.7
3452,4.32,11:45,155,124.7
3453,4.32,11:33,155,124.7
3454,4.32,12:18,155,124.0
3455,4.32,12:04,155,124.0
3456,4.32,12:32,155,124.0
3457,4.32,13:08,154,124.0
3458,4.32,13:24,154,124.7
3459,4.32,13:01,155,124.7
3460,4.33,12:46,155,124.0
3461,4.33,11:58,155,124.0
3462,4.33,12:39,155,124.0
3463,4.33,12:25,154,123.4
3464,4.33,12:46,154,123.4
3465,4.33,12:46,155,123.4
3466,4.33,13:58,154,123.4
3467,4.33,13:41,154,123.4
3468,4.34,13:49,154,123.4
3469,4.34,13:24,155,123.4
3470,4.34,13:41,155,123.4
3471,4.34,13:16,154,123.4
3472,4.34,12:53,155,124.0
3473,4.34,13:01,154,124.0
3474,4.34,13:16,154,124.0
3475,4.34,13:24,154,124.0
3476,4.35,12:53,154,124.0
3477,4.35,12:46,155,123.4
3478,4.35,13:01,153,123.4
3479,4.35,12:39,153,123.4
3480,4.35,12:18,152,122.7
3481,4.35,12:25,152,123.4
3482,4.35,12:39,152,123.4
3483,4.36,12:25,152,123.4
3484,4.36,12:11,153,123.4
3485,4.36,12:11,152,123.4
3486,4.36,12:32,152,123.4
3487,4.36,11:58,152,122.7
3488,4.36,11:58,153,122.7
3489,4.36,12:32,152,122.7
3490,4.36,12:25,151,122.7
3491,4.37,12:39,151,122.0
3492,4.37,13:24,151,122.0
3493,4.37,13:32,151,122.0
3494,4.37,13:49,151,122.0
3495,4.37,14:07,151,122.0
3496,4.37,13:24,149,122.0
3497,4.37,13:16,148,122.0
3498,4.37,13:32,148,122.0
3499,4.38,12:46,147,122.0
3500,4.38,13:01,147,122.0
3501,4.38,12:53,147,122.0
3502,4.38,12:18,147,122.0
3503,4.38,11:39,147,121.4
3504,4.38,11:27,147,121.4
3505,4.38,11:27,147,121.4
3506,4.39,12:25,147,121.4
3507,4.39,12:25,148,120.7
3508,4.39,12:46,148,120.7
3509,4.39,13:24,150,120.7
3510,4.39,13:01,150,120.7
3511,4.39,12:18,149,120.7
3512,4.39,12:25,149,120.1
3513,4.4,12:11,149,120.1
3514,4.4,11:39,149,120.1
3515,4.4,11:52,150,120.1
3516,4.4,12:11,150,120.1
3517,4.4,12:25,151,120.1
3518,4.4,13:08,151,120.7
3519,4.4,13:58,151,120.7
3520,4.4,13:49,152,120.7
3521,4.41,13:41,152,120.7
3522,4.41,14:16,152,120.1
3523,4.41,13:32,151,120.1
3524,4.41,13:24,152,120.1
3525,4.41,12:53,152,120.1
3526,4.41,11:58,151,120.1
3527,4.41,11:21,152,120.1
3528,4.42,10:43,152,120.1
3529,4.42,10:33,151,120.1
3530,4.42,10:33,151,120.1
3531,4.42,10:38,151,119.4
3532,4.42,10:28,152,120.1
3533,4.42,11:27,152,120.1
3534,4.42,12:11,152,119.4
3535,4.43,12:18,151,119.4
3536,4.43,12:46,151,119.4
3537,4.43,13:08,152,119.4
3538,4.43,12:39,152,118.8
3539,4.43,12:04,151,118.8
3540,4.43,12:25,152,118.8
3541,4.43,13:08,151,118.8
3542,4.43,13:32,151,118.1
3543,4.44,14:25,152,118.1
3544,4.44,14:07,153,118.1
3545,4.44,13:32,153,118.1
3546,4.44,12:25,153,118.1
3547,4.44,11:58,152,118.1
3548,4.44,11:10,153,118.1
3549,4.44,11:21,152,118.1
3550,4.44,12:04,152,118.1
3551,4.45,12:32,153,118.1
3552,4.45,13:01,154,118.1
3553,4.45,14:07,154,118.1
3554,4.45,14:07,153,118.1
3555,4.45,13:41,153,117.5
3556,4.45,14:16,153,117.5
3557,4.45,14:16,152,117.5
3558,4.45,14:34,152,118.1
3559,4.46,15:04,152,118.1
3560,4.46,16:58,152,118.1
3561,4.46,16:09,152,118.1
3562,4.46,14:54,150,118.1
3563,4.46,13:01,150,118.1
3564,4.46,12:11,150,118.1
3565,4.46,11:27,150,118.1
3566,4.46,11:39,151,117.5
3567,4.47,13:01,151,117.5
3568,4.47,14:16,151,118.1
3569,4.47,13:49,150,118.1
3570,4.47,13:41,150,118.1
3571,4.47,13:49,150,118.1
3572,4.47,12:39,151,118.8
3573,4.47,12:32,150,118.8
3574,4.47,14:16,150,118.8
3575,4.48,14:07,151,118.8
3576,4.48,14:25,152,118.8
3577,4.48,14:34,151,118.1
3578,4.48,14:44,151,118.1
3579,4.48,13:16,152,118.1
3580,4.48,13:08,151,118.1
3581,4.48,12:46,151,118.1
3582,4.48,13:41,151,118.1
3583,4.48,13:16,152,117.5
3584,4.49,12:18,152,117.5
3585,4.49,12:04,151,117.5
3586,4.49,11:39,152,117.5
3587,4.49,10:59,151,118.1
3588,4.49,10:59,151,118.1
3589,4.49,11:52,152,118.1
3590,4.5,12:11,153,118.1
3591,4.5,12:39,153,118.1
3592,4.5,13:32,153,118.1
3593,4.5,13:32,153,118.1
3594,4.5,13:49,153,118.1
3595,4.5,13:24,153,117.5
3596,4.5,12:39,153,117.5
3597,4.5,12:32,154,117.5
3598,4.51,13:01,154,117.5
3599,4.51,13:24,154,117.5
3600,4.51,13:32,153,117.5
3601,4.51,13:58,154,117.5
3602,4.51,12:46,154,117.5
3603,4.51,12:46,153,116.8
3604,4.51,13:01,153,116.8
3605,4.51,13:41,153,116.8
3606,4.51,13:58,153,116.8
3607,4.52,15:24,154,117.5
3608,4.52,14:44,155,117.5
3609,4.52,14:44,155,117.5
3610,4.52,14:54,155,118.1
3611,4.52,15:14,155,118.1
3612,4.52,14:25,154,118.1
3613,4.52,15:24,153,118.1
3614,4.52,14:44,153,118.1
3615,4.53,14:07,152,118.1
3616,4.53,13:01,153,118.1
3617,4.53,12:46,152,118.1
3618,4.53,12:04,154,118.1
3619,4.53,12:11,155,118.1
3620,4.53,11:58,154,118.1
3621,4.53,12:53,154,118.1
3622,4.53,13:49,153,118.1
3623,4.54,15:04,152,118.1
3624,4.54,15:57,153,118.1
3625,4.54,16:09,153,118.1
3626,4.54,15:35,154,118.1
3627,4.54,15:57,153,118.1
3628,4.54,14:54,153,118.1
3629,4.54,13:16,153,118.8
3630,4.54,13:08,152,118.8
3631,4.54,14:44,152,118.8
3632,4.55,13:41,152,118.8
3633,4.55,14:16,152,118.8
3634,4.55,14:34,151,118.8
3635,4.55,14:34,150,118.8
3636,4.55,13:24,150,118.8
3637,4.55,13:41,150,118.8
3638,4.55,13:01,150,118.8
3639,4.55,13:24,150,118.8
3640,4.56,12:25,149,118.8
3641,4.56,11:52,149,118.8
3642,4.56,11:52,149,118.8
3643,4.56,11:39,149,118.1
3644,4.56,11:45,149,118.1
3645,4.56,12:46,148,118.1
3646,4.56,13:49,148,118.1
3647,4.56,14:44,148,118.1
3648,4.57,14:44,148,118.1
3649,4.57,13:58,148,118.8
3650,4.57,13:58,148,118.8
3651,4.57,13:24,148,119.4
3652,4.57,12:25,148,119.4
3653,4.57,13:01,148,119.4
3654,4.57,13:08,148,119.4
3655,4.57,13:16,149,119.4
3656,4.58,13:41,150,120.1
3657,4.58,13:41,149,120.1
3658,4.58,13:49,149,120.1
3659,4.58,14:34,148,120.7
3660,4.58,14:44,148,120.7
3661,4.58,13:58,149,120.1
3662,4.58,14:16,148,120.1
3663,4.58,13:24,147,120.1
3664,4.59,13:16,147,120.1
3665,4.59,13:01,147,120.1
3666,4.59,12:25,147,120.1
3667,4.59,12:25,147,120.1
3668,4.59,12:53,146,120.1
3669,4.59,12:53,146,120.7
3670,4.59,13:08,146,120.7
3671,4.59,13:58,147,120.7
3672,4.6,13:41,147,120.7
3673,4.6,14:25,146,120.7
3674,4.6,14:07,146,121.4
3675,4.6,13:32,145,121.4
3676,4.6,13:16,146,121.4
3677,4.6,13:41,145,122.0
3678,4.6,13:08,146,122.0
3679,4.6,13:24,146,122.0
3680,4.6,14:54,146,122.0
3681,4.61,15:46,146,121.4
3682,4.61,15:46,145,121.4
3683,4.61,16:33,145,121.4
3684,4.61,16:45,145,121.4
3685,4.61,14:44,144,121.4
3686,4.61,14:16,144,121.4
3687,4.61,14:34,146,121.4
3688,4.61,13:24,146,121.4
3689,4.62,13:16,146,121.4
3690,4.62,13:41,145,121.4
3691,4.62,13:24,145,121.4
3692,4.62,13:01,146,122.0
3693,4.62,12:53,147,122.0
3694,4.62,12:25,147,122.0
3695,4.62,12:46,147,122.0
3696,4.62,12:46,149,122.0
3697,4.63,13:16,149,122.0
3698,4.63,13:32,149,122.0
3699,4.63,13:49,148,122.7
3700,4.63,13:01,150,122.7
3701,4.63,13:16,150,122.7
3702,4.63,12:39,151,122.7
3703,4.63,12:18,152,123.4
3704,4.63,12:11,152,123.4
3705,4.64,12:11,152,123.4
3706,4.64,12:11,152,123.4
3707,4.64,12:25,152,123.4
3708,4.64,13:01,152,123.4
3709,4.64,13:24,152,124.0
3710,4.64,14:34,153,124.0
3711,4.64,14:44,153,124.0
3712,4.64,14:44,152,124.7
3713,4.65,15:14,152,124.7
3714,4.65,14:44,153,124.7
3715,4.65,14:16,153,125.3
3716,4.65,15:04,152,125.3
3717,4.65,15:14,153,125.3
3718,4.65,14:34,153,125.3
3719,4.65,14:54,154,125.3
3720,4.65,14:54,154,125.3
3721,4.65,13:58,154,124.7
3722,4.66,13:49,153,124.7
3723,4.66,15:04,153,124.7
3724,4.66,16:21,153,125.3
3725,4.66,17:38,153,125.3
3726,4.66,19:09,153,126.0
3727,4.66,18:22,152,126.0
3728,4.66,16:21,152,126.0
3729,4.66,15:46,153,126.0
3730,4.66,14:34,153,126.0
3731,4.67,14:07,154,126.0
3732,4.67,14:16,154,126.0
3733,4.67,14:16,153,126.0
3734,4.67,14:07,152,126.0
3735,4.67,14:16,153,126.0
3736,4.67,13:24,152,125.3
3737,4.67,13:24,153,125.3
3738,4.67,14:25,153,124.7
3739,4.67,13:58,153,124.7
3740,4.68,13:41,153,124.7
3741,4.68,14:16,153,124.0
3742,4.68,13:49,153,124.0
3743,4.68,12:46,153,123.4
3744,4.68,13:16,153,123.4
3745,4.68,14:16,153,122.7
3746,4.68,13:58,154,122.0
3747,4.68,14:44,154,121.4
3748,4.69,14:16,154,120.7
3749,4.69,13:32,153,120.7
3750,4.69,12:18,152,120.1
3751,4.69,11:39,153,119.4
3752,4.69,11:16,153,119.4
3753,4.69,11:45,152,118.8
3754,4.69,11:27,152,118.1
3755,4.7,11:10,152,118.1
3756,4.7,11:27,152,117.5
3757,4.7,11:58,151,116.8
3758,4.7,11:33,151,116.8
3759,4.7,11:27,151,116.1
3760,4.7,11:58,152,116.1
3761,4.7,11:27,152,115.5
3762,4.71,10:59,152,115.5
3763,4.71,11:10,152,115.5
3764,4.71,11:16,152,115.5
3765,4.71,11:27,153,116.1
3766,4.71,11:45,154,116.1
3767,4.71,11:39,153,116.1
3768,4.71,11:45,154,115.5
3769,4.72,12:39,153,115.5
3770,4.72,13:01,153,115.5
3771,4.72,13:16,153,115.5
3772,4.72,13:32,153,115.5
3773,4.72,13:58,152,114.8
3774,4.72,12:25,149,114.8
3775,4.72,10:48,146,114.8
3776,4.73,10:59,144,114.8
3777,4.73,10:43,141,114.8
3778,4.73,10:00,141,114.8
3779,4.73,10:28,140,114.8
3780,4.73,11:45,140,114.8
3781,4.73,12:04,140,114.8
3782,4.73,12:32,140,114.8
3783,4.73,13:58,140,114.8
3784,4.74,14:25,140,114.8
3785,4.74,14:16,140,114.8
3786,4.74,13:41,138,114.8
3787,4.74,13:16,140,114.8
3788,4.74,12:46,140,114.2
3789,4.74,12:39,140,114.2
3790,4.74,12:32,140,114.2
3791,4.74,13:16,140,114.2
3792,4.75,13:58,140,114.2
3793,4.75,13:41,140,114.2
3794,4.75,13:24,140,114.2
3795,4.75,13:24,140,114.2
3796,4.75,12:39,141,113.5
3797,4.75,12:11,141,113.5
3798,4.75,11:33,143,113.5
3799,4.76,11:27,144,113.5
3800,4.76,11:33,145,113.5
3801,4.76,12:04,146,113.5
3802,4.76,12:04,146,114.2
3803,4.76,12:53,146,114.2
3804,4.76,13:08,148,113.5
3805,4.76,13:08,148,113.5
3806,4.76,12:53,149,113.5
3807,4.77,13:08,150,113.5
3808,4.77,13:49,150,114.2
3809,4.77,13:49,151,114.2
3810,4.77,13:24,151,114.2
3811,4.77,13:24,154,114.2
3812,4.77,13:08,155,114.2
3813,4.77,11:52,154,114.2
3814,4.78,11:39,153,113.5
3815,4.78,10:38,153,113.5
3816,4.78,10:38,154,113.5
3817,4.78,10:59,153,113.5
3818,4.78,11:27,153,113.5
3819,4.78,11:52,153,113.5
3820,4.78,13:49,153,112.9
3821,4.79,13:24,153,112.9
3822,4.79,13:16,153,112.9
3823,4.79,13:16,154,113.5
3824,4.79,12:39,154,113.5
3825,4.79,12:18,154,113.5
3826,4.79,12:39,154,113.5
3827,4.79,12:25,152,113.5
3828,4.79,12:39,152,113.5
3829,4.8,13:01,152,113.5
3830,4.8,13:49,152,113.5
3831,4.8,14:16,152,113.5
3832,4.8,13:49,152,113.5
3833,4.8,13:24,152,113.5
3834,4.8,13:16,152,113.5
3835,4.8,12:18,152,113.5
3836,4.8,11:58,152,112.9
3837,4.81,12:25,151,113.5
3838,4.81,13:08,152,113.5
3839,4.81,13:32,152,113.5
3840,4.81,13:58,152,112.9
3841,4.81,13:32,152,112.9
3842,4.81,13:32,152,112.9
3843,4.81,13:41,152,112.2
3844,4.81,14:07,152,112.2
3845,4.82,14:25,153,112.2
3846,4.82,14:07,153,112.2
3847,4.82,13:58,153,112.2
3848,4.82,13:08,154,112.2
3849,4.82,11:58,152,112.2
3850,4.82,11:45,152,112.9
3851,4.82,12:32,153,112.9
3852,4.82,12:46,153,112.9
3853,4.83,13:16,153,112.9
3854,4.83,14:44,153,112.9
3855,4.83,14:25,153,112.9
3856,4.83,15:14,153,112.9
3857,4.83,15:35,152,112.9
3858,4.83,15:24,152,112.9
3859,4.83,14:34,151,112.9
3860,4.83,14:44,153,112.9
3861,4.84,13:08,153,112.2
3862,4.84,12:18,152,112.2
3863,4.84,11:52,152,112.2
3864,4.84,11:39,152,112.2
3865,4.84,11:58,151,112.2
3866,4.84,12:11,151,112.9
3867,4.84,12:25,151,112.9
3868,4.84,12:39,151,112.9
3869,4.85,12:32,150,112.9
3870,4.85,11:27,150,112.9
3871,4.85,11:45,151,112.9
3872,4.85,12:25,152,112.2
3873,4.85,12:11,153,112.9
3874,4.85,12:32,152,112.9
3875,4.85,13:24,153,112.9
3876,4.86,13:01,153,112.2
3877,4.86,12:04,153,112.9
3878,4.86,11:58,153,112.2
3879,4.86,11:52,153,112.2
3880,4.86,12:11,153,112.2
3881,4.86,12:04,153,112.2
3882,4.86,12:39,154,112.2
3883,4.86,13:41,154,112.2
3884,4.87,13:49,153,112.2
3885,4.87,13:24,154,112.2
3886,4.87,13:49,154,112.9
3887,4.87,13:49,155,112.9
3888,4.87,13:08,154,112.9
3889,4.87,13:08,154,112.9
3890,4.87,13:32,154,112.9
3891,4.87,13:49,153,112.9
3892,4.88,13:32,154,112.9
3893,4.88,12:46,154,112.2
3894,4.88,12:32,154,112.2
3895,4.88,11:39,154,112.2
3896,4.88,10:59,154,112.2
3897,4.88,11:33,154,112.2
3898,4.88,12:46,153,112.2
3899,4.89,13:16,153,111.5
3900,4.89,14:25,153,111.5
3901,4.89,15:14,153,111.5
3902,4.89,14:44,153,111.5
3903,4.89,14:07,151,111.5
3904,4.89,14:16,151,111.5
3905,4.89,14:16,151,111.5
3906,4.89,15:04,152,111.5
3907,4.89,14:34,152,111.5
3908,4.9,14:25,152,110.9
3909,4.9,14:25,151,110.9
3910,4.9,15:14,151,110.2
3911,4.9,14:16,151,110.2
3912,4.9,14:54,151,110.2
3913,4.9,14:44,151,109.6
3914,4.9,13:49,150,109.6
3915,4.9,13:01,150,108.9
3916,4.91,13:16,150,108.9
3917,4.91,12:32,151,108.9
3918,4.91,12:53,150,108.9
3919,4.91,13:41,150,108.9
3920,4.91,13:41,150,108.9
3921,4.91,13:16,151,108.9
3922,4.91,13:08,152,108.9
3923,4.91,12:32,152,108.9
3924,4.92,11:52,151,108.9
3925,4.92,11:39,152,108.9
3926,4.92,11:05,152,108.9
3927,4.92,11:39,153,108.9
3928,4.92,11:58,152,108.9
3929,4.92,12:32,152,108.9
3930,4.92,13:16,152,108.3
3931,4.92,15:04,152,108.3
3932,4.93,14:25,151,108.3
3933,4.93,13:41,152,108.3
3934,4.93,13:16,152,108.3
3935,4.93,12:39,152,108.3
3936,4.93,12:18,152,108.3
3937,4.93,12:18,151,108.3
3938,4.93,13:08,153,108.3
3939,4.93,13:16,153,108.3
3940,4.94,13:01,153,108.3
3941,4.94,12:25,154,107.6
3942,4.94,12:39,153,107.6
3943,4.94,11:52,153,107.6
3944,4.94,11:58,152,107.6
3945,4.94,12:04,153,107.0
3946,4.94,12:25,152,107.0
3947,4.95,11:58,152,106.3
3948,4.95,12:39,152,105.6
3949,4.95,12:32,152,105.6
3950,4.95,12:04,152,105.0
3951,4.95,12:04,153,104.3
3952,4.95,11:52,152,104.3
3953,4.95,11:39,153,104.3
3954,4.96,11:52,153,103.7
3955,4.96,11:52,152,103.7
3956,4.96,11:58,153,103.7
3957,4.96,13:01,153,103.7
3958,4.96,12:32,153,103.0
3959,4.96,12:25,152,103.0
3960,4.96,12:53,153,102.4
3961,4.97,12:32,153,101.7
3962,4.97,11:58,153,101.7
3963,4.97,11:58,153,101.0
3964,4.97,11:39,153,101.0
3965,4.97,11:21,153,101.0
3966,4.97,11:33,153,100.4
3967,4.97,11:33,152,100.4
3968,4.97,12:46,153,100.4
3969,4.98,13:32,153,100.4
3970,4.98,14:07,153,99.7
3971,4.98,14:34,154,99.7
3972,4.98,14:44,153,99.7
3973,4.98,14:07,153,99.7
3974,4.98,12:53,153,99.7
3975,4.98,11:58,153,99.7
3976,4.99,11:21,153,99.7
3977,4.99,11:21,153,99.7
3978,4.99,10:54,153,99.1
3979,4.99,10:54,154,99.1
3980,4.99,11:05,154,99.1
3981,4.99,10:54,154,99.1
3982,4.99,10:59,153,99.1
3983,5.0,11:33,153,99.1
3984,5.0,12:32,154,99.1
3985,5.0,14:25,154,99.1
3986,5.0,16:21,154,99.1
3987,5.0,16:09,154,99.7
3988,5.0,16:21,154,100.4
3989,5.0,15:46,155,100.4
3990,5.0,14:16,155,101.0
3991,5.0,13:58,154,101.7
3992,5.01,14:16,154,101.7
3993,5.01,13:49,155,102.4
3994,5.01,13:32,155,103.0
3995,5.01,13:41,156,103.0
3996,5.01,12:25,156,103.7
3997,5.01,12:04,157,103.7
3998,5.01,11:52,156,103.7
3999,5.01,11:58,156,103.0
4000,5.02,12:11,155,103.0
4001,5.02,12:18,156,102.4
4002,5.02,12:04,156,102.4
4003,5.02,11:45,156,102.4
4004,5.02,11:16,157,102.4
4005,5.02,10:54,157,102.4
4006,5.02,11:10,158,103.0
4007,5.03,11:16,157,103.0
4008,5.03,12:04,156,103.0
4009,5.03,12:39,158,102.4
4010,5.03,13:16,158,102.4
4011,5.03,13:16,158,102.4
4012,5.03,14:16,157,102.4
4013,5.03,13:32,158,102.4
4014,5.03,13:58,159,103.0
4015,5.04,13:58,159,103.0
4016,5.04,14:34,158,103.0
4017,5.04,14:07,159,103.0
4018,5.04,14:44,158,103.0
4019,5.04,14:16,158,103.7
4020,5.04,13:58,159,103.7
4021,5.04,13:32,159,103.7
4022,5.04,12:53,158,103.7
4023,5.05,12:11,159,103.7
4024,5.05,12:32,158,103.7
4025,5.05,12:32,158,103.7
4026,5.05,13:16,158,103.7
4027,5.05,14:25,158,103.7
4028,5.05,15:14,157,103.7
4029,5.05,14:44,156,103.7
4030,5.05,13:58,156,103.7
4031,5.06,13:24,156,103.7
4032,5.06,12:46,156,104.3
4033,5.06,13:01,156,104.3
4034,5.06,13:24,154,104.3
4035,5.06,13:49,153,104.3
4036,5.06,13:01,155,103.7
4037,5.06,12:25,155,103.7
4038,5.07,11:16,154,103.7
4039,5.07,10:38,154,103.0
4040,5.07,10:23,155,103.0
4041,5.07,11:05,154,103.0
4042,5.07,11:33,153,102.4
4043,5.07,13:08,154,102.4
4044,5.07,14:25,154,102.4
4045,5.07,14:07,154,102.4
4046,5.08,13:49,154,102.4
4047,5.08,13:58,153,102.4
4048,5.08,13:49,153,103.0
4049,5.08,13:32,153,103.0
4050,5.08,13:58,152,103.0
4051,5.08,14:54,152,103.0
4052,5.08,15:35,153,103.0
4053,5.08,15:24,154,103.0
4054,5.08,14:54,155,103.0
4055,5.09,14:54,155,103.0
4056,5.09,13:24,156,103.0
4057,5.09,12:46,156,103.0
4058,5.09,12:11,155,103.7
4059,5.09,11:39,155,103.7
4060,5.09,11:39,155,103.7
4061,5.09,12:25,155,104.3
4062,5.09,13:08,155,105.0
4063,5.1,13:01,155,105.0
4064,5.1,14:16,155,105.6
4065,5.1,15:46,155,106.3
4066,5.1,15:04,155,107.0
4067,5.1,14:25,154,107.6
4068,5.1,15:04,155,108.3
4069,5.1,15:46,156,108.9
4070,5.1,14:44,156,108.9
4071,5.1,15:24,157,109.6
4072,5.11,15:14,157,109.6
4073,5.11,14:44,157,109.6
4074,5.11,13:49,157,108.9
4075,5.11,14:07,157,108.9
4076,5.11,13:58,157,108.3
4077,5.11,14:07,157,108.3
4078,5.11,14:54,156,108.3
4079,5.11,15:35,155,107.6
4080,5.12,15:35,155,107.0
4081,5.12,15:35,155,106.3
4082,5.12,14:44,155,105.6
4083,5.12,14:07,155,104.3
4084,5.12,13:08,156,103.7
4085,5.12,12:11,155,103.0
4086,5.12,11:21,155,102.4
4087,5.12,11:52,156,101.7
4088,5.13,11:58,155,101.7
4089,5.13,12:39,155,101.0
4090,5.13,13:16,156,100.4
4091,5.13,13:16,156,100.4
4092,5.13,12:32,157,99.7
4093,5.13,12:18,156,99.1
4094,5.13,11:39,156,98.4
4095,5.14,11:16,156,98.4
4096,5.14,11:52,155,98.4
4097,5.14,12:25,154,98.4
4098,5.14,12:32,154,99.1
4099,5.14,12:11,154,99.1
4100,5.14,12:11,154,99.1
4101,5.14,11:52,154,99.1
4102,5.15,11:45,154,99.1
4103,5.15,11:39,154,99.1
4104,5.15,11:45,154,99.7
4105,5.15,12:04,153,99.7
4106,5.15,11:58,152,100.4
4107,5.15,11:45,151,100.4
4108,5.15,11:16,151,100.4
4109,5.16,11:27,151,100.4
4110,5.16,11:27,152,100.4
4111,5.16,12:04,152,100.4
4112,5.16,12:25,152,101.0
4113,5.16,13:41,152,101.0
4114,5.16,14:16,151,101.0
4115,5.16,14:54,151,101.7
4116,5.16,15:04,151,101.7
4117,5.16,15:46,151,101.7
4118,5.17,15:04,152,101.7
4119,5.17,14:34,153,101.7
4120,5.17,13:49,153,101.7
4121,5.17,13:32,154,101.7
4122,5.17,12:53,153,101.7
4123,5.17,13:01,154,101.7
4124,5.17,13:08,154,101.0
4125,5.17,13:08,155,101.0
4126,5.18,12:32,156,101.0
4127,5.18,11:39,156,101.0
4128,5.18,10:59,157,101.0
4129,5.18,11:05,157,100.4
4130,5.18,11:21,157,100.4
4131,5.18,11:39,157,100.4
4132,5.18,12:25,157,100.4
4133,5.19,13:08,157,99.7
4134,5.19,12:53,157,99.7
4135,5.19,13:24,157,99.7
4136,5.19,13:24,157,100.4
4137,5.19,13:49,156,100.4
4138,5.19,13:58,156,100.4
4139,5.19,13:32,156,100.4
4140,5.19,13:01,156,100.4
4141,5.2,13:32,155,101.0
4142,5.2,12:46,155,101.0
4143,5.2,12:11,154,101.0
4144,5.2,12:46,154,101.0
4145,5.2,12:46,154,101.0
4146,5.2,12:32,155,101.0
4147,5.2,13:32,156,101.7
4148,5.2,14:16,156,101.7
4149,5.21,13:32,156,101.7
4150,5.21,13:16,156,101.7
4151,5.21,12:32,156,102.4
4152,5.21,12:39,156,102.4
4153,5.21,13:01,155,102.4
4154,5.21,13:32,154,102.4
4155,5.21,13:58,154,102.4
4156,5.21,14:54,154,101.7
4157,5.22,14:25,155,101.7
4158,5.22,13:32,155,101.7
4159,5.22,14:34,155,101.7
4160,5.22,14:16,154,101.7
4161,5.22,14:34,154,101.0
4162,5.22,14:07,154,101.0
4163,5.22,13:58,153,101.0
4164,5.22,12:39,153,101.0
4165,5.23,12:18,154,101.0
4166,5.23,11:39,154,100.4
4167,5.23,11:21,153,100.4
4168,5.23,11:05,153,100.4
4169,5.23,11:39,153,100.4
4170,5.23,12:18,152,100.4
4171,5.23,12:32,153,100.4
4172,5.24,13:16,153,100.4
4173,5.24,13:41,153,100.4
4174,5.24,13:01,153,99.7
4175,5.24,12:39,153,99.7
4176,5.24,12:46,153,99.7
4177,5.24,12:46,153,99.7
4178,5.24,13:08,154,99.1
4179,5.24,13:08,153,99.1
4180,5.25,12:39,153,99.1
4181,5.25,12:53,154,98.4
4182,5.25,12:46,154,98.4
4183,5.25,12:39,154,98.4
4184,5.25,13:01,154,98.4
4185,5.25,13:24,155,98.4
4186,5.25,12:32,156,98.4
4187,5.25,12:25,155,98.4
4188,5.26,12:53,155,98.4
4189,5.26,12:25,155,98.4
4190,5.26,12:32,155,98.4
4191,5.26,13:01,154,98.4
4192,5.26,12:18,154,98.4
4193,5.26,11:16,153,98.4
4194,5.26,11:16,154,98.4
4195,5.27,11:33,154,98.4
4196,5.27,12:11,154,99.1
4197,5.27,13:32,154,99.1
4198,5.27,14:34,154,99.1
4199,5.27,14:44,154,99.1
4200,5.27,14:16,152,98.4
4201,5.27,12:11,152,98.4
4202,5.27,11:58,152,97.8
4203,5.28,10:43,152,97.8
4204,5.28,10:54,152,97.8
4205,5.28,10:18,152,97.8
4206,5.28,10:33,152,97.8
4207,5.28,10:09,153,97.8
4208,5.28,11:27,153,97.8
4209,5.29,11:21,153,97.8
4210,5.29,12:11,153,97.8
4211,5.29,12:46,152,97.8
4212,5.29,13:41,153,97.8
4213,5.29,13:41,154,97.8
4214,5.29,13:24,154,98.4
4215,5.29,13:49,153,99.1
4216,5.29,13:58,153,99.1
4217,5.3,12:53,153,99.1
4218,5.3,11:52,153,99.1
4219,5.3,12:11,153,99.1
4220,5.3,11:39,154,99.1
4221,5.3,11:21,153,99.1
4222,5.3,11:52,153,99.1
4223,5.3,12:25,152,99.7
4224,5.31,12:25,153,100.4
4225,5.31,12:32,153,100.4
4226,5.31,13:49,153,100.4
4227,5.31,13:58,153,100.4
4228,5.31,14:44,154,100.4
4229,5.31,14:25,153,100.4
4230,5.31,13:49,154,100.4
4231,5.31,13:08,153,100.4
4232,5.32,12:32,153,101.0
4233,5.32,11:39,152,101.0
4234,5.32,11:45,153,101.0
4235,5.32,12:25,153,101.0
4236,5.32,12:32,153,101.0
4237,5.32,13:16,154,101.7
4238,5.32,14:44,154,101.7
4239,5.32,15:04,154,101.7
4240,5.32,15:04,154,102.4
4241,5.33,15:24,154,102.4
4242,5.33,13:58,154,102.4
4243,5.33,13:08,152,102.4
4244,5.33,12:46,153,102.4
4245,5.33,12:53,154,102.4
4246,5.33,12:11,154,102.4
4247,5.33,12:39,154,102.4
4248,5.34,12:32,153,102.4
4249,5.34,12:46,153,102.4
4250,5.34,12:25,154,102.4
4251,5.34,12:18,152,102.4
4252,5.34,12:04,151,101.7
4253,5.34,11:45,152,101.7
4254,5.34,11:27,152,101.7
4255,5.35,11:33,153,101.7
4256,5.35,11:52,153,101.7
4257,5.35,11:58,153,101.7
4258,5.35,12:04,152,101.0
4259,5.35,12:25,153,101.0
4260,5.35,12:11,154,101.0
4261,5.35,12:18,155,101.0
4262,5.35,12:53,155,101.0
4263,5.36,13:41,156,101.0
4264,5.36,13:41,156,101.0
4265,5.36,13:58,156,101.7
4266,5.36,13:24,157,101.7
4267,5.36,12:39,157,102.4
4268,5.36,11:52,157,102.4
4269,5.36,11:39,156,102.4
4270,5.37,11:39,156,102.4
4271,5.37,12:18,156,102.4
4272,5.37,12:46,155,102.4
4273,5.37,13:49,155,103.0
4274,5.37,14:54,155,103.0
4275,5.37,14:54,155,103.7
4276,5.37,14:34,155,103.7
4277,5.37,14:54,155,103.7
4278,5.37,14:25,156,103.7
4279,5.38,13:32,155,103.7
4280,5.38,13:41,155,103.7
4281,5.38,13:32,155,103.0
4282,5.38,13:08,155,103.0
4283,5.38,13:24,156,103.0
4284,5.38,13:32,156,103.0
4285,5.38,13:08,155,102.4
4286,5.38,13:24,155,102.4
4287,5.39,13:49,154,102.4
4288,5.39,13:41,154,101.7
4289,5.39,13:24,155,101.7
4290,5.39,13:16,154,101.7
4291,5.39,13:01,153,101.7
4292,5.39,12:53,153,101.7
4293,5.39,12:25,153,101.7
4294,5.39,12:11,154,101.0
4295,5.4,12:18,155,101.0
4296,5.4,12:11,155,101.0
4297,5.4,11:45,154,100.4
4298,5.4,12:25,155,100.4
4299,5.4,12:46,155,100.4
4300,5.4,12:46,156,100.4
4301,5.4,13:24,156,100.4
4302,5.4,14:07,156,100.4
4303,5.41,14:44,156,100.4
4304,5.41,15:35,156,101.0
4305,5.41,16:09,156,101.0
4306,5.41,15:57,157,101.7
4307,5.41,14:44,157,101.7
4308,5.41,13:16,157,101.7
4309,5.41,11:52,157,101.0
4310,5.42,11:05,157,101.0
4311,5.42,10:18,157,100.4
4312,5.42,10:00,157,99.7
4313,5.42,10:05,157,99.7
4314,5.42,10:38,156,99.7
4315,5.42,10:23,156,100.4
4316,5.42,10:43,156,101.0
4317,5.43,11:16,155,101.0
4318,5.43,11:16,156,101.7
4319,5.43,10:59,156,101.7
4320,5.43,12:25,155,101.7
4321,5.43,12:46,155,101.7
4322,5.43,12:53,155,101.7
4323,5.43,12:39,156,102.4
4324,5.44,13:01,156,102.4
4325,5.44,12:11,156,102.4
4326,5.44,12:39,157,102.4
4327,5.44,12:25,156,101.7
4328,5.44,12:25,156,101.7
4329,5.44,12:25,156,101.7
4330,5.44,12:32,155,101.7
4331,5.45,11:39,155,101.7
4332,5.45,11:39,154,101.0
4333,5.45,12:11,153,101.0
4334,5.45,11:27,153,101.0
4335,5.45,11:33,154,101.0
4336,5.45,11:58,156,101.0
4337,5.45,12:25,155,101.0
4338,5.45,11:52,155,101.0
4339,5.46,12:46,155,101.0
4340,5.46,12:46,156,101.0
4341,5.46,12:32,156,101.0
4342,5.46,12:18,156,101.0
4343,5.46,12:39,155,101.0
4344,5.46,12:04,156,101.0
4345,5.46,11:45,156,101.0
4346,5.47,11:52,157,101.0
4347,5.47,11:21,158,101.0
4348,5.47,11:33,158,100.4
4349,5.47,12:18,159,100.4
4350,5.47,12:18,158,100.4
4351,5.47,12:32,159,100.4
4352,5.47,13:24,159,100.4
4353,5.48,12:32,159,99.7
4354,5.48,12:11,159,99.7
4355,5.48,12:46,159,99.1
4356,5.48,12:25,159,99.1
4357,5.48,12:32,158,98.4
4358,5.48,13:32,158,98.4
4359,5.48,13:08,157,97.8
4360,5.48,12:46,157,97.8
4361,5.49,12:32,157,97.8
4362,5.49,12:04,156,97.8
4363,5.49,11:39,157,97.8
4364,5.49,11:27,157,97.1
4365,5.49,11:27,157,97.1
4366,5.49,11:58,157,97.1
4367,5.49,11:52,157,97.1
4368,5.5,11:33,157,97.1
4369,5.5,12:18,155,97.8
4370,5.5,12:11,155,97.8
4371,5.5,11:52,155,97.8
4372,5.5,12:11,157,97.8
4373,5.5,12:39,156,97.1
4374,5.5,13:01,156,97.1
4375,5.5,13:32,156,97.1
4376,5.51,13:41,155,97.1
4377,5.51,14:16,154,97.1
4378,5.51,14:16,154,97.1
4379,5.51,13:16,155,96.5
4380,5.51,12:53,155,96.5
4381,5.51,12:53,155,96.5
4382,5.51,12:25,154,95.8
4383,5.51,12:32,154,95.8
4384,5.52,12:25,154,95.8
4385,5.52,12:18,154,95.8
4386,5.52,12:39,154,95.8
4387,5.52,12:25,154,95.1
4388,5.52,12:18,155,95.1
4389,5.52,13:08,155,95.1
4390,5.52,13:32,155,94.5
4391,5.53,13:01,154,94.5
4392,5.53,13:32,155,94.5
4393,5.53,13:32,155,94.5
4394,5.53,12:46,154,94.5
4395,5.53,12:53,153,94.5
4396,5.53,13:01,153,94.5
4397,5.53,12:32,153,94.5
4398,5.53,12:39,154,94.5
4399,5.54,12:39,155,94.5
4400,5.54,12:32,155,93.8
4401,5.54,12:53,155,93.8
4402,5.54,13:24,154,93.8
4403,5.54,13:41,153,93.2
4404,5.54,13:41,153,93.2
4405,5.54,13:58,153,93.8
4406,5.54,13:49,154,93.8
4407,5.55,13:49,154,93.8
4408,5.55,13:41,155,93.8
4409,5.55,13:24,154,93.8
4410,5.55,13:49,155,93.8
4411,5.55,14:07,154,94.5
4412,5.55,14:34,154,94.5
4413,5.55,14:54,154,95.1
4414,5.55,15:57,155,95.8
4415,5.55,15:04,155,96.5
4416,5.56,14:25,155,97.1
4417,5.56,14:34,155,97.1
4418,5.56,15:14,155,97.8
4419,5.56,16:09,156,98.4
4420,5.56,16:33,156,99.1
4421,5.56,15:46,156,99.1
4422,5.56,15:57,156,99.7
4423,5.56,15:24,155,100.4
4424,5.56,14:44,156,101.0
4425,5.57,14:25,156,101.7
4426,5.57,15:35,156,101.7
4427,5.57,14:54,156,102.4
4428,5.57,14:54,157,102.4
4429,5.57,15:46,156,103.0
4430,5.57,16:33,157,103.0
4431,5.57,16:58,157,103.0
4432,5.57,16:33,158,103.7
4433,5.57,15:46,158,103.7
4434,5.58,13:49,158,104.3
4435,5.58,12:53,157,104.3
4436,5.58,12:11,158,104.3
4437,5.58,12:25,158,104.3
4438,5.58,12:25,158,104.3
4439,5.58,13:58,159,103.7
4440,5.58,14:07,159,103.0
4441,5.58,13:58,160,103.0
4442,5.59,13:32,160,102.4
4443,5.59,13:01,160,101.7
4444,5.59,12:11,160,101.0
4445,5.59,12:04,159,100.4
4446,5.59,12:04,160,99.7
4447,5.59,11:52,160,99.1
4448,5.59,11:58,159,98.4
4449,5.6,11:33,160,97.8
4450,5.6,11:33,160,96.5
4451,5.6,11:39,160,95.8
4452,5.6,11:16,160,94.5
4453,5.6,11:16,160,93.8
4454,5.6,11:16,161,92.5
4455,5.6,11:16,161,91.9
4456,5.61,10:59,161,91.2
4457,5.61,11:21,161,90.6
4458,5.61,10:59,161,89.9
4459,5.61,10:48,161,89.2
4460,5.61,10:23,161,87.9
4461,5.61,10:33,161,87.3
4462,5.61,10:54,161,86.0
4463,5.62,11:33,161,86.0
4464,5.62,13:41,161,86.0
4465,5.62,13:08,162,86.0
4466,5.62,11:45,161,86.6
4467,5.62,10:59,161,87.3
4468,5.62,10:00,161,87.3
4469,5.63,8:39,162,87.9
4470,5.63,9:00,162,87.9
4471,5.63,9:18,161,87.9
4472,5.63,9:18,161,88.6
4473,5.63,10:09,160,88.6
4474,5.63,10:48,160,89.2
4475,5.64,11:05,160,89.2
4476,5.64,11:58,161,89.9
4477,5.64,12:18,160,90.6
4478,5.64,12:11,161,90.6
4479,5.64,11:45,160,91.2
4480,5.64,12:11,159,91.2
4481,5.64,12:11,159,91.2
4482,5.64,12:32,160,91.2
4483,5.65,12:46,160,91.2
4484,5.65,14:25,160,91.2
4485,5.65,14:34,161,91.9
4486,5.65,15:04,161,92.5
4487,5.65,15:04,161,92.5
4488,5.65,14:34,161,93.2
4489,5.65,13:32,161,93.8
4490,5.65,13:24,162,94.5
4491,5.66,13:24,161,95.1
4492,5.66,14:25,161,95.8
4493,5.66,14:54,161,95.8
4494,5.66,15:24,161,96.5
4495,5.66,15:46,161,96.5
4496,5.66,15:57,161,97.1
4497,5.66,15:35,160,97.1
4498,5.66,15:14,160,97.8
4499,5.66,15:24,161,98.4
4500,5.66,15:46,161,98.4
4501,5.67,15:24,161,99.1
4502,5.67,15:24,161,99.7
4503,5.67,15:14,161,99.7
4504,5.67,14:25,161,99.7
4505,5.67,13:41,161,99.7
4506,5.67,14:07,162,100.4
4507,5.67,13:01,161,99.7
4508,5.67,12:39,161,99.7
4509,5.68,12:39,160,99.7
4510,5.68,11:52,160,99.7
4511,5.68,11:16,160,100.4
4512,5.68,11:45,159,100.4
4513,5.68,12:11,158,100.4
4514,5.68,12:18,158,100.4
4515,5.68,13:08,158,100.4
4516,5.69,13:08,158,99.7
4517,5.69,13:01,158,99.7
4518,5.69,13:08,158,99.1
4519,5.69,13:01,158,99.1
4520,5.69,12:39,158,98.4
4521,5.69,12:25,158,97.8
4522,5.69,12:11,158,97.1
4523,5.7,11:27,158,97.1
4524,5.7,11:45,159,96.5
4525,5.7,11:39,158,95.8
4526,5.7,11:33,158,95.8
4527,5.7,11:33,158,95.1
4528,5.7,12:04,158,94.5
4529,5.7,12:11,158,94.5
4530,5.7,12:32,158,94.5
4531,5.71,12:39,158,93.8
4532,5.71,12:25,158,93.8
4533,5.71,12:11,158,93.2
4534,5.71,11:45,158,93.2
4535,5.71,11:45,158,92.5
4536,5.71,12:32,158,91.9
4537,5.71,13:32,158,91.9
4538,5.71,14:07,158,91.2
4539,5.72,14:54,158,90.6
4540,5.72,15:35,158,90.6
4541,5.72,15:35,157,90.6
4542,5.72,15:35,156,90.6
4543,5.72,16:09,155,91.2
4544,5.72,18:07,156,91.2
4545,5.72,19:43,156,91.9
4546,5.72,22:21,156,92.5
4547,5.72,24:50,157,92.5
4548,5.72,22:21,157,92.5
4549,5.73,17:25,157,92.5
4550,5.73,14:34,157,92.5
4551,5.73,13:08,157,93.2
4552,5.73,10:59,157,93.2
4553,5.73,10:09,158,93.2
4554,5.73,9:56,158,93.2
4555,5.74,10:00,157,93.2
4556,5.74,9:56,158,92.5
4557,5.74,10:28,157,92.5
4558,5.74,11:39,157,91.9
4559,5.74,12:11,157,91.2
4560,5.74,12:25,157,91.2
4561,5.74,12:53,157,90.6
4562,5.74,13:16,157,90.6
4563,5.75,13:08,158,89.9
4564,5.75,13:24,158,89.2
4565,5.75,13:58,157,89.2
4566,5.75,13:58,158,88.6
4567,5.75,13:58,158,88.6
4568,5.75,14:25,157,87.9
4569,5.75,14:34,157,87.9
4570,5.75,14:07,157,87.9
4571,5.76,13:01,156,87.3
4572,5.76,12:32,157,87.3
4573,5.76,12:11,155,86.6
4574,5.76,11:58,155,86.6
4575,5.76,11:21,155,86.0
4576,5.76,11:33,155,85.3
4577,5.76,12:11,155,85.3
4578,5.76,12:32,155,85.3
4579,5.77,13:08,155,85.3
4580,5.77,14:07,155,84.6
4581,5.77,13:49,155,84.6
4582,5.77,12:46,155,84.6
4583,5.77,12:25,154,84.6
4584,5.77,11:27,154,84.6
4585,5.77,10:59,153,84.6
4586,5.78,10:48,153,84.6
4587,5.78,11:21,154,84.6
4588,5.78,11:27,153,84.6
4589,5.78,11:52,153,85.3
4590,5.78,12:04,154,84.6
4591,5.78,12:32,154,85.3
4592,5.78,12:39,154,85.3
4593,5.79,12:53,153,85.3
4594,5.79,13:08,153,85.3
4595,5.79,14:34,153,85.3
4596,5.79,15:14,152,84.6
4597,5.79,15:04,153,84.6
4598,5.79,14:25,154,84.6
4599,5.79,13:58,154,84.0
4600,5.79,12:25,153,84.0
4601,5.8,12:04,153,84.0
4602,5.8,11:39,153,83.3
4603,5.8,11:45,153,83.3
4604,5.8,12:04,153,82.7
4605,5.8,13:01,153,82.7
4606,5.8,13:08,152,82.0
4607,5.8,13:32,152,81.4
4608,5.8,12:53,153,81.4
4609,5.81,12:25,154,80.7
4610,5.81,12:25,154,80.7
4611,5.81,12:32,154,80.7
4612,5.81,12:04,154,80.7
4613,5.81,13:01,154,80.7
4614,5.81,13:08,155,80.7
4615,5.81,13:08,155,80.7
4616,5.81,13:16,155,80.7
4617,5.82,13:32,155,80.7
4618,5.82,12:32,155,80.7
4619,5.82,13:01,155,80.1
4620,5.82,12:46,155,80.1
4621,5.82,12:46,155,80.1
4622,5.82,13:08,155,80.1
4623,5.82,14:07,155,80.1
4624,5.82,13:24,156,80.1
4625,5.83,13:08,156,80.1
4626,5.83,12:53,156,80.1
4627,5.83,13:01,156,80.1
4628,5.83,12:04,155,80.1
4629,5.83,13:08,154,80.1
4630,5.83,13:08,154,80.7
4631,5.83,13:32,153,80.7
4632,5.83,13:16,152,80.7
4633,5.84,13:49,152,80.1
4634,5.84,13:01,153,80.1
4635,5.84,13:24,154,80.1
4636,5.84,13:01,155,80.1
4637,5.84,12:25,155,80.1
4638,5.84,13:32,156,80.1
4639,5.84,13:16,157,80.1
4640,5.85,13:01,157,80.1
4641,5.85,13:01,156,80.1
4642,5.85,13:41,155,80.1
4643,5.85,12:25,155,80.1
4644,5.85,12:32,155,80.1
4645,5.85,12:18,154,79.4
4646,5.85,11:58,153,79.4
4647,5.85,12:11,152,79.4
4648,5.86,12:53,150,79.4
4649,5.86,13:01,146,79.4
4650,5.86,13:41,142,79.4
4651,5.86,14:07,144,79.4
4652,5.86,13:32,144,79.4
4653,5.86,13:24,144,79.4
4654,5.86,13:49,144,79.4
4655,5.86,13:24,144,79.4
4656,5.87,13:32,144,79.4
4657,5.87,14:07,144,79.4
4658,5.87,14:16,144,79.4
4659,5.87,13:41,141,79.4
4660,5.87,13:49,144,79.4
4661,5.87,14:16,144,79.4
4662,5.87,14:16,144,79.4
4663,5.87,13:49,144,78.7
4664,5.88,13:24,144,78.7
4665,5.88,13:08,143,78.7
4666,5.88,13:08,144,78.7
4667,5.88,12:53,144,78.7
4668,5.88,12:25,143,79.4
4669,5.88,13:01,143,79.4
4670,5.88,13:16,143,79.4
4671,5.88,12:25,143,79.4
4672,5.89,12:39,144,79.4
4673,5.89,13:24,143,79.4
4674,5.89,13:24,143,79.4
4675,5.89,13:41,143,79.4
4676,5.89,13:32,143,79.4
4677,5.89,13:01,143,79.4
4678,5.89,12:53,143,78.7
4679,5.89,12:39,143,78.7
4680,5.9,12:11,144,78.7
4681,5.9,12:53,144,78.7
4682,5.9,13:24,145,78.7
4683,5.9,12:53,145,78.1
4684,5.9,13:24,146,78.1
4685,5.9,13:16,147,78.1
4686,5.9,12:32,149,78.1
4687,5.9,12:32,150,78.1
4688,5.91,13:32,151,78.7
4689,5.91,12:53,153,78.7
4690,5.91,13:01,154,78.7
4691,5.91,13:32,154,78.7
4692,5.91,13:08,154,78.1
4693,5.91,12:53,154,78.1
4694,5.91,13:08,155,78.1
4695,5.91,13:41,155,78.1
4696,5.92,13:32,153,78.1
4697,5.92,14:07,152,78.1
4698,5.92,13:49,152,78.1
4699,5.92,13:16,152,78.1
4700,5.92,13:41,152,78.1
4701,5.92,13:58,152,78.1
4702,5.92,13:24,153,77.4
4703,5.92,13:08,154,77.4
4704,5.93,13:58,153,77.4
4705,5.93,12:46,153,77.4
4706,5.93,12:04,152,77.4
4707,5.93,12:39,152,77.4
4708,5.93,12:39,152,77.4
4709,5.93,12:32,152,77.4
4710,5.93,13:01,153,77.4
4711,5.94,13:24,154,77.4
4712,5.94,13:01,154,77.4
4713,5.94,13:08,154,77.4
4714,5.94,12:46,154,76.8
4715,5.94,12:53,154,77.4
4716,5.94,12:39,154,77.4
4717,5.94,12:46,154,77.4
4718,5.94,12:32,155,77.4
4719,5.95,12:53,155,77.4
4720,5.95,12:39,155,77.4
4721,5.95,12:11,154,77.4
4722,5.95,11:58,154,77.4
4723,5.95,12:18,155,77.4
4724,5.95,12:04,155,77.4
4725,5.95,12:04,154,77.4
4726,5.96,12:32,155,77.4
4727,5.96,11:52,155,77.4
4728,5.96,11:52,155,77.4
4729,5.96,11:27,155,77.4
4730,5.96,11:27,154,77.4
4731,5.96,11:33,155,77.4
4732,5.96,12:18,155,78.1
4733,5.97,11:45,155,78.1
4734,5.97,12:25,155,78.1
4735,5.97,12:25,155,78.1
4736,5.97,12:32,155,78.7
4737,5.97,12:46,156,78.7
4738,5.97,13:49,156,78.7
4739,5.97,13:32,156,78.7
4740,5.97,13:32,156,78.7
4741,5.98,13:32,156,78.7
4742,5.98,13:24,155,78.7
4743,5.98,13:08,155,78.7
4744,5.98,13:01,155,79.4
4745,5.98,13:24,155,79.4
4746,5.98,14:07,155,79.4
4747,5.98,13:58,157,80.1
4748,5.98,13:58,156,80.1
4749,5.98,14:34,156,80.7
4750,5.99,14:16,156,80.7
4751,5.99,13:32,157,81.4
4752,5.99,13:24,157,81.4
4753,5.99,13:08,157,82.0
4754,5.99,13:01,157,82.0
4755,5.99,13:16,157,82.7
4756,5.99,13:32,158,82.7
4757,5.99,13:32,159,83.3
4758,6.0,13:49,158,83.3
4759,6.0,13:49,158,84.0
4760,6.0,13:41,158,84.0
4761,6.0,13:58,157,84.6
4762,6.0,14:16,157,84.6
4763,6.0,13:41,156,84.6
4764,6.0,13:01,156,84.6
4765,6.0,13:01,156,84.6
4766,6.01,12:11,156,84.6
4767,6.01,12:11,156,84.6
4768,6.01,12:39,157,84.6
4769,6.01,13:49,158,84.6
4770,6.01,14:25,158,85.3
4771,6.01,15:14,158,85.3
4772,6.01,15:14,158,86.0
4773,6.01,15:24,159,86.0
4774,6.01,14:54,159,86.6
4775,6.02,14:07,158,87.3
4776,6.02,14:54,159,87.3
4777,6.02,14:44,159,87.9
4778,6.02,13:24,159,87.9
4779,6.02,12:53,159,88.6
4780,6.02,12:53,160,89.2
4781,6.02,12:04,159,89.2
4782,6.03,12:25,159,89.9
4783,6.03,13:49,160,89.9
4784,6.03,13:58,160,90.6
4785,6.03,13:49,160,90.6
4786,6.03,15:04,160,91.2
4787,6.03,14:16,160,91.9
4788,6.03,14:16,160,91.9
4789,6.03,15:14,160,92.5
4790,6.03,15:46,160,93.2
4791,6.04,15:24,159,93.8
4792,6.04,15:57,159,93.8
4793,6.04,15:35,159,93.8
4794,6.04,14:54,160,94.5
4795,6.04,14:44,160,94.5
4796,6.04,14:44,161,95.1
4797,6.04,14:25,161,95.1
4798,6.04,14:25,160,95.1
4799,6.04,14:25,161,95.8
4800,6.05,14:16,161,95.8
4801,6.05,13:41,161,96.5
4802,6.05,14:16,162,97.1
4803,6.05,14:16,162,97.1
4804,6.05,14:07,163,97.1
4805,6.05,14:34,162,97.1
4806,6.05,14:54,162,97.1
4807,6.05,14:54,162,97.1
4808,6.05,14:54,162,97.8
4809,6.06,15:46,162,97.8
4810,6.06,15:35,161,98.4
4811,6.06,15:57,161,99.1
4812,6.06,16:09,161,99.1
4813,6.06,15:24,161,99.1
4814,6.06,14:25,162,99.7
4815,6.06,14:16,161,99.7
4816,6.06,13:08,161,99.7
4817,6.07,12:53,161,99.7
4818,6.07,13:24,161,99.7
4819,6.07,13:49,161,99.7
4820,6.07,13:58,160,99.7
4821,6.07,14:16,159,99.7
4822,6.07,14:25,160,100.4
4823,6.07,13:41,161,100.4
4824,6.07,13:01,161,100.4
4825,6.08,12:25,161,100.4
4826,6.08,12:32,161,100.4
4827,6.08,11:45,161,101.0
4828,6.08,11:52,161,101.0
4829,6.08,12:25,161,101.0
4830,6.08,12:18,161,101.0
4831,6.08,12:39,162,100.4
4832,6.08,13:01,161,100.4
4833,6.09,13:08,162,100.4
4834,6.09,13:16,162,100.4
4835,6.09,13:32,161,100.4
4836,6.09,13:24,161,100.4
4837,6.09,13:24,160,99.7
4838,6.09,13:24,161,99.7
4839,6.09,13:01,160,99.7
4840,6.09,13:24,160,99.1
4841,6.1,13:08,159,99.1
4842,6.1,12:53,158,98.4
4843,6.1,12:46,158,98.4
4844,6.1,12:53,158,98.4
4845,6.1,12:46,158,98.4
4846,6.1,12:04,157,98.4
4847,6.1,12:25,157,97.8
4848,6.11,12:25,157,97.8
4849,6.11,12:11,158,97.8
4850,6.11,12:32,158,97.1
4851,6.11,12:39,158,97.1
4852,6.11,11:58,158,97.1
4853,6.11,11:52,159,97.8
4854,6.11,11:33,159,97.8
4855,6.12,10:54,159,97.1
4856,6.12,11:10,160,97.1
4857,6.12,11:27,160,97.1
4858,6.12,11:33,161,97.1
4859,6.12,11:21,161,96.5
4860,6.12,11:27,162,96.5
4861,6.12,11:39,162,96.5
4862,6.12,12:04,161,96.5
4863,6.13,11:52,161,96.5
4864,6.13,12:04,161,97.1
4865,6.13,11:52,161,97.1
4866,6.13,11:45,162,97.1
4867,6.13,11:27,162,96.5
4868,6.13,12:11,161,95.8
4869,6.13,12:11,162,95.8
4870,6.14,12:39,162,95.1
4871,6.14,12:39,161,95.1
4872,6.14,12:25,160,94.5
4873,6.14,11:21,160,94.5
4874,6.14,11:16,160,94.5
4875,6.14,11:05,160,94.5
4876,6.14,11:05,160,94.5
4877,6.15,11:05,160,93.8
4878,6.15,11:39,160,93.8
4879,6.15,11:58,160,93.8
4880,6.15,11:33,159,93.8
4881,6.15,11:27,159,93.2
4882,6.15,11:45,160,93.2
4883,6.15,11:58,160,93.2
4884,6.16,11:45,159,92.5
4885,6.16,12:39,160,92.5
4886,6.16,12:39,160,91.9
4887,6.16,12:18,159,91.9
4888,6.16,11:45,159,91.9
4889,6.16,11:21,159,91.2
4890,6.16,10:43,159,91.2
4891,6.17,10:38,159,91.2
4892,6.17,10:33,159,91.2
4893,6.17,10:43,160,91.2
4894,6.17,11:33,159,91.2
4895,6.17,11:52,160,90.6
4896,6.17,11:58,159,90.6
4897,6.17,12:11,158,90.6
4898,6.18,11:52,158,90.6
4899,6.18,11:10,158,90.6
4900,6.18,10:43,158,90.6
4901,6.18,10:43,158,89.9
4902,6.18,10:43,158,89.9
4903,6.18,11:05,159,89.9
4904,6.19,11:27,159,89.9
4905,6.19,12:04,159,89.2
4906,6.19,12:39,160,89.2
4907,6.19,12:46,160,89.2
4908,6.19,13:01,160,88.6
4909,6.19,13:32,160,88.6
4910,6.19,13:58,160,88.6
4911,6.19,13:24,160,88.6
4912,6.2,13:24,160,87.9
4913,6.2,12:39,160,87.9
4914,6.2,12:04,161,87.9
4915,6.2,11:39,160,87.3
4916,6.2,11:21,161,87.3
4917,6.2,11:05,160,87.3
4918,6.2,11:16,160,86.6
4919,6.21,10:38,160,86.6
4920,6.21,10:43,160,86.6
4921,6.21,10:59,160,86.6
4922,6.21,11:10,160,86.0
4923,6.21,11:16,159,86.0
4924,6.21,11:45,158,85.3
4925,6.21,11:45,158,85.3
4926,6.22,11:58,158,85.3
4927,6.22,11:45,159,84.6
4928,6.22,11:21,158,84.6
4929,6.22,11:10,159,84.6
4930,6.22,11:05,158,85.3
4931,6.22,10:43,158,85.3
4932,6.23,10:59,158,85.3
4933,6.23,10:54,158,85.3
4934,6.23,10:59,157,85.3
4935,6.23,10:59,158,84.6
4936,6.23,10:59,158,84.6
4937,6.23,10:54,159,84.6
4938,6.23,11:27,159,84.6
4939,6.24,11:16,160,84.6
4940,6.24,11:27,160,84.6
4941,6.24,11:52,159,84.0
4942,6.24,11:39,159,84.0
4943,6.24,12:04,158,84.0
4944,6.24,12:46,158,84.0
4945,6.24,12:39,158,84.0
4946,6.25,12:18,158,84.0
4947,6.25,13:01,158,84.0
4948,6.25,13:01,158,84.0
4949,6.25,13:08,158,84.0
4950,6.25,12:46,157,84.0
4951,6.25,12:25,157,84.6
4952,6.25,12:04,156,84.6
4953,6.25,11:33,155,84.0
4954,6.26,11:33,155,84.0
4955,6.26,12:46,155,84.0
4956,6.26,13:16,156,83.3
4957,6.26,13:08,155,83.3
4958,6.26,13:01,157,83.3
4959,6.26,13:16,157,84.0
4960,6.26,12:04,157,84.0
4961,6.26,12:04,158,84.0
4962,6.27,12:39,158,84.0
4963,6.27,13:24,159,84.0
4964,6.27,13:24,159,84.0
4965,6.27,15:57,160,84.0
4966,6.27,18:22,159,83.3
4967,6.27,18:37,159,83.3
4968,6.27,15:04,159,83.3
4969,6.27,15:04,160,83.3
4970,6.28,13:16,160,83.3
4971,6.28,11:33,160,83.3
4972,6.28,10:54,159,83.3
4973,6.28,11:45,159,83.3
4974,6.28,11:27,160,83.3
4975,6.28,11:16,160,83.3
4976,6.28,11:21,160,83.3
4977,6.29,11:39,160,83.3
4978,6.29,11:39,161,84.0
4979,6.29,11:52,161,84.0
4980,6.29,11:45,160,84.6
4981,6.29,11:10,161,84.6
4982,6.29,10:48,160,84.6
4983,6.29,11:39,161,84.6
4984,6.3,10:48,160,84.6
4985,6.3,10:43,160,84.0
4986,6.3,11:39,160,84.0
4987,6.3,11:39,159,84.0
4988,6.3,11:16,159,84.6
4989,6.3,12:32,159,84.6
4990,6.3,12:46,160,84.6
4991,6.31,12:53,160,84.6
4992,6.31,13:01,160,84.6
4993,6.31,12:53,160,84.6
4994,6.31,11:58,159,84.6
4995,6.31,12:18,160,84.6
4996,6.31,11:52,159,84.6
4997,6.31,12:18,158,84.6
4998,6.31,12:25,158,84.0
4999,6.32,13:16,157,84.0
5000,6.32,13:01,157,84.0
5001,6.32,13:49,158,83.3
5002,6.32,13:16,158,84.0
5003,6.32,13:08,158,84.0
5004,6.32,13:41,157,84.6
5005,6.32,13:32,158,84.6
5006,6.32,12:11,158,84.6
5007,6.33,12:18,158,85.3
5008,6.33,12:04,159,85.3
5009,6.33,10:48,158,85.3
5010,6.33,10:43,157,85.3
5011,6.33,11:21,158,85.3
5012,6.33,11:52,158,85.3
5013,6.33,12:32,159,84.6
5014,6.34,13:08,159,85.3
5015,6.34,13:08,159,85.3
5016,6.34,13:41,159,85.3
5017,6.34,13:24,159,86.0
5018,6.34,12:53,159,86.0
5019,6.34,13:16,159,86.0
5020,6.34,13:16,160,86.0
5021,6.34,12:39,160,86.0
5022,6.35,12:39,160,86.0
5023,6.35,12:32,160,86.0
5024,6.35,11:45,161,86.6
5025,6.35,11:58,161,86.6
5026,6.35,12:32,162,86.6
5027,6.35,13:08,162,86.6
5028,6.35,13:24,161,86.6
5029,6.35,14:54,162,87.3
5030,6.36,14:16,161,87.3
5031,6.36,13:58,161,87.3
5032,6.36,13:16,161,87.3
5033,6.36,12:25,160,87.3
5034,6.36,11:58,161,87.3
5035,6.36,12:11,160,87.3
5036,6.36,11:58,160,87.3
5037,6.37,11:27,160,86.6
5038,6.37,12:39,159,86.6
5039,6.37,13:01,159,86.6
5040,6.37,13:08,158,86.6
5041,6.37,13:24,158,86.6
5042,6.37,15:14,157,86.6
5043,6.37,14:25,156,86.6
5044,6.37,13:49,156,86.6
5045,6.38,14:16,157,86.6
5046,6.38,13:24,156,86.6
5047,6.38,12:25,156,86.6
5048,6.38,12:18,156,86.6
5049,6.38,12:46,156,86.6
5050,6.38,12:25,157,86.6
5051,6.38,13:41,157,86.6
5052,6.38,12:46,157,86.6
5053,6.39,12:32,158,86.6
5054,6.39,11:45,158,86.6
5055,6.39,11:10,159,86.6
5056,6.39,10:33,159,86.6
5057,6.39,10:48,158,86.0
5058,6.39,10:43,159,86.0
5059,6.4,11:05,160,86.0
5060,6.4,11:27,160,86.0
5061,6.4,11:05,159,86.0
5062,6.4,11:21,159,86.0
5063,6.4,12:11,159,86.0
5064,6.4,11:58,159,86.0
5065,6.4,12:11,159,86.0
5066,6.41,12:25,159,86.0
5067,6.41,12:18,158,85.3
5068,6.41,11:33,158,85.3
5069,6.41,11:33,158,85.3
5070,6.41,11:45,158,85.3
5071,6.41,12:18,158,84.6
5072,6.41,12:32,158,84.6
5073,6.41,12:46,158,84.6
5074,6.42,13:01,158,84.6
5075,6.42,13:01,159,85.3
5076,6.42,12:39,159,85.3
5077,6.42,12:53,159,85.3
5078,6.42,13:24,159,84.6
5079,6.42,13:41,158,84.6
5080,6.42,13:24,157,84.6
5081,6.42,13:08,156,84.6
5082,6.43,12:32,156,84.6
5083,6.43,12:11,155,84.6
5084,6.43,12:04,155,84.6
5085,6.43,12:04,156,84.6
5086,6.43,12:18,156,84.6
5087,6.43,12:46,157,84.6
5088,6.43,12:25,157,84.6
5089,6.44,12:18,158,84.6
5090,6.44,13:08,158,84.0
5091,6.44,13:32,159,83.3
5092,6.44,13:41,159,84.0
5093,6.44,13:49,159,84.0
5094,6.44,13:08,158,84.0
5095,6.44,12:11,157,84.0
5096,6.44,12:04,158,84.0
5097,6.45,11:52,158,84.0
5098,6.45,12:11,157,84.0
5099,6.45,12:39,156,84.0
5100,6.45,12:39,156,84.0
5101,6.45,13:01,155,84.0
5102,6.45,13:01,155,84.0
5103,6.45,12:32,155,84.0
5104,6.46,12:18,154,84.0
5105,6.46,11:52,154,84.0
5106,6.46,11:21,154,84.0
5107,6.46,11:27,154,84.0
5108,6.46,11:39,154,83.3
5109,6.46,11:39,153,84.0
5110,6.46,12:11,154,84.0
5111,6.47,12:11,155,84.0
5112,6.47,11:45,155,84.0
5113,6.47,11:39,155,84.0
5114,6.47,12:04,155,84.0
5115,6.47,12:18,155,84.0
5116,6.47,13:16,155,84.0
5117,6.47,14:07,156,83.3
5118,6.47,14:44,156,83.3
5119,6.48,12:46,156,83.3
5120,6.48,12:39,156,83.3
5121,6.48,12:11,157,83.3
5122,6.48,12:04,157,84.0
5123,6.48,11:21,157,84.0
5124,6.48,12:25,158,84.0
5125,6.48,11:52,158,84.0
5126,6.49,11:21,158,84.0
5127,6.49,11:21,159,84.0
5128,6.49,11:58,159,84.0
5129,6.49,11:52,159,84.0
5130,6.49,12:11,159,84.0
5131,6.49,12:25,159,84.6
5132,6.49,12:04,160,84.6
5133,6.49,12:11,159,84.0
5134,6.5,12:11,160,84.0
5135,6.5,11:58,160,84.0
5136,6.5,11:58,161,84.0
5137,6.5,11:45,160,84.6
5138,6.5,11:39,160,84.0
5139,6.5,11:58,160,84.0
5140,6.5,12:25,160,84.0
5141,6.51,11:52,160,84.0
5142,6.51,11:33,160,83.3
5143,6.51,11:33,160,83.3
5144,6.51,11:10,159,83.3
5145,6.51,11:05,160,83.3
5146,6.51,11:16,160,82.7
5147,6.52,11:39,159,82.7
5148,6.52,11:27,159,83.3
5149,6.52,12:25,160,83.3
5150,6.52,12:39,159,83.3
5151,6.52,13:16,160,83.3
5152,6.52,13:32,160,83.3
5153,6.52,13:01,161,83.3
5154,6.52,12:25,161,84.0
5155,6.53,11:58,161,84.0
5156,6.53,11:27,160,83.3
5157,6.53,11:33,161,83.3
5158,6.53,12:11,161,83.3
5159,6.53,11:52,160,82.7
5160,6.53,11:58,160,82.7
5161,6.53,12:18,160,82.0
5162,6.54,11:45,160,82.0
5163,6.54,11:27,160,82.0
5164,6.54,11:21,160,81.4
5165,6.54,11:05,160,81.4
5166,6.54,10:48,160,80.7
5167,6.54,10:43,161,80.7
5168,6.54,10:33,160,80.7
5169,6.55,10:28,161,80.1
5170,6.55,10:33,162,80.1
5171,6.55,10:23,161,80.7
5172,6.55,10:33,161,80.7
5173,6.55,11:10,161,80.7
5174,6.55,12:18,161,80.7
5175,6.55,12:39,160,80.7
5176,6.56,12:39,159,80.7
5177,6.56,13:16,159,80.7
5178,6.56,11:33,158,80.7
5179,6.56,10:38,158,80.7
5180,6.56,10:38,157,81.4
5181,6.56,11:10,157,81.4
5182,6.57,10:54,156,81.4
5183,6.57,11:33,157,82.0
5184,6.57,11:45,157,82.0
5185,6.57,11:21,156,81.4
5186,6.57,10:59,156,81.4
5187,6.57,10:38,156,81.4
5188,6.57,10:59,156,81.4
5189,6.58,10:54,156,81.4
5190,6.58,11:21,156,81.4
5191,6.58,11:33,156,81.4
5192,6.58,11:58,156,81.4
5193,6.58,11:39,155,81.4
5194,6.58,11:58,157,81.4
5195,6.58,11:45,158,81.4
5196,6.59,12:11,159,81.4
5197,6.59,12:11,159,81.4
5198,6.59,13:01,160,81.4
5199,6.59,12:39,160,80.7
5200,6.59,12:46,162,80.7
5201,6.59,12:32,162,80.1
5202,6.59,12:18,162,79.4
5203,6.59,11:52,162,79.4
5204,6.6,12:11,162,78.7
5205,6.6,11:45,162,78.7
5206,6.6,11:10,162,78.1
5207,6.6,11:05,162,78.1
5208,6.6,10:43,162,78.1
5209,6.6,10:54,162,78.1
5210,6.61,11:39,162,77.4
5211,6.61,12:18,161,77.4
5212,6.61,12:18,161,77.4
5213,6.61,12:11,161,77.4
5214,6.61,11:10,161,77.4
5215,6.61,10:33,160,77.4
5216,6.61,9:56,161,77.4
5217,6.62,9:56,160,76.8
5218,6.62,10:18,160,77.4
5219,6.62,10:38,160,77.4
5220,6.62,11:21,160,77.4
5221,6.62,12:53,160,78.1
5222,6.62,13:24,160,78.1
5223,6.62,13:16,162,78.7
5224,6.63,14:16,165,78.7
5225,6.63,13:49,165,78.7
5226,6.63,12:53,160,79.4
5227,6.63,12:18,160,79.4
5228,6.63,12:18,160,79.4
5229,6.63,11:39,159,79.4
5230,6.63,11:33,160,79.4
5231,6.63,12:04,160,80.1
5232,6.64,12:39,160,80.1
5233,6.64,13:08,160,80.7
5234,6.64,13:24,160,81.4
5235,6.64,13:41,159,82.0
5236,6.64,13:16,158,82.0
5237,6.64,13:58,158,82.0
5238,6.64,13:16,157,82.0
5239,6.64,12:53,157,82.0
5240,6.65,12:46,157,82.0
5241,6.65,12:46,157,82.0
5242,6.65,12:11,157,82.7
5243,6.65,12:39,156,82.7
5244,6.65,13:16,158,82.7
5245,6.65,13:41,158,83.3
5246,6.65,13:24,158,83.3
5247,6.66,13:01,158,83.3
5248,6.66,13:24,158,83.3
5249,6.66,13:49,158,83.3
5250,6.66,13:41,159,83.3
5251,6.66,13:41,159,84.0
5252,6.66,13:58,159,84.0
5253,6.66,13:16,160,84.0
5254,6.66,12:32,160,84.0
5255,6.67,12:25,159,84.0
5256,6.67,12:39,159,84.0
5257,6.67,12:39,159,83.3
5258,6.67,12:46,159,83.3
5259,6.67,13:24,159,83.3
5260,6.67,13:01,159,82.7
5261,6.67,12:46,159,82.7
5262,6.67,12:53,159,82.7
5263,6.68,13:16,160,82.7
5264,6.68,12:46,161,82.7
5265,6.68,12:53,161,82.7
5266,6.68,12:39,161,83.3
5267,6.68,12:39,160,83.3
5268,6.68,12:39,161,84.0
5269,6.68,12:18,161,84.0
5270,6.68,12:46,161,84.0
5271,6.69,13:49,160,84.0
5272,6.69,13:01,160,84.6
5273,6.69,11:58,160,84.6
5274,6.69,12:39,161,84.6
5275,6.69,11:52,161,84.0
5276,6.69,11:27,161,84.0
5277,6.69,11:27,162,84.0
5278,6.7,11:21,162,84.0
5279,6.7,11:33,162,84.0
5280,6.7,12:46,161,84.0
5281,6.7,12:46,160,84.0
5282,6.7,13:16,160,84.0
5283,6.7,14:25,159,84.6
5284,6.7,13:49,159,84.6
5285,6.7,13:08,160,84.0
5286,6.71,13:24,159,84.0
5287,6.71,13:41,159,83.3
5288,6.71,13:32,160,82.7
5289,6.71,13:58,162,82.0
5290,6.71,12:46,162,82.0
5291,6.71,12:04,162,82.0
5292,6.71,11:58,160,82.0
5293,6.72,11:45,160,82.0
5294,6.72,11:16,160,82.0
5295,6.72,11:58,161,82.0
5296,6.72,11:58,161,82.0
5297,6.72,11:45,161,82.0
5298,6.72,11:39,161,81.4
5299,6.72,11:39,160,81.4
5300,6.73,11:16,160,81.4
5301,6.73,11:27,160,81.4
5302,6.73,11:33,159,80.7
5303,6.73,11:39,159,80.7
5304,6.73,11:39,159,80.7
5305,6.73,11:33,159,80.7
5306,6.73,11:21,160,80.7
5307,6.74,11:10,160,80.1
5308,6.74,11:52,160,80.1
5309,6.74,11:52,160,80.1
5310,6.74,12:11,161,80.1
5311,6.74,12:39,161,80.1
5312,6.74,13:01,161,79.4
5313,6.74,12:11,162,79.4
5314,6.74,11:58,161,79.4
5315,6.75,11:52,162,78.7
5316,6.75,11:45,161,78.7
5317,6.75,11:39,161,78.7
5318,6.75,11:21,162,78.7
5319,6.75,11:52,162,78.7
5320,6.75,12:11,162,78.1
5321,6.75,11:52,162,78.1
5322,6.76,11:52,161,78.1
5323,6.76,12:18,161,77.4
5324,6.76,12:04,161,77.4
5325,6.76,11:39,161,77.4
5326,6.76,12:04,161,76.8
5327,6.76,12:18,161,76.8
5328,6.76,12:32,161,76.1
5329,6.77,12:39,161,76.1
5330,6.77,12:39,161,76.1
5331,6.77,12:25,161,76.1
5332,6.77,12:39,161,75.5
5333,6.77,11:58,160,75.5
5334,6.77,11:52,160,75.5
5335,6.77,11:58,160,75.5
5336,6.78,11:39,160,75.5
5337,6.78,10:38,160,75.5
5338,6.78,10:48,160,75.5
5339,6.78,10:28,160,75.5
5340,6.78,10:14,159,75.5
5341,6.78,10:33,160,75.5
5342,6.78,11:10,160,75.5
5343,6.79,11:33,159,75.5
5344,6.79,12:04,159,75.5
5345,6.79,13:01,159,75.5
5346,6.79,13:16,159,75.5
5347,6.79,13:41,158,76.1
5348,6.79,13:41,158,76.1
5349,6.79,13:16,159,76.1
5350,6.79,12:53,159,76.1
5351,6.8,12:53,159,76.8
5352,6.8,13:01,160,76.8
5353,6.8,13:16,160,76.8
5354,6.8,14:25,160,76.8
5355,6.8,14:34,161,77.4
5356,6.8,14:44,161,77.4
5357,6.8,14:34,162,77.4
5358,6.8,14:25,162,77.4
5359,6.81,13:24,162,78.1
5360,6.81,13:24,162,78.1
5361,6.81,13:01,162,78.1
5362,6.81,12:18,163,78.7
5363,6.81,11:52,163,78.7
5364,6.81,11:05,164,78.7
5365,6.81,10:48,164,78.7
5366,6.82,11:21,164,78.7
5367,6.82,12:04,165,78.7
5368,6.82,12:04,164,78.7
5369,6.82,13:49,164,79.4
5370,6.82,14:16,164,79.4
5371,6.82,13:58,164,79.4
5372,6.82,13:32,164,80.1
5373,6.82,13:32,164,80.1
5374,6.83,12:39,163,80.1
5375,6.83,12:11,163,80.1
5376,6.83,11:58,162,80.1
5377,6.83,12:04,162,80.1
5378,6.83,12:11,163,80.1
5379,6.83,12:18,163,80.1
5380,6.83,12:32,163,80.1
5381,6.84,11:52,163,80.1
5382,6.84,12:04,164,80.1
5383,6.84,11:58,163,80.7
5384,6.84,11:52,163,80.7
5385,6.84,11:58,163,80.7
5386,6.84,12:04,163,80.1
5387,6.84,11:21,162,80.1
5388,6.85,10:59,163,80.1
5389,6.85,10:59,163,80.1
5390,6.85,10:54,165,80.1
5391,6.85,10:43,164,80.7
5392,6.85,11:10,164,80.7
5393,6.85,11:33,164,81.4
5394,6.85,11:27,165,81.4
5395,6.86,11:52,165,82.0
5396,6.86,12:39,165,82.0
5397,6.86,12:25,165,82.7
5398,6.86,12:39,164,82.7
5399,6.86,12:46,163,83.3
5400,6.86,12:25,164,83.3
5401,6.86,12:04,163,83.3
5402,6.86,12:18,163,83.3
5403,6.87,12:32,164,83.3
5404,6.87,13:16,162,83.3
5405,6.87,13:41,162,82.7
5406,6.87,14:16,161,82.7
5407,6.87,14:54,160,82.7
5408,6.87,14:54,159,82.7
5409,6.87,14:16,157,82.7
5410,6.87,13:41,155,82.7
5411,6.88,13:16,154,82.7
5412,6.88,12:46,148,82.7
5413,6.88,12:32,141,82.7
5414,6.88,12:46,143,82.7
5415,6.88,12:53,145,82.7
5416,6.88,12:32,148,83.3
5417,6.88,12:25,152,82.7
5418,6.88,12:25,153,82.7
5419,6.89,12:11,151,82.7
5420,6.89,12:32,150,82.0
5421,6.89,13:01,148,82.0
5422,6.89,13:08,149,82.0
5423,6.89,13:08,150,82.0
5424,6.89,13:32,154,82.0
5425,6.89,13:32,154,82.0
5426,6.89,13:41,156,82.0
5427,6.9,14:07,158,82.0
5428,6.9,14:25,158,82.0
5429,6.9,13:41,159,82.7
5430,6.9,12:53,159,82.7
5431,6.9,12:11,161,82.7
5432,6.9,11:27,161,82.7
5433,6.9,10:59,162,82.7
5434,6.91,10:43,163,83.3
5435,6.91,10:38,163,83.3
5436,6.91,10:48,164,84.0
5437,6.91,10:54,164,84.0
5438,6.91,10:48,164,84.6
5439,6.91,10:48,164,85.3
5440,6.92,11:10,164,85.3
5441,6.92,10:59,164,86.0
5442,6.92,11:05,165,86.0
5443,6.92,11:27,165,86.0
5444,6.92,11:45,165,86.0
5445,6.92,11:52,164,86.0
5446,6.92,12:04,164,86.0
5447,6.93,11:52,165,86.0
5448,6.93,11:33,164,86.6
5449,6.93,11:52,164,86.6
5450,6.93,11:39,164,86.6
5451,6.93,11:16,164,86.6
5452,6.93,11:10,163,87.3
5453,6.93,11:21,163,87.3
5454,6.94,11:27,163,87.3
5455,6.94,11:21,163,87.3
5456,6.94,11:27,163,87.9
5457,6.94,11:58,163,87.9
5458,6.94,12:11,163,87.9
5459,6.94,11:52,163,87.3
5460,6.94,12:18,163,87.3
5461,6.94,12:53,163,87.3
5462,6.95,13:01,162,87.3
5463,6.95,13:01,162,87.3
5464,6.95,13:08,163,87.3
5465,6.95,12:46,163,87.3
5466,6.95,12:39,163,87.9
5467,6.95,12:39,164,87.3
5468,6.95,11:52,164,87.9
5469,6.96,11:58,164,87.9
5470,6.96,11:58,164,87.9
5471,6.96,12:04,164,87.9
5472,6.96,12:11,164,87.9
5473,6.96,13:08,165,87.9
5474,6.96,13:01,164,87.9
5475,6.96,13:08,164,88.6
5476,6.96,13:24,165,88.6
5477,6.97,13:01,164,89.2
5478,6.97,13:08,164,89.2
5479,6.97,13:01,164,89.2
5480,6.97,12:53,164,89.9
5481,6.97,12:39,165,89.9
5482,6.97,12:25,164,89.9
5483,6.97,11:52,165,89.9
5484,6.98,11:58,165,89.9
5485,6.98,12:18,165,90.6
5486,6.98,12:18,165,90.6
5487,6.98,12:18,165,90.6
5488,6.98,12:11,165,90.6
5489,6.98,12:18,165,90.6
5490,6.98,11:39,165,90.6
5491,6.98,11:52,166,90.6
5492,6.99,12:18,166,90.6
5493,6.99,13:01,165,90.6
5494,6.99,12:53,164,91.2
5495,6.99,13:08,164,91.2
5496,6.99,12:11,165,91.2
5497,6.99,11:52,165,91.2
5498,6.99,11:39,165,91.2
5499,7.0,11:27,165,91.2
5500,7.0,11:33,165,90.6
5501,7.0,12:25,164,90.6
5502,7.0,12:25,164,90.6
5503,7.0,11:45,165,90.6
5504,7.0,12:25,164,89.9
5505,7.0,12:46,164,89.9
5506,7.01,12:18,164,89.9
5507,7.01,12:18,164,89.9
5508,7.01,12:39,165,89.9
5509,7.01,12:25,164,89.9
5510,7.01,12:18,163,89.9
5511,7.01,12:46,162,89.9
5512,7.01,13:16,162,89.9
