elapsed_seconds,distance_miles,pace_per_mile,heartrate,altitude_ft
0,0.0,,110,169.3
1,0.0,,118,169.3
2,0.0,11:24,118,169.3
3,0.01,11:01,117,169.3
4,0.01,10:56,116,169.9
5,0.01,11:05,116,169.9
6,0.01,10:54,115,169.9
7,0.01,11:21,116,169.9
8,0.01,11:39,116,170.6
9,0.01,12:04,117,170.6
10,0.02,11:39,117,170.6
11,0.02,11:52,117,171.3
12,0.02,11:52,118,171.3
13,0.02,11:52,118,170.6
14,0.02,11:21,118,170.6
15,0.02,11:39,118,170.6
16,0.02,11:05,118,170.6
17,0.03,10:28,118,171.3
18,0.03,10:33,119,171.3
19,0.03,11:05,119,171.9
20,0.03,11:39,120,171.9
21,0.03,12:04,121,172.6
22,0.03,12:46,121,173.2
23,0.03,12:32,122,173.2
24,0.04,11:45,123,173.9
25,0.04,11:21,124,173.9
26,0.04,11:39,125,173.9
27,0.04,12:04,125,174.5
28,0.04,13:32,124,174.5
29,0.04,14:16,125,175.2
30,0.04,14:54,125,175.2
31,0.04,13:41,125,175.9
32,0.05,13:58,125,175.9
33,0.05,12:39,124,176.5
34,0.05,13:08,124,177.2
35,0.05,12:25,125,177.2
36,0.05,13:08,125,177.2
37,0.05,12:18,125,177.8
38,0.05,11:39,125,177.8
39,0.06,10:05,124,177.8
40,0.06,10:00,124,178.5
41,0.06,10:05,124,178.5
42,0.06,10:14,122,179.1
43,0.06,11:05,117,179.1
44,0.06,13:01,115,179.1
45,0.06,13:24,116,179.1
46,0.07,13:24,116,179.8
47,0.07,12:46,116,179.8
48,0.07,12:18,116,179.8
49,0.07,11:27,114,180.4
50,0.07,11:16,113,180.4
51,0.07,11:10,113,180.4
52,0.07,11:33,113,180.4
53,0.08,11:58,113,180.4
54,0.08,12:25,113,180.4
55,0.08,12:39,113,181.1
56,0.08,12:32,113,181.1
57,0.08,12:53,114,181.8
58,0.08,12:32,115,181.8
59,0.08,12:25,115,181.8
60,0.09,12:39,115,181.8
61,0.09,12:32,115,182.4
62,0.09,12:04,115,182.4
63,0.09,11:45,116,183.1
64,0.09,11:45,116,183.1
65,0.09,11:39,116,183.7
66,0.09,11:27,116,183.7
67,0.1,11:39,116,183.7
68,0.1,11:45,117,184.4
69,0.1,11:45,117,184.4
70,0.1,11:52,117,184.4
71,0.1,12:11,118,184.4
72,0.1,11:33,118,185.0
73,0.1,11:33,119,185.0
74,0.11,11:21,120,185.0
75,0.11,11:05,120,185.7
76,0.11,11:10,121,185.7
77,0.11,11:39,122,186.4
78,0.11,11:39,123,186.4
79,0.11,12:11,124,187.0
80,0.11,12:39,126,187.0
81,0.11,12:46,128,187.7
82,0.12,12:53,130,187.7
83,0.12,13:08,131,188.3
84,0.12,12:53,132,188.3
85,0.12,12:46,132,189.0
86,0.12,12:18,133,189.0
87,0.12,11:58,134,189.0
88,0.12,11:16,134,189.6
89,0.13,11:27,135,189.6
90,0.13,11:27,134,189.6
91,0.13,11:45,134,190.3
92,0.13,11:52,133,190.3
93,0.13,12:11,134,190.3
94,0.13,12:04,134,190.3
95,0.13,11:39,134,190.3
96,0.14,11:45,133,190.9
97,0.14,12:11,133,190.9
98,0.14,12:46,132,190.9
99,0.14,12:46,132,191.6
100,0.14,12:53,132,191.6
101,0.14,13:16,132,191.6
102,0.14,12:18,133,191.6
103,0.14,12:32,133,192.3
104,0.15,11:52,133,192.3
105,0.15,12:04,132,192.3
106,0.15,11:45,132,192.9
107,0.15,12:25,132,192.9
108,0.15,11:58,131,192.9
109,0.15,12:18,131,193.6
110,0.15,12:11,131,193.6
111,0.16,11:45,131,193.6
112,0.16,11:21,132,193.6
113,0.16,11:16,131,193.6
114,0.16,11:10,131,193.6
115,0.16,11:33,131,194.2
116,0.16,11:27,131,194.2
117,0.16,11:33,131,194.9
118,0.17,11:27,131,194.9
119,0.17,12:04,131,194.9
120,0.17,11:58,132,195.5
121,0.17,12:11,132,195.5
122,0.17,12:18,132,195.5
123,0.17,11:58,133,195.5
124,0.17,11:21,132,196.2
125,0.18,10:59,132,196.2
126,0.18,11:05,131,196.9
127,0.18,11:16,132,196.9
128,0.18,11:45,132,196.9
129,0.18,11:52,132,197.5
130,0.18,11:52,131,197.5
131,0.18,11:58,131,197.5
132,0.19,11:58,131,198.2
133,0.19,12:11,131,198.2
134,0.19,12:25,131,198.8
135,0.19,12:32,132,198.8
136,0.19,12:18,132,198.8
137,0.19,12:11,132,199.5
138,0.19,11:58,132,199.5
139,0.2,12:18,133,199.5
140,0.2,11:58,133,200.1
141,0.2,12:39,133,200.1
142,0.2,12:32,133,200.1
143,0.2,12:53,133,200.1
144,0.2,12:18,133,200.1
145,0.2,12:32,134,200.1
146,0.2,12:18,134,200.1
147,0.21,12:25,134,200.8
148,0.21,12:04,135,200.8
149,0.21,11:45,134,200.8
150,0.21,11:45,135,200.8
151,0.21,11:33,134,200.8
152,0.21,11:21,134,200.8
153,0.21,11:16,134,200.8
154,0.22,11:27,134,200.8
155,0.22,11:27,134,201.4
156,0.22,11:10,134,201.4
157,0.22,11:45,134,201.4
158,0.22,12:53,134,201.4
159,0.22,14:25,134,201.4
160,0.22,18:22,135,202.1
161,0.22,21:17,136,202.1
162,0.22,20:37,137,202.8
163,0.23,17:11,137,202.8
164,0.23,15:04,138,202.8
165,0.23,12:25,138,202.1
166,0.23,10:54,138,202.1
167,0.23,10:23,138,201.4
168,0.23,9:56,139,201.4
169,0.24,9:47,139,201.4
170,0.24,9:38,139,202.1
171,0.24,9:47,140,202.1
172,0.24,9:22,140,202.8
173,0.24,9:51,141,203.4
174,0.24,9:56,141,204.1
175,0.25,10:00,140,204.1
176,0.25,10:23,140,204.7
177,0.25,10:28,140,204.7
178,0.25,10:18,141,204.7
179,0.25,10:43,141,204.7
180,0.25,10:48,141,205.4
181,0.26,10:43,141,205.4
182,0.26,11:52,140,205.4
183,0.26,12:18,141,206.0
184,0.26,12:11,141,206.0
185,0.26,12:18,142,206.0
186,0.26,12:32,142,206.0
187,0.26,11:21,142,206.0
188,0.27,11:16,142,206.0
189,0.27,11:16,143,205.4
190,0.27,11:16,143,205.4
191,0.27,11:10,143,205.4
192,0.27,11:27,143,205.4
193,0.27,11:45,143,205.4
194,0.27,11:52,143,205.4
195,0.28,11:33,143,204.7
196,0.28,11:27,142,204.7
197,0.28,12:04,141,204.7
198,0.28,11:39,141,204.1
199,0.28,10:48,140,204.1
200,0.28,10:33,139,204.1
201,0.28,10:33,139,204.1
202,0.29,10:18,139,204.1
203,0.29,10:28,139,204.1
204,0.29,10:48,138,204.1
205,0.29,11:33,137,204.1
206,0.29,11:58,137,204.1
207,0.29,12:11,136,203.4
208,0.29,11:52,135,203.4
209,0.3,11:39,134,203.4
210,0.3,11:21,133,202.8
211,0.3,10:38,133,202.8
212,0.3,10:33,134,202.1
213,0.3,10:28,134,202.1
214,0.3,11:16,134,202.1
215,0.31,11:05,134,201.4
216,0.31,11:16,134,201.4
217,0.31,10:33,135,201.4
218,0.31,10:54,134,201.4
219,0.31,10:28,134,201.4
220,0.31,10:09,133,201.4
221,0.32,9:38,133,201.4
222,0.32,10:05,134,200.8
223,0.32,9:43,134,200.8
224,0.32,9:47,134,200.8
225,0.32,10:09,134,200.8
226,0.32,11:16,134,200.8
227,0.32,11:45,134,200.8
228,0.33,12:39,135,200.8
229,0.33,12:53,135,200.8
230,0.33,12:39,135,200.8
231,0.33,11:58,136,200.8
232,0.33,11:05,135,200.1
233,0.33,10:28,135,200.1
234,0.33,10:28,135,200.1
235,0.34,10:38,135,199.5
236,0.34,10:48,135,200.1
237,0.34,11:10,135,200.1
238,0.34,10:43,135,200.1
239,0.34,9:51,135,200.1
240,0.34,9:43,135,200.1
241,0.35,9:18,134,200.1
242,0.35,9:26,134,200.1
243,0.35,10:00,134,200.1
244,0.35,10:59,134,200.1
245,0.35,11:10,135,199.5
246,0.35,12:11,134,199.5
247,0.35,12:25,134,199.5
248,0.36,13:08,134,199.5
249,0.36,12:11,134,198.8
250,0.36,12:04,134,198.8
251,0.36,11:27,134,198.8
252,0.36,11:05,134,198.8
253,0.36,10:18,135,198.8
254,0.36,10:59,134,198.8
255,0.37,11:10,134,198.8
256,0.37,11:27,134,198.2
257,0.37,12:32,134,198.2
258,0.37,12:32,134,198.2
259,0.37,11:52,134,198.2
260,0.37,11:10,135,198.2
261,0.38,11:05,134,198.2
262,0.38,10:14,134,198.2
263,0.38,10:28,134,198.2
264,0.38,10:33,134,198.2
265,0.38,10:48,134,198.2
266,0.38,10:18,134,198.2
267,0.39,10:09,135,198.2
268,0.39,10:00,135,198.2
269,0.39,9:43,136,198.2
270,0.39,9:26,136,198.2
271,0.39,9:56,137,198.2
272,0.39,10:38,137,198.2
273,0.39,10:43,137,198.2
274,0.4,11:16,137,197.5
275,0.4,11:27,137,197.5
276,0.4,11:16,137,196.9
277,0.4,10:33,136,196.9
278,0.4,10:48,136,196.9
279,0.4,10:59,136,196.9
280,0.4,11:33,136,196.9
281,0.41,12:04,136,196.9
282,0.41,12:32,136,196.9
283,0.41,12:32,136,196.9
284,0.41,12:11,135,196.9
285,0.41,12:32,136,196.9
286,0.41,12:04,136,196.9
287,0.41,12:04,136,196.9
288,0.42,11:39,136,196.2
289,0.42,11:21,136,196.2
290,0.42,10:33,136,195.5
291,0.42,10:33,136,195.5
292,0.42,9:56,136,195.5
293,0.42,10:18,136,194.9
294,0.43,10:18,136,194.9
295,0.43,10:23,136,194.9
296,0.43,10:38,137,194.9
297,0.43,11:52,137,194.2
298,0.43,12:11,137,194.2
299,0.43,13:01,138,194.2
300,0.43,13:08,138,194.2
301,0.44,11:58,137,193.6
302,0.44,11:05,137,193.6
303,0.44,10:23,137,193.6
304,0.44,10:05,137,194.2
305,0.44,10:18,137,193.6
306,0.44,10:54,137,193.6
307,0.44,10:59,138,193.6
308,0.45,10:38,138,192.9
309,0.45,10:14,137,192.3
310,0.45,9:34,137,192.3
311,0.45,9:26,137,192.3
312,0.45,9:18,137,192.3
313,0.46,9:47,138,192.3
314,0.46,10:33,137,191.6
315,0.46,10:59,136,191.6
316,0.46,10:38,136,191.6
317,0.46,10:38,136,191.6
318,0.46,10:38,135,190.9
319,0.46,10:23,134,190.9
320,0.47,10:18,134,190.9
321,0.47,10:14,134,190.3
322,0.47,10:05,135,190.3
323,0.47,9:56,135,189.6
324,0.47,9:56,135,189.6
325,0.47,10:18,136,189.6
326,0.48,11:10,136,189.6
327,0.48,11:33,136,189.6
328,0.48,11:33,136,189.6
329,0.48,11:33,137,189.6
330,0.48,11:16,137,189.6
331,0.48,11:05,137,189.6
332,0.48,11:21,137,189.0
333,0.49,11:21,138,189.0
334,0.49,11:05,138,189.6
335,0.49,11:27,138,189.6
336,0.49,11:33,138,189.0
337,0.49,11:05,138,189.0
338,0.49,10:48,138,189.0
339,0.5,10:18,137,189.0
340,0.5,10:18,137,189.0
341,0.5,9:56,137,189.0
342,0.5,10:14,137,189.0
343,0.5,10:28,137,189.0
344,0.5,11:10,137,188.3
345,0.5,11:21,137,188.3
346,0.51,11:45,137,188.3
347,0.51,11:45,137,187.7
348,0.51,11:27,137,187.7
349,0.51,11:10,138,187.7
350,0.51,10:33,138,187.7
351,0.51,10:43,137,187.7
352,0.51,10:38,138,187.7
353,0.52,10:54,138,187.7
354,0.52,11:05,138,187.7
355,0.52,10:59,138,188.3
356,0.52,10:59,138,188.3
357,0.52,10:59,138,187.7
358,0.52,10:59,136,187.7
359,0.53,10:33,136,187.7
360,0.53,11:10,135,187.7
361,0.53,10:33,136,187.7
362,0.53,10:18,136,187.7
363,0.53,10:23,135,187.7
364,0.53,11:05,136,187.7
365,0.53,11:10,136,187.7
366,0.54,11:27,136,187.7
367,0.54,11:45,136,187.7
368,0.54,11:27,135,187.7
369,0.54,10:54,136,187.7
370,0.54,10:48,137,187.0
371,0.54,10:48,136,187.0
372,0.55,10:43,137,187.0
373,0.55,11:16,137,187.7
374,0.55,11:45,137,187.7
375,0.55,11:52,138,187.7
376,0.55,12:39,137,187.7
377,0.55,13:08,137,187.7
378,0.55,12:39,137,187.7
379,0.55,12:46,138,187.7
380,0.56,12:04,138,188.3
381,0.56,11:27,138,188.3
382,0.56,11:16,137,188.3
383,0.56,11:39,137,188.3
384,0.56,11:39,137,189.0
385,0.56,11:58,137,189.0
386,0.56,12:18,137,189.0
387,0.57,11:58,137,189.0
388,0.57,11:52,136,189.0
389,0.57,11:58,136,189.0
390,0.57,11:58,136,189.0
391,0.57,11:52,136,189.0
392,0.57,11:58,137,189.0
393,0.57,11:45,136,189.6
394,0.58,11:05,136,189.6
395,0.58,11:27,136,189.6
396,0.58,10:38,135,189.6
397,0.58,11:05,135,189.6
398,0.58,10:59,136,189.6
399,0.58,11:21,136,190.3
400,0.58,11:05,136,190.3
401,0.59,11:33,136,190.3
402,0.59,11:05,137,190.3
403,0.59,10:54,137,190.3
404,0.59,10:38,138,189.6
405,0.59,10:28,139,189.6
406,0.59,10:54,139,189.0
407,0.6,10:54,139,189.0
408,0.6,10:43,139,189.0
409,0.6,10:43,139,189.0
410,0.6,10:59,139,188.3
411,0.6,10:54,139,188.3
412,0.6,10:48,140,188.3
413,0.61,11:10,139,188.3
414,0.61,11:10,139,187.7
415,0.61,10:59,138,187.7
416,0.61,10:28,138,187.0
417,0.61,10:43,139,187.0
418,0.61,10:48,139,187.0
419,0.61,11:45,139,186.4
420,0.62,11:58,138,186.4
421,0.62,13:01,138,185.7
422,0.62,16:21,137,185.7
423,0.62,16:58,137,185.0
424,0.62,16:58,138,185.0
425,0.62,17:52,138,184.4
426,0.62,16:33,137,184.4
427,0.62,12:18,137,183.7
428,0.62,11:58,137,183.7
429,0.63,10:59,137,183.7
430,0.63,10:33,136,183.7
431,0.63,9:43,137,183.7
432,0.63,10:00,138,183.1
433,0.63,10:09,139,183.1
434,0.63,10:23,140,183.1
435,0.64,10:05,140,183.1
436,0.64,11:05,139,183.1
437,0.64,11:16,139,183.7
438,0.64,11:05,139,183.7
439,0.64,10:54,139,183.1
440,0.64,10:54,139,183.1
441,0.65,10:38,139,182.4
442,0.65,10:14,138,182.4
443,0.65,9:51,137,182.4
444,0.65,9:26,137,181.8
445,0.65,9:18,137,181.8
446,0.65,9:38,137,181.8
447,0.66,10:00,136,181.8
448,0.66,10:18,136,181.8
449,0.66,10:23,136,181.1
450,0.66,10:09,136,181.1
451,0.66,9:43,137,181.1
452,0.66,9:43,137,180.4
453,0.66,10:14,137,180.4
454,0.67,11:05,136,180.4
455,0.67,11:45,137,179.8
456,0.67,12:46,136,179.8
457,0.67,12:25,136,179.8
458,0.67,12:04,136,179.8
459,0.67,11:39,136,179.8
460,0.68,11:21,135,179.8
461,0.68,10:54,136,179.1
462,0.68,11:45,136,179.1
463,0.68,12:25,136,178.5
464,0.68,12:39,137,178.5
465,0.68,13:24,137,178.5
466,0.68,14:25,136,178.5
467,0.68,13:32,136,178.5
468,0.69,12:32,137,178.5
469,0.69,12:32,137,178.5
470,0.69,12:11,136,178.5
471,0.69,12:11,135,177.8
472,0.69,12:11,135,177.8
473,0.69,11:39,134,177.8
474,0.69,11:05,134,177.2
475,0.7,10:48,133,177.2
476,0.7,10:33,133,176.5
477,0.7,10:43,133,175.9
478,0.7,11:33,132,175.9
479,0.7,11:45,133,175.2
480,0.7,12:11,133,175.2
481,0.7,11:45,133,175.2
482,0.71,11:33,133,175.2
483,0.71,11:16,134,174.5
484,0.71,11:21,134,174.5
485,0.71,10:54,133,174.5
486,0.71,11:05,133,173.9
487,0.71,10:54,132,173.2
488,0.71,10:54,132,173.2
489,0.72,11:05,132,172.6
490,0.72,11:45,132,172.6
491,0.72,11:39,132,171.9
492,0.72,11:58,132,171.9
493,0.72,11:52,130,171.3
494,0.72,11:10,132,171.3
495,0.73,10:18,132,170.6
496,0.73,9:56,133,170.6
497,0.73,10:18,132,170.6
498,0.73,9:56,131,169.9
499,0.73,10:38,130,169.9
500,0.73,10:54,130,169.3
501,0.73,11:10,128,168.6
502,0.74,10:33,128,168.6
503,0.74,11:33,128,168.0
504,0.74,11:10,127,168.0
505,0.74,11:52,125,168.6
506,0.74,12:18,126,168.6
507,0.74,12:32,127,168.6
508,0.74,12:11,127,168.0
509,0.75,13:01,127,168.0
510,0.75,13:49,127,168.6
511,0.75,14:34,127,168.6
512,0.75,14:34,123,168.6
513,0.75,13:58,119,168.6
514,0.75,12:25,114,168.6
515,0.75,11:33,110,168.6
516,0.75,10:48,108,168.0
517,0.76,10:38,108,168.0
518,0.76,10:48,108,168.0
519,0.76,11:27,113,167.3
520,0.76,11:21,118,167.3
521,0.76,10:54,118,166.7
522,0.76,11:05,119,166.7
523,0.77,10:43,123,166.7
524,0.77,10:28,125,166.7
525,0.77,10:23,131,166.7
526,0.77,10:33,135,166.7
527,0.77,10:28,136,167.3
528,0.77,10:23,136,167.3
529,0.78,10:33,136,167.3
530,0.78,10:09,136,167.3
531,0.78,10:18,138,167.3
532,0.78,10:09,138,166.7
533,0.78,10:23,138,166.0
534,0.78,10:23,137,166.0
535,0.78,10:59,137,165.4
536,0.79,11:16,137,165.4
537,0.79,11:21,137,165.4
538,0.79,11:27,137,165.4
539,0.79,11:21,137,165.4
540,0.79,11:33,136,165.4
541,0.79,11:05,135,164.7
542,0.79,11:05,135,164.7
543,0.8,10:43,134,164.7
544,0.8,10:33,133,164.7
545,0.8,10:14,133,165.4
546,0.8,10:05,133,165.4
547,0.8,10:09,133,165.4
548,0.8,10:05,133,165.4
549,0.81,9:56,133,165.4
550,0.81,10:05,134,164.7
551,0.81,10:05,135,164.7
552,0.81,10:14,136,164.7
553,0.81,10:38,136,164.7
554,0.81,11:05,135,164.7
555,0.82,11:16,136,164.7
556,0.82,12:18,136,164.0
557,0.82,11:58,137,164.7
558,0.82,11:45,137,164.7
559,0.82,11:52,138,164.0
560,0.82,11:58,138,164.0
561,0.82,11:27,139,164.0
562,0.83,11:39,139,163.4
563,0.83,11:27,140,163.4
564,0.83,11:21,140,162.7
565,0.83,10:59,140,162.7
566,0.83,11:27,140,162.7
567,0.83,11:05,140,162.7
568,0.83,10:59,140,162.7
569,0.84,11:10,140,162.1
570,0.84,11:05,139,162.1
571,0.84,10:28,139,161.4
572,0.84,10:43,139,161.4
573,0.84,11:05,140,161.4
574,0.84,10:43,140,161.4
575,0.85,10:09,139,160.8
576,0.85,10:33,140,160.8
577,0.85,10:48,141,160.8
578,0.85,10:54,141,160.8
579,0.85,10:54,142,160.8
580,0.85,11:33,142,160.8
581,0.85,11:21,142,160.8
582,0.86,11:10,143,160.8
583,0.86,10:43,143,160.8
584,0.86,10:23,144,160.1
585,0.86,10:14,144,160.1
586,0.86,9:56,145,160.1
587,0.86,9:47,145,160.1
588,0.87,10:05,144,160.1
589,0.87,10:14,143,160.1
590,0.87,10:14,143,160.1
591,0.87,9:47,142,160.1
592,0.87,9:30,142,159.4
593,0.88,9:00,142,159.4
594,0.88,9:14,143,159.4
595,0.88,9:34,142,159.4
596,0.88,10:14,142,159.4
597,0.88,10:59,142,159.4
598,0.88,11:27,142,159.4
599,0.88,11:16,142,158.8
600,0.89,11:05,142,158.8
601,0.89,10:48,142,158.8
602,0.89,10:33,142,158.8
603,0.89,11:21,142,158.8
604,0.89,11:52,142,158.8
605,0.89,11:52,141,158.8
606,0.89,12:18,141,158.1
607,0.9,12:18,141,158.1
608,0.9,11:39,140,158.1
609,0.9,11:05,140,157.5
610,0.9,10:33,140,157.5
611,0.9,10:23,139,157.5
612,0.9,10:00,139,156.8
613,0.9,10:14,139,156.8
614,0.91,10:18,140,156.8
615,0.91,10:43,139,156.8
616,0.91,10:38,140,156.8
617,0.91,10:59,140,156.8
618,0.91,10:43,140,156.8
619,0.91,10:54,140,156.2
620,0.92,11:05,140,156.2
621,0.92,11:52,141,156.2
622,0.92,11:52,141,156.2
623,0.92,11:52,141,156.2
624,0.92,11:21,141,156.2
625,0.92,10:59,141,156.2
626,0.92,10:23,141,156.2
627,0.93,10:28,141,155.5
628,0.93,10:09,141,155.5
629,0.93,10:18,141,155.5
630,0.93,10:23,141,155.5
631,0.93,9:56,141,155.5
632,0.93,9:30,141,155.5
633,0.94,9:18,141,156.2
634,0.94,9:22,141,155.5
635,0.94,9:26,139,155.5
636,0.94,9:56,140,154.9
637,0.94,10:18,139,154.9
638,0.94,10:48,140,154.9
639,0.95,11:21,139,154.2
640,0.95,11:45,140,154.2
641,0.95,11:52,140,154.2
642,0.95,12:32,140,154.2
643,0.95,12:32,140,154.2
644,0.95,11:10,141,154.2
645,0.95,11:21,141,154.2
646,0.96,11:16,140,154.2
647,0.96,10:43,141,153.5
648,0.96,10:33,141,153.5
649,0.96,11:33,141,153.5
650,0.96,11:16,141,153.5
651,0.96,10:54,141,152.9
652,0.97,10:54,142,152.9
653,0.97,10:59,142,152.9
654,0.97,10:54,142,152.9
655,0.97,10:38,142,153.5
656,0.97,10:48,143,153.5
657,0.97,10:43,143,152.9
658,0.97,10:43,142,152.9
659,0.98,10:43,142,152.9
660,0.98,10:43,142,152.9
661,0.98,10:59,142,152.2
662,0.98,10:43,143,152.2
663,0.98,10:38,142,152.2
664,0.98,10:18,142,152.9
665,0.99,10:18,142,152.9
666,0.99,10:05,141,152.2
667,0.99,10:33,141,152.2
668,0.99,10:48,141,152.2
669,0.99,11:10,142,152.2
670,0.99,10:59,142,152.2
671,0.99,10:48,142,152.2
672,1.0,10:18,142,152.2
673,1.0,9:51,142,152.9
674,1.0,9:51,142,152.9
675,1.0,10:09,142,152.2
676,1.0,9:51,142,152.2
677,1.0,10:33,142,152.2
678,1.01,11:21,142,152.9
679,1.01,11:27,143,152.9
680,1.01,11:05,144,152.9
681,1.01,11:45,144,153.5
682,1.01,10:54,144,152.9
683,1.01,10:33,143,152.2
684,1.02,10:05,143,152.2
685,1.02,10:00,142,151.6
686,1.02,10:09,142,151.6
687,1.02,10:18,142,152.2
688,1.02,10:43,143,152.2
689,1.02,11:05,143,152.2
690,1.02,11:39,144,152.9
691,1.03,11:52,143,152.9
692,1.03,12:25,144,153.5
693,1.03,12:25,144,153.5
694,1.03,12:32,144,154.2
695,1.03,12:04,144,154.2
696,1.03,12:11,144,154.2
697,1.03,12:11,145,154.2
698,1.04,12:11,145,154.2
699,1.04,12:18,144,154.9
700,1.04,12:39,143,154.9
701,1.04,11:52,144,155.5
702,1.04,11:45,144,155.5
703,1.04,11:33,144,155.5
704,1.04,11:45,144,156.2
705,1.04,12:11,144,156.2
706,1.05,12:46,144,156.2
707,1.05,13:08,144,156.8
708,1.05,13:08,145,156.8
709,1.05,13:16,144,156.8
710,1.05,12:32,145,157.5
711,1.05,12:53,144,157.5
712,1.05,12:25,145,158.1
713,1.06,12:11,144,158.1
714,1.06,11:27,144,158.1
715,1.06,11:58,144,158.8
716,1.06,11:21,144,158.8
717,1.06,11:33,145,159.4
718,1.06,11:45,145,159.4
719,1.06,12:04,145,159.4
720,1.07,12:04,145,159.4
721,1.07,13:08,145,159.4
722,1.07,13:58,145,159.4
723,1.07,14:25,145,158.8
724,1.07,14:34,145,158.8
725,1.07,13:41,145,158.1
726,1.07,12:53,146,158.1
727,1.07,11:58,145,158.1
728,1.08,11:05,146,158.1
729,1.08,11:05,145,158.1
730,1.08,11:16,146,157.5
731,1.08,10:38,146,157.5
732,1.08,10:18,146,157.5
733,1.08,10:43,147,157.5
734,1.09,10:18,147,156.8
735,1.09,9:56,148,156.8
736,1.09,9:34,147,156.2
737,1.09,9:38,148,156.2
738,1.09,9:38,148,156.2
739,1.09,9:51,147,155.5
740,1.1,10:05,147,155.5
741,1.1,10:54,147,155.5
742,1.1,11:05,148,155.5
743,1.1,10:38,148,154.9
744,1.1,10:33,147,154.9
745,1.1,10:43,147,154.9
746,1.1,10:59,146,154.2
747,1.11,10:54,146,154.2
748,1.11,11:10,145,154.2
749,1.11,11:16,146,153.5
750,1.11,11:27,145,153.5
751,1.11,11:39,144,153.5
752,1.11,11:39,144,152.9
753,1.11,11:33,145,152.9
754,1.12,11:16,145,152.9
755,1.12,11:27,145,152.2
756,1.12,10:54,144,151.6
757,1.12,11:16,144,151.6
758,1.12,11:21,144,151.6
759,1.12,12:04,144,150.9
760,1.12,11:52,142,150.3
761,1.13,11:52,143,150.3
762,1.13,11:52,142,149.6
763,1.13,11:52,143,149.6
764,1.13,11:33,143,149.0
765,1.13,11:05,143,149.0
766,1.13,11:16,143,149.0
767,1.14,10:18,142,149.0
768,1.14,10:14,142,149.0
769,1.14,10:14,141,148.3
770,1.14,10:28,140,147.6
771,1.14,10:28,140,147.6
772,1.14,10:59,140,147.0
773,1.14,11:10,139,147.0
774,1.15,10:48,138,146.3
775,1.15,10:43,138,145.7
776,1.15,10:33,137,145.7
777,1.15,10:48,136,145.7
778,1.15,11:05,136,145.0
779,1.15,11:10,137,145.0
780,1.16,10:59,137,144.4
781,1.16,10:59,138,144.4
782,1.16,10:59,137,143.7
783,1.16,10:38,137,143.7
784,1.16,11:05,136,143.0
785,1.16,11:45,136,142.4
786,1.16,11:21,135,142.4
787,1.17,11:45,135,142.4
788,1.17,12:18,135,142.4
789,1.17,11:58,133,141.7
790,1.17,11:16,132,141.7
791,1.17,11:39,132,141.1
792,1.17,11:33,132,140.4
793,1.17,11:39,132,139.8
794,1.18,12:18,132,139.8
795,1.18,12:53,133,139.8
796,1.18,13:08,134,139.1
797,1.18,12:53,135,139.1
798,1.18,11:58,135,139.1
799,1.18,11:33,135,138.5
800,1.18,11:33,135,138.5
801,1.18,11:39,135,137.8
802,1.19,11:21,134,137.8
803,1.19,11:21,132,137.8
804,1.19,10:59,131,137.1
805,1.19,10:14,130,137.1
806,1.19,10:05,131,136.5
807,1.2,9:43,132,136.5
808,1.2,9:38,132,136.5
809,1.2,9:18,132,135.8
810,1.2,9:34,131,135.8
811,1.2,9:18,131,135.2
812,1.2,9:38,131,134.5
813,1.21,9:51,131,134.5
814,1.21,10:14,130,133.9
815,1.21,10:38,130,133.9
816,1.21,11:16,131,133.2
817,1.21,11:10,131,133.2
818,1.21,11:21,133,133.2
819,1.21,11:27,134,132.5
820,1.22,11:27,135,132.5
821,1.22,10:48,135,132.5
822,1.22,10:54,135,132.5
823,1.22,10:43,134,132.5
824,1.22,10:18,134,132.5
825,1.22,10:14,134,132.5
826,1.23,10:38,135,132.5
827,1.23,10:48,136,132.5
828,1.23,11:05,136,132.5
829,1.23,11:33,137,132.5
830,1.23,11:27,138,132.5
831,1.23,11:21,138,133.2
832,1.23,11:16,138,133.2
833,1.24,11:39,138,133.2
834,1.24,11:39,138,133.2
835,1.24,11:39,138,133.2
836,1.24,11:21,138,133.2
837,1.24,11:27,137,133.2
838,1.24,10:54,137,133.2
839,1.24,10:59,137,133.2
840,1.25,10:43,136,133.2
841,1.25,10:48,135,133.2
842,1.25,10:33,135,133.2
843,1.25,10:18,135,133.2
844,1.25,10:28,134,133.2
845,1.25,11:33,135,133.2
846,1.25,11:45,136,133.2
847,1.26,11:39,136,132.5
848,1.26,11:45,136,133.2
849,1.26,11:45,136,132.5
850,1.26,11:16,137,132.5
851,1.26,11:10,137,132.5
852,1.26,11:39,138,132.5
853,1.26,11:39,139,132.5
854,1.27,11:27,139,132.5
855,1.27,11:05,139,132.5
856,1.27,10:59,139,132.5
857,1.27,10:48,140,132.5
858,1.27,11:05,140,132.5
859,1.27,11:05,140,132.5
860,1.28,11:21,141,132.5
861,1.28,11:45,141,133.2
862,1.28,11:58,141,133.2
863,1.28,11:45,141,133.2
864,1.28,11:39,141,133.2
865,1.28,10:59,141,133.2
866,1.28,10:38,142,133.2
867,1.29,10:28,142,133.2
868,1.29,10:38,142,133.2
869,1.29,10:43,142,133.2
870,1.29,10:59,142,133.2
871,1.29,11:10,143,133.2
872,1.29,10:59,142,133.2
873,1.3,10:43,142,133.2
874,1.3,10:54,140,133.2
875,1.3,10:43,140,133.2
876,1.3,10:28,140,133.2
877,1.3,10:23,139,133.2
878,1.3,10:23,139,132.5
879,1.3,10:14,139,132.5
880,1.31,10:38,139,131.9
881,1.31,11:16,140,131.9
882,1.31,11:16,140,131.9
883,1.31,11:45,140,131.9
884,1.31,11:39,140,131.9
885,1.31,11:21,140,131.9
886,1.31,11:10,140,131.9
887,1.32,11:27,141,131.9
888,1.32,11:05,141,131.9
889,1.32,11:16,141,131.9
890,1.32,11:16,141,131.9
891,1.32,11:05,142,131.9
892,1.32,10:38,142,131.9
893,1.33,10:33,140,131.9
894,1.33,10:18,139,131.9
895,1.33,10:05,139,131.2
896,1.33,10:00,139,131.2
897,1.33,10:23,139,131.2
898,1.33,10:33,138,131.2
899,1.33,10:54,138,131.2
900,1.34,11:33,137,130.6
901,1.34,12:11,137,130.6
902,1.34,11:45,137,130.6
903,1.34,11:45,137,130.6
904,1.34,11:27,137,130.6
905,1.34,11:16,137,129.9
906,1.35,10:33,138,129.9
907,1.35,10:33,138,129.9
908,1.35,10:23,139,129.9
909,1.35,10:14,140,129.9
910,1.35,9:51,140,129.9
911,1.35,9:43,141,130.6
912,1.36,10:05,141,130.6
913,1.36,10:14,142,130.6
914,1.36,10:14,142,131.2
915,1.36,10:48,142,131.2
916,1.36,11:10,143,131.2
917,1.36,11:10,142,131.2
918,1.36,11:21,143,131.2
919,1.37,11:10,142,131.2
920,1.37,10:54,142,131.2
921,1.37,11:05,142,131.2
922,1.37,11:05,142,131.2
923,1.37,10:48,143,131.2
924,1.37,11:21,143,131.9
925,1.37,11:21,143,131.9
926,1.38,11:05,144,131.9
927,1.38,11:10,144,131.9
928,1.38,10:54,145,131.9
929,1.38,10:59,145,131.9
930,1.38,11:10,145,131.9
931,1.38,11:21,146,131.9
932,1.39,10:59,146,131.9
933,1.39,11:05,146,132.5
934,1.39,11:10,146,132.5
935,1.39,10:33,146,132.5
936,1.39,10:23,147,133.2
937,1.39,10:38,148,133.2
938,1.39,10:48,147,133.2
939,1.4,10:43,147,133.2
940,1.4,11:16,147,133.2
941,1.4,11:39,147,132.5
942,1.4,11:27,146,133.2
943,1.4,11:45,145,132.5
944,1.4,11:58,144,132.5
945,1.4,11:27,144,132.5
946,1.41,11:10,145,133.2
947,1.41,11:16,145,133.2
948,1.41,11:16,144,133.2
949,1.41,10:59,144,133.9
950,1.41,11:05,143,133.9
951,1.41,10:59,142,133.9
952,1.42,10:48,142,133.9
953,1.42,10:54,141,133.9
954,1.42,10:54,142,133.9
955,1.42,11:16,142,133.9
956,1.42,11:52,143,133.9
957,1.42,11:52,143,134.5
958,1.42,11:39,142,133.9
959,1.43,11:21,142,133.9
960,1.43,11:16,144,133.9
961,1.43,11:05,143,133.9
962,1.43,11:05,143,133.2
963,1.43,11:16,143,133.2
964,1.43,11:39,144,133.2
965,1.43,11:58,144,133.2
966,1.44,11:33,144,133.2
967,1.44,11:39,145,133.2
968,1.44,11:10,144,133.2
969,1.44,11:05,144,133.2
970,1.44,10:54,145,133.2
971,1.44,11:10,145,133.2
972,1.44,11:21,145,133.2
973,1.45,10:54,144,133.2
974,1.45,10:43,143,133.2
975,1.45,10:09,143,133.2
976,1.45,10:05,145,133.2
977,1.45,9:56,143,133.2
978,1.45,10:09,143,133.2
979,1.46,10:09,144,132.5
980,1.46,10:38,144,132.5
981,1.46,10:54,144,132.5
982,1.46,11:05,145,131.9
983,1.46,11:21,145,131.9
984,1.46,11:45,145,131.9
985,1.47,11:27,145,132.5
986,1.47,11:16,145,133.2
987,1.47,11:45,145,133.2
988,1.47,12:04,145,133.9
989,1.47,11:45,144,133.9
990,1.47,11:21,144,133.9
991,1.47,10:43,144,133.9
992,1.48,10:09,144,133.9
993,1.48,9:51,144,133.9
994,1.48,10:00,144,133.9
995,1.48,10:43,144,133.9
996,1.48,11:05,144,133.9
997,1.48,11:27,144,134.5
998,1.48,11:27,143,134.5
999,1.49,11:16,144,134.5
1000,1.49,10:38,144,134.5
1001,1.49,10:33,145,134.5
1002,1.49,10:00,145,133.9
1003,1.49,10:28,144,133.9
1004,1.49,10:38,144,133.9
1005,1.5,11:33,145,133.9
1006,1.5,12:11,145,133.2
1007,1.5,12:25,145,133.2
1008,1.5,11:39,145,133.2
1009,1.5,11:10,145,133.2
1010,1.5,10:23,146,133.2
1011,1.5,10:09,145,133.2
1012,1.51,11:27,145,133.2
1013,1.51,13:08,145,133.2
1014,1.51,15:04,144,133.2
1015,1.51,17:11,143,133.9
1016,1.51,19:26,142,133.9
1017,1.51,17:52,142,133.9
1018,1.51,17:11,142,133.2
1019,1.51,17:52,141,133.2
1020,1.51,22:21,141,133.2
1021,1.51,24:23,141,133.2
1022,1.51,28:32,141,132.5
1023,1.51,31:11,137,132.5
1024,1.51,28:32,136,132.5
1025,1.52,21:37,134,132.5
1026,1.52,19:43,133,132.5
1027,1.52,18:22,133,132.5
1028,1.52,18:37,132,131.9
1029,1.52,19:43,130,131.9
1030,1.52,20:37,129,131.9
1031,1.52,21:37,128,131.9
1032,1.52,23:07,127,131.2
1033,1.52,21:17,127,131.2
1034,1.52,20:37,127,131.2
1035,1.52,20:19,128,130.6
1036,1.52,19:43,128,130.6
1037,1.53,18:22,123,130.6
1038,1.53,18:37,121,129.9
1039,1.53,19:09,121,129.9
1040,1.53,20:01,120,129.9
1041,1.53,21:17,120,129.9
1042,1.53,21:59,120,129.9
1043,1.53,21:59,120,129.3
1044,1.53,20:57,119,129.3
1045,1.53,21:17,120,129.3
1046,1.53,19:26,119,129.3
1047,1.53,18:37,120,129.3
1048,1.53,18:22,120,129.3
1049,1.54,17:52,119,128.6
1050,1.54,16:09,119,128.6
1051,1.54,15:46,119,128.6
1052,1.54,15:14,118,128.0
1053,1.54,14:34,118,128.0
1054,1.54,14:16,118,128.0
1055,1.54,14:44,115,128.0
1056,1.54,15:57,113,128.6
1057,1.54,16:45,112,128.6
1058,1.55,17:11,108,128.6
1059,1.55,18:07,107,128.0
1060,1.55,18:22,106,128.0
1061,1.55,18:22,106,128.0
1062,1.55,20:37,105,128.0
1063,1.55,19:43,103,128.0
1064,1.55,18:37,102,128.0
1065,1.55,17:25,99,128.0
1066,1.55,16:09,98,128.0
1067,1.55,14:54,98,127.3
1068,1.55,15:35,99,127.3
1069,1.56,15:57,100,127.3
1070,1.56,16:58,101,127.3
1071,1.56,17:52,102,127.3
1072,1.56,18:07,102,127.3
1073,1.56,18:37,102,126.6
1074,1.56,19:26,102,126.6
1075,1.56,19:09,102,126.6
1076,1.56,19:09,102,126.0
1077,1.56,18:22,103,126.0
1078,1.56,18:37,104,126.0
1079,1.56,19:09,105,125.3
1080,1.57,19:43,105,125.3
1081,1.57,18:53,104,125.3
1082,1.57,19:26,104,125.3
1083,1.57,19:09,104,126.0
1084,1.57,18:07,104,126.0
1085,1.57,17:52,104,125.3
1086,1.57,18:37,105,125.3
1087,1.57,17:11,106,125.3
1088,1.57,16:09,106,124.7
1089,1.57,14:44,107,124.7
1090,1.58,12:46,109,124.7
1091,1.58,11:45,110,124.7
1092,1.58,10:43,110,124.7
1093,1.58,10:00,112,124.0
1094,1.58,9:34,114,124.0
1095,1.59,9:43,115,124.0
1096,1.59,9:34,115,124.0
1097,1.59,9:22,117,124.0
1098,1.59,9:30,118,124.0
1099,1.59,9:34,120,124.0
1100,1.59,9:34,120,124.0
1101,1.6,8:49,121,124.0
1102,1.6,9:07,122,123.4
1103,1.6,8:32,124,123.4
1104,1.6,8:26,126,123.4
1105,1.6,8:07,127,124.0
1106,1.61,8:22,129,124.0
1107,1.61,8:26,130,124.0
1108,1.61,8:49,132,124.0
1109,1.61,9:14,134,124.0
1110,1.61,9:34,135,124.0
1111,1.61,9:38,136,124.0
1112,1.62,9:14,138,124.0
1113,1.62,9:11,137,124.0
1114,1.62,8:39,138,124.7
1115,1.62,8:29,139,124.7
1116,1.62,8:19,140,124.7
1117,1.63,8:45,141,124.7
1118,1.63,8:35,142,124.7
1119,1.63,8:42,142,125.3
1120,1.63,8:49,143,125.3
1121,1.63,8:56,144,126.0
1122,1.64,8:26,145,126.6
1123,1.64,8:22,146,127.3
1124,1.64,8:29,147,127.3
1125,1.64,8:22,149,127.3
1126,1.64,8:35,148,127.3
1127,1.65,9:00,149,127.3
1128,1.65,9:14,149,127.3
1129,1.65,9:11,151,127.3
1130,1.65,9:22,151,127.3
1131,1.65,9:34,152,127.3
1132,1.65,9:34,152,127.3
1133,1.66,9:38,153,127.3
1134,1.66,9:18,153,128.0
1135,1.66,8:56,154,128.0
1136,1.66,8:22,154,128.6
1137,1.66,8:22,154,128.6
1138,1.67,8:10,154,128.6
1139,1.67,8:19,154,128.6
1140,1.67,8:29,154,128.6
1141,1.67,8:39,154,128.6
1142,1.67,8:35,156,129.3
1143,1.68,8:39,155,129.3
1144,1.68,8:32,155,129.9
1145,1.68,8:26,157,129.9
1146,1.68,8:29,157,129.3
1147,1.68,8:22,157,129.3
1148,1.69,8:39,157,129.3
1149,1.69,8:56,157,129.9
1150,1.69,9:22,157,129.9
1151,1.69,9:30,157,130.6
1152,1.69,9:26,158,130.6
1153,1.69,9:18,157,130.6
1154,1.7,9:11,157,130.6
1155,1.7,8:56,158,130.6
1156,1.7,8:49,158,129.9
1157,1.7,9:00,157,129.9
1158,1.7,9:00,157,129.9
1159,1.71,9:11,157,129.9
1160,1.71,9:00,157,129.9
1161,1.71,9:22,157,129.9
1162,1.71,9:47,157,129.9
1163,1.71,9:47,157,129.9
1164,1.71,9:47,156,129.9
1165,1.72,10:05,157,129.9
1166,1.72,10:05,157,129.9
1167,1.72,10:00,157,129.9
1168,1.72,10:09,158,130.6
1169,1.72,10:43,158,130.6
1170,1.72,10:43,158,130.6
1171,1.73,10:33,158,130.6
1172,1.73,10:00,158,130.6
1173,1.73,9:56,157,130.6
1174,1.73,9:22,158,130.6
1175,1.73,9:14,158,131.2
1176,1.73,9:14,158,131.2
1177,1.74,9:11,158,131.2
1178,1.74,9:03,158,131.2
1179,1.74,8:52,158,131.9
1180,1.74,9:00,159,131.9
1181,1.74,9:03,158,131.9
1182,1.74,9:38,158,131.9
1183,1.75,9:51,158,131.9
1184,1.75,10:05,158,131.2
1185,1.75,10:05,158,131.2
1186,1.75,9:56,158,131.2
1187,1.75,9:30,157,131.9
1188,1.76,9:18,157,131.2
1189,1.76,9:03,157,131.2
1190,1.76,9:00,157,131.2
1191,1.76,8:52,158,131.2
1192,1.76,9:03,157,131.2
1193,1.76,9:07,158,131.2
1194,1.77,9:18,157,131.2
1195,1.77,9:34,158,130.6
1196,1.77,9:38,158,130.6
1197,1.77,9:34,158,130.6
1198,1.77,9:56,158,130.6
1199,1.77,10:28,159,130.6
1200,1.78,10:33,160,130.6
1201,1.78,10:38,159,130.6
1202,1.78,10:38,159,130.6
1203,1.78,9:47,159,131.2
1204,1.78,9:34,159,131.2
1205,1.78,9:34,160,131.2
1206,1.79,9:43,159,130.6
1207,1.79,9:51,158,130.6
1208,1.79,10:33,158,130.6
1209,1.79,10:18,158,130.6
1210,1.79,9:30,159,130.6
1211,1.8,9:18,158,130.6
1212,1.8,9:03,158,130.6
1213,1.8,9:11,158,130.6
1214,1.8,9:14,158,130.6
1215,1.8,9:51,157,130.6
1216,1.8,9:56,157,131.2
1217,1.81,9:51,157,131.2
1218,1.81,9:34,157,130.6
1219,1.81,9:11,156,130.6
1220,1.81,9:11,155,130.6
1221,1.81,9:00,155,129.9
1222,1.81,9:00,155,129.9
1223,1.82,9:00,152,129.9
1224,1.82,9:11,152,129.9
1225,1.82,9:14,149,129.9
1226,1.82,9:30,149,129.9
1227,1.82,10:00,147,129.9
1228,1.82,10:18,145,129.9
1229,1.83,10:28,142,129.9
1230,1.83,10:28,138,129.9
1231,1.83,10:23,135,129.9
1232,1.83,10:09,136,129.3
1233,1.83,9:47,136,129.3
1234,1.83,9:51,137,129.3
1235,1.84,9:51,137,129.3
1236,1.84,10:18,137,129.3
1237,1.84,10:33,137,129.3
1238,1.84,10:48,137,129.3
1239,1.84,10:54,138,129.3
1240,1.84,10:38,141,129.3
1241,1.85,10:18,143,129.3
1242,1.85,9:56,149,128.6
1243,1.85,9:51,150,128.6
1244,1.85,9:43,151,128.0
1245,1.85,9:47,152,128.0
1246,1.85,9:34,153,127.3
1247,1.86,9:18,154,127.3
1248,1.86,9:18,155,127.3
1249,1.86,9:00,156,126.6
1250,1.86,9:07,156,126.6
1251,1.86,9:22,157,126.0
1252,1.86,9:43,158,126.0
1253,1.87,9:38,159,126.6
1254,1.87,9:43,159,126.6
1255,1.87,9:38,160,127.3
1256,1.87,9:22,160,128.0
1257,1.87,9:56,161,128.6
1258,1.87,10:14,161,128.6
1259,1.88,10:38,161,128.6
1260,1.88,10:54,160,128.6
1261,1.88,10:43,160,128.6
1262,1.88,10:05,161,128.6
1263,1.88,9:34,160,128.6
1264,1.89,9:22,160,128.6
1265,1.89,9:07,160,128.6
1266,1.89,9:07,159,128.6
1267,1.89,9:03,160,128.6
1268,1.89,9:00,159,129.3
1269,1.89,9:07,159,129.3
1270,1.9,9:07,159,129.9
1271,1.9,9:30,159,129.9
1272,1.9,9:34,160,129.9
1273,1.9,9:56,159,129.3
1274,1.9,10:23,159,129.3
1275,1.9,10:09,159,129.3
1276,1.91,10:00,159,129.3
1277,1.91,9:43,159,128.6
1278,1.91,9:51,159,128.6
1279,1.91,9:18,158,128.0
1280,1.91,9:26,159,128.0
1281,1.92,9:14,159,128.0
1282,1.92,9:34,158,128.6
1283,1.92,9:22,158,128.6
1284,1.92,9:03,158,128.6
1285,1.92,9:18,158,128.6
1286,1.92,9:11,158,128.6
1287,1.93,9:03,159,129.3
1288,1.93,8:56,158,129.3
1289,1.93,9:14,158,129.3
1290,1.93,9:11,158,129.9
1291,1.93,9:11,158,129.9
1292,1.94,9:11,158,130.6
1293,1.94,9:18,158,130.6
1294,1.94,9:26,158,130.6
1295,1.94,9:26,159,130.6
1296,1.94,9:38,159,130.6
1297,1.94,9:47,160,130.6
1298,1.95,9:47,159,130.6
1299,1.95,9:51,159,131.2
1300,1.95,9:47,159,130.6
1301,1.95,9:43,159,130.6
1302,1.95,9:38,160,130.6
1303,1.95,9:30,161,129.9
1304,1.96,9:30,160,129.9
1305,1.96,9:22,160,129.9
1306,1.96,9:38,160,129.9
1307,1.96,9:38,160,129.9
1308,1.96,9:22,161,129.9
1309,1.96,9:26,160,130.6
1310,1.97,9:22,160,130.6
1311,1.97,9:11,160,131.2
1312,1.97,8:56,160,132.5
1313,1.97,9:22,160,133.2
1314,1.97,9:14,161,133.2
1315,1.98,9:11,160,133.9
1316,1.98,9:22,160,133.9
1317,1.98,9:18,161,133.9
1318,1.98,9:22,161,133.2
1319,1.98,9:38,161,133.2
1320,1.98,10:00,161,133.2
1321,1.99,9:38,161,133.2
1322,1.99,9:51,162,133.2
1323,1.99,9:38,162,133.2
1324,1.99,9:14,162,133.2
1325,1.99,9:14,162,133.2
1326,1.99,9:07,162,133.2
1327,2.0,9:03,162,133.2
1328,2.0,9:07,162,132.5
1329,2.0,9:11,162,132.5
1330,2.0,8:56,162,132.5
1331,2.0,9:07,161,132.5
1332,2.01,9:22,161,132.5
1333,2.01,9:00,162,131.9
1334,2.01,9:00,162,131.9
1335,2.01,8:56,163,131.9
1336,2.01,9:14,162,131.9
1337,2.01,9:22,162,131.9
1338,2.02,9:47,163,131.9
1339,2.02,9:56,163,131.9
1340,2.02,10:00,162,131.9
1341,2.02,9:56,163,131.9
1342,2.02,9:43,163,131.9
1343,2.02,9:47,162,131.9
1344,2.03,9:30,162,131.2
1345,2.03,9:30,163,131.2
1346,2.03,9:18,164,131.2
1347,2.03,9:00,164,131.2
1348,2.03,8:52,163,131.2
1349,2.04,8:56,164,131.2
1350,2.04,8:42,163,131.2
1351,2.04,8:22,164,131.2
1352,2.04,9:18,164,131.2
1353,2.04,9:47,164,131.2
1354,2.04,10:18,163,131.2
1355,2.05,10:54,165,131.2
1356,2.05,10:54,164,131.2
1357,2.05,9:43,163,131.2
1358,2.05,9:22,163,131.2
1359,2.05,8:49,164,131.9
1360,2.06,8:26,165,131.9
1361,2.06,8:39,165,131.9
1362,2.06,8:45,165,131.9
1363,2.06,8:45,165,131.2
1364,2.06,8:49,166,131.2
1365,2.06,9:11,165,131.2
1366,2.07,9:11,165,131.2
1367,2.07,9:18,165,131.2
1368,2.07,9:03,165,131.2
1369,2.07,9:03,164,131.2
1370,2.07,9:07,164,130.6
1371,2.08,9:00,165,130.6
1372,2.08,9:07,164,130.6
1373,2.08,9:18,163,130.6
1374,2.08,9:30,163,129.9
1375,2.08,9:18,163,129.9
1376,2.08,9:14,164,129.9
1377,2.09,8:45,163,129.3
1378,2.09,8:22,165,129.3
1379,2.09,8:22,164,129.3
1380,2.09,8:29,164,129.3
1381,2.09,9:07,164,129.3
1382,2.1,10:14,165,129.3
1383,2.1,12:04,164,129.3
1384,2.1,13:41,164,129.3
1385,2.1,15:46,164,129.9
1386,2.1,16:33,164,129.9
1387,2.1,16:21,163,129.9
1388,2.1,16:33,163,129.9
1389,2.1,16:21,162,129.3
1390,2.1,17:38,162,129.3
1391,2.1,18:22,162,128.6
1392,2.1,19:43,161,128.6
1393,2.11,19:43,159,128.6
1394,2.11,20:37,159,128.0
1395,2.11,18:53,159,128.0
1396,2.11,19:09,158,127.3
1397,2.11,18:07,157,127.3
1398,2.11,17:38,155,127.3
1399,2.11,17:25,154,127.3
1400,2.11,17:38,153,128.0
1401,2.11,18:37,152,128.0
1402,2.11,19:43,151,128.6
1403,2.11,20:19,150,128.6
1404,2.11,20:37,148,128.6
1405,2.12,20:37,148,128.6
1406,2.12,19:43,147,128.6
1407,2.12,19:09,147,128.6
1408,2.12,19:09,146,128.6
1409,2.12,18:53,145,128.6
1410,2.12,18:53,144,128.6
1411,2.12,18:53,143,129.3
1412,2.12,18:37,141,129.3
1413,2.12,20:19,140,129.3
1414,2.12,21:17,138,129.3
1415,2.12,20:57,136,129.3
1416,2.13,19:09,134,129.3
1417,2.13,19:09,134,129.3
1418,2.13,17:25,134,129.3
1419,2.13,17:11,135,129.3
1420,2.13,17:38,135,128.6
1421,2.13,18:53,135,128.6
1422,2.13,18:53,132,128.6
1423,2.13,18:07,132,128.6
1424,2.13,17:52,131,128.6
1425,2.13,17:25,128,128.6
1426,2.13,16:58,127,128.6
1427,2.14,16:58,125,128.6
1428,2.14,16:58,124,128.6
1429,2.14,17:11,121,128.6
1430,2.14,17:11,119,128.6
1431,2.14,18:07,119,128.6
1432,2.14,18:53,118,128.6
1433,2.14,19:43,117,128.6
1434,2.14,19:26,117,128.6
1435,2.14,19:26,115,128.6
1436,2.14,18:53,114,128.6
1437,2.14,18:37,112,128.0
1438,2.15,18:53,112,128.0
1439,2.15,18:22,111,128.0
1440,2.15,17:52,111,128.0
1441,2.15,17:38,113,128.0
1442,2.15,17:25,113,128.0
1443,2.15,17:38,113,128.0
1444,2.15,17:38,113,128.0
1445,2.15,18:22,113,127.3
1446,2.15,18:22,112,127.3
1447,2.15,19:09,111,126.6
1448,2.15,19:09,110,126.6
1449,2.16,19:43,110,127.3
1450,2.16,19:43,112,127.3
1451,2.16,20:19,112,128.0
1452,2.16,19:26,111,128.0
1453,2.16,18:37,110,128.0
1454,2.16,20:19,108,127.3
1455,2.16,19:09,107,127.3
1456,2.16,19:26,107,127.3
1457,2.16,19:43,108,128.0
1458,2.16,18:37,109,128.0
1459,2.16,16:09,110,128.6
1460,2.17,17:25,111,128.6
1461,2.17,17:11,110,128.0
1462,2.17,16:09,110,128.0
1463,2.17,15:14,111,127.3
1464,2.17,14:07,112,127.3
1465,2.17,12:04,114,127.3
1466,2.17,10:43,116,127.3
1467,2.18,10:05,117,127.3
1468,2.18,9:56,118,127.3
1469,2.18,9:34,119,126.6
1470,2.18,9:30,121,126.6
1471,2.18,9:38,121,126.6
1472,2.18,9:34,122,126.6
1473,2.19,9:26,123,126.6
1474,2.19,9:30,124,127.3
1475,2.19,9:26,126,127.3
1476,2.19,9:14,127,127.3
1477,2.19,8:42,127,128.0
1478,2.2,8:32,128,128.0
1479,2.2,8:32,129,128.0
1480,2.2,8:22,131,128.0
1481,2.2,8:01,132,128.6
1482,2.2,8:10,134,128.6
1483,2.21,8:16,135,128.6
1484,2.21,8:13,136,128.6
1485,2.21,8:16,137,129.3
1486,2.21,8:52,139,129.3
1487,2.21,9:26,140,129.3
1488,2.21,9:56,141,129.3
1489,2.22,9:47,141,129.3
1490,2.22,9:07,142,128.6
1491,2.22,8:42,142,128.6
1492,2.22,8:22,144,128.6
1493,2.22,8:04,145,129.3
1494,2.23,8:07,146,129.9
1495,2.23,8:39,147,129.9
1496,2.23,8:42,148,130.6
1497,2.23,8:39,148,130.6
1498,2.23,8:29,149,130.6
1499,2.24,8:22,149,130.6
1500,2.24,8:26,150,130.6
1501,2.24,8:19,151,131.2
1502,2.24,7:56,151,131.2
1503,2.25,7:39,152,131.2
1504,2.25,7:47,153,131.2
1505,2.25,7:39,154,131.2
1506,2.25,7:45,154,131.2
1507,2.25,8:04,155,130.6
1508,2.26,8:29,156,130.6
1509,2.26,8:16,156,130.6
1510,2.26,8:26,157,130.6
1511,2.26,8:10,157,130.6
1512,2.26,8:10,157,131.2
1513,2.27,8:16,157,131.2
1514,2.27,8:29,158,131.2
1515,2.27,8:35,159,131.2
1516,2.27,8:52,160,131.2
1517,2.27,9:03,159,130.6
1518,2.27,8:42,161,130.6
1519,2.28,8:49,160,130.6
1520,2.28,8:52,160,130.6
1521,2.28,9:03,160,130.6
1522,2.28,9:07,160,130.6
1523,2.28,9:18,161,130.6
1524,2.29,9:18,159,130.6
1525,2.29,9:22,160,130.6
1526,2.29,9:22,159,130.6
1527,2.29,9:30,159,130.6
1528,2.29,9:30,160,131.2
1529,2.29,9:30,159,131.2
1530,2.3,9:14,160,131.2
1531,2.3,9:11,160,131.2
1532,2.3,8:56,159,131.2
1533,2.3,9:11,160,131.2
1534,2.3,9:14,161,131.2
1535,2.31,9:11,160,131.2
1536,2.31,9:14,161,131.2
1537,2.31,9:11,162,131.2
1538,2.31,8:56,161,131.2
1539,2.31,8:56,161,131.2
1540,2.31,9:03,163,131.2
1541,2.32,8:42,162,131.2
1542,2.32,8:32,163,131.2
1543,2.32,8:42,164,131.2
1544,2.32,8:16,164,131.2
1545,2.32,8:19,163,131.2
1546,2.33,8:42,163,131.2
1547,2.33,9:07,165,131.2
1548,2.33,9:07,165,131.2
1549,2.33,9:14,164,131.2
1550,2.33,9:34,164,131.2
1551,2.33,9:30,165,130.6
1552,2.34,9:34,166,130.6
1553,2.34,9:26,164,130.6
1554,2.34,9:43,163,130.6
1555,2.34,9:14,163,130.6
1556,2.34,9:07,164,130.6
1557,2.35,9:11,164,130.6
1558,2.35,9:22,164,130.6
1559,2.35,9:26,164,129.9
1560,2.35,9:18,164,129.9
1561,2.35,9:18,164,129.3
1562,2.35,9:00,163,128.6
1563,2.36,8:39,164,128.6
1564,2.36,8:42,164,128.0
1565,2.36,8:45,165,128.0
1566,2.36,9:00,164,127.3
1567,2.36,9:14,164,127.3
1568,2.37,9:34,164,127.3
1569,2.37,9:38,164,127.3
1570,2.37,9:43,164,127.3
1571,2.37,9:38,163,127.3
1572,2.37,9:38,163,127.3
1573,2.37,9:47,164,127.3
1574,2.38,9:22,164,127.3
1575,2.38,9:18,163,127.3
1576,2.38,9:26,164,128.0
1577,2.38,9:30,164,128.0
1578,2.38,9:14,163,128.6
1579,2.39,9:14,163,128.6
1580,2.39,10:00,163,128.6
1581,2.39,10:09,163,128.6
1582,2.39,10:00,163,128.6
1583,2.39,10:23,163,128.6
1584,2.39,10:43,164,128.0
1585,2.39,10:28,163,128.0
1586,2.4,10:18,163,128.0
1587,2.4,10:18,163,128.0
1588,2.4,9:47,165,128.0
1589,2.4,9:47,165,128.6
1590,2.4,10:00,164,128.6
1591,2.4,9:51,164,128.6
1592,2.41,10:05,164,128.6
1593,2.41,10:48,164,128.6
1594,2.41,11:10,164,128.6
1595,2.41,10:28,164,128.0
1596,2.41,10:18,163,128.0
1597,2.41,9:47,162,128.0
1598,2.42,9:34,163,128.6
1599,2.42,9:03,164,128.6
1600,2.42,9:26,164,128.6
1601,2.42,9:18,164,128.0
1602,2.42,9:34,164,128.0
1603,2.42,9:38,164,127.3
1604,2.43,10:05,165,127.3
1605,2.43,9:34,164,127.3
1606,2.43,9:51,164,127.3
1607,2.43,9:47,164,127.3
1608,2.43,9:22,165,128.0
1609,2.44,9:22,165,128.0
1610,2.44,9:26,164,128.6
1611,2.44,9:34,165,128.6
1612,2.44,9:38,165,128.6
1613,2.44,9:38,163,128.6
1614,2.44,9:22,163,128.6
1615,2.45,9:11,164,128.6
1616,2.45,9:07,164,129.3
1617,2.45,8:56,163,129.9
1618,2.45,9:03,163,129.9
1619,2.45,8:45,164,129.9
1620,2.46,9:03,163,129.9
1621,2.46,9:03,162,129.3
1622,2.46,9:07,162,129.3
1623,2.46,9:34,162,129.3
1624,2.46,10:14,163,129.3
1625,2.46,10:14,162,129.3
1626,2.47,10:00,162,129.3
1627,2.47,10:09,163,129.3
1628,2.47,10:00,162,129.9
1629,2.47,9:43,162,129.9
1630,2.47,9:47,162,129.9
1631,2.47,9:56,163,129.9
1632,2.48,10:09,163,129.9
1633,2.48,10:05,163,129.9
1634,2.48,10:23,163,129.9
1635,2.48,10:28,163,129.9
1636,2.48,10:43,164,130.6
1637,2.48,10:38,164,131.2
1638,2.48,10:09,163,131.9
1639,2.49,10:05,162,132.5
1640,2.49,10:05,162,132.5
1641,2.49,10:14,163,132.5
1642,2.49,10:28,163,132.5
1643,2.49,10:59,162,132.5
1644,2.49,11:16,162,132.5
1645,2.5,11:27,161,132.5
1646,2.5,10:48,161,132.5
1647,2.5,10:28,160,132.5
1648,2.5,9:56,161,132.5
1649,2.5,9:18,161,132.5
1650,2.5,8:45,161,132.5
1651,2.51,8:39,161,132.5
1652,2.51,8:29,161,131.9
1653,2.51,8:42,162,131.9
1654,2.51,9:00,162,131.9
1655,2.51,8:56,162,131.2
1656,2.52,8:49,163,131.2
1657,2.52,8:49,163,131.2
1658,2.52,8:56,162,131.2
1659,2.52,9:03,162,131.2
1660,2.52,9:26,162,130.6
1661,2.53,9:38,164,131.2
1662,2.53,9:34,163,131.2
1663,2.53,9:30,164,131.2
1664,2.53,9:18,165,130.6
1665,2.53,9:07,163,131.2
1666,2.53,9:07,163,131.2
1667,2.54,9:14,163,131.2
1668,2.54,9:07,164,131.2
1669,2.54,9:03,164,131.2
1670,2.54,8:56,163,130.6
1671,2.54,9:11,163,130.6
1672,2.54,9:22,164,130.6
1673,2.55,9:26,163,130.6
1674,2.55,9:26,162,130.6
1675,2.55,9:56,163,130.6
1676,2.55,9:47,163,130.6
1677,2.55,9:43,163,130.6
1678,2.56,9:38,164,129.9
1679,2.56,9:47,163,130.6
1680,2.56,9:34,163,129.9
1681,2.56,9:14,163,129.9
1682,2.56,9:07,164,130.6
1683,2.56,8:52,164,130.6
1684,2.57,8:49,164,129.9
1685,2.57,8:29,164,129.9
1686,2.57,8:35,164,129.9
1687,2.57,8:35,164,129.9
1688,2.57,8:42,163,129.9
1689,2.58,8:45,164,129.9
1690,2.58,8:49,164,129.9
1691,2.58,9:07,164,129.9
1692,2.58,9:07,165,129.9
1693,2.58,9:14,165,129.3
1694,2.58,9:18,165,129.3
1695,2.59,9:34,165,129.3
1696,2.59,9:34,165,129.3
1697,2.59,9:26,165,129.3
1698,2.59,9:22,166,128.6
1699,2.59,9:03,165,128.6
1700,2.6,8:45,165,128.0
1701,2.6,8:35,165,128.0
1702,2.6,8:32,166,128.0
1703,2.6,8:35,166,128.0
1704,2.6,8:35,166,127.3
1705,2.61,8:49,167,127.3
1706,2.61,8:34,166,127.3
1707,2.61,8:29,166,126.6
1708,2.61,8:13,167,126.6
1709,2.61,8:16,167,126.6
1710,2.62,8:10,167,126.6
1711,2.62,8:18,168,126.6
1712,2.62,8:45,167,126.6
1713,2.62,9:11,168,127.3
1714,2.62,9:43,168,127.3
1715,2.62,9:56,168,127.3
1716,2.63,10:05,167,127.3
1717,2.63,10:14,167,127.3
1718,2.63,10:09,166,128.0
1719,2.63,9:56,166,128.0
1720,2.63,10:05,165,128.0
1721,2.63,10:14,165,128.0
1722,2.64,9:47,165,128.0
1723,2.64,9:14,165,128.0
1724,2.64,8:52,166,128.0
1725,2.64,8:35,166,128.0
1726,2.64,8:49,166,128.0
1727,2.65,8:42,165,128.0
1728,2.65,9:00,165,128.0
1729,2.65,9:18,166,128.6
1730,2.65,9:07,166,128.6
1731,2.65,8:42,166,128.6
1732,2.65,9:00,166,129.3
1733,2.66,9:11,165,129.3
1734,2.66,9:22,165,128.6
1735,2.66,10:14,165,128.6
1736,2.66,10:48,165,129.3
1737,2.66,10:59,166,129.3
1738,2.66,11:05,166,129.3
1739,2.67,10:59,165,129.3
1740,2.67,10:33,166,129.3
1741,2.67,9:56,165,129.3
1742,2.67,9:22,166,129.3
1743,2.67,9:18,165,129.3
1744,2.67,8:52,165,129.3
1745,2.68,8:49,165,129.3
1746,2.68,9:11,165,129.3
1747,2.68,9:11,167,129.3
1748,2.68,9:07,166,129.3
1749,2.68,9:38,167,128.6
1750,2.68,10:38,167,128.6
1751,2.69,11:21,167,129.3
1752,2.69,12:46,169,129.9
1753,2.69,13:49,169,129.9
1754,2.69,14:54,165,130.6
1755,2.69,14:25,163,130.6
1756,2.69,14:44,161,130.6
1757,2.69,14:54,161,130.6
1758,2.69,15:57,160,129.9
1759,2.69,16:45,160,129.9
1760,2.69,19:09,160,129.3
1761,2.7,22:21,159,129.3
1762,2.7,31:55,158,128.6
1763,2.7,35:17,158,128.6
1764,2.7,32:42,157,128.6
1765,2.7,28:32,156,128.6
1766,2.7,21:17,156,128.6
1767,2.7,17:25,155,129.3
1768,2.7,16:33,155,129.3
1769,2.7,16:45,154,129.3
1770,2.7,16:09,153,129.3
1771,2.7,18:22,153,129.3
1772,2.7,17:38,152,129.3
1773,2.71,16:33,150,129.3
1774,2.71,17:25,149,129.3
1775,2.71,18:07,148,129.3
1776,2.71,16:45,146,129.3
1777,2.71,17:25,145,129.3
1778,2.71,19:26,144,128.6
1779,2.71,17:25,143,128.6
1780,2.71,16:58,141,128.6
1781,2.71,18:07,141,128.6
1782,2.71,17:38,139,129.3
1783,2.72,15:46,137,129.3
1784,2.72,16:09,136,128.6
1785,2.72,16:21,135,128.6
1786,2.72,15:46,134,128.6
1787,2.72,16:21,133,128.6
1788,2.72,17:52,132,128.6
1789,2.72,18:07,131,128.6
1790,2.72,18:53,128,128.6
1791,2.72,18:53,128,128.6
1792,2.72,18:53,128,128.0
1793,2.72,20:19,126,128.0
1794,2.72,23:07,125,127.3
1795,2.73,25:18,125,127.3
1796,2.73,27:56,125,127.3
1797,2.73,26:17,123,128.0
1798,2.73,25:18,122,128.0
1799,2.73,22:43,122,128.0
1800,2.73,19:43,121,128.0
1801,2.73,18:53,120,128.0
1802,2.73,18:37,120,128.0
1803,2.73,20:01,119,127.3
1804,2.73,21:37,117,127.3
1805,2.73,24:50,116,127.3
1806,2.73,25:18,115,127.3
1807,2.73,23:07,115,126.6
1808,2.74,17:38,114,126.0
1809,2.74,15:57,115,126.0
1810,2.74,13:41,114,126.0
1811,2.74,11:52,114,126.6
1812,2.74,12:04,112,126.6
1813,2.74,13:24,112,127.3
1814,2.74,14:16,111,127.3
1815,2.74,15:46,111,127.3
1816,2.74,18:37,110,127.3
1817,2.75,20:19,110,127.3
1818,2.75,20:01,111,127.3
1819,2.75,17:25,113,127.3
1820,2.75,17:38,113,127.3
1821,2.75,15:46,113,127.3
1822,2.75,15:35,115,126.6
1823,2.75,13:41,116,126.6
1824,2.75,13:24,117,126.6
1825,2.76,12:11,119,126.6
1826,2.76,11:16,120,126.6
1827,2.76,9:51,121,126.6
1828,2.76,9:56,122,126.6
1829,2.76,9:56,123,126.6
1830,2.76,9:47,123,126.6
1831,2.77,10:00,123,126.6
1832,2.77,10:14,124,126.6
1833,2.77,9:56,125,126.6
1834,2.77,9:38,126,126.6
1835,2.77,9:22,126,126.6
1836,2.77,9:14,127,126.6
1837,2.78,9:22,128,126.6
1838,2.78,9:34,128,126.6
1839,2.78,9:26,129,126.6
1840,2.78,9:56,130,126.6
1841,2.78,10:09,132,126.6
1842,2.79,9:51,134,126.6
1843,2.79,9:26,134,126.6
1844,2.79,9:14,134,127.3
1845,2.79,8:49,135,127.3
1846,2.79,8:26,136,127.3
1847,2.79,8:29,135,128.0
1848,2.8,8:32,134,128.0
1849,2.8,8:52,133,128.0
1850,2.8,8:52,131,128.0
1851,2.8,9:22,131,128.0
1852,2.8,9:22,131,127.3
1853,2.81,9:43,131,127.3
1854,2.81,9:03,130,127.3
1855,2.81,9:00,128,127.3
1856,2.81,8:52,128,127.3
1857,2.81,8:39,128,127.3
1858,2.82,8:32,128,127.3
1859,2.82,8:42,129,127.3
1860,2.82,8:35,130,127.3
1861,2.82,8:29,131,127.3
1862,2.82,8:42,131,127.3
1863,2.82,8:39,133,127.3
1864,2.83,9:14,134,127.3
1865,2.83,9:18,135,127.3
1866,2.83,9:22,136,127.3
1867,2.83,9:18,136,127.3
1868,2.83,9:34,137,127.3
1869,2.84,9:00,137,127.3
1870,2.84,8:49,137,127.3
1871,2.84,9:03,138,127.3
1872,2.84,8:56,139,128.0
1873,2.84,9:03,139,128.0
1874,2.84,9:30,140,128.0
1875,2.85,10:18,141,128.6
1876,2.85,9:51,142,128.0
1877,2.85,10:00,143,128.0
1878,2.85,9:18,145,128.0
1879,2.85,9:14,147,128.0
1880,2.86,8:52,150,128.0
1881,2.86,9:00,152,127.3
1882,2.86,9:34,155,127.3
1883,2.86,10:14,157,126.6
1884,2.86,10:28,159,126.6
1885,2.86,10:48,159,126.0
1886,2.86,10:48,160,126.0
1887,2.87,10:23,162,126.0
1888,2.87,9:30,163,126.0
1889,2.87,9:22,163,125.3
1890,2.87,9:00,163,125.3
1891,2.87,9:26,163,125.3
1892,2.88,9:30,164,125.3
1893,2.88,10:18,165,125.3
1894,2.88,10:14,164,125.3
1895,2.88,10:48,165,125.3
1896,2.88,10:00,165,125.3
1897,2.88,10:00,165,125.3
1898,2.89,9:43,164,125.3
1899,2.89,9:47,164,125.3
1900,2.89,9:18,164,125.3
1901,2.89,9:30,164,125.3
1902,2.89,8:49,163,125.3
1903,2.89,8:42,164,125.3
1904,2.9,8:19,164,125.3
1905,2.9,8:26,164,124.7
1906,2.9,8:29,163,124.7
1907,2.9,9:03,163,125.3
1908,2.9,9:30,163,126.0
1909,2.9,10:14,163,126.0
1910,2.91,10:38,163,126.6
1911,2.91,10:43,162,126.6
1912,2.91,10:59,163,126.6
1913,2.91,10:23,163,126.6
1914,2.91,10:00,163,126.6
1915,2.91,9:38,162,126.6
1916,2.92,9:47,162,126.6
1917,2.92,9:51,162,126.6
1918,2.92,10:38,163,126.6
1919,2.92,10:48,162,126.6
1920,2.92,10:28,163,126.6
1921,2.92,10:28,162,126.6
1922,2.93,10:05,162,126.6
1923,2.93,9:30,163,126.6
1924,2.93,9:00,163,126.0
1925,2.93,9:43,164,126.0
1926,2.93,9:30,162,125.3
1927,2.93,9:56,162,125.3
1928,2.94,10:28,162,126.0
1929,2.94,10:48,163,126.0
1930,2.94,10:23,162,126.6
1931,2.94,10:18,161,126.6
1932,2.94,9:56,162,126.0
1933,2.94,9:18,161,126.6
1934,2.95,9:38,162,126.6
1935,2.95,9:38,162,126.6
1936,2.95,9:47,162,127.3
1937,2.95,9:56,161,127.3
1938,2.95,9:51,160,127.3
1939,2.95,9:47,161,127.3
1940,2.96,9:38,161,127.3
1941,2.96,9:22,161,127.3
1942,2.96,9:14,160,127.3
1943,2.96,9:43,160,128.0
1944,2.96,9:51,160,128.0
1945,2.97,10:00,161,128.0
1946,2.97,10:33,160,128.0
1947,2.97,10:33,161,128.0
1948,2.97,10:33,160,128.0
1949,2.97,10:05,161,128.0
1950,2.97,9:43,161,128.0
1951,2.98,9:18,161,128.0
1952,2.98,9:03,161,128.6
1953,2.98,9:11,160,128.6
1954,2.98,9:34,160,128.6
1955,2.98,10:05,160,128.6
1956,2.98,10:23,160,128.6
1957,2.99,10:28,160,128.6
1958,2.99,9:47,159,128.6
1959,2.99,9:30,160,129.3
1960,2.99,9:30,160,129.3
1961,2.99,9:30,160,129.3
1962,2.99,9:38,159,129.9
1963,3.0,10:14,159,129.9
1964,3.0,10:14,160,129.9
1965,3.0,9:47,160,129.9
1966,3.0,9:47,159,129.9
1967,3.0,10:00,159,129.9
1968,3.0,9:38,160,129.9
1969,3.01,9:43,160,129.9
1970,3.01,9:56,160,129.9
1971,3.01,9:51,161,129.9
1972,3.01,9:03,160,129.9
1973,3.01,9:00,160,129.9
1974,3.02,9:00,162,129.9
1975,3.02,8:49,162,129.9
1976,3.02,8:52,161,129.9
1977,3.02,10:00,162,129.9
1978,3.02,10:54,161,129.9
1979,3.02,10:54,161,129.9
1980,3.02,11:33,162,129.9
1981,3.03,11:27,162,129.9
1982,3.03,10:33,162,129.9
1983,3.03,9:34,161,129.3
1984,3.03,9:22,162,129.3
1985,3.03,9:38,162,129.3
1986,3.03,9:43,163,128.6
1987,3.04,10:09,163,128.6
1988,3.04,10:33,163,128.6
1989,3.04,10:38,164,129.3
1990,3.04,10:05,163,128.6
1991,3.04,10:00,163,128.6
1992,3.04,9:51,163,128.6
1993,3.05,9:38,164,128.6
1994,3.05,9:47,164,128.6
1995,3.05,9:51,164,128.6
1996,3.05,9:38,163,129.3
1997,3.05,9:22,165,129.3
1998,3.06,9:22,165,129.3
1999,3.06,8:52,163,129.9
2000,3.06,8:35,163,129.9
2001,3.06,8:42,163,129.3
2002,3.06,8:52,163,129.3
2003,3.06,9:00,163,128.6
2004,3.07,9:14,163,128.6
2005,3.07,9:38,163,128.6
2006,3.07,9:43,162,128.6
2007,3.07,9:43,161,128.6
2008,3.07,9:47,161,128.6
2009,3.07,9:47,162,128.6
2010,3.08,9:14,162,128.6
2011,3.08,9:14,162,129.3
2012,3.08,9:11,161,129.3
2013,3.08,9:03,160,129.3
2014,3.08,9:18,160,129.3
2015,3.09,9:26,160,129.3
2016,3.09,9:34,161,129.3
2017,3.09,9:26,161,129.3
2018,3.09,9:30,160,128.6
2019,3.09,9:30,161,128.6
2020,3.09,9:43,161,128.6
2021,3.1,9:38,160,128.6
2022,3.1,10:23,161,128.6
2023,3.1,10:33,162,128.6
2024,3.1,9:51,162,128.0
2025,3.1,9:14,162,128.0
2026,3.11,9:07,162,128.0
2027,3.11,8:29,163,127.3
2028,3.11,8:29,164,127.3
2029,3.11,8:52,163,127.3
2030,3.11,9:34,164,127.3
2031,3.11,10:05,164,127.3
2032,3.12,10:14,166,127.3
2033,3.12,10:14,166,127.3
2034,3.12,10:00,165,127.3
2035,3.12,10:18,165,126.6
2036,3.12,9:34,166,126.6
2037,3.12,10:05,166,126.0
2038,3.13,10:05,165,126.0
2039,3.13,10:38,165,126.0
2040,3.13,10:28,166,126.0
2041,3.13,11:45,166,126.0
2042,3.13,11:45,166,125.3
2043,3.13,11:52,166,124.7
2044,3.13,10:48,166,124.7
2045,3.14,10:18,166,124.7
2046,3.14,9:51,166,124.0
2047,3.14,9:26,167,124.0
2048,3.14,9:00,167,124.7
2049,3.14,9:14,167,124.7
2050,3.15,8:42,168,124.7
2051,3.15,8:26,167,124.7
2052,3.15,8:22,167,125.3
2053,3.15,8:35,168,126.0
2054,3.15,8:29,168,126.0
2055,3.16,8:42,167,126.6
2056,3.16,8:56,167,126.6
2057,3.16,8:56,168,126.6
2058,3.16,8:56,167,126.6
2059,3.16,9:07,167,126.0
2060,3.16,9:38,168,126.0
2061,3.17,9:30,168,126.6
2062,3.17,9:14,168,127.3
2063,3.17,8:52,168,127.3
2064,3.17,9:07,168,127.3
2065,3.17,8:56,170,127.3
2066,3.18,8:29,170,127.3
2067,3.18,8:56,168,127.3
2068,3.18,9:26,168,127.3
2069,3.18,9:07,168,127.3
2070,3.18,9:11,168,127.3
2071,3.18,9:51,169,127.3
2072,3.19,9:30,170,128.0
2073,3.19,9:18,169,128.0
2074,3.19,9:38,169,128.0
2075,3.19,9:43,168,128.0
2076,3.19,9:18,168,128.0
2077,3.19,9:26,168,128.0
2078,3.2,9:34,168,128.0
2079,3.2,9:30,169,128.0
2080,3.2,9:56,168,128.0
2081,3.2,10:28,167,128.0
2082,3.2,10:28,167,128.0
2083,3.2,10:14,167,128.0
2084,3.21,9:43,167,128.0
2085,3.21,9:07,168,128.0
2086,3.21,8:45,168,128.0
2087,3.21,8:35,167,128.0
2088,3.21,8:45,166,128.0
2089,3.22,9:11,167,128.6
2090,3.22,9:22,166,128.6
2091,3.22,9:22,168,129.3
2092,3.22,9:18,167,129.9
2093,3.22,9:18,166,129.9
2094,3.22,9:30,166,129.3
2095,3.23,9:26,167,129.3
2096,3.23,9:34,167,128.6
2097,3.23,9:51,168,128.6
2098,3.23,9:43,168,128.6
2099,3.23,9:34,169,128.6
2100,3.24,9:18,168,128.6
2101,3.24,9:26,168,128.6
2102,3.24,9:14,169,128.6
2103,3.24,9:14,169,129.3
2104,3.24,8:52,169,129.9
2105,3.24,9:00,169,129.9
2106,3.25,8:26,168,129.9
2107,3.25,8:26,168,129.9
2108,3.25,8:16,168,129.9
2109,3.25,8:13,168,129.9
2110,3.25,8:22,169,129.9
2111,3.26,8:52,168,129.9
2112,3.26,8:32,168,129.9
2113,3.26,8:26,168,129.9
2114,3.26,8:39,168,129.9
2115,3.26,8:22,168,129.3
2116,3.27,8:13,168,129.3
2117,3.27,8:42,166,129.3
2118,3.27,9:07,167,129.3
2119,3.27,9:14,167,129.3
2120,3.27,9:22,167,129.3
2121,3.27,9:30,166,129.9
2122,3.28,9:26,168,129.9
2123,3.28,9:34,167,129.9
2124,3.28,11:10,167,129.9
2125,3.28,13:41,168,129.9
2126,3.28,18:07,168,129.3
2127,3.28,24:50,168,129.3
2128,3.28,31:55,169,129.3
2129,3.28,29:09,168,129.3
2130,3.28,29:09,167,129.3
2131,3.28,28:32,166,129.3
2132,3.28,25:18,165,129.3
2133,3.28,22:21,164,129.3
2134,3.29,19:09,164,128.6
2135,3.29,15:57,163,128.6
2136,3.29,14:07,162,128.6
2137,3.29,14:25,162,128.0
2138,3.29,16:33,161,128.0
2139,3.29,20:57,160,128.0
2140,3.29,26:49,160,128.0
2141,3.29,24:50,160,128.0
2142,3.29,21:37,159,128.0
2143,3.29,17:25,159,128.0
2144,3.3,14:07,158,128.0
2145,3.3,13:16,157,127.3
2146,3.3,14:16,156,127.3
2147,3.3,15:57,154,127.3
2148,3.3,18:37,154,127.3
2149,3.3,21:37,153,127.3
2150,3.3,25:47,152,127.3
2151,3.3,26:17,150,126.6
2152,3.3,22:21,149,126.6
2153,3.3,18:37,148,126.6
2154,3.3,16:09,146,126.6
2155,3.31,14:16,145,126.6
2156,3.31,13:58,143,126.0
2157,3.31,14:54,143,126.0
2158,3.31,17:25,142,126.0
2159,3.31,18:22,141,126.0
2160,3.31,20:19,141,125.3
2161,3.31,19:43,140,125.3
2162,3.31,18:22,139,125.3
2163,3.31,17:52,136,125.3
2164,3.31,19:09,135,125.3
2165,3.31,17:52,133,124.7
2166,3.32,18:53,133,124.7
2167,3.32,21:59,132,124.7
2168,3.32,20:37,132,124.7
2169,3.32,18:53,132,124.7
2170,3.32,18:37,131,124.7
2171,3.32,16:58,130,124.0
2172,3.32,15:35,129,124.0
2173,3.32,15:14,127,124.0
2174,3.32,16:09,126,124.0
2175,3.32,16:21,126,124.0
2176,3.33,16:45,126,124.0
2177,3.33,16:58,126,123.4
2178,3.33,19:26,125,123.4
2179,3.33,17:25,124,123.4
2180,3.33,18:53,124,122.7
2181,3.33,18:22,121,122.7
2182,3.33,17:11,119,122.7
2183,3.33,14:16,117,122.7
2184,3.33,14:34,117,122.7
2185,3.33,13:41,117,122.7
2186,3.34,14:07,118,122.7
2187,3.34,15:46,117,122.7
2188,3.34,18:07,117,122.7
2189,3.34,20:01,117,122.7
2190,3.34,20:19,116,122.7
2191,3.34,21:37,115,122.7
2192,3.34,21:17,115,122.7
2193,3.34,21:37,116,122.7
2194,3.34,20:57,118,122.7
2195,3.34,19:26,118,122.7
2196,3.34,17:11,118,122.7
2197,3.35,16:09,117,122.7
2198,3.35,16:09,116,122.7
2199,3.35,16:58,115,122.7
2200,3.35,17:52,114,122.7
2201,3.35,20:19,112,122.7
2202,3.35,19:09,111,122.7
2203,3.35,18:07,111,122.7
2204,3.35,17:25,111,122.7
2205,3.35,17:38,111,122.0
2206,3.35,17:11,112,122.0
2207,3.35,18:22,112,122.0
2208,3.36,18:22,113,121.4
2209,3.36,18:37,113,121.4
2210,3.36,17:52,113,121.4
2211,3.36,17:11,113,121.4
2212,3.36,17:38,112,121.4
2213,3.36,18:07,111,121.4
2214,3.36,18:07,111,121.4
2215,3.36,20:01,110,121.4
2216,3.36,21:37,110,121.4
2217,3.36,22:43,110,121.4
2218,3.36,24:50,110,121.4
2219,3.36,28:32,110,121.4
2220,3.36,26:17,110,120.7
2221,3.37,21:17,110,120.7
2222,3.37,18:37,110,120.7
2223,3.37,17:38,110,120.7
2224,3.37,16:21,110,121.4
2225,3.37,15:24,112,121.4
2226,3.37,17:11,112,121.4
2227,3.37,17:11,111,121.4
2228,3.37,16:33,111,121.4
2229,3.37,16:58,112,121.4
2230,3.37,19:26,112,121.4
2231,3.38,19:09,112,121.4
2232,3.38,20:19,112,120.7
2233,3.38,22:43,112,120.7
2234,3.38,20:01,111,121.4
2235,3.38,17:52,110,121.4
2236,3.38,16:58,109,121.4
2237,3.38,15:46,109,121.4
2238,3.38,14:44,108,121.4
2239,3.38,15:24,109,121.4
2240,3.38,16:09,109,121.4
2241,3.38,17:52,108,121.4
2242,3.39,20:57,107,121.4
2243,3.39,20:01,107,121.4
2244,3.39,20:19,107,121.4
2245,3.39,18:37,108,121.4
2246,3.39,17:25,109,122.0
2247,3.39,15:46,109,122.0
2248,3.39,16:58,110,122.0
2249,3.39,17:52,111,122.7
2250,3.39,21:59,112,122.7
2251,3.39,23:07,109,122.7
2252,3.39,23:56,108,122.7
2253,3.39,23:31,107,123.4
2254,3.4,20:37,105,123.4
2255,3.4,18:07,105,123.4
2256,3.4,17:11,105,123.4
2257,3.4,17:52,105,123.4
2258,3.4,16:58,105,123.4
2259,3.4,17:11,104,123.4
2260,3.4,15:35,103,123.4
2261,3.4,16:09,103,123.4
2262,3.4,15:24,101,123.4
2263,3.4,15:46,102,123.4
2264,3.41,15:04,102,123.4
2265,3.41,16:58,102,123.4
2266,3.41,16:58,103,123.4
2267,3.41,17:11,105,122.7
2268,3.41,15:35,107,122.7
2269,3.41,14:54,108,122.7
2270,3.41,12:18,110,122.7
2271,3.42,11:05,112,122.0
2272,3.42,10:00,113,120.7
2273,3.42,9:51,115,120.7
2274,3.42,9:51,116,120.1
2275,3.42,9:30,118,119.4
2276,3.42,9:03,120,120.1
2277,3.43,8:32,122,121.4
2278,3.43,8:16,124,122.0
2279,3.43,7:47,124,122.7
2280,3.43,7:56,126,123.4
2281,3.44,7:56,127,123.4
2282,3.44,8:13,129,123.4
2283,3.44,7:50,129,123.4
2284,3.44,7:58,130,123.4
2285,3.44,8:01,131,123.4
2286,3.45,8:13,132,123.4
2287,3.45,8:07,134,123.4
2288,3.45,8:35,135,124.0
2289,3.45,8:10,136,123.4
2290,3.45,8:04,137,123.4
2291,3.46,7:47,138,123.4
2292,3.46,7:58,139,123.4
2293,3.46,7:42,140,124.0
2294,3.46,8:01,141,124.7
2295,3.46,7:56,142,124.7
2296,3.47,7:53,142,125.3
2297,3.47,7:50,143,125.3
2298,3.47,8:07,144,124.7
2299,3.47,8:26,145,124.7
2300,3.47,8:49,146,124.7
2301,3.48,9:11,146,124.7
2302,3.48,9:14,147,124.7
2303,3.48,8:56,147,125.3
2304,3.48,9:00,149,125.3
2305,3.48,8:32,149,126.0
2306,3.49,8:32,150,126.0
2307,3.49,8:52,151,126.0
2308,3.49,9:34,151,126.0
2309,3.49,9:34,152,126.0
2310,3.49,10:09,152,126.0
2311,3.49,10:14,153,126.6
2312,3.5,9:47,153,126.6
2313,3.5,9:26,154,127.3
2314,3.5,9:03,154,127.3
2315,3.5,8:56,154,128.0
2316,3.5,8:45,155,127.3
2317,3.5,8:42,156,128.0
2318,3.51,8:16,156,128.0
2319,3.51,8:22,156,128.0
2320,3.51,7:58,156,128.0
2321,3.51,7:56,157,128.0
2322,3.52,7:47,156,128.0
2323,3.52,7:58,157,128.0
2324,3.52,7:56,156,128.0
2325,3.52,8:16,157,128.0
2326,3.52,8:26,157,128.0
2327,3.53,8:32,157,128.0
2328,3.53,8:49,158,128.0
2329,3.53,9:03,159,128.0
2330,3.53,9:22,160,128.0
2331,3.53,9:22,159,128.0
2332,3.53,9:14,159,127.3
2333,3.54,9:14,160,127.3
2334,3.54,9:30,160,127.3
2335,3.54,9:14,161,127.3
2336,3.54,9:26,162,127.3
2337,3.54,9:30,161,127.3
2338,3.55,8:56,162,127.3
2339,3.55,8:13,161,127.3
2340,3.55,8:10,162,127.3
2341,3.55,8:10,162,127.3
2342,3.55,8:32,161,127.3
2343,3.55,8:52,162,127.3
2344,3.56,9:18,161,127.3
2345,3.56,9:30,161,127.3
2346,3.56,9:26,162,127.3
2347,3.56,8:56,162,127.3
2348,3.56,9:00,162,127.3
2349,3.57,9:07,162,127.3
2350,3.57,9:03,162,127.3
2351,3.57,9:11,162,126.6
2352,3.57,9:38,163,126.6
2353,3.57,10:00,162,126.0
2354,3.57,9:47,162,126.6
2355,3.58,9:56,162,126.0
2356,3.58,9:30,163,126.0
2357,3.58,9:03,162,126.0
2358,3.58,8:45,162,126.0
2359,3.58,8:49,163,126.0
2360,3.59,8:49,163,126.0
2361,3.59,9:14,164,126.0
2362,3.59,9:38,164,125.3
2363,3.59,9:47,163,125.3
2364,3.59,9:56,164,125.3
2365,3.59,9:34,164,126.0
2366,3.6,9:18,164,126.0
2367,3.6,9:18,164,126.0
2368,3.6,9:38,164,126.0
2369,3.6,9:34,163,126.0
2370,3.6,9:43,163,126.0
2371,3.6,9:34,163,125.3
2372,3.61,9:47,164,125.3
2373,3.61,9:00,163,124.7
2374,3.61,8:39,163,124.7
2375,3.61,8:39,162,124.7
2376,3.61,8:39,163,124.0
2377,3.62,8:52,163,124.0
2378,3.62,9:18,164,123.4
2379,3.62,10:00,164,123.4
2380,3.62,10:09,163,123.4
2381,3.62,10:43,164,122.7
2382,3.62,10:33,164,122.7
2383,3.63,10:28,164,123.4
2384,3.63,10:33,165,123.4
2385,3.63,10:18,165,123.4
2386,3.63,10:43,165,123.4
2387,3.63,10:28,165,123.4
2388,3.63,10:54,164,123.4
2389,3.63,11:05,164,124.0
2390,3.64,11:52,165,124.7
2391,3.64,11:16,166,125.3
2392,3.64,11:21,165,125.3
2393,3.64,10:48,165,126.0
2394,3.64,9:43,165,126.0
2395,3.64,9:22,165,126.0
2396,3.65,9:07,165,126.0
2397,3.65,8:32,165,126.0
2398,3.65,8:19,165,126.0
2399,3.65,8:45,165,126.0
2400,3.65,8:52,165,126.0
2401,3.66,8:52,165,126.0
2402,3.66,9:03,164,126.6
2403,3.66,9:30,164,126.6
2404,3.66,8:56,164,127.3
2405,3.66,8:45,164,127.3
2406,3.67,8:52,164,127.3
2407,3.67,8:52,163,128.0
2408,3.67,8:56,163,128.0
2409,3.67,10:54,163,128.6
2410,3.67,12:04,163,128.6
2411,3.67,13:16,162,129.3
2412,3.67,15:04,161,129.3
2413,3.67,17:38,161,129.9
2414,3.67,16:58,160,129.9
2415,3.67,19:43,159,129.9
2416,3.67,23:31,159,129.9
2417,3.68,33:31,159,129.9
2418,3.68,34:23,158,129.9
2419,3.68,27:22,158,129.9
2420,3.68,21:37,157,129.9
2421,3.68,18:37,157,129.9
2422,3.68,16:21,156,129.9
2423,3.68,15:14,155,129.9
2424,3.68,17:38,154,129.9
2425,3.68,20:19,153,129.3
2426,3.68,26:17,153,129.3
2427,3.68,25:47,153,128.6
2428,3.68,27:56,151,128.6
2429,3.68,26:49,150,128.0
2430,3.69,25:47,150,128.0
2431,3.69,21:17,149,128.0
2432,3.69,19:09,148,128.0
2433,3.69,18:07,147,128.0
2434,3.69,17:11,146,128.0
2435,3.69,16:45,145,128.0
2436,3.69,15:57,144,128.0
2437,3.69,18:07,144,128.0
2438,3.69,18:07,144,128.0
2439,3.69,17:25,143,127.3
2440,3.7,17:25,143,127.3
2441,3.7,17:38,141,127.3
2442,3.7,16:09,140,128.0
2443,3.7,15:46,138,128.0
2444,3.7,15:57,138,128.6
2445,3.7,15:24,136,129.3
2446,3.7,15:57,136,129.3
2447,3.7,17:38,135,129.3
2448,3.7,18:07,134,129.3
2449,3.7,18:37,131,129.3
2450,3.71,18:07,129,129.3
2451,3.71,17:25,128,129.3
2452,3.71,16:45,127,129.3
2453,3.71,16:45,126,129.3
2454,3.71,17:25,124,129.3
2455,3.71,18:07,122,128.6
2456,3.71,18:37,121,128.6
2457,3.71,17:25,121,128.0
2458,3.71,16:21,124,126.6
2459,3.71,14:07,126,126.0
2460,3.72,13:01,127,126.0
2461,3.72,11:21,129,126.6
2462,3.72,10:14,130,127.3
2463,3.72,9:26,130,128.0
2464,3.72,9:18,130,128.6
2465,3.73,9:00,130,128.0
2466,3.73,9:03,129,128.0
2467,3.73,8:49,130,127.3
2468,3.73,8:52,131,127.3
2469,3.73,8:26,133,127.3
2470,3.74,8:16,134,128.0
2471,3.74,8:26,135,128.0
2472,3.74,8:39,138,128.0
2473,3.74,9:03,139,128.0
2474,3.74,9:26,140,128.0
2475,3.74,10:00,141,128.6
2476,3.75,9:51,140,128.6
2477,3.75,10:14,141,129.3
2478,3.75,10:14,142,129.3
2479,3.75,10:18,143,129.3
2480,3.75,9:22,144,129.3
2481,3.76,8:56,144,129.3
2482,3.76,8:29,146,129.3
2483,3.76,8:01,147,129.9
2484,3.76,7:56,148,130.6
2485,3.76,7:50,148,130.6
2486,3.77,7:47,148,130.6
2487,3.77,7:53,148,130.6
2488,3.77,7:58,149,130.6
2489,3.77,7:50,149,129.9
2490,3.77,8:13,150,129.9
2491,3.78,8:22,151,129.9
2492,3.78,8:29,152,129.9
2493,3.78,8:26,153,129.9
2494,3.78,8:42,153,129.9
2495,3.78,8:49,154,129.9
2496,3.78,9:03,153,129.9
2497,3.79,8:56,154,129.9
2498,3.79,8:56,154,129.9
2499,3.79,9:00,153,129.9
2500,3.79,8:42,153,129.9
2501,3.79,8:56,150,129.9
2502,3.8,9:07,149,129.3
2503,3.8,9:38,147,129.3
2504,3.8,9:47,143,129.3
2505,3.8,10:00,142,129.3
2506,3.8,9:26,143,129.3
2507,3.81,9:11,144,129.3
2508,3.81,9:00,144,129.3
2509,3.81,8:39,144,129.3
2510,3.81,8:42,144,129.3
2511,3.81,8:39,143,129.3
2512,3.81,8:45,144,129.3
2513,3.82,8:26,146,129.3
2514,3.82,8:32,147,128.6
2515,3.82,8:29,148,128.6
2516,3.82,8:49,149,128.6
2517,3.82,8:56,151,128.6
2518,3.83,9:18,153,128.6
2519,3.83,9:18,153,128.0
2520,3.83,9:18,155,128.0
2521,3.83,9:14,157,128.0
2522,3.83,9:11,158,128.0
2523,3.83,8:56,159,128.0
2524,3.84,8:49,160,128.0
2525,3.84,8:45,161,128.6
2526,3.84,8:32,162,128.6
2527,3.84,8:32,163,128.6
2528,3.84,8:29,163,128.6
2529,3.85,8:39,163,128.6
2530,3.85,8:39,164,128.6
2531,3.85,8:52,164,128.6
2532,3.85,8:56,167,128.0
2533,3.85,9:14,167,128.0
2534,3.86,9:03,166,128.0
2535,3.86,9:11,166,127.3
2536,3.86,9:00,166,127.3
2537,3.86,8:56,165,127.3
2538,3.86,8:35,165,127.3
2539,3.87,8:49,166,127.3
2540,3.87,8:39,166,127.3
2541,3.87,8:42,166,127.3
2542,3.87,8:42,167,126.6
2543,3.87,8:52,167,126.6
2544,3.87,8:56,167,126.6
2545,3.88,8:52,167,126.0
2546,3.88,8:45,168,125.3
2547,3.88,8:39,168,126.0
2548,3.88,8:49,167,126.0
2549,3.88,8:39,168,125.3
2550,3.89,8:49,168,126.0
2551,3.89,9:26,168,126.6
2552,3.89,10:05,167,126.6
2553,3.89,9:47,166,126.6
2554,3.89,9:51,167,126.6
2555,3.89,10:14,167,127.3
2556,3.9,9:34,167,127.3
2557,3.9,9:22,167,127.3
2558,3.9,9:30,167,128.0
2559,3.9,9:43,167,128.0
2560,3.9,8:56,167,128.0
2561,3.91,8:26,168,128.0
2562,3.91,8:07,168,128.0
2563,3.91,8:01,167,128.6
2564,3.91,7:53,167,128.6
2565,3.91,8:19,168,128.6
2566,3.92,9:03,169,128.6
2567,3.92,9:07,169,128.6
2568,3.92,9:43,169,128.6
2569,3.92,9:47,169,129.3
2570,3.92,9:34,168,129.3
2571,3.92,9:30,168,129.3
2572,3.93,9:38,169,129.3
2573,3.93,9:22,169,129.3
2574,3.93,9:30,169,129.3
2575,3.93,10:09,168,129.3
2576,3.93,10:43,168,129.3
2577,3.93,11:16,167,129.9
2578,3.93,11:05,167,129.9
2579,3.94,10:38,167,130.6
2580,3.94,10:05,168,130.6
2581,3.94,9:30,168,130.6
2582,3.94,9:00,167,129.9
2583,3.94,9:18,167,129.9
2584,3.95,9:26,167,129.3
2585,3.95,9:30,166,129.3
2586,3.95,9:38,166,128.6
2587,3.95,9:34,166,128.6
2588,3.95,9:00,167,128.6
2589,3.96,8:49,167,129.3
2590,3.96,8:35,167,129.3
2591,3.96,8:16,167,129.3
2592,3.96,8:29,167,129.9
2593,3.96,8:29,168,130.6
2594,3.96,8:35,168,131.2
2595,3.97,8:49,167,131.9
2596,3.97,9:22,167,131.9
2597,3.97,9:11,167,131.9
2598,3.97,9:00,168,131.9
2599,3.97,8:52,168,131.9
2600,3.98,8:49,169,131.9
2601,3.98,8:35,169,131.9
2602,3.98,9:07,169,131.9
2603,3.98,10:14,168,132.5
2604,3.98,11:39,169,133.2
2605,3.98,12:32,169,133.9
2606,3.98,14:16,169,133.9
2607,3.98,14:44,168,133.9
2608,3.99,14:44,167,133.9
2609,3.99,15:04,167,133.2
2610,3.99,16:45,167,133.2
2611,3.99,18:37,166,133.2
2612,3.99,21:37,166,133.2
2613,3.99,23:31,165,133.2
2614,3.99,23:07,164,133.2
2615,3.99,20:19,164,133.2
2616,3.99,17:38,163,132.5
2617,3.99,16:09,163,132.5
2618,3.99,16:58,162,131.9
2619,3.99,19:09,161,131.9
2620,4.0,20:57,161,131.2
2621,4.0,22:43,161,131.2
2622,4.0,25:18,160,131.9
2623,4.0,25:18,159,132.5
2624,4.0,21:17,158,132.5
2625,4.0,21:37,157,133.2
2626,4.0,22:21,157,132.5
2627,4.0,22:43,156,131.9
2628,4.0,21:59,156,131.2
2629,4.0,20:01,155,130.6
2630,4.0,18:53,155,130.6
2631,4.01,16:45,155,131.2
2632,4.01,14:16,154,131.9
2633,4.01,12:32,153,132.5
2634,4.01,14:07,152,132.5
2635,4.01,14:44,151,131.9
2636,4.01,16:09,149,131.9
2637,4.01,18:37,149,131.2
2638,4.01,21:17,148,131.2
2639,4.01,18:53,146,131.2
2640,4.01,16:33,145,131.2
2641,4.02,15:35,143,131.2
2642,4.02,14:44,141,131.2
2643,4.02,16:09,140,131.2
2644,4.02,16:21,140,131.2
2645,4.02,17:52,140,130.6
2646,4.02,19:09,139,130.6
2647,4.02,19:09,137,130.6
2648,4.02,17:25,136,130.6
2649,4.02,18:37,134,130.6
2650,4.02,20:19,134,130.6
2651,4.02,20:37,132,130.6
2652,4.02,21:59,131,129.9
2653,4.03,23:07,130,129.9
2654,4.03,22:21,128,129.9
2655,4.03,18:22,127,129.9
2656,4.03,15:14,129,129.9
2657,4.03,13:16,130,129.9
2658,4.03,11:10,132,129.3
2659,4.04,9:38,133,129.3
2660,4.04,9:14,134,129.3
2661,4.04,8:32,136,128.6
2662,4.04,7:58,137,128.6
2663,4.04,7:53,138,128.6
2664,4.05,7:34,139,128.6
2665,4.05,7:24,139,128.6
2666,4.05,7:37,141,128.6
2667,4.05,7:53,141,128.6
2668,4.05,8:07,144,128.6
2669,4.06,8:22,144,128.6
2670,4.06,8:35,144,128.6
2671,4.06,8:42,145,128.6
2672,4.06,8:22,145,128.6
2673,4.06,8:16,146,128.6
2674,4.07,8:35,146,128.6
2675,4.07,8:32,146,128.6
2676,4.07,8:22,147,128.6
2677,4.07,8:45,148,128.6
2678,4.07,9:00,148,128.0
2679,4.08,8:42,149,128.0
2680,4.08,8:45,149,128.0
2681,4.08,9:03,149,128.0
2682,4.08,9:11,150,128.0
2683,4.08,9:18,150,128.0
2684,4.08,9:51,150,128.6
2685,4.09,9:51,150,128.6
2686,4.09,9:51,151,128.6
2687,4.09,9:18,151,128.6
2688,4.09,9:03,152,128.6
2689,4.09,8:45,152,128.6
2690,4.1,8:39,153,128.6
2691,4.1,8:45,153,128.6
2692,4.1,9:14,153,128.6
2693,4.1,9:38,153,128.6
2694,4.1,9:51,153,128.6
2695,4.1,10:09,153,128.0
2696,4.11,10:00,154,127.3
2697,4.11,10:14,153,127.3
2698,4.11,9:30,153,127.3
2699,4.11,9:30,154,126.6
2700,4.11,9:22,154,126.6
2701,4.11,9:18,155,127.3
2702,4.12,9:03,155,127.3
2703,4.12,9:11,156,127.3
2704,4.12,9:03,157,127.3
2705,4.12,8:56,157,127.3
2706,4.12,9:07,158,127.3
2707,4.12,9:34,157,127.3
2708,4.13,9:38,159,127.3
2709,4.13,9:56,159,127.3
2710,4.13,9:56,159,127.3
2711,4.13,9:43,159,127.3
2712,4.13,9:03,160,127.3
2713,4.14,9:14,160,127.3
2714,4.14,8:56,161,126.6
2715,4.14,9:03,161,126.6
2716,4.14,8:39,161,126.6
2717,4.14,8:52,162,126.6
2718,4.15,8:39,162,126.6
2719,4.15,8:42,163,126.0
2720,4.15,8:26,163,126.0
2721,4.15,8:22,163,125.3
2722,4.15,7:50,163,124.7
2723,4.16,7:37,163,124.7
2724,4.16,7:34,163,125.3
2725,4.16,7:42,163,126.0
2726,4.16,8:13,165,126.6
2727,4.16,8:26,164,127.3
2728,4.17,8:45,166,128.0
2729,4.17,8:42,165,128.0
2730,4.17,8:52,165,128.6
2731,4.17,8:29,166,129.3
2732,4.17,8:49,167,129.3
2733,4.18,8:39,168,129.9
2734,4.18,8:35,168,129.9
2735,4.18,8:29,168,129.9
2736,4.18,8:35,169,129.9
2737,4.18,8:39,167,129.3
2738,4.18,8:49,167,129.3
2739,4.19,9:00,167,129.3
2740,4.19,8:45,168,129.9
2741,4.19,9:07,167,129.9
2742,4.19,9:03,167,130.6
2743,4.19,9:07,169,131.2
2744,4.2,9:00,169,131.9
2745,4.2,9:00,168,131.9
2746,4.2,8:32,168,131.9
2747,4.2,8:19,168,131.2
2748,4.2,8:13,169,131.2
2749,4.21,8:04,171,131.2
2750,4.21,7:58,170,131.2
2751,4.21,7:50,170,130.6
2752,4.21,8:10,170,131.2
2753,4.21,8:01,170,131.2
2754,4.22,8:22,170,131.2
2755,4.22,8:32,170,131.2
2756,4.22,8:45,171,131.2
2757,4.22,8:26,171,131.9
2758,4.22,8:26,171,132.5
2759,4.23,8:26,171,132.5
2760,4.23,8:29,172,133.2
2761,4.23,8:13,172,133.2
2762,4.23,8:29,172,133.2
2763,4.23,8:39,173,133.2
2764,4.24,8:32,172,133.2
2765,4.24,8:42,172,133.9
2766,4.24,8:49,172,133.9
2767,4.24,8:52,171,133.9
2768,4.24,8:29,171,133.2
2769,4.25,8:19,171,133.2
2770,4.25,8:07,171,133.2
2771,4.25,8:13,171,133.2
2772,4.25,7:53,172,132.5
2773,4.25,8:13,172,133.2
2774,4.26,8:26,172,133.2
2775,4.26,8:32,172,133.2
2776,4.26,8:42,172,133.9
2777,4.26,9:07,172,134.5
2778,4.26,9:11,172,135.2
2779,4.27,8:45,172,135.8
2780,4.27,8:35,172,135.2
2781,4.27,8:45,173,135.2
2782,4.27,8:13,172,135.2
2783,4.27,8:19,172,135.2
2784,4.28,8:16,172,135.2
2785,4.28,8:19,172,135.2
2786,4.28,7:56,172,135.2
2787,4.28,8:04,172,135.2
2788,4.28,7:32,172,134.5
2789,4.29,7:53,172,134.5
2790,4.29,8:10,172,133.9
2791,4.29,9:11,172,134.5
2792,4.29,11:10,172,134.5
2793,4.29,15:14,171,134.5
2794,4.29,21:37,171,134.5
2795,4.29,31:11,170,134.5
2796,4.29,31:11,171,134.5
2797,4.29,27:22,170,134.5
2798,4.29,22:21,169,133.9
2799,4.29,17:52,169,133.9
2800,4.3,15:35,168,133.2
2801,4.3,14:34,168,133.2
2802,4.3,13:32,168,132.5
2803,4.3,13:32,167,132.5
2804,4.3,14:07,167,132.5
2805,4.3,14:44,166,131.9
2806,4.3,16:09,165,131.9
2807,4.3,20:37,164,131.2
2808,4.3,21:59,163,131.2
2809,4.3,18:53,162,131.2
2810,4.31,16:45,162,130.6
2811,4.31,16:09,162,130.6
2812,4.31,13:49,162,130.6
2813,4.31,14:25,161,130.6
2814,4.31,15:57,160,130.6
2815,4.31,19:26,160,130.6
2816,4.31,19:09,158,129.9
2817,4.31,19:43,158,129.9
2818,4.31,18:53,157,129.9
2819,4.31,18:22,156,129.9
2820,4.32,17:25,154,129.9
2821,4.32,18:53,153,129.3
2822,4.32,19:43,151,129.3
2823,4.32,20:19,151,129.3
2824,4.32,21:17,149,129.3
2825,4.32,23:07,147,128.6
2826,4.32,22:21,147,128.6
2827,4.32,21:37,147,128.6
2828,4.32,20:57,145,128.6
2829,4.32,20:19,144,128.6
2830,4.32,17:38,144,128.0
2831,4.32,17:25,144,128.0
2832,4.33,16:45,143,128.0
2833,4.33,17:11,142,128.0
2834,4.33,17:25,140,128.0
2835,4.33,19:26,139,128.0
2836,4.33,20:01,137,128.0
2837,4.33,18:53,136,128.0
2838,4.33,16:58,134,128.0
2839,4.33,16:21,134,128.0
2840,4.33,15:35,133,128.0
2841,4.33,15:24,133,127.3
2842,4.33,16:58,133,127.3
2843,4.34,19:09,133,127.3
2844,4.34,20:19,132,126.6
2845,4.34,19:09,131,126.6
2846,4.34,17:25,131,126.6
2847,4.34,14:25,132,126.0
2848,4.34,12:11,133,126.0
2849,4.34,10:33,134,126.0
2850,4.35,9:30,135,126.0
2851,4.35,8:42,134,126.0
2852,4.35,8:32,133,126.0
2853,4.35,8:07,133,126.0
2854,4.35,8:04,133,126.0
2855,4.36,7:42,134,126.6
2856,4.36,7:50,136,126.6
2857,4.36,7:50,138,126.0
2858,4.36,8:04,139,126.0
2859,4.36,8:07,139,126.0
2860,4.37,8:32,140,125.3
2861,4.37,8:45,141,125.3
2862,4.37,8:45,142,125.3
2863,4.37,8:32,142,125.3
2864,4.37,8:32,144,125.3
2865,4.38,8:29,145,125.3
2866,4.38,8:07,145,125.3
2867,4.38,7:47,146,125.3
2868,4.38,7:50,147,125.3
2869,4.39,7:42,148,125.3
2870,4.39,7:27,149,124.7
2871,4.39,7:27,150,124.7
2872,4.39,7:39,151,124.0
2873,4.39,7:32,151,124.0
2874,4.4,7:39,152,124.0
2875,4.4,8:13,153,124.0
2876,4.4,8:35,153,124.0
2877,4.4,8:45,154,124.0
2878,4.4,9:22,155,124.0
2879,4.4,9:43,154,125.3
2880,4.41,9:43,155,125.3
2881,4.41,9:47,155,126.0
2882,4.41,9:38,156,126.6
2883,4.41,9:26,156,126.6
2884,4.41,9:00,157,126.6
2885,4.42,9:11,157,126.6
2886,4.42,9:18,157,126.6
2887,4.42,9:47,157,126.6
2888,4.42,9:51,158,127.3
2889,4.42,11:10,158,127.3
2890,4.42,10:38,158,128.0
2891,4.42,10:28,158,128.0
2892,4.43,10:05,159,128.6
2893,4.43,9:56,159,128.6
2894,4.43,8:42,160,128.6
2895,4.43,8:35,160,129.3
2896,4.43,8:19,160,129.3
2897,4.44,8:19,160,129.3
2898,4.44,8:22,160,129.3
2899,4.44,8:49,161,129.3
2900,4.44,9:14,161,129.3
2901,4.44,9:22,161,129.9
2902,4.45,9:34,162,129.9
2903,4.45,9:38,163,129.9
2904,4.45,9:34,162,129.9
2905,4.45,9:07,162,129.9
2906,4.45,8:52,162,130.6
2907,4.46,8:29,163,129.9
2908,4.46,8:07,164,129.9
2909,4.46,8:04,164,129.9
2910,4.46,8:04,164,129.9
2911,4.46,8:01,164,129.3
2912,4.47,7:50,164,129.9
2913,4.47,8:16,164,129.9
2914,4.47,8:01,164,129.9
2915,4.47,8:04,164,130.6
2916,4.47,8:19,165,130.6
2917,4.48,8:52,165,130.6
2918,4.48,8:45,165,130.6
2919,4.48,9:22,165,129.9
2920,4.48,9:43,166,129.9
2921,4.48,10:05,166,129.3
2922,4.48,10:00,166,129.3
2923,4.49,9:18,167,129.3
2924,4.49,8:49,166,129.9
2925,4.49,8:07,167,129.9
2926,4.49,8:01,167,129.9
2927,4.49,7:58,167,130.6
2928,4.5,8:39,166,129.9
2929,4.5,9:18,166,129.9
2930,4.5,10:09,166,129.3
2931,4.5,10:23,166,129.3
2932,4.5,10:23,166,129.3
2933,4.5,10:05,167,129.9
2934,4.51,9:30,168,130.6
2935,4.51,9:00,167,130.6
2936,4.51,7:56,168,130.6
2937,4.51,7:53,168,131.2
2938,4.51,7:47,167,131.2
2939,4.52,7:47,167,131.9
2940,4.52,7:58,167,131.9
2941,4.52,8:35,168,132.5
2942,4.52,8:45,169,131.9
2943,4.52,8:29,169,131.9
2944,4.53,8:45,168,131.9
2945,4.53,8:45,168,131.9
2946,4.53,8:56,168,131.9
2947,4.53,8:49,168,131.9
2948,4.53,9:03,168,131.9
2949,4.54,8:39,168,131.9
2950,4.54,8:29,168,131.9
2951,4.54,8:32,168,131.9
2952,4.54,8:35,168,131.9
2953,4.54,9:00,168,131.9
2954,4.54,9:00,170,131.9
2955,4.55,9:18,170,131.9
2956,4.55,9:07,170,131.9
2957,4.55,9:26,169,131.9
2958,4.55,9:26,169,131.9
2959,4.55,9:51,169,131.2
2960,4.56,9:51,169,131.2
2961,4.56,9:51,171,131.2
2962,4.56,9:26,169,130.6
2963,4.56,8:45,168,130.6
2964,4.56,8:39,169,130.6
2965,4.56,8:32,169,130.6
2966,4.57,8:42,169,130.6
2967,4.57,8:13,170,130.6
2968,4.57,8:32,170,129.9
2969,4.57,8:19,171,129.9
2970,4.57,8:26,170,129.9
2971,4.58,8:35,171,129.9
2972,4.58,9:03,170,129.9
2973,4.58,9:38,171,129.9
2974,4.58,9:34,170,129.9
2975,4.58,9:38,170,129.9
2976,4.59,9:34,170,129.9
2977,4.59,9:38,170,129.9
2978,4.59,9:11,170,129.3
2979,4.59,9:26,170,129.3
2980,4.59,9:18,169,129.3
2981,4.59,9:14,168,129.3
2982,4.6,9:38,169,129.3
2983,4.6,10:18,169,129.3
2984,4.6,11:21,168,129.9
2985,4.6,12:53,167,129.9
2986,4.6,14:16,168,129.9
2987,4.6,15:57,168,129.9
2988,4.6,16:33,168,129.9
2989,4.6,16:33,168,129.3
2990,4.6,16:21,167,129.3
2991,4.61,16:21,167,129.3
2992,4.61,16:45,167,128.6
2993,4.61,16:45,166,128.6
2994,4.61,15:46,165,128.6
2995,4.61,15:46,165,128.6
2996,4.61,16:09,165,128.0
2997,4.61,15:35,163,128.0
2998,4.61,15:04,163,128.0
2999,4.61,17:11,163,127.3
3000,4.61,17:25,162,127.3
3001,4.61,17:38,161,127.3
3002,4.62,19:26,161,126.6
3003,4.62,20:57,161,126.6
3004,4.62,20:37,160,126.6
3005,4.62,21:17,159,126.6
3006,4.62,19:43,158,127.3
3007,4.62,18:22,156,126.6
3008,4.62,20:19,156,126.6
3009,4.62,20:57,156,126.6
3010,4.62,18:53,155,126.6
3011,4.62,20:01,154,126.6
3012,4.62,20:01,152,126.0
3013,4.62,19:26,152,126.0
3014,4.63,20:19,152,126.0
3015,4.63,22:21,150,126.0
3016,4.63,23:07,149,126.0
3017,4.63,23:56,148,126.0
3018,4.63,22:21,148,126.0
3019,4.63,19:43,147,126.0
3020,4.63,19:26,146,126.0
3021,4.63,19:43,145,125.3
3022,4.63,18:37,144,125.3
3023,4.63,18:37,143,124.7
3024,4.63,20:19,142,124.7
3025,4.63,20:01,141,124.7
3026,4.64,19:09,141,124.7
3027,4.64,20:01,140,124.0
3028,4.64,21:17,140,124.0
3029,4.64,20:19,138,123.4
3030,4.64,20:57,137,123.4
3031,4.64,20:37,135,123.4
3032,4.64,20:19,134,122.7
3033,4.64,17:52,134,122.7
3034,4.64,16:58,134,122.7
3035,4.64,16:09,134,122.7
3036,4.64,15:46,133,122.7
3037,4.65,15:24,132,122.7
3038,4.65,14:34,132,122.0
3039,4.65,12:46,132,122.0
3040,4.65,10:54,132,121.4
3041,4.65,10:23,133,121.4
3042,4.65,9:07,134,120.7
3043,4.66,8:45,136,120.7
3044,4.66,8:16,135,121.4
3045,4.66,8:49,136,121.4
3046,4.66,8:13,136,122.0
3047,4.66,8:16,137,122.7
3048,4.67,8:22,139,123.4
3049,4.67,8:32,139,124.0
3050,4.67,8:32,141,124.0
3051,4.67,8:29,142,124.7
3052,4.67,8:26,142,124.7
3053,4.68,8:10,142,124.7
3054,4.68,8:22,143,124.7
3055,4.68,8:16,143,125.3
3056,4.68,8:35,144,125.3
3057,4.68,8:35,145,126.0
3058,4.69,8:45,146,126.6
3059,4.69,8:22,147,126.6
3060,4.69,8:26,148,126.6
3061,4.69,8:32,148,126.6
3062,4.69,8:32,149,126.6
3063,4.7,8:32,149,126.0
3064,4.7,9:11,150,126.0
3065,4.7,9:00,150,126.0
3066,4.7,9:03,151,126.0
3067,4.7,9:03,151,126.6
3068,4.71,9:03,152,127.3
3069,4.71,8:42,152,128.6
3070,4.71,8:35,153,129.3
3071,4.71,7:58,154,129.3
3072,4.71,7:56,155,129.3
3073,4.72,7:47,155,129.3
3074,4.72,7:53,156,129.3
3075,4.72,7:47,157,129.3
3076,4.72,8:13,157,129.9
3077,4.72,8:10,158,129.9
3078,4.73,8:26,158,129.3
3079,4.73,8:10,160,129.9
3080,4.73,8:16,160,130.6
3081,4.73,8:07,160,130.6
3082,4.73,8:19,161,130.6
3083,4.74,8:04,163,130.6
3084,4.74,8:16,162,129.9
3085,4.74,8:22,163,129.3
3086,4.74,8:16,163,128.6
3087,4.74,8:07,164,128.6
3088,4.75,8:01,165,128.6
3089,4.75,8:19,164,128.6
3090,4.75,8:13,165,128.6
3091,4.75,8:45,166,129.3
3092,4.75,8:56,166,129.9
3093,4.76,9:18,165,130.6
3094,4.76,9:03,165,130.6
3095,4.76,9:11,165,130.6
3096,4.76,8:10,165,130.6
3097,4.76,8:10,166,129.9
3098,4.77,7:47,166,129.9
3099,4.77,7:27,167,129.3
3100,4.77,7:27,167,129.3
3101,4.77,8:13,167,129.9
3102,4.77,8:16,166,130.6
3103,4.78,8:39,167,130.6
3104,4.78,9:18,168,131.2
3105,4.78,9:30,168,131.2
3106,4.78,8:52,168,131.9
3107,4.78,8:35,168,131.9
3108,4.79,8:22,168,131.9
3109,4.79,8:10,169,131.9
3110,4.79,7:53,169,131.9
3111,4.79,8:10,169,131.9
3112,4.79,8:29,169,131.9
3113,4.8,8:39,168,131.2
3114,4.8,8:26,168,131.2
3115,4.8,8:49,169,131.2
3116,4.8,8:26,169,130.6
3117,4.8,8:26,170,131.2
3118,4.81,8:29,170,131.2
3119,4.81,8:39,171,131.2
3120,4.81,8:32,171,131.2
3121,4.81,8:42,171,131.2
3122,4.81,8:32,171,131.2
3123,4.82,8:16,171,131.2
3124,4.82,8:22,171,130.6
3125,4.82,8:29,171,130.6
3126,4.82,8:49,171,130.6
3127,4.82,9:18,171,130.6
3128,4.82,9:30,171,129.9
3129,4.83,9:30,170,129.9
3130,4.83,9:18,170,129.9
3131,4.83,9:14,170,129.9
3132,4.83,8:49,170,130.6
3133,4.83,8:45,170,130.6
3134,4.84,8:35,169,129.9
3135,4.84,8:26,170,129.9
3136,4.84,8:04,170,129.9
3137,4.84,8:22,170,129.9
3138,4.84,8:32,169,129.9
3139,4.85,8:52,169,129.3
3140,4.85,9:07,170,129.3
3141,4.85,9:43,170,129.3
3142,4.85,9:30,171,129.3
3143,4.85,9:38,170,129.3
3144,4.85,9:34,171,129.3
3145,4.86,8:56,170,129.3
3146,4.86,8:39,171,129.3
3147,4.86,8:29,170,129.3
3148,4.86,8:42,171,129.3
3149,4.86,8:22,169,129.3
3150,4.87,8:52,170,129.3
3151,4.87,8:39,170,129.3
3152,4.87,8:22,170,129.3
3153,4.87,7:56,169,129.3
3154,4.87,8:13,171,129.3
3155,4.88,8:04,170,129.3
3156,4.88,8:22,170,129.3
3157,4.88,8:35,170,129.9
3158,4.88,8:45,171,129.9
3159,4.88,8:32,170,129.9
3160,4.89,8:56,171,129.9
3161,4.89,9:07,172,129.9
3162,4.89,9:26,172,129.9
3163,4.89,9:43,172,129.9
3164,4.89,9:43,171,129.3
3165,4.89,9:34,170,129.3
3166,4.9,9:38,170,129.3
3167,4.9,9:38,170,129.3
3168,4.9,9:51,170,129.3
3169,4.9,10:18,170,129.3
3170,4.9,11:05,170,129.3
3171,4.9,12:32,170,129.3
3172,4.9,15:14,170,129.3
3173,4.9,18:22,169,129.3
3174,4.9,21:17,167,129.3
3175,4.91,22:21,167,129.3
3176,4.91,20:19,167,129.3
3177,4.91,16:58,167,129.3
3178,4.91,15:35,167,129.3
3179,4.91,16:45,166,129.3
3180,4.91,16:09,166,129.3
3181,4.91,16:33,165,129.3
3182,4.91,17:52,165,129.3
3183,4.91,18:37,165,129.3
3184,4.91,18:53,163,129.3
3185,4.91,18:37,163,129.3
3186,4.92,18:37,162,129.3
3187,4.92,18:37,161,128.6
3188,4.92,17:52,159,128.6
3189,4.92,16:58,157,128.6
3190,4.92,18:07,155,128.6
3191,4.92,19:09,149,128.0
3192,4.92,20:37,147,128.0
3193,4.92,22:43,143,128.0
3194,4.92,23:56,137,128.0
3195,4.92,23:56,132,128.0
3196,4.92,25:47,127,127.3
3197,4.93,15:35,122,127.3
3198,4.93,14:44,118,127.3
3199,4.93,13:58,114,127.3
3200,4.93,14:16,111,126.6
3201,4.93,13:58,109,126.6
3202,4.93,20:57,112,126.6
3203,4.93,20:57,114,126.6
3204,4.93,20:37,114,127.3
3205,4.93,18:53,117,127.3
3206,4.93,18:07,124,127.3
3207,4.93,17:25,130,127.3
3208,4.94,17:38,136,127.3
3209,4.94,17:52,142,127.3
3210,4.94,20:37,143,127.3
3211,4.94,21:17,145,127.3
3212,4.94,22:21,146,127.3
3213,4.94,21:17,146,127.3
3214,4.94,22:43,146,127.3
3215,4.94,20:37,146,127.3
3216,4.94,20:57,145,126.6
3217,4.94,21:17,145,126.6
3218,4.94,21:17,145,126.6
3219,4.94,19:09,144,127.3
3220,4.95,19:09,141,127.3
3221,4.95,18:07,140,127.3
3222,4.95,16:45,137,127.3
3223,4.95,17:38,135,127.3
3224,4.95,18:22,133,127.3
3225,4.95,17:25,133,126.6
3226,4.95,15:35,134,126.0
3227,4.95,14:16,135,126.0
3228,4.95,12:18,135,126.6
3229,4.96,10:59,135,126.0
3230,4.96,10:09,135,126.6
3231,4.96,9:18,135,126.6
3232,4.96,9:07,136,126.6
3233,4.96,8:45,137,126.6
3234,4.97,8:19,139,126.6
3235,4.97,8:07,142,126.6
3236,4.97,8:07,142,126.6
3237,4.97,7:45,144,127.3
3238,4.98,7:37,145,127.3
3239,4.98,7:29,148,128.0
3240,4.98,7:29,148,128.0
3241,4.98,7:34,150,128.0
3242,4.98,7:53,151,128.0
3243,4.99,7:50,151,127.3
3244,4.99,8:13,152,127.3
3245,4.99,8:04,152,127.3
3246,4.99,8:13,153,127.3
3247,4.99,7:58,153,128.0
3248,5.0,8:16,153,128.0
3249,5.0,7:58,155,128.6
3250,5.0,8:13,155,128.6
3251,5.0,7:53,156,128.6
3252,5.0,7:50,157,128.6
3253,5.01,7:39,157,128.6
3254,5.01,7:53,157,128.6
3255,5.01,7:50,157,128.6
3256,5.01,8:19,158,128.6
3257,5.01,8:42,158,129.3
3258,5.02,9:00,159,129.9
3259,5.02,8:56,159,129.9
3260,5.02,8:56,160,130.6
3261,5.02,8:42,161,130.6
3262,5.02,8:35,161,130.6
3263,5.03,8:39,162,130.6
3264,5.03,9:07,163,130.6
3265,5.03,9:30,162,129.9
3266,5.03,9:03,163,130.6
3267,5.03,8:52,164,130.6
3268,5.04,8:29,164,131.2
3269,5.04,8:07,164,131.2
3270,5.04,7:47,164,131.9
3271,5.04,8:10,165,131.9
3272,5.04,8:01,166,132.5
3273,5.05,7:53,166,132.5
3274,5.05,7:34,166,132.5
3275,5.05,7:37,167,132.5
3276,5.05,7:34,167,132.5
3277,5.05,7:58,168,132.5
3278,5.06,8:19,168,132.5
3279,5.06,9:03,169,132.5
3280,5.06,9:00,168,132.5
3281,5.06,9:18,168,132.5
3282,5.06,8:52,169,132.5
3283,5.07,9:14,169,132.5
3284,5.07,9:03,170,132.5
3285,5.07,9:11,170,132.5
3286,5.07,8:49,169,131.9
3287,5.07,8:52,170,131.9
3288,5.07,8:35,170,132.5
3289,5.08,8:01,170,132.5
3290,5.08,8:01,170,132.5
3291,5.08,8:13,170,132.5
3292,5.08,8:29,170,131.9
3293,5.08,8:22,171,131.9
3294,5.09,8:42,171,131.9
3295,5.09,8:19,172,131.9
3296,5.09,8:07,172,131.9
3297,5.09,8:13,172,131.9
3298,5.09,8:16,171,131.9
3299,5.1,8:29,171,131.9
3300,5.1,8:49,171,131.9
3301,5.1,8:49,171,131.2
3302,5.1,8:26,171,131.2
3303,5.1,8:42,172,131.9
3304,5.11,8:29,172,131.9
3305,5.11,8:32,172,131.2
3306,5.11,8:26,172,131.2
3307,5.11,8:35,172,131.2
3308,5.11,8:26,173,131.2
3309,5.12,8:13,172,131.2
3310,5.12,8:13,173,131.2
3311,5.12,8:22,172,131.2
3312,5.12,8:10,172,131.9
3313,5.12,8:01,172,131.9
3314,5.13,8:26,172,131.9
3315,5.13,8:39,171,131.9
3316,5.13,9:03,171,131.9
3317,5.13,9:34,172,131.9
3318,5.13,9:38,172,131.9
3319,5.14,9:26,172,131.9
3320,5.14,9:22,173,131.2
3321,5.14,8:52,173,131.2
3322,5.14,8:32,173,131.2
3323,5.14,8:56,173,130.6
3324,5.14,9:11,173,129.9
3325,5.15,8:49,172,129.9
3326,5.15,9:11,172,129.9
3327,5.15,9:14,172,129.9
3328,5.15,9:03,172,129.9
3329,5.15,9:11,172,129.9
3330,5.16,9:30,172,129.3
3331,5.16,9:11,172,128.6
3332,5.16,9:07,173,128.0
3333,5.16,9:00,173,128.0
3334,5.16,8:42,173,128.0
3335,5.17,8:39,174,128.0
3336,5.17,8:19,174,128.0
3337,5.17,8:26,174,128.6
3338,5.17,8:13,175,128.6
3339,5.17,8:19,175,129.3
3340,5.17,8:22,175,129.3
3341,5.18,8:39,175,129.3
3342,5.18,8:35,176,129.3
3343,5.18,8:35,175,129.3
3344,5.18,8:32,175,129.3
3345,5.18,8:39,174,129.3
3346,5.19,8:39,175,129.3
3347,5.19,8:49,176,129.3
3348,5.19,8:49,175,128.6
3349,5.19,8:42,175,128.6
3350,5.19,8:19,174,128.6
3351,5.2,8:22,174,129.3
3352,5.2,8:04,174,129.3
3353,5.2,8:04,174,129.3
3354,5.2,8:16,174,129.9
3355,5.2,8:22,174,129.9
3356,5.21,8:29,174,130.6
3357,5.21,8:35,175,130.6
3358,5.21,9:07,175,130.6
3359,5.21,9:26,175,130.6
3360,5.21,10:18,174,131.2
3361,5.21,11:33,174,131.9
3362,5.21,13:41,173,131.9
3363,5.22,15:14,174,132.5
3364,5.22,17:11,173,131.9
3365,5.22,20:57,172,131.9
3366,5.22,23:31,172,131.9
3367,5.22,24:50,172,131.9
3368,5.22,26:49,171,131.9
3369,5.22,26:17,170,131.9
3370,5.22,22:21,170,132.5
3371,5.22,19:43,168,132.5
3372,5.22,18:07,168,132.5
3373,5.22,16:33,168,132.5
3374,5.22,15:35,168,132.5
3375,5.23,15:35,168,132.5
3376,5.23,15:35,167,131.9
3377,5.23,17:38,166,131.9
3378,5.23,18:53,167,131.9
3379,5.23,19:43,166,131.9
3380,5.23,19:26,165,131.2
3381,5.23,20:19,164,131.2
3382,5.23,18:22,163,131.2
3383,5.23,17:25,163,131.2
3384,5.23,17:52,163,131.2
3385,5.23,18:07,161,131.2
3386,5.24,17:38,160,131.2
3387,5.24,18:22,159,130.6
3388,5.24,18:53,159,130.6
3389,5.24,18:53,158,130.6
3390,5.24,19:43,158,130.6
3391,5.24,21:17,157,130.6
3392,5.24,22:21,155,130.6
3393,5.24,24:23,154,130.6
3394,5.24,27:56,153,130.6
3395,5.24,27:56,153,130.6
3396,5.24,24:50,152,130.6
3397,5.24,20:37,152,130.6
3398,5.24,18:37,150,130.6
3399,5.25,15:57,149,130.6
3400,5.25,15:35,148,129.9
3401,5.25,16:21,147,129.9
3402,5.25,17:52,146,129.9
3403,5.25,18:07,145,129.3
3404,5.25,19:43,144,129.3
3405,5.25,20:37,143,129.3
3406,5.25,20:37,142,129.3
3407,5.25,19:26,142,129.3
3408,5.25,19:26,139,129.3
3409,5.25,18:53,138,128.6
3410,5.26,18:22,137,128.6
3411,5.26,14:54,137,129.3
3412,5.26,13:32,138,129.3
3413,5.26,12:32,139,129.3
3414,5.26,11:10,138,129.3
3415,5.26,10:05,139,129.3
3416,5.27,10:18,138,128.6
3417,5.27,10:33,138,128.0
3418,5.27,10:28,137,128.0
3419,5.27,10:23,137,128.0
3420,5.27,10:18,137,128.0
3421,5.27,10:00,138,128.6
3422,5.28,9:56,138,128.6
3423,5.28,9:56,139,129.3
3424,5.28,10:43,139,129.3
3425,5.28,11:27,139,129.3
3426,5.28,12:32,140,128.6
3427,5.28,13:08,140,128.6
3428,5.28,13:08,141,128.0
3429,5.29,12:04,141,128.0
3430,5.29,11:16,141,128.0
3431,5.29,10:54,142,128.6
3432,5.29,10:43,142,129.3
3433,5.29,10:38,142,129.3
3434,5.29,11:05,142,129.9
3435,5.29,12:18,143,130.6
3436,5.29,13:24,143,130.6
3437,5.3,13:58,144,131.2
3438,5.3,16:09,144,131.9
3439,5.3,16:58,145,131.9
3440,5.3,15:14,146,132.5
3441,5.3,13:32,147,131.9
3442,5.3,12:11,147,131.9
3443,5.3,11:21,149,131.9
3444,5.3,11:33,149,132.5
3445,5.31,12:18,150,132.5
3446,5.31,12:11,150,132.5
3447,5.31,11:52,150,132.5
3448,5.31,11:21,150,133.2
3449,5.31,10:43,151,133.9
3450,5.31,10:18,151,133.9
3451,5.32,10:00,151,134.5
3452,5.32,10:09,152,134.5
3453,5.32,9:51,152,134.5
3454,5.32,9:51,153,135.2
3455,5.32,10:28,155,135.2
3456,5.32,11:27,155,135.8
3457,5.32,12:04,155,135.8
3458,5.33,12:32,155,135.8
3459,5.33,13:01,155,136.5
3460,5.33,12:11,156,136.5
3461,5.33,11:27,157,137.1
3462,5.33,10:54,157,137.1
3463,5.33,11:16,157,137.1
3464,5.33,10:54,157,137.1
3465,5.34,10:33,156,137.8
3466,5.34,10:00,157,137.8
3467,5.34,10:05,157,138.5
3468,5.34,10:28,158,138.5
3469,5.34,10:43,158,139.1
3470,5.34,10:59,157,139.1
3471,5.35,11:52,158,139.8
3472,5.35,11:52,159,139.8
3473,5.35,11:05,158,140.4
3474,5.35,11:27,158,140.4
3475,5.35,12:04,158,141.1
3476,5.35,12:46,159,141.1
3477,5.35,13:58,160,141.1
3478,5.35,15:24,160,141.1
3479,5.36,15:04,160,141.7
3480,5.36,12:53,160,141.7
3481,5.36,12:04,159,141.7
3482,5.36,11:45,160,141.7
3483,5.36,10:59,161,141.7
3484,5.36,11:16,160,142.4
3485,5.36,11:52,160,142.4
3486,5.37,11:45,159,142.4
3487,5.37,11:05,161,142.4
3488,5.37,10:28,161,142.4
3489,5.37,9:56,161,142.4
3490,5.37,10:18,161,142.4
3491,5.37,10:14,161,143.0
3492,5.38,10:14,161,144.4
3493,5.38,10:33,162,145.0
3494,5.38,10:09,162,145.0
3495,5.38,9:26,162,145.7
3496,5.38,9:38,162,145.7
3497,5.38,10:09,162,145.7
3498,5.39,10:05,162,146.3
3499,5.39,10:28,163,147.0
3500,5.39,11:27,164,147.6
3501,5.39,11:05,163,148.3
3502,5.39,10:38,163,149.0
3503,5.39,10:48,164,149.6
3504,5.4,10:38,164,150.3
3505,5.4,10:00,164,150.9
3506,5.4,10:14,165,151.6
3507,5.4,12:46,165,151.6
3508,5.4,11:16,165,152.2
3509,5.4,11:16,165,152.2
3510,5.4,12:11,165,152.9
3511,5.41,12:32,165,152.9
3512,5.41,10:18,165,152.9
3513,5.41,11:52,165,153.5
3514,5.41,12:25,165,153.5
3515,5.41,11:58,165,154.2
3516,5.41,11:58,164,154.9
3517,5.41,11:45,165,154.9
3518,5.42,11:52,165,155.5
3519,5.42,10:54,166,155.5
3520,5.42,10:28,166,156.2
3521,5.42,10:09,165,156.2
3522,5.42,9:56,165,156.8
3523,5.42,9:51,165,156.8
3524,5.43,10:23,165,157.5
3525,5.43,11:05,166,157.5
3526,5.43,11:10,166,157.5
3527,5.43,11:27,166,158.1
3528,5.43,10:33,167,158.1
3529,5.43,10:14,166,158.8
3530,5.43,9:30,166,158.1
3531,5.44,9:22,166,158.1
3532,5.44,8:56,166,157.5
3533,5.44,9:34,166,156.8
3534,5.44,9:34,166,156.8
3535,5.44,10:14,166,156.2
3536,5.44,11:16,167,156.2
3537,5.45,12:32,166,155.5
3538,5.45,12:46,166,155.5
3539,5.45,13:32,166,154.9
3540,5.45,13:08,165,154.9
3541,5.45,12:39,165,154.9
3542,5.45,13:01,165,154.9
3543,5.45,13:01,166,154.2
3544,5.45,13:58,165,154.2
3545,5.46,13:01,165,153.5
3546,5.46,12:25,164,153.5
3547,5.46,11:10,164,153.5
3548,5.46,10:38,164,152.9
3549,5.46,9:43,165,152.9
3550,5.46,10:23,165,152.2
3551,5.47,10:05,166,152.2
3552,5.47,10:43,165,152.2
3553,5.47,10:59,164,151.6
3554,5.47,11:05,164,151.6
3555,5.47,10:48,164,150.9
3556,5.47,11:05,163,150.9
3557,5.47,10:28,163,150.3
3558,5.48,9:38,163,150.3
3559,5.48,9:22,162,150.3
3560,5.48,9:18,162,149.6
3561,5.48,9:34,162,149.6
3562,5.48,10:28,162,149.0
3563,5.48,12:18,162,149.0
3564,5.49,13:41,162,149.0
3565,5.49,14:25,162,149.0
3566,5.49,14:34,162,149.0
3567,5.49,14:16,162,149.6
3568,5.49,13:49,162,150.3
3569,5.49,13:32,162,150.3
3570,5.49,12:53,163,150.9
3571,5.49,13:01,162,150.3
3572,5.5,12:46,162,150.3
3573,5.5,11:45,162,149.6
3574,5.5,11:39,162,149.0
3575,5.5,11:21,162,149.0
3576,5.5,10:59,162,148.3
3577,5.5,10:59,162,148.3
3578,5.5,11:21,161,148.3
3579,5.51,11:45,161,148.3
3580,5.51,12:53,161,148.3
3581,5.51,12:53,161,148.3
3582,5.51,12:53,160,148.3
3583,5.51,13:24,160,148.3
3584,5.51,13:24,161,148.3
3585,5.51,12:46,161,149.0
3586,5.51,12:18,162,149.0
3587,5.52,11:52,162,149.6
3588,5.52,11:05,161,149.6
3589,5.52,10:23,161,149.6
3590,5.52,10:23,161,149.6
3591,5.52,10:43,160,149.6
3592,5.52,10:59,160,149.6
3593,5.53,11:21,160,149.6
3594,5.53,11:39,161,149.6
3595,5.53,11:33,162,149.6
3596,5.53,12:18,162,149.6
3597,5.53,12:04,162,149.6
3598,5.53,11:39,162,149.6
3599,5.53,11:27,162,150.3
3600,5.54,11:16,161,150.3
3601,5.54,10:23,162,150.3
3602,5.54,10:23,163,150.3
3603,5.54,10:59,163,150.3
3604,5.54,10:54,162,150.3
3605,5.54,10:48,162,150.9
3606,5.54,11:16,162,150.9
3607,5.55,11:27,162,150.9
3608,5.55,11:10,161,150.9
3609,5.55,11:45,162,150.9
3610,5.55,13:08,162,151.6
3611,5.55,13:01,162,151.6
3612,5.55,13:32,163,151.6
3613,5.55,13:41,163,152.2
3614,5.55,13:32,163,152.2
3615,5.56,12:18,163,152.2
3616,5.56,10:48,164,152.2
3617,5.56,9:14,163,151.6
3618,5.56,9:07,163,151.6
3619,5.56,8:52,162,151.6
3620,5.57,8:22,162,151.6
3621,5.57,9:14,162,152.2
3622,5.57,10:00,162,152.2
3623,5.57,9:47,162,152.2
3624,5.57,9:26,162,152.2
3625,5.57,10:33,162,152.2
3626,5.58,10:00,163,152.2
3627,5.58,10:48,163,152.9
3628,5.58,11:45,164,152.9
3629,5.58,13:16,164,152.2
3630,5.58,12:18,164,152.2
3631,5.58,13:24,162,152.9
3632,5.58,12:04,162,152.9
3633,5.59,11:27,163,152.9
3634,5.59,10:33,163,152.9
3635,5.59,10:23,163,153.5
3636,5.59,9:26,164,153.5
3637,5.59,10:00,164,153.5
3638,5.59,10:00,164,153.5
3639,5.6,10:23,164,154.2
3640,5.6,10:14,164,154.2
3641,5.6,10:59,164,154.2
3642,5.6,10:14,164,154.2
3643,5.6,10:09,163,154.2
3644,5.6,9:34,162,154.2
3645,5.61,10:00,162,153.5
3646,5.61,10:00,163,153.5
3647,5.61,10:43,162,154.2
3648,5.61,10:14,163,154.2
3649,5.61,10:54,163,154.2
3650,5.61,10:43,163,154.9
3651,5.61,10:38,164,155.5
3652,5.62,10:43,164,155.5
3653,5.62,11:21,163,156.2
3654,5.62,10:48,162,156.2
3655,5.62,11:10,162,156.8
3656,5.62,11:21,162,156.8
3657,5.62,11:27,161,157.5
3658,5.62,11:21,162,158.1
3659,5.63,11:33,161,158.1
3660,5.63,10:28,161,157.5
3661,5.63,10:14,161,157.5
3662,5.63,9:34,161,156.8
3663,5.63,9:18,162,156.8
3664,5.64,9:30,163,156.2
3665,5.64,10:43,164,156.8
3666,5.64,11:27,163,157.5
3667,5.64,11:52,164,157.5
3668,5.64,12:32,164,158.1
3669,5.64,12:32,163,158.1
3670,5.64,12:11,164,158.8
3671,5.64,11:27,164,158.1
3672,5.65,10:54,164,158.1
3673,5.65,10:33,162,158.1
3674,5.65,10:18,162,158.1
3675,5.65,10:23,162,158.1
3676,5.65,10:48,162,158.1
3677,5.65,11:05,163,158.8
3678,5.66,11:27,163,158.8
3679,5.66,10:43,164,158.8
3680,5.66,10:09,164,159.4
3681,5.66,9:47,163,159.4
3682,5.66,9:51,163,159.4
3683,5.66,9:26,164,159.4
3684,5.67,10:00,163,159.4
3685,5.67,10:05,164,159.4
3686,5.67,10:00,164,159.4
3687,5.67,10:14,163,160.1
3688,5.67,10:43,163,160.1
3689,5.67,11:16,164,160.8
3690,5.67,11:39,164,160.8
3691,5.68,11:33,164,160.8
3692,5.68,11:05,163,160.8
3693,5.68,10:23,163,160.8
3694,5.68,9:47,163,160.8
3695,5.68,9:43,162,160.8
3696,5.69,9:30,162,160.8
3697,5.69,9:51,162,160.8
3698,5.69,10:05,161,160.8
3699,5.69,10:23,161,160.8
3700,5.69,10:33,161,160.8
3701,5.69,10:43,161,161.4
3702,5.69,10:33,162,161.4
3703,5.7,11:10,162,161.4
3704,5.7,11:21,163,161.4
3705,5.7,11:27,163,162.1
3706,5.7,12:04,164,162.1
3707,5.7,12:18,163,162.1
3708,5.7,12:39,164,162.1
3709,5.7,12:39,164,162.7
3710,5.71,12:04,165,163.4
3711,5.71,12:25,165,163.4
3712,5.71,12:32,165,164.0
3713,5.71,12:46,165,164.7
3714,5.71,13:16,165,164.7
3715,5.71,13:08,165,165.4
3716,5.71,12:46,165,165.4
3717,5.71,12:25,165,165.4
3718,5.72,11:45,165,165.4
3719,5.72,12:32,165,165.4
3720,5.72,13:41,165,165.4
3721,5.72,13:49,165,165.4
3722,5.72,14:07,165,164.7
3723,5.72,13:16,165,165.4
3724,5.72,11:27,165,165.4
3725,5.73,10:33,166,166.0
3726,5.73,10:33,166,166.7
3727,5.73,10:48,166,168.0
3728,5.73,11:27,166,168.6
3729,5.73,12:53,166,169.3
3730,5.73,14:16,166,169.9
3731,5.73,14:07,167,169.9
3732,5.73,13:41,166,169.9
3733,5.74,13:24,167,169.9
3734,5.74,12:11,166,169.9
3735,5.74,11:21,166,169.9
3736,5.74,10:48,166,169.9
3737,5.74,10:23,166,169.9
3738,5.74,10:28,166,169.9
3739,5.75,10:28,166,170.6
3740,5.75,10:59,166,170.6
3741,5.75,12:11,166,171.3
3742,5.75,13:01,166,171.3
3743,5.75,13:24,166,171.3
3744,5.75,13:41,167,171.9
3745,5.75,13:24,167,171.9
3746,5.75,12:46,166,172.6
3747,5.76,11:52,167,172.6
3748,5.76,11:21,166,172.6
3749,5.76,11:05,166,172.6
3750,5.76,10:54,166,172.6
3751,5.76,10:48,166,172.6
3752,5.76,10:59,166,172.6
3753,5.76,11:21,165,173.2
3754,5.77,11:39,165,173.2
3755,5.77,11:27,164,173.2
3756,5.77,11:33,164,173.2
3757,5.77,12:04,164,173.2
3758,5.77,12:04,164,173.2
3759,5.77,12:25,164,173.2
3760,5.77,12:53,163,173.2
3761,5.78,13:01,163,173.9
3762,5.78,12:25,163,173.9
3763,5.78,12:04,163,174.5
3764,5.78,12:18,163,174.5
3765,5.78,12:11,162,174.5
3766,5.78,11:39,162,175.2
3767,5.78,12:11,161,175.2
3768,5.79,12:18,161,175.2
3769,5.79,11:58,162,174.5
3770,5.79,12:25,163,174.5
3771,5.79,14:07,162,174.5
3772,5.79,12:32,162,175.2
3773,5.79,12:11,162,175.2
3774,5.79,11:21,162,175.9
3775,5.8,10:59,162,175.9
3776,5.8,9:51,162,175.2
3777,5.8,10:54,162,175.2
3778,5.8,11:16,162,175.9
3779,5.8,11:27,162,175.9
3780,5.8,11:27,163,175.9
3781,5.8,11:58,163,176.5
3782,5.81,11:10,163,177.2
3783,5.81,11:16,163,177.2
3784,5.81,12:18,164,177.8
3785,5.81,12:39,165,177.8
3786,5.81,13:08,164,178.5
3787,5.81,14:07,164,178.5
3788,5.81,13:58,164,178.5
3789,5.81,13:49,164,178.5
3790,5.82,13:01,164,178.5
3791,5.82,11:45,162,178.5
3792,5.82,11:27,163,177.8
3793,5.82,11:05,162,177.8
3794,5.82,10:48,163,177.8
3795,5.82,13:41,162,177.2
3796,5.82,15:04,162,177.2
3797,5.82,14:44,162,176.5
3798,5.83,14:25,162,176.5
3799,5.83,15:14,161,175.9
3800,5.83,12:46,161,175.9
3801,5.83,12:46,161,175.9
3802,5.83,13:24,161,175.9
3803,5.83,13:24,160,176.5
3804,5.83,11:21,160,176.5
3805,5.84,10:28,160,176.5
3806,5.84,10:14,160,177.2
3807,5.84,10:00,160,177.2
3808,5.84,10:33,161,176.5
3809,5.84,11:10,162,176.5
3810,5.84,12:18,163,176.5
3811,5.84,13:24,163,176.5
3812,5.85,13:58,164,177.2
3813,5.85,13:08,164,177.8
3814,5.85,13:08,164,177.8
3815,5.85,11:45,165,177.8
3816,5.85,10:33,165,178.5
3817,5.85,10:09,165,178.5
3818,5.85,10:28,165,178.5
3819,5.86,10:33,165,178.5
3820,5.86,10:59,165,179.1
3821,5.86,11:27,165,179.1
3822,5.86,11:27,165,179.1
3823,5.86,11:27,164,179.1
3824,5.86,11:05,164,179.8
3825,5.87,10:48,164,179.8
3826,5.87,11:05,164,180.4
3827,5.87,11:16,164,181.1
3828,5.87,11:21,164,181.1
3829,5.87,11:45,164,181.8
3830,5.87,11:33,164,181.8
3831,5.87,11:10,165,182.4
3832,5.88,11:16,166,182.4
3833,5.88,11:27,165,182.4
3834,5.88,11:21,166,182.4
3835,5.88,11:10,165,183.1
3836,5.88,11:10,165,182.4
3837,5.88,10:48,166,182.4
3838,5.88,10:00,166,182.4
3839,5.89,10:14,166,182.4
3840,5.89,10:43,166,181.8
3841,5.89,10:33,167,182.4
3842,5.89,10:43,167,183.1
3843,5.89,10:38,166,183.1
3844,5.89,10:43,167,183.1
3845,5.9,10:28,167,183.7
3846,5.9,10:18,167,183.7
3847,5.9,10:23,167,183.7
3848,5.9,10:09,167,183.7
3849,5.9,10:09,167,183.7
3850,5.9,10:23,167,183.7
3851,5.91,10:43,166,183.7
3852,5.91,10:48,166,183.7
3853,5.91,11:58,166,183.7
3854,5.91,12:25,166,183.7
3855,5.91,13:08,167,183.7
3856,5.91,12:11,167,183.7
3857,5.91,11:58,166,184.4
3858,5.92,11:39,165,185.0
3859,5.92,11:05,165,185.0
3860,5.92,10:43,165,185.0
3861,5.92,10:54,164,185.0
3862,5.92,10:54,165,185.0
3863,5.92,10:59,163,185.0
3864,5.92,10:48,163,185.0
3865,5.93,10:33,164,185.0
3866,5.93,10:48,164,185.0
3867,5.93,10:33,164,185.0
3868,5.93,10:38,164,185.0
3869,5.93,10:48,164,184.4
3870,5.93,10:43,164,184.4
3871,5.93,11:05,165,184.4
3872,5.94,11:05,166,185.0
3873,5.94,11:05,165,185.7
3874,5.94,11:05,165,186.4
3875,5.94,10:59,165,186.4
3876,5.94,11:10,165,186.4
3877,5.94,11:10,165,186.4
3878,5.95,10:38,165,186.4
3879,5.95,10:43,165,185.7
3880,5.95,10:38,165,185.7
3881,5.95,10:23,165,185.7
3882,5.95,10:48,165,186.4
3883,5.95,11:16,165,187.0
3884,5.95,11:45,165,187.0
3885,5.96,12:11,165,187.7
3886,5.96,12:04,165,187.7
3887,5.96,12:11,165,187.7
3888,5.96,12:18,165,187.7
3889,5.96,11:58,165,187.7
3890,5.96,12:11,165,188.3
3891,5.96,12:04,165,188.3
3892,5.97,12:04,165,188.3
3893,5.97,12:11,165,188.3
3894,5.97,12:04,165,189.0
3895,5.97,11:33,164,188.3
3896,5.97,12:04,163,188.3
3897,5.97,11:52,162,188.3
3898,5.97,11:39,162,188.3
3899,5.98,11:39,161,188.3
3900,5.98,11:39,161,188.3
3901,5.98,11:21,161,188.3
3902,5.98,11:10,162,188.3
3903,5.98,11:05,161,188.3
3904,5.98,11:05,161,189.0
3905,5.98,10:59,161,189.0
3906,5.99,11:27,161,189.6
3907,5.99,13:32,161,190.3
3908,5.99,14:54,161,190.3
3909,5.99,15:24,160,190.3
3910,5.99,17:25,161,190.3
3911,5.99,17:38,161,190.3
3912,5.99,13:58,163,189.6
3913,5.99,12:32,161,189.6
3914,5.99,12:25,161,189.0
3915,6.0,11:39,160,189.0
3916,6.0,11:10,160,189.0
3917,6.0,12:11,159,189.0
3918,6.0,12:46,159,189.6
3919,6.0,12:46,160,189.6
3920,6.0,13:01,160,189.6
3921,6.0,12:32,160,189.6
3922,6.01,11:45,161,189.0
3923,6.01,12:25,161,189.0
3924,6.01,12:25,162,188.3
3925,6.01,13:16,163,188.3
3926,6.01,13:58,163,187.7
3927,6.01,13:41,164,188.3
3928,6.01,12:11,164,188.3
3929,6.02,11:16,164,188.3
3930,6.02,10:33,164,188.3
3931,6.02,10:18,163,188.3
3932,6.02,10:28,163,188.3
3933,6.02,10:48,163,188.3
3934,6.02,11:33,163,188.3
3935,6.02,11:27,163,188.3
3936,6.03,11:58,163,189.0
3937,6.03,11:33,163,189.0
3938,6.03,10:48,164,189.0
3939,6.03,10:18,164,189.0
3940,6.03,9:56,164,189.6
3941,6.03,9:14,164,189.6
3942,6.04,9:18,163,189.6
3943,6.04,9:38,164,190.3
3944,6.04,10:23,164,190.3
3945,6.04,10:59,163,190.3
3946,6.04,11:33,164,190.9
3947,6.04,12:04,163,190.9
3948,6.04,11:45,163,190.9
3949,6.05,11:45,163,190.9
3950,6.05,12:18,163,190.9
3951,6.05,13:01,163,190.9
3952,6.05,13:16,162,190.9
3953,6.05,14:25,162,190.9
3954,6.05,13:16,163,190.9
3955,6.05,12:04,162,190.9
3956,6.06,11:05,162,190.9
3957,6.06,10:05,162,190.9
3958,6.06,9:00,163,191.6
3959,6.06,8:49,163,191.6
3960,6.06,9:14,163,192.3
3961,6.06,9:34,163,192.3
3962,6.07,10:33,162,192.9
3963,6.07,11:52,163,192.9
3964,6.07,12:11,162,192.9
3965,6.07,11:45,163,192.9
3966,6.07,11:21,163,192.3
3967,6.07,11:10,163,192.3
3968,6.07,10:54,163,192.3
3969,6.08,10:59,163,192.9
3970,6.08,10:43,163,192.9
3971,6.08,10:38,163,192.9
3972,6.08,9:51,164,193.6
3973,6.08,9:38,165,192.9
3974,6.08,9:38,165,193.6
3975,6.09,9:51,164,193.6
3976,6.09,10:09,165,193.6
3977,6.09,10:54,165,193.6
3978,6.09,10:48,165,193.6
3979,6.09,10:43,165,193.6
3980,6.09,10:28,165,193.6
3981,6.1,10:23,164,193.6
3982,6.1,10:48,164,193.6
3983,6.1,11:33,164,194.2
3984,6.1,13:08,164,194.2
3985,6.1,13:32,164,194.9
3986,6.1,13:32,164,194.9
3987,6.1,13:32,164,194.9
3988,6.1,13:08,164,194.9
3989,6.11,11:52,164,195.5
3990,6.11,12:53,164,195.5
3991,6.11,12:53,164,195.5
3992,6.11,12:25,163,195.5
3993,6.11,12:46,163,196.2
3994,6.11,12:18,164,196.2
3995,6.11,11:05,164,196.2
3996,6.12,11:45,163,196.2
3997,6.12,10:38,164,196.9
3998,6.12,10:18,164,196.2
3999,6.12,10:00,164,196.2
4000,6.12,10:23,165,196.9
4001,6.12,10:00,165,196.9
4002,6.13,10:43,165,196.9
4003,6.13,10:18,166,196.9
4004,6.13,10:28,165,196.9
4005,6.13,10:05,165,196.9
4006,6.13,9:47,166,197.5
4007,6.13,9:38,167,197.5
4008,6.14,9:38,167,197.5
4009,6.14,10:00,167,197.5
4010,6.14,10:18,166,198.2
4011,6.14,10:00,166,198.2
4012,6.14,10:14,167,198.2
4013,6.14,11:16,167,198.2
4014,6.14,11:33,166,198.2
4015,6.15,12:18,166,198.2
4016,6.15,13:24,165,198.2
4017,6.15,14:07,165,198.2
4018,6.15,13:24,164,197.5
4019,6.15,13:08,164,198.2
4020,6.15,12:11,164,198.2
4021,6.15,11:39,164,198.8
4022,6.16,10:59,164,198.8
4023,6.16,11:10,164,198.8
4024,6.16,10:38,164,198.8
4025,6.16,10:54,165,198.8
4026,6.16,11:05,165,198.2
4027,6.16,11:21,166,198.2
4028,6.16,11:05,165,198.8
4029,6.17,10:43,165,198.8
4030,6.17,10:28,165,198.8
4031,6.17,10:23,165,198.8
4032,6.17,10:18,166,198.8
4033,6.17,10:28,165,198.8
4034,6.17,11:33,164,198.8
4035,6.18,11:39,164,198.8
4036,6.18,10:43,164,198.8
4037,6.18,10:43,165,198.8
4038,6.18,10:48,165,198.8
4039,6.18,10:05,164,198.8
4040,6.18,10:33,163,198.8
4041,6.18,11:39,164,198.2
4042,6.19,12:18,163,198.8
4043,6.19,11:27,163,198.8
4044,6.19,11:58,163,199.5
4045,6.19,11:33,164,200.1
4046,6.19,11:27,164,200.1
4047,6.19,11:05,164,200.8
4048,6.19,12:04,164,200.8
4049,6.2,11:21,164,200.8
4050,6.2,10:38,164,201.4
4051,6.2,10:43,164,201.4
4052,6.2,10:33,164,201.4
4053,6.2,10:18,164,202.1
4054,6.2,11:05,164,202.1
4055,6.2,12:32,164,202.1
4056,6.21,12:46,164,202.1
4057,6.21,13:01,164,202.1
4058,6.21,13:01,163,202.1
4059,6.21,12:04,164,202.1
4060,6.21,11:16,164,202.1
4061,6.21,10:43,165,202.1
4062,6.22,10:23,164,201.4
4063,6.22,10:00,164,201.4
4064,6.22,9:47,164,201.4
4065,6.22,9:14,164,201.4
4066,6.22,9:03,165,201.4
4067,6.22,9:11,165,202.1
4068,6.23,8:35,165,202.1
4069,6.23,8:45,166,202.8
4070,6.23,8:56,167,202.8
4071,6.23,8:52,167,202.8
4072,6.23,8:42,167,202.8
4073,6.24,9:22,167,202.8
4074,6.24,9:51,167,202.8
4075,6.24,11:10,167,202.8
4076,6.24,12:53,167,202.1
4077,6.24,13:16,167,202.1
4078,6.24,13:24,167,202.1
4079,6.24,12:46,167,202.1
4080,6.24,11:45,167,201.4
4081,6.25,10:38,167,201.4
4082,6.25,10:48,167,201.4
4083,6.25,11:05,168,201.4
4084,6.25,11:05,168,200.8
4085,6.25,10:14,168,200.8
4086,6.26,9:18,168,200.8
4087,6.26,8:45,167,200.1
4088,6.26,8:29,167,200.1
4089,6.26,8:29,168,200.1
4090,6.26,8:35,167,200.1
4091,6.26,9:18,167,200.1
4092,6.27,9:26,167,199.5
4093,6.27,9:38,167,199.5
4094,6.27,10:23,167,199.5
