elapsed_seconds,distance_miles,pace_per_mile,heartrate,altitude_ft
0,0.0,,72,184.4
1,0.0,20:37,93,184.4
2,0.0,14:07,94,183.7
3,0.0,12:46,95,183.7
4,0.01,12:11,96,183.7
5,0.01,15:14,97,183.7
6,0.01,17:52,98,183.1
7,0.01,26:49,99,183.1
8,0.01,53:38,98,183.1
9,0.01,,98,182.4
10,0.01,,97,182.4
11,0.01,,96,182.4
12,0.01,,95,181.8
13,0.01,51:34,95,181.8
14,0.01,25:47,95,181.1
15,0.01,16:58,94,181.1
16,0.01,12:39,95,180.4
17,0.01,10:05,94,180.4
18,0.02,10:00,96,179.8
19,0.02,12:25,95,179.1
20,0.02,13:19,95,178.5
21,0.02,13:24,97,178.5
22,0.02,14:16,102,177.8
23,0.02,16:21,103,177.2
24,0.02,13:08,103,177.2
25,0.02,12:23,104,176.5
26,0.03,12:46,104,176.5
27,0.03,13:01,104,176.5
28,0.03,12:32,105,176.5
29,0.03,14:07,106,176.5
30,0.03,14:25,107,176.5
31,0.03,15:04,108,176.5
32,0.03,14:07,109,176.5
33,0.03,14:16,110,177.2
34,0.04,12:25,110,177.2
35,0.04,13:08,112,177.2
36,0.04,13:24,112,177.2
37,0.04,14:16,113,177.2
38,0.04,13:32,114,177.2
39,0.04,14:07,114,177.8
40,0.04,14:25,114,177.8
41,0.04,13:58,113,177.8
42,0.04,13:01,110,177.8
43,0.05,14:16,110,177.8
44,0.05,14:07,110,177.8
45,0.05,13:41,110,177.8
46,0.05,13:01,111,177.8
47,0.05,13:32,110,177.8
48,0.05,13:16,112,177.8
49,0.05,13:08,112,178.5
50,0.05,12:39,114,178.5
51,0.06,12:39,114,178.5
52,0.06,13:08,116,178.5
53,0.06,12:32,116,178.5
54,0.06,12:18,116,178.5
55,0.06,12:46,115,178.5
56,0.06,14:25,115,178.5
57,0.06,15:04,115,179.1
58,0.06,15:46,113,179.1
59,0.06,17:38,113,179.1
60,0.07,16:45,113,179.8
61,0.07,15:35,113,179.8
62,0.07,14:25,113,179.8
63,0.07,14:16,114,179.8
64,0.07,13:24,114,179.8
65,0.07,14:25,115,179.8
66,0.07,13:49,114,179.8
67,0.07,13:41,115,180.4
68,0.08,12:53,115,180.4
69,0.08,12:25,115,180.4
70,0.08,11:27,116,180.4
71,0.08,12:04,116,181.1
72,0.08,12:04,117,181.1
73,0.08,13:08,117,181.1
74,0.08,13:24,117,181.1
75,0.09,14:16,117,181.8
76,0.09,13:24,118,181.8
77,0.09,14:25,118,182.4
78,0.09,13:49,119,182.4
79,0.09,13:32,119,182.4
80,0.09,13:24,120,182.4
81,0.09,13:49,122,182.4
82,0.09,12:39,123,182.4
83,0.1,11:45,127,183.1
84,0.1,11:33,128,183.1
85,0.1,11:33,129,183.1
86,0.1,10:48,130,183.1
87,0.1,10:59,134,183.1
88,0.1,11:39,134,183.1
89,0.1,12:18,134,183.7
90,0.11,12:04,133,183.7
91,0.11,12:39,133,184.4
92,0.11,12:18,133,184.4
93,0.11,11:45,133,184.4
94,0.11,11:33,133,183.7
95,0.11,12:11,134,184.4
96,0.11,13:32,133,184.4
97,0.11,13:32,133,184.4
98,0.12,13:58,133,185.0
99,0.12,14:54,133,185.0
100,0.12,13:32,134,185.0
101,0.12,12:11,133,185.7
102,0.12,13:24,132,185.7
103,0.12,14:07,132,185.7
104,0.12,13:58,133,185.7
105,0.12,14:34,133,185.7
106,0.13,15:24,133,185.7
107,0.13,14:44,133,186.4
108,0.13,14:44,133,186.4
109,0.13,14:16,133,186.4
110,0.13,13:41,133,186.4
111,0.13,13:32,134,186.4
112,0.13,12:53,133,186.4
113,0.13,13:01,133,186.4
114,0.14,12:39,133,187.0
115,0.14,13:58,133,187.0
116,0.14,13:16,133,187.0
117,0.14,13:41,133,187.0
118,0.14,13:01,132,187.0
119,0.14,14:34,131,187.7
120,0.14,13:58,131,187.7
121,0.14,15:24,132,188.3
122,0.14,14:44,132,188.3
123,0.15,15:04,132,188.3
124,0.15,14:16,132,188.3
125,0.15,13:16,131,188.3
126,0.15,12:25,131,188.3
127,0.15,12:53,131,188.3
128,0.15,13:01,130,188.3
129,0.15,12:25,130,188.3
130,0.15,12:46,130,189.0
131,0.16,13:01,130,189.0
132,0.16,13:49,128,189.6
133,0.16,13:49,129,189.6
134,0.16,14:34,128,189.6
135,0.16,15:46,127,189.0
136,0.16,15:46,128,189.0
137,0.16,14:54,128,189.0
138,0.16,14:25,127,189.0
139,0.17,13:49,127,189.0
140,0.17,13:58,127,189.0
141,0.17,13:24,128,189.0
142,0.17,13:24,128,189.6
143,0.17,13:32,128,189.6
144,0.17,13:01,129,189.6
145,0.17,12:04,129,190.3
146,0.17,12:11,129,190.3
147,0.18,12:32,130,190.3
148,0.18,12:18,131,190.3
149,0.18,13:01,132,190.3
150,0.18,13:16,132,190.9
151,0.18,13:32,132,190.9
152,0.18,13:08,133,190.9
153,0.18,13:24,133,190.9
154,0.18,13:08,134,191.6
155,0.19,13:41,133,191.6
156,0.19,14:07,133,191.6
157,0.19,14:07,133,191.6
158,0.19,14:16,133,191.6
159,0.19,13:58,133,191.6
160,0.19,13:49,134,191.6
161,0.19,14:25,134,191.6
162,0.19,14:16,134,192.3
163,0.19,14:16,134,192.3
164,0.2,14:34,135,192.3
165,0.2,13:58,136,192.3
166,0.2,13:01,136,192.9
167,0.2,13:08,135,192.9
168,0.2,13:08,136,192.9
169,0.2,13:32,136,192.9
170,0.2,13:49,136,192.9
171,0.2,13:24,135,192.9
172,0.21,13:24,134,192.9
173,0.21,13:01,134,192.9
174,0.21,12:46,133,193.6
175,0.21,12:32,133,193.6
176,0.21,12:46,133,193.6
177,0.21,13:24,133,194.2
178,0.21,15:04,133,194.2
179,0.21,16:33,134,194.2
180,0.21,18:22,133,194.2
181,0.22,18:07,134,194.2
182,0.22,17:25,134,194.2
183,0.22,15:24,134,194.2
184,0.22,14:07,134,194.2
185,0.22,12:46,135,194.2
186,0.22,12:46,135,194.9
187,0.22,12:32,134,194.9
188,0.23,11:58,134,194.9
189,0.23,12:18,133,194.9
190,0.23,12:32,133,194.9
191,0.23,13:24,134,195.5
192,0.23,13:49,134,195.5
193,0.23,15:04,133,195.5
194,0.23,14:44,133,195.5
195,0.23,14:54,133,195.5
196,0.23,14:25,132,195.5
197,0.24,13:24,132,195.5
198,0.24,12:32,133,195.5
199,0.24,13:01,133,195.5
200,0.24,13:16,133,196.2
201,0.24,13:41,133,196.2
202,0.24,14:25,133,196.2
203,0.24,14:44,134,196.2
204,0.24,13:49,134,196.2
205,0.25,13:32,134,196.2
206,0.25,13:01,134,196.9
207,0.25,13:08,134,196.9
208,0.25,14:07,134,196.9
209,0.25,13:49,133,196.9
210,0.25,13:58,133,196.9
211,0.25,13:08,132,196.9
212,0.25,13:01,132,197.5
213,0.26,12:11,133,197.5
214,0.26,12:11,133,197.5
215,0.26,12:04,134,197.5
216,0.26,12:04,134,198.2
217,0.26,11:16,134,198.2
218,0.26,11:21,134,198.2
219,0.26,11:05,134,198.2
220,0.27,11:16,134,198.2
221,0.27,11:52,134,197.5
222,0.27,12:04,134,197.5
223,0.27,12:04,134,197.5
224,0.27,12:04,133,197.5
225,0.27,11:16,133,197.5
226,0.27,11:27,133,197.5
227,0.28,12:32,133,196.9
228,0.28,13:01,133,196.9
229,0.28,14:25,133,196.9
230,0.28,15:35,133,196.9
231,0.28,15:46,134,196.9
232,0.28,15:04,135,196.9
233,0.28,14:25,135,196.9
234,0.28,13:08,135,196.9
235,0.29,12:25,134,196.9
236,0.29,11:21,134,196.2
237,0.29,10:59,134,196.2
238,0.29,10:48,134,196.2
239,0.29,10:54,134,195.5
240,0.29,11:21,135,195.5
241,0.29,12:18,135,195.5
242,0.3,12:53,135,195.5
243,0.3,13:41,136,195.5
244,0.3,13:58,136,195.5
245,0.3,14:07,136,195.5
246,0.3,13:41,134,195.5
247,0.3,13:32,134,195.5
248,0.3,13:16,134,195.5
249,0.3,13:16,134,195.5
250,0.31,13:16,134,195.5
251,0.31,13:01,134,194.9
252,0.31,12:25,133,194.9
253,0.31,12:46,133,194.9
254,0.31,13:24,133,195.5
255,0.31,13:16,132,195.5
256,0.31,14:44,131,195.5
257,0.31,16:58,131,195.5
258,0.31,17:25,131,195.5
259,0.32,16:45,131,194.9
260,0.32,15:35,131,194.9
261,0.32,13:49,130,194.9
262,0.32,12:04,130,194.9
263,0.32,10:43,131,194.2
264,0.32,10:33,130,194.2
265,0.32,10:18,130,194.9
266,0.33,10:05,130,194.2
267,0.33,9:56,131,194.2
268,0.33,10:38,132,194.2
269,0.33,10:54,132,194.2
270,0.33,11:27,132,194.2
271,0.33,11:58,133,194.2
272,0.33,12:25,133,194.2
273,0.34,11:52,133,194.2
274,0.34,11:39,133,194.2
275,0.34,12:11,133,194.2
276,0.34,11:52,132,194.2
277,0.34,12:11,132,193.6
278,0.34,12:18,130,193.6
279,0.34,11:58,130,193.6
280,0.35,12:04,130,193.6
281,0.35,12:53,129,193.6
282,0.35,12:46,129,193.6
283,0.35,13:32,129,193.6
284,0.35,13:32,129,192.9
285,0.35,12:53,129,192.9
286,0.35,12:32,130,192.9
287,0.35,12:32,130,192.9
288,0.36,12:04,130,192.9
289,0.36,12:11,130,192.9
290,0.36,12:11,130,192.9
291,0.36,11:58,130,192.3
292,0.36,11:45,130,192.9
293,0.36,11:33,131,192.3
294,0.37,11:16,131,192.3
295,0.37,11:16,131,192.3
296,0.37,11:33,129,191.6
297,0.37,11:58,130,191.6
298,0.37,12:04,130,191.6
299,0.37,13:08,130,191.6
300,0.37,14:07,130,191.6
301,0.37,14:25,131,191.6
302,0.37,14:54,131,191.6
303,0.38,15:57,131,191.6
304,0.38,15:14,131,191.6
305,0.38,14:07,132,192.3
306,0.38,12:32,132,192.3
307,0.38,12:11,133,192.3
308,0.38,11:45,132,192.3
309,0.38,11:27,132,192.3
310,0.39,11:33,134,192.3
311,0.39,11:39,134,192.3
312,0.39,11:10,133,192.3
313,0.39,10:54,132,192.3
314,0.39,10:33,132,192.3
315,0.39,10:23,133,192.3
316,0.39,11:10,133,192.3
317,0.4,12:04,134,192.3
318,0.4,12:53,134,192.3
319,0.4,13:49,133,192.3
320,0.4,15:35,134,191.6
321,0.4,16:09,135,191.6
322,0.4,15:24,135,190.9
323,0.4,14:34,135,190.9
324,0.4,14:44,135,190.9
325,0.4,13:41,135,190.9
326,0.41,13:08,133,190.3
327,0.41,12:53,133,190.3
328,0.41,13:08,134,189.6
329,0.41,13:16,133,189.6
330,0.41,13:08,135,189.6
331,0.41,12:53,134,189.6
332,0.41,13:01,134,190.3
333,0.42,13:24,134,190.3
334,0.42,13:24,134,189.6
335,0.42,13:24,134,189.6
336,0.42,13:01,133,189.6
337,0.42,12:46,132,189.6
338,0.42,11:58,132,189.6
339,0.42,11:39,131,189.6
340,0.42,11:21,130,189.6
341,0.43,11:45,128,189.6
342,0.43,11:52,125,189.6
343,0.43,12:04,124,189.0
344,0.43,12:04,125,189.0
345,0.43,12:04,125,189.6
346,0.43,11:45,125,189.6
347,0.43,11:52,125,189.6
348,0.44,12:04,125,189.6
349,0.44,11:52,125,189.0
350,0.44,12:11,126,189.0
351,0.44,11:45,127,189.0
352,0.44,11:45,127,189.0
353,0.44,11:45,127,189.0
354,0.44,11:58,127,189.0
355,0.45,12:11,127,188.3
356,0.45,13:16,127,188.3
357,0.45,13:58,127,188.3
358,0.45,14:16,127,188.3
359,0.45,14:07,127,188.3
360,0.45,13:32,127,188.3
361,0.45,13:08,128,188.3
362,0.45,11:33,127,187.7
363,0.46,10:38,127,187.7
364,0.46,10:48,127,187.7
365,0.46,11:05,126,187.0
366,0.46,10:59,127,187.0
367,0.46,12:04,127,187.0
368,0.46,12:25,129,186.4
369,0.46,11:58,129,186.4
370,0.47,11:45,130,186.4
371,0.47,12:32,131,186.4
372,0.47,12:18,131,186.4
373,0.47,12:18,132,185.7
374,0.47,11:21,132,185.0
375,0.47,11:05,133,184.4
376,0.48,10:05,132,184.4
377,0.48,9:47,131,184.4
378,0.48,10:09,131,184.4
379,0.48,11:27,131,184.4
380,0.48,11:52,131,185.0
381,0.48,12:32,131,185.0
382,0.48,13:41,130,185.0
383,0.48,13:58,131,185.0
384,0.49,13:08,132,185.0
385,0.49,13:01,132,185.0
386,0.49,13:01,132,185.0
387,0.49,12:18,132,185.0
388,0.49,11:33,132,185.0
389,0.49,11:58,132,184.4
390,0.49,12:04,132,184.4
391,0.5,12:39,131,184.4
392,0.5,12:25,130,184.4
393,0.5,12:46,130,184.4
394,0.5,12:04,130,184.4
395,0.5,12:11,130,184.4
396,0.5,11:52,129,183.7
397,0.5,13:32,129,183.7
398,0.5,14:34,128,183.1
399,0.5,15:46,129,183.1
400,0.51,15:46,129,183.1
401,0.51,16:21,130,183.1
402,0.51,13:16,130,183.1
403,0.51,12:04,130,183.1
404,0.51,11:39,130,183.1
405,0.51,10:59,131,183.1
406,0.51,10:59,131,183.1
407,0.52,11:58,132,182.4
408,0.52,11:45,132,182.4
409,0.52,11:52,132,182.4
410,0.52,12:39,132,183.1
411,0.52,12:04,132,183.1
412,0.52,11:45,132,183.1
413,0.52,11:27,132,183.1
414,0.53,11:10,132,182.4
415,0.53,10:59,132,182.4
416,0.53,10:43,132,182.4
417,0.53,10:38,132,181.8
418,0.53,11:27,132,182.4
419,0.53,11:33,132,182.4
420,0.54,11:27,132,182.4
421,0.54,11:16,132,182.4
422,0.54,10:38,131,181.8
423,0.54,9:34,133,181.1
424,0.54,8:52,133,181.1
425,0.54,8:42,134,180.4
426,0.55,8:29,134,180.4
427,0.55,8:42,135,180.4
428,0.55,9:07,134,180.4
429,0.55,9:47,136,181.1
430,0.55,10:09,136,181.1
431,0.55,11:10,136,180.4
432,0.56,11:21,136,180.4
433,0.56,11:58,137,180.4
434,0.56,11:21,137,180.4
435,0.56,10:59,137,179.8
436,0.56,10:33,137,179.8
437,0.56,10:14,137,179.8
438,0.57,9:56,136,179.8
439,0.57,10:18,136,179.1
440,0.57,9:43,134,179.1
441,0.57,10:14,133,179.1
442,0.57,10:28,134,178.5
443,0.57,11:21,133,178.5
444,0.57,12:04,133,177.8
445,0.58,13:08,134,177.8
446,0.58,12:11,135,177.8
447,0.58,12:25,135,177.8
448,0.58,11:58,135,177.8
449,0.58,11:45,136,177.8
450,0.58,11:27,137,177.8
451,0.58,11:58,136,177.2
452,0.59,12:18,136,177.2
453,0.59,12:18,137,177.2
454,0.59,12:32,136,176.5
455,0.59,12:04,136,176.5
456,0.59,11:27,138,176.5
457,0.59,11:21,137,176.5
458,0.59,11:05,137,176.5
459,0.6,10:38,138,176.5
460,0.6,11:39,138,176.5
461,0.6,12:25,137,176.5
462,0.6,12:46,137,175.9
463,0.6,13:32,137,175.9
464,0.6,14:44,137,175.9
465,0.6,15:14,136,175.9
466,0.6,15:46,136,175.2
467,0.6,14:54,136,175.2
468,0.61,14:34,136,175.2
469,0.61,14:07,136,175.2
470,0.61,13:49,135,174.5
471,0.61,14:07,136,174.5
472,0.61,15:57,135,173.9
473,0.61,15:46,135,173.9
474,0.61,15:46,133,173.2
475,0.61,15:35,133,173.2
476,0.61,14:16,133,173.2
477,0.62,13:16,134,173.2
478,0.62,14:25,133,173.2
479,0.62,14:25,134,173.2
480,0.62,14:16,133,173.2
481,0.62,14:54,132,173.2
482,0.62,14:07,131,173.2
483,0.62,12:39,132,172.6
484,0.62,12:11,133,172.6
485,0.63,12:04,133,172.6
486,0.63,11:58,134,172.6
487,0.63,11:52,135,172.6
488,0.63,12:11,135,172.6
489,0.63,12:25,135,172.6
490,0.63,11:52,135,171.9
491,0.63,11:27,134,171.9
492,0.64,11:45,134,171.9
493,0.64,11:27,134,171.9
494,0.64,11:21,135,171.3
495,0.64,11:39,135,171.3
496,0.64,11:21,135,171.3
497,0.64,11:33,135,171.3
498,0.65,10:09,135,171.3
499,0.65,9:56,134,170.6
500,0.65,10:00,135,170.6
501,0.65,10:43,135,170.6
502,0.65,10:43,134,170.6
503,0.65,13:08,134,170.6
504,0.65,13:58,135,169.9
505,0.65,14:16,135,169.9
506,0.66,13:32,135,169.9
507,0.66,13:41,135,169.9
508,0.66,13:08,136,169.9
509,0.66,12:53,136,169.9
510,0.66,12:32,136,169.9
511,0.66,12:46,136,169.3
512,0.66,13:01,136,169.3
513,0.66,13:01,137,169.3
514,0.67,12:53,136,169.3
515,0.67,13:24,136,169.3
516,0.67,13:24,137,169.3
517,0.67,12:32,137,168.6
518,0.67,11:58,137,168.6
519,0.67,12:18,138,168.6
520,0.67,11:58,138,168.6
521,0.68,11:52,139,168.6
522,0.68,11:45,139,168.6
523,0.68,11:58,139,168.0
524,0.68,11:39,138,168.0
525,0.68,11:45,139,167.3
526,0.68,11:27,139,167.3
527,0.68,11:52,139,167.3
528,0.69,12:18,139,167.3
529,0.69,12:46,139,167.3
530,0.69,12:53,139,167.3
531,0.69,13:32,139,167.3
532,0.69,13:32,139,167.3
533,0.69,13:01,139,167.3
534,0.69,12:32,139,167.3
535,0.69,12:18,139,167.3
536,0.7,12:11,138,166.7
537,0.7,12:04,138,166.7
538,0.7,12:04,138,166.7
539,0.7,11:45,137,166.0
540,0.7,11:27,137,166.0
541,0.7,11:16,137,166.0
542,0.7,11:27,136,166.0
543,0.71,11:52,136,166.0
544,0.71,11:58,136,166.0
545,0.71,12:25,136,165.4
546,0.71,12:32,136,165.4
547,0.71,13:08,137,165.4
548,0.71,12:53,136,165.4
549,0.71,13:01,136,164.7
550,0.72,13:01,137,164.7
551,0.72,12:32,137,164.7
552,0.72,11:39,138,164.7
553,0.72,11:16,137,164.0
554,0.72,11:39,136,164.0
555,0.72,12:11,136,164.0
556,0.72,12:32,136,164.0
557,0.72,12:53,137,164.0
558,0.73,12:46,137,164.0
559,0.73,12:18,136,164.0
560,0.73,11:27,136,163.4
561,0.73,11:33,136,163.4
562,0.73,11:58,136,163.4
563,0.73,12:32,136,163.4
564,0.73,13:01,136,163.4
565,0.74,13:58,135,163.4
566,0.74,14:16,135,162.7
567,0.74,13:49,135,162.7
568,0.74,13:41,136,162.7
569,0.74,13:08,135,162.7
570,0.74,12:25,135,162.1
571,0.74,12:39,135,162.1
572,0.74,12:46,134,162.7
573,0.75,13:01,134,162.1
574,0.75,13:16,134,162.1
575,0.75,13:41,134,161.4
576,0.75,13:49,134,161.4
577,0.75,13:08,133,160.8
578,0.75,13:08,133,160.8
579,0.75,13:32,134,160.8
580,0.75,14:16,135,160.8
581,0.75,14:44,135,160.8
582,0.76,16:09,135,161.4
583,0.76,15:35,136,161.4
584,0.76,16:21,136,162.1
585,0.76,15:04,137,162.1
586,0.76,14:25,138,162.7
587,0.76,13:32,138,162.7
588,0.76,14:25,138,162.7
589,0.76,13:08,137,162.7
590,0.77,13:08,138,162.7
591,0.77,12:04,138,162.7
592,0.77,12:18,138,162.7
593,0.77,11:39,139,162.7
594,0.77,11:33,139,162.7
595,0.77,11:33,139,162.7
596,0.77,12:25,140,162.7
597,0.78,12:25,140,162.7
598,0.78,12:18,140,162.7
599,0.78,12:11,140,162.7
600,0.78,12:39,140,162.7
601,0.78,12:46,140,162.7
602,0.78,12:32,140,162.7
603,0.78,13:49,141,162.7
604,0.78,15:04,141,162.7
605,0.79,14:16,142,162.7
606,0.79,14:44,143,162.7
607,0.79,14:16,143,162.7
608,0.79,13:32,143,162.7
609,0.79,12:46,143,162.7
610,0.79,13:16,143,162.7
611,0.79,12:04,143,163.4
612,0.79,11:45,143,163.4
613,0.8,11:16,143,163.4
614,0.8,11:05,142,163.4
615,0.8,10:38,143,163.4
616,0.8,11:10,143,163.4
617,0.8,12:32,143,163.4
618,0.8,12:32,143,163.4
619,0.8,13:24,143,163.4
620,0.81,13:49,143,163.4
621,0.81,13:08,144,163.4
622,0.81,12:25,143,163.4
623,0.81,12:32,143,163.4
624,0.81,12:04,143,163.4
625,0.81,12:11,143,163.4
626,0.81,11:27,143,164.0
627,0.82,11:05,143,164.0
628,0.82,10:54,145,164.0
629,0.82,10:54,145,164.0
630,0.82,11:39,144,164.0
631,0.82,12:53,145,164.0
632,0.82,13:32,145,164.0
633,0.82,15:04,144,164.0
634,0.82,15:14,144,164.0
635,0.83,13:41,145,164.7
636,0.83,13:32,144,164.7
637,0.83,13:16,145,164.7
638,0.83,13:01,145,164.7
639,0.83,13:16,145,165.4
640,0.83,14:07,145,165.4
641,0.83,14:16,144,165.4
642,0.83,14:07,144,165.4
643,0.84,13:41,144,165.4
644,0.84,13:49,145,165.4
645,0.84,13:41,144,165.4
646,0.84,14:16,144,165.4
647,0.84,14:16,144,165.4
648,0.84,14:07,144,165.4
649,0.84,14:07,144,165.4
650,0.84,13:32,144,165.4
651,0.85,12:39,144,165.4
652,0.85,12:25,144,166.0
653,0.85,12:18,144,166.0
654,0.85,11:52,145,166.0
655,0.85,11:58,144,166.0
656,0.85,12:04,144,166.0
657,0.85,12:18,144,166.0
658,0.86,11:39,145,166.7
659,0.86,11:52,144,166.7
660,0.86,11:58,145,166.7
661,0.86,12:18,145,166.7
662,0.86,12:18,144,166.7
663,0.86,12:39,144,166.7
664,0.86,12:25,145,166.7
665,0.86,12:32,145,166.7
666,0.87,12:11,145,166.7
667,0.87,12:18,144,166.7
668,0.87,12:39,144,166.7
669,0.87,12:46,144,166.7
670,0.87,12:18,143,166.7
671,0.87,12:04,142,166.7
672,0.87,11:52,142,166.7
673,0.88,11:27,142,166.7
674,0.88,11:10,143,166.7
675,0.88,11:33,142,166.7
676,0.88,11:45,142,166.7
677,0.88,11:52,142,166.7
678,0.88,12:25,142,166.7
679,0.88,12:39,142,167.3
680,0.89,12:18,142,167.3
681,0.89,12:18,141,167.3
682,0.89,12:04,141,166.7
683,0.89,11:45,141,166.7
684,0.89,12:04,141,166.7
685,0.89,12:46,141,166.7
686,0.89,13:16,141,166.7
687,0.89,13:24,141,166.7
688,0.9,13:01,141,166.0
689,0.9,12:04,142,166.0
690,0.9,11:16,141,166.0
691,0.9,11:05,142,165.4
692,0.9,11:05,142,164.7
693,0.9,11:27,141,164.7
694,0.9,11:10,141,164.0
695,0.91,11:10,140,163.4
696,0.91,11:10,140,162.7
697,0.91,11:39,139,162.7
698,0.91,12:11,138,162.1
699,0.91,13:08,138,161.4
700,0.91,13:24,137,160.8
701,0.91,13:16,138,160.1
702,0.92,13:01,138,159.4
703,0.92,12:04,139,159.4
704,0.92,12:11,139,158.8
705,0.92,12:04,140,158.1
706,0.92,11:45,139,157.5
707,0.92,11:33,139,157.5
708,0.92,11:45,139,156.8
709,0.93,11:45,138,156.8
710,0.93,11:45,139,156.2
711,0.93,12:04,139,155.5
712,0.93,12:11,140,154.9
713,0.93,12:25,140,154.9
714,0.93,11:58,140,154.2
715,0.93,11:39,140,153.5
716,0.94,11:21,140,153.5
717,0.94,11:16,140,152.9
718,0.94,10:59,140,152.2
719,0.94,10:59,139,152.2
720,0.94,10:38,139,151.6
721,0.94,10:23,139,151.6
722,0.94,10:00,139,150.9
723,0.95,9:51,138,150.3
724,0.95,9:38,138,150.3
725,0.95,10:09,138,149.6
726,0.95,10:23,138,149.0
727,0.95,10:59,139,149.0
728,0.95,11:16,138,148.3
729,0.96,11:58,139,148.3
730,0.96,11:39,139,147.6
731,0.96,11:21,140,147.0
732,0.96,10:14,140,146.3
733,0.96,10:09,140,145.7
734,0.96,9:56,140,145.7
735,0.97,9:43,141,145.0
736,0.97,10:09,140,144.4
737,0.97,10:14,141,143.7
738,0.97,10:23,141,143.7
739,0.97,10:28,141,143.7
740,0.97,11:10,141,143.0
741,0.97,10:48,141,143.0
742,0.98,12:11,141,143.0
743,0.98,12:53,141,143.7
744,0.98,13:16,140,143.7
745,0.98,13:32,140,143.7
746,0.98,13:49,139,144.4
747,0.98,12:53,139,144.4
748,0.98,12:46,138,144.4
749,0.98,12:18,138,145.0
750,0.99,12:11,137,145.0
751,0.99,12:32,137,145.0
752,0.99,12:46,138,145.0
753,0.99,11:58,138,145.7
754,0.99,12:25,139,145.7
755,0.99,12:25,139,146.3
756,0.99,12:11,140,146.3
757,1.0,12:04,140,147.0
758,1.0,12:25,140,147.0
759,1.0,12:39,140,147.0
760,1.0,12:53,141,147.6
761,1.0,13:32,141,147.6
762,1.0,14:25,142,148.3
763,1.0,15:35,141,148.3
764,1.0,15:04,142,148.3
765,1.0,14:44,142,149.0
766,1.01,14:07,143,149.0
767,1.01,13:24,142,149.0
768,1.01,12:25,143,149.6
769,1.01,11:58,143,149.6
770,1.01,11:58,143,150.3
771,1.01,12:18,144,150.9
772,1.01,12:18,144,150.9
773,1.02,13:01,144,150.9
774,1.02,13:16,144,150.9
775,1.02,12:32,144,151.6
776,1.02,12:04,143,151.6
777,1.02,12:11,144,152.2
778,1.02,11:16,143,152.2
779,1.02,11:16,144,152.2
780,1.03,11:27,143,152.2
781,1.03,11:33,144,152.2
782,1.03,11:39,144,152.2
783,1.03,12:25,144,152.2
784,1.03,12:46,145,152.2
785,1.03,13:24,145,152.2
786,1.03,12:46,145,152.2
787,1.03,12:46,145,152.2
788,1.04,12:04,145,151.6
789,1.04,10:38,145,151.6
790,1.04,10:05,145,150.9
791,1.04,9:22,146,150.9
792,1.04,8:56,146,150.3
793,1.05,9:00,146,150.3
794,1.05,9:14,146,150.3
795,1.05,9:14,146,150.3
796,1.05,9:51,146,150.3
797,1.05,10:18,145,150.3
798,1.05,11:33,145,149.6
799,1.05,12:46,145,149.6
800,1.06,13:49,145,149.0
801,1.06,15:04,145,149.0
802,1.06,15:35,145,149.0
803,1.06,13:41,145,149.0
804,1.06,13:32,145,148.3
805,1.06,13:01,145,148.3
806,1.06,12:46,145,148.3
807,1.06,12:25,144,148.3
808,1.07,11:39,142,148.3
809,1.07,11:27,141,148.3
810,1.07,11:21,140,148.3
811,1.07,11:27,138,147.6
812,1.07,11:39,139,147.6
813,1.07,12:46,139,147.6
814,1.07,12:53,139,147.6
815,1.08,13:08,135,147.0
816,1.08,13:08,134,146.3
817,1.08,13:01,134,146.3
818,1.08,13:08,132,145.7
819,1.08,13:58,129,145.0
820,1.08,14:16,128,145.0
821,1.08,14:54,128,144.4
822,1.08,15:14,128,144.4
823,1.08,14:07,128,143.7
824,1.09,12:46,128,143.7
825,1.09,12:04,129,143.0
826,1.09,11:39,132,143.0
827,1.09,11:16,134,142.4
828,1.09,11:45,136,142.4
829,1.09,11:52,137,142.4
830,1.09,11:52,139,142.4
831,1.1,11:39,140,141.7
832,1.1,12:04,140,141.7
833,1.1,12:18,140,141.7
834,1.1,12:25,141,141.7
835,1.1,12:39,141,141.7
836,1.1,12:53,141,141.1
837,1.1,12:53,141,140.4
838,1.11,12:11,141,140.4
839,1.11,12:46,141,139.8
840,1.11,13:08,140,139.1
841,1.11,12:18,140,138.5
842,1.11,12:04,140,137.8
843,1.11,12:32,139,137.1
844,1.11,11:58,138,137.1
845,1.12,11:39,138,136.5
846,1.12,12:11,138,137.1
847,1.12,12:18,139,137.1
848,1.12,12:04,137,137.1
849,1.12,11:52,137,137.1
850,1.12,11:45,135,137.1
851,1.12,11:33,134,136.5
852,1.12,11:33,135,135.8
853,1.13,12:04,134,135.8
854,1.13,13:16,134,135.8
855,1.13,13:58,134,135.8
856,1.13,14:25,134,135.2
857,1.13,13:58,135,135.2
858,1.13,13:32,136,134.5
859,1.13,13:01,135,134.5
860,1.13,13:01,135,133.9
861,1.14,12:39,135,133.9
862,1.14,12:18,135,133.9
863,1.14,12:11,135,133.2
864,1.14,12:11,134,133.2
865,1.14,11:52,133,132.5
866,1.14,12:11,132,132.5
867,1.14,12:32,131,132.5
868,1.15,12:25,130,132.5
869,1.15,12:32,130,132.5
870,1.15,12:46,130,132.5
871,1.15,13:16,130,131.9
872,1.15,15:35,130,131.9
915,1.15,1490:08,121,126.0
916,1.15,536:26,123,125.3
917,1.15,237:21,122,124.7
918,1.15,160:36,122,124.7
919,1.16,124:45,122,124.7
920,1.16,124:45,122,125.3
921,1.16,10:28,123,125.3
922,1.16,10:48,123,126.0
923,1.16,10:33,123,125.3
924,1.16,10:23,124,125.3
925,1.17,10:43,125,125.3
926,1.17,11:21,126,125.3
927,1.17,12:04,126,125.3
928,1.17,13:58,126,125.3
929,1.17,15:04,127,126.0
930,1.17,15:24,127,126.0
931,1.17,15:24,127,126.0
932,1.17,15:14,126,126.0
933,1.17,13:32,127,126.0
934,1.18,13:49,127,125.3
935,1.18,13:49,128,125.3
936,1.18,13:01,128,125.3
937,1.18,12:39,130,125.3
938,1.18,12:53,129,125.3
939,1.18,12:53,129,125.3
940,1.18,13:08,130,125.3
941,1.18,13:01,131,125.3
942,1.19,13:24,131,125.3
943,1.19,13:41,131,125.3
944,1.19,13:08,133,125.3
945,1.19,12:39,132,125.3
946,1.19,12:04,133,125.3
947,1.19,11:58,134,125.3
948,1.19,11:39,134,125.3
949,1.2,11:16,134,125.3
950,1.2,11:16,134,125.3
951,1.2,11:33,136,124.7
952,1.2,11:45,137,124.7
953,1.2,12:18,137,124.7
954,1.2,12:25,138,124.7
955,1.2,12:25,138,124.7
956,1.2,13:16,138,124.7
957,1.21,12:46,138,124.7
958,1.21,12:53,138,124.7
959,1.21,13:24,138,124.7
960,1.21,13:16,139,124.7
961,1.21,13:08,139,124.7
962,1.21,13:08,139,124.0
963,1.21,12:46,140,124.0
964,1.22,12:25,140,124.0
965,1.22,12:18,140,123.4
966,1.22,11:33,140,123.4
967,1.22,11:58,140,123.4
968,1.22,11:52,140,123.4
969,1.22,11:39,141,123.4
970,1.22,11:58,141,123.4
971,1.23,11:52,142,123.4
972,1.23,11:33,142,123.4
973,1.23,11:27,142,123.4
974,1.23,11:58,143,122.7
975,1.23,12:04,143,122.7
976,1.23,12:04,142,122.7
977,1.23,12:04,143,122.0
978,1.23,12:46,143,121.4
979,1.24,12:32,143,121.4
980,1.24,12:32,143,121.4
981,1.24,13:01,143,121.4
982,1.24,13:01,143,121.4
983,1.24,12:18,143,121.4
984,1.24,12:11,144,121.4
985,1.24,11:58,144,121.4
986,1.25,12:25,143,120.7
987,1.25,12:32,143,120.7
988,1.25,12:46,143,120.7
989,1.25,12:53,143,120.7
990,1.25,12:32,143,120.7
991,1.25,12:25,141,120.7
992,1.25,12:11,142,120.7
993,1.25,12:18,142,120.7
994,1.26,12:46,143,120.1
995,1.26,13:24,143,120.1
996,1.26,13:58,142,120.1
997,1.26,13:41,144,120.1
998,1.26,14:07,143,120.1
999,1.26,15:04,144,120.7
1000,1.26,14:07,144,120.7
1001,1.26,13:24,143,120.7
1002,1.27,13:32,143,120.7
1003,1.27,12:46,143,120.7
1004,1.27,11:52,143,120.1
1005,1.27,12:18,143,120.1
1006,1.27,12:18,142,119.4
1007,1.27,12:53,142,119.4
1008,1.27,12:46,142,119.4
1009,1.27,12:46,142,119.4
1010,1.28,12:39,141,119.4
1011,1.28,12:39,141,119.4
1012,1.28,12:25,142,119.4
1013,1.28,12:53,142,118.8
1014,1.28,12:46,141,118.8
1015,1.28,12:46,141,118.1
1016,1.28,12:39,142,118.1
1017,1.29,12:46,141,118.1
1018,1.29,12:18,141,117.5
1019,1.29,12:25,141,117.5
1020,1.29,12:18,141,118.1
1021,1.29,12:11,142,118.1
1022,1.29,12:04,141,118.1
1023,1.29,12:25,141,118.1
1024,1.29,12:11,141,118.1
1025,1.3,13:01,140,118.1
1026,1.3,13:49,140,118.8
1027,1.3,14:07,140,118.8
1028,1.3,15:04,140,118.8
1029,1.3,14:44,141,119.4
1030,1.3,14:25,141,119.4
1031,1.3,14:07,141,120.1
1032,1.3,14:07,141,120.7
1033,1.31,12:25,141,121.4
1034,1.31,12:32,141,122.0
1035,1.31,12:32,140,122.0
1036,1.31,12:04,141,122.7
1037,1.31,11:58,141,122.0
1038,1.31,12:32,141,122.0
1039,1.31,12:39,141,122.0
1040,1.32,12:32,141,122.0
1041,1.32,12:46,142,122.0
1042,1.32,12:53,142,122.7
1043,1.32,13:32,143,122.7
1044,1.32,13:49,142,122.7
1045,1.32,13:49,142,123.4
1046,1.32,13:08,142,123.4
1047,1.32,12:46,141,124.0
1048,1.33,12:39,141,124.0
1049,1.33,12:46,141,124.7
1050,1.33,12:32,141,124.7
1051,1.33,13:16,141,125.3
1052,1.33,13:32,142,125.3
1053,1.33,13:49,142,126.0
1054,1.33,13:24,142,126.0
1055,1.33,13:24,143,126.6
1056,1.34,13:24,143,126.6
1057,1.34,13:32,143,126.6
1058,1.34,13:16,143,126.6
1059,1.34,13:41,143,126.6
1060,1.34,13:16,143,127.3
1061,1.34,13:08,143,127.3
1062,1.34,13:01,143,127.3
1063,1.34,13:01,143,127.3
1064,1.35,13:08,143,127.3
1065,1.35,13:16,144,127.3
1066,1.35,13:32,144,127.3
1067,1.35,12:25,144,128.0
1068,1.35,11:58,143,128.0
1069,1.35,11:45,144,128.0
1070,1.35,12:18,144,128.6
1071,1.35,12:46,144,128.6
1072,1.36,13:41,144,128.6
1073,1.36,14:16,144,128.6
1074,1.36,14:16,144,128.6
1075,1.36,13:58,145,129.3
1076,1.36,13:32,145,129.3
1077,1.36,13:24,145,129.3
1078,1.36,13:01,145,129.9
1079,1.36,13:08,145,129.9
1080,1.37,12:53,145,129.9
1081,1.37,13:08,144,129.9
1082,1.37,13:41,144,129.9
1083,1.37,13:41,143,129.9
1084,1.37,13:16,143,129.9
1085,1.37,13:41,143,130.6
1086,1.37,13:58,142,130.6
1087,1.37,14:07,142,130.6
1088,1.38,13:58,142,130.6
1089,1.38,14:34,142,130.6
1090,1.38,14:25,141,130.6
1091,1.38,13:24,141,130.6
1092,1.38,13:01,141,130.6
1093,1.38,12:46,140,130.6
1094,1.38,12:46,139,130.6
1095,1.38,12:32,139,130.6
1096,1.39,12:32,139,130.6
1097,1.39,13:01,139,130.6
1098,1.39,14:34,139,129.9
1099,1.39,14:34,139,129.9
1100,1.39,15:14,139,129.9
1101,1.39,14:54,140,129.9
1102,1.39,14:16,140,129.9
1103,1.39,13:24,139,130.6
1104,1.39,13:16,139,130.6
1105,1.4,13:16,139,130.6
1106,1.4,13:16,139,131.2
1107,1.4,13:24,139,131.2
1108,1.4,13:08,138,130.6
1109,1.4,13:01,137,131.2
1110,1.4,13:32,137,131.2
1111,1.4,14:07,137,131.2
1112,1.4,14:25,137,131.2
1113,1.41,15:04,137,131.2
1114,1.41,14:54,136,131.2
1115,1.41,13:49,136,131.2
1116,1.41,13:16,136,131.9
1117,1.41,12:32,135,131.9
1118,1.41,12:53,135,131.9
1119,1.41,12:18,136,131.2
1120,1.42,11:58,137,131.2
1121,1.42,12:18,137,131.2
1122,1.42,12:39,137,131.2
1123,1.42,11:27,137,131.9
1124,1.42,11:10,138,131.9
1125,1.42,10:54,137,131.9
1126,1.42,10:43,138,131.9
1127,1.43,10:09,138,131.9
1128,1.43,10:18,139,131.9
1129,1.43,10:33,140,131.9
1130,1.43,11:10,140,131.9
1131,1.43,11:05,142,131.9
1132,1.43,11:21,143,131.2
1133,1.43,11:16,143,131.2
1134,1.44,11:45,143,131.2
1135,1.44,11:27,145,130.6
1136,1.44,11:27,145,131.2
1137,1.44,11:16,145,131.2
1138,1.44,11:05,146,131.2
1139,1.44,10:48,147,130.6
1140,1.45,10:23,148,130.6
1141,1.45,10:09,149,130.6
1142,1.45,9:51,149,130.6
1143,1.45,9:38,149,130.6
1144,1.45,9:14,150,129.9
1145,1.45,8:56,151,130.6
1146,1.46,8:56,151,129.9
1147,1.46,9:07,153,129.9
1148,1.46,9:14,153,129.9
1149,1.46,9:38,155,129.9
1150,1.46,10:14,155,129.3
1151,1.46,10:05,155,129.3
1152,1.47,10:18,157,129.3
1153,1.47,9:56,158,129.3
1154,1.47,9:43,158,129.3
1155,1.47,9:18,159,129.3
1156,1.47,9:03,159,128.6
1157,1.48,8:49,160,128.6
1158,1.48,9:03,160,128.0
1159,1.48,9:00,159,128.0
1160,1.48,9:11,159,128.0
1161,1.48,9:11,160,127.3
1162,1.48,9:07,160,127.3
1163,1.49,8:42,160,127.3
1164,1.49,8:35,160,127.3
1165,1.49,8:35,161,126.6
1166,1.49,8:35,160,126.6
1167,1.49,8:39,160,126.6
1168,1.5,8:52,162,126.6
1169,1.5,8:56,162,126.6
1170,1.5,9:07,162,126.0
1171,1.5,9:14,162,126.0
1172,1.5,9:14,162,125.3
1173,1.51,9:38,161,125.3
1174,1.51,9:38,161,125.3
1175,1.51,9:43,162,125.3
1176,1.51,10:14,161,126.0
1177,1.51,11:16,161,126.0
1178,1.51,12:18,160,126.0
1179,1.51,13:58,159,126.0
1180,1.51,15:57,159,126.0
1181,1.51,19:09,159,126.0
1182,1.51,20:19,158,125.3
1183,1.52,21:17,158,125.3
1184,1.52,22:43,158,124.7
1185,1.52,19:43,157,124.7
1186,1.52,15:46,156,124.7
1187,1.52,13:58,155,124.0
1188,1.52,13:32,155,124.0
1189,1.52,13:24,155,124.0
1190,1.52,13:58,153,124.0
1191,1.52,16:21,152,123.4
1192,1.53,18:53,152,123.4
1193,1.53,20:37,151,123.4
1194,1.53,20:37,150,123.4
1195,1.53,22:43,149,123.4
1196,1.53,21:17,149,123.4
1197,1.53,19:09,147,123.4
1198,1.53,16:58,147,123.4
1199,1.53,15:46,147,123.4
1200,1.53,15:14,146,123.4
1201,1.53,16:09,145,123.4
1202,1.53,18:22,144,123.4
1203,1.54,19:43,144,123.4
1204,1.54,21:17,143,122.7
1205,1.54,21:17,142,122.7
1206,1.54,20:37,141,122.7
1207,1.54,19:43,140,122.7
1208,1.54,18:37,139,122.7
1209,1.54,18:22,138,122.7
1210,1.54,18:07,137,122.7
1211,1.54,17:25,137,122.7
1212,1.54,16:21,136,122.7
1213,1.54,17:25,135,122.7
1214,1.55,17:25,134,122.7
1215,1.55,18:22,134,122.7
1216,1.55,18:53,133,122.7
1217,1.55,19:26,131,122.7
1218,1.55,18:37,131,122.7
1219,1.55,18:37,128,122.7
1220,1.55,17:38,128,122.7
1221,1.55,16:58,126,122.7
1222,1.55,17:38,126,122.7
1223,1.55,17:52,126,122.7
1224,1.55,17:11,127,123.4
1225,1.56,17:25,127,124.0
1226,1.56,18:22,127,124.0
1227,1.56,18:07,127,124.7
1228,1.56,17:38,126,124.7
1229,1.56,17:38,123,124.7
1230,1.56,16:45,123,124.7
1231,1.56,16:33,123,124.7
1232,1.56,16:21,121,124.7
1233,1.56,16:21,121,124.7
1234,1.56,16:09,121,124.7
1235,1.57,16:33,121,125.3
1236,1.57,15:46,120,125.3
1237,1.57,15:24,119,126.0
1238,1.57,15:35,118,126.0
1239,1.57,16:21,118,126.0
1240,1.57,16:45,117,126.0
1241,1.57,17:52,118,126.0
1242,1.57,18:53,118,126.0
1243,1.57,19:43,117,126.0
1244,1.57,20:19,116,126.0
1245,1.57,21:17,118,126.0
1246,1.58,22:21,116,126.0
1247,1.58,19:43,116,126.6
1248,1.58,19:26,116,126.6
1249,1.58,19:43,117,126.6
1250,1.58,18:07,117,126.6
1251,1.58,14:54,119,126.6
1252,1.58,14:34,120,126.6
1253,1.58,11:58,122,126.0
1254,1.59,9:51,125,126.0
1255,1.59,8:16,126,126.6
1256,1.59,7:39,127,126.6
1257,1.59,6:56,129,126.6
1258,1.6,6:56,129,126.6
1259,1.6,7:01,130,126.6
1260,1.6,7:32,131,127.3
1261,1.6,7:56,132,127.3
1262,1.6,8:13,134,127.3
1263,1.61,8:19,135,127.3
1264,1.61,8:29,136,128.0
1265,1.61,8:07,137,128.0
1266,1.61,7:56,138,128.0
1267,1.62,7:39,140,128.0
1268,1.62,7:32,142,128.0
1269,1.62,7:32,143,128.0
1270,1.62,7:50,145,128.0
1271,1.62,8:07,147,128.6
1272,1.62,8:32,148,128.6
1273,1.63,8:56,149,128.6
1274,1.63,9:00,150,128.6
1275,1.63,9:00,150,129.3
1276,1.63,8:52,151,129.3
1277,1.63,8:52,153,128.6
1278,1.64,8:56,154,128.6
1279,1.64,8:56,154,128.6
1280,1.64,9:07,155,128.6
1281,1.64,9:26,155,128.6
1282,1.64,9:34,155,129.3
1283,1.64,9:56,156,129.9
1284,1.65,10:18,156,130.6
1285,1.65,10:43,156,130.6
1286,1.65,10:43,156,130.6
1287,1.65,10:38,155,130.6
1288,1.65,10:05,155,129.9
1289,1.65,10:05,156,129.9
1290,1.66,9:34,155,129.9
1291,1.66,9:43,155,129.9
1292,1.66,10:00,155,130.6
1293,1.66,9:56,154,130.6
1294,1.66,9:47,155,131.2
1295,1.66,9:56,156,131.2
1296,1.67,9:26,156,131.2
1297,1.67,9:18,156,130.6
1298,1.67,9:26,157,131.2
1299,1.67,9:30,156,131.2
1300,1.67,9:07,157,131.2
1301,1.68,9:18,158,131.9
1302,1.68,9:22,158,131.9
1303,1.68,9:22,158,131.9
1304,1.68,9:38,158,131.9
1305,1.68,9:56,158,131.9
1306,1.68,10:05,159,132.5
1307,1.69,9:56,159,132.5
1308,1.69,9:43,160,132.5
1309,1.69,9:14,160,132.5
1310,1.69,9:11,159,132.5
1311,1.69,8:49,159,131.9
1312,1.69,8:45,160,132.5
1313,1.7,9:03,160,132.5
1314,1.7,9:00,161,132.5
1315,1.7,9:11,161,132.5
1316,1.7,9:18,162,131.9
1317,1.7,9:22,160,131.9
1318,1.71,9:00,160,131.9
1319,1.71,9:03,161,131.9
1320,1.71,8:45,163,131.9
1321,1.71,8:52,162,131.9
1322,1.71,8:49,162,131.2
1323,1.71,9:14,163,131.2
1324,1.72,9:22,163,131.2
1325,1.72,9:43,163,130.6
1326,1.72,10:00,163,130.6
1327,1.72,10:18,164,130.6
1328,1.72,9:51,163,129.9
1329,1.72,9:56,164,129.9
1330,1.73,10:28,163,129.9
1331,1.73,10:23,163,129.9
1332,1.73,10:48,163,129.9
1333,1.73,11:52,162,129.9
1334,1.73,12:32,163,130.6
1335,1.73,12:53,162,130.6
1336,1.73,14:25,162,131.2
1337,1.73,15:46,162,131.2
1338,1.74,16:45,162,131.2
1339,1.74,17:38,162,131.2
1340,1.74,17:52,162,130.6
1341,1.74,16:21,161,130.6
1342,1.74,14:54,161,129.9
1343,1.74,14:25,160,129.3
1344,1.74,14:25,160,129.3
1345,1.74,13:58,158,129.3
1346,1.74,14:44,158,129.3
1347,1.75,15:14,157,129.3
1348,1.75,16:58,156,128.6
1349,1.75,17:11,155,128.6
1350,1.75,18:53,154,128.0
1351,1.75,19:09,152,128.0
1352,1.75,20:37,151,128.0
1353,1.75,18:37,150,128.0
1354,1.75,17:38,149,128.0
1355,1.75,16:21,149,128.0
1356,1.75,15:24,149,128.0
1357,1.75,14:34,148,128.0
1358,1.76,15:24,147,128.0
1359,1.76,16:33,147,128.0
1360,1.76,17:38,145,128.0
1361,1.76,18:22,145,128.0
1362,1.76,19:09,145,128.0
1363,1.76,18:07,144,128.0
1364,1.76,16:58,143,128.0
1365,1.76,16:45,142,127.3
1366,1.76,17:38,141,127.3
1367,1.76,18:07,142,127.3
1368,1.76,18:22,141,127.3
1369,1.77,20:01,141,126.6
1370,1.77,19:43,140,126.6
1371,1.77,18:07,138,127.3
1372,1.77,17:11,138,127.3
1373,1.77,16:45,135,127.3
1374,1.77,16:09,135,126.6
1375,1.77,16:09,135,126.6
1376,1.77,16:45,135,126.0
1377,1.77,17:11,135,126.0
1378,1.77,16:45,135,125.3
1379,1.78,16:33,135,125.3
1380,1.78,17:25,130,125.3
1381,1.78,17:38,130,125.3
1382,1.78,16:33,130,125.3
1383,1.78,16:09,129,125.3
1384,1.78,14:44,130,125.3
1385,1.78,13:24,130,125.3
1386,1.78,11:52,131,125.3
1387,1.79,11:05,131,125.3
1388,1.79,10:09,131,125.3
1389,1.79,9:34,131,125.3
1390,1.79,8:52,132,124.7
1391,1.79,8:35,131,124.7
1392,1.8,8:26,132,124.7
1393,1.8,8:26,134,124.0
1394,1.8,8:16,135,123.4
1395,1.8,8:16,137,123.4
1396,1.8,8:22,137,123.4
1397,1.81,8:35,138,123.4
1398,1.81,8:52,140,123.4
1399,1.81,9:18,141,123.4
1400,1.81,9:26,142,123.4
1401,1.81,9:43,144,124.0
1402,1.81,9:51,144,124.7
1403,1.82,9:34,145,124.7
1404,1.82,9:43,146,125.3
1405,1.82,9:56,146,126.0
1406,1.82,9:51,148,125.3
1407,1.82,10:05,148,125.3
1408,1.82,10:09,149,125.3
1409,1.83,9:38,150,125.3
1410,1.83,8:32,151,125.3
1411,1.83,8:07,152,126.0
1412,1.83,7:17,152,126.0
1413,1.84,7:14,153,126.6
1414,1.84,7:27,154,127.3
1415,1.84,8:19,155,127.3
1416,1.84,8:19,157,128.0
1417,1.84,8:52,158,128.0
1418,1.84,9:00,157,128.6
1419,1.85,8:56,158,128.6
1420,1.85,8:32,159,129.3
1421,1.85,8:49,160,129.3
1422,1.85,9:03,161,129.3
1423,1.85,8:49,160,129.3
1424,1.86,8:32,161,129.3
1425,1.86,8:35,162,129.3
1426,1.86,8:26,162,129.9
1427,1.86,8:04,161,129.9
1428,1.86,7:58,161,129.9
1429,1.87,8:07,163,129.9
1430,1.87,8:04,162,129.9
1431,1.87,8:16,163,129.9
1432,1.87,8:39,164,129.9
1433,1.87,9:18,164,129.9
1434,1.88,9:26,165,129.9
1435,1.88,9:34,164,129.9
1436,1.88,9:34,164,129.9
1437,1.88,9:18,164,130.6
1438,1.88,8:49,163,130.6
1439,1.89,8:49,163,131.2
1440,1.89,8:49,163,131.2
1441,1.89,8:45,164,131.2
1442,1.89,8:52,164,131.2
1443,1.89,9:00,165,131.2
1444,1.89,8:39,165,131.2
1445,1.9,8:26,165,131.2
1446,1.9,8:29,167,131.2
1447,1.9,8:32,166,131.9
1448,1.9,8:35,166,131.9
1449,1.9,8:52,166,131.9
1450,1.91,9:18,166,131.9
1451,1.91,9:26,166,131.9
1452,1.91,9:26,166,131.2
1453,1.91,9:38,165,131.9
1454,1.91,9:38,165,131.9
1455,1.91,9:38,165,131.2
1456,1.92,9:38,165,131.2
1457,1.92,9:22,165,131.2
1458,1.92,9:03,165,131.2
1459,1.92,9:22,165,131.2
1460,1.92,9:11,164,131.2
1461,1.93,9:11,164,131.2
1462,1.93,9:11,163,131.9
1463,1.93,9:18,163,131.9
1464,1.93,9:00,164,131.9
1465,1.93,9:00,164,131.9
1466,1.93,8:49,165,131.9
1467,1.94,9:00,165,131.9
1468,1.94,8:52,166,131.9
1469,1.94,9:03,166,132.5
1470,1.94,9:11,166,133.2
1471,1.94,9:07,166,133.2
1472,1.95,9:03,166,132.5
1473,1.95,8:49,166,132.5
1474,1.95,8:35,166,132.5
1475,1.95,8:42,167,132.5
1476,1.95,8:49,166,132.5
1477,1.95,9:07,167,132.5
1478,1.96,9:18,167,132.5
1479,1.96,9:43,167,132.5
1480,1.96,9:18,167,132.5
1481,1.96,9:11,168,132.5
1482,1.96,9:07,168,132.5
1483,1.97,9:11,168,132.5
1484,1.97,9:11,168,132.5
1485,1.97,9:22,168,131.9
1486,1.97,9:30,168,131.9
1487,1.97,9:30,168,131.9
1488,1.97,9:43,169,131.9
1489,1.98,9:30,170,131.9
1490,1.98,9:56,169,131.9
1491,1.98,10:09,168,131.9
1492,1.98,10:14,168,131.9
1493,1.98,10:23,168,131.9
1494,1.98,10:28,167,131.9
1495,1.99,10:14,168,131.9
1496,1.99,10:05,167,131.2
1497,1.99,10:14,167,131.2
1498,1.99,10:23,167,130.6
1499,1.99,10:59,166,130.6
1500,1.99,11:21,167,130.6
1501,1.99,11:39,167,130.6
1502,2.0,11:27,168,130.6
1503,2.0,10:54,168,130.6
1504,2.0,10:33,168,129.9
1505,2.0,10:00,167,129.9
1506,2.0,9:43,166,129.3
1507,2.01,9:26,165,129.3
1508,2.01,9:18,165,129.3
1509,2.01,9:03,165,128.6
1510,2.01,9:11,165,128.6
1511,2.01,8:52,165,128.6
1512,2.01,9:03,165,128.0
1513,2.02,9:07,165,128.0
1514,2.02,9:14,165,128.0
1515,2.02,9:26,166,128.0
1516,2.02,10:09,166,128.0
1517,2.02,10:28,166,127.3
1518,2.02,11:05,167,127.3
1519,2.03,11:05,166,126.6
1520,2.03,10:48,166,126.0
1521,2.03,10:23,166,126.0
1522,2.03,10:05,167,126.0
1523,2.03,10:14,166,126.0
1524,2.03,10:14,166,126.0
1525,2.04,10:18,166,126.0
1526,2.04,10:05,166,125.3
1527,2.04,9:47,166,125.3
1528,2.04,9:26,166,125.3
1529,2.04,9:34,166,125.3
1530,2.04,10:14,166,125.3
1531,2.04,11:33,166,125.3
1532,2.05,13:16,166,125.3
1533,2.05,14:34,165,125.3
1534,2.05,15:24,165,125.3
1535,2.05,15:24,165,125.3
1536,2.05,15:14,164,124.7
1537,2.05,14:54,164,124.7
1538,2.05,14:34,164,124.7
1539,2.05,15:14,163,124.0
1540,2.05,14:34,163,124.0
1541,2.06,15:35,163,124.0
1542,2.06,17:11,162,124.0
1543,2.06,18:37,161,124.0
1544,2.06,18:22,159,124.0
1545,2.06,21:17,155,124.0
1546,2.06,20:19,154,124.0
1547,2.06,19:09,153,124.0
1548,2.06,18:37,149,124.0
1549,2.06,18:53,150,124.0
1550,2.06,19:09,150,123.4
1551,2.06,20:01,150,123.4
1552,2.06,20:01,150,123.4
1553,2.07,19:09,150,123.4
1554,2.07,18:53,150,123.4
1555,2.07,17:38,150,124.0
1556,2.07,16:45,150,124.0
1557,2.07,15:46,150,124.7
1558,2.07,16:09,149,124.7
1559,2.07,16:09,149,125.3
1560,2.07,16:09,148,125.3
1561,2.07,15:57,148,125.3
1562,2.07,16:21,147,125.3
1563,2.08,17:25,147,125.3
1564,2.08,17:25,146,126.0
1565,2.08,18:37,146,126.0
1566,2.08,18:53,146,126.0
1567,2.08,20:01,145,126.0
1568,2.08,18:53,144,126.6
1569,2.08,18:37,144,126.6
1570,2.08,16:58,143,126.6
1571,2.08,16:58,142,127.3
1572,2.08,16:33,143,127.3
1573,2.08,17:11,143,127.3
1574,2.09,17:38,142,127.3
1575,2.09,16:58,142,127.3
1576,2.09,16:09,142,127.3
1577,2.09,15:57,142,128.0
1578,2.09,15:24,141,128.0
1579,2.09,15:46,139,128.0
1580,2.09,17:25,139,128.0
1581,2.09,19:09,136,128.0
1582,2.09,20:01,136,128.0
1583,2.09,20:57,136,128.0
1584,2.1,19:09,134,128.0
1585,2.1,17:52,133,128.0
1586,2.1,17:25,133,128.0
1587,2.1,16:33,133,128.6
1588,2.1,15:14,133,128.6
1589,2.1,15:35,133,129.3
1590,2.1,15:24,131,129.3
1591,2.1,14:25,130,129.3
1592,2.1,14:16,128,128.6
1593,2.11,14:07,128,128.6
1594,2.11,14:07,128,128.6
1595,2.11,14:07,128,129.3
1596,2.11,14:34,127,129.3
1597,2.11,14:34,126,129.3
1598,2.11,14:34,127,129.9
1599,2.11,14:34,126,129.9
1600,2.11,15:14,126,129.9
1601,2.11,15:57,126,130.6
1602,2.11,16:09,126,131.2
1603,2.12,16:33,126,131.9
1604,2.12,16:58,125,131.9
1605,2.12,16:45,125,131.9
1606,2.12,15:46,125,131.9
1607,2.12,16:33,125,131.2
1608,2.12,18:07,124,131.2
1609,2.12,18:37,124,131.2
1610,2.12,18:37,123,131.9
1611,2.12,19:09,123,131.9
1612,2.12,16:58,123,131.2
1613,2.13,15:14,125,130.6
1614,2.13,13:08,125,129.9
1615,2.13,11:58,126,129.3
1616,2.13,11:05,127,129.3
1617,2.13,10:14,127,128.6
1618,2.13,9:43,129,128.6
1619,2.14,9:30,130,129.3
1620,2.14,9:34,131,129.3
1621,2.14,9:26,131,129.3
1622,2.14,9:56,131,128.6
1623,2.14,10:00,132,128.6
1624,2.14,10:09,133,128.6
1625,2.15,10:05,133,128.6
1626,2.15,10:00,133,129.9
1627,2.15,9:56,135,130.6
1628,2.15,9:56,137,131.2
1629,2.15,9:51,138,131.9
1630,2.15,9:51,139,131.2
1631,2.16,10:05,140,130.6
1632,2.16,10:05,141,130.6
1633,2.16,10:09,142,130.6
1634,2.16,10:18,143,130.6
1635,2.16,10:00,145,131.2
1636,2.17,9:34,145,131.2
1637,2.17,9:30,144,131.2
1638,2.17,9:22,144,131.2
1639,2.17,9:14,146,131.2
1640,2.17,9:34,146,131.2
1641,2.17,9:51,146,131.2
1642,2.18,10:09,148,131.2
1643,2.18,9:51,148,131.9
1644,2.18,9:56,149,131.9
1645,2.18,9:47,149,132.5
1646,2.18,9:34,150,133.2
1647,2.18,9:14,150,133.9
1648,2.19,9:11,151,134.5
1649,2.19,9:14,152,134.5
1650,2.19,9:11,153,134.5
1651,2.19,9:26,153,135.2
1652,2.19,9:22,153,135.2
1653,2.19,9:34,156,135.2
1654,2.2,9:43,156,135.2
1655,2.2,9:34,157,135.2
1656,2.2,9:47,157,135.2
1657,2.2,9:51,158,135.2
1658,2.2,9:56,159,135.2
1659,2.2,10:00,159,135.2
1660,2.21,10:05,160,135.2
1661,2.21,9:47,160,135.2
1662,2.21,9:51,160,135.2
1663,2.21,10:00,161,134.5
1664,2.21,10:23,162,134.5
1665,2.21,10:48,161,134.5
1666,2.22,10:38,161,134.5
1667,2.22,10:33,161,134.5
1668,2.22,10:43,161,134.5
1669,2.22,9:51,161,134.5
1670,2.22,9:34,161,134.5
1671,2.22,9:38,161,133.9
1672,2.23,9:26,161,133.9
1673,2.23,9:00,162,133.9
1674,2.23,9:30,162,133.9
1675,2.23,9:56,162,133.9
1676,2.23,10:38,162,133.2
1677,2.23,11:39,161,133.2
1678,2.23,13:01,161,133.2
1679,2.24,13:41,161,132.5
1680,2.24,13:41,161,132.5
1681,2.24,13:01,160,131.9
1682,2.24,12:18,160,131.9
1683,2.24,11:39,160,131.2
1684,2.24,10:48,160,131.2
1685,2.25,10:18,159,131.2
1686,2.25,9:43,160,131.2
1687,2.25,9:18,160,131.2
1688,2.25,8:49,159,130.6
1689,2.25,8:35,159,130.6
1690,2.25,8:49,160,130.6
1691,2.26,9:26,159,130.6
1692,2.26,10:28,160,130.6
1693,2.26,11:33,161,130.6
1694,2.26,12:18,160,130.6
1695,2.26,12:04,160,129.9
1696,2.26,11:39,160,129.9
1697,2.26,10:59,160,129.9
1698,2.27,10:14,161,129.9
1699,2.27,10:00,162,129.9
1700,2.27,10:00,163,129.3
1701,2.27,10:09,163,129.3
1702,2.27,10:09,163,128.6
1703,2.28,10:09,162,128.6
1704,2.28,10:23,163,128.0
1705,2.28,10:18,163,127.3
1706,2.28,10:14,162,127.3
1707,2.28,10:09,162,127.3
1708,2.28,10:23,162,127.3
1709,2.28,10:05,161,127.3
1710,2.29,10:23,161,127.3
1711,2.29,10:18,160,127.3
1712,2.29,10:33,161,126.6
1713,2.29,10:43,160,126.0
1714,2.29,10:59,161,125.3
1715,2.29,11:05,162,125.3
1716,2.3,11:16,162,125.3
1717,2.3,10:48,162,124.7
1718,2.3,10:28,162,125.3
1719,2.3,10:09,163,125.3
1720,2.3,9:51,162,125.3
1721,2.3,10:00,163,125.3
1722,2.31,10:18,162,124.0
1723,2.31,10:33,163,123.4
1724,2.31,10:43,163,122.7
1725,2.31,10:38,163,122.0
1726,2.31,10:09,162,122.7
1727,2.31,10:09,162,122.7
1728,2.31,10:00,162,123.4
1729,2.32,10:14,162,124.0
1730,2.32,10:09,162,124.0
1731,2.32,10:38,162,124.7
1732,2.32,10:28,162,124.7
1733,2.32,10:33,162,124.7
1734,2.32,10:18,162,125.3
1735,2.33,10:23,161,125.3
1736,2.33,10:00,161,126.0
1737,2.33,10:00,161,126.0
1738,2.33,10:05,161,126.0
1739,2.33,10:14,161,126.0
1740,2.33,10:38,163,126.0
1741,2.34,10:59,163,126.0
1742,2.34,11:16,163,126.6
1743,2.34,11:27,164,127.3
1744,2.34,11:05,164,128.0
1745,2.34,10:33,164,128.0
1746,2.34,10:18,164,128.0
1747,2.35,10:09,164,128.0
1748,2.35,10:14,165,128.0
1749,2.35,10:38,165,128.0
1750,2.35,11:05,165,128.6
1751,2.35,11:33,166,129.3
1752,2.35,11:27,165,129.9
1753,2.35,11:05,165,130.6
1754,2.36,10:54,165,131.2
1755,2.36,10:33,165,131.2
1756,2.36,10:28,166,130.6
1757,2.36,10:43,165,130.6
1758,2.36,11:05,165,130.6
1759,2.36,11:10,165,131.2
1760,2.37,10:48,164,131.9
1761,2.37,10:33,164,132.5
1762,2.37,10:23,163,132.5
1763,2.37,9:47,163,132.5
1764,2.37,9:51,163,133.2
1765,2.37,10:14,163,133.2
1766,2.37,10:05,162,133.9
1767,2.38,10:23,162,133.9
1768,2.38,10:43,163,133.9
1769,2.38,10:38,163,133.9
1770,2.38,10:59,164,133.9
1771,2.38,11:05,164,133.9
1772,2.38,10:33,164,133.9
1773,2.39,10:48,164,134.5
1774,2.39,10:43,164,135.2
1775,2.39,10:33,164,135.2
1776,2.39,10:54,164,135.2
1777,2.39,11:21,165,135.2
1778,2.39,11:27,165,135.2
1779,2.39,10:54,166,135.8
1780,2.4,10:54,166,135.8
1781,2.4,11:05,166,136.5
1782,2.4,10:54,166,137.1
1783,2.4,10:48,166,137.1
1784,2.4,11:16,167,137.1
1785,2.4,10:54,166,137.1
1786,2.41,10:38,166,137.1
1787,2.41,10:38,166,136.5
1788,2.41,10:33,166,136.5
1789,2.41,10:38,166,136.5
1790,2.41,10:33,166,136.5
1791,2.41,10:14,166,136.5
1792,2.42,10:05,166,136.5
1793,2.42,10:05,167,136.5
1794,2.42,10:05,166,136.5
1795,2.42,10:38,167,136.5
1796,2.42,11:10,167,136.5
1797,2.42,11:27,167,135.8
1798,2.42,11:39,167,135.8
1799,2.43,11:27,167,135.8
1800,2.43,10:54,167,135.8
1801,2.43,10:18,167,135.8
1802,2.43,9:30,167,135.8
1803,2.43,9:26,167,135.8
1804,2.43,9:34,167,135.8
1805,2.44,9:38,166,136.5
1806,2.44,9:43,167,136.5
1807,2.44,10:05,166,137.1
1808,2.44,10:05,166,137.8
1809,2.44,10:28,166,137.8
1810,2.44,10:14,165,137.8
1811,2.45,10:28,165,137.8
1812,2.45,10:43,164,137.8
1813,2.45,10:38,165,137.8
1814,2.45,10:38,165,138.5
1815,2.45,10:54,165,138.5
1816,2.45,10:38,166,138.5
1817,2.46,10:23,165,138.5
1818,2.46,10:00,166,138.5
1819,2.46,9:43,166,138.5
1820,2.46,9:34,166,138.5
1821,2.46,9:43,166,138.5
1822,2.46,9:47,166,138.5
1823,2.47,9:47,166,138.5
1824,2.47,9:26,165,138.5
1825,2.47,9:26,166,138.5
1826,2.47,9:30,166,138.5
1827,2.47,9:38,167,137.8
1828,2.47,10:14,168,137.8
1829,2.48,10:23,168,137.8
1830,2.48,10:33,168,137.8
1831,2.48,10:23,168,137.8
1832,2.48,10:00,168,137.8
1833,2.48,9:47,168,137.1
1834,2.48,9:43,168,137.1
1835,2.49,9:43,168,137.1
1836,2.49,10:05,168,137.1
1837,2.49,10:38,168,136.5
1838,2.49,10:43,168,136.5
1839,2.49,11:10,168,136.5
1840,2.49,11:27,168,136.5
1841,2.49,12:11,168,136.5
1842,2.5,12:18,167,136.5
1843,2.5,12:04,168,136.5
1844,2.5,11:52,167,136.5
1845,2.5,11:27,167,136.5
1846,2.5,10:28,167,135.8
1847,2.5,10:33,167,135.2
1848,2.5,10:43,168,135.2
1849,2.51,11:10,167,135.2
1850,2.51,11:21,167,135.2
1851,2.51,11:33,167,134.5
1852,2.51,11:21,167,134.5
1853,2.51,11:16,167,134.5
1854,2.51,11:05,167,133.9
1855,2.52,10:59,167,133.9
1856,2.52,10:48,167,133.2
1857,2.52,10:23,167,133.2
1858,2.52,10:18,167,132.5
1859,2.52,9:51,167,132.5
1860,2.52,9:47,167,131.9
1861,2.53,9:47,167,131.9
1862,2.53,9:38,167,132.5
1863,2.53,9:22,167,132.5
1864,2.53,9:34,168,131.9
1865,2.53,9:47,168,131.9
1866,2.53,9:51,168,131.9
1867,2.54,10:23,168,131.9
1868,2.54,10:54,168,131.9
1869,2.54,10:54,168,131.9
1870,2.54,11:10,168,131.2
1871,2.54,10:54,168,130.6
1872,2.54,10:48,168,129.9
1873,2.54,10:23,168,129.3
1874,2.55,10:33,169,129.3
1875,2.55,10:18,169,128.6
1876,2.55,10:18,170,128.6
1877,2.55,10:05,169,128.6
1878,2.55,10:05,169,128.6
1879,2.55,9:47,168,128.6
1880,2.56,9:47,169,128.6
1881,2.56,10:09,169,128.6
1882,2.56,10:23,169,128.0
1883,2.56,10:28,168,127.3
1884,2.56,10:33,168,127.3
1885,2.56,10:14,168,126.6
1886,2.57,9:47,168,126.6
1887,2.57,9:47,168,127.3
1888,2.57,9:51,168,127.3
1889,2.57,9:47,169,128.0
1890,2.57,9:43,168,128.6
1891,2.57,9:30,168,128.6
1892,2.58,9:30,168,128.6
1893,2.58,9:18,169,129.3
1894,2.58,9:11,168,129.9
1895,2.58,9:22,167,129.9
1896,2.58,9:47,166,129.9
1897,2.59,9:38,166,129.9
1898,2.59,10:00,165,129.9
1899,2.59,10:28,165,129.9
1900,2.59,10:59,164,130.6
1901,2.59,10:33,163,130.6
1902,2.59,10:59,162,130.6
1903,2.59,11:16,162,129.9
1904,2.6,10:59,162,129.9
1905,2.6,10:48,162,129.3
1906,2.6,11:21,161,129.3
1907,2.6,11:05,161,129.3
1908,2.6,10:54,161,129.3
1909,2.6,11:10,161,129.9
1910,2.6,10:59,162,129.9
1911,2.61,11:10,162,129.9
1912,2.61,11:27,164,130.6
1913,2.61,11:16,164,130.6
1914,2.61,10:48,164,131.2
1915,2.61,10:54,165,131.2
1916,2.61,10:28,164,131.2
1917,2.62,10:18,164,131.2
1918,2.62,10:18,164,131.2
1919,2.62,10:23,164,131.2
1920,2.62,10:23,165,131.9
1921,2.62,10:59,165,131.9
1922,2.62,10:59,165,131.9
1923,2.62,11:05,166,131.9
1924,2.63,11:39,166,131.9
1925,2.63,11:21,165,131.9
1926,2.63,10:48,165,131.9
1927,2.63,10:43,165,131.9
1928,2.63,10:23,165,131.2
1929,2.63,9:56,165,131.2
1930,2.64,10:38,165,131.9
1931,2.64,11:10,166,132.5
1932,2.64,11:33,166,133.2
1933,2.64,12:32,164,133.9
1934,2.64,13:41,164,134.5
1935,2.64,13:16,164,135.2
1936,2.64,13:41,164,134.5
1937,2.64,14:16,164,133.9
1938,2.64,14:54,163,133.9
1939,2.65,15:35,164,133.2
1940,2.65,16:21,164,133.2
1941,2.65,17:11,164,133.2
1942,2.65,17:25,164,133.2
1943,2.65,17:25,164,133.2
1944,2.65,17:38,163,133.2
1945,2.65,18:37,163,133.9
1946,2.65,18:07,162,133.9
1947,2.65,17:38,161,134.5
1948,2.65,18:07,161,134.5
1949,2.66,17:25,160,135.2
1950,2.66,17:25,160,135.2
1951,2.66,18:53,160,135.2
1952,2.66,21:37,158,135.2
1953,2.66,21:59,159,135.8
1954,2.66,23:31,158,135.2
1955,2.66,23:07,157,135.2
1956,2.66,22:21,157,135.2
1957,2.66,20:19,155,135.2
1958,2.66,19:26,155,135.2
1959,2.66,16:58,153,135.2
1960,2.66,16:09,153,134.5
1961,2.67,15:46,152,134.5
1962,2.67,15:14,150,133.9
1963,2.67,15:04,150,133.2
1964,2.67,16:21,150,133.2
1965,2.67,16:21,148,133.9
1966,2.67,16:21,147,133.9
1967,2.67,17:25,146,134.5
1968,2.67,19:09,146,135.2
1969,2.67,20:37,145,135.2
1970,2.67,23:07,145,135.8
1971,2.67,21:59,144,135.8
1972,2.68,19:26,143,135.8
1973,2.68,17:52,142,135.8
1974,2.68,14:25,142,135.8
1975,2.68,13:58,140,135.2
1976,2.68,14:44,139,135.2
1977,2.68,15:35,138,135.2
1978,2.68,16:21,137,135.2
1979,2.68,19:26,136,135.2
1980,2.68,20:37,136,135.2
1981,2.68,20:19,136,134.5
1982,2.69,20:19,135,134.5
1983,2.69,19:09,135,134.5
1984,2.69,19:09,134,135.2
1985,2.69,16:58,133,135.2
1986,2.69,15:46,132,135.2
1987,2.69,14:25,130,135.2
1988,2.69,13:49,131,135.2
1989,2.69,12:53,131,135.8
1990,2.69,13:16,131,135.8
1991,2.7,13:49,131,136.5
1992,2.7,14:54,130,136.5
1993,2.7,15:24,130,136.5
1994,2.7,17:52,128,136.5
1995,2.7,18:53,129,136.5
1996,2.7,20:19,129,136.5
1997,2.7,22:43,128,136.5
1998,2.7,25:18,127,136.5
1999,2.7,24:23,126,137.1
2000,2.7,23:56,126,137.1
2001,2.7,20:57,126,137.1
2002,2.71,17:38,125,137.1
2003,2.71,17:38,126,136.5
2004,2.71,16:21,126,136.5
2005,2.71,15:46,126,136.5
2006,2.71,14:44,126,136.5
2007,2.71,15:24,126,136.5
2008,2.71,14:34,127,136.5
2009,2.71,14:25,127,136.5
2010,2.71,14:07,127,135.8
2011,2.72,14:54,127,135.8
2012,2.72,15:24,127,135.8
2013,2.72,15:35,126,135.2
2014,2.72,15:04,124,135.2
2015,2.72,12:39,124,135.2
2016,2.72,12:04,125,135.2
2017,2.72,10:43,126,134.5
2018,2.73,9:56,128,134.5
2019,2.73,9:38,129,134.5
2020,2.73,10:18,131,133.9
2021,2.73,10:05,131,133.9
2022,2.73,9:51,132,133.9
2023,2.73,9:22,133,133.9
2024,2.74,8:56,135,133.9
2025,2.74,8:39,136,133.9
2026,2.74,8:39,137,133.9
2027,2.74,8:56,139,133.2
2028,2.74,9:30,140,133.9
2029,2.74,10:00,141,133.9
2030,2.75,10:43,142,133.9
2031,2.75,10:59,143,133.2
2032,2.75,10:43,145,133.2
2033,2.75,10:28,145,133.2
2034,2.75,10:09,146,132.5
2035,2.75,9:34,147,132.5
2036,2.76,9:07,148,132.5
2037,2.76,9:07,148,132.5
2038,2.76,8:45,148,131.9
2039,2.76,8:49,150,131.9
2040,2.76,8:56,151,131.2
2041,2.77,9:11,151,131.2
2042,2.77,9:14,151,131.2
2043,2.77,9:47,152,131.2
2044,2.77,10:00,153,131.2
2045,2.77,10:14,152,131.2
2046,2.77,10:18,153,130.6
2047,2.78,10:23,154,130.6
2048,2.78,10:09,155,130.6
2049,2.78,10:18,155,130.6
2050,2.78,10:14,156,130.6
2051,2.78,10:28,156,129.9
2052,2.78,10:54,157,129.9
2053,2.78,11:16,158,129.9
2054,2.79,11:21,158,129.3
2055,2.79,11:16,158,129.3
2056,2.79,10:59,159,129.3
2057,2.79,10:43,159,128.6
2058,2.79,10:14,159,128.6
2059,2.79,10:14,160,128.0
2060,2.8,10:00,161,127.3
2061,2.8,10:28,161,126.6
2062,2.8,10:54,161,126.6
2063,2.8,11:05,162,126.6
2064,2.8,10:54,162,126.0
2065,2.8,11:10,161,126.0
2066,2.81,10:18,162,126.0
2067,2.81,9:47,161,126.0
2068,2.81,9:43,161,126.0
2069,2.81,9:47,161,126.0
2070,2.81,10:18,161,125.3
2071,2.81,10:33,161,125.3
2072,2.81,10:43,161,125.3
2073,2.82,11:05,159,124.7
2074,2.82,10:54,160,124.7
2075,2.82,10:28,160,124.7
2076,2.82,10:05,160,124.7
2077,2.82,9:56,161,124.7
2078,2.82,9:47,161,124.7
2079,2.83,9:43,163,124.7
2080,2.83,9:51,163,124.7
2081,2.83,10:28,162,124.7
2082,2.83,10:54,163,124.7
2083,2.83,11:05,163,125.3
2084,2.83,11:10,162,125.3
2085,2.84,10:54,163,126.0
2086,2.84,10:59,163,126.0
2087,2.84,10:48,162,126.0
2088,2.84,10:54,162,126.0
2089,2.84,11:21,162,126.0
2090,2.84,11:52,162,126.6
2091,2.84,12:04,163,126.6
2092,2.85,12:11,163,126.6
2093,2.85,12:18,163,127.3
2094,2.85,11:33,165,127.3
2095,2.85,11:16,163,127.3
2096,2.85,10:54,163,128.0
2097,2.85,10:43,163,128.6
2098,2.85,10:54,162,128.6
2099,2.86,11:16,162,129.3
2100,2.86,11:05,162,129.9
2101,2.86,11:16,162,129.9
2102,2.86,11:39,162,129.9
2103,2.86,11:21,162,129.9
2104,2.86,11:33,162,130.6
2105,2.86,11:45,162,130.6
2106,2.87,11:52,163,130.6
2107,2.87,11:33,163,130.6
2108,2.87,11:52,162,131.2
2109,2.87,11:45,163,131.2
2110,2.87,11:16,163,131.2
2111,2.87,10:43,163,131.2
2112,2.88,10:43,162,131.2
2113,2.88,10:14,163,131.2
2114,2.88,10:09,163,131.9
2115,2.88,10:28,163,131.9
2116,2.88,10:54,163,131.9
2117,2.88,11:16,163,131.9
2118,2.88,10:54,164,131.2
2119,2.89,11:10,164,131.2
2120,2.89,10:48,164,131.2
2121,2.89,10:38,163,131.9
2122,2.89,10:23,163,131.9
2123,2.89,10:28,162,131.9
2124,2.89,10:28,163,131.2
2125,2.9,10:48,163,131.2
2126,2.9,10:59,164,130.6
2127,2.9,10:48,164,130.6
2128,2.9,11:10,165,131.2
2129,2.9,10:59,166,131.2
2130,2.9,11:27,165,131.9
2131,2.9,11:05,165,131.9
2132,2.91,11:05,165,132.5
2133,2.91,11:27,165,132.5
2134,2.91,11:33,165,131.9
2135,2.91,10:54,165,131.9
2136,2.91,10:59,165,131.9
2137,2.91,11:05,165,131.9
2138,2.92,10:14,165,131.9
2139,2.92,10:00,165,131.9
2140,2.92,9:56,165,131.9
2141,2.92,10:05,165,131.9
2142,2.92,10:14,165,131.9
2143,2.92,10:54,165,131.9
2144,2.92,11:21,165,132.5
2145,2.93,12:04,166,132.5
2146,2.93,11:52,165,133.2
2147,2.93,11:45,166,133.2
2148,2.93,11:16,166,132.5
2149,2.93,10:48,167,132.5
2150,2.93,10:33,167,132.5
2151,2.93,10:48,166,132.5
2152,2.94,10:59,167,132.5
2153,2.94,10:54,167,132.5
2154,2.94,10:38,167,132.5
2155,2.94,10:38,167,133.2
2156,2.94,10:28,167,133.2
2157,2.94,10:14,167,133.2
2158,2.95,10:09,168,133.9
2159,2.95,10:23,168,133.9
2160,2.95,10:38,167,133.9
2161,2.95,10:43,167,133.9
2162,2.95,10:59,167,133.9
2163,2.95,11:21,167,133.9
2164,2.96,11:21,168,133.9
2165,2.96,11:05,168,134.5
2166,2.96,10:59,168,134.5
2167,2.96,11:05,167,134.5
2168,2.96,11:16,168,134.5
2169,2.96,10:48,168,134.5
2170,2.96,10:28,168,134.5
2171,2.97,10:23,168,134.5
2172,2.97,10:14,168,134.5
2173,2.97,10:09,169,134.5
2174,2.97,10:14,169,134.5
2175,2.97,10:18,168,133.9
2176,2.97,10:18,169,133.9
2177,2.98,9:56,169,133.9
2178,2.98,9:43,168,133.9
2179,2.98,9:51,168,133.9
2180,2.98,9:47,168,134.5
2181,2.98,9:51,168,134.5
2182,2.98,9:34,167,134.5
2183,2.99,9:43,168,133.9
2184,2.99,10:05,168,133.9
2185,2.99,10:18,168,133.9
2186,2.99,10:23,168,133.9
2187,2.99,10:59,168,133.9
2188,2.99,11:10,168,133.9
2189,3.0,11:05,169,133.9
2190,3.0,10:54,168,133.9
2191,3.0,10:33,168,133.2
2192,3.0,10:28,169,133.2
2193,3.0,10:14,168,133.2
2194,3.0,10:05,169,132.5
2195,3.01,9:51,169,132.5
2196,3.01,9:56,170,132.5
2197,3.01,10:23,169,132.5
2198,3.01,10:28,169,131.9
2199,3.01,10:23,169,131.9
2200,3.01,10:43,169,131.9
2201,3.01,10:43,170,131.2
2202,3.02,10:05,169,131.2
2203,3.02,9:51,169,131.9
2204,3.02,9:47,169,131.2
2205,3.02,9:56,169,131.2
2206,3.02,9:56,169,130.6
2207,3.02,9:56,171,130.6
2208,3.03,10:18,171,129.9
2209,3.03,10:23,170,129.9
2210,3.03,10:18,170,129.9
2211,3.03,10:28,170,129.9
2212,3.03,10:23,169,129.9
2213,3.03,10:28,169,129.3
2214,3.04,10:28,169,129.3
2215,3.04,10:23,170,129.3
2216,3.04,10:33,169,128.6
2217,3.04,10:54,169,128.6
2218,3.04,10:59,169,128.6
2219,3.04,11:10,169,128.6
2220,3.04,11:21,168,128.0
2221,3.05,11:05,168,128.0
2222,3.05,10:38,167,128.0
2223,3.05,10:18,169,127.3
2224,3.05,10:00,168,127.3
2225,3.05,9:43,169,127.3
2226,3.05,10:18,169,126.6
2227,3.06,10:38,169,126.6
2228,3.06,10:33,168,126.6
2229,3.06,10:48,167,126.6
2230,3.06,11:05,169,126.0
2231,3.06,10:14,168,126.0
2232,3.06,10:18,168,125.3
2233,3.07,10:23,168,125.3
2234,3.07,10:14,168,125.3
2235,3.07,10:18,168,125.3
2236,3.07,10:18,167,124.7
2237,3.07,10:05,168,124.7
2238,3.07,10:00,169,124.7
2239,3.08,10:18,169,124.0
2240,3.08,10:38,169,123.4
2241,3.08,11:05,169,123.4
2242,3.08,11:27,168,122.7
2243,3.08,11:27,167,122.7
2244,3.08,10:48,166,122.0
2245,3.08,10:28,166,122.0
2246,3.09,10:33,167,122.0
2247,3.09,10:59,166,122.0
2248,3.09,11:33,166,122.0
2249,3.09,11:52,166,122.0
2250,3.09,11:27,165,122.0
2251,3.09,11:33,166,122.0
2252,3.09,11:16,166,122.0
2253,3.1,11:16,167,122.7
2254,3.1,11:52,167,123.4
2255,3.1,12:18,166,124.0
2256,3.1,12:18,167,124.0
2257,3.1,12:25,167,124.7
2258,3.1,11:45,167,124.7
2259,3.1,11:33,167,124.7
2260,3.11,11:45,167,124.7
2261,3.11,11:16,166,125.3
2262,3.11,10:59,167,125.3
2263,3.11,11:21,165,125.3
2264,3.11,11:10,166,125.3
2265,3.11,10:48,166,125.3
2266,3.12,11:05,167,125.3
2267,3.12,11:27,166,125.3
2268,3.12,11:39,166,126.0
2269,3.12,12:11,166,126.6
2270,3.12,12:46,166,127.3
2271,3.12,12:46,166,128.0
2272,3.12,12:39,166,128.0
2273,3.12,12:11,165,128.0
2274,3.13,11:58,166,128.0
2275,3.13,11:39,166,128.0
2276,3.13,11:33,167,128.0
2277,3.13,11:21,167,128.0
2278,3.13,11:39,167,128.0
2279,3.13,11:27,167,128.0
2280,3.13,11:16,167,128.0
2281,3.14,10:54,166,128.0
2282,3.14,10:18,167,128.0
2283,3.14,9:51,166,128.6
2284,3.14,9:34,165,129.3
2285,3.14,9:34,165,129.3
2286,3.14,10:00,166,129.3
2287,3.15,10:05,166,129.3
2288,3.15,10:14,166,129.3
2289,3.15,10:54,165,129.3
2290,3.15,10:54,166,129.9
2291,3.15,11:05,165,130.6
2292,3.15,11:21,165,130.6
2293,3.16,11:16,165,130.6
2294,3.16,10:54,164,130.6
2295,3.16,11:05,164,130.6
2296,3.16,10:54,164,131.2
2297,3.16,11:16,165,130.6
2298,3.16,11:33,165,130.6
2299,3.16,11:39,165,130.6
2300,3.17,11:27,165,130.6
2301,3.17,11:27,165,130.6
2302,3.17,11:21,165,130.6
2303,3.17,11:10,164,130.6
2304,3.17,11:10,165,130.6
2305,3.17,11:58,165,131.2
2306,3.17,11:45,165,131.2
2307,3.18,11:21,164,131.2
2308,3.18,10:59,165,131.2
2309,3.18,10:43,165,131.9
2310,3.18,10:28,165,131.9
2311,3.18,10:28,165,131.2
2312,3.18,10:43,165,130.6
2313,3.19,11:10,165,130.6
2314,3.19,11:27,165,129.9
2315,3.19,10:59,165,129.3
2316,3.19,10:18,165,129.3
2317,3.19,9:51,166,129.9
2318,3.19,9:43,166,130.6
2319,3.2,9:30,166,131.2
2320,3.2,9:43,166,131.2
2321,3.2,9:51,165,131.2
2322,3.2,9:47,166,131.2
2323,3.2,10:05,166,131.2
2324,3.2,10:09,166,131.2
2325,3.21,9:56,166,131.9
2326,3.21,10:33,165,131.9
2327,3.21,10:48,166,131.9
2328,3.21,10:54,166,131.9
2329,3.21,11:10,165,132.5
2330,3.21,11:21,166,132.5
2331,3.21,11:58,166,132.5
2332,3.21,12:39,166,132.5
2333,3.22,12:25,166,132.5
2334,3.22,12:53,166,132.5
2335,3.22,12:46,166,132.5
2336,3.22,11:33,167,132.5
2337,3.22,11:05,166,133.2
2338,3.22,10:54,166,133.2
2339,3.23,10:18,166,133.2
2340,3.23,9:56,167,133.2
2341,3.23,10:00,167,133.2
2342,3.23,10:00,166,132.5
2343,3.23,10:00,167,132.5
2344,3.23,10:05,167,132.5
2345,3.24,10:18,167,132.5
2346,3.24,10:33,167,132.5
2347,3.24,10:48,167,132.5
2348,3.24,10:54,167,131.9
2349,3.24,11:05,166,131.9
2350,3.24,11:27,164,131.9
2351,3.24,11:10,162,131.9
2352,3.25,11:05,160,131.9
2353,3.25,11:10,159,131.9
2354,3.25,10:48,153,131.9
2355,3.25,10:23,147,131.9
2356,3.25,10:38,141,131.2
2357,3.25,10:43,138,131.2
2358,3.26,10:54,136,131.2
2359,3.26,11:39,135,130.6
2360,3.26,12:11,135,130.6
2361,3.26,11:39,140,130.6
2362,3.26,11:16,149,130.6
2363,3.26,11:10,154,130.6
2364,3.26,11:05,157,131.2
2365,3.27,10:43,159,131.2
2366,3.27,11:21,160,130.6
2367,3.27,11:45,161,130.6
2368,3.27,11:21,164,130.6
2369,3.27,10:23,165,129.9
2370,3.27,10:23,165,129.9
2371,3.27,10:18,166,129.3
2372,3.28,9:56,167,129.3
2373,3.28,10:00,168,128.6
2374,3.28,10:18,169,128.6
2375,3.28,10:33,169,128.0
2376,3.28,10:33,171,127.3
2377,3.28,11:05,170,127.3
2378,3.29,10:48,171,127.3
2379,3.29,10:54,172,127.3
2380,3.29,10:33,172,127.3
2381,3.29,10:23,171,126.6
2382,3.29,10:09,171,126.6
2383,3.29,10:18,170,126.6
2384,3.3,10:43,171,126.6
2385,3.3,10:59,172,126.6
2386,3.3,10:59,172,126.6
2387,3.3,11:05,172,126.0
2388,3.3,11:27,171,126.0
2389,3.3,10:59,170,125.3
2390,3.3,11:05,171,125.3
2391,3.31,11:10,171,125.3
2392,3.31,11:05,172,124.7
2393,3.31,10:33,171,124.7
2394,3.31,10:05,172,124.0
2395,3.31,9:56,172,124.0
2396,3.31,9:51,170,123.4
2397,3.32,10:28,171,122.7
2398,3.32,10:48,171,122.7
2399,3.32,11:21,172,122.7
2400,3.32,11:39,172,122.7
2401,3.32,11:27,171,122.7
2402,3.32,10:48,171,122.0
2403,3.32,10:43,171,122.0
2404,3.33,10:33,170,122.0
2405,3.33,10:18,170,122.0
2406,3.33,9:51,170,122.0
2407,3.33,9:38,170,122.0
2408,3.33,9:43,170,121.4
2409,3.33,9:47,170,121.4
2410,3.34,9:51,170,120.7
2411,3.34,9:56,170,120.1
2412,3.34,10:14,171,120.1
2413,3.34,10:18,171,120.1
2414,3.34,10:33,170,120.1
2415,3.34,10:43,170,120.1
2416,3.35,11:10,169,120.1
2417,3.35,11:27,170,119.4
2418,3.35,11:33,170,120.1
2419,3.35,11:21,170,120.1
2420,3.35,11:10,170,120.1
2421,3.35,11:10,169,120.7
2422,3.35,10:48,169,121.4
2423,3.36,11:16,170,122.0
2424,3.36,11:39,171,122.7
2425,3.36,11:52,171,122.7
2426,3.36,12:04,171,122.7
2427,3.36,11:58,171,122.7
2428,3.36,11:21,171,123.4
2429,3.36,10:48,170,123.4
2430,3.37,10:33,170,124.0
2431,3.37,10:18,170,124.7
2432,3.37,9:34,169,124.7
2433,3.37,9:30,169,125.3
2434,3.37,10:05,169,126.0
2435,3.37,10:38,169,126.0
2436,3.38,10:59,169,126.6
2437,3.38,11:45,170,126.6
2438,3.38,11:45,170,126.6
2439,3.38,11:16,170,126.6
2440,3.38,10:33,169,127.3
2441,3.38,10:09,169,127.3
2442,3.39,10:05,170,128.0
2443,3.39,9:56,169,128.6
2444,3.39,9:34,169,128.6
2445,3.39,9:22,169,128.6
2446,3.39,9:18,170,128.6
2447,3.39,9:18,170,128.6
2448,3.4,9:00,170,129.3
2449,3.4,8:52,171,129.3
2450,3.4,9:07,169,129.3
2451,3.4,9:14,170,129.3
2452,3.4,9:22,169,129.9
2453,3.41,9:38,170,129.9
2454,3.41,9:47,170,129.9
2455,3.41,9:47,171,129.9
2456,3.41,9:38,171,129.3
2457,3.41,9:34,171,129.3
2458,3.41,9:47,171,129.3
2459,3.42,10:14,170,129.3
2460,3.42,10:05,171,129.3
2461,3.42,10:43,171,129.3
2462,3.42,11:10,170,129.3
2463,3.42,11:27,171,129.3
2464,3.42,11:39,171,129.3
2465,3.42,11:58,169,129.9
2466,3.43,11:27,169,129.9
2467,3.43,11:27,170,130.6
2468,3.43,11:16,170,130.6
2469,3.43,10:33,169,130.6
2470,3.43,10:43,170,129.9
2471,3.43,10:54,169,129.9
2472,3.43,10:38,169,129.9
2473,3.44,10:43,169,129.9
2474,3.44,11:16,170,129.9
2475,3.44,11:27,171,129.9
2476,3.44,11:21,170,129.9
2477,3.44,11:21,170,129.9
2478,3.44,11:21,169,129.9
2479,3.45,11:27,169,129.9
2480,3.45,11:10,169,129.9
2481,3.45,11:33,169,130.6
2482,3.45,11:52,170,130.6
2483,3.45,11:58,169,130.6
2484,3.45,11:39,170,131.2
2485,3.45,11:27,170,131.2
2486,3.46,10:43,169,131.2
2487,3.46,10:18,170,131.2
2488,3.46,9:56,170,131.2
2489,3.46,9:38,169,130.6
2490,3.46,9:56,169,130.6
2491,3.46,10:28,169,130.6
2492,3.47,10:33,169,130.6
2493,3.47,10:43,168,131.2
2494,3.47,11:27,168,131.2
2495,3.47,11:27,167,131.9
2496,3.47,11:39,167,132.5
2497,3.47,12:11,167,132.5
2498,3.47,12:18,167,132.5
2499,3.47,12:18,168,132.5
2500,3.48,12:53,168,132.5
2501,3.48,13:16,167,132.5
2502,3.48,14:07,167,133.2
2503,3.48,15:24,167,133.9
2504,3.48,15:46,166,133.9
2505,3.48,15:57,166,133.9
2506,3.48,16:33,166,133.9
2507,3.48,17:52,166,133.9
2508,3.48,18:37,167,133.9
2509,3.48,19:43,166,133.9
2510,3.49,19:09,166,133.9
2511,3.49,19:26,166,133.9
2512,3.49,17:25,165,133.9
2513,3.49,15:46,165,133.9
2514,3.49,15:04,165,133.9
2515,3.49,15:04,165,133.9
2516,3.49,14:07,164,134.5
2517,3.49,14:16,163,133.9
2518,3.49,14:34,163,133.9
2519,3.5,14:34,163,133.9
2520,3.5,15:35,162,133.9
2521,3.5,15:57,162,133.9
2522,3.5,16:21,161,133.2
2523,3.5,16:45,160,132.5
2524,3.5,17:38,159,132.5
2525,3.5,17:11,159,131.9
2526,3.5,18:07,158,131.9
2527,3.5,18:53,159,131.9
2528,3.5,18:22,158,131.9
2529,3.5,19:43,158,131.9
2530,3.51,19:09,156,131.9
2531,3.51,20:01,156,131.9
2532,3.51,19:43,156,131.9
2533,3.51,19:43,155,131.2
2534,3.51,17:52,154,131.2
2535,3.51,18:07,153,131.2
2536,3.51,17:25,153,131.2
2537,3.51,16:09,152,130.6
2538,3.51,16:58,151,130.6
2539,3.51,18:07,151,129.9
2540,3.51,18:22,151,129.9
2541,3.52,18:22,150,129.3
2542,3.52,18:37,150,129.3
2543,3.52,19:09,149,129.3
2544,3.52,18:22,148,129.3
2545,3.52,17:52,147,129.3
2546,3.52,17:25,147,129.3
2547,3.52,18:07,146,129.9
2548,3.52,17:38,145,130.6
2549,3.52,16:58,144,131.2
2550,3.52,16:45,144,131.2
2551,3.53,16:33,143,131.2
2552,3.53,16:09,143,131.2
2553,3.53,15:14,143,131.2
2554,3.53,15:35,143,131.2
2555,3.53,15:46,143,130.6
2556,3.53,16:33,143,130.6
2557,3.53,17:11,141,129.9
2558,3.53,19:26,140,129.9
2559,3.53,20:37,140,129.9
2560,3.53,20:57,140,129.3
2561,3.53,20:19,140,129.9
2562,3.54,19:43,138,129.9
2563,3.54,17:25,137,129.9
2564,3.54,15:35,137,129.9
2565,3.54,15:04,137,129.9
2566,3.54,14:16,138,129.9
2567,3.54,14:44,138,129.3
2568,3.54,14:54,137,129.3
2569,3.54,15:35,138,129.3
2570,3.54,15:24,137,129.3
2571,3.55,16:58,137,129.3
2572,3.55,16:09,137,129.3
2573,3.55,16:45,135,128.6
2574,3.55,17:11,135,128.6
2575,3.55,18:37,136,128.0
2576,3.55,17:52,136,128.0
2577,3.55,20:01,135,128.0
2578,3.55,21:17,135,128.0
2579,3.55,20:57,134,128.0
2580,3.55,20:01,133,127.3
2581,3.55,19:09,132,127.3
2582,3.56,14:44,132,127.3
2583,3.56,13:24,132,127.3
2584,3.56,12:53,131,126.6
2585,3.56,12:53,131,126.6
2586,3.56,12:53,131,126.6
2587,3.56,14:54,130,126.6
2588,3.56,15:57,130,126.0
2589,3.56,16:58,129,126.0
2590,3.56,17:25,128,126.0
2591,3.57,18:53,128,126.0
2592,3.57,20:19,129,126.0
2593,3.57,20:37,128,126.0
2594,3.57,20:57,128,125.3
2595,3.57,21:17,128,125.3
2596,3.57,20:01,128,125.3
2597,3.57,19:09,127,124.7
2598,3.57,17:25,127,124.7
2599,3.57,16:45,128,124.7
2600,3.57,15:57,127,124.7
2601,3.57,15:14,127,124.7
2602,3.58,15:14,128,124.7
2603,3.58,16:21,129,124.7
2604,3.58,16:45,128,124.7
2605,3.58,17:38,128,124.7
2606,3.58,17:11,127,124.7
2607,3.58,16:09,127,124.7
2608,3.58,15:14,126,124.7
2609,3.58,14:07,127,124.7
2610,3.58,13:08,127,124.7
2611,3.59,13:32,127,124.7
2612,3.59,13:58,126,124.7
2613,3.59,15:04,125,124.7
2614,3.59,16:09,124,124.0
2615,3.59,17:25,122,124.0
2616,3.59,16:33,123,123.4
2617,3.59,15:46,124,123.4
2618,3.59,13:41,125,122.7
2619,3.6,12:46,126,122.7
2620,3.6,11:21,127,122.0
2621,3.6,10:28,128,122.0
2622,3.6,9:43,130,122.0
2623,3.6,9:18,130,122.0
2624,3.6,8:56,131,122.0
2625,3.61,9:00,131,122.0
2626,3.61,9:14,131,122.0
2627,3.61,9:30,131,122.0
2628,3.61,9:51,135,122.0
2629,3.61,9:51,134,122.7
2630,3.61,10:09,136,122.7
2631,3.62,10:33,137,123.4
2632,3.62,10:43,138,123.4
2633,3.62,10:54,139,124.0
2634,3.62,10:59,139,124.0
2635,3.62,10:23,140,124.0
2636,3.62,9:51,140,124.0
2637,3.63,9:26,140,124.0
2638,3.63,9:22,138,124.0
2639,3.63,9:14,138,124.7
2640,3.63,9:30,143,125.3
2641,3.63,9:47,146,125.3
2642,3.63,10:05,147,126.0
2643,3.64,10:09,148,126.0
2644,3.64,10:38,148,126.6
2645,3.64,10:48,149,126.6
2646,3.64,11:39,150,126.6
2647,3.64,11:58,150,126.0
2648,3.64,12:04,151,126.0
2649,3.64,11:27,151,126.0
2650,3.65,11:05,152,126.0
2651,3.65,10:05,154,126.6
2652,3.65,9:43,154,126.6
2653,3.65,9:43,155,127.3
2654,3.65,9:47,156,127.3
2655,3.65,10:00,157,127.3
2656,3.66,10:28,157,127.3
2657,3.66,10:23,158,127.3
2658,3.66,10:05,158,127.3
2659,3.66,10:28,158,127.3
2660,3.66,10:38,159,127.3
2661,3.66,10:43,160,128.0
2662,3.67,11:05,160,127.3
2663,3.67,10:59,160,127.3
2664,3.67,11:05,160,127.3
2665,3.67,10:43,162,127.3
2666,3.67,10:28,161,128.0
2667,3.67,10:33,161,128.0
2668,3.67,11:05,162,128.0
2669,3.68,11:05,162,128.0
2670,3.68,11:27,163,128.0
2671,3.68,11:27,163,128.6
2672,3.68,11:21,164,128.6
2673,3.68,11:27,164,128.6
2674,3.68,11:16,165,129.3
2675,3.69,10:43,165,129.3
2676,3.69,10:54,165,129.3
2677,3.69,10:43,165,129.3
2678,3.69,10:38,165,129.9
2679,3.69,10:43,166,129.9
2680,3.69,10:48,167,129.9
2681,3.69,10:23,166,129.9
2682,3.7,10:18,167,130.6
2683,3.7,10:00,168,130.6
2684,3.7,10:14,168,130.6
2685,3.7,10:18,168,130.6
2686,3.7,10:38,167,130.6
2687,3.7,11:10,168,130.6
2688,3.71,11:10,167,130.6
2689,3.71,11:05,167,129.9
2690,3.71,10:59,168,129.9
2691,3.71,10:43,168,129.9
2692,3.71,10:14,167,129.3
2693,3.71,10:14,167,129.3
2694,3.72,10:00,169,129.9
2695,3.72,9:30,168,129.9
2696,3.72,9:38,168,129.9
2697,3.72,9:43,168,130.6
2698,3.72,9:30,168,130.6
2699,3.72,9:30,168,131.2
2700,3.73,10:05,169,131.2
2701,3.73,10:05,169,131.9
2702,3.73,10:48,169,131.9
2703,3.73,11:33,169,132.5
2704,3.73,12:04,170,132.5
2705,3.73,12:39,170,132.5
2706,3.73,12:53,171,132.5
2707,3.74,12:18,170,132.5
2708,3.74,11:58,169,132.5
2709,3.74,11:10,169,132.5
2710,3.74,10:43,168,133.2
2711,3.74,10:28,170,133.2
2712,3.74,10:43,169,133.2
2713,3.74,10:48,169,132.5
2714,3.75,10:48,168,132.5
2715,3.75,10:54,168,132.5
2716,3.75,10:43,168,133.2
2717,3.75,10:23,169,133.2
2718,3.75,10:28,169,132.5
2719,3.75,10:33,170,132.5
2720,3.76,10:23,170,132.5
2721,3.76,10:38,170,132.5
2722,3.76,10:33,171,131.9
2723,3.76,10:18,170,131.9
2724,3.76,10:33,170,132.5
2725,3.76,10:43,171,132.5
2726,3.76,10:43,170,131.9
2727,3.77,10:38,170,131.9
2728,3.77,10:48,169,131.9
2729,3.77,10:28,169,131.2
2730,3.77,10:18,170,131.2
2731,3.77,10:14,171,131.2
2732,3.77,10:09,171,131.2
2733,3.78,10:09,170,131.2
2734,3.78,10:48,170,131.2
2735,3.78,10:59,171,131.2
2736,3.78,11:10,170,131.2
2737,3.78,11:27,170,130.6
2738,3.78,10:43,169,130.6
2739,3.79,10:23,170,129.9
2740,3.79,10:18,169,129.9
2741,3.79,10:00,170,129.9
2742,3.79,9:56,170,129.9
2743,3.79,10:14,170,129.9
2744,3.79,9:56,170,129.9
2745,3.8,10:00,170,129.9
2746,3.8,10:09,170,129.9
2747,3.8,10:14,169,129.3
2748,3.8,10:38,170,129.3
2749,3.8,11:10,170,128.6
2750,3.8,11:16,171,128.6
2751,3.8,11:33,171,128.6
2752,3.81,11:33,169,128.6
2753,3.81,11:21,169,128.6
2754,3.81,11:16,169,128.0
2755,3.81,10:59,169,128.0
2756,3.81,10:48,169,128.0
2757,3.81,11:10,168,127.3
2758,3.81,10:48,168,127.3
2759,3.82,10:38,167,126.6
2760,3.82,10:33,168,126.6
2761,3.82,10:54,168,126.6
2762,3.82,10:33,167,126.0
2763,3.82,10:14,168,126.0
2764,3.82,10:23,167,126.0
2765,3.83,10:28,167,126.0
2766,3.83,10:14,167,125.3
2767,3.83,10:23,168,124.7
2768,3.83,11:27,167,124.7
2769,3.83,11:10,168,124.0
2770,3.83,11:27,168,124.0
2771,3.83,11:39,168,123.4
2772,3.84,11:21,167,123.4
2773,3.84,11:05,167,122.7
2774,3.84,11:10,168,122.0
2775,3.84,10:38,168,122.0
2776,3.84,10:18,168,122.0
2777,3.84,10:33,167,122.0
2778,3.85,10:43,168,122.0
2779,3.85,10:33,167,122.0
2780,3.85,10:48,168,121.4
2781,3.85,10:43,168,121.4
2782,3.85,10:33,169,120.7
2783,3.85,10:09,169,120.7
2784,3.86,10:33,170,120.7
2785,3.86,10:43,170,120.1
2786,3.86,10:33,170,120.1
2787,3.86,10:38,171,120.1
2788,3.86,11:05,172,120.1
2789,3.86,10:23,172,120.1
2790,3.86,10:09,173,120.7
2791,3.87,10:09,172,120.7
2792,3.87,9:43,172,121.4
2793,3.87,9:22,172,122.0
2794,3.87,9:51,173,122.7
2795,3.87,9:47,174,122.7
2796,3.87,10:14,174,122.7
2797,3.88,10:09,173,123.4
2798,3.88,10:09,173,123.4
2799,3.88,10:00,173,122.7
2800,3.88,9:56,174,122.7
2801,3.88,9:56,175,122.7
2802,3.88,10:38,175,122.7
2803,3.89,10:48,174,122.7
2804,3.89,11:21,174,123.4
2805,3.89,11:33,173,124.0
2806,3.89,11:05,174,124.0
2807,3.89,10:54,175,124.7
2808,3.89,10:28,175,125.3
2809,3.9,10:05,174,125.3
2810,3.9,10:28,173,126.0
2811,3.9,10:28,174,126.0
2812,3.9,10:23,174,126.0
2813,3.9,10:59,174,126.6
2814,3.9,10:54,175,126.6
2815,3.9,10:43,173,126.6
2816,3.91,10:54,173,126.6
2817,3.91,10:38,173,127.3
2818,3.91,10:09,174,127.3
2819,3.91,10:28,175,128.0
2820,3.91,10:38,173,128.0
2821,3.91,10:38,173,128.0
2822,3.92,11:10,173,128.6
2823,3.92,11:33,174,128.6
2824,3.92,11:10,174,129.3
2825,3.92,10:48,173,129.9
2826,3.92,10:48,172,129.9
2827,3.92,10:28,172,129.9
2828,3.93,10:18,172,129.9
2829,3.93,10:28,174,129.9
2830,3.93,10:33,173,129.9
2831,3.93,10:54,173,129.9
2832,3.93,10:59,172,129.9
2833,3.93,10:38,172,129.3
2834,3.93,10:38,172,129.3
2835,3.94,11:16,173,129.3
2836,3.94,11:05,173,128.6
2837,3.94,11:10,172,128.6
2838,3.94,12:11,171,128.6
2839,3.94,11:58,171,128.6
2840,3.94,11:33,170,128.6
2841,3.94,11:33,170,129.3
2842,3.95,11:16,171,129.3
2843,3.95,11:16,171,129.3
2844,3.95,11:39,171,129.3
2845,3.95,11:10,171,129.9
2846,3.95,11:05,171,129.9
2847,3.95,11:16,170,130.6
2848,3.95,11:16,170,130.6
2849,3.96,11:21,169,130.6
2850,3.96,11:45,170,130.6
2851,3.96,12:04,170,130.6
2852,3.96,11:58,171,130.6
2853,3.96,11:33,171,130.6
2854,3.96,11:33,171,130.6
2855,3.96,11:39,171,129.9
2856,3.97,11:21,170,129.9
2857,3.97,11:45,170,129.9
2858,3.97,11:45,170,129.9
2859,3.97,11:21,170,130.6
2860,3.97,11:27,170,130.6
2861,3.97,11:39,171,130.6
2862,3.97,11:33,170,131.2
2863,3.98,11:21,170,131.2
2864,3.98,10:38,169,131.9
2865,3.98,10:05,169,132.5
2866,3.98,9:43,170,133.2
2867,3.98,9:14,169,133.9
2868,3.99,9:22,169,133.9
2869,3.99,9:26,171,133.9
2870,3.99,9:43,171,134.5
2871,3.99,10:09,171,134.5
2872,3.99,10:28,171,134.5
2873,3.99,10:28,171,134.5
2874,3.99,11:21,171,134.5
2875,4.0,11:16,172,135.2
2876,4.0,10:28,171,135.2
2877,4.0,10:18,172,135.2
2878,4.0,10:28,172,134.5
2879,4.0,10:18,171,135.2
2880,4.0,10:14,172,135.8
2881,4.01,10:18,172,135.8
2882,4.01,10:38,172,135.8
2883,4.01,10:23,171,135.8
2884,4.01,10:18,172,135.8
2885,4.01,10:23,173,135.2
2886,4.01,10:48,173,135.2
2887,4.02,10:33,173,135.2
2888,4.02,10:18,173,135.2
2889,4.02,10:18,172,135.2
2890,4.02,10:18,174,135.2
2891,4.02,10:38,174,135.2
2892,4.02,10:48,174,135.2
2893,4.02,11:10,174,134.5
2894,4.03,10:59,173,134.5
2895,4.03,10:38,175,134.5
2896,4.03,10:05,175,134.5
2897,4.03,9:56,175,134.5
2898,4.03,9:56,174,134.5
2899,4.03,9:51,174,134.5
2900,4.04,10:09,174,134.5
2901,4.04,10:09,176,134.5
2902,4.04,10:05,175,134.5
2903,4.04,9:56,175,133.9
2904,4.04,9:51,174,133.9
2905,4.04,9:43,174,133.9
2906,4.05,10:00,175,133.2
2907,4.05,10:00,176,133.2
2908,4.05,10:09,176,133.2
2909,4.05,9:56,176,133.2
2910,4.05,10:18,175,132.5
2911,4.05,10:09,175,132.5
2912,4.06,10:14,176,131.9
2913,4.06,10:28,176,131.9
2914,4.06,10:59,176,131.2
2915,4.06,10:28,176,131.2
2916,4.06,10:23,175,131.2
2917,4.06,10:28,175,131.9
2918,4.07,9:56,175,131.9
2919,4.07,9:43,176,131.2
2920,4.07,9:22,174,131.2
2921,4.07,9:22,175,131.2
2922,4.07,9:30,174,130.6
2923,4.07,9:43,175,130.6
2924,4.08,10:00,175,130.6
2925,4.08,11:10,175,130.6
2926,4.08,11:16,174,129.9
2927,4.08,11:10,175,129.9
2928,4.08,11:45,176,129.9
2929,4.08,11:39,175,129.3
2930,4.08,11:16,175,129.3
2931,4.09,11:10,175,129.3
2932,4.09,10:54,175,128.6
2933,4.09,10:23,176,128.6
2934,4.09,10:28,174,128.6
2935,4.09,10:14,174,128.0
2936,4.09,10:38,175,128.0
2937,4.1,11:21,176,128.0
2938,4.1,12:18,175,128.0
2939,4.1,12:53,174,128.0
2940,4.1,13:58,174,128.0
2941,4.1,16:21,174,128.0
2942,4.1,18:37,174,127.3
2943,4.1,24:23,174,127.3
2944,4.1,30:28,173,126.6
2945,4.1,34:23,173,126.6
2946,4.1,26:49,174,126.0
2947,4.1,22:43,174,126.0
2948,4.11,15:57,173,126.0
2949,4.11,13:49,173,126.0
2950,4.11,12:53,173,126.0
2951,4.11,12:46,172,126.0
2952,4.11,12:46,172,126.0
2953,4.11,13:32,172,126.0
2954,4.11,15:04,172,125.3
2955,4.11,16:09,172,125.3
2956,4.11,16:58,171,124.7
2957,4.11,17:25,171,124.7
2958,4.12,17:52,171,124.7
2959,4.12,14:44,170,124.7
2960,4.12,14:44,169,124.7
2961,4.12,17:38,169,124.7
2962,4.12,21:37,168,124.0
2963,4.12,25:47,167,124.0
2964,4.12,34:23,167,124.7
2965,4.12,35:17,166,124.7
2966,4.12,26:49,166,125.3
2967,4.12,21:37,165,125.3
2968,4.12,17:52,164,126.0
2969,4.13,16:21,164,126.0
2970,4.13,15:35,163,126.0
2971,4.13,14:44,162,126.6
2972,4.13,15:04,162,126.6
2973,4.13,14:54,161,126.6
2974,4.13,15:35,161,126.6
2975,4.13,15:57,160,126.6
2976,4.13,17:11,160,126.6
2977,4.13,17:25,159,127.3
2978,4.13,20:01,157,127.3
2979,4.13,19:26,155,127.3
2980,4.14,18:22,154,128.0
2981,4.14,18:07,154,128.0
2982,4.14,17:38,154,128.0
2983,4.14,16:21,153,128.6
2984,4.14,16:45,153,128.6
2985,4.14,17:52,152,128.6
2986,4.14,17:25,152,128.6
2987,4.14,17:38,151,128.6
2988,4.14,19:43,151,128.6
2989,4.14,18:53,149,128.6
2990,4.15,16:58,149,128.6
2991,4.15,16:21,148,129.3
2992,4.15,15:57,148,129.3
2993,4.15,15:04,148,129.3
2994,4.15,16:09,147,129.9
2995,4.15,17:52,146,129.9
2996,4.15,20:37,145,129.9
2997,4.15,22:43,145,129.9
2998,4.15,22:43,143,129.9
2999,4.15,22:21,143,129.9
3000,4.15,21:37,142,130.6
3001,4.15,19:09,141,130.6
3002,4.16,16:45,140,131.2
3003,4.16,15:46,139,131.2
3004,4.16,16:21,138,131.2
3005,4.16,16:21,138,131.2
3006,4.16,16:21,137,131.2
3007,4.16,16:09,136,131.2
3008,4.16,16:45,135,131.2
3009,4.16,16:09,135,131.2
3010,4.16,16:21,135,131.2
3011,4.17,16:33,134,131.2
3012,4.17,17:52,134,131.2
3013,4.17,17:38,134,131.9
3014,4.17,18:22,134,131.9
3015,4.17,20:57,134,132.5
3016,4.17,22:43,133,132.5
3017,4.17,21:59,132,132.5
3018,4.17,23:56,131,132.5
3019,4.17,22:21,131,132.5
3020,4.17,19:09,131,132.5
3021,4.17,18:22,131,132.5
3022,4.17,16:21,132,132.5
3023,4.18,14:34,132,131.9
3024,4.18,13:16,134,131.9
3025,4.18,12:32,134,131.9
3026,4.18,10:33,134,131.9
3027,4.18,10:09,135,131.9
3028,4.18,9:34,136,131.9
3029,4.19,8:42,137,131.2
3030,4.19,8:13,139,131.2
3031,4.19,8:04,140,129.9
3032,4.19,7:56,140,129.9
3033,4.2,7:45,141,130.6
3034,4.2,8:16,142,130.6
3035,4.2,8:26,143,131.2
3036,4.2,8:42,144,131.2
3037,4.2,9:03,146,131.9
3038,4.2,9:30,147,131.9
3039,4.21,9:38,150,131.9
3040,4.21,9:56,150,132.5
3041,4.21,9:51,153,132.5
3042,4.21,9:34,155,132.5
3043,4.21,9:07,156,131.9
3044,4.22,8:35,157,131.9
3045,4.22,8:07,157,132.5
3046,4.22,7:56,159,132.5
3047,4.22,7:50,160,133.2
3048,4.22,8:10,162,133.9
3049,4.23,8:22,162,133.9
3050,4.23,8:35,163,133.2
3051,4.23,8:45,164,133.9
3052,4.23,8:56,164,133.9
3053,4.23,8:52,165,133.2
3054,4.23,9:00,166,133.2
3055,4.24,9:22,166,133.9
3056,4.24,9:51,166,133.9
3057,4.24,9:26,166,133.9
3058,4.24,9:18,167,133.9
3059,4.24,9:14,168,134.5
3060,4.25,9:03,168,134.5
3061,4.25,9:03,169,134.5
3062,4.25,9:26,169,135.2
3063,4.25,9:38,169,135.8
3064,4.25,9:30,171,135.8
3065,4.25,9:03,170,135.8
3066,4.26,8:49,170,135.8
3067,4.26,8:22,170,135.8
3068,4.26,8:01,171,135.8
3069,4.26,7:34,171,135.8
3070,4.27,7:39,171,135.8
3071,4.27,7:34,170,135.8
3072,4.27,7:53,170,135.8
3073,4.27,8:01,170,135.8
3074,4.27,8:39,170,135.8
3075,4.27,9:00,170,135.8
3076,4.28,9:14,170,135.8
3077,4.28,9:38,171,135.8
3078,4.28,10:05,171,135.8
3079,4.28,10:18,171,135.8
3080,4.28,10:14,171,135.2
3081,4.28,10:38,171,135.2
3082,4.29,10:00,170,135.2
3083,4.29,9:56,171,135.2
3084,4.29,10:00,172,135.2
3085,4.29,9:56,173,135.2
3086,4.29,9:43,173,135.2
3087,4.3,9:22,173,135.2
3088,4.3,9:00,173,134.5
3089,4.3,8:45,173,133.9
3090,4.3,8:29,174,133.9
3091,4.3,8:29,175,133.2
3092,4.3,9:18,176,132.5
3093,4.31,9:26,175,132.5
3094,4.31,9:38,174,132.5
3095,4.31,9:43,174,132.5
3096,4.31,9:14,176,132.5
3097,4.31,9:11,176,131.9
3098,4.32,9:22,175,131.9
3099,4.32,9:22,175,131.9
3100,4.32,9:56,175,131.2
3101,4.32,10:33,176,131.2
3102,4.32,10:33,175,131.2
3103,4.32,10:59,175,130.6
3104,4.32,11:05,175,130.6
3105,4.33,10:48,176,130.6
3106,4.33,10:43,176,129.9
3107,4.33,10:33,175,129.9
3108,4.33,10:05,176,129.9
3109,4.33,9:56,177,129.3
3110,4.33,9:47,177,129.3
3111,4.34,9:47,176,128.6
3112,4.34,9:43,176,128.6
3113,4.34,9:26,176,128.6
3114,4.34,9:22,177,128.0
3115,4.34,9:26,176,128.0
3116,4.35,9:14,176,128.0
3117,4.35,9:14,176,127.3
3118,4.35,10:00,177,127.3
3119,4.35,10:14,177,127.3
3120,4.35,10:33,176,126.6
3121,4.35,10:54,178,126.6
3122,4.35,11:10,177,126.6
3123,4.36,10:43,176,126.6
3124,4.36,10:59,177,126.0
3125,4.36,11:05,178,126.0
3126,4.36,10:54,177,126.0
3127,4.36,10:33,176,126.0
3128,4.36,10:18,177,125.3
3129,4.37,10:00,178,125.3
3130,4.37,9:47,177,125.3
3131,4.37,9:43,176,125.3
3132,4.37,9:51,176,124.7
3133,4.37,9:43,178,124.7
3134,4.37,9:51,176,124.0
3135,4.38,9:47,176,124.0
3136,4.38,9:38,177,123.4
3137,4.38,9:30,178,123.4
3138,4.38,10:54,176,123.4
3139,4.38,11:39,175,123.4
3140,4.38,12:25,177,123.4
3141,4.38,13:58,176,122.7
3142,4.38,14:44,175,122.7
3143,4.39,13:01,176,122.0
3144,4.39,12:11,177,122.0
3145,4.39,11:45,175,122.0
3146,4.39,10:48,175,122.7
3147,4.39,10:43,175,123.4
3148,4.39,10:23,176,124.7
3149,4.4,10:38,175,125.3
3150,4.4,10:33,175,126.0
3151,4.4,10:43,175,126.0
3152,4.4,10:33,175,126.0
3153,4.4,10:43,175,125.3
3154,4.4,10:48,175,126.0
3155,4.41,10:28,177,126.0
3156,4.41,10:38,175,126.0
3157,4.41,10:43,175,126.6
3158,4.41,10:23,176,126.6
3159,4.41,10:14,177,127.3
3160,4.41,10:00,177,127.3
3161,4.42,9:47,176,126.6
3162,4.42,9:34,175,126.6
3163,4.42,9:34,177,126.6
3164,4.42,9:03,175,126.6
3165,4.42,9:34,174,127.3
3166,4.42,9:26,176,128.0
3167,4.43,9:03,176,128.0
3168,4.43,9:18,175,128.0
3169,4.43,9:26,175,128.0
3170,4.43,9:18,176,128.0
3171,4.43,9:56,175,129.3
3172,4.43,11:33,176,129.9
3173,4.43,13:24,174,131.9
3174,4.43,16:09,175,133.2
3175,4.44,18:22,175,133.9
3176,4.44,18:53,176,133.9
3177,4.44,18:37,175,133.9
3178,4.44,16:58,175,133.9
3179,4.44,15:24,175,133.2
3180,4.44,14:54,175,133.2
3181,4.44,15:24,175,132.5
3182,4.44,15:57,174,132.5
3183,4.44,16:45,174,131.9
3184,4.45,16:58,174,131.9
3185,4.45,18:22,174,131.9
3186,4.45,18:53,173,131.9
3187,4.45,18:07,174,132.5
3188,4.45,17:25,173,132.5
3189,4.45,17:38,172,133.2
3190,4.45,16:09,171,133.2
3191,4.45,16:21,171,133.2
3192,4.45,17:25,171,133.2
3193,4.45,19:09,170,133.2
3194,4.45,20:57,170,133.2
3195,4.45,24:50,169,133.9
3196,4.46,24:50,169,133.9
3197,4.46,22:43,168,133.9
3198,4.46,21:17,168,133.9
3199,4.46,19:09,168,133.9
3200,4.46,17:11,167,134.5
3201,4.46,16:58,166,134.5
3202,4.46,17:52,166,134.5
3203,4.46,17:52,166,134.5
3204,4.46,18:37,165,134.5
3205,4.46,20:01,165,133.9
3206,4.46,20:19,164,133.9
3207,4.47,20:01,164,133.2
3208,4.47,20:37,164,132.5
3209,4.47,19:09,163,133.2
3210,4.47,17:38,161,133.2
3211,4.47,17:25,161,133.9
3212,4.47,17:11,160,134.5
3213,4.47,16:58,160,133.9
3214,4.47,18:53,159,133.9
3215,4.47,20:57,158,133.9
3216,4.47,21:17,157,133.9
3217,4.47,21:37,157,133.9
3218,4.47,20:57,157,133.9
3219,4.48,19:26,154,133.9
3220,4.48,18:22,154,133.2
3221,4.48,16:58,153,133.2
3222,4.48,16:09,153,133.9
3223,4.48,15:57,152,133.9
3224,4.48,16:21,151,133.9
3225,4.48,16:58,149,133.2
3226,4.48,17:52,149,133.2
3227,4.48,19:09,147,131.9
3228,4.48,20:37,147,131.2
3229,4.48,23:07,147,131.2
3230,4.49,19:43,147,130.6
3231,4.49,20:57,147,131.2
3232,4.49,20:01,145,132.5
3233,4.49,18:37,144,133.9
3234,4.49,16:21,145,134.5
3235,4.49,17:25,144,135.8
3236,4.49,16:21,143,135.8
3237,4.49,15:35,143,135.8
3238,4.49,15:35,142,135.8
3239,4.49,16:33,143,135.8
3240,4.5,16:21,144,135.8
3241,4.5,15:57,144,135.2
3242,4.5,15:57,144,135.2
3243,4.5,15:46,144,135.2
3244,4.5,15:14,144,135.2
3245,4.5,15:35,144,135.2
3246,4.5,16:21,143,135.2
3247,4.5,17:11,142,135.2
3248,4.5,18:53,142,135.2
3249,4.5,20:01,142,135.2
3250,4.51,20:37,143,135.2
3251,4.51,20:37,143,135.2
3252,4.51,19:43,143,135.2
3253,4.51,17:25,143,135.2
3254,4.51,15:35,144,135.2
3255,4.51,14:25,145,135.2
3256,4.51,12:25,145,135.2
3257,4.51,10:43,148,135.2
3258,4.52,8:56,148,135.2
3259,4.52,8:04,148,134.5
3260,4.52,7:05,150,134.5
3261,4.53,6:28,153,133.9
3262,4.53,6:05,154,133.9
3263,4.53,6:05,155,133.9
3264,4.53,5:48,155,133.9
3265,4.54,5:48,155,133.9
3266,4.54,5:39,161,133.2
3267,4.54,5:45,163,133.2
3268,4.55,5:51,165,132.5
3269,4.55,6:04,167,132.5
3270,4.55,6:14,168,131.9
3271,4.55,6:26,171,132.5
3272,4.56,6:21,171,133.2
3273,4.56,6:05,173,133.9
3274,4.56,5:59,175,134.5
3275,4.56,5:52,175,134.5
3276,4.57,5:51,176,134.5
3277,4.57,5:54,177,133.9
3278,4.57,6:05,178,133.2
3279,4.58,6:09,178,132.5
3280,4.58,6:12,178,132.5
3281,4.58,6:07,178,131.9
3282,4.58,6:10,178,131.9
3283,4.59,5:52,178,131.9
3284,4.59,5:43,178,132.5
3285,4.59,5:28,178,132.5
3286,4.6,5:29,178,132.5
3287,4.6,5:19,178,133.2
3288,4.6,5:29,177,132.5
3289,4.6,5:36,178,132.5
3290,4.61,5:45,179,132.5
3291,4.61,5:54,180,131.9
3292,4.61,6:00,180,130.6
3293,4.62,6:04,181,129.9
3294,4.62,5:54,182,130.6
3295,4.62,6:10,183,129.9
3296,4.62,6:10,184,129.3
3297,4.63,6:25,185,128.6
3298,4.63,6:28,185,128.0
3299,4.63,6:38,186,127.3
3300,4.63,6:26,187,127.3
3301,4.64,6:26,188,127.3
3302,4.64,6:21,188,128.0
3303,4.64,6:32,189,128.6
3304,4.64,7:08,190,129.3
3305,4.64,7:56,190,129.9
3306,4.65,8:56,191,130.6
3307,4.65,10:18,191,131.2
3308,4.65,11:33,190,131.2
3309,4.65,12:18,190,131.2
3310,4.65,13:08,189,131.2
3311,4.65,12:25,186,131.2
3312,4.65,13:01,186,131.2
3313,4.65,13:41,185,131.2
3314,4.66,14:54,184,131.2
3315,4.66,15:04,185,131.2
3316,4.66,19:09,184,130.6
3317,4.66,22:21,183,130.6
3318,4.66,23:56,182,130.6
3319,4.66,23:31,182,130.6
3320,4.66,24:23,182,130.6
3321,4.66,22:43,181,130.6
3322,4.66,20:19,181,131.2
3323,4.66,21:17,180,131.2
3324,4.66,21:37,179,131.2
3325,4.66,21:59,179,131.9
3326,4.66,23:07,179,131.9
3327,4.67,21:59,178,132.5
3328,4.67,19:09,177,132.5
3329,4.67,17:11,178,132.5
3330,4.67,16:33,178,132.5
3331,4.67,15:35,177,131.9
3332,4.67,15:57,177,131.9
3333,4.67,17:25,176,131.9
3334,4.67,20:19,176,132.5
3335,4.67,22:43,176,132.5
3336,4.67,23:07,175,133.2
3337,4.67,23:07,175,133.2
3338,4.68,21:37,175,133.2
3339,4.68,18:37,174,133.2
3340,4.68,16:09,175,133.2
3341,4.68,15:46,174,133.2
3342,4.68,14:54,173,133.2
3343,4.68,14:34,173,133.2
3344,4.68,15:46,173,133.2
3345,4.68,17:25,172,133.2
3346,4.68,18:37,172,133.9
3347,4.68,20:01,171,133.2
3348,4.68,20:37,171,133.2
3349,4.69,20:19,171,133.2
3350,4.69,18:53,170,133.2
3351,4.69,18:37,169,133.2
3352,4.69,19:09,169,133.2
3353,4.69,19:09,168,133.9
3354,4.69,19:09,168,133.9
3355,4.69,19:26,167,133.9
3356,4.69,19:26,167,133.9
3357,4.69,19:09,166,133.2
3358,4.69,19:26,166,133.2
3359,4.69,20:01,164,133.2
3360,4.7,20:37,164,132.5
3361,4.7,20:19,164,132.5
3362,4.7,20:57,163,131.9
3363,4.7,20:01,163,131.9
3364,4.7,19:43,161,131.9
3365,4.7,20:01,161,131.9
3366,4.7,20:57,160,131.9
3427,4.7,766:21,142,145.0
3428,4.7,687:45,144,145.0
3429,4.7,432:37,144,145.0
3430,4.7,291:32,143,145.0
3431,4.7,219:51,143,144.4
3432,4.71,14:54,143,144.4
3433,4.71,14:07,144,144.4
3434,4.71,12:46,143,144.4
3435,4.71,12:25,143,144.4
3436,4.71,12:11,142,145.0
3437,4.71,12:53,142,144.4
3438,4.71,12:39,141,144.4
3439,4.71,13:32,142,144.4
3440,4.72,13:49,141,143.7
3441,4.72,13:08,140,143.7
3442,4.72,13:24,141,143.7
3443,4.72,12:53,141,143.7
3444,4.72,12:53,142,144.4
3445,4.72,13:01,143,145.0
3446,4.72,13:58,144,145.0
3447,4.73,12:11,144,145.0
3448,4.73,12:46,145,145.7
3449,4.73,12:32,146,145.7
3450,4.73,11:52,147,145.7
3451,4.73,11:16,147,145.7
3452,4.73,12:04,149,145.7
3453,4.73,12:11,150,145.0
3454,4.73,12:18,150,145.0
3455,4.74,12:32,150,145.7
3456,4.74,13:01,151,145.7
3457,4.74,13:08,153,145.7
3458,4.74,12:18,154,145.7
3459,4.74,12:11,155,145.7
3460,4.74,12:18,156,145.7
3461,4.74,12:46,156,145.7
3462,4.75,12:39,157,145.7
3463,4.75,12:53,157,145.7
3464,4.75,12:32,157,145.7
3465,4.75,11:58,158,145.7
3466,4.75,11:45,158,145.0
3467,4.75,11:52,158,145.0
3468,4.75,12:39,159,144.4
3469,4.76,12:18,159,144.4
3470,4.76,12:46,159,144.4
3471,4.76,12:25,160,143.7
3472,4.76,11:33,160,143.7
3473,4.76,10:23,161,143.0
3474,4.76,10:28,162,143.0
3475,4.76,10:48,162,143.7
3476,4.77,10:48,163,144.4
3477,4.77,11:27,163,144.4
3478,4.77,11:58,163,144.4
3479,4.77,12:18,163,144.4
3480,4.77,12:46,163,144.4
3481,4.77,13:01,163,144.4
3482,4.77,13:01,163,144.4
3483,4.77,13:08,163,144.4
3484,4.78,12:53,163,144.4
3485,4.78,12:04,163,144.4
3486,4.78,11:52,163,144.4
3487,4.78,11:58,164,145.0
3488,4.78,12:46,163,145.0
3489,4.78,13:58,163,145.7
3490,4.78,14:54,164,145.7
3491,4.78,18:07,164,145.7
3492,4.78,20:19,164,145.7
3493,4.79,20:19,163,146.3
3494,4.79,17:52,164,146.3
3495,4.79,16:21,163,146.3
3496,4.79,13:41,164,147.0
3497,4.79,12:18,164,147.0
3498,4.79,11:33,163,147.6
3499,4.79,12:39,164,147.6
3500,4.79,13:24,164,148.3
3501,4.8,12:25,163,149.0
3502,4.8,12:11,163,149.6
3503,4.8,12:39,164,149.6
3504,4.8,11:45,164,150.3
3505,4.8,11:05,165,150.3
3506,4.8,12:04,165,150.9
3507,4.8,12:11,164,150.9
3508,4.81,12:32,164,150.3
3509,4.81,13:01,164,150.3
3510,4.81,13:49,164,150.3
3511,4.81,15:46,164,149.6
3512,4.81,16:33,164,149.6
3513,4.81,18:53,165,150.3
3514,4.81,17:52,166,150.9
3515,4.81,17:25,166,151.6
3516,4.81,14:34,166,152.2
3517,4.82,13:41,166,152.2
3518,4.82,12:04,165,152.9
3519,4.82,12:46,167,152.9
3520,4.82,13:16,167,152.9
3521,4.82,13:58,168,152.9
3522,4.82,14:44,167,153.5
3523,4.82,14:25,167,153.5
3524,4.82,14:07,167,154.2
3525,4.82,14:34,167,154.2
3526,4.83,15:24,168,154.2
3527,4.83,15:57,169,154.9
3528,4.83,18:37,169,154.9
3529,4.83,18:37,168,155.5
3530,4.83,17:11,168,155.5
3531,4.83,16:21,169,155.5
3532,4.83,15:04,170,156.2
3533,4.83,13:32,170,156.2
3534,4.83,13:49,169,156.2
3535,4.84,13:32,169,156.8
3536,4.84,13:01,169,156.8
3537,4.84,13:32,170,157.5
3538,4.84,13:41,170,157.5
3539,4.84,13:24,169,157.5
3540,4.84,13:32,168,158.1
3541,4.84,13:32,169,158.1
3542,4.85,12:04,170,158.8
3543,4.85,12:04,171,159.4
3544,4.85,12:53,169,159.4
3545,4.85,13:01,169,159.4
3546,4.85,13:16,170,159.4
3547,4.85,14:25,170,159.4
3548,4.85,14:16,170,158.8
3549,4.85,12:25,170,158.8
3550,4.86,11:33,170,158.1
3551,4.86,11:05,171,157.5
3552,4.86,10:54,170,156.8
3553,4.86,10:18,170,156.8
3554,4.86,10:18,169,156.8
3555,4.86,10:48,169,156.8
3556,4.87,10:33,169,156.2
3557,4.87,10:23,168,156.2
3558,4.87,10:14,169,155.5
3559,4.87,10:00,169,155.5
3560,4.87,9:38,168,155.5
3561,4.87,9:38,168,154.9
3562,4.88,9:51,167,154.9
3563,4.88,10:14,169,154.9
3564,4.88,10:48,169,154.9
3565,4.88,10:54,170,154.9
3566,4.88,11:27,169,154.2
3567,4.88,11:45,168,154.2
3568,4.88,11:45,168,154.2
3569,4.89,11:10,168,153.5
3570,4.89,11:52,169,153.5
3571,4.89,11:52,169,152.9
3572,4.89,12:11,168,152.2
3573,4.89,12:25,168,152.2
3574,4.89,13:24,168,152.2
3575,4.89,12:39,169,152.2
3576,4.89,13:08,168,152.2
3577,4.9,13:41,168,152.2
3578,4.9,13:49,168,152.2
3579,4.9,13:24,167,152.2
3580,4.9,14:07,169,152.2
3581,4.9,13:08,168,152.2
3582,4.9,12:25,168,152.2
3583,4.9,12:04,168,152.2
3584,4.91,11:10,169,151.6
3585,4.91,10:28,169,151.6
3586,4.91,10:18,169,151.6
3587,4.91,9:51,167,151.6
3588,4.91,9:56,168,150.9
3589,4.91,10:28,168,150.9
3590,4.91,11:21,168,150.9
3591,4.92,12:46,169,150.9
3592,4.92,14:44,170,150.9
3593,4.92,15:14,169,150.9
3594,4.92,16:21,168,151.6
3595,4.92,16:45,167,151.6
3596,4.92,15:57,168,151.6
3597,4.92,15:35,168,151.6
3598,4.92,17:52,169,151.6
3599,4.92,18:22,170,152.2
3600,4.92,18:37,168,152.2
3601,4.93,17:25,169,152.2
3602,4.93,15:57,169,151.6
3603,4.93,13:49,170,151.6
3604,4.93,13:08,170,151.6
3605,4.93,11:45,170,151.6
3606,4.93,11:05,170,152.2
3607,4.93,10:48,172,152.2
3608,4.94,9:56,171,152.2
3609,4.94,9:38,171,152.2
3610,4.94,10:00,171,152.2
3611,4.94,10:43,171,152.2
3612,4.94,10:48,170,152.2
3613,4.94,11:33,171,152.2
3614,4.94,11:58,171,152.2
3615,4.95,11:39,172,152.2
3616,4.95,11:39,170,152.2
3617,4.95,11:45,170,152.9
3618,4.95,11:52,170,152.9
3619,4.95,11:45,171,152.9
3620,4.95,12:04,171,152.9
3621,4.95,11:45,171,152.9
3622,4.96,12:11,171,152.9
3623,4.96,12:53,171,152.9
3624,4.96,13:32,172,152.9
3625,4.96,13:58,170,152.9
3626,4.96,13:58,170,152.9
3627,4.96,14:07,170,152.9
3628,4.96,13:58,170,152.9
3629,4.96,14:25,171,152.9
3630,4.97,14:07,171,152.9
3631,4.97,14:07,171,152.9
3632,4.97,12:04,170,152.9
3633,4.97,12:18,170,152.9
3634,4.97,11:45,170,152.9
3635,4.97,11:16,171,152.9
3636,4.97,10:48,170,152.9
3637,4.98,11:16,170,152.9
3638,4.98,10:23,171,152.9
3639,4.98,10:14,171,153.5
3640,4.98,10:48,172,153.5
3641,4.98,11:39,172,153.5
3642,4.98,12:46,171,153.5
3643,4.98,12:53,171,153.5
3644,4.99,12:32,172,153.5
3645,4.99,12:04,171,153.5
3646,4.99,12:04,170,152.9
3647,4.99,11:52,170,152.9
3648,4.99,12:39,171,152.9
3649,4.99,13:32,170,153.5
3650,4.99,14:34,170,152.9
3651,4.99,14:34,171,152.9
3652,5.0,13:08,170,152.9
3653,5.0,13:32,170,153.5
3654,5.0,12:46,170,153.5
3655,5.0,11:45,172,153.5
3656,5.0,11:45,172,153.5
3657,5.0,12:53,171,153.5
3658,5.0,12:18,171,153.5
3659,5.0,13:16,172,153.5
3660,5.01,14:07,173,153.5
3661,5.01,14:34,172,153.5
3662,5.01,15:35,171,153.5
3663,5.01,16:09,171,153.5
3664,5.01,15:24,173,152.9
3665,5.01,16:09,174,152.9
3666,5.01,15:24,173,152.9
3667,5.01,14:07,173,152.9
3668,5.02,13:41,174,153.5
3669,5.02,13:58,174,153.5
3670,5.02,12:53,173,154.2
3671,5.02,13:01,173,154.9
3672,5.02,14:07,174,154.9
3673,5.02,14:34,173,154.9
3674,5.02,14:16,173,154.9
3675,5.02,15:04,173,154.9
3676,5.02,15:35,174,154.9
3677,5.03,14:54,174,154.9
3678,5.03,13:58,173,154.9
3679,5.03,13:01,173,154.9
3680,5.03,11:52,174,154.9
3681,5.03,10:54,174,154.9
3682,5.03,10:18,174,155.5
3683,5.04,9:00,174,155.5
3684,5.04,8:42,174,155.5
3685,5.04,8:16,175,155.5
3686,5.04,8:26,174,155.5
3687,5.04,8:39,173,156.2
3688,5.04,9:51,172,156.2
3689,5.05,9:51,175,156.2
3690,5.05,10:48,174,156.2
3691,5.05,10:43,173,156.2
3692,5.05,10:28,174,156.2
3693,5.05,10:09,173,156.2
3694,5.05,10:54,174,156.2
3695,5.06,11:27,174,156.8
3696,5.06,11:21,175,156.8
3697,5.06,11:45,175,156.8
3698,5.06,12:32,174,156.8
3699,5.06,12:39,175,156.8
3700,5.06,12:46,176,156.2
3701,5.06,13:41,175,156.8
3702,5.06,13:24,174,156.8
3703,5.07,13:32,174,156.8
3704,5.07,13:32,175,156.8
3705,5.07,13:08,176,156.8
3706,5.07,13:16,175,157.5
3707,5.07,13:24,175,157.5
3708,5.07,13:16,175,157.5
3709,5.07,12:46,175,157.5
3710,5.07,12:18,174,157.5
3711,5.08,11:45,174,158.1
3712,5.08,12:04,176,158.8
3713,5.08,11:39,177,158.8
3714,5.08,11:52,174,159.4
3715,5.08,12:11,175,160.1
3716,5.08,12:39,176,160.1
3717,5.08,12:25,175,160.1
3718,5.09,12:39,175,160.1
3719,5.09,12:32,175,160.1
3720,5.09,12:11,176,160.1
3721,5.09,11:33,174,160.1
3722,5.09,11:10,175,160.1
3723,5.09,11:10,176,160.1
3724,5.09,11:39,175,160.8
3725,5.1,12:18,175,160.8
3726,5.1,12:53,175,162.1
3727,5.1,13:41,175,162.1
3728,5.1,14:25,175,162.7
3729,5.1,14:54,176,163.4
3730,5.1,15:04,176,163.4
3731,5.1,17:52,176,163.4
3732,5.1,21:59,176,163.4
3733,5.1,24:23,176,163.4
3734,5.1,23:07,175,164.0
3735,5.1,20:37,177,164.0
3736,5.11,16:09,176,164.0
3737,5.11,13:08,174,164.7
3738,5.11,11:16,174,164.7
3739,5.11,10:09,176,164.7
3740,5.11,9:56,176,164.7
3741,5.11,10:43,175,164.7
3742,5.12,10:54,175,165.4
3743,5.12,11:33,175,165.4
3744,5.12,13:01,175,165.4
3745,5.12,14:16,175,165.4
3746,5.12,13:49,176,165.4
3747,5.12,14:16,175,166.0
3748,5.12,13:49,175,166.0
3749,5.12,13:16,176,166.0
3750,5.13,12:39,176,166.0
3751,5.13,11:21,176,166.7
3752,5.13,10:48,176,167.3
3753,5.13,10:48,176,167.3
3754,5.13,10:33,176,168.0
3755,5.13,10:33,176,168.0
3756,5.13,11:16,177,168.0
3757,5.14,12:04,177,168.0
3758,5.14,12:32,176,168.0
3759,5.14,13:24,175,168.0
3760,5.14,14:34,177,168.0
3761,5.14,15:57,176,168.0
3762,5.14,15:24,176,168.0
3763,5.14,15:46,177,168.6
3764,5.14,15:24,177,168.6
3765,5.14,14:54,176,168.6
3766,5.15,13:08,177,168.6
3767,5.15,12:39,177,169.3
3768,5.15,12:11,176,169.3
3769,5.15,12:04,176,169.3
3770,5.15,11:58,177,169.9
3771,5.15,12:18,176,169.9
3772,5.15,12:39,175,170.6
3773,5.16,12:18,177,170.6
3774,5.16,11:21,177,171.3
3775,5.16,11:21,176,171.3
3776,5.16,10:43,176,171.3
3777,5.16,10:18,177,171.3
3778,5.16,10:38,175,171.3
3779,5.17,11:05,175,170.6
3780,5.17,11:05,175,170.6
3781,5.17,12:39,176,170.6
3782,5.17,14:07,175,170.6
3783,5.17,15:24,175,171.3
3784,5.17,17:52,176,171.3
3785,5.17,18:22,174,171.9
3786,5.17,16:09,175,171.9
3787,5.17,15:14,175,171.9
3788,5.18,14:16,175,171.9
3789,5.18,13:24,175,171.9
3790,5.18,13:08,175,171.9
3791,5.18,11:16,177,171.3
3792,5.18,10:18,178,171.3
3793,5.18,10:00,176,171.3
3794,5.18,9:38,175,171.3
3795,5.19,9:47,176,171.3
3796,5.19,11:39,176,171.9
3797,5.19,12:32,176,171.9
3798,5.19,12:32,174,171.9
3799,5.19,13:16,175,172.6
3800,5.19,13:24,175,172.6
3801,5.19,13:08,175,173.2
3802,5.19,14:07,176,173.2
3803,5.2,15:04,176,173.9
3804,5.2,14:34,178,173.9
3805,5.2,13:49,178,173.9
3806,5.2,13:49,177,174.5
3807,5.2,12:53,176,174.5
3808,5.2,12:25,176,174.5
3809,5.2,12:25,175,174.5
3810,5.21,11:39,176,173.9
3811,5.21,11:52,176,173.9
3812,5.21,12:25,175,173.9
3813,5.21,12:32,174,174.5
3814,5.21,13:32,175,174.5
3815,5.21,14:54,175,174.5
3816,5.21,14:25,175,175.2
3817,5.21,14:07,174,175.2
3818,5.21,14:34,174,175.2
3819,5.22,13:32,174,175.9
3820,5.22,12:53,174,175.9
3821,5.22,13:01,175,175.9
3822,5.22,12:32,176,175.9
3823,5.22,12:04,177,175.9
3824,5.22,11:45,176,175.9
3825,5.22,11:45,174,175.9
3826,5.23,11:21,176,175.9
3827,5.23,11:21,176,175.9
3828,5.23,10:54,175,175.9
3829,5.23,10:54,174,176.5
3830,5.23,10:54,174,176.5
3831,5.23,10:59,176,175.9
3832,5.24,10:59,174,175.9
3833,5.24,11:39,175,175.2
3834,5.24,11:45,174,175.2
3835,5.24,12:18,174,175.2
3836,5.24,12:53,175,175.2
3837,5.24,13:58,175,175.2
3838,5.24,13:49,174,175.9
3839,5.24,13:58,175,175.9
3840,5.25,13:24,176,177.2
3841,5.25,13:49,175,177.8
3842,5.25,13:01,175,177.8
3843,5.25,12:53,175,178.5
3844,5.25,13:16,176,178.5
3845,5.25,13:32,175,178.5
3846,5.25,12:46,175,178.5
3847,5.25,13:01,176,179.1
3848,5.26,12:53,176,179.8
3849,5.26,12:39,175,179.8
3850,5.26,12:53,174,180.4
3851,5.26,14:16,174,181.1
3852,5.26,13:58,176,181.1
3853,5.26,13:58,176,181.8
3854,5.26,13:49,174,182.4
3855,5.26,13:24,174,183.1
3856,5.27,11:58,176,183.1
3857,5.27,11:33,176,183.1
3858,5.27,11:33,175,183.1
3859,5.27,11:39,175,183.1
3860,5.27,11:39,176,183.1
3861,5.27,11:52,175,182.4
3862,5.27,13:08,176,182.4
3863,5.27,13:08,174,182.4
3864,5.28,13:16,175,182.4
3865,5.28,13:41,176,182.4
3866,5.28,13:32,174,183.1
3867,5.28,12:53,174,183.1
3868,5.28,12:46,174,183.7
3869,5.28,12:04,174,183.7
3870,5.28,11:58,174,183.7
3871,5.29,12:04,173,183.7
3872,5.29,12:04,174,183.7
3873,5.29,12:53,175,184.4
3874,5.29,13:32,175,184.4
3875,5.29,13:32,174,184.4
3876,5.29,13:41,175,184.4
3877,5.29,13:32,174,185.0
3878,5.29,12:39,173,185.0
3879,5.3,12:32,174,185.0
3880,5.3,12:18,174,185.0
3881,5.3,12:46,173,184.4
3882,5.3,12:04,173,184.4
3883,5.3,11:45,173,183.7
3884,5.3,11:33,174,183.7
3885,5.3,11:27,173,183.7
3886,5.31,10:54,173,183.7
3887,5.31,11:39,174,184.4
3888,5.31,11:52,174,185.0
3889,5.31,12:04,173,185.7
3890,5.31,12:32,174,185.7
3891,5.31,13:08,175,185.7
3892,5.31,13:16,175,185.7
3893,5.31,14:25,175,185.7
3894,5.32,14:54,174,185.7
3895,5.32,14:54,174,185.7
3896,5.32,15:04,175,185.7
3897,5.32,14:25,174,185.7
3898,5.32,13:32,174,185.0
3899,5.32,12:53,174,185.0
3900,5.32,12:04,174,185.0
3901,5.33,11:16,174,185.7
3902,5.33,11:27,173,185.7
3903,5.33,11:27,175,186.4
3904,5.33,12:18,174,186.4
3905,5.33,13:01,173,187.0
3906,5.33,13:32,174,187.0
3907,5.33,13:41,175,187.0
3908,5.33,13:49,175,187.0
3909,5.34,13:01,175,187.0
3910,5.34,12:39,175,187.7
3911,5.34,12:39,176,187.7
3912,5.34,12:53,175,187.7
3913,5.34,13:08,176,187.7
3914,5.34,13:32,176,187.7
3915,5.34,14:07,176,187.7
3916,5.34,14:16,176,187.7
3917,5.34,13:41,177,187.7
3918,5.35,12:53,175,187.7
3919,5.35,12:32,176,187.7
3920,5.35,12:32,176,187.0
3921,5.35,12:04,177,187.0
3922,5.35,12:32,178,187.0
3923,5.35,13:49,178,187.0
3924,5.35,15:04,178,187.0
3925,5.35,15:46,176,186.4
3926,5.36,16:33,175,186.4
3927,5.36,14:34,177,186.4
3928,5.36,13:24,176,186.4
3929,5.36,12:46,175,186.4
3930,5.36,11:39,176,186.4
3931,5.36,11:05,177,186.4
3932,5.36,11:52,176,186.4
3933,5.37,12:25,175,186.4
3934,5.37,12:53,175,186.4
3935,5.37,13:41,176,187.0
3936,5.37,13:58,175,187.0
3937,5.37,14:25,174,187.7
3938,5.37,13:41,174,187.7
3939,5.37,12:39,176,187.7
3940,5.37,12:32,174,187.7
3941,5.38,12:25,174,187.7
3942,5.38,11:27,174,187.7
3943,5.38,11:52,176,187.7
3944,5.38,11:58,176,187.7
3945,5.38,11:52,174,187.7
3946,5.38,12:25,174,187.7
3947,5.38,12:39,175,187.7
3948,5.39,12:25,176,187.7
3949,5.39,12:39,174,187.7
3950,5.39,12:32,174,187.0
3951,5.39,11:52,174,187.0
3952,5.39,11:33,174,186.4
3953,5.39,10:48,174,186.4
3954,5.39,10:38,174,186.4
3955,5.4,11:10,174,187.0
3956,5.4,12:04,173,187.0
3957,5.4,12:46,173,187.0
3958,5.4,14:44,173,187.7
3959,5.4,14:25,174,187.7
3960,5.4,14:16,174,187.7
3961,5.4,13:24,173,187.7
3962,5.4,13:01,173,187.7
3963,5.41,11:45,174,188.3
3964,5.41,11:52,175,187.7
3965,5.41,10:59,175,187.7
3966,5.41,11:05,173,187.7
3967,5.41,11:27,175,187.7
3968,5.41,11:39,174,188.3
3969,5.41,11:45,175,188.3
3970,5.42,12:11,175,188.3
3971,5.42,12:32,174,188.3
3972,5.42,12:25,174,189.0
3973,5.42,12:25,174,189.0
3974,5.42,12:39,176,189.0
3975,5.42,12:53,176,189.0
3976,5.42,13:01,175,189.6
3977,5.42,12:46,174,189.6
3978,5.43,11:58,175,189.6
3979,5.43,11:39,175,190.3
3980,5.43,11:05,176,190.3
3981,5.43,10:43,175,190.9
3982,5.43,10:43,174,190.9
3983,5.43,11:52,174,191.6
3984,5.43,12:04,176,191.6
3985,5.44,12:46,175,192.3
3986,5.44,13:32,175,192.3
3987,5.44,13:58,175,192.3
3988,5.44,13:41,176,192.3
3989,5.44,13:01,174,192.9
3990,5.44,12:46,174,192.9
3991,5.44,11:21,174,193.6
3992,5.45,10:48,175,193.6
3993,5.45,10:33,176,193.6
3994,5.45,10:54,175,193.6
3995,5.45,11:21,174,193.6
3996,5.45,11:27,175,193.6
3997,5.45,11:45,176,193.6
3998,5.45,11:58,176,193.6
3999,5.46,11:33,175,193.6
4000,5.46,10:43,176,193.6
4001,5.46,11:05,176,192.9
4002,5.46,10:54,176,192.9
4003,5.46,10:59,175,192.9
4004,5.46,11:33,175,192.9
4005,5.46,11:33,175,192.9
4006,5.47,12:04,176,193.6
4007,5.47,11:58,176,193.6
4008,5.47,11:45,175,193.6
4009,5.47,11:33,176,194.2
4010,5.47,11:52,176,194.2
4011,5.47,11:21,175,194.9
4012,5.47,11:45,175,194.9
4013,5.48,11:58,178,194.9
4014,5.48,11:52,176,195.5
4015,5.48,12:18,177,195.5
4016,5.48,13:08,176,196.2
4017,5.48,13:16,177,196.2
4018,5.48,13:24,177,196.2
4019,5.48,13:08,176,196.2
4020,5.49,12:04,177,196.2
4021,5.49,11:33,178,196.2
4022,5.49,11:58,176,196.2
4023,5.49,11:58,175,196.2
4024,5.49,11:58,176,196.9
4025,5.49,12:32,177,196.9
4026,5.49,12:18,177,196.9
4027,5.49,12:04,176,196.9
4028,5.5,11:45,178,197.5
4029,5.5,12:04,178,197.5
4030,5.5,12:25,177,197.5
4031,5.5,12:39,177,197.5
4032,5.5,12:11,177,196.9
4033,5.5,12:04,178,196.9
4034,5.5,12:11,177,196.9
4035,5.51,11:58,176,196.2
4036,5.51,12:11,177,196.9
4037,5.51,11:58,177,196.9
4038,5.51,12:04,176,196.9
4039,5.51,12:32,177,197.5
4040,5.51,12:25,177,197.5
4041,5.51,11:58,176,197.5
4042,5.52,12:32,177,197.5
4043,5.52,12:53,178,197.5
4044,5.52,11:52,176,198.2
4045,5.52,11:33,177,198.2
4046,5.52,11:39,178,198.2
4047,5.52,11:33,178,198.2
4048,5.52,11:45,178,198.8
4049,5.53,11:33,178,198.8
4050,5.53,12:04,177,198.8
4051,5.53,12:11,177,198.8
4052,5.53,12:18,177,198.8
4053,5.53,12:25,178,198.8
4054,5.53,13:32,177,198.8
4055,5.53,12:39,177,198.8
4056,5.53,12:11,178,199.5
4057,5.54,12:18,178,199.5
4058,5.54,11:39,177,199.5
4059,5.54,11:16,176,199.5
4060,5.54,12:32,175,199.5
4061,5.54,14:25,176,200.1
4062,5.54,14:34,177,200.1
4063,5.54,15:24,176,200.8
4064,5.54,16:09,176,201.4
4065,5.55,14:54,177,200.8
4066,5.55,13:32,177,200.8
4067,5.55,13:08,177,200.8
4068,5.55,13:01,177,200.8
4069,5.55,12:46,177,200.8
4070,5.55,13:16,176,200.8
4071,5.55,13:16,177,200.8
4072,5.55,13:41,178,200.8
4073,5.56,13:24,176,200.8
4074,5.56,13:49,178,200.8
4075,5.56,13:01,178,201.4
4076,5.56,13:32,177,201.4
4077,5.56,12:39,177,201.4
4078,5.56,12:11,176,200.8
4079,5.56,11:27,176,200.8
4080,5.57,11:52,177,200.1
4081,5.57,11:45,177,200.1
4082,5.57,12:25,176,200.1
4083,5.57,13:24,177,200.1
4084,5.57,13:24,177,200.1
4085,5.57,13:16,178,200.1
4086,5.57,12:18,178,200.1
4087,5.57,12:04,178,200.1
4088,5.58,11:58,179,200.1
4089,5.58,12:53,177,199.5
4090,5.58,13:08,179,199.5
4091,5.58,15:04,179,199.5
4092,5.58,15:46,178,198.8
4093,5.58,15:57,179,198.8
4094,5.58,14:54,179,198.8
4095,5.58,15:04,177,198.2
4096,5.58,13:24,178,198.2
4097,5.59,13:01,177,198.8
4098,5.59,11:16,177,198.8
4099,5.59,10:48,176,198.8
4100,5.59,10:28,178,199.5
4101,5.59,10:23,178,199.5
4102,5.59,10:09,177,199.5
4103,5.6,10:38,177,199.5
4104,5.6,10:54,177,199.5
4105,5.6,10:54,179,199.5
