elapsed_seconds,distance_miles,pace_per_mile,heartrate,altitude_ft
0,0.0,,121,96.5
1,0.0,26:49,101,97.8
2,0.0,53:38,101,98.4
3,0.0,16:45,102,98.4
4,0.01,11:32,103,99.1
5,0.01,11:52,105,99.7
6,0.01,13:01,108,99.7
7,0.01,10:48,108,99.7
8,0.01,12:53,109,99.7
9,0.01,14:07,109,99.7
10,0.01,12:32,110,99.7
11,0.02,9:30,111,100.4
12,0.02,9:34,113,100.4
13,0.02,9:26,114,100.4
14,0.02,12:39,116,100.4
15,0.02,12:18,119,99.7
16,0.02,13:58,121,99.7
17,0.02,13:01,123,99.1
18,0.02,12:32,126,99.1
19,0.03,10:38,129,99.1
20,0.03,11:10,130,99.1
21,0.03,11:10,132,99.1
22,0.03,10:48,132,99.1
23,0.03,10:43,134,99.1
24,0.03,10:59,135,99.1
25,0.04,10:43,137,99.7
26,0.04,10:43,136,99.7
27,0.04,11:45,136,99.7
28,0.04,11:39,136,99.7
29,0.04,11:05,137,99.7
30,0.04,11:33,137,99.7
31,0.04,11:10,137,100.4
32,0.05,11:33,137,100.4
33,0.05,12:18,137,100.4
34,0.05,12:53,138,100.4
35,0.05,13:08,138,101.0
36,0.05,13:01,138,101.0
37,0.05,12:39,138,101.0
38,0.05,13:01,138,101.7
39,0.05,12:53,137,102.4
40,0.06,14:07,137,103.0
41,0.06,15:46,137,103.0
42,0.06,16:33,136,103.7
43,0.06,16:33,137,103.7
44,0.06,17:11,137,104.3
45,0.06,17:38,137,105.0
46,0.06,17:25,137,105.6
47,0.06,17:11,138,106.3
48,0.06,16:09,138,107.0
49,0.06,14:34,138,107.6
50,0.07,13:41,139,107.6
51,0.07,13:08,139,107.6
52,0.07,12:39,139,107.6
53,0.07,13:08,140,107.6
54,0.07,13:49,139,107.6
55,0.07,13:58,139,107.6
56,0.07,13:41,139,107.0
57,0.07,13:01,139,106.3
58,0.08,12:11,139,105.6
59,0.08,12:11,139,105.0
60,0.08,11:52,139,104.3
61,0.08,11:39,139,103.7
62,0.08,11:21,139,102.4
63,0.08,11:58,139,101.7
64,0.08,11:39,139,101.0
65,0.09,11:58,140,100.4
66,0.09,13:01,140,100.4
67,0.09,14:25,140,99.7
68,0.09,13:58,141,99.1
69,0.09,15:04,140,98.4
70,0.09,14:54,140,98.4
71,0.09,14:16,141,97.8
72,0.09,12:18,141,97.1
73,0.1,11:33,141,97.1
74,0.1,10:18,142,97.1
75,0.1,9:43,142,97.1
76,0.1,9:22,142,97.1
77,0.1,9:56,142,97.8
78,0.1,10:18,142,97.8
79,0.11,11:21,141,97.8
80,0.11,12:25,141,97.8
81,0.11,12:53,141,98.4
82,0.11,13:16,141,98.4
83,0.11,13:08,141,99.1
84,0.11,12:32,141,99.1
85,0.11,11:58,141,99.1
86,0.11,12:32,140,99.7
87,0.12,12:46,140,99.7
88,0.12,13:58,139,100.4
89,0.12,13:58,139,100.4
90,0.12,15:24,139,100.4
91,0.12,14:07,138,101.0
92,0.12,12:25,138,101.0
93,0.12,11:58,138,101.0
94,0.12,12:32,138,101.0
95,0.13,12:18,138,101.0
96,0.13,13:49,138,101.0
97,0.13,16:58,138,101.0
98,0.13,17:11,138,101.0
99,0.13,17:38,138,101.0
100,0.13,18:22,139,101.0
101,0.13,18:07,139,101.0
102,0.13,17:25,139,101.0
103,0.13,18:37,139,101.0
104,0.13,19:09,139,100.4
105,0.14,17:38,138,100.4
106,0.14,17:25,137,100.4
107,0.14,17:11,137,100.4
108,0.14,16:09,137,100.4
109,0.14,15:35,136,100.4
110,0.14,15:46,136,100.4
111,0.14,15:14,136,100.4
112,0.14,15:57,136,100.4
113,0.14,16:09,136,100.4
114,0.14,15:57,136,100.4
115,0.15,16:21,137,100.4
116,0.15,15:57,137,100.4
117,0.15,15:46,136,100.4
118,0.15,15:46,136,100.4
119,0.15,15:24,136,100.4
120,0.15,14:34,135,100.4
121,0.15,13:41,135,100.4
122,0.15,12:53,134,101.0
123,0.16,12:53,134,101.0
124,0.16,12:39,135,101.0
125,0.16,11:58,134,101.0
126,0.16,12:46,134,101.0
127,0.16,12:32,133,101.0
128,0.16,12:32,133,101.0
129,0.16,13:16,133,101.0
130,0.16,13:58,133,101.7
131,0.17,13:32,133,101.7
132,0.17,14:16,132,102.4
133,0.17,14:34,132,102.4
134,0.17,15:14,134,101.7
135,0.17,16:09,134,101.7
136,0.17,16:21,131,101.0
137,0.17,16:21,131,100.4
138,0.17,14:54,132,100.4
139,0.17,12:32,133,100.4
140,0.18,12:11,134,100.4
141,0.18,11:52,136,100.4
142,0.18,12:04,136,100.4
143,0.18,12:04,136,100.4
144,0.18,12:46,137,100.4
145,0.18,12:25,137,100.4
146,0.18,12:25,137,100.4
147,0.19,11:58,138,100.4
148,0.19,12:11,136,100.4
149,0.19,12:18,135,100.4
150,0.19,11:45,135,100.4
151,0.19,11:27,135,100.4
152,0.19,11:52,135,100.4
153,0.19,12:32,135,100.4
154,0.19,13:01,136,99.7
155,0.2,14:44,135,99.7
156,0.2,15:24,136,99.7
157,0.2,14:34,136,99.7
158,0.2,13:24,136,99.7
159,0.2,12:32,136,99.7
160,0.2,12:04,136,99.7
161,0.2,11:52,136,99.7
162,0.21,11:52,136,99.7
163,0.21,11:39,137,99.1
164,0.21,12:11,137,99.1
165,0.21,11:52,137,98.4
166,0.21,12:11,137,98.4
167,0.21,12:32,137,98.4
168,0.21,11:58,138,98.4
169,0.22,11:52,138,99.1
170,0.22,11:52,138,99.1
171,0.22,11:33,139,98.4
172,0.22,11:33,139,98.4
173,0.22,12:11,139,98.4
174,0.22,12:18,139,98.4
175,0.22,12:32,139,98.4
176,0.22,13:16,140,98.4
177,0.23,12:53,139,98.4
178,0.23,13:24,139,98.4
179,0.23,13:32,140,98.4
180,0.23,13:58,140,98.4
181,0.23,13:16,140,98.4
182,0.23,13:16,140,98.4
183,0.23,12:25,141,98.4
184,0.24,11:39,141,97.8
185,0.24,11:27,141,97.8
186,0.24,11:21,140,97.8
187,0.24,12:04,141,97.8
188,0.24,12:53,142,97.8
189,0.24,14:16,141,97.8
190,0.24,14:54,141,97.8
191,0.24,16:09,140,97.8
192,0.24,15:57,140,97.8
193,0.25,15:57,141,97.8
194,0.25,14:54,140,97.8
195,0.25,14:54,140,97.8
196,0.25,14:44,140,97.8
197,0.25,14:16,139,97.8
198,0.25,13:41,139,97.1
199,0.25,13:58,139,97.8
200,0.25,13:49,139,97.8
201,0.26,12:53,139,97.8
202,0.26,12:39,139,97.8
203,0.26,12:46,139,97.8
204,0.26,12:46,139,97.8
205,0.26,12:11,139,97.8
206,0.26,12:25,139,97.8
207,0.26,12:46,138,97.8
208,0.26,13:24,139,97.8
209,0.27,13:49,139,97.8
210,0.27,14:34,139,97.8
211,0.27,15:35,139,97.8
212,0.27,15:35,139,97.8
213,0.27,15:24,139,97.8
214,0.27,14:07,139,97.8
215,0.27,13:41,138,97.8
216,0.27,13:24,138,97.8
217,0.28,12:04,138,98.4
218,0.28,11:45,139,98.4
219,0.28,12:18,138,98.4
220,0.28,12:39,138,98.4
221,0.28,12:46,138,98.4
222,0.28,13:49,139,99.1
223,0.28,13:58,140,99.1
224,0.28,14:07,139,99.7
225,0.28,13:58,140,99.7
226,0.29,13:41,139,99.7
227,0.29,14:16,140,99.7
228,0.29,13:49,140,99.7
229,0.29,12:53,140,99.7
230,0.29,12:25,140,99.7
231,0.29,12:11,140,99.1
232,0.29,12:04,141,99.1
233,0.3,11:58,141,99.1
234,0.3,12:46,142,99.1
235,0.3,13:01,142,99.1
236,0.3,13:16,141,98.4
237,0.3,13:24,142,98.4
238,0.3,13:24,142,98.4
239,0.3,13:08,143,98.4
240,0.3,13:08,143,98.4
241,0.31,12:11,144,99.1
242,0.31,11:16,144,99.1
243,0.31,11:16,144,99.1
244,0.31,10:59,143,99.7
245,0.31,10:09,143,99.7
246,0.31,10:33,143,99.7
247,0.32,10:33,143,99.7
248,0.32,10:38,143,99.7
249,0.32,10:38,143,99.7
250,0.32,11:27,144,99.7
251,0.32,11:39,144,99.7
252,0.32,12:46,144,99.7
253,0.32,13:41,144,99.7
254,0.32,14:16,143,99.7
255,0.33,14:34,143,100.4
256,0.33,14:34,143,100.4
257,0.33,13:49,143,101.0
258,0.33,13:16,144,101.0
259,0.33,12:53,143,101.0
260,0.33,12:53,143,101.0
261,0.33,13:32,143,101.0
262,0.33,14:25,143,101.0
263,0.33,15:14,144,101.0
264,0.34,15:35,144,100.4
265,0.34,15:46,145,100.4
266,0.34,14:34,144,100.4
267,0.34,13:32,144,100.4
268,0.34,13:01,144,100.4
269,0.34,12:25,143,100.4
270,0.34,11:52,143,99.7
271,0.35,11:58,143,99.7
272,0.35,12:11,143,99.1
273,0.35,12:11,142,99.1
274,0.35,11:52,142,99.1
275,0.35,11:52,142,99.1
276,0.35,11:21,143,99.1
277,0.35,11:05,143,98.4
278,0.36,11:27,142,98.4
279,0.36,13:08,142,98.4
280,0.36,13:08,141,98.4
281,0.36,14:54,140,98.4
282,0.36,16:33,140,98.4
283,0.36,16:21,138,98.4
284,0.36,15:46,137,97.8
285,0.36,17:11,136,97.8
286,0.36,15:14,135,97.8
287,0.37,13:16,134,97.8
288,0.37,13:16,134,97.8
289,0.37,12:46,133,97.1
290,0.37,12:11,133,97.1
291,0.37,13:32,134,97.1
292,0.37,14:44,134,96.5
293,0.37,13:58,134,96.5
294,0.37,14:07,134,96.5
295,0.38,13:16,134,96.5
296,0.38,12:25,135,96.5
297,0.38,11:52,135,96.5
298,0.38,11:33,136,96.5
299,0.38,11:45,136,96.5
300,0.38,12:04,136,96.5
301,0.38,12:25,136,95.8
302,0.39,12:25,135,95.8
303,0.39,13:16,136,95.8
304,0.39,12:39,135,95.8
305,0.39,12:39,134,95.8
306,0.39,12:46,134,95.8
307,0.39,13:49,134,95.8
308,0.39,14:07,134,95.8
309,0.39,14:44,135,95.8
310,0.39,15:24,134,95.1
311,0.4,15:04,134,95.1
312,0.4,15:04,134,95.1
313,0.4,15:04,133,95.1
314,0.4,14:54,133,95.1
315,0.4,14:44,133,95.1
316,0.4,14:25,134,95.1
317,0.4,13:41,135,95.1
318,0.4,13:08,135,95.1
319,0.41,12:18,135,95.1
320,0.41,11:33,135,95.1
321,0.41,12:11,136,95.1
322,0.41,12:11,136,95.1
323,0.41,12:18,137,95.1
324,0.41,12:25,137,95.1
325,0.41,13:41,138,95.1
326,0.41,13:16,137,95.1
327,0.42,13:24,137,95.1
328,0.42,13:08,137,95.1
329,0.42,13:49,138,95.1
330,0.42,14:16,139,95.8
331,0.42,14:07,138,95.8
332,0.42,14:34,139,96.5
333,0.42,15:14,139,96.5
334,0.42,16:09,139,97.1
335,0.42,15:57,140,97.1
336,0.43,16:09,141,97.1
337,0.43,15:04,141,97.8
338,0.43,14:44,141,97.8
339,0.43,14:25,142,97.8
340,0.43,13:32,142,97.8
341,0.43,13:32,142,97.8
342,0.43,13:58,142,97.8
343,0.43,13:49,142,97.8
344,0.44,13:49,142,97.8
345,0.44,14:25,143,97.8
346,0.44,13:32,143,98.4
347,0.44,13:49,144,98.4
348,0.44,13:41,144,98.4
349,0.44,13:08,144,98.4
350,0.44,13:08,144,98.4
351,0.44,13:08,145,98.4
352,0.45,13:16,145,99.1
353,0.45,15:14,146,99.1
354,0.45,17:11,146,99.7
355,0.45,16:58,144,99.7
356,0.45,18:07,144,99.7
357,0.45,17:25,143,99.1
358,0.45,15:46,143,99.1
359,0.45,14:25,143,99.1
360,0.45,13:32,143,99.1
361,0.46,13:08,144,99.1
362,0.46,12:46,144,99.1
363,0.46,12:25,145,98.4
364,0.46,12:18,145,98.4
365,0.46,11:58,146,98.4
366,0.46,11:58,146,97.8
367,0.46,11:52,146,97.8
368,0.47,11:05,147,97.1
369,0.47,10:59,147,97.1
370,0.47,11:39,146,96.5
371,0.47,11:45,146,96.5
372,0.47,11:45,147,96.5
373,0.47,12:25,147,96.5
374,0.47,12:18,147,96.5
375,0.47,12:25,147,96.5
376,0.48,13:41,147,96.5
377,0.48,14:25,147,96.5
378,0.48,14:34,147,96.5
379,0.48,14:25,148,96.5
380,0.48,14:25,148,96.5
381,0.48,12:46,148,96.5
382,0.48,12:53,148,95.8
383,0.48,13:41,148,95.8
384,0.48,15:24,148,95.1
385,0.49,16:09,147,95.1
386,0.49,17:25,147,94.5
387,0.49,16:45,147,94.5
388,0.49,14:54,148,94.5
389,0.49,14:07,148,93.8
390,0.49,13:32,148,93.8
391,0.49,13:01,148,93.8
392,0.49,13:08,148,93.8
393,0.5,13:49,148,93.8
394,0.5,13:49,147,93.8
395,0.5,14:34,147,93.8
396,0.5,15:04,147,94.5
397,0.5,15:35,147,94.5
398,0.5,15:57,146,94.5
399,0.5,15:57,146,94.5
400,0.5,16:09,146,95.1
401,0.5,15:46,145,95.1
402,0.5,15:46,146,95.1
403,0.51,15:57,145,95.1
404,0.51,16:09,145,95.1
405,0.51,14:54,144,95.1
406,0.51,15:14,144,95.1
407,0.51,14:07,143,95.1
408,0.51,13:49,142,95.8
409,0.51,14:25,142,95.8
410,0.51,14:44,142,95.8
411,0.51,14:34,142,95.1
412,0.52,15:46,143,95.8
413,0.52,15:46,142,95.1
414,0.52,14:44,143,95.1
415,0.52,15:04,143,95.1
416,0.52,14:16,144,95.1
417,0.52,14:07,144,95.1
418,0.52,13:32,145,95.1
419,0.52,13:01,144,95.1
420,0.53,12:46,145,95.1
421,0.53,13:24,144,95.1
422,0.53,13:01,145,95.1
423,0.53,14:07,145,95.1
424,0.53,14:54,144,95.1
425,0.53,14:34,144,95.1
426,0.53,14:16,145,95.1
427,0.53,13:49,144,95.8
428,0.54,13:01,144,95.8
429,0.54,13:24,144,95.8
430,0.54,14:25,144,95.8
431,0.54,14:44,143,95.8
432,0.54,16:21,143,96.5
433,0.54,17:11,144,96.5
434,0.54,15:35,143,96.5
435,0.54,15:24,142,97.1
436,0.54,15:57,142,97.1
437,0.54,15:14,141,97.1
438,0.55,16:33,141,97.8
439,0.55,16:58,142,97.8
440,0.55,16:45,141,97.8
441,0.55,15:57,141,97.8
442,0.55,16:33,141,97.8
443,0.55,14:07,142,97.8
444,0.55,14:25,142,97.8
445,0.55,13:49,141,98.4
446,0.56,12:53,141,98.4
447,0.56,12:25,142,98.4
448,0.56,12:39,140,99.1
449,0.56,12:53,139,99.1
450,0.56,13:41,139,99.1
451,0.56,15:14,139,99.1
452,0.56,15:35,138,99.1
453,0.56,16:09,139,99.7
454,0.56,15:57,139,99.7
455,0.57,15:24,139,99.7
456,0.57,14:34,139,99.7
457,0.57,14:44,139,99.7
458,0.57,14:25,138,99.7
459,0.57,13:58,138,99.1
460,0.57,13:24,137,99.1
461,0.57,13:08,137,99.1
462,0.57,12:32,137,98.4
463,0.58,12:32,137,98.4
464,0.58,12:32,137,98.4
465,0.58,13:01,136,97.8
466,0.58,13:58,137,97.1
467,0.58,14:16,137,97.1
468,0.58,14:54,138,97.1
469,0.58,14:44,138,96.5
470,0.58,14:25,138,96.5
471,0.58,14:25,138,96.5
472,0.59,14:44,138,96.5
473,0.59,14:07,139,96.5
474,0.59,13:41,139,96.5
475,0.59,12:53,140,96.5
476,0.59,12:25,140,96.5
477,0.59,12:04,140,96.5
478,0.59,12:18,140,96.5
479,0.6,12:46,139,96.5
480,0.6,14:07,139,96.5
481,0.6,14:25,139,95.8
482,0.6,14:34,139,96.5
483,0.6,14:44,140,96.5
484,0.6,15:14,140,96.5
485,0.6,15:04,140,96.5
486,0.6,15:04,140,96.5
487,0.6,15:14,140,96.5
488,0.61,14:25,141,97.1
489,0.61,15:04,141,97.1
490,0.61,14:16,140,97.1
491,0.61,14:07,140,97.1
492,0.61,13:16,140,97.1
493,0.61,13:08,140,97.1
494,0.61,12:18,139,97.1
495,0.61,12:39,140,97.1
496,0.62,12:32,139,97.1
497,0.62,13:01,139,97.1
498,0.62,13:41,139,96.5
499,0.62,14:07,139,96.5
500,0.62,13:41,140,96.5
501,0.62,13:58,140,96.5
502,0.62,14:16,140,95.8
503,0.62,14:16,140,96.5
504,0.62,14:16,141,96.5
505,0.63,15:04,140,96.5
506,0.63,14:25,141,95.8
507,0.63,14:07,142,95.8
508,0.63,13:41,142,95.8
509,0.63,13:01,142,95.1
510,0.63,12:32,143,95.1
511,0.63,12:46,143,95.1
512,0.63,13:24,143,95.8
513,0.64,13:49,143,95.8
514,0.64,14:25,142,95.8
515,0.64,14:54,142,95.8
516,0.64,15:24,142,95.8
517,0.64,14:34,142,95.8
518,0.64,15:04,142,95.8
519,0.64,15:24,142,95.8
520,0.64,15:14,142,95.8
521,0.64,15:35,142,96.5
522,0.65,15:35,143,96.5
523,0.65,14:34,142,96.5
524,0.65,13:24,143,96.5
525,0.65,13:24,143,96.5
526,0.65,12:46,144,95.8
527,0.65,12:46,143,95.8
528,0.65,13:49,143,95.8
529,0.65,15:24,143,95.8
530,0.65,15:57,143,95.8
531,0.66,16:45,143,95.8
532,0.66,17:38,143,95.8
533,0.66,16:21,143,95.8
534,0.66,14:54,143,95.8
535,0.66,13:58,143,95.8
536,0.66,13:16,144,96.5
537,0.66,12:25,142,96.5
538,0.66,12:18,143,96.5
539,0.67,11:52,142,96.5
540,0.67,11:58,142,96.5
541,0.67,12:04,142,97.1
542,0.67,12:46,142,97.1
543,0.67,12:53,141,97.1
544,0.67,14:25,141,97.1
545,0.67,14:07,141,97.1
546,0.67,15:04,141,97.1
547,0.68,16:09,141,97.1
548,0.68,17:11,142,97.1
549,0.68,18:22,141,97.1
550,0.68,18:53,141,97.1
551,0.68,16:45,142,97.1
552,0.68,15:04,143,97.1
553,0.68,14:25,141,97.1
554,0.68,12:53,141,97.1
555,0.68,12:46,140,97.1
556,0.69,13:58,141,97.1
557,0.69,14:25,141,97.8
558,0.69,14:34,140,97.8
559,0.69,15:24,141,97.8
560,0.69,15:46,141,97.8
561,0.69,15:14,141,98.4
562,0.69,15:24,141,98.4
563,0.69,15:24,141,98.4
564,0.69,15:46,142,98.4
565,0.7,15:46,142,98.4
566,0.7,16:21,142,98.4
567,0.7,16:09,142,99.1
568,0.7,17:11,142,99.1
569,0.7,16:45,142,99.1
570,0.7,16:45,143,99.1
571,0.7,16:21,143,99.1
572,0.7,16:09,142,99.1
573,0.7,15:35,142,99.1
574,0.7,15:14,142,99.1
575,0.71,15:24,142,99.1
576,0.71,15:14,143,99.1
577,0.71,15:57,143,99.1
578,0.71,15:24,142,99.1
579,0.71,15:46,142,99.1
580,0.71,15:24,143,99.1
581,0.71,15:14,143,99.1
582,0.71,14:34,143,99.1
583,0.71,13:32,142,99.1
584,0.72,12:39,141,99.1
585,0.72,13:08,141,99.7
586,0.72,13:41,141,99.7
587,0.72,13:58,140,99.7
588,0.72,14:44,141,99.7
589,0.72,15:04,140,99.7
590,0.72,14:34,140,99.7
591,0.72,13:08,141,99.7
592,0.73,12:32,139,99.7
593,0.73,12:53,137,99.7
594,0.73,14:07,137,99.7
595,0.73,13:32,133,100.4
596,0.73,15:04,130,99.7
597,0.73,16:33,126,99.7
598,0.73,15:57,120,99.7
599,0.73,14:25,122,99.1
600,0.73,15:35,122,99.1
601,0.74,15:24,122,99.1
602,0.74,14:44,122,99.1
603,0.74,15:35,123,99.1
604,0.74,15:46,123,98.4
605,0.74,15:24,120,98.4
606,0.74,14:54,124,98.4
607,0.74,14:16,129,97.8
608,0.74,13:01,133,97.8
609,0.74,13:41,135,97.1
610,0.75,14:44,137,97.1
611,0.75,12:32,138,97.1
612,0.75,13:32,139,97.1
613,0.75,14:34,141,97.1
614,0.75,14:34,141,97.1
615,0.75,13:01,143,97.1
616,0.75,15:04,142,97.1
617,0.75,13:24,141,97.1
618,0.76,13:41,141,97.1
619,0.76,13:32,143,97.1
620,0.76,13:58,144,97.1
621,0.76,14:25,144,97.1
622,0.76,15:57,145,97.1
623,0.76,15:24,145,97.8
624,0.76,14:54,144,97.8
625,0.76,15:14,144,98.4
626,0.76,15:04,144,98.4
627,0.77,14:25,144,98.4
628,0.77,13:58,143,98.4
629,0.77,13:24,143,99.1
630,0.77,12:53,143,99.1
631,0.77,12:39,142,99.1
632,0.77,12:53,142,99.1
633,0.77,13:24,141,99.1
634,0.77,14:25,141,99.1
635,0.77,15:57,142,99.1
636,0.78,15:46,141,99.1
637,0.78,15:57,142,98.4
638,0.78,15:46,142,98.4
639,0.78,14:34,141,98.4
640,0.78,13:32,141,98.4
641,0.78,13:32,140,97.8
642,0.78,13:08,141,97.8
643,0.78,13:24,141,97.1
644,0.79,13:24,141,97.1
645,0.79,13:16,142,96.5
646,0.79,13:16,142,96.5
647,0.79,13:01,142,96.5
648,0.79,12:25,142,96.5
649,0.79,12:39,142,96.5
650,0.79,12:39,142,96.5
651,0.8,13:01,142,96.5
652,0.8,13:01,141,96.5
653,0.8,12:46,141,96.5
654,0.8,12:25,141,96.5
655,0.8,12:04,141,96.5
656,0.8,12:18,141,96.5
657,0.8,12:46,141,97.1
658,0.8,13:32,140,97.8
659,0.81,13:58,141,97.8
660,0.81,13:24,141,98.4
661,0.81,12:46,141,99.1
662,0.81,12:46,141,99.7
663,0.81,12:39,142,100.4
664,0.81,13:16,143,101.0
665,0.81,14:44,143,101.0
666,0.81,14:54,143,101.7
667,0.82,14:25,142,101.7
668,0.82,14:34,144,102.4
669,0.82,14:34,145,103.0
670,0.82,14:07,145,103.7
671,0.82,14:16,145,104.3
672,0.82,14:25,145,105.0
673,0.82,13:49,145,106.3
674,0.82,13:41,146,107.0
675,0.82,14:16,146,107.6
676,0.83,14:34,146,108.3
677,0.83,13:58,147,108.9
678,0.83,13:41,147,108.9
679,0.83,13:08,148,108.9
680,0.83,12:04,148,108.9
681,0.83,12:25,149,108.9
682,0.83,13:24,150,108.9
683,0.83,14:34,149,108.9
684,0.84,15:14,150,108.3
685,0.84,15:46,149,108.3
686,0.84,15:35,149,107.6
687,0.84,15:35,149,107.0
688,0.84,14:44,149,106.3
689,0.84,14:34,149,105.6
690,0.84,15:04,149,104.3
691,0.84,14:07,148,103.7
692,0.84,13:16,149,103.0
693,0.85,12:46,150,103.0
694,0.85,12:39,148,102.4
695,0.85,12:18,148,102.4
696,0.85,13:08,148,101.7
697,0.85,13:01,148,101.7
698,0.85,13:41,149,101.7
699,0.85,14:07,149,101.7
700,0.85,15:46,149,101.0
701,0.86,15:46,149,101.0
702,0.86,17:25,149,101.0
703,0.86,16:58,149,101.0
704,0.86,16:09,150,101.0
705,0.86,14:44,150,101.0
706,0.86,13:58,149,101.0
707,0.86,12:46,150,101.0
708,0.86,12:04,150,101.0
709,0.87,11:39,150,100.4
710,0.87,11:27,148,100.4
711,0.87,10:48,147,100.4
712,0.87,11:16,148,100.4
713,0.87,12:25,147,100.4
714,0.87,13:16,148,100.4
715,0.87,14:07,148,101.0
716,0.87,16:21,147,101.0
717,0.88,16:21,147,101.0
718,0.88,15:04,148,100.4
719,0.88,14:34,146,100.4
720,0.88,14:25,145,100.4
721,0.88,14:16,146,101.0
722,0.88,13:58,146,101.0
723,0.88,14:25,146,101.0
724,0.88,14:54,146,101.0
725,0.89,13:08,145,101.0
726,0.89,12:39,146,101.0
727,0.89,12:18,146,101.7
728,0.89,12:25,147,101.7
729,0.89,12:04,147,102.4
730,0.89,13:16,147,102.4
731,0.89,13:08,147,101.7
732,0.89,13:32,148,101.0
733,0.9,13:32,147,100.4
734,0.9,13:49,148,100.4
735,0.9,13:16,146,100.4
736,0.9,13:32,147,99.7
737,0.9,13:01,148,99.7
738,0.9,12:32,148,99.7
739,0.9,12:32,147,99.1
740,0.9,12:39,147,99.1
741,0.91,12:11,147,99.1
742,0.91,13:24,147,99.7
743,0.91,14:07,147,100.4
744,0.91,13:24,147,101.0
745,0.91,14:16,146,101.7
746,0.91,14:44,146,102.4
747,0.91,13:41,146,103.0
748,0.91,13:49,146,103.0
749,0.91,14:54,146,103.7
750,0.92,14:07,146,103.7
751,0.92,13:58,147,103.0
752,0.92,14:07,147,103.0
753,0.92,13:32,147,102.4
754,0.92,13:24,147,101.7
755,0.92,13:32,146,101.7
756,0.92,13:16,146,101.7
757,0.92,13:32,146,101.7
758,0.93,13:49,146,101.7
759,0.93,13:16,146,101.0
760,0.93,13:16,146,101.0
761,0.93,13:41,145,100.4
762,0.93,13:32,145,99.7
763,0.93,14:16,145,99.7
764,0.93,15:04,144,99.1
765,0.93,15:57,143,99.1
766,0.93,16:58,142,98.4
767,0.94,18:53,142,98.4
768,0.94,20:01,143,97.8
769,0.94,22:21,143,97.8
770,0.94,20:57,144,97.1
771,0.94,20:01,144,97.1
772,0.94,17:11,145,97.1
773,0.94,15:14,145,96.5
774,0.94,12:53,145,96.5
775,0.94,11:52,144,97.1
776,0.95,11:16,144,97.1
777,0.95,11:39,144,97.1
778,0.95,11:27,144,97.1
779,0.95,11:45,144,97.1
780,0.95,12:25,144,97.1
781,0.95,12:11,144,97.1
782,0.95,12:18,144,97.8
783,0.96,12:18,144,97.8
784,0.96,12:32,145,97.8
785,0.96,12:46,143,97.8
786,0.96,13:24,143,97.8
787,0.96,12:32,143,97.8
788,0.96,13:16,144,97.1
789,0.96,13:41,143,97.1
790,0.96,13:58,144,97.1
791,0.97,13:41,144,97.1
792,0.97,14:44,144,97.1
793,0.97,13:58,144,97.1
794,0.97,14:07,144,97.8
795,0.97,14:34,145,97.8
796,0.97,14:44,146,98.4
797,0.97,13:49,147,98.4
798,0.97,14:07,147,98.4
799,0.97,14:25,147,99.1
800,0.98,13:49,147,99.1
801,0.98,14:07,146,99.1
802,0.98,14:54,147,99.7
803,0.98,15:35,147,99.7
804,0.98,14:07,147,99.7
805,0.98,14:07,147,99.7
806,0.98,14:34,146,99.1
807,0.98,14:25,146,99.1
808,0.99,13:41,147,99.1
809,0.99,14:25,147,99.1
810,0.99,13:58,148,99.1
811,0.99,13:49,148,99.7
812,0.99,14:25,148,99.7
813,0.99,14:44,148,99.7
814,0.99,14:25,148,99.7
815,0.99,15:14,149,99.7
816,0.99,15:46,149,99.7
817,1.0,14:54,150,99.7
818,1.0,13:41,150,100.4
819,1.0,13:49,150,100.4
820,1.0,13:49,150,101.0
821,1.0,13:32,151,101.0
822,1.0,14:07,149,101.0
823,1.0,15:46,149,100.4
824,1.0,16:21,149,100.4
825,1.0,16:33,149,100.4
826,1.01,15:35,148,99.7
827,1.01,14:25,148,99.7
828,1.01,14:07,148,99.7
829,1.01,14:44,147,99.7
830,1.01,14:25,148,99.7
831,1.01,15:14,148,99.1
832,1.01,16:45,149,99.1
833,1.01,15:57,149,99.1
834,1.01,14:25,149,98.4
835,1.02,14:07,148,98.4
836,1.02,12:39,149,98.4
837,1.02,12:11,150,97.8
838,1.02,13:08,150,97.1
839,1.02,13:01,150,97.1
840,1.02,13:32,150,96.5
841,1.02,14:54,150,96.5
842,1.02,14:25,150,96.5
843,1.03,14:16,151,96.5
844,1.03,15:46,150,96.5
845,1.03,15:57,150,96.5
846,1.03,15:04,150,96.5
847,1.03,15:35,150,96.5
848,1.03,13:32,150,96.5
849,1.03,12:04,150,96.5
850,1.03,11:39,150,96.5
851,1.04,11:39,151,96.5
852,1.04,11:33,150,96.5
853,1.04,12:39,150,96.5
854,1.04,13:49,151,96.5
855,1.04,13:32,151,96.5
856,1.04,14:54,150,96.5
857,1.04,16:21,150,96.5
858,1.04,16:33,150,96.5
859,1.04,15:24,151,97.1
860,1.05,15:57,150,97.1
861,1.05,14:54,151,97.1
862,1.05,13:58,151,97.1
863,1.05,13:32,151,97.1
864,1.05,14:25,151,96.5
865,1.05,14:44,150,96.5
866,1.05,15:24,149,96.5
867,1.05,16:21,149,96.5
868,1.05,15:04,149,96.5
869,1.06,14:16,149,96.5
870,1.06,13:58,150,96.5
871,1.06,13:32,149,96.5
872,1.06,12:46,149,96.5
873,1.06,13:16,149,95.8
874,1.06,13:49,150,95.8
875,1.06,13:58,150,95.8
876,1.06,13:49,149,95.8
877,1.07,13:32,149,95.8
878,1.07,14:34,148,95.8
879,1.07,14:44,148,95.8
880,1.07,14:07,148,95.8
881,1.07,14:07,148,95.8
882,1.07,14:44,147,95.8
883,1.07,13:41,147,95.8
884,1.07,12:53,146,95.8
885,1.08,13:08,146,95.1
886,1.08,13:49,147,95.1
887,1.08,14:16,146,95.1
888,1.08,15:35,147,95.1
889,1.08,15:46,147,94.5
890,1.08,16:45,147,94.5
891,1.08,15:24,146,94.5
892,1.08,13:58,146,94.5
893,1.08,13:49,147,94.5
894,1.09,13:58,146,95.1
895,1.09,13:24,146,95.1
896,1.09,13:58,146,95.1
897,1.09,13:58,145,95.1
898,1.09,13:01,146,95.1
899,1.09,13:24,146,95.1
900,1.09,13:24,146,95.1
901,1.09,13:32,145,95.1
902,1.09,14:54,144,95.1
903,1.1,14:54,145,95.1
904,1.1,13:16,145,95.1
905,1.1,13:08,145,95.1
906,1.1,13:41,145,95.1
907,1.1,13:32,145,95.1
908,1.1,14:25,145,95.8
909,1.1,17:11,147,95.8
910,1.1,17:25,146,95.8
911,1.11,15:35,146,95.8
912,1.11,14:34,145,95.8
913,1.11,13:49,145,95.8
914,1.11,12:46,145,95.1
915,1.11,12:25,145,95.1
916,1.11,12:25,145,95.8
917,1.11,12:32,145,95.8
918,1.11,13:16,146,95.8
919,1.12,13:32,145,96.5
920,1.12,13:32,145,96.5
921,1.12,12:46,147,96.5
922,1.12,13:08,146,96.5
923,1.12,12:32,146,96.5
924,1.12,12:39,146,96.5
925,1.12,12:25,146,96.5
926,1.12,13:32,146,96.5
927,1.13,13:16,146,96.5
928,1.13,13:32,146,96.5
929,1.13,13:16,146,97.1
930,1.13,13:24,146,97.1
931,1.13,13:32,145,97.1
932,1.13,13:41,145,97.1
933,1.13,13:24,144,97.8
934,1.13,13:24,145,97.8
935,1.14,13:49,146,97.8
936,1.14,14:25,146,97.8
937,1.14,15:04,146,97.8
938,1.14,15:35,146,97.8
939,1.14,15:46,145,98.4
940,1.14,15:14,147,98.4
941,1.14,14:25,146,98.4
942,1.14,13:49,146,98.4
943,1.14,13:24,146,98.4
944,1.15,12:53,146,98.4
945,1.15,13:08,146,99.1
946,1.15,12:53,146,99.1
947,1.15,12:18,145,99.1
948,1.15,12:46,145,99.1
949,1.15,13:32,145,99.1
950,1.15,13:58,144,99.1
951,1.15,13:58,145,99.7
952,1.16,14:25,144,99.7
953,1.16,14:54,144,99.7
954,1.16,14:16,144,99.7
955,1.16,14:25,144,99.7
956,1.16,14:25,144,99.7
957,1.16,14:44,144,99.7
958,1.16,14:07,144,99.7
959,1.16,14:44,144,100.4
960,1.16,14:54,144,100.4
961,1.17,15:46,144,100.4
962,1.17,16:21,144,100.4
963,1.17,16:45,145,100.4
964,1.17,16:33,143,100.4
965,1.17,16:09,145,101.0
966,1.17,15:57,143,101.0
967,1.17,15:46,141,101.0
968,1.17,15:24,140,101.0
969,1.17,14:54,141,101.0
970,1.18,14:16,142,101.0
971,1.18,13:58,142,101.0
972,1.18,13:41,142,101.0
973,1.18,13:41,143,101.0
974,1.18,14:07,143,101.0
975,1.18,14:25,143,101.7
976,1.18,13:58,143,101.7
977,1.18,14:16,144,101.7
978,1.19,14:44,144,102.4
979,1.19,14:07,144,101.7
980,1.19,13:32,143,101.7
981,1.19,14:25,144,101.7
982,1.19,13:58,145,102.4
983,1.19,12:53,145,102.4
984,1.19,13:24,145,102.4
985,1.19,14:16,145,103.0
986,1.19,14:07,145,103.0
987,1.2,14:34,145,103.7
988,1.2,15:14,145,103.7
989,1.2,15:04,145,103.7
990,1.2,14:07,146,103.7
991,1.2,13:49,146,103.7
992,1.2,13:16,147,103.7
993,1.2,12:53,147,103.7
994,1.2,12:53,147,104.3
995,1.21,13:24,147,104.3
996,1.21,13:32,147,104.3
997,1.21,13:41,148,103.7
998,1.21,13:24,148,104.3
999,1.21,12:53,148,104.3
1000,1.21,12:25,148,104.3
1001,1.21,12:04,148,104.3
1002,1.21,12:18,149,105.0
1003,1.22,13:08,148,105.0
1004,1.22,13:16,148,105.0
1005,1.22,13:32,148,105.0
1006,1.22,13:58,148,105.0
1007,1.22,14:16,148,105.0
1008,1.22,14:34,148,105.0
1009,1.22,15:14,148,105.0
1010,1.22,15:46,149,105.0
1011,1.22,16:21,149,105.0
1012,1.23,15:57,148,105.0
1013,1.23,15:46,148,105.0
1014,1.23,14:44,149,105.0
1015,1.23,14:44,150,105.0
1016,1.23,13:41,150,105.0
1017,1.23,13:16,150,105.0
1018,1.23,12:25,150,105.0
1019,1.23,13:16,150,105.0
1020,1.24,12:46,151,105.0
1021,1.24,13:01,151,105.6
1022,1.24,13:08,151,105.6
1023,1.24,13:24,151,105.6
1024,1.24,13:24,151,106.3
1025,1.24,13:24,150,107.0
1026,1.24,13:16,150,107.0
1027,1.24,13:16,150,107.6
1028,1.25,13:01,150,107.6
1029,1.25,12:39,149,108.3
1030,1.25,12:53,148,108.9
1031,1.25,13:08,149,109.6
1032,1.25,12:53,151,109.6
1033,1.25,13:41,151,110.2
1034,1.25,14:25,152,110.9
1035,1.25,14:54,151,110.9
1036,1.26,14:44,152,111.5
1037,1.26,15:14,152,111.5
1038,1.26,14:54,153,112.2
1039,1.26,13:49,153,112.9
1040,1.26,14:16,153,112.9
1041,1.26,14:34,153,113.5
1042,1.26,14:54,153,113.5
1043,1.26,15:46,153,113.5
1044,1.26,16:09,153,114.2
1045,1.27,15:14,152,114.2
1046,1.27,15:04,152,114.8
1047,1.27,15:46,152,114.8
1048,1.27,15:04,153,114.8
1049,1.27,15:14,152,115.5
1050,1.27,14:44,152,115.5
1051,1.27,14:25,152,116.1
1052,1.27,13:16,152,116.1
1053,1.28,13:16,153,116.1
1054,1.28,12:39,154,115.5
1055,1.28,13:41,154,115.5
1056,1.28,13:24,154,115.5
1057,1.28,13:41,154,115.5
1058,1.28,14:25,154,114.8
1059,1.28,15:04,154,114.8
1060,1.28,14:07,154,114.2
1061,1.28,14:16,154,114.2
1062,1.29,13:32,154,114.2
1063,1.29,12:11,153,113.5
1064,1.29,12:18,153,113.5
1065,1.29,12:18,153,112.9
1066,1.29,12:39,153,112.9
1067,1.29,13:49,153,112.9
1068,1.29,14:25,153,112.2
1069,1.29,14:25,153,112.2
1070,1.3,14:54,154,112.2
1071,1.3,15:04,153,111.5
1072,1.3,13:58,153,110.9
1073,1.3,13:49,153,110.9
1074,1.3,13:32,153,110.9
1075,1.3,13:08,152,110.2
1076,1.3,11:52,152,110.2
1077,1.31,12:18,150,110.2
1078,1.31,12:32,150,110.2
1079,1.31,12:53,150,109.6
1080,1.31,12:04,149,108.9
1081,1.31,13:16,149,108.9
1082,1.31,13:08,149,108.3
1083,1.31,12:32,148,108.3
1084,1.31,12:25,148,108.3
1085,1.32,13:24,150,108.3
1086,1.32,13:01,149,108.3
1087,1.32,12:46,149,108.3
1088,1.32,13:24,148,107.6
1089,1.32,14:34,148,107.6
1090,1.32,14:25,148,107.6
1091,1.32,14:25,149,107.6
1092,1.32,14:07,149,107.6
1093,1.33,13:24,149,107.6
1094,1.33,11:52,150,107.6
1095,1.33,12:32,150,107.0
1096,1.33,12:04,149,107.0
1097,1.33,11:52,149,107.0
1098,1.33,12:18,150,107.0
1099,1.33,12:46,149,107.0
1100,1.33,12:25,149,107.0
1101,1.34,12:46,149,107.0
1102,1.34,13:32,148,107.0
1103,1.34,13:49,148,107.0
1104,1.34,13:58,148,106.3
1105,1.34,13:41,148,106.3
1106,1.34,14:34,147,106.3
1107,1.34,14:25,147,106.3
1108,1.34,14:16,147,106.3
1109,1.34,15:14,146,106.3
1110,1.35,15:24,147,106.3
1111,1.35,14:25,145,106.3
1112,1.35,14:25,145,106.3
1113,1.35,13:49,144,106.3
1114,1.35,12:25,144,106.3
1115,1.35,11:45,144,106.3
1116,1.35,12:04,144,106.3
1117,1.35,12:53,145,106.3
1118,1.36,14:07,144,106.3
1119,1.36,14:44,144,106.3
1120,1.36,15:57,145,106.3
1121,1.36,15:57,144,106.3
1122,1.36,14:34,144,106.3
1123,1.36,13:32,144,106.3
1124,1.36,12:46,145,106.3
1125,1.36,12:32,144,106.3
1126,1.37,12:25,144,106.3
1127,1.37,12:11,145,106.3
1128,1.37,12:25,146,107.0
1129,1.37,13:24,145,107.0
1130,1.37,13:24,145,107.0
1131,1.37,13:49,145,107.0
1132,1.37,15:14,145,107.6
1133,1.37,15:04,145,107.6
1134,1.38,14:25,145,107.6
1135,1.38,13:49,145,107.6
1136,1.38,14:07,146,107.6
1137,1.38,13:41,145,107.6
1138,1.38,14:16,145,107.6
1139,1.38,15:14,144,107.6
1140,1.38,15:35,145,107.6
1141,1.38,14:34,145,107.6
1142,1.39,13:32,144,107.6
1143,1.39,12:53,143,107.6
1144,1.39,12:04,143,108.3
1145,1.39,11:58,144,108.3
1146,1.39,12:32,145,108.3
1147,1.39,13:01,145,108.3
1148,1.39,13:08,145,108.3
1149,1.39,14:25,146,108.9
1150,1.39,15:24,146,108.9
1151,1.4,16:09,146,108.9
1152,1.4,17:11,146,108.9
1153,1.4,17:52,146,108.9
1154,1.4,16:09,147,109.6
1155,1.4,15:46,148,109.6
1156,1.4,15:04,148,109.6
1157,1.4,14:54,148,109.6
1158,1.4,14:44,148,109.6
1159,1.4,15:24,147,109.6
1160,1.41,15:46,147,109.6
1161,1.41,15:24,146,109.6
1162,1.41,14:54,146,110.2
1163,1.41,13:32,146,110.2
1164,1.41,13:01,145,110.2
1165,1.41,13:01,146,110.2
1166,1.41,12:53,145,110.2
1167,1.41,12:39,147,110.2
1168,1.42,13:49,147,110.2
1169,1.42,14:25,147,110.2
1170,1.42,13:49,147,110.2
1171,1.42,14:34,147,110.2
1172,1.42,14:44,148,110.2
1173,1.42,14:34,148,110.2
1174,1.42,14:34,148,110.2
1175,1.42,14:25,148,110.2
1176,1.42,13:24,147,110.2
1177,1.43,13:41,148,110.2
1178,1.43,13:24,148,110.2
1179,1.43,12:32,149,110.2
1180,1.43,12:53,149,110.2
1181,1.43,13:24,148,110.2
1182,1.43,13:08,148,110.2
1183,1.43,13:24,149,110.2
1184,1.43,13:32,148,110.2
1185,1.44,13:01,148,110.2
1186,1.44,13:16,148,110.9
1187,1.44,12:53,148,110.9
1188,1.44,12:39,148,110.9
1189,1.44,13:08,148,110.9
1190,1.44,13:16,147,110.9
1191,1.44,12:25,147,110.9
1192,1.45,13:08,148,110.9
1193,1.45,14:16,148,110.9
1194,1.45,14:25,148,110.9
1195,1.45,16:21,148,110.9
1196,1.45,17:25,148,110.9
1197,1.45,16:58,148,111.5
1198,1.45,16:45,149,111.5
1199,1.45,17:52,150,111.5
1200,1.45,16:21,149,111.5
1201,1.45,16:21,148,112.2
1202,1.46,15:35,147,112.2
1203,1.46,14:16,148,112.2
1204,1.46,13:24,149,112.2
1205,1.46,13:08,149,112.2
1206,1.46,12:25,148,112.2
1207,1.46,12:25,149,112.2
1208,1.46,12:32,148,112.2
1209,1.46,12:18,149,112.2
1210,1.47,12:32,148,112.2
1211,1.47,13:08,149,112.2
1212,1.47,13:01,149,112.2
1213,1.47,13:01,148,112.9
1214,1.47,13:24,148,112.9
1215,1.47,13:16,149,112.9
1216,1.47,12:53,149,112.9
1217,1.47,13:58,149,112.9
1218,1.48,14:16,150,112.9
1219,1.48,14:16,150,112.9
1220,1.48,13:49,150,112.9
1221,1.48,14:07,150,113.5
1222,1.48,13:08,151,113.5
1223,1.48,13:01,151,113.5
1224,1.48,12:46,151,113.5
1225,1.48,12:53,152,113.5
1226,1.49,12:32,153,113.5
1227,1.49,13:01,153,113.5
1228,1.49,13:24,153,113.5
1229,1.49,13:24,153,113.5
1230,1.49,13:24,154,113.5
1231,1.49,13:58,152,113.5
1232,1.49,13:49,151,113.5
1233,1.49,13:24,152,114.2
1234,1.5,13:49,152,114.2
1235,1.5,13:32,152,113.5
1236,1.5,13:01,152,113.5
1237,1.5,12:32,152,113.5
1238,1.5,12:53,152,113.5
1239,1.5,12:46,152,113.5
1240,1.5,13:41,150,113.5
1241,1.5,14:34,151,113.5
1242,1.51,15:46,151,114.2
1243,1.51,15:35,150,114.2
1244,1.51,15:14,150,114.2
1245,1.51,13:58,149,113.5
1246,1.51,13:16,148,113.5
1247,1.51,13:16,148,113.5
1248,1.51,12:53,148,113.5
1249,1.51,13:16,149,113.5
1250,1.51,14:07,148,113.5
1251,1.52,15:46,148,113.5
1252,1.52,15:46,148,113.5
1253,1.52,18:07,148,114.2
1254,1.52,18:53,148,114.2
1255,1.52,18:07,148,114.2
1256,1.52,15:57,148,114.2
1257,1.52,15:24,146,114.2
1258,1.52,13:24,146,114.2
1259,1.52,13:08,147,114.2
1260,1.53,13:08,148,114.2
1261,1.53,13:24,148,114.2
1262,1.53,13:32,148,114.2
1263,1.53,14:07,148,114.2
1264,1.53,14:07,149,114.2
1265,1.53,14:25,148,114.2
1266,1.53,14:54,147,114.2
1267,1.53,15:35,147,114.2
1268,1.53,15:57,147,114.8
1269,1.54,16:09,147,114.8
1270,1.54,17:11,146,114.8
1271,1.54,16:33,146,114.2
1272,1.54,15:04,146,114.2
1273,1.54,15:24,146,114.2
1274,1.54,14:44,146,114.2
1275,1.54,13:32,147,114.2
1276,1.54,13:41,147,114.8
1277,1.55,13:49,148,114.8
1278,1.55,12:32,148,114.8
1279,1.55,12:39,149,114.8
1280,1.55,12:25,149,114.8
1281,1.55,12:11,150,114.8
1282,1.55,12:32,151,114.8
1283,1.55,13:41,150,115.5
1284,1.55,14:44,151,114.8
1285,1.55,15:14,151,114.8
1286,1.56,15:35,151,114.8
1287,1.56,17:11,150,115.5
1288,1.56,16:58,149,115.5
1289,1.56,15:24,149,115.5
1290,1.56,15:04,149,115.5
1291,1.56,14:44,149,115.5
1292,1.56,13:24,148,115.5
1293,1.56,12:39,148,115.5
1294,1.57,12:18,148,115.5
1295,1.57,12:18,148,116.1
1296,1.57,11:52,149,116.1
1297,1.57,11:33,151,116.1
1298,1.57,11:27,152,116.1
1299,1.57,11:52,152,116.1
1300,1.57,11:58,152,116.1
1301,1.58,12:39,152,116.8
1302,1.58,13:32,153,116.8
1303,1.58,13:32,153,116.8
1304,1.58,13:41,153,116.8
1305,1.58,14:16,152,117.5
1306,1.58,14:16,151,117.5
1307,1.58,13:41,151,117.5
1308,1.58,14:44,151,117.5
1309,1.58,14:54,151,117.5
1310,1.59,14:54,152,117.5
1311,1.59,15:35,152,118.1
1312,1.59,15:57,153,118.1
1313,1.59,14:54,153,118.1
1314,1.59,15:35,153,118.1
1315,1.59,15:46,154,118.1
1316,1.59,15:14,154,118.1
1317,1.59,15:35,154,118.8
1318,1.59,16:09,154,118.8
1319,1.6,15:04,153,118.8
1320,1.6,14:44,153,118.8
1321,1.6,14:54,152,118.8
1322,1.6,14:07,152,119.4
1323,1.6,14:16,152,119.4
1324,1.6,13:24,152,119.4
1325,1.6,13:49,151,119.4
1326,1.6,14:25,150,119.4
1327,1.6,15:24,151,120.1
1328,1.61,15:24,151,120.1
1329,1.61,16:58,151,120.7
1330,1.61,14:54,152,120.7
1331,1.61,13:58,152,120.7
1332,1.61,14:07,152,120.7
1333,1.61,14:07,153,120.7
1334,1.61,13:58,152,120.7
1335,1.61,15:14,153,120.7
1336,1.61,15:14,153,121.4
1337,1.62,14:44,152,121.4
1338,1.62,14:44,152,121.4
1339,1.62,14:54,152,121.4
1340,1.62,14:54,152,121.4
1341,1.62,14:16,150,121.4
1342,1.62,13:32,149,122.0
1343,1.62,13:08,149,122.0
1344,1.62,13:08,149,122.0
1345,1.63,13:01,150,122.7
1346,1.63,13:58,152,122.7
1347,1.63,14:54,153,122.7
1348,1.63,14:44,153,122.7
1349,1.63,15:04,154,122.7
1350,1.63,16:09,154,122.7
1351,1.63,16:09,153,122.7
1352,1.63,15:14,154,122.7
1353,1.63,15:24,154,123.4
1354,1.64,14:07,154,123.4
1355,1.64,12:53,153,123.4
1356,1.64,11:45,152,123.4
1357,1.64,10:59,153,123.4
1358,1.64,11:05,153,123.4
1359,1.64,11:52,153,123.4
1360,1.64,12:18,153,124.0
1361,1.65,13:08,152,124.0
1362,1.65,14:34,152,124.0
1363,1.65,15:14,152,124.7
1364,1.65,14:54,152,124.7
1365,1.65,15:14,151,124.7
1366,1.65,16:09,151,124.7
1367,1.65,16:45,151,124.7
1368,1.65,15:57,151,124.7
1369,1.65,15:35,152,124.7
1370,1.65,14:54,152,124.7
1371,1.66,15:46,152,124.7
1372,1.66,14:54,152,125.3
1373,1.66,15:04,152,125.3
1374,1.66,15:35,152,125.3
1375,1.66,16:21,152,125.3
1376,1.66,14:25,152,125.3
1377,1.66,15:04,151,125.3
1378,1.66,16:33,151,125.3
1379,1.66,16:33,152,125.3
1380,1.67,16:45,152,126.0
1381,1.67,17:52,152,126.0
1382,1.67,17:38,152,126.0
1383,1.67,16:45,152,126.0
1384,1.67,16:58,151,126.0
1385,1.67,17:11,151,126.0
1386,1.67,16:58,150,126.0
1387,1.67,17:52,150,126.0
1388,1.67,16:58,149,126.0
1389,1.67,16:21,149,126.0
1390,1.68,15:46,149,126.0
1391,1.68,14:44,149,126.0
1392,1.68,13:32,149,126.0
1393,1.68,13:32,149,126.0
1394,1.68,13:32,149,126.0
1395,1.68,13:16,150,126.6
1396,1.68,13:49,149,126.0
1397,1.68,13:24,148,126.0
1398,1.69,13:24,148,126.0
1399,1.69,12:53,148,126.0
1400,1.69,12:39,148,126.0
1401,1.69,12:32,148,126.0
1402,1.69,13:24,148,126.0
1403,1.69,13:16,147,126.0
1404,1.69,13:58,147,126.0
1405,1.69,14:16,146,126.0
1406,1.69,14:34,146,126.0
1407,1.7,14:16,146,126.0
1408,1.7,14:25,145,126.0
1409,1.7,14:34,146,126.0
1410,1.7,14:34,146,126.0
1411,1.7,13:58,146,126.0
1412,1.7,14:44,146,126.0
1413,1.7,15:46,147,126.0
1414,1.7,15:46,147,126.0
1415,1.7,15:35,146,126.0
1416,1.71,15:57,146,126.0
1417,1.71,15:35,147,126.0
1418,1.71,15:04,148,126.0
1419,1.71,14:44,147,126.0
1420,1.71,14:44,147,126.0
1421,1.71,14:07,148,126.0
1422,1.71,14:34,148,126.0
1423,1.71,14:16,148,126.0
1424,1.72,13:16,150,126.0
1425,1.72,13:08,150,126.0
1426,1.72,13:24,151,126.6
1427,1.72,12:32,152,126.6
1428,1.72,11:52,152,126.6
1429,1.72,12:25,153,126.6
1430,1.72,12:18,152,127.3
1431,1.73,11:45,152,127.3
1432,1.73,11:58,151,127.3
1433,1.73,12:53,151,127.3
1434,1.73,12:18,152,127.3
1435,1.73,12:32,152,127.3
1436,1.73,13:49,153,127.3
1437,1.73,13:41,154,127.3
1438,1.73,13:16,155,127.3
1439,1.74,13:49,155,127.3
1440,1.74,14:16,155,127.3
1441,1.74,13:24,154,127.3
1442,1.74,13:41,155,128.0
1443,1.74,13:49,155,128.0
1444,1.74,13:32,154,128.0
1445,1.74,13:08,154,128.0
1446,1.74,13:08,154,128.0
1447,1.74,13:16,153,128.0
1448,1.75,13:32,153,128.6
1449,1.75,13:49,153,128.6
1450,1.75,12:46,153,128.6
1451,1.75,13:01,153,128.6
1452,1.75,12:18,154,128.6
1453,1.75,11:39,154,128.6
1454,1.75,11:33,155,129.3
1455,1.76,13:01,155,129.3
1456,1.76,13:32,155,129.9
1457,1.76,14:25,156,130.6
1458,1.76,15:24,157,130.6
1459,1.76,15:57,157,131.2
1460,1.76,14:34,158,131.9
1461,1.76,14:44,159,131.9
1462,1.76,14:25,159,131.9
1463,1.76,13:58,159,131.9
1464,1.77,14:16,159,131.9
1465,1.77,14:07,158,131.9
1466,1.77,13:49,159,131.9
1467,1.77,14:07,159,131.9
1468,1.77,14:34,158,131.2
1469,1.77,14:07,158,131.2
1470,1.77,14:25,158,130.6
1471,1.77,14:44,158,129.9
1472,1.77,14:44,158,129.9
1473,1.78,14:34,158,129.9
1474,1.78,14:25,158,129.3
1475,1.78,14:54,159,129.3
1476,1.78,13:49,159,128.6
1477,1.78,13:49,158,128.6
1478,1.78,13:24,158,128.6
1479,1.78,13:24,158,128.6
1480,1.78,13:16,159,128.6
1481,1.79,13:41,158,128.6
1482,1.79,13:41,158,128.0
1483,1.79,13:41,158,128.0
1484,1.79,14:07,157,128.0
1485,1.79,14:16,156,128.0
1486,1.79,14:07,156,128.0
1487,1.79,14:07,157,128.0
1488,1.79,13:49,157,128.0
1489,1.8,13:24,156,127.3
1490,1.8,13:01,156,127.3
1491,1.8,13:01,156,127.3
1492,1.8,12:39,156,127.3
1493,1.8,12:53,155,127.3
1494,1.8,13:08,154,127.3
1495,1.8,13:01,155,127.3
1496,1.81,12:11,154,127.3
1497,1.81,11:33,153,127.3
1498,1.81,11:39,153,127.3
1499,1.81,11:45,152,127.3
1500,1.81,11:45,152,127.3
1501,1.81,13:01,151,127.3
1502,1.81,13:08,150,127.3
1503,1.81,13:49,150,127.3
1504,1.82,13:41,151,127.3
1505,1.82,14:25,151,127.3
1506,1.82,13:41,152,127.3
1507,1.82,14:16,153,128.0
1508,1.82,13:16,153,128.0
1509,1.82,13:08,153,128.0
1510,1.82,12:32,154,128.0
1511,1.82,12:53,153,128.0
1512,1.82,14:07,154,128.0
1513,1.83,15:35,154,128.0
1514,1.83,15:14,155,128.0
1515,1.83,16:09,154,128.0
1516,1.83,15:57,154,128.0
1517,1.83,14:25,154,128.6
1518,1.83,13:41,154,128.6
1519,1.83,14:44,154,128.6
1520,1.83,13:49,155,128.6
1521,1.84,13:24,155,128.6
1522,1.84,13:41,155,129.3
1523,1.84,13:32,155,129.3
1524,1.84,12:53,155,129.3
1525,1.84,13:49,155,129.3
1526,1.84,14:25,155,129.3
1527,1.84,13:41,155,129.3
1528,1.84,13:01,155,129.3
1529,1.85,13:08,155,129.3
1530,1.85,13:01,156,129.3
1531,1.85,12:46,156,129.3
1532,1.85,13:49,156,129.3
1533,1.85,15:04,156,129.3
1534,1.85,14:16,156,129.3
1535,1.85,14:07,156,129.3
1536,1.85,14:25,155,129.3
1537,1.85,14:07,156,129.3
1538,1.86,13:58,156,129.3
1539,1.86,14:44,156,129.9
1540,1.86,13:58,156,129.9
1541,1.86,13:16,156,129.9
1542,1.86,13:08,156,129.9
1543,1.86,13:32,156,130.6
1544,1.86,13:32,156,130.6
1545,1.86,13:49,156,130.6
1546,1.87,13:58,155,130.6
1547,1.87,13:32,155,130.6
1548,1.87,12:39,154,130.6
1549,1.87,12:25,154,130.6
1550,1.87,12:46,152,131.2
1551,1.87,13:24,149,131.2
1552,1.87,13:41,147,131.2
1553,1.87,13:49,141,131.2
1554,1.88,13:24,141,131.9
1555,1.88,13:16,142,131.9
1556,1.88,13:32,142,131.9
1557,1.88,13:58,142,131.9
1558,1.88,13:41,142,131.9
1559,1.88,13:49,141,132.5
1560,1.88,13:58,140,132.5
1561,1.88,13:32,135,131.9
1562,1.89,13:08,133,132.5
1563,1.89,13:01,140,132.5
1564,1.89,13:24,144,133.2
1565,1.89,12:39,146,133.2
1566,1.89,12:39,147,133.2
1567,1.89,12:25,148,133.2
1568,1.89,12:18,149,133.2
1569,1.89,13:08,150,133.9
1570,1.9,13:24,152,133.9
1571,1.9,12:53,153,133.9
1572,1.9,13:08,153,133.9
1573,1.9,13:41,154,133.9
1574,1.9,12:46,155,133.9
1575,1.9,13:49,156,134.5
1576,1.9,14:34,155,134.5
1577,1.9,14:54,155,134.5
1578,1.91,15:14,154,134.5
1579,1.91,15:04,155,134.5
1580,1.91,14:25,155,134.5
1581,1.91,13:41,155,134.5
1582,1.91,13:49,154,134.5
1583,1.91,14:25,153,134.5
1584,1.91,15:35,153,134.5
1585,1.91,16:09,152,135.2
1586,1.91,15:46,152,135.2
1587,1.92,15:46,152,135.2
1588,1.92,14:44,152,135.2
1589,1.92,14:25,151,135.8
1590,1.92,13:49,151,135.8
1591,1.92,14:25,151,135.8
1592,1.92,13:49,151,135.8
1593,1.92,13:49,151,135.8
1594,1.92,13:16,151,135.8
1595,1.93,13:24,152,135.8
1596,1.93,13:32,152,136.5
1597,1.93,13:41,151,136.5
1598,1.93,13:58,151,136.5
1599,1.93,14:25,151,137.1
1600,1.93,14:07,150,137.1
1601,1.93,13:58,150,137.1
1602,1.93,13:49,150,137.1
1603,1.94,12:39,150,137.1
1604,1.94,11:39,151,137.1
1605,1.94,11:39,151,137.1
1606,1.94,11:52,151,137.1
1607,1.94,12:04,150,137.1
1608,1.94,12:39,150,137.1
1609,1.94,13:49,151,137.1
1610,1.94,13:58,152,137.1
1611,1.95,13:32,152,137.1
1612,1.95,13:41,151,137.1
1613,1.95,14:07,152,137.1
1614,1.95,13:16,151,137.1
1615,1.95,13:32,150,137.1
1616,1.95,13:41,151,137.1
1617,1.95,14:07,151,137.1
1618,1.95,14:07,152,137.1
1619,1.96,14:07,151,137.1
1620,1.96,13:32,152,137.1
1621,1.96,13:32,152,137.1
1622,1.96,12:53,153,137.1
1623,1.96,13:16,152,137.8
1624,1.96,13:32,152,137.8
1625,1.96,13:41,152,137.1
1626,1.96,13:41,152,137.8
1627,1.97,13:41,152,137.1
1628,1.97,12:39,152,137.1
1629,1.97,12:39,152,137.8
1630,1.97,12:53,153,137.8
1631,1.97,11:58,152,137.8
1632,1.97,11:21,152,137.8
1633,1.97,11:39,151,137.8
1634,1.97,11:52,151,137.8
1635,1.98,11:33,151,137.8
1636,1.98,12:46,151,137.8
1637,1.98,13:41,152,138.5
1638,1.98,13:32,153,138.5
1639,1.98,13:49,154,138.5
1640,1.98,13:24,155,138.5
1641,1.98,13:24,155,138.5
1642,1.98,13:16,156,138.5
1643,1.99,13:49,156,138.5
1644,1.99,13:41,156,137.8
1645,1.99,14:44,157,138.5
1646,1.99,13:58,156,138.5
1647,1.99,13:41,157,138.5
1648,1.99,13:41,157,138.5
1649,1.99,13:58,156,138.5
1650,1.99,14:16,155,138.5
1651,2.0,13:49,155,138.5
1652,2.0,13:58,155,138.5
1653,2.0,13:58,154,138.5
1654,2.0,13:01,155,138.5
1655,2.0,12:46,154,138.5
1656,2.0,13:49,154,138.5
1657,2.0,14:16,153,138.5
1658,2.0,14:34,153,138.5
1659,2.0,15:46,152,138.5
1660,2.01,15:57,151,138.5
1661,2.01,15:24,151,139.1
1662,2.01,15:35,151,139.1
1663,2.01,14:54,150,139.1
1664,2.01,14:25,151,139.1
1665,2.01,14:16,153,139.1
1666,2.01,14:34,153,139.1
1667,2.01,14:07,154,139.1
1668,2.02,13:16,155,139.1
1669,2.02,13:24,155,139.1
1670,2.02,12:46,155,139.1
1671,2.02,12:32,155,139.1
1672,2.02,12:46,156,139.8
1673,2.02,13:32,155,139.8
1674,2.02,12:18,156,139.8
1675,2.02,12:39,156,139.8
1676,2.03,12:39,156,139.8
1677,2.03,11:58,156,139.8
1678,2.03,12:04,157,139.8
1679,2.03,13:58,157,139.8
1680,2.03,14:07,157,139.8
1681,2.03,14:07,157,139.8
1682,2.03,15:24,157,139.8
1683,2.03,15:14,157,140.4
1684,2.04,13:16,157,140.4
1685,2.04,13:58,158,140.4
1686,2.04,13:58,157,140.4
1687,2.04,13:08,158,140.4
1688,2.04,12:46,158,140.4
1689,2.04,13:58,158,140.4
1690,2.04,14:07,158,140.4
1691,2.04,14:25,158,140.4
1692,2.04,14:25,158,140.4
1693,2.05,14:54,158,139.8
1694,2.05,14:16,158,139.8
1695,2.05,12:53,157,139.8
1696,2.05,12:11,157,139.8
1697,2.05,12:32,156,139.8
1698,2.05,12:46,156,139.8
1699,2.05,13:32,156,139.8
1700,2.05,14:34,156,139.8
1701,2.06,15:24,156,139.8
1702,2.06,16:09,156,139.8
1703,2.06,15:57,155,139.8
1704,2.06,14:25,155,139.8
1705,2.06,13:32,155,139.8
1706,2.06,11:58,155,139.8
1707,2.06,10:59,155,139.8
1708,2.07,11:05,155,139.8
1709,2.07,11:21,155,140.4
1710,2.07,10:54,156,140.4
1711,2.07,12:11,157,140.4
1712,2.07,12:39,158,140.4
1713,2.07,11:52,158,140.4
1714,2.07,11:27,158,140.4
1715,2.08,12:11,159,140.4
1716,2.08,12:11,159,140.4
1717,2.08,12:11,159,140.4
1718,2.08,12:39,159,140.4
1719,2.08,12:11,159,140.4
1720,2.08,11:58,160,140.4
1721,2.08,11:52,160,140.4
1722,2.08,11:45,160,141.1
1723,2.09,11:05,160,141.1
1724,2.09,11:58,160,141.1
1725,2.09,12:11,160,141.1
1726,2.09,11:45,160,141.1
1727,2.09,11:58,161,141.1
1728,2.09,13:01,160,141.7
1729,2.09,13:16,161,141.7
1730,2.1,12:53,160,141.7
1731,2.1,13:01,160,141.7
1732,2.1,12:25,159,141.7
1733,2.1,12:53,159,141.7
1734,2.1,12:25,160,141.7
1735,2.1,12:25,159,141.7
1736,2.1,12:39,159,142.4
1737,2.1,13:41,160,142.4
1738,2.11,12:39,161,142.4
1739,2.11,12:53,161,142.4
1740,2.11,13:24,160,142.4
1741,2.11,14:25,160,142.4
1742,2.11,14:54,160,143.0
1743,2.11,15:35,160,143.0
1744,2.11,15:57,160,143.0
1745,2.11,15:46,160,143.0
1746,2.12,13:58,159,143.0
1747,2.12,12:46,158,143.0
1748,2.12,12:39,158,143.0
1749,2.12,11:45,157,143.0
1750,2.12,11:33,157,143.7
1751,2.12,12:11,157,143.7
1752,2.12,12:18,157,143.7
1753,2.12,12:25,158,143.7
1754,2.13,13:08,158,144.4
1755,2.13,13:16,158,144.4
1756,2.13,13:24,158,144.4
1757,2.13,14:25,159,145.0
1758,2.13,14:44,159,145.0
1759,2.13,15:04,158,145.7
1760,2.13,15:46,158,145.7
1761,2.13,15:35,158,145.7
1762,2.14,13:58,158,146.3
1763,2.14,14:25,157,146.3
1764,2.14,14:44,157,146.3
1765,2.14,14:25,157,146.3
1766,2.14,14:44,158,147.0
1767,2.14,15:46,158,147.0
1768,2.14,14:54,158,147.0
1769,2.14,14:34,158,147.0
1770,2.14,14:25,159,147.0
1771,2.15,13:24,158,147.6
1772,2.15,13:41,158,147.6
1773,2.15,13:24,159,147.6
1774,2.15,12:46,158,147.6
1775,2.15,13:16,158,147.6
1776,2.15,13:08,158,147.6
1777,2.15,12:39,158,148.3
1778,2.15,12:46,158,148.3
1779,2.16,13:08,158,148.3
1780,2.16,12:32,159,148.3
1781,2.16,13:41,159,149.0
1782,2.16,14:07,159,149.0
1783,2.16,14:16,160,149.0
1784,2.16,14:07,160,149.0
1785,2.16,14:07,160,149.0
1786,2.16,13:32,160,149.0
1787,2.17,13:41,160,149.0
1788,2.17,13:32,160,149.6
1789,2.17,13:41,160,149.6
1790,2.17,12:46,160,149.6
1791,2.17,12:39,159,149.6
1792,2.17,11:58,160,149.6
1793,2.17,11:39,160,149.6
1794,2.17,11:21,160,149.6
1795,2.18,11:52,160,150.3
1796,2.18,11:39,160,150.3
1797,2.18,12:25,160,150.3
1798,2.18,13:24,160,150.3
1799,2.18,13:41,160,150.3
1800,2.18,14:44,160,150.9
1801,2.18,15:04,160,150.9
1802,2.18,13:32,159,150.9
1803,2.19,13:08,159,150.9
1804,2.19,13:16,159,151.6
1805,2.19,12:32,158,151.6
1806,2.19,12:39,158,151.6
1807,2.19,13:24,158,151.6
1808,2.19,13:01,158,151.6
1809,2.19,13:08,158,151.6
1810,2.2,13:01,159,151.6
1811,2.2,11:58,158,151.6
1812,2.2,11:39,158,151.6
1813,2.2,12:11,158,151.6
1814,2.2,12:32,158,151.6
1815,2.2,13:08,159,151.6
1816,2.2,14:34,158,152.2
1817,2.2,16:09,157,152.2
1818,2.2,15:35,157,152.2
1819,2.21,15:24,158,152.2
1820,2.21,15:04,158,152.2
1821,2.21,15:24,157,152.2
1822,2.21,13:49,157,152.2
1823,2.21,14:44,157,152.2
1824,2.21,13:49,157,152.2
1825,2.21,12:53,157,152.2
1826,2.21,12:39,157,152.2
1827,2.22,12:04,157,152.2
1828,2.22,11:16,157,152.2
1829,2.22,11:39,157,152.9
1830,2.22,12:32,158,152.2
1831,2.22,13:08,158,152.2
1832,2.22,14:25,159,152.2
1833,2.22,14:25,159,152.9
1834,2.22,14:16,159,152.9
1835,2.23,14:07,160,152.9
1836,2.23,13:08,160,152.9
1837,2.23,13:16,159,152.9
1838,2.23,12:53,159,152.9
1839,2.23,12:25,160,152.9
1840,2.23,12:18,160,152.9
1841,2.23,12:32,160,152.9
1842,2.24,12:25,159,152.9
1843,2.24,13:08,159,152.9
1844,2.24,14:07,159,152.9
1845,2.24,13:58,159,152.9
1846,2.24,13:32,159,153.5
1847,2.24,13:16,158,153.5
1848,2.24,12:32,158,153.5
1849,2.24,11:58,158,153.5
1850,2.25,11:33,158,153.5
1851,2.25,11:21,159,153.5
1852,2.25,11:33,159,153.5
1853,2.25,12:25,159,153.5
1854,2.25,13:41,159,153.5
1855,2.25,14:44,158,153.5
1856,2.25,15:04,158,153.5
1857,2.25,15:14,158,153.5
1858,2.26,14:34,158,153.5
1859,2.26,13:58,158,154.2
1860,2.26,14:54,158,154.2
1861,2.26,16:09,158,154.2
1862,2.26,17:52,158,154.2
1863,2.26,19:26,159,154.2
1864,2.26,20:01,159,154.2
1865,2.26,16:21,159,154.2
1866,2.26,15:57,159,154.9
1867,2.26,14:07,159,154.9
1868,2.27,13:16,159,154.9
1869,2.27,12:32,159,154.9
1870,2.27,13:32,160,154.9
1871,2.27,12:04,160,154.9
1872,2.27,11:21,159,154.9
1873,2.27,10:54,159,154.9
1874,2.27,11:21,159,154.9
1875,2.28,11:05,159,154.9
1876,2.28,12:32,159,154.9
1877,2.28,14:25,159,154.9
1878,2.28,16:09,160,154.9
1879,2.28,14:34,159,154.9
1880,2.28,14:34,159,154.9
1881,2.28,14:34,159,154.9
1882,2.28,13:01,159,154.9
1883,2.29,12:11,159,155.5
1884,2.29,12:39,159,155.5
1885,2.29,12:46,159,155.5
1886,2.29,11:33,158,155.5
1887,2.29,12:04,158,156.2
1888,2.29,12:25,158,156.2
1889,2.29,12:18,158,156.2
1890,2.29,12:46,158,156.8
1891,2.3,13:49,159,156.8
1892,2.3,12:53,159,156.8
1893,2.3,12:32,160,156.8
1894,2.3,12:39,160,157.5
1895,2.3,12:39,159,157.5
1896,2.3,12:53,158,157.5
1897,2.3,14:44,158,157.5
1898,2.3,14:54,158,157.5
1899,2.31,14:54,159,158.1
1900,2.31,14:54,159,158.1
1901,2.31,15:04,160,158.1
1902,2.31,14:54,160,158.1
1903,2.31,14:54,161,158.1
1904,2.31,15:24,159,158.1
1905,2.31,15:14,159,158.8
1906,2.31,14:07,160,158.8
1907,2.31,14:54,160,159.4
1908,2.32,14:44,161,158.8
1909,2.32,13:49,160,159.4
1910,2.32,13:49,160,158.8
1911,2.32,15:04,160,158.8
1912,2.32,14:07,159,159.4
1913,2.32,14:25,159,159.4
1914,2.32,14:34,159,159.4
1915,2.32,14:07,159,160.1
1916,2.33,13:49,159,160.1
1917,2.33,14:25,159,160.8
1918,2.33,14:34,159,160.8
1919,2.33,14:54,159,160.8
1920,2.33,15:24,158,160.8
1921,2.33,14:54,159,161.4
1922,2.33,13:49,159,161.4
1923,2.33,13:58,159,162.1
1924,2.33,15:04,159,162.1
1925,2.34,15:04,159,162.1
1926,2.34,15:35,159,162.7
1927,2.34,16:33,159,162.7
1928,2.34,16:33,159,163.4
1929,2.34,14:34,159,163.4
1930,2.34,14:07,159,163.4
1931,2.34,13:49,158,163.4
1932,2.34,13:08,158,163.4
1933,2.34,12:53,158,163.4
1934,2.35,13:41,158,164.0
1935,2.35,13:16,159,164.0
1936,2.35,12:53,159,164.7
1937,2.35,12:39,160,164.7
1938,2.35,12:39,159,164.7
1939,2.35,12:32,159,164.0
1940,2.35,13:01,160,164.7
1941,2.35,13:16,160,164.7
1942,2.36,13:01,160,164.7
1943,2.36,13:01,160,164.7
1944,2.36,12:39,160,164.7
1945,2.36,11:52,161,164.7
1946,2.36,11:27,161,165.4
1947,2.36,11:27,161,165.4
1948,2.36,11:52,161,165.4
1949,2.37,12:18,161,165.4
1950,2.37,12:53,161,166.0
1951,2.37,13:32,162,166.0
1952,2.37,13:32,161,166.0
1953,2.37,12:53,161,166.7
1954,2.37,12:39,161,166.7
1955,2.37,12:32,162,166.7
1956,2.37,13:01,161,166.7
1957,2.38,13:49,161,167.3
1958,2.38,13:24,161,167.3
1959,2.38,13:01,162,167.3
1960,2.38,13:24,163,167.3
1961,2.38,13:01,163,168.0
1962,2.38,12:18,162,168.0
1963,2.38,12:18,161,168.0
1964,2.39,13:16,162,168.0
1965,2.39,13:32,162,168.0
1966,2.39,13:24,163,168.6
1967,2.39,15:04,163,168.6
1968,2.39,17:38,162,169.3
1969,2.39,17:25,162,169.3
1970,2.39,17:38,162,169.3
1971,2.39,17:25,163,169.9
1972,2.39,16:33,163,169.9
1973,2.39,13:41,163,169.9
1974,2.4,12:18,163,169.9
1975,2.4,11:58,163,170.6
1976,2.4,11:39,162,170.6
1977,2.4,11:33,162,170.6
1978,2.4,12:53,163,170.6
1979,2.4,13:58,163,170.6
1980,2.4,14:34,162,170.6
1981,2.4,15:04,162,170.6
1982,2.41,15:14,161,170.6
1983,2.41,13:01,160,171.3
1984,2.41,11:58,161,171.3
1985,2.41,11:33,162,171.3
1986,2.41,10:59,162,171.3
1987,2.41,10:14,162,171.9
1988,2.42,10:48,162,171.9
1989,2.42,11:27,161,171.9
1990,2.42,11:58,162,171.9
1991,2.42,12:53,162,171.9
1992,2.42,14:16,162,171.9
1993,2.42,15:14,162,171.9
1994,2.42,14:16,161,171.9
1995,2.42,13:41,161,171.9
1996,2.43,13:16,161,171.9
1997,2.43,12:18,160,171.9
1998,2.43,12:32,160,172.6
1999,2.43,13:32,160,172.6
2000,2.43,13:08,159,172.6
2001,2.43,13:24,159,172.6
2002,2.43,14:07,159,172.6
2003,2.43,14:34,159,172.6
2004,2.43,13:58,159,173.2
2005,2.44,14:34,160,173.2
2006,2.44,14:34,161,173.2
2007,2.44,13:32,161,173.2
2008,2.44,12:25,160,173.9
2009,2.44,12:53,160,173.9
2010,2.44,12:39,160,173.9
2011,2.44,12:04,161,173.9
2012,2.45,12:53,160,174.5
2013,2.45,13:08,160,174.5
2014,2.45,12:32,160,174.5
2015,2.45,13:01,160,174.5
2016,2.45,12:32,159,174.5
2017,2.45,12:11,159,174.5
2018,2.45,11:45,159,174.5
2019,2.45,12:25,159,175.2
2020,2.46,11:52,160,175.2
2021,2.46,12:25,160,175.9
2022,2.46,12:46,160,175.9
2023,2.46,13:16,161,175.9
2024,2.46,13:01,161,175.9
2025,2.46,13:32,161,175.9
2026,2.46,14:07,162,175.9
2027,2.46,13:49,162,176.5
2028,2.47,13:41,161,176.5
2029,2.47,13:58,162,176.5
2030,2.47,13:32,162,176.5
2031,2.47,12:39,162,177.2
2032,2.47,12:53,160,177.2
2033,2.47,13:24,160,177.2
2034,2.47,13:16,160,177.2
2035,2.47,13:58,161,177.2
2036,2.48,15:46,161,177.2
2037,2.48,16:21,161,177.8
2038,2.48,15:57,161,177.8
2039,2.48,15:35,161,177.8
2040,2.48,14:54,161,177.8
2041,2.48,13:16,161,178.5
2042,2.48,12:53,161,178.5
2043,2.48,13:08,161,178.5
2044,2.48,13:16,161,178.5
2045,2.49,13:24,162,178.5
2046,2.49,14:16,162,178.5
2047,2.49,12:39,162,179.1
2048,2.49,12:18,161,179.1
2049,2.49,12:18,163,179.1
2050,2.49,12:46,162,179.1
2051,2.49,12:18,162,179.1
2052,2.5,13:08,161,179.8
2053,2.5,12:53,161,179.8
2054,2.5,13:16,162,179.8
2055,2.5,12:46,162,180.4
2056,2.5,13:08,162,180.4
2057,2.5,13:49,161,180.4
2058,2.5,13:58,161,181.1
2059,2.5,13:01,161,181.1
2060,2.51,12:46,161,181.1
2061,2.51,13:08,162,181.1
2062,2.51,13:41,161,181.1
2063,2.51,13:08,160,181.1
2064,2.51,13:49,161,181.1
2065,2.51,14:16,162,181.8
2066,2.51,13:49,162,181.8
2067,2.51,13:01,163,181.8
2068,2.52,13:41,163,181.8
2069,2.52,14:16,163,181.8
2070,2.52,13:49,163,182.4
2071,2.52,14:07,163,182.4
2072,2.52,14:44,164,182.4
2073,2.52,15:24,163,183.1
2074,2.52,14:34,163,183.1
2075,2.52,14:34,163,183.1
2076,2.52,14:16,164,183.7
2077,2.53,14:16,164,183.7
2078,2.53,13:32,163,183.7
2079,2.53,13:01,163,184.4
2080,2.53,12:32,162,184.4
2081,2.53,12:25,162,184.4
2082,2.53,12:11,163,184.4
2083,2.53,12:04,163,184.4
2084,2.53,12:32,163,185.0
2085,2.54,13:01,162,185.0
2086,2.54,13:32,162,185.0
2087,2.54,13:58,162,185.0
2088,2.54,13:49,163,185.0
2089,2.54,13:24,162,185.0
2090,2.54,13:49,162,185.7
2091,2.54,13:58,162,185.7
2092,2.54,13:01,162,185.7
2093,2.55,13:01,161,185.7
2094,2.55,13:24,161,185.7
2095,2.55,12:53,162,186.4
2096,2.55,12:32,162,186.4
2097,2.55,12:53,162,186.4
2098,2.55,14:07,162,186.4
2099,2.55,14:25,161,187.0
2100,2.55,14:25,160,187.0
2101,2.56,13:58,160,187.0
2102,2.56,14:34,161,187.0
2103,2.56,13:49,161,187.0
2104,2.56,13:58,160,187.7
2105,2.56,15:04,160,187.7
2106,2.56,15:46,160,187.7
2107,2.56,15:24,159,187.7
2108,2.56,15:04,159,187.7
2109,2.56,14:34,159,188.3
2110,2.57,14:07,159,188.3
2111,2.57,13:32,160,188.3
2112,2.57,13:24,160,188.3
2113,2.57,13:58,160,188.3
2114,2.57,14:07,160,188.3
2115,2.57,13:41,160,188.3
2116,2.57,13:49,160,189.0
2117,2.57,13:24,160,189.0
2118,2.58,13:08,161,189.0
2119,2.58,13:41,161,189.0
2120,2.58,14:34,160,189.6
2121,2.58,14:54,160,189.6
2122,2.58,15:35,161,189.6
2123,2.58,16:09,161,189.6
2124,2.58,14:54,160,189.6
2125,2.58,14:07,160,189.6
2126,2.58,13:58,159,189.6
2127,2.59,13:32,158,190.3
2128,2.59,12:46,158,190.3
2129,2.59,13:16,157,190.3
2130,2.59,13:16,157,190.3
2131,2.59,13:16,157,190.3
2132,2.59,13:41,157,190.9
2133,2.59,14:34,158,190.9
2134,2.59,14:16,159,190.9
2135,2.6,14:16,159,191.6
2136,2.6,14:16,160,191.6
2137,2.6,14:25,159,191.6
2138,2.6,13:58,160,191.6
2139,2.6,14:34,160,191.6
2140,2.6,14:44,160,191.6
2141,2.6,14:16,159,191.6
2142,2.6,13:24,159,191.6
2143,2.61,13:16,160,191.6
2144,2.61,12:18,160,192.3
2145,2.61,12:04,160,192.3
2146,2.61,12:32,160,192.3
2147,2.61,12:46,160,192.3
2148,2.61,12:32,160,192.3
2149,2.61,12:39,159,192.3
2150,2.61,12:39,159,192.3
2151,2.62,13:16,159,192.9
2152,2.62,13:49,159,192.9
2153,2.62,14:44,160,192.9
2154,2.62,15:14,159,192.9
2155,2.62,14:44,160,192.9
2156,2.62,13:58,160,192.9
2157,2.62,14:25,160,192.9
2158,2.62,14:44,160,192.9
2159,2.62,14:44,159,192.9
2160,2.63,15:35,159,192.9
2161,2.63,15:35,160,192.9
2162,2.63,13:58,160,192.9
2163,2.63,12:46,160,192.9
2164,2.63,12:39,161,192.9
2165,2.63,12:46,160,193.6
2166,2.63,12:46,160,193.6
2167,2.63,13:24,160,193.6
2168,2.64,14:07,159,193.6
2169,2.64,14:07,159,193.6
2170,2.64,13:32,159,194.2
2171,2.64,13:24,159,194.2
2172,2.64,13:24,159,194.2
2173,2.64,12:46,159,194.2
2174,2.64,12:53,159,194.2
2175,2.64,13:24,159,194.2
2176,2.65,13:24,159,194.9
2177,2.65,13:49,159,194.2
2178,2.65,15:24,159,194.2
2179,2.65,16:33,159,194.2
2180,2.65,16:58,159,194.9
2181,2.65,18:07,159,194.9
2182,2.65,17:52,158,194.9
2183,2.65,16:45,158,194.9
2184,2.65,15:57,156,194.9
2185,2.66,15:35,156,194.9
2186,2.66,14:44,156,194.9
2187,2.66,14:25,155,194.9
2188,2.66,15:14,156,194.9
2189,2.66,15:24,156,194.9
2190,2.66,15:24,156,194.9
2191,2.66,15:35,156,194.9
2192,2.66,15:46,157,194.9
2193,2.66,14:54,157,194.9
2194,2.67,14:25,157,194.9
2195,2.67,14:16,157,194.9
2196,2.67,14:25,157,194.9
2197,2.67,14:16,157,194.9
2198,2.67,13:32,157,194.2
2199,2.67,13:58,156,194.2
2200,2.67,13:58,155,194.2
2201,2.67,13:49,156,194.2
2202,2.67,14:25,156,194.2
2203,2.68,15:04,156,194.2
2204,2.68,14:25,156,194.9
2205,2.68,14:16,155,194.2
2206,2.68,14:54,155,194.9
2207,2.68,14:16,152,194.9
2208,2.68,14:34,152,194.9
2209,2.68,15:35,152,194.9
2210,2.68,15:35,152,194.9
2211,2.68,15:04,153,194.9
2212,2.69,14:44,153,194.9
2213,2.69,14:54,154,195.5
2214,2.69,13:32,155,195.5
2215,2.69,13:24,156,195.5
2216,2.69,13:24,157,195.5
2217,2.69,13:01,157,195.5
2218,2.69,12:53,157,195.5
2219,2.69,14:07,157,196.2
2220,2.7,13:49,157,196.2
2221,2.7,14:07,157,196.2
2222,2.7,14:25,157,196.2
2223,2.7,14:16,158,196.2
2224,2.7,13:08,158,196.2
2225,2.7,13:41,158,196.2
2226,2.7,13:24,157,196.9
2227,2.7,13:32,157,196.9
2228,2.71,13:49,156,196.9
2229,2.71,15:14,156,196.9
2230,2.71,14:54,156,197.5
2231,2.71,14:54,156,197.5
2232,2.71,14:54,156,197.5
2233,2.71,14:44,157,197.5
2234,2.71,14:25,157,197.5
2235,2.71,14:16,156,197.5
2236,2.71,14:16,156,197.5
2237,2.72,13:58,157,197.5
2238,2.72,12:39,156,197.5
2239,2.72,12:32,156,197.5
2240,2.72,12:46,155,197.5
2241,2.72,12:11,155,197.5
2242,2.72,12:32,155,197.5
2243,2.72,13:08,155,198.2
2244,2.73,11:52,155,198.2
2245,2.73,11:52,156,198.2
2246,2.73,11:45,157,198.2
2247,2.73,11:33,157,198.2
2248,2.73,11:39,157,198.2
2249,2.73,12:53,158,198.8
2250,2.73,13:32,159,198.8
2251,2.73,13:01,160,198.8
2252,2.74,13:41,161,198.8
2253,2.74,13:41,160,198.8
2254,2.74,12:46,161,198.8
2255,2.74,12:32,161,198.8
2256,2.74,14:25,161,198.8
2257,2.74,13:58,162,199.5
2258,2.74,13:58,161,199.5
2259,2.74,15:14,162,200.1
2260,2.74,15:46,163,200.1
2261,2.75,13:58,164,200.1
2262,2.75,13:49,163,200.1
2263,2.75,14:34,163,200.8
2264,2.75,14:07,162,200.8
2265,2.75,12:39,162,200.8
2266,2.75,13:24,161,200.8
2267,2.75,13:32,162,200.8
2268,2.75,13:16,162,200.8
2269,2.76,12:18,162,200.8
2270,2.76,13:32,162,200.8
2271,2.76,13:32,162,200.8
2272,2.76,13:16,162,200.8
2273,2.76,12:46,162,201.4
2274,2.76,13:32,161,201.4
2275,2.76,13:01,161,201.4
2276,2.77,13:08,161,201.4
2277,2.77,13:32,161,201.4
2278,2.77,14:34,161,201.4
2279,2.77,14:44,161,201.4
2280,2.77,14:44,161,201.4
2281,2.77,14:07,161,200.8
2282,2.77,13:49,161,201.4
2283,2.77,13:32,162,201.4
2284,2.77,13:32,163,200.8
2285,2.78,14:25,162,200.8
2286,2.78,15:04,163,200.8
2287,2.78,14:54,162,200.8
2288,2.78,14:54,162,200.8
2289,2.78,14:54,162,200.8
2290,2.78,13:49,162,200.8
2291,2.78,14:07,161,200.8
2292,2.78,14:44,160,200.8
2293,2.78,15:04,159,200.8
2294,2.79,16:09,158,200.1
2295,2.79,16:45,158,200.1
2296,2.79,16:33,158,200.1
2297,2.79,15:46,159,200.1
2298,2.79,15:35,159,200.1
2299,2.79,15:04,159,200.1
2300,2.79,14:44,160,200.1
2301,2.79,14:44,159,200.1
2302,2.79,15:46,159,200.1
2303,2.8,15:24,159,200.1
2304,2.8,15:24,160,200.1
2305,2.8,15:24,159,200.1
2306,2.8,14:34,159,200.1
2307,2.8,13:41,159,200.8
2308,2.8,13:24,158,200.8
2309,2.8,13:01,157,200.8
2310,2.8,13:24,156,201.4
2311,2.8,14:34,153,201.4
2312,2.81,15:14,152,201.4
2313,2.81,15:24,149,201.4
2314,2.81,15:46,145,200.8
2315,2.81,14:54,142,200.8
2316,2.81,13:08,139,200.8
2317,2.81,13:01,132,200.8
2318,2.81,12:46,134,200.8
2319,2.81,12:46,134,200.8
2320,2.82,12:39,134,200.8
2321,2.82,13:32,134,200.8
2322,2.82,13:49,134,200.8
2323,2.82,14:25,131,200.8
2324,2.82,14:07,134,200.8
2325,2.82,14:34,143,200.8
2326,2.82,15:04,149,200.8
2327,2.82,14:34,150,200.8
2328,2.83,14:16,153,200.8
2329,2.83,14:44,153,200.8
2330,2.83,15:04,154,200.8
2331,2.83,14:25,155,200.8
2332,2.83,14:44,156,200.1
2333,2.83,15:04,157,200.1
2334,2.83,14:16,157,200.1
2335,2.83,13:24,159,200.1
2336,2.83,12:53,160,200.1
2337,2.84,12:53,160,200.1
2338,2.84,12:39,159,200.1
2339,2.84,13:32,160,200.1
2340,2.84,14:07,160,200.1
2341,2.84,14:44,161,200.1
2342,2.84,14:44,161,199.5
2343,2.84,14:25,161,199.5
2344,2.84,13:41,162,199.5
2345,2.85,13:24,161,199.5
2346,2.85,13:24,161,199.5
2347,2.85,13:24,161,199.5
2348,2.85,13:24,160,199.5
2349,2.85,13:16,160,199.5
2350,2.85,13:24,160,199.5
2351,2.85,13:41,160,199.5
2352,2.85,13:24,160,199.5
2353,2.85,14:16,160,199.5
2354,2.86,15:04,160,199.5
2355,2.86,14:44,159,199.5
2356,2.86,14:16,159,199.5
2357,2.86,13:16,159,200.1
2358,2.86,12:18,159,200.1
2359,2.86,12:18,158,200.1
2360,2.86,13:01,159,200.1
2361,2.86,13:49,158,200.1
2362,2.87,15:35,159,200.8
2363,2.87,16:45,158,200.8
2364,2.87,16:33,159,200.8
2365,2.87,16:09,159,200.8
2366,2.87,15:04,158,200.8
2367,2.87,13:41,158,200.8
2368,2.87,13:24,157,200.8
2369,2.87,13:01,157,200.8
2370,2.88,12:46,157,200.8
2371,2.88,12:53,158,200.8
2372,2.88,13:32,158,200.8
2373,2.88,13:24,158,200.8
2374,2.88,13:16,158,200.8
2375,2.88,13:01,158,200.1
2376,2.88,12:53,158,200.1
2377,2.88,12:32,159,200.1
2378,2.89,12:32,159,199.5
2379,2.89,13:01,159,199.5
2380,2.89,13:24,159,200.1
2381,2.89,13:58,160,200.1
2382,2.89,14:07,159,200.1
2383,2.89,13:58,160,199.5
2384,2.89,13:24,158,199.5
2385,2.89,12:18,158,199.5
2386,2.9,11:39,158,199.5
2387,2.9,11:27,158,198.8
2388,2.9,11:27,158,198.8
2389,2.9,11:39,158,198.8
2390,2.9,12:46,158,198.8
2391,2.9,13:24,158,198.8
2392,2.9,13:41,158,198.8
2393,2.9,13:58,159,199.5
2394,2.91,13:58,159,198.8
2395,2.91,13:16,159,199.5
2396,2.91,13:08,159,199.5
2397,2.91,13:41,160,199.5
2398,2.91,13:32,161,198.8
2399,2.91,12:32,161,198.8
2400,2.91,13:01,161,198.8
2401,2.92,12:11,162,198.8
2402,2.92,11:58,162,198.8
2403,2.92,11:33,163,199.5
2404,2.92,12:18,163,199.5
2405,2.92,12:04,164,199.5
2406,2.92,12:39,164,199.5
2407,2.92,12:46,164,198.8
2408,2.92,13:16,164,198.8
2409,2.93,13:24,165,198.8
2410,2.93,13:58,164,198.8
2411,2.93,14:07,164,198.8
2412,2.93,13:24,164,198.2
2413,2.93,13:24,164,198.2
2414,2.93,13:49,165,198.2
2415,2.93,13:49,165,198.2
2416,2.93,14:16,164,198.2
2417,2.93,15:46,164,197.5
2418,2.94,16:21,164,197.5
2419,2.94,15:35,163,197.5
2420,2.94,15:14,163,197.5
2421,2.94,15:24,164,197.5
2422,2.94,14:25,163,198.2
2423,2.94,14:16,164,198.2
2424,2.94,14:34,164,198.2
2425,2.94,13:32,163,198.2
2426,2.95,12:32,163,198.2
2427,2.95,12:25,163,198.2
2428,2.95,12:11,163,197.5
2429,2.95,11:52,162,197.5
2430,2.95,12:46,162,197.5
2431,2.95,13:32,162,198.2
2432,2.95,14:16,161,197.5
2433,2.95,14:25,160,197.5
2434,2.96,14:54,159,197.5
2435,2.96,14:34,159,197.5
2436,2.96,14:16,159,197.5
2437,2.96,13:49,159,197.5
2438,2.96,13:49,158,197.5
2439,2.96,14:07,159,197.5
2440,2.96,14:34,158,197.5
2441,2.96,15:14,159,197.5
2442,2.96,14:54,159,197.5
2443,2.97,14:07,159,197.5
2444,2.97,13:16,159,197.5
2445,2.97,13:01,159,197.5
2446,2.97,12:18,158,197.5
2447,2.97,12:32,160,197.5
2448,2.97,13:01,160,198.2
2449,2.97,14:07,160,198.2
2450,2.97,14:16,161,198.2
2451,2.98,14:16,161,198.8
2452,2.98,14:16,161,198.8
2453,2.98,13:58,161,198.8
2454,2.98,13:16,161,198.8
2455,2.98,13:24,160,198.8
2456,2.98,13:32,160,198.8
2457,2.98,12:46,160,198.8
2458,2.99,13:01,159,198.8
2459,2.99,12:53,159,199.5
2460,2.99,12:04,158,199.5
2461,2.99,12:25,159,199.5
2462,2.99,13:32,160,199.5
2463,2.99,13:49,159,200.1
2464,2.99,13:32,160,200.1
2465,2.99,14:34,161,200.1
2466,2.99,14:25,161,200.8
2467,3.0,14:44,159,200.8
2468,3.0,13:49,159,201.4
2469,3.0,14:25,159,201.4
2470,3.0,14:34,159,201.4
2471,3.0,15:35,160,201.4
2472,3.0,14:34,160,201.4
2473,3.0,15:04,160,200.8
2474,3.0,14:16,158,200.8
2475,3.01,13:49,159,200.8
2476,3.01,12:53,159,200.8
2477,3.01,13:08,159,200.8
2478,3.01,13:08,159,200.1
2479,3.01,13:08,160,200.1
2480,3.01,13:01,161,200.1
2481,3.01,13:01,161,199.5
2482,3.01,13:08,161,198.8
2483,3.02,13:16,162,198.2
2484,3.02,13:01,162,197.5
2485,3.02,12:46,162,197.5
2486,3.02,12:25,163,197.5
2487,3.02,11:45,163,196.9
2488,3.02,11:45,163,196.9
2489,3.02,12:04,161,196.9
2490,3.03,12:04,161,196.9
2491,3.03,12:18,160,196.2
2492,3.03,13:16,158,196.2
2493,3.03,13:24,158,196.2
2494,3.03,13:41,158,195.5
2495,3.03,13:41,158,195.5
2496,3.03,13:32,157,195.5
2497,3.03,13:08,158,195.5
2498,3.03,13:08,159,195.5
2499,3.04,13:16,158,195.5
2500,3.04,14:07,159,195.5
2501,3.04,14:34,159,196.2
2502,3.04,14:25,159,196.2
2503,3.04,13:58,159,196.2
2504,3.04,13:24,160,196.9
2505,3.04,13:16,161,196.9
2506,3.04,13:49,161,197.5
2507,3.05,14:07,160,197.5
2508,3.05,13:58,160,197.5
2509,3.05,13:49,160,197.5
2510,3.05,13:08,160,197.5
2511,3.05,11:58,160,197.5
2512,3.05,11:39,161,197.5
2513,3.05,11:58,162,197.5
2514,3.06,12:18,162,197.5
2515,3.06,12:32,161,197.5
2516,3.06,13:41,162,197.5
2517,3.06,13:41,162,197.5
2518,3.06,13:32,162,197.5
2519,3.06,14:07,162,198.2
2520,3.06,14:07,162,198.2
2521,3.06,13:08,163,198.2
2522,3.06,13:16,163,198.2
2523,3.07,14:07,162,198.2
2524,3.07,13:41,162,197.5
2525,3.07,13:24,162,197.5
2526,3.07,13:32,163,197.5
2527,3.07,13:16,163,196.9
2528,3.07,12:18,163,196.9
2529,3.07,12:11,163,196.9
2530,3.08,12:25,162,196.9
2531,3.08,12:04,161,196.2
2532,3.08,12:25,161,196.2
2533,3.08,12:39,160,196.2
2534,3.08,12:11,162,196.2
2535,3.08,11:45,161,195.5
2536,3.08,12:25,161,195.5
2537,3.08,11:52,161,195.5
2538,3.09,11:45,161,194.9
2539,3.09,12:11,160,194.9
2540,3.09,12:32,160,194.9
2541,3.09,12:11,160,194.9
2542,3.09,12:32,160,194.2
2543,3.09,12:18,159,194.2
2544,3.09,12:11,160,194.2
2545,3.1,11:58,160,194.2
2546,3.1,12:04,160,194.2
2547,3.1,12:46,161,194.2
2548,3.1,13:58,163,194.2
2549,3.1,13:58,162,194.2
2550,3.1,14:07,163,194.2
2551,3.1,13:49,163,194.2
2552,3.1,13:08,163,194.2
2553,3.11,12:25,164,194.2
2554,3.11,12:32,164,194.2
2555,3.11,12:46,164,194.2
2556,3.11,12:25,164,194.2
2557,3.11,11:58,165,194.2
2558,3.11,12:04,165,194.2
2559,3.11,11:58,165,193.6
2560,3.12,11:52,164,193.6
2561,3.12,12:39,164,193.6
2562,3.12,13:49,164,193.6
2563,3.12,13:58,164,193.6
2564,3.12,14:54,164,193.6
2565,3.12,16:09,164,193.6
2566,3.12,15:57,164,193.6
2567,3.12,14:25,164,193.6
2568,3.12,14:16,164,192.9
2569,3.13,13:49,163,192.9
2570,3.13,13:24,163,193.6
2571,3.13,13:24,163,193.6
2572,3.13,13:49,163,193.6
2573,3.13,13:49,162,193.6
2574,3.13,14:34,163,194.2
2575,3.13,14:34,163,194.2
2576,3.13,14:54,164,194.2
2577,3.13,15:35,164,194.2
2578,3.14,16:33,163,194.2
2579,3.14,15:14,163,194.2
2580,3.14,14:16,163,193.6
2581,3.14,13:24,164,193.6
2582,3.14,12:04,163,193.6
2583,3.14,10:54,163,194.2
2584,3.14,11:05,163,194.2
2585,3.15,11:21,163,194.2
2586,3.15,11:33,163,194.2
2587,3.15,12:11,163,194.2
2588,3.15,13:16,164,194.2
2589,3.15,12:53,164,194.2
2590,3.15,12:32,163,194.2
2591,3.15,12:53,163,194.2
2592,3.15,12:46,164,194.2
2593,3.16,12:32,165,194.2
2594,3.16,12:39,165,194.2
2595,3.16,12:46,165,194.2
2596,3.16,12:04,166,194.2
2597,3.16,13:16,165,193.6
2598,3.16,13:24,164,193.6
2599,3.16,13:24,164,193.6
2600,3.16,13:58,163,193.6
2601,3.17,15:14,163,193.6
2602,3.17,14:25,163,193.6
2603,3.17,14:54,164,193.6
2604,3.17,14:16,164,192.9
2605,3.17,13:24,163,192.9
2606,3.17,13:01,163,192.9
2607,3.17,12:53,163,192.9
2608,3.17,13:16,163,192.9
2609,3.18,14:44,163,192.9
2610,3.18,15:57,162,192.3
2611,3.18,16:09,162,192.3
2612,3.18,16:21,162,192.3
2613,3.18,14:25,162,192.3
2614,3.18,14:16,162,192.3
2615,3.18,13:58,162,192.3
2616,3.18,13:49,162,192.3
2617,3.18,13:16,162,192.3
2618,3.19,13:16,163,192.3
2619,3.19,12:39,163,192.3
2620,3.19,12:39,163,192.9
2621,3.19,13:41,164,192.9
2622,3.19,13:49,164,192.9
2623,3.19,13:58,164,192.9
2624,3.19,14:34,163,193.6
2625,3.19,13:58,163,193.6
2626,3.2,12:46,165,192.9
2627,3.2,12:25,165,192.9
2628,3.2,12:11,165,192.9
2629,3.2,11:10,164,192.9
2630,3.2,11:16,164,192.9
2631,3.2,10:59,163,192.9
2632,3.21,10:38,163,193.6
2633,3.21,11:21,163,193.6
2634,3.21,12:11,163,193.6
2635,3.21,12:39,164,193.6
2636,3.21,13:49,164,193.6
2637,3.21,15:35,164,193.6
2638,3.21,15:14,163,193.6
2639,3.21,15:46,163,192.9
2640,3.21,16:09,163,192.9
2641,3.21,15:35,164,192.9
2642,3.22,15:14,164,192.9
2643,3.22,15:35,164,192.9
2644,3.22,15:04,164,192.9
2645,3.22,13:58,165,192.9
2646,3.22,13:08,164,192.9
2647,3.22,12:11,164,193.6
2648,3.22,11:33,164,193.6
2649,3.23,11:39,163,194.2
2650,3.23,11:33,163,194.2
2651,3.23,11:45,164,194.2
2652,3.23,12:11,165,194.9
2653,3.23,12:25,165,194.9
2654,3.23,12:04,165,194.9
2655,3.23,12:18,167,194.9
2656,3.23,12:46,166,194.9
2657,3.24,12:46,166,194.9
2658,3.24,12:18,166,194.9
2659,3.24,12:18,166,194.9
2660,3.24,11:58,166,194.9
2661,3.24,11:39,167,194.9
2662,3.24,11:39,168,194.2
2663,3.24,12:18,167,194.2
2664,3.25,12:11,167,194.2
2665,3.25,12:39,168,194.2
2666,3.25,12:39,166,194.2
2667,3.25,13:01,167,193.6
2668,3.25,13:01,168,193.6
2669,3.25,13:01,168,193.6
2670,3.25,12:46,170,192.9
2671,3.26,12:53,169,192.9
2672,3.26,12:04,169,192.9
2673,3.26,11:39,169,192.3
2674,3.26,11:05,169,191.6
2675,3.26,11:27,169,191.6
2676,3.26,11:45,169,191.6
2677,3.26,12:25,168,191.6
2678,3.26,12:11,168,192.3
2679,3.27,13:01,170,192.3
2680,3.27,13:08,171,192.3
2681,3.27,12:25,168,192.3
2682,3.27,12:53,169,192.3
2683,3.27,14:07,168,192.3
2684,3.27,13:58,168,192.9
2685,3.27,13:24,168,193.6
2686,3.27,13:58,168,194.2
2687,3.28,13:08,168,194.9
2688,3.28,12:32,167,194.9
2689,3.28,13:01,168,194.9
2690,3.28,13:01,169,194.9
2691,3.28,13:08,170,194.9
2692,3.28,13:32,169,195.5
2693,3.28,14:16,169,194.9
2694,3.28,13:32,169,195.5
2695,3.29,13:49,171,195.5
2696,3.29,13:08,170,195.5
2697,3.29,12:39,170,195.5
2698,3.29,11:27,169,195.5
2699,3.29,12:11,170,196.2
2700,3.29,12:39,170,196.2
2701,3.29,12:53,170,196.2
2702,3.3,13:08,170,196.2
2703,3.3,13:41,170,196.2
2704,3.3,12:32,170,196.2
2705,3.3,11:52,170,196.2
2706,3.3,11:16,170,196.2
2707,3.3,11:10,171,196.9
2708,3.3,11:33,171,196.9
2709,3.31,11:58,170,196.9
2710,3.31,11:45,170,196.2
2711,3.31,12:04,170,196.2
2712,3.31,11:58,170,196.9
2713,3.31,11:33,171,196.9
2714,3.31,11:33,170,196.9
2715,3.31,11:45,169,196.9
2716,3.32,12:18,169,196.9
2717,3.32,13:16,170,197.5
2718,3.32,13:58,170,197.5
2719,3.32,14:07,169,197.5
2720,3.32,14:25,169,197.5
2721,3.32,14:44,169,197.5
2722,3.32,13:32,170,197.5
2723,3.32,12:53,169,196.9
2724,3.32,13:16,169,196.9
2725,3.33,12:53,169,197.5
2726,3.33,12:04,169,197.5
2727,3.33,12:25,169,197.5
2728,3.33,12:53,169,197.5
2729,3.33,12:18,168,197.5
2730,3.33,12:46,168,197.5
2731,3.33,13:24,168,197.5
2732,3.34,13:24,169,197.5
2733,3.34,13:16,168,197.5
2734,3.34,13:41,167,197.5
2735,3.34,13:41,167,197.5
2736,3.34,13:16,168,197.5
2737,3.34,14:07,168,197.5
2738,3.34,14:16,167,197.5
2739,3.34,14:16,167,197.5
2740,3.34,14:16,167,197.5
2741,3.35,14:34,167,197.5
2742,3.35,13:08,167,197.5
2743,3.35,12:53,167,197.5
2744,3.35,12:39,166,197.5
2745,3.35,12:18,166,197.5
2746,3.35,11:21,166,197.5
2747,3.35,11:27,166,197.5
2748,3.36,11:58,166,197.5
2749,3.36,12:18,167,197.5
2750,3.36,12:32,167,197.5
2751,3.36,14:07,166,197.5
2752,3.36,14:25,165,197.5
2753,3.36,13:41,166,197.5
2754,3.36,14:07,166,197.5
2755,3.36,13:49,165,196.9
2756,3.37,13:16,165,196.9
2757,3.37,14:07,164,196.9
2758,3.37,14:44,164,196.2
2759,3.37,13:16,163,196.2
2760,3.37,13:41,163,195.5
2761,3.37,12:53,164,195.5
2762,3.37,12:18,163,195.5
2763,3.37,12:25,162,195.5
2764,3.38,12:39,162,195.5
2765,3.38,11:10,162,195.5
2766,3.38,11:10,163,195.5
2767,3.38,10:23,162,195.5
2768,3.38,9:30,163,195.5
2769,3.38,9:00,163,194.9
2770,3.39,9:43,164,194.9
2771,3.39,9:43,164,194.9
2772,3.39,10:05,164,194.9
2773,3.39,10:18,164,194.2
2774,3.39,11:05,164,194.2
2775,3.39,10:59,165,194.2
2776,3.39,11:33,165,194.2
2777,3.4,11:27,165,194.2
2778,3.4,11:45,165,194.2
2779,3.4,12:04,165,194.2
2780,3.4,12:25,165,194.2
2781,3.4,12:25,165,194.2
2782,3.4,13:08,164,194.2
2783,3.4,13:01,164,194.2
2784,3.41,12:32,164,194.2
2785,3.41,12:18,164,194.2
2786,3.41,12:18,162,194.2
2787,3.41,11:52,162,194.2
2788,3.41,11:27,162,194.2
2789,3.41,11:27,161,194.2
2790,3.41,10:48,161,194.2
2791,3.42,10:48,162,194.2
2792,3.42,11:10,163,194.2
2793,3.42,13:01,163,194.9
2794,3.42,13:32,162,194.9
2795,3.42,14:25,163,194.9
2796,3.42,14:34,163,194.9
2797,3.42,13:58,163,194.9
2798,3.42,12:39,163,194.9
2799,3.43,12:53,164,195.5
2800,3.43,13:08,163,195.5
2801,3.43,12:11,162,195.5
2802,3.43,12:18,163,195.5
2803,3.43,12:18,163,195.5
2804,3.43,11:39,164,195.5
2805,3.43,11:33,163,195.5
2806,3.44,11:27,164,195.5
2807,3.44,11:21,163,195.5
2808,3.44,10:33,163,196.2
2809,3.44,10:23,163,196.2
2810,3.44,10:14,165,196.2
2811,3.44,10:14,164,196.9
2812,3.45,10:05,165,196.9
2813,3.45,10:59,166,196.9
2814,3.45,11:16,166,196.9
2815,3.45,11:33,165,196.2
2816,3.45,12:32,165,196.2
2817,3.45,12:53,166,196.9
2818,3.45,11:39,167,196.9
2819,3.46,12:18,167,196.9
2820,3.46,12:04,166,196.9
2821,3.46,11:45,166,196.9
2822,3.46,11:52,166,196.9
2823,3.46,13:08,165,196.9
2824,3.46,12:46,164,196.9
2825,3.46,13:08,165,196.9
2826,3.46,13:16,165,196.9
2827,3.47,13:24,166,196.9
2828,3.47,13:16,166,196.9
2829,3.47,13:01,166,196.2
2830,3.47,12:39,166,196.2
2831,3.47,12:32,165,196.2
2832,3.47,12:04,166,196.9
2833,3.47,11:45,166,196.9
2834,3.48,11:16,165,196.9
2835,3.48,11:10,165,196.9
2836,3.48,10:59,165,197.5
2837,3.48,11:05,164,197.5
2838,3.48,11:05,166,197.5
2839,3.48,11:39,165,197.5
2840,3.48,12:04,165,197.5
2841,3.48,12:39,165,197.5
2842,3.49,13:32,165,197.5
2843,3.49,13:16,165,197.5
2844,3.49,12:46,165,198.2
2845,3.49,12:18,165,198.2
2846,3.49,11:39,166,198.2
2847,3.49,11:16,164,198.2
2848,3.49,11:21,164,198.8
2849,3.5,11:45,163,198.8
2850,3.5,11:58,164,198.8
2851,3.5,12:18,164,198.8
2852,3.5,12:11,164,198.8
2853,3.5,12:04,165,198.8
2854,3.5,11:58,166,198.8
2855,3.5,12:11,166,198.8
2856,3.51,12:25,167,198.8
2857,3.51,12:39,166,198.8
2858,3.51,13:24,167,198.8
2859,3.51,13:41,166,198.8
2860,3.51,13:41,166,198.8
2861,3.51,13:08,167,198.8
2862,3.51,12:39,167,198.8
2863,3.51,11:52,166,198.2
2864,3.52,11:39,165,198.2
2865,3.52,11:45,165,198.2
2866,3.52,12:11,164,198.2
2867,3.52,12:11,164,198.2
2868,3.52,12:32,163,198.8
2869,3.52,12:39,162,198.2
2870,3.52,12:04,162,198.2
2871,3.53,12:11,163,198.2
2872,3.53,13:08,164,197.5
2873,3.53,13:16,164,197.5
2874,3.53,13:08,165,197.5
2875,3.53,13:08,165,197.5
2876,3.53,12:53,164,197.5
2877,3.53,12:04,164,197.5
2878,3.53,11:45,165,197.5
2879,3.54,11:45,166,197.5
2880,3.54,11:52,166,197.5
2881,3.54,12:04,166,197.5
2882,3.54,12:53,166,197.5
2883,3.54,12:53,166,197.5
2884,3.54,12:46,166,197.5
2885,3.54,13:08,167,197.5
2886,3.55,13:24,167,197.5
2887,3.55,13:32,167,197.5
2888,3.55,14:07,167,196.9
2889,3.55,14:16,167,196.9
2890,3.55,13:58,167,196.9
2891,3.55,13:49,166,196.9
2892,3.55,12:32,167,196.9
2893,3.55,11:05,169,196.9
2894,3.56,10:38,168,196.9
2895,3.56,10:14,166,197.5
2896,3.56,9:51,166,197.5
2897,3.56,10:00,167,197.5
2898,3.56,11:10,167,197.5
2899,3.56,12:11,167,197.5
2900,3.56,12:39,166,196.9
2901,3.57,13:08,166,196.9
2902,3.57,14:07,166,196.2
2903,3.57,13:41,167,196.2
2904,3.57,13:08,167,196.2
2905,3.57,13:24,167,196.2
2906,3.57,12:32,166,196.2
2907,3.57,11:27,166,195.5
2908,3.58,11:16,166,195.5
2909,3.58,10:48,166,195.5
2910,3.58,10:28,166,195.5
2911,3.58,11:05,166,194.9
2912,3.58,11:33,164,194.9
2913,3.58,11:58,164,194.9
2914,3.58,12:04,165,194.2
2915,3.59,12:11,165,194.2
2916,3.59,11:39,165,194.2
2917,3.59,11:33,165,194.2
2918,3.59,11:58,165,194.2
2919,3.59,12:18,166,194.2
2920,3.59,13:08,166,193.6
2921,3.59,13:58,166,193.6
2922,3.59,14:07,166,193.6
2923,3.6,13:08,166,192.9
2924,3.6,12:39,167,192.9
2925,3.6,11:58,166,192.9
2926,3.6,11:21,167,192.9
2927,3.6,10:59,166,192.9
2928,3.6,11:10,165,192.9
2929,3.6,11:21,165,192.9
2930,3.61,11:16,166,192.9
2931,3.61,11:39,166,192.3
2932,3.61,11:05,166,192.3
2933,3.61,11:05,166,192.3
2934,3.61,11:05,165,192.3
2935,3.61,11:58,165,192.3
2936,3.61,11:45,165,192.3
2937,3.62,12:53,165,192.3
2938,3.62,12:32,165,192.3
2939,3.62,12:25,167,192.3
2940,3.62,11:33,166,192.3
2941,3.62,11:33,167,191.6
2942,3.62,11:39,167,191.6
2943,3.62,12:32,166,191.6
2944,3.63,12:25,167,191.6
2945,3.63,12:18,167,191.6
2946,3.63,11:58,168,190.9
2947,3.63,11:39,168,190.9
2948,3.63,10:59,167,190.9
2949,3.63,11:21,168,190.9
2950,3.63,11:45,167,191.6
2951,3.64,12:18,167,191.6
2952,3.64,12:18,167,191.6
2953,3.64,12:18,168,191.6
2954,3.64,12:25,168,191.6
2955,3.64,12:04,167,191.6
2956,3.64,11:52,166,190.9
2957,3.64,12:04,166,190.9
2958,3.65,12:04,167,190.9
2959,3.65,12:04,167,190.9
2960,3.65,11:58,168,190.9
2961,3.65,11:52,166,190.9
2962,3.65,11:45,166,190.9
2963,3.65,11:16,166,190.9
2964,3.65,10:54,166,190.9
2965,3.66,11:21,167,190.9
2966,3.66,11:45,166,190.9
2967,3.66,11:45,167,190.9
2968,3.66,12:46,167,190.9
2969,3.66,13:08,168,190.9
2970,3.66,12:53,166,190.9
2971,3.66,12:11,167,190.9
2972,3.66,12:53,168,190.9
2973,3.67,12:46,168,190.9
2974,3.67,11:45,167,191.6
2975,3.67,11:39,167,190.9
2976,3.67,12:11,169,191.6
2977,3.67,11:21,169,191.6
2978,3.67,11:27,168,191.6
2979,3.67,12:32,167,191.6
2980,3.68,13:41,166,191.6
2981,3.68,14:54,167,191.6
2982,3.68,17:25,168,191.6
2983,3.68,18:22,167,191.6
2984,3.68,18:37,166,191.6
2985,3.68,16:45,167,191.6
2986,3.68,15:35,169,191.6
2987,3.68,13:24,168,191.6
2988,3.68,12:53,168,191.6
2989,3.69,12:25,167,191.6
2990,3.69,12:11,167,191.6
2991,3.69,11:39,169,191.6
2992,3.69,11:39,169,191.6
2993,3.69,10:54,169,190.9
2994,3.69,10:33,168,190.9
2995,3.7,10:28,168,190.9
2996,3.7,10:18,168,191.6
2997,3.7,10:33,169,191.6
2998,3.7,10:43,168,191.6
2999,3.7,11:52,168,191.6
3000,3.7,12:32,168,192.3
3001,3.7,13:49,169,192.3
3002,3.7,14:16,170,191.6
3003,3.71,14:34,170,191.6
3004,3.71,13:41,169,191.6
3005,3.71,13:16,169,191.6
3006,3.71,12:32,169,191.6
3007,3.71,11:52,169,191.6
3008,3.71,11:58,170,191.6
3009,3.71,11:39,171,191.6
3010,3.72,11:33,170,191.6
3011,3.72,11:39,169,191.6
3012,3.72,12:11,169,191.6
3013,3.72,12:11,171,191.6
3014,3.72,12:39,170,191.6
3015,3.72,13:16,169,191.6
3016,3.72,13:32,169,191.6
3017,3.72,14:34,169,191.6
3018,3.72,15:35,169,190.9
3019,3.73,15:24,171,190.9
3020,3.73,14:44,170,190.9
3021,3.73,14:25,170,190.9
3022,3.73,13:08,170,190.9
3023,3.73,12:25,170,190.9
3024,3.73,12:32,171,190.9
3025,3.73,12:32,171,190.9
3026,3.74,12:18,171,191.6
3027,3.74,12:11,169,191.6
3028,3.74,12:11,170,191.6
3029,3.74,11:58,170,190.9
3030,3.74,12:18,171,190.9
3031,3.74,12:46,170,190.9
3032,3.74,12:53,171,190.9
3033,3.74,13:16,171,191.6
3034,3.75,13:49,171,191.6
3035,3.75,13:41,170,192.3
3036,3.75,13:41,171,192.3
3037,3.75,13:49,172,192.3
3038,3.75,14:16,171,192.3
3039,3.75,13:49,172,192.3
3040,3.75,13:16,171,192.3
3041,3.75,12:25,170,192.9
3042,3.76,12:25,172,192.9
3043,3.76,11:58,172,192.9
3044,3.76,11:45,172,192.9
3045,3.76,11:33,171,192.9
3046,3.76,11:21,171,192.9
3047,3.76,11:10,171,193.6
3048,3.76,11:27,171,193.6
3049,3.77,11:45,171,193.6
3050,3.77,11:58,170,193.6
3051,3.77,11:52,170,193.6
3052,3.77,11:27,170,193.6
3053,3.77,10:18,170,193.6
3054,3.77,9:51,171,193.6
3055,3.78,9:47,170,194.2
3056,3.78,10:14,170,194.2
3057,3.78,10:48,170,194.2
3058,3.78,11:16,169,194.2
3059,3.78,11:05,169,194.2
3060,3.78,11:05,170,194.2
3061,3.78,10:43,169,194.2
3062,3.79,10:18,169,194.2
3063,3.79,10:18,169,194.9
3064,3.79,10:23,168,194.9
3065,3.79,10:14,167,194.9
3066,3.79,10:23,167,194.9
3067,3.79,10:00,168,194.9
3068,3.8,10:09,169,194.9
3069,3.8,10:43,169,194.9
3070,3.8,10:54,170,194.9
3071,3.8,10:43,169,194.9
3072,3.8,10:43,170,194.9
3073,3.8,10:38,169,194.2
3074,3.81,10:14,169,194.2
3075,3.81,10:28,170,194.2
3076,3.81,10:48,170,194.2
3077,3.81,11:16,171,193.6
3078,3.81,11:45,170,193.6
3079,3.81,11:52,170,193.6
3080,3.81,11:39,170,193.6
3081,3.82,11:52,170,193.6
3082,3.82,12:18,170,193.6
3083,3.82,11:58,169,193.6
3084,3.82,12:18,169,193.6
3085,3.82,12:18,169,193.6
3086,3.82,11:52,169,193.6
3087,3.82,11:45,169,193.6
3088,3.83,11:05,169,193.6
3089,3.83,10:54,168,193.6
3090,3.83,10:59,169,192.9
3091,3.83,10:59,170,192.9
3092,3.83,10:48,170,193.6
3093,3.83,11:33,170,193.6
3094,3.83,11:45,170,193.6
3095,3.84,11:16,170,193.6
3096,3.84,11:27,170,193.6
3097,3.84,11:21,170,193.6
3098,3.84,10:54,170,193.6
3099,3.84,10:23,170,194.2
3100,3.84,10:33,171,194.2
3101,3.85,10:38,170,194.2
3102,3.85,11:10,169,194.2
3103,3.85,11:39,170,194.2
3104,3.85,12:11,170,194.2
3105,3.85,12:18,169,194.9
3106,3.85,12:04,169,194.9
3107,3.85,11:16,170,194.9
3108,3.85,11:33,170,194.9
3109,3.86,11:52,169,194.9
3110,3.86,12:25,169,195.5
3111,3.86,13:08,169,194.9
3112,3.86,13:58,169,194.9
3113,3.86,13:24,169,194.9
3114,3.86,13:08,170,194.9
3115,3.86,12:53,169,194.9
3116,3.87,12:04,169,194.9
3117,3.87,11:45,171,195.5
3118,3.87,11:58,169,195.5
3119,3.87,12:25,169,195.5
3120,3.87,12:46,170,195.5
3121,3.87,13:16,170,195.5
3122,3.87,13:32,170,195.5
3123,3.87,13:32,169,195.5
3124,3.88,12:32,170,195.5
3125,3.88,12:11,170,195.5
3126,3.88,12:11,169,195.5
3127,3.88,12:32,169,195.5
3128,3.88,12:18,170,195.5
3129,3.88,12:39,170,196.2
3130,3.88,11:45,169,196.2
3131,3.89,11:05,169,196.2
3132,3.89,10:43,169,195.5
3133,3.89,10:43,169,195.5
3134,3.89,10:43,168,195.5
3135,3.89,11:21,168,196.2
3136,3.89,11:52,168,196.2
3137,3.89,11:58,168,196.2
3138,3.9,11:45,168,196.2
3139,3.9,11:39,167,196.2
3140,3.9,11:27,169,196.2
3141,3.9,11:58,170,196.2
3142,3.9,12:11,169,196.2
3143,3.9,12:53,168,196.2
3144,3.9,13:16,168,196.2
3145,3.9,14:07,169,196.2
3146,3.91,13:24,169,196.2
3147,3.91,12:53,169,196.2
3148,3.91,11:45,169,196.9
3149,3.91,10:54,168,196.9
3150,3.91,9:51,167,196.9
3151,3.91,9:43,166,196.9
3152,3.92,9:47,167,196.9
3153,3.92,10:23,167,196.9
3154,3.92,11:16,166,196.9
3155,3.92,12:25,167,197.5
3156,3.92,13:01,167,197.5
3157,3.92,13:08,166,197.5
3158,3.92,12:46,167,198.2
3159,3.93,12:18,168,198.2
3160,3.93,12:04,167,197.5
3161,3.93,12:32,168,197.5
3162,3.93,12:46,169,197.5
3163,3.93,13:08,169,197.5
3164,3.93,13:16,169,197.5
3165,3.93,13:24,170,198.2
3166,3.93,12:11,170,198.2
3167,3.94,11:45,169,198.2
3168,3.94,11:27,170,197.5
3169,3.94,11:33,169,197.5
3170,3.94,11:21,170,197.5
3171,3.94,11:10,169,197.5
3172,3.94,11:27,170,197.5
3173,3.94,11:16,171,197.5
3174,3.95,10:48,171,198.2
3175,3.95,10:43,171,198.2
3176,3.95,10:54,171,198.2
3177,3.95,11:05,171,198.2
3178,3.95,11:10,171,198.2
3179,3.95,11:39,171,198.8
3180,3.95,11:52,173,198.8
3181,3.96,12:04,171,198.8
3182,3.96,11:27,172,198.8
3183,3.96,10:54,171,198.8
3184,3.96,10:43,172,198.8
3185,3.96,10:54,172,198.8
3186,3.96,10:59,172,199.5
3187,3.97,11:27,171,199.5
3188,3.97,12:32,173,199.5
3189,3.97,12:32,172,199.5
3190,3.97,12:32,172,200.1
3191,3.97,12:32,172,200.1
3192,3.97,11:58,172,200.1
3193,3.97,11:33,172,200.1
3194,3.98,11:39,172,200.8
3195,3.98,11:27,172,200.8
3196,3.98,11:05,172,200.8
3197,3.98,11:21,172,200.8
3198,3.98,11:33,172,200.8
3199,3.98,11:16,171,200.8
3200,3.98,11:10,171,200.8
3201,3.99,11:33,172,201.4
3202,3.99,12:04,171,201.4
3203,3.99,11:39,171,201.4
3204,3.99,11:58,171,201.4
3205,3.99,12:04,172,201.4
3206,3.99,12:11,171,202.1
3207,3.99,11:27,173,202.1
3208,4.0,11:39,172,202.1
3209,4.0,11:21,171,202.1
3210,4.0,10:59,171,202.1
3211,4.0,10:38,172,202.1
3212,4.0,10:33,171,202.1
3213,4.0,10:59,171,202.1
3214,4.0,11:21,171,202.1
3215,4.01,11:39,171,202.1
3216,4.01,12:11,172,202.1
3217,4.01,12:53,172,202.8
3218,4.01,12:32,172,202.8
3219,4.01,12:11,172,202.8
3220,4.01,12:04,172,202.8
3221,4.01,11:52,172,202.8
3222,4.02,11:39,173,202.8
3223,4.02,11:58,172,203.4
3224,4.02,12:32,172,203.4
3225,4.02,12:53,172,204.1
3226,4.02,12:39,170,204.1
3227,4.02,12:39,171,204.1
3228,4.02,12:32,171,204.1
3229,4.02,12:18,170,204.1
3230,4.03,12:32,171,204.7
3231,4.03,12:53,171,204.1
3232,4.03,13:01,171,204.1
3233,4.03,12:53,171,204.1
3234,4.03,13:16,170,204.7
3235,4.03,13:32,171,204.7
3236,4.03,13:58,170,204.7
3237,4.03,14:07,170,204.7
3238,4.04,14:07,170,204.7
3239,4.04,13:49,171,204.7
3240,4.04,13:16,170,204.7
3241,4.04,12:53,170,204.7
3242,4.04,12:39,169,204.7
3243,4.04,12:04,171,204.7
3244,4.04,11:39,170,204.7
3245,4.05,11:05,169,204.7
3246,4.05,10:48,171,204.1
3247,4.05,10:38,170,204.1
3248,4.05,10:48,169,204.1
3249,4.05,10:18,170,204.1
3250,4.05,10:14,170,204.1
3251,4.06,10:18,169,204.1
3252,4.06,10:14,169,203.4
3253,4.06,10:09,171,203.4
3254,4.06,10:54,170,203.4
3255,4.06,11:33,170,203.4
3256,4.06,11:45,171,203.4
3257,4.06,12:04,172,203.4
3258,4.06,12:46,170,204.1
3259,4.07,11:58,170,203.4
3260,4.07,11:10,171,204.1
3261,4.07,10:38,170,204.1
3262,4.07,10:23,169,203.4
3263,4.07,10:14,169,203.4
3264,4.07,11:05,170,204.1
3265,4.08,12:11,172,204.1
3266,4.08,13:01,170,204.1
3267,4.08,13:49,173,204.1
3268,4.08,13:49,172,204.1
3269,4.08,13:16,171,204.1
3270,4.08,12:53,171,204.1
3271,4.08,12:39,172,204.1
3272,4.08,12:04,172,204.1
3273,4.09,11:58,171,204.7
3274,4.09,11:33,172,204.7
3275,4.09,11:05,173,204.7
3276,4.09,11:16,172,204.7
3277,4.09,10:59,172,205.4
3278,4.09,10:48,172,205.4
3279,4.1,11:10,172,205.4
3280,4.1,11:45,172,205.4
3281,4.1,11:21,173,205.4
3282,4.1,11:33,172,205.4
3283,4.1,12:25,172,205.4
3284,4.1,11:58,173,205.4
3285,4.1,11:33,172,205.4
3286,4.1,11:52,171,204.7
3287,4.11,12:18,173,205.4
3288,4.11,11:39,173,205.4
3289,4.11,12:32,171,205.4
3290,4.11,12:39,171,205.4
3291,4.11,12:04,173,205.4
3292,4.11,11:39,172,205.4
3293,4.11,11:39,172,204.7
3294,4.12,11:16,171,204.7
3295,4.12,11:27,172,204.7
3296,4.12,12:18,172,204.7
3297,4.12,12:32,171,204.7
3298,4.12,12:39,171,204.7
3299,4.12,12:46,171,204.7
3300,4.12,13:08,169,204.7
3301,4.12,13:24,168,204.7
3302,4.13,14:16,169,204.7
3303,4.13,15:14,169,204.1
3304,4.13,13:58,170,204.1
3305,4.13,14:34,169,204.1
3306,4.13,14:07,169,204.1
3307,4.13,13:24,169,204.1
3308,4.13,12:39,170,204.1
3309,4.13,13:24,170,204.1
3310,4.14,12:39,169,204.1
3311,4.14,11:58,169,204.1
3312,4.14,11:58,169,204.1
3313,4.14,11:39,170,204.1
3314,4.14,11:05,169,204.1
3315,4.14,10:09,169,204.1
3316,4.15,10:09,168,203.4
3317,4.15,9:51,170,203.4
3318,4.15,10:23,169,203.4
3319,4.15,10:43,170,203.4
3320,4.15,11:21,170,203.4
3321,4.15,11:45,170,203.4
3322,4.15,12:18,170,203.4
3323,4.16,12:11,171,203.4
3324,4.16,12:46,171,203.4
3325,4.16,12:39,170,203.4
3326,4.16,12:18,171,202.8
3327,4.16,11:45,171,202.8
3328,4.16,10:59,170,202.8
3329,4.16,10:33,170,202.8
3330,4.17,10:28,171,202.1
3331,4.17,10:18,171,202.1
3332,4.17,10:18,171,202.1
3333,4.17,10:43,171,202.1
3334,4.17,10:48,171,202.1
3335,4.17,11:16,171,202.1
3336,4.17,11:52,171,202.1
3337,4.18,13:16,171,202.1
3338,4.18,14:07,170,202.1
3339,4.18,14:54,170,202.1
3340,4.18,14:44,171,202.1
3341,4.18,14:25,171,202.1
3342,4.18,12:53,171,202.1
3343,4.18,12:04,170,202.1
3344,4.18,11:39,170,202.1
3345,4.19,11:27,170,202.1
3346,4.19,11:33,170,201.4
3347,4.19,11:52,169,201.4
3348,4.19,12:04,170,201.4
3349,4.19,12:25,170,201.4
3350,4.19,12:32,170,201.4
3351,4.19,12:25,170,201.4
3352,4.2,12:11,170,202.1
3353,4.2,11:52,169,202.1
3354,4.2,11:52,169,202.1
3355,4.2,11:52,169,202.1
3356,4.2,11:45,169,202.1
3357,4.2,11:45,169,201.4
3358,4.2,11:52,169,201.4
3359,4.21,11:33,170,201.4
3360,4.21,11:33,169,201.4
3361,4.21,11:21,168,200.8
3362,4.21,11:10,168,200.8
3363,4.21,11:27,169,200.8
3364,4.21,11:27,170,201.4
3365,4.21,12:04,169,201.4
3366,4.22,12:25,169,200.8
3367,4.22,12:53,169,200.8
3368,4.22,12:32,170,200.8
3369,4.22,12:46,170,200.8
3370,4.22,12:25,169,200.8
3371,4.22,12:46,169,200.8
3372,4.22,12:39,170,200.8
3373,4.22,12:53,170,200.8
3374,4.23,13:49,170,200.8
3375,4.23,13:01,169,200.8
3376,4.23,12:11,169,200.8
3377,4.23,11:52,170,200.8
3378,4.23,11:58,169,200.8
3379,4.23,10:48,168,200.1
3380,4.24,10:43,169,200.1
3381,4.24,10:54,169,200.1
3382,4.24,10:54,168,200.1
3383,4.24,10:18,168,200.1
3384,4.24,10:54,167,200.1
3385,4.24,11:39,167,200.1
3386,4.24,12:11,167,200.1
3387,4.24,13:01,169,199.5
3388,4.25,13:32,169,199.5
3389,4.25,12:46,168,199.5
3390,4.25,12:25,168,199.5
3391,4.25,11:58,167,199.5
3392,4.25,11:27,168,199.5
3393,4.25,11:27,168,198.8
3394,4.25,11:45,169,198.8
3395,4.26,11:45,168,199.5
3396,4.26,12:04,167,199.5
3397,4.26,12:18,168,199.5
3398,4.26,12:32,168,198.8
3399,4.26,12:46,167,198.8
3400,4.26,13:16,167,198.8
3401,4.26,12:53,167,198.8
3402,4.27,12:11,167,198.8
3403,4.27,12:18,167,198.8
3404,4.27,12:11,168,198.8
3405,4.27,11:21,167,198.8
3406,4.27,11:27,167,198.8
3407,4.27,12:04,167,198.8
3408,4.27,11:52,167,198.8
3409,4.27,11:52,168,198.8
3410,4.28,12:39,167,198.8
3411,4.28,13:01,167,198.8
3412,4.28,12:18,167,198.8
3413,4.28,12:32,166,198.8
3414,4.28,12:46,166,198.8
3415,4.28,12:32,167,198.8
3416,4.28,11:58,167,198.8
3417,4.29,12:18,167,198.8
3418,4.29,11:52,167,198.8
3419,4.29,11:27,167,198.8
3420,4.29,11:33,168,198.8
3421,4.29,11:52,168,198.8
3422,4.29,12:25,168,198.8
3423,4.29,12:18,167,198.8
3424,4.3,12:32,167,198.8
3425,4.3,12:39,167,199.5
3426,4.3,12:25,166,199.5
3427,4.3,12:18,167,199.5
3428,4.3,12:46,166,199.5
3429,4.3,12:39,166,199.5
3430,4.3,12:25,167,199.5
3431,4.3,12:53,166,199.5
3432,4.31,12:53,167,200.1
3433,4.31,12:25,166,200.1
3434,4.31,11:52,167,200.1
3435,4.31,11:45,167,200.1
3436,4.31,11:45,167,200.1
3437,4.31,11:05,168,200.8
3438,4.31,11:33,169,200.8
3439,4.32,11:58,169,200.8
3440,4.32,12:04,167,200.8
3441,4.32,11:58,167,200.8
3442,4.32,12:32,169,200.8
3443,4.32,12:39,169,200.8
3444,4.32,12:53,169,201.4
3445,4.32,12:46,168,201.4
3446,4.33,12:25,170,201.4
3447,4.33,12:32,170,202.1
3448,4.33,12:04,170,202.1
3449,4.33,11:58,169,202.1
3450,4.33,12:11,170,202.1
3451,4.33,12:25,171,201.4
3452,4.33,12:11,170,201.4
3453,4.33,12:11,169,201.4
3454,4.34,12:11,169,202.1
3455,4.34,11:45,170,202.1
3456,4.34,11:39,171,202.1
3457,4.34,12:11,171,202.1
3458,4.34,12:11,170,202.1
3459,4.34,11:52,170,202.1
3460,4.34,12:04,170,202.1
3461,4.35,12:25,171,202.1
3462,4.35,11:45,170,202.8
3463,4.35,11:52,170,202.8
3464,4.35,12:39,169,202.8
3465,4.35,12:18,170,202.8
3466,4.35,11:33,170,202.8
3467,4.35,11:39,169,202.8
3468,4.36,11:52,170,202.8
3469,4.36,11:33,171,202.8
3470,4.36,11:45,171,203.4
3471,4.36,12:39,170,202.8
3472,4.36,13:01,171,202.8
3473,4.36,12:46,171,202.8
3474,4.36,13:16,171,202.8
3475,4.36,14:07,171,202.8
3476,4.37,13:58,171,202.8
3477,4.37,13:32,172,202.8
3478,4.37,13:24,171,202.8
3479,4.37,12:39,170,202.8
3480,4.37,11:21,170,202.8
3481,4.37,10:54,170,202.8
3482,4.37,10:54,170,202.8
3483,4.38,10:54,169,202.8
3484,4.38,11:05,169,202.8
3485,4.38,11:21,170,202.8
3486,4.38,11:27,170,202.8
3487,4.38,11:16,169,203.4
3488,4.38,11:27,169,203.4
3489,4.38,11:10,169,203.4
3490,4.39,11:52,170,203.4
3491,4.39,12:11,170,203.4
3492,4.39,12:18,170,203.4
3493,4.39,12:25,170,203.4
3494,4.39,12:53,169,203.4
3495,4.39,12:25,169,203.4
3496,4.39,12:46,169,203.4
3497,4.4,13:24,170,203.4
3498,4.4,12:32,169,203.4
3499,4.4,11:58,169,203.4
3500,4.4,11:58,169,203.4
3501,4.4,11:27,168,203.4
3502,4.4,10:54,170,202.8
3503,4.4,11:27,170,202.8
3504,4.41,11:52,169,202.8
3505,4.41,11:58,169,202.8
3506,4.41,11:58,170,202.8
3507,4.41,12:32,171,202.8
3508,4.41,12:18,171,202.8
3509,4.41,11:52,171,202.8
3510,4.41,12:11,170,202.8
3511,4.42,11:58,171,202.8
3512,4.42,11:33,170,202.1
3513,4.42,11:45,170,202.1
3514,4.42,11:58,171,201.4
3515,4.42,11:52,171,201.4
3516,4.42,12:53,170,201.4
3517,4.42,13:24,171,201.4
3518,4.42,13:24,171,201.4
3519,4.43,13:32,171,200.8
3520,4.43,13:32,170,200.8
3521,4.43,12:39,170,200.8
3522,4.43,12:18,170,200.8
3523,4.43,12:11,170,200.8
3524,4.43,12:11,170,200.8
3525,4.43,11:33,170,200.8
3526,4.44,11:21,171,200.8
3527,4.44,11:33,170,200.8
3528,4.44,11:45,170,200.1
3529,4.44,11:45,171,200.1
3530,4.44,12:32,169,200.1
3531,4.44,13:24,169,200.1
3532,4.44,13:41,169,200.1
3533,4.44,13:24,170,199.5
3534,4.45,13:24,169,199.5
3535,4.45,13:58,168,199.5
3536,4.45,13:41,168,199.5
3537,4.45,14:25,169,199.5
3538,4.45,14:34,169,198.8
3539,4.45,14:16,168,198.8
3540,4.45,13:01,169,198.8
3541,4.45,13:32,169,198.8
3542,4.46,12:25,170,198.8
3543,4.46,11:58,169,198.8
3544,4.46,12:18,169,198.8
3545,4.46,12:04,169,198.8
3546,4.46,11:05,170,198.8
3547,4.46,11:21,169,198.8
3548,4.46,12:11,169,198.2
3549,4.47,12:04,169,198.2
3550,4.47,12:11,169,198.2
3551,4.47,12:18,170,198.2
3552,4.47,11:39,168,197.5
3553,4.47,11:05,169,197.5
3554,4.47,11:16,168,197.5
3555,4.47,11:39,168,197.5
3556,4.48,12:11,169,197.5
3557,4.48,13:01,169,197.5
3558,4.48,13:49,168,197.5
3559,4.48,13:58,168,196.9
3560,4.48,13:16,169,196.9
3561,4.48,12:53,169,196.9
3562,4.48,12:25,168,196.2
3563,4.48,11:10,167,196.2
3564,4.49,11:10,167,196.9
3565,4.49,11:39,168,196.9
3566,4.49,12:04,168,196.9
3567,4.49,12:32,168,196.9
3568,4.49,13:41,167,196.9
3569,4.49,13:49,167,196.2
3570,4.49,13:24,168,196.2
3571,4.49,13:41,168,196.2
3572,4.5,13:58,168,196.2
3573,4.5,13:49,168,196.2
3574,4.5,13:58,169,196.2
3575,4.5,14:07,169,195.5
3576,4.5,13:24,168,195.5
3577,4.5,12:39,167,195.5
3578,4.5,12:46,168,194.9
3579,4.5,13:01,168,194.9
3580,4.51,13:24,168,194.9
3581,4.51,13:41,169,194.2
3582,4.51,14:07,169,194.2
3583,4.51,13:41,168,194.2
3584,4.51,12:18,168,194.2
3585,4.51,12:04,168,194.2
3586,4.51,11:52,168,193.6
3587,4.52,11:21,167,193.6
3588,4.52,11:45,168,193.6
3589,4.52,11:58,168,193.6
3590,4.52,11:52,168,193.6
3591,4.52,12:25,169,192.9
3592,4.52,12:18,169,192.9
3593,4.52,12:04,167,192.9
3594,4.53,11:58,167,192.9
3595,4.53,12:04,170,192.9
3596,4.53,11:58,168,192.9
3597,4.53,12:39,167,192.9
3598,4.53,13:01,168,192.9
3599,4.53,13:16,167,192.9
3600,4.53,13:32,167,192.9
3601,4.53,13:01,168,192.9
3602,4.54,13:01,170,192.9
3603,4.54,13:01,168,192.9
3604,4.54,12:39,168,192.9
3605,4.54,12:18,168,192.9
3606,4.54,12:53,168,192.9
3607,4.54,12:25,168,192.9
3608,4.54,11:45,169,192.9
3609,4.54,11:52,169,192.9
3610,4.55,11:39,168,192.9
3611,4.55,11:05,168,192.9
3612,4.55,11:27,168,192.9
3613,4.55,12:04,169,192.9
3614,4.55,12:25,169,192.3
3615,4.55,12:53,168,192.3
3616,4.55,12:32,168,192.3
3617,4.56,12:25,169,192.9
3618,4.56,12:18,170,192.9
3619,4.56,12:46,169,192.9
3620,4.56,12:46,168,192.9
3621,4.56,13:16,168,192.9
3622,4.56,13:16,169,192.9
3623,4.56,13:01,169,192.9
3624,4.56,12:18,169,192.9
3625,4.57,12:04,168,192.3
3626,4.57,11:58,168,192.3
3627,4.57,12:04,169,192.3
3628,4.57,12:32,169,192.3
3629,4.57,13:16,170,192.3
3630,4.57,13:32,169,192.3
3631,4.57,13:32,169,192.3
3632,4.58,13:49,170,192.3
3633,4.58,13:08,172,192.3
3634,4.58,12:25,171,192.9
3635,4.58,12:25,171,192.9
3636,4.58,12:46,171,192.9
3637,4.58,11:52,170,192.9
3638,4.58,11:39,171,192.9
3639,4.58,11:45,171,192.9
3640,4.59,11:45,170,192.9
3641,4.59,11:16,170,192.9
3642,4.59,11:10,171,192.9
3643,4.59,10:48,173,192.9
3644,4.59,10:54,170,192.9
3645,4.59,10:38,170,192.9
3646,4.6,10:54,170,192.9
3647,4.6,11:16,171,192.9
3648,4.6,11:33,171,192.3
3649,4.6,11:16,173,192.3
3650,4.6,10:59,172,192.3
3651,4.6,10:59,171,192.3
3652,4.6,11:21,171,192.3
3653,4.61,11:10,171,192.3
3654,4.61,11:16,172,191.6
3655,4.61,11:58,172,191.6
3656,4.61,11:45,172,191.6
3657,4.61,11:27,172,191.6
3658,4.61,12:04,172,191.6
3659,4.61,11:33,171,191.6
3660,4.62,11:21,171,191.6
3661,4.62,11:39,170,191.6
3662,4.62,12:32,171,191.6
3663,4.62,12:32,171,191.6
3664,4.62,13:32,170,191.6
3665,4.62,13:32,169,191.6
3666,4.62,13:16,169,191.6
3667,4.63,12:04,169,191.6
3668,4.63,11:45,169,191.6
3669,4.63,11:10,171,191.6
3670,4.63,11:16,169,191.6
3671,4.63,11:33,170,191.6
3672,4.63,11:45,171,191.6
3673,4.63,12:11,171,191.6
3674,4.63,12:53,170,191.6
3675,4.64,12:32,170,191.6
3676,4.64,11:58,170,192.3
3677,4.64,11:52,169,192.3
3678,4.64,11:39,169,192.3
3679,4.64,11:45,168,192.3
3680,4.64,11:58,168,192.3
3681,4.64,11:58,169,192.3
3682,4.65,11:58,170,192.3
3683,4.65,11:39,169,192.3
3684,4.65,11:16,169,192.3
3685,4.65,11:10,168,192.3
3686,4.65,11:52,169,192.3
3687,4.65,12:32,170,192.3
3688,4.65,13:08,170,192.3
3689,4.66,13:41,170,192.3
3690,4.66,13:32,169,192.3
3691,4.66,13:41,169,192.3
3692,4.66,13:24,171,192.9
3693,4.66,13:01,172,192.9
3694,4.66,12:39,170,192.9
3695,4.66,13:08,170,192.9
3696,4.66,13:08,170,192.9
3697,4.67,12:39,170,192.9
3698,4.67,12:11,171,192.9
3699,4.67,12:25,171,192.9
3700,4.67,12:25,172,192.3
3701,4.67,11:52,173,192.3
3702,4.67,12:46,171,192.9
3703,4.67,13:41,170,192.9
3704,4.67,13:41,172,193.6
3705,4.68,13:41,172,193.6
3706,4.68,13:41,172,193.6
3707,4.68,12:46,171,193.6
3708,4.68,12:11,171,193.6
3709,4.68,12:18,172,193.6
3710,4.68,11:33,173,193.6
3711,4.68,11:27,171,193.6
3712,4.69,11:39,171,193.6
3713,4.69,12:04,171,193.6
3714,4.69,12:18,171,193.6
3715,4.69,13:32,171,193.6
3716,4.69,13:58,171,193.6
3717,4.69,13:24,171,193.6
3718,4.69,13:49,172,194.2
3719,4.69,13:49,171,194.2
3720,4.7,13:01,170,194.2
3721,4.7,12:46,170,194.2
3722,4.7,13:01,170,194.2
3723,4.7,12:25,170,194.2
3724,4.7,11:52,169,194.2
3725,4.7,12:04,168,194.2
3726,4.7,11:58,168,193.6
3727,4.71,11:33,169,193.6
3728,4.71,11:21,169,193.6
3729,4.71,11:33,169,193.6
3730,4.71,11:33,168,193.6
3731,4.71,11:52,169,193.6
3732,4.71,12:25,169,193.6
3733,4.71,12:32,170,193.6
3734,4.72,12:11,168,193.6
3735,4.72,12:32,168,193.6
3736,4.72,11:52,167,193.6
3737,4.72,12:04,168,194.2
3738,4.72,12:32,169,194.2
3739,4.72,13:24,168,194.2
3740,4.72,12:53,167,194.2
3741,4.72,13:58,167,194.2
3742,4.73,13:16,168,194.2
3743,4.73,12:46,168,194.2
3744,4.73,12:25,168,194.9
3745,4.73,12:46,167,194.9
3746,4.73,12:25,167,194.9
3747,4.73,12:32,168,195.5
3748,4.73,13:01,168,194.9
3749,4.73,13:08,167,195.5
3750,4.74,13:16,167,195.5
3751,4.74,14:07,168,195.5
3752,4.74,15:24,167,195.5
3753,4.74,15:14,168,195.5
3754,4.74,15:14,167,196.2
3755,4.74,15:57,167,196.2
3756,4.74,14:16,168,196.2
3757,4.74,13:16,168,196.2
3758,4.75,13:01,167,196.2
3759,4.75,13:24,166,196.9
3760,4.75,12:25,166,196.9
3761,4.75,13:01,167,196.9
3762,4.75,13:32,167,196.9
3763,4.75,13:24,167,196.9
3764,4.75,12:04,167,197.5
3765,4.75,11:39,168,197.5
3766,4.76,11:33,168,198.2
3767,4.76,10:54,169,198.2
3768,4.76,11:16,168,198.2
3769,4.76,12:39,168,198.2
3770,4.76,13:16,169,198.2
3771,4.76,13:24,169,198.2
3772,4.76,14:34,170,198.2
3773,4.76,14:25,170,198.2
3774,4.77,13:01,169,198.8
3775,4.77,12:32,170,198.8
3776,4.77,12:04,171,199.5
3777,4.77,10:54,171,199.5
3778,4.77,10:38,171,199.5
3779,4.77,11:16,171,199.5
3780,4.78,11:10,172,198.8
3781,4.78,12:04,171,198.8
3782,4.78,13:08,170,198.8
3783,4.78,13:49,171,199.5
3784,4.78,13:08,171,199.5
3785,4.78,14:16,171,199.5
3786,4.78,13:01,169,199.5
3787,4.78,12:32,170,199.5
3788,4.79,12:04,171,199.5
3789,4.79,12:11,172,199.5
3790,4.79,11:52,171,199.5
3791,4.79,12:11,170,199.5
3792,4.79,12:18,171,199.5
3793,4.79,12:25,170,199.5
3794,4.79,12:04,170,199.5
3795,4.8,11:39,171,199.5
3796,4.8,11:16,171,199.5
3797,4.8,10:43,170,199.5
3798,4.8,10:54,171,199.5
3799,4.8,11:10,171,199.5
3800,4.8,11:58,171,199.5
3801,4.8,12:46,171,199.5
3802,4.8,14:07,171,199.5
3803,4.81,14:16,170,199.5
3804,4.81,14:54,170,199.5
3805,4.81,15:14,170,199.5
3806,4.81,15:04,171,199.5
3807,4.81,14:25,171,199.5
3808,4.81,13:58,171,199.5
3809,4.81,13:01,171,199.5
3810,4.81,12:11,171,198.8
3811,4.82,11:45,172,198.8
3812,4.82,11:58,172,198.8
3813,4.82,11:52,172,198.8
3814,4.82,12:11,172,198.8
3815,4.82,12:04,172,198.2
3816,4.82,12:11,172,198.2
3817,4.82,12:11,173,197.5
3818,4.83,12:39,173,197.5
3819,4.83,13:01,173,197.5
3820,4.83,13:16,172,196.9
3821,4.83,13:41,172,196.9
3822,4.83,13:24,173,196.9
3823,4.83,13:24,173,196.2
3824,4.83,13:01,172,196.2
3825,4.83,13:01,172,195.5
3826,4.84,12:46,173,195.5
3827,4.84,13:01,172,195.5
3828,4.84,12:46,173,195.5
3829,4.84,12:53,173,195.5
3830,4.84,12:46,173,194.9
3831,4.84,13:08,171,194.9
3832,4.84,13:01,173,194.9
3833,4.84,13:08,172,194.2
3834,4.85,12:39,173,194.2
3835,4.85,12:39,173,194.2
3836,4.85,11:58,172,193.6
3837,4.85,12:04,172,193.6
3838,4.85,11:45,173,193.6
3839,4.85,12:11,172,193.6
3840,4.85,12:11,172,192.9
3841,4.86,11:58,172,192.9
3842,4.86,11:58,172,192.9
3843,4.86,12:25,172,192.3
3844,4.86,12:53,172,192.3
3845,4.86,13:08,171,192.3
3846,4.86,13:24,173,191.6
3847,4.86,12:46,172,191.6
3848,4.86,11:58,171,191.6
3849,4.87,10:59,171,190.9
3850,4.87,10:54,173,190.9
3851,4.87,10:43,171,190.9
3852,4.87,10:43,171,190.9
3853,4.87,10:43,170,190.3
3854,4.87,11:10,170,190.3
3855,4.88,11:05,171,190.3
3856,4.88,11:21,170,190.3
3857,4.88,11:58,171,189.6
3858,4.88,12:04,171,189.6
3859,4.88,11:33,170,189.6
3860,4.88,11:21,171,189.6
3861,4.88,11:16,172,189.6
3862,4.89,10:38,172,189.6
3863,4.89,10:48,171,189.6
3864,4.89,11:05,172,189.0
3865,4.89,10:59,173,189.0
3866,4.89,11:27,172,189.0
3867,4.89,12:18,171,188.3
3868,4.89,12:39,172,188.3
3869,4.9,12:46,173,188.3
3870,4.9,13:01,172,188.3
3871,4.9,12:25,172,188.3
3872,4.9,11:39,172,188.3
3873,4.9,10:54,172,187.7
3874,4.9,10:48,172,187.7
3875,4.9,10:38,171,187.7
3876,4.91,10:59,172,187.7
3877,4.91,11:21,172,187.7
3878,4.91,12:11,172,187.7
3879,4.91,12:39,173,187.7
3880,4.91,13:24,172,187.7
3881,4.91,13:58,171,187.7
3882,4.91,14:34,173,187.7
3883,4.91,14:54,173,187.7
3884,4.92,14:25,172,187.0
3885,4.92,13:58,172,187.0
3886,4.92,13:16,173,187.0
3887,4.92,12:18,173,186.4
3888,4.92,11:58,171,186.4
3889,4.92,11:52,171,186.4
3890,4.92,11:21,172,186.4
3891,4.92,12:04,171,187.0
3892,4.93,13:01,171,187.0
3893,4.93,13:16,168,187.0
3894,4.93,13:41,168,187.0
3895,4.93,14:25,166,186.4
3896,4.93,13:41,159,186.4
3897,4.93,13:08,158,186.4
3898,4.93,12:39,159,186.4
3899,4.94,12:18,159,185.7
3900,4.94,12:18,159,185.7
3901,4.94,12:04,159,185.7
3902,4.94,12:04,157,185.7
3903,4.94,12:11,156,185.7
3904,4.94,12:11,154,185.7
3905,4.94,12:25,154,185.7
3906,4.94,13:16,154,185.7
3907,4.95,13:24,153,185.7
3908,4.95,13:41,153,185.7
3909,4.95,14:25,153,185.7
3910,4.95,13:49,153,185.7
3911,4.95,12:32,160,185.7
3912,4.95,12:25,164,185.7
3913,4.95,11:52,153,185.7
3914,4.96,11:39,153,185.7
3915,4.96,11:58,153,185.7
3916,4.96,12:04,153,185.0
3917,4.96,12:04,153,185.0
3918,4.96,12:32,153,185.0
3919,4.96,12:53,153,185.0
3920,4.96,12:46,153,184.4
3921,4.96,12:46,153,184.4
3922,4.97,12:39,154,184.4
3923,4.97,12:25,155,184.4
3924,4.97,11:58,155,184.4
3925,4.97,12:25,156,184.4
3926,4.97,12:04,157,184.4
3927,4.97,12:11,158,184.4
3928,4.97,12:04,159,184.4
3929,4.98,12:04,160,184.4
3930,4.98,11:21,160,183.7
3931,4.98,11:39,161,183.7
3932,4.98,11:45,162,183.7
3933,4.98,12:32,163,183.7
3934,4.98,12:39,165,183.7
3935,4.98,13:32,165,183.1
3936,4.98,14:25,166,183.1
3937,4.99,14:54,167,182.4
3938,4.99,14:16,166,182.4
3939,4.99,14:16,167,183.1
3940,4.99,13:58,168,183.1
3941,4.99,12:53,169,183.1
3942,4.99,11:52,171,183.1
3943,4.99,11:33,168,182.4
3944,5.0,11:21,169,182.4
3945,5.0,11:10,169,182.4
3946,5.0,11:27,171,182.4
3947,5.0,13:01,171,182.4
3948,5.0,13:41,170,182.4
3949,5.0,13:58,170,182.4
3950,5.0,14:07,172,182.4
3951,5.0,14:44,172,181.8
3952,5.0,13:24,171,181.8
3953,5.01,13:16,171,181.8
3954,5.01,13:01,171,181.8
3955,5.01,13:01,172,181.8
3956,5.01,13:01,171,181.8
3957,5.01,12:53,171,181.8
3958,5.01,12:11,170,181.8
3959,5.01,12:04,170,181.8
3960,5.02,11:27,172,181.8
3961,5.02,10:48,171,181.8
3962,5.02,10:59,171,181.8
3963,5.02,11:21,172,181.8
3964,5.02,11:21,171,181.8
3965,5.02,11:52,171,181.8
3966,5.02,12:46,170,181.1
3967,5.03,12:46,173,181.1
3968,5.03,13:01,172,181.1
3969,5.03,13:32,172,181.1
3970,5.03,13:58,172,181.1
3971,5.03,13:32,172,181.1
3972,5.03,13:24,171,181.1
3973,5.03,13:01,172,181.1
3974,5.03,12:53,173,181.1
3975,5.04,12:25,171,180.4
3976,5.04,11:45,171,180.4
3977,5.04,11:52,172,180.4
3978,5.04,11:39,172,180.4
3979,5.04,11:21,170,180.4
3980,5.04,11:52,171,180.4
3981,5.04,12:46,171,180.4
3982,5.05,13:01,171,180.4
3983,5.05,13:08,171,179.8
3984,5.05,12:39,172,179.8
3985,5.05,11:39,172,179.8
3986,5.05,11:05,172,179.8
3987,5.05,10:23,172,179.8
3988,5.05,10:00,172,179.8
3989,5.06,10:00,172,179.1
3990,5.06,10:09,172,179.1
3991,5.06,10:09,173,179.1
3992,5.06,9:56,173,179.1
3993,5.06,10:23,174,179.1
3994,5.06,10:33,174,179.1
3995,5.07,10:09,173,179.1
3996,5.07,10:23,174,179.1
3997,5.07,11:27,173,179.1
3998,5.07,11:45,173,179.1
3999,5.07,12:46,173,179.1
4000,5.07,14:07,172,179.1
4001,5.07,13:41,174,179.1
4002,5.08,12:39,174,179.1
4003,5.08,11:45,173,179.1
4004,5.08,11:10,173,179.1
4005,5.08,10:38,173,179.1
4006,5.08,10:33,175,178.5
4007,5.08,10:48,175,178.5
4008,5.08,11:39,175,179.1
4009,5.09,10:54,174,179.1
4010,5.09,11:10,175,179.1
4011,5.09,10:59,176,178.5
4012,5.09,10:59,175,178.5
4013,5.09,11:27,175,178.5
4014,5.09,12:39,175,178.5
4015,5.09,12:39,176,178.5
4016,5.1,13:41,175,178.5
4017,5.1,13:58,176,178.5
4018,5.1,12:53,176,178.5
4019,5.1,12:25,176,178.5
4020,5.1,13:01,175,178.5
4021,5.1,12:11,177,178.5
4022,5.1,11:52,174,178.5
4023,5.11,11:39,174,178.5
4024,5.11,11:39,174,178.5
4025,5.11,11:10,176,178.5
4026,5.11,11:45,174,178.5
4027,5.11,12:32,174,178.5
4028,5.11,12:46,175,178.5
4029,5.11,12:53,175,178.5
4030,5.11,12:46,174,178.5
4031,5.12,12:32,174,178.5
4032,5.12,11:33,176,178.5
4033,5.12,11:16,175,178.5
4034,5.12,11:21,174,178.5
4035,5.12,10:54,175,178.5
4036,5.12,10:33,173,178.5
4037,5.13,10:28,173,178.5
4038,5.13,10:18,174,179.1
4039,5.13,9:47,173,179.1
4040,5.13,9:51,173,179.1
4041,5.13,10:09,171,178.5
4042,5.13,10:48,173,178.5
4043,5.13,11:45,173,179.1
4044,5.14,12:53,172,179.1
4045,5.14,15:04,171,178.5
4046,5.14,17:25,173,178.5
4047,5.14,18:37,172,178.5
4048,5.14,19:26,172,178.5
4049,5.14,20:19,172,178.5
4050,5.14,18:53,173,178.5
4051,5.14,15:24,173,179.1
4052,5.14,13:32,172,179.1
4053,5.15,12:32,173,179.1
4054,5.15,11:39,174,179.1
4055,5.15,10:43,173,178.5
4056,5.15,11:10,174,178.5
4057,5.15,10:38,175,178.5
4058,5.15,10:05,175,178.5
4059,5.15,9:51,173,177.8
4060,5.16,10:00,175,178.5
4061,5.16,9:43,174,178.5
4062,5.16,10:18,172,178.5
4063,5.16,10:23,173,178.5
4064,5.16,10:14,174,178.5
4065,5.16,10:33,173,177.8
4066,5.17,10:43,173,177.8
4067,5.17,10:54,172,177.8
4068,5.17,11:16,173,177.8
4069,5.17,11:58,173,177.8
4070,5.17,11:58,175,177.8
4071,5.17,11:39,174,177.8
4072,5.17,11:10,174,177.8
4073,5.18,11:33,175,177.2
4074,5.18,12:04,174,177.2
4075,5.18,11:58,175,177.2
4076,5.18,12:18,175,177.2
4077,5.18,13:08,175,177.2
4078,5.18,12:46,174,177.2
4079,5.18,11:39,174,177.2
4080,5.19,11:33,174,177.2
4081,5.19,11:45,173,177.2
4082,5.19,11:27,173,177.2
4083,5.19,11:33,173,177.8
4084,5.19,12:18,173,177.8
4085,5.19,12:25,172,177.8
4086,5.19,12:11,173,177.2
4087,5.19,12:39,173,177.2
4088,5.2,12:25,173,177.2
4089,5.2,12:11,174,177.2
4090,5.2,12:32,172,177.2
4091,5.2,12:18,173,177.2
4092,5.2,11:52,174,177.2
4093,5.2,11:58,174,177.2
4094,5.2,11:52,173,177.2
4095,5.21,11:58,174,177.2
4096,5.21,12:11,174,177.2
4097,5.21,12:04,173,177.2
4098,5.21,12:11,176,176.5
4099,5.21,12:04,174,176.5
4100,5.21,11:27,174,176.5
4101,5.21,11:39,175,176.5
4102,5.22,12:04,173,176.5
4103,5.22,11:58,172,176.5
4104,5.22,11:58,172,176.5
4105,5.22,11:58,173,176.5
4106,5.22,11:27,172,176.5
4107,5.22,11:05,174,176.5
4108,5.22,11:10,173,176.5
4109,5.23,11:21,172,176.5
4110,5.23,12:04,174,176.5
4111,5.23,12:18,174,176.5
4112,5.23,12:39,173,176.5
4113,5.23,13:01,173,176.5
4114,5.23,12:32,173,176.5
4115,5.23,11:52,172,176.5
4116,5.24,12:04,173,176.5
4117,5.24,11:33,173,177.2
4118,5.24,11:10,171,177.2
4119,5.24,11:33,173,177.2
4120,5.24,11:27,173,177.2
4121,5.24,11:45,172,176.5
4122,5.24,12:53,172,176.5
4123,5.24,13:16,173,176.5
4124,5.25,13:01,172,176.5
4125,5.25,13:24,172,176.5
4126,5.25,13:16,172,176.5
4127,5.25,13:01,172,176.5
4128,5.25,12:53,172,175.9
4129,5.25,13:32,171,175.9
4130,5.25,14:25,173,175.9
4131,5.25,14:34,172,175.9
4132,5.26,13:58,171,175.9
4133,5.26,14:07,172,175.2
4134,5.26,13:24,173,175.2
4135,5.26,12:04,171,175.2
4136,5.26,11:21,171,174.5
4137,5.26,11:05,173,174.5
4138,5.27,10:33,171,174.5
4139,5.27,10:38,171,174.5
4140,5.27,11:05,172,174.5
4141,5.27,11:58,171,174.5
4142,5.27,12:04,170,173.9
4143,5.27,12:32,170,173.9
4144,5.27,12:39,171,173.9
4145,5.27,12:46,171,173.2
4146,5.28,12:18,170,173.2
4147,5.28,12:53,171,172.6
4148,5.28,12:53,172,172.6
4149,5.28,13:08,172,172.6
4150,5.28,13:41,171,172.6
4151,5.28,13:32,170,172.6
4152,5.28,13:08,171,171.9
4153,5.28,13:58,172,171.9
4154,5.29,13:58,173,171.9
4155,5.29,13:41,172,171.9
4156,5.29,13:58,171,171.9
4157,5.29,14:25,173,171.9
4158,5.29,13:32,173,172.6
4159,5.29,13:24,172,172.6
4160,5.29,13:16,172,172.6
4161,5.29,12:25,173,172.6
4162,5.3,12:11,172,171.9
4163,5.3,12:04,172,171.9
4164,5.3,11:21,172,171.9
4165,5.3,11:10,172,171.9
4166,5.3,11:39,171,171.9
4167,5.3,11:27,170,171.9
4168,5.3,11:33,170,171.9
4169,5.31,12:11,171,171.9
4170,5.31,12:25,170,171.9
4171,5.31,12:25,169,171.9
4172,5.31,12:46,170,171.9
4173,5.31,12:46,171,171.9
4174,5.31,12:32,170,171.3
4175,5.31,12:18,170,171.3
4176,5.31,12:46,169,171.3
4177,5.32,12:46,171,171.3
4178,5.32,13:08,171,171.3
4179,5.32,13:24,171,171.3
4180,5.32,13:32,170,171.3
4181,5.32,13:24,170,171.3
4182,5.32,13:16,170,171.3
4183,5.32,13:08,171,171.3
4184,5.33,12:39,170,171.3
4185,5.33,12:11,169,170.6
4186,5.33,11:39,169,170.6
4187,5.33,11:10,170,170.6
4188,5.33,10:48,170,170.6
4189,5.33,11:05,169,170.6
4190,5.33,11:45,168,170.6
4191,5.33,12:32,168,170.6
4192,5.34,13:41,170,170.6
4193,5.34,14:54,170,170.6
4194,5.34,15:04,170,170.6
4195,5.34,15:04,168,171.3
4196,5.34,14:25,169,171.3
4197,5.34,13:08,170,171.3
4198,5.34,13:08,170,171.3
4199,5.34,13:08,171,170.6
4200,5.35,12:46,171,170.6
4201,5.35,12:46,171,171.3
4202,5.35,13:58,171,171.3
4203,5.35,13:24,170,171.3
4204,5.35,12:53,170,171.3
4205,5.35,13:01,170,171.3
4206,5.35,13:16,169,171.3
4207,5.35,13:01,169,170.6
4208,5.36,12:39,170,171.3
4209,5.36,14:25,170,170.6
4210,5.36,15:14,170,170.6
4211,5.36,14:54,170,170.6
4212,5.36,14:44,170,170.6
4213,5.36,14:34,171,170.6
4214,5.36,13:24,171,170.6
4215,5.36,12:32,171,170.6
4216,5.37,12:18,170,170.6
4217,5.37,12:39,171,170.6
4218,5.37,13:41,170,170.6
4219,5.37,13:41,169,170.6
4220,5.37,13:41,170,171.3
4221,5.37,13:24,171,170.6
4222,5.37,12:53,169,170.6
4223,5.37,12:39,169,171.3
4224,5.38,12:39,169,171.3
4225,5.38,12:39,171,170.6
4226,5.38,13:24,170,170.6
4227,5.38,13:01,170,170.6
4228,5.38,12:18,170,170.6
4229,5.38,12:04,172,170.6
4230,5.38,12:11,171,170.6
4231,5.39,11:58,170,170.6
4232,5.39,11:39,170,170.6
4233,5.39,11:52,171,170.6
4234,5.39,11:45,172,170.6
4235,5.39,11:27,171,170.6
4236,5.39,11:27,170,170.6
4237,5.39,11:58,170,170.6
4238,5.4,11:58,171,170.6
4239,5.4,12:11,171,170.6
4240,5.4,12:46,171,170.6
4241,5.4,12:11,171,170.6
4242,5.4,12:11,170,170.6
4243,5.4,12:04,171,170.6
4244,5.4,11:52,171,170.6
4245,5.4,11:39,171,170.6
4246,5.41,11:16,171,170.6
4247,5.41,11:05,171,170.6
4248,5.41,11:05,171,169.9
4249,5.41,10:38,170,169.9
4250,5.41,10:23,170,169.9
4251,5.41,10:43,170,169.9
4252,5.42,10:38,170,169.3
4253,5.42,10:18,171,169.3
4254,5.42,10:14,171,169.3
4255,5.42,10:00,171,169.3
4256,5.42,10:14,171,169.3
4257,5.42,9:38,171,169.3
4258,5.43,9:38,172,169.3
4259,5.43,10:00,173,169.3
4260,5.43,10:09,172,169.3
4261,5.43,10:18,173,169.3
4262,5.43,11:05,172,169.3
4263,5.43,11:05,173,169.3
4264,5.44,10:59,172,169.3
4265,5.44,11:05,173,169.3
4266,5.44,10:38,173,168.6
4267,5.44,10:14,174,168.6
4268,5.44,10:43,173,168.6
4269,5.44,10:33,174,168.6
4270,5.44,10:28,175,168.6
4271,5.45,10:43,173,168.0
4272,5.45,11:10,174,168.0
4273,5.45,10:59,174,168.0
4274,5.45,11:10,176,168.0
4275,5.45,10:59,174,168.0
4276,5.45,10:54,173,168.0
4277,5.46,10:59,174,168.0
4278,5.46,11:10,175,168.0
4279,5.46,11:10,175,168.0
4280,5.46,11:33,174,168.0
4281,5.46,11:10,174,168.0
4282,5.46,10:54,175,168.0
4283,5.46,10:38,175,167.3
4284,5.47,10:48,175,167.3
4285,5.47,10:28,175,167.3
4286,5.47,10:59,174,167.3
4287,5.47,11:16,176,166.7
4288,5.47,10:59,177,166.7
4289,5.47,11:10,175,167.3
4290,5.47,11:27,175,167.3
4291,5.48,12:04,176,167.3
4292,5.48,12:25,175,167.3
4293,5.48,13:32,175,167.3
4294,5.48,13:32,175,167.3
4295,5.48,14:07,174,166.7
4296,5.48,12:53,175,166.7
4297,5.48,12:39,175,166.7
4298,5.49,11:52,174,166.0
4299,5.49,11:39,175,166.7
4300,5.49,11:27,174,166.7
4301,5.49,12:11,174,166.7
4302,5.49,11:21,175,167.3
4303,5.49,10:59,175,167.3
4304,5.49,10:54,175,167.3
4305,5.5,10:33,175,167.3
4306,5.5,9:47,175,167.3
4307,5.5,10:23,175,167.3
4308,5.5,11:27,176,167.3
4309,5.5,11:16,176,167.3
4310,5.5,11:39,176,167.3
4311,5.5,12:11,177,167.3
4312,5.51,11:52,175,167.3
4313,5.51,11:21,176,167.3
4314,5.51,11:45,175,167.3
4315,5.51,11:33,175,166.7
4316,5.51,11:27,175,166.7
4317,5.51,11:39,175,166.7
4318,5.51,11:39,174,166.7
4319,5.52,11:52,174,166.7
4320,5.52,11:45,173,166.7
4321,5.52,11:52,173,166.7
4322,5.52,11:39,173,166.7
4323,5.52,11:33,174,166.7
4324,5.52,10:38,174,166.7
4325,5.53,10:43,174,166.7
4326,5.53,10:38,174,166.7
4327,5.53,10:54,174,166.7
4328,5.53,10:48,174,166.7
4329,5.53,11:45,173,166.7
4330,5.53,11:58,174,166.7
4331,5.53,11:39,175,166.0
4332,5.53,11:58,174,166.0
4333,5.54,12:46,173,166.0
4334,5.54,12:39,173,166.0
4335,5.54,12:39,173,166.0
4336,5.54,13:32,172,166.0
4337,5.54,13:32,173,166.0
4338,5.54,12:32,173,166.0
4339,5.54,12:18,173,166.0
4340,5.55,12:18,174,166.0
4341,5.55,11:58,175,166.0
4342,5.55,11:45,174,165.4
4343,5.55,12:25,174,165.4
4344,5.55,12:46,175,165.4
4345,5.55,12:46,175,164.7
4346,5.55,12:46,174,164.7
4347,5.55,12:39,175,164.7
4348,5.56,11:52,175,164.7
4349,5.56,11:21,175,164.7
4350,5.56,11:16,173,164.7
4351,5.56,11:16,175,164.7
4352,5.56,11:05,176,164.0
4353,5.56,11:39,175,164.0
4354,5.56,11:52,174,164.0
4355,5.57,11:33,175,164.0
4356,5.57,10:54,174,163.4
4357,5.57,11:16,175,163.4
4358,5.57,10:59,175,163.4
4359,5.57,11:16,175,163.4
4360,5.57,11:52,174,163.4
4361,5.58,12:32,175,163.4
4362,5.58,11:52,175,162.7
4363,5.58,11:45,174,162.7
4364,5.58,11:39,174,162.7
4365,5.58,10:48,175,162.7
4366,5.58,10:28,175,162.7
4367,5.58,10:33,174,162.7
4368,5.59,10:48,175,162.7
4369,5.59,10:28,173,162.7
4370,5.59,10:33,174,162.1
4371,5.59,11:10,174,162.1
4372,5.59,11:16,173,162.1
4373,5.59,11:10,172,162.1
4374,5.59,11:39,174,161.4
4375,5.6,12:18,173,161.4
4376,5.6,11:52,173,161.4
4377,5.6,12:18,174,160.8
4378,5.6,12:18,174,160.8
4379,5.6,11:52,173,160.8
4380,5.6,11:33,174,160.8
4381,5.6,11:33,174,160.8
4382,5.61,11:45,174,160.8
4383,5.61,11:39,174,160.8
4384,5.61,11:52,176,160.8
4385,5.61,12:25,173,160.1
4386,5.61,12:46,174,160.1
4387,5.61,12:25,174,159.4
4388,5.61,12:39,172,159.4
4389,5.62,12:18,171,159.4
4390,5.62,12:18,171,158.8
4391,5.62,11:58,173,158.8
4392,5.62,11:33,172,158.8
4393,5.62,11:39,170,158.8
4394,5.62,11:39,172,158.1
4395,5.62,12:32,172,158.1
4396,5.62,13:24,172,158.1
4397,5.63,13:49,171,158.1
4398,5.63,13:32,171,158.1
4399,5.63,13:32,172,158.1
4400,5.63,12:04,171,158.1
4401,5.63,10:59,172,158.1
4402,5.63,10:43,173,157.5
4403,5.64,10:28,173,157.5
4404,5.64,10:43,173,157.5
4405,5.64,10:28,172,157.5
4406,5.64,11:05,173,157.5
4407,5.64,11:21,173,157.5
4408,5.64,11:39,172,157.5
4409,5.64,11:33,172,157.5
4410,5.64,12:04,172,156.8
4411,5.65,12:04,173,156.8
4412,5.65,12:25,173,156.8
4413,5.65,12:18,171,156.8
4414,5.65,11:45,172,156.8
4415,5.65,11:10,172,156.8
4416,5.65,10:54,174,156.8
4417,5.66,10:09,173,156.2
4418,5.66,9:56,172,156.2
4419,5.66,10:38,172,156.2
4420,5.66,11:16,171,156.2
4421,5.66,12:04,172,156.2
4422,5.66,13:01,174,156.2
4423,5.66,13:16,174,156.2
4424,5.66,12:53,173,155.5
4425,5.67,12:39,174,155.5
4426,5.67,11:45,175,155.5
4427,5.67,11:10,175,155.5
4428,5.67,11:27,175,155.5
4429,5.67,11:16,175,155.5
4430,5.67,10:54,175,155.5
4431,5.68,11:27,176,155.5
4432,5.68,11:05,174,155.5
4433,5.68,11:05,174,155.5
4434,5.68,11:21,176,155.5
4435,5.68,12:04,176,155.5
4436,5.68,11:33,175,155.5
4437,5.68,12:18,177,155.5
4438,5.69,12:18,175,154.9
4439,5.69,11:45,175,154.9
4440,5.69,11:10,175,154.9
4441,5.69,11:10,176,154.9
4442,5.69,11:16,176,154.9
4443,5.69,11:33,175,154.2
4444,5.69,11:21,176,154.2
4445,5.7,10:43,175,154.2
4446,5.7,10:48,175,154.2
4447,5.7,10:54,176,154.2
4448,5.7,10:33,175,154.2
4449,5.7,11:16,175,154.2
4450,5.7,12:53,176,154.2
4451,5.7,13:24,174,154.2
4452,5.7,13:41,175,154.2
4453,5.71,13:24,174,154.2
4454,5.71,13:01,175,154.2
4455,5.71,12:39,175,153.5
4456,5.71,11:58,175,153.5
4457,5.71,12:04,174,153.5
4458,5.71,12:11,176,153.5
4459,5.71,11:52,175,153.5
4460,5.72,11:27,174,153.5
4461,5.72,11:52,174,153.5
4462,5.72,11:21,175,153.5
4463,5.72,11:10,173,153.5
4464,5.72,11:52,173,153.5
4465,5.72,12:04,172,153.5
4466,5.72,11:39,174,153.5
4467,5.73,11:16,173,153.5
4468,5.73,10:59,175,153.5
4469,5.73,10:23,173,152.9
4470,5.73,10:09,172,152.9
4471,5.73,10:23,172,152.2
4472,5.73,10:28,174,152.2
4473,5.74,10:33,173,152.2
4474,5.74,10:54,172,151.6
4475,5.74,11:16,172,151.6
4476,5.74,11:10,173,151.6
4477,5.74,11:52,173,151.6
4478,5.74,12:25,173,150.9
4479,5.74,12:46,173,150.9
4480,5.75,13:01,174,150.9
4481,5.75,13:24,174,150.9
4482,5.75,13:01,173,150.9
4483,5.75,13:24,174,150.9
4484,5.75,13:01,173,150.3
4485,5.75,13:08,173,150.3
4486,5.75,12:04,173,150.3
4487,5.76,11:27,174,150.3
4488,5.76,10:43,174,150.3
4489,5.76,10:43,174,150.3
4490,5.76,10:38,174,150.3
4491,5.76,10:59,174,150.3
4492,5.76,11:16,174,150.3
4493,5.76,11:16,175,149.6
4494,5.77,11:05,174,149.6
4495,5.77,10:28,175,149.6
4496,5.77,10:18,174,149.6
4497,5.77,10:23,175,149.0
4498,5.77,10:54,176,149.0
4499,5.77,11:05,175,149.0
4500,5.77,11:16,174,149.0
4501,5.78,11:16,176,149.0
4502,5.78,11:27,175,149.0
4503,5.78,12:04,176,149.0
4504,5.78,13:01,176,148.3
4505,5.78,13:16,175,148.3
4506,5.78,13:58,174,148.3
4507,5.78,13:58,177,148.3
4508,5.79,13:16,174,148.3
4509,5.79,12:46,174,148.3
4510,5.79,13:41,174,148.3
4511,5.79,12:53,173,148.3
4512,5.79,12:18,173,147.6
4513,5.79,11:21,173,147.6
4514,5.79,10:59,172,147.6
4515,5.8,10:14,172,147.6
4516,5.8,10:33,171,147.0
4517,5.8,10:43,170,147.0
4518,5.8,10:59,170,147.0
4519,5.8,11:05,170,147.0
4520,5.8,11:33,170,147.0
4521,5.8,11:27,170,146.3
4522,5.81,11:33,168,146.3
4523,5.81,11:52,170,145.7
4524,5.81,12:04,170,145.7
4525,5.81,12:04,170,145.0
4526,5.81,12:11,169,145.0
4527,5.81,12:46,169,145.0
4528,5.81,13:01,170,145.0
4529,5.81,12:53,170,145.0
4530,5.82,12:25,170,144.4
4531,5.82,12:32,171,144.4
4532,5.82,12:25,170,144.4
4533,5.82,12:53,170,144.4
4534,5.82,12:25,171,144.4
4535,5.82,12:39,171,143.7
4536,5.82,13:16,170,143.7
4537,5.83,13:01,170,143.7
4538,5.83,12:18,169,143.7
4539,5.83,12:46,170,143.7
4540,5.83,12:46,169,143.0
4541,5.83,12:39,169,143.0
4542,5.83,12:39,169,143.0
4543,5.83,13:08,169,143.0
4544,5.83,12:39,168,143.0
4545,5.84,12:25,170,143.0
4546,5.84,12:18,170,143.0
4547,5.84,12:25,170,143.0
4548,5.84,12:04,169,143.0
4549,5.84,12:46,169,143.0
4550,5.84,12:46,169,143.0
4551,5.84,12:18,169,143.0
4552,5.85,12:46,170,142.4
4553,5.85,13:08,169,142.4
4554,5.85,13:32,168,143.0
4555,5.85,14:07,168,143.0
4556,5.85,14:54,169,143.0
4557,5.85,15:04,168,143.0
4558,5.85,14:54,168,143.0
4559,5.85,14:44,169,143.0
4560,5.85,14:44,169,143.0
4561,5.86,15:24,169,143.7
4562,5.86,15:24,169,143.7
4563,5.86,16:33,169,143.7
4564,5.86,15:24,169,143.7
4565,5.86,16:09,169,143.7
4566,5.86,14:54,169,143.0
4567,5.86,13:49,169,143.0
4568,5.86,12:25,169,143.0
4569,5.87,12:11,169,143.0
4570,5.87,11:52,169,143.0
4571,5.87,11:58,169,143.0
4572,5.87,12:18,169,143.0
4573,5.87,12:25,169,142.4
4574,5.87,12:32,169,142.4
4575,5.87,12:39,170,142.4
4576,5.87,13:01,169,142.4
4577,5.88,12:32,169,142.4
4578,5.88,13:01,170,142.4
4579,5.88,13:32,169,142.4
4580,5.88,13:01,169,142.4
4581,5.88,12:46,169,142.4
4582,5.88,12:46,170,142.4
4583,5.88,12:25,170,142.4
4584,5.88,11:58,170,142.4
4585,5.89,11:52,171,142.4
4586,5.89,11:58,171,142.4
4587,5.89,12:32,171,142.4
4588,5.89,12:46,171,141.7
4589,5.89,13:08,171,141.7
4590,5.89,13:41,171,141.7
4591,5.89,13:24,171,141.7
4592,5.9,12:53,171,141.7
4593,5.9,12:53,171,141.7
4594,5.9,12:39,171,141.7
4595,5.9,12:18,171,141.7
4596,5.9,12:11,172,141.7
4597,5.9,12:11,173,141.7
4598,5.9,12:25,172,141.7
4599,5.9,12:53,172,141.1
4600,5.91,13:32,172,141.1
4601,5.91,13:58,172,141.1
4602,5.91,14:44,173,141.1
4603,5.91,14:07,173,141.1
4604,5.91,13:16,172,141.1
4605,5.91,12:25,172,141.1
4606,5.91,11:45,172,141.1
4607,5.92,11:10,172,141.1
4608,5.92,11:10,172,141.1
4609,5.92,11:27,173,141.1
4610,5.92,11:33,173,141.1
4611,5.92,11:52,172,141.1
4612,5.92,11:52,170,141.1
4613,5.92,11:45,171,141.1
4614,5.92,12:04,171,141.1
4615,5.93,12:18,172,141.1
4616,5.93,13:08,172,141.1
4617,5.93,13:16,171,141.1
4618,5.93,13:32,171,141.1
4619,5.93,13:32,171,141.1
4620,5.93,13:41,171,141.1
4621,5.93,13:08,171,141.1
4622,5.93,13:49,172,141.1
4623,5.94,13:58,172,141.1
4624,5.94,13:24,172,141.1
4625,5.94,13:08,171,141.1
4626,5.94,13:32,171,141.1
4627,5.94,14:44,172,141.1
4628,5.94,15:24,171,140.4
4629,5.94,15:35,172,140.4
4630,5.94,16:09,172,140.4
4631,5.94,15:35,171,140.4
4632,5.95,14:07,171,140.4
4633,5.95,13:41,171,139.8
4634,5.95,13:08,171,139.8
4635,5.95,12:53,172,139.8
4636,5.95,13:08,171,139.8
4637,5.95,13:01,171,139.8
4638,5.95,12:53,171,139.8
4639,5.95,13:41,171,139.8
4640,5.96,13:49,172,139.8
4641,5.96,12:53,173,139.1
4642,5.96,12:32,172,139.1
4643,5.96,11:58,172,139.1
4644,5.96,11:16,172,139.1
4645,5.96,11:05,172,139.1
4646,5.97,10:59,173,139.1
4647,5.97,11:10,173,139.1
4648,5.97,11:27,173,139.1
4649,5.97,11:58,173,139.1
4650,5.97,12:18,172,139.1
4651,5.97,12:53,172,139.1
4652,5.97,12:39,172,139.1
4653,5.97,13:01,172,139.1
4654,5.98,12:39,171,139.1
4655,5.98,12:18,172,139.1
4656,5.98,12:25,172,139.1
4657,5.98,12:53,171,139.1
4658,5.98,13:08,171,138.5
4659,5.98,13:32,172,138.5
4660,5.98,13:49,172,138.5
4661,5.98,13:08,170,138.5
4662,5.99,12:53,169,138.5
4663,5.99,12:53,169,138.5
4664,5.99,12:25,170,137.8
4665,5.99,11:52,170,137.8
4666,5.99,11:58,169,137.8
4667,5.99,11:05,169,137.8
4668,5.99,10:38,169,137.8
4669,6.0,11:10,170,137.8
4670,6.0,11:39,171,137.8
4671,6.0,12:11,170,137.1
4672,6.0,13:41,170,137.8
4673,6.0,13:58,169,137.8
4674,6.0,13:41,170,137.1
4675,6.0,13:58,172,137.1
4676,6.0,13:24,170,137.1
4677,6.01,12:39,170,137.1
4678,6.01,12:32,170,137.1
4679,6.01,12:32,171,136.5
4680,6.01,12:11,170,136.5
4681,6.01,12:32,170,136.5
4682,6.01,12:53,170,136.5
4683,6.01,12:32,170,136.5
4684,6.02,12:04,170,136.5
4685,6.02,11:58,172,136.5
4686,6.02,11:58,172,135.8
4687,6.02,11:45,171,135.8
4688,6.02,12:39,171,135.8
4689,6.02,14:16,173,135.8
4690,6.02,15:35,171,135.8
4691,6.02,15:35,171,135.8
4692,6.02,16:09,171,135.2
4693,6.03,15:14,172,135.2
4694,6.03,13:49,171,135.2
4695,6.03,13:01,171,135.2
4696,6.03,13:08,171,135.2
4697,6.03,12:32,171,135.2
4698,6.03,12:11,172,135.2
4699,6.03,12:11,171,134.5
4700,6.04,11:45,171,134.5
4701,6.04,11:27,171,134.5
4702,6.04,11:39,171,134.5
4703,6.04,12:04,171,134.5
4704,6.04,11:58,172,135.2
4705,6.04,12:04,171,135.2
4706,6.04,12:25,172,135.2
4707,6.05,12:46,171,134.5
4708,6.05,12:25,171,135.2
4709,6.05,12:25,173,135.2
4710,6.05,12:11,171,135.2
4711,6.05,11:39,172,135.2
4712,6.05,11:33,173,135.2
4713,6.05,12:04,172,135.2
4714,6.05,12:11,171,134.5
4715,6.06,12:39,171,134.5
4716,6.06,13:16,171,134.5
4717,6.06,13:16,171,135.2
4718,6.06,13:24,171,135.2
4719,6.06,13:49,170,134.5
4720,6.06,14:34,170,134.5
4721,6.06,14:07,171,134.5
4722,6.06,14:16,171,134.5
4723,6.07,13:41,171,134.5
4724,6.07,13:08,170,134.5
4725,6.07,12:11,170,133.9
4726,6.07,11:58,170,133.9
4727,6.07,11:45,170,133.9
4728,6.07,11:58,170,133.9
4729,6.07,12:32,171,133.2
4730,6.08,12:46,171,133.2
4731,6.08,13:32,170,133.2
4732,6.08,14:34,170,133.9
4733,6.08,14:44,171,133.9
4734,6.08,15:04,171,133.9
4735,6.08,15:24,171,133.9
4736,6.08,15:04,170,133.9
4737,6.08,14:34,170,133.9
4738,6.08,14:07,171,133.9
4739,6.09,13:08,172,133.9
4740,6.09,13:16,172,133.9
4741,6.09,13:08,171,133.9
4742,6.09,13:16,171,133.9
4743,6.09,13:58,171,133.9
4744,6.09,14:25,173,133.9
4745,6.09,13:58,173,133.9
4746,6.09,14:44,172,133.9
4747,6.1,14:34,171,133.9
4748,6.1,14:07,172,133.9
4749,6.1,13:41,172,133.9
4750,6.1,13:01,172,133.9
4751,6.1,12:18,172,133.9
4752,6.1,12:11,172,133.9
4753,6.1,12:18,172,133.9
4754,6.1,12:53,171,133.9
4755,6.11,13:49,171,133.9
4756,6.11,13:58,172,133.9
4757,6.11,13:49,172,133.9
4758,6.11,13:58,171,133.9
4759,6.11,13:08,171,133.9
4760,6.11,12:32,171,133.9
4761,6.11,12:25,171,133.9
4762,6.11,12:46,172,133.9
4763,6.12,12:46,173,133.9
4764,6.12,12:53,173,133.9
4765,6.12,13:08,172,133.9
4766,6.12,13:16,171,133.9
4767,6.12,12:46,171,133.2
4768,6.12,12:32,172,133.2
4769,6.12,12:25,172,133.2
4770,6.12,12:53,172,133.2
4771,6.13,13:16,171,133.2
4772,6.13,13:24,170,133.2
4773,6.13,13:08,170,133.2
4774,6.13,12:53,170,133.2
4775,6.13,12:46,172,133.2
4776,6.13,12:46,173,133.2
4777,6.13,12:25,172,133.2
4778,6.14,11:58,171,133.2
4779,6.14,12:39,171,133.2
4780,6.14,12:32,171,133.2
4781,6.14,11:39,172,133.2
4782,6.14,11:21,172,133.2
4783,6.14,11:58,172,132.5
4784,6.14,11:58,171,132.5
4785,6.14,12:04,172,132.5
4786,6.15,12:32,171,132.5
4787,6.15,12:53,173,132.5
4788,6.15,12:25,172,132.5
4789,6.15,12:18,172,132.5
4790,6.15,11:39,172,132.5
4791,6.15,11:33,173,132.5
4792,6.15,11:39,173,132.5
4793,6.16,12:18,173,132.5
4794,6.16,12:11,173,132.5
4795,6.16,13:01,172,132.5
4796,6.16,13:16,173,133.2
4797,6.16,13:49,174,133.2
4798,6.16,13:41,173,133.2
4799,6.16,13:49,172,133.2
4800,6.16,13:16,174,133.2
4801,6.17,12:46,173,133.2
4802,6.17,12:32,173,133.2
4803,6.17,11:58,173,133.2
4804,6.17,12:18,173,133.2
4805,6.17,12:25,173,132.5
4806,6.17,12:39,172,132.5
4807,6.17,12:39,174,133.2
4808,6.18,12:46,173,133.2
4809,6.18,11:52,172,133.2
4810,6.18,12:04,173,133.2
4811,6.18,13:08,173,133.2
4812,6.18,12:53,172,133.2
4813,6.18,13:41,171,133.2
4814,6.18,14:16,172,133.2
4815,6.18,14:44,171,133.2
4816,6.19,13:16,171,133.2
4817,6.19,13:24,172,133.2
4818,6.19,13:32,172,133.2
4819,6.19,13:41,172,133.2
4820,6.19,12:39,172,133.2
4821,6.19,13:32,172,133.2
4822,6.19,14:34,171,133.2
4823,6.19,13:16,171,133.9
4824,6.2,13:24,171,133.9
4825,6.2,14:07,172,133.9
4826,6.2,12:46,172,133.9
4827,6.2,12:18,172,133.9
4828,6.2,12:46,171,133.2
4829,6.2,12:18,172,133.2
4830,6.2,11:45,173,133.2
4831,6.2,12:32,172,133.2
4832,6.21,12:32,171,133.2
4833,6.21,12:39,172,133.2
4834,6.21,12:53,172,133.2
4835,6.21,12:39,171,133.2
4836,6.21,12:04,171,133.2
4837,6.21,11:33,171,133.2
4838,6.21,10:54,171,133.9
4839,6.22,11:05,171,133.9
4840,6.22,12:04,173,133.9
4841,6.22,13:01,172,133.2
4842,6.22,13:08,170,133.2
4843,6.22,14:54,170,132.5
4844,6.22,14:54,171,132.5
4845,6.22,14:07,171,132.5
4846,6.22,13:01,171,133.2
4847,6.23,13:58,169,133.2
4848,6.23,13:32,169,133.2
4849,6.23,13:41,170,133.2
4850,6.23,14:07,170,133.9
4851,6.23,14:34,170,133.9
4852,6.23,13:16,170,133.9
4853,6.23,13:08,170,133.2
4854,6.23,13:41,171,133.2
4855,6.24,13:24,171,133.2
4856,6.24,13:16,170,133.2
4857,6.24,13:49,170,133.2
4858,6.24,13:41,171,133.2
4859,6.24,13:08,173,133.2
4860,6.24,13:16,171,133.2
4861,6.24,13:32,171,133.2
4862,6.24,13:49,171,133.2
4863,6.25,13:32,172,133.2
4864,6.25,12:39,171,133.2
4865,6.25,12:46,171,133.2
4866,6.25,12:53,171,133.2
4867,6.25,13:08,171,133.2
4868,6.25,13:41,172,133.2
4869,6.25,14:34,171,133.2
4870,6.25,13:49,171,133.2
4871,6.26,13:24,172,133.2
4872,6.26,12:18,172,133.2
4873,6.26,11:27,173,133.2
4874,6.26,10:54,172,132.5
4875,6.26,11:21,171,132.5
4876,6.26,11:58,173,132.5
4877,6.26,12:39,172,132.5
4878,6.26,13:41,171,132.5
4879,6.27,14:44,172,132.5
4880,6.27,14:25,172,132.5
4881,6.27,13:41,172,132.5
4882,6.27,13:24,171,132.5
4883,6.27,12:11,173,132.5
4884,6.27,12:18,173,132.5
4885,6.27,13:16,170,132.5
4886,6.27,13:32,171,132.5
4887,6.28,13:41,172,132.5
4888,6.28,15:04,172,131.9
4889,6.28,14:25,171,131.9
4890,6.28,13:16,171,131.9
4891,6.28,13:01,170,131.9
4892,6.28,12:25,171,131.9
4893,6.28,12:32,171,131.9
4894,6.28,13:16,170,132.5
4895,6.29,13:16,170,132.5
4896,6.29,12:39,171,132.5
4897,6.29,13:32,172,132.5
4898,6.29,13:41,171,132.5
4899,6.29,12:53,170,132.5
4900,6.29,13:01,171,132.5
4901,6.29,13:58,171,132.5
4902,6.29,13:01,171,132.5
4903,6.3,12:25,171,132.5
4904,6.3,12:32,171,132.5
4905,6.3,12:18,172,132.5
4906,6.3,12:18,171,132.5
4907,6.3,12:25,171,132.5
4908,6.3,13:08,171,132.5
4909,6.3,13:01,172,133.2
4910,6.3,14:44,172,133.2
4911,6.31,15:46,171,132.5
4912,6.31,17:11,172,132.5
4913,6.31,15:35,172,132.5
4914,6.31,15:46,172,132.5
4915,6.31,13:41,171,131.9
4916,6.31,11:45,173,131.9
4917,6.31,11:21,173,131.9
4918,6.31,11:58,171,132.5
4919,6.32,11:58,173,132.5
4920,6.32,11:52,174,132.5
4921,6.32,12:39,173,132.5
4922,6.32,12:18,173,131.9
4923,6.32,11:33,173,132.5
4924,6.32,11:39,173,132.5
4925,6.32,12:18,174,132.5
4926,6.33,12:32,174,132.5
4927,6.33,13:24,173,132.5
4928,6.33,14:07,173,132.5
4929,6.33,14:44,174,132.5
4930,6.33,15:46,174,132.5
4931,6.33,16:45,174,132.5
4932,6.33,15:35,172,132.5
4933,6.33,14:25,174,133.2
4934,6.34,13:41,174,133.2
4935,6.34,12:11,173,133.9
4936,6.34,11:33,174,133.9
4937,6.34,11:52,175,133.9
4938,6.34,12:32,173,133.9
4939,6.34,12:53,174,133.9
4940,6.34,13:58,174,133.9
4941,6.34,14:25,173,134.5
4942,6.35,13:49,175,134.5
4943,6.35,14:16,174,135.2
4944,6.35,13:58,174,135.2
4945,6.35,13:49,175,135.2
4946,6.35,14:07,174,135.8
4947,6.35,15:04,175,135.8
4948,6.35,14:34,174,136.5
4949,6.35,15:04,174,136.5
4950,6.35,14:44,176,136.5
4951,6.36,13:49,174,136.5
4952,6.36,13:24,175,136.5
4953,6.36,13:24,174,135.8
4954,6.36,13:49,173,135.8
4955,6.36,13:32,175,135.2
4956,6.36,14:07,174,135.2
4957,6.36,14:16,174,134.5
4958,6.36,14:25,173,133.9
4959,6.37,13:32,173,133.2
4960,6.37,13:08,173,133.2
4961,6.37,12:46,173,132.5
4962,6.37,12:11,173,132.5
4963,6.37,12:53,173,132.5
4964,6.37,13:01,174,132.5
4965,6.37,12:46,173,131.9
4966,6.37,13:01,172,131.9
4967,6.38,13:24,174,131.2
4968,6.38,12:25,174,131.2
4969,6.38,12:11,173,130.6
4970,6.38,11:58,173,130.6
4971,6.38,11:39,174,130.6
4972,6.38,11:58,172,130.6
4973,6.38,12:11,171,130.6
4974,6.39,11:58,171,130.6
4975,6.39,12:39,172,130.6
4976,6.39,13:08,171,130.6
4977,6.39,12:53,171,129.9
4978,6.39,12:32,170,129.9
4979,6.39,13:01,171,129.9
4980,6.39,13:08,171,129.9
4981,6.39,12:53,171,129.9
4982,6.4,12:18,171,129.3
4983,6.4,12:53,171,129.3
4984,6.4,13:16,170,129.3
4985,6.4,13:24,171,129.3
4986,6.4,13:49,171,128.6
4987,6.4,14:34,171,128.6
4988,6.4,14:07,170,128.6
4989,6.4,13:32,168,128.6
4990,6.41,13:08,168,128.6
4991,6.41,12:11,169,128.6
4992,6.41,12:11,169,128.6
4993,6.41,12:25,169,128.0
4994,6.41,12:18,170,128.0
4995,6.41,12:53,170,128.0
4996,6.41,13:41,169,128.0
4997,6.41,13:32,169,128.0
4998,6.42,13:49,169,128.0
4999,6.42,14:07,169,128.0
5000,6.42,13:58,171,128.0
5001,6.42,14:07,171,128.0
5002,6.42,15:04,170,128.0
5003,6.42,14:34,170,128.0
5004,6.42,14:16,170,128.0
5005,6.42,14:16,170,128.0
5006,6.43,14:07,170,128.0
5007,6.43,13:16,170,128.0
5008,6.43,13:08,169,127.3
5009,6.43,13:32,169,127.3
5010,6.43,13:41,169,127.3
5011,6.43,13:32,170,127.3
5012,6.43,13:16,170,126.6
5013,6.43,13:16,169,126.6
5014,6.44,13:24,170,126.6
5015,6.44,12:32,170,126.6
5016,6.44,12:32,169,126.6
5017,6.44,13:24,169,126.6
5018,6.44,13:49,169,126.6
5019,6.44,13:24,170,126.6
5020,6.44,14:44,170,126.6
5021,6.44,15:35,169,126.6
5022,6.44,14:07,169,126.6
5023,6.45,13:49,170,126.0
5024,6.45,13:58,171,126.0
5025,6.45,13:24,171,126.0
5026,6.45,12:25,171,126.0
5027,6.45,12:53,171,126.0
5028,6.45,12:25,170,126.0
5029,6.45,12:32,170,126.0
5030,6.46,11:58,172,126.0
5031,6.46,12:25,171,125.3
5032,6.46,12:39,170,125.3
5033,6.46,13:16,172,125.3
5034,6.46,13:08,171,125.3
5035,6.46,14:07,171,125.3
5036,6.46,13:41,171,125.3
5037,6.46,13:16,172,125.3
5038,6.47,12:46,171,125.3
5039,6.47,12:25,171,125.3
5040,6.47,12:11,172,125.3
5041,6.47,12:18,172,125.3
5042,6.47,12:32,172,125.3
5043,6.47,12:39,173,125.3
5044,6.47,12:46,173,125.3
5045,6.47,13:24,171,125.3
5046,6.48,13:32,172,125.3
5047,6.48,14:16,172,125.3
5048,6.48,14:16,171,125.3
5049,6.48,14:34,170,124.7
5050,6.48,14:07,171,124.7
5051,6.48,14:34,171,124.7
5052,6.48,14:25,170,124.7
5053,6.48,14:44,170,124.7
5054,6.49,14:44,171,124.7
5055,6.49,14:07,171,124.7
5056,6.49,13:58,170,124.7
5057,6.49,13:58,169,124.0
5058,6.49,13:49,169,124.0
5059,6.49,13:58,170,124.0
5060,6.49,14:44,170,124.0
5061,6.49,14:16,168,124.0
5062,6.49,13:32,170,124.0
5063,6.5,13:49,171,124.0
5064,6.5,13:58,170,123.4
5065,6.5,12:53,169,123.4
5066,6.5,12:46,170,123.4
5067,6.5,12:53,171,123.4
5068,6.5,12:18,170,123.4
5069,6.5,12:04,169,123.4
5070,6.5,12:53,170,123.4
5071,6.51,13:24,170,123.4
5072,6.51,13:32,170,123.4
5073,6.51,14:25,170,123.4
5074,6.51,14:16,169,123.4
5075,6.51,13:58,169,123.4
5076,6.51,13:41,170,123.4
5077,6.51,14:07,170,123.4
5078,6.51,14:07,169,123.4
5079,6.52,14:34,169,123.4
5080,6.52,14:34,169,123.4
5081,6.52,14:16,168,123.4
5082,6.52,14:07,167,123.4
5083,6.52,13:58,167,123.4
5084,6.52,13:49,168,123.4
5085,6.52,14:25,167,122.7
5086,6.52,15:14,168,122.7
5087,6.52,14:44,167,122.7
5088,6.53,15:04,167,122.7
5089,6.53,15:14,167,122.7
5090,6.53,15:14,167,122.0
5091,6.53,15:14,167,122.0
5092,6.53,15:57,167,122.0
5093,6.53,16:21,167,122.0
5094,6.53,16:45,166,122.7
5095,6.53,16:09,167,122.7
5096,6.53,15:46,167,123.4
5097,6.54,15:35,167,123.4
5098,6.54,14:44,167,123.4
5099,6.54,13:49,166,123.4
5100,6.54,13:49,166,123.4
5101,6.54,13:58,168,122.7
5102,6.54,13:49,168,122.0
5103,6.54,13:49,168,122.0
5104,6.54,13:58,167,121.4
5105,6.54,14:16,165,121.4
5106,6.55,13:32,165,121.4
5107,6.55,13:16,165,121.4
5108,6.55,12:39,165,120.7
5109,6.55,12:11,165,120.7
5110,6.55,11:27,166,120.7
5111,6.55,12:04,165,120.7
5112,6.55,12:18,166,120.7
5113,6.56,13:08,166,120.7
5114,6.56,13:49,166,120.7
5115,6.56,14:07,166,120.7
5116,6.56,13:58,167,120.1
5117,6.56,14:34,167,120.1
5118,6.56,14:44,167,120.1
5119,6.56,14:44,168,120.1
5120,6.56,15:04,168,120.1
5121,6.56,14:25,167,120.1
5122,6.57,13:49,167,120.1
5123,6.57,13:32,166,120.1
5124,6.57,13:08,167,119.4
5125,6.57,13:08,168,119.4
5126,6.57,13:24,168,119.4
5127,6.57,13:08,168,119.4
5128,6.57,13:01,167,119.4
5129,6.57,13:24,167,119.4
5130,6.58,13:32,168,119.4
5131,6.58,13:24,168,119.4
5132,6.58,13:16,168,119.4
5133,6.58,13:08,167,119.4
5134,6.58,13:24,167,119.4
5135,6.58,13:49,168,119.4
5136,6.58,14:34,169,119.4
5137,6.58,14:54,168,119.4
5138,6.59,15:24,167,119.4
5139,6.59,15:35,168,118.8
5140,6.59,15:35,167,118.8
5141,6.59,14:54,168,118.8
5142,6.59,15:46,168,118.8
5143,6.59,15:35,167,118.8
5144,6.59,14:54,167,118.1
5145,6.59,14:54,168,118.1
5146,6.59,14:44,168,118.1
5147,6.6,13:08,168,118.1
5148,6.6,12:53,168,118.1
5149,6.6,13:08,169,118.1
5150,6.6,12:53,169,117.5
5151,6.6,13:24,169,117.5
5152,6.6,14:34,169,117.5
5153,6.6,15:24,169,117.5
5154,6.6,15:24,169,117.5
5155,6.6,15:35,169,117.5
5156,6.61,15:04,169,117.5
5157,6.61,14:16,170,117.5
5158,6.61,13:01,169,117.5
5159,6.61,13:01,169,117.5
5160,6.61,12:53,170,118.1
5161,6.61,13:08,169,117.5
5162,6.61,14:07,167,118.1
5163,6.61,14:54,169,118.1
5164,6.62,14:34,168,118.1
5165,6.62,14:16,168,118.1
5166,6.62,13:49,167,118.1
5167,6.62,13:49,167,118.1
5168,6.62,13:49,168,118.1
5169,6.62,14:16,168,118.1
5170,6.62,14:16,167,118.1
5171,6.62,15:14,167,118.1
5172,6.62,15:04,166,118.1
5173,6.63,15:04,166,118.1
5174,6.63,15:04,167,118.1
5175,6.63,14:34,167,118.1
5176,6.63,14:07,166,118.1
5177,6.63,13:49,167,118.1
5178,6.63,14:25,168,118.1
5179,6.63,14:16,167,118.1
5180,6.63,15:35,166,118.1
5181,6.64,15:14,166,118.1
5182,6.64,15:24,167,118.1
5183,6.64,14:54,167,118.1
5184,6.64,14:25,167,118.1
5185,6.64,13:41,166,118.1
5186,6.64,13:41,166,118.1
5187,6.64,13:41,167,118.1
5188,6.64,13:16,166,118.1
5189,6.64,13:49,165,118.8
5190,6.65,13:49,165,118.8
5191,6.65,14:07,164,118.8
5192,6.65,13:16,165,118.8
5193,6.65,14:16,166,118.8
5194,6.65,14:44,165,118.8
5195,6.65,15:35,165,118.8
5196,6.65,15:57,165,118.8
5197,6.65,16:58,166,118.8
5198,6.65,16:33,166,118.8
5199,6.66,15:35,166,118.8
5200,6.66,15:14,165,118.8
5201,6.66,14:44,166,118.8
5202,6.66,15:04,166,118.1
5203,6.66,15:24,167,118.1
5204,6.66,15:35,167,118.1
5205,6.66,15:04,167,118.1
5206,6.66,14:07,167,117.5
5207,6.67,13:41,168,117.5
5208,6.67,13:16,168,118.1
5209,6.67,13:32,168,118.1
5210,6.67,14:16,168,118.1
5211,6.67,14:16,168,118.1
5212,6.67,14:07,168,118.1
5213,6.67,13:24,168,118.1
5214,6.67,13:01,168,118.1
5215,6.67,12:46,166,118.1
5216,6.68,13:41,167,118.1
5217,6.68,13:49,168,118.1
5218,6.68,14:44,166,117.5
5219,6.68,15:14,166,117.5
5220,6.68,15:14,166,117.5
5221,6.68,14:54,166,117.5
5222,6.68,15:14,166,117.5
5223,6.68,15:14,165,117.5
5224,6.69,14:07,165,117.5
5225,6.69,13:41,166,116.8
5226,6.69,13:08,167,116.8
5227,6.69,12:25,167,116.8
5228,6.69,12:25,167,116.8
5229,6.69,12:46,166,117.5
5230,6.69,12:25,166,117.5
5231,6.69,12:32,167,117.5
5232,6.7,13:32,168,117.5
5233,6.7,13:32,167,117.5
5234,6.7,13:49,167,117.5
5235,6.7,14:34,166,118.1
5236,6.7,15:14,167,118.1
5237,6.7,14:25,168,118.1
5238,6.7,13:58,168,118.1
5239,6.7,13:58,167,118.1
5240,6.71,13:24,166,118.8
5241,6.71,12:46,165,118.8
5242,6.71,12:39,165,118.8
5243,6.71,12:46,167,118.8
5244,6.71,12:25,167,118.8
5245,6.71,12:53,167,118.8
5246,6.71,13:24,166,118.8
5247,6.71,13:24,167,118.8
5248,6.72,13:24,167,118.8
5249,6.72,13:41,169,118.8
5250,6.72,12:18,168,118.8
5251,6.72,12:25,167,119.4
5252,6.72,12:32,168,118.8
5253,6.72,11:52,168,119.4
5254,6.72,11:45,170,118.8
5255,6.72,12:39,170,118.8
5256,6.73,12:39,169,118.8
5257,6.73,12:25,169,118.8
5258,6.73,13:01,170,118.1
5259,6.73,12:39,170,118.8
5260,6.73,12:32,169,118.8
5261,6.73,11:39,170,118.8
5262,6.73,11:58,171,118.8
5263,6.74,11:39,171,118.8
5264,6.74,11:27,171,118.1
5265,6.74,11:45,172,118.1
5266,6.74,12:18,172,118.8
5267,6.74,12:39,170,118.8
5268,6.74,13:24,170,118.8
5269,6.74,14:16,171,118.8
5270,6.74,13:49,171,118.8
5271,6.75,13:32,171,118.8
5272,6.75,12:18,170,118.8
5273,6.75,11:10,171,118.8
5274,6.75,10:38,170,118.8
5275,6.75,10:28,170,118.8
5276,6.75,10:23,170,118.8
5277,6.76,10:23,171,118.8
5278,6.76,10:43,170,119.4
5279,6.76,11:05,170,119.4
5280,6.76,11:27,172,119.4
5281,6.76,11:45,171,119.4
5282,6.76,12:18,173,119.4
5283,6.76,12:18,173,119.4
5284,6.77,11:52,172,119.4
5285,6.77,11:39,173,120.1
5286,6.77,11:27,174,120.1
5287,6.77,11:27,173,120.1
5288,6.77,11:45,173,119.4
5289,6.77,12:04,174,119.4
5290,6.77,12:32,173,120.1
5291,6.77,13:24,173,120.1
5292,6.78,13:58,174,120.1
5293,6.78,14:25,173,120.1
5294,6.78,15:35,174,120.1
5295,6.78,15:14,174,120.1
5296,6.78,15:04,173,120.1
5297,6.78,14:34,175,120.1
5298,6.78,14:25,173,120.1
5299,6.78,13:41,173,120.1
5300,6.79,13:16,173,120.7
5301,6.79,13:08,173,120.7
5302,6.79,13:08,173,120.7
5303,6.79,13:08,173,120.7
5304,6.79,12:53,172,120.7
5305,6.79,13:24,174,120.7
5306,6.79,13:24,173,121.4
5307,6.79,13:49,173,121.4
5308,6.8,13:41,173,121.4
5309,6.8,13:58,172,121.4
5310,6.8,14:54,174,121.4
5311,6.8,14:54,173,121.4
5312,6.8,15:04,174,121.4
5313,6.8,15:14,174,122.0
5314,6.8,16:21,174,122.0
5315,6.8,15:57,174,122.0
5316,6.8,15:24,174,122.0
5317,6.81,15:04,173,122.0
5318,6.81,15:14,174,122.7
5319,6.81,14:34,173,123.4
5320,6.81,13:49,174,123.4
5321,6.81,13:58,174,123.4
5322,6.81,13:49,173,124.0
5323,6.81,13:08,174,124.0
5324,6.81,12:32,173,124.0
5325,6.82,12:32,174,124.0
5326,6.82,13:01,174,124.7
5327,6.82,13:32,173,124.7
5328,6.82,14:07,174,125.3
5329,6.82,14:44,173,125.3
5330,6.82,15:14,174,125.3
5331,6.82,15:04,174,126.0
5332,6.82,14:54,174,126.0
5333,6.82,15:14,174,126.0
5334,6.82,15:46,173,126.0
5335,6.83,15:46,174,126.0
5336,6.83,14:44,174,126.0
5337,6.83,13:49,173,126.0
5338,6.83,12:39,173,126.0
5339,6.83,11:39,173,126.0
5340,6.83,11:10,173,126.6
5341,6.83,11:33,172,126.6
5342,6.84,11:58,173,127.3
5343,6.84,13:08,173,127.3
5344,6.84,14:34,172,128.0
5345,6.84,15:24,173,128.0
5346,6.84,15:57,173,128.0
5347,6.84,15:57,172,128.0
5348,6.84,16:09,172,128.0
5349,6.84,15:14,173,127.3
5350,6.84,13:49,172,127.3
5351,6.85,13:01,173,127.3
5352,6.85,13:01,173,127.3
5353,6.85,11:52,172,127.3
5354,6.85,11:27,172,127.3
5355,6.85,12:04,173,126.6
5356,6.85,12:39,173,126.6
5357,6.85,11:58,173,126.6
5358,6.86,12:39,173,126.0
5359,6.86,13:24,172,126.0
5360,6.86,13:49,172,125.3
5361,6.86,13:24,173,125.3
5362,6.86,14:16,172,124.7
5363,6.86,14:16,172,124.7
5364,6.86,14:25,173,124.0
5365,6.86,14:25,173,124.0
5366,6.86,15:14,173,123.4
5367,6.87,14:54,173,122.7
5368,6.87,14:44,173,122.7
5369,6.87,14:34,173,122.0
5370,6.87,14:34,171,122.0
5371,6.87,13:41,172,121.4
5372,6.87,13:41,172,121.4
5373,6.87,13:41,171,120.7
5374,6.87,12:53,171,120.7
5375,6.88,12:18,172,120.1
5376,6.88,12:25,171,120.1
5377,6.88,12:53,170,119.4
5378,6.88,12:46,170,119.4
5379,6.88,13:24,171,119.4
5380,6.88,13:32,172,119.4
5381,6.88,13:16,170,119.4
5382,6.88,12:39,171,118.8
5383,6.89,12:39,171,118.8
5384,6.89,12:18,171,118.8
5385,6.89,12:25,170,118.8
5386,6.89,13:01,169,118.8
5387,6.89,13:58,169,118.8
5388,6.89,14:07,171,118.8
5389,6.89,15:04,170,118.8
5390,6.89,15:35,169,118.8
5391,6.9,14:54,170,118.8
5392,6.9,14:34,170,118.8
5393,6.9,15:24,169,118.8
5394,6.9,14:54,170,118.1
5395,6.9,13:49,170,118.1
5396,6.9,14:07,170,118.1
5397,6.9,13:41,170,118.1
5398,6.9,12:39,170,118.1
5399,6.91,12:39,170,118.1
5400,6.91,13:58,170,118.1
5401,6.91,14:07,169,117.5
5402,6.91,14:07,168,117.5
5403,6.91,14:54,168,116.8
5404,6.91,17:25,168,116.8
5405,6.91,17:11,169,117.5
5406,6.91,17:38,169,117.5
5407,6.91,17:52,168,117.5
5408,6.91,18:07,168,117.5
5409,6.92,15:35,169,117.5
5410,6.92,15:04,168,118.1
5411,6.92,14:44,169,117.5
5412,6.92,14:16,169,117.5
5413,6.92,14:07,168,117.5
5414,6.92,13:16,168,117.5
5415,6.92,13:08,168,117.5
5416,6.92,12:18,169,117.5
5417,6.93,12:18,169,117.5
5418,6.93,12:18,167,116.8
5419,6.93,13:08,169,116.8
5420,6.93,13:08,169,116.8
5421,6.93,14:07,168,116.8
5422,6.93,14:25,168,116.8
5423,6.93,13:32,168,116.8
5424,6.93,12:53,169,116.8
5425,6.94,12:25,169,116.8
5426,6.94,12:46,168,116.8
5427,6.94,12:32,167,116.8
5428,6.94,13:49,168,116.8
5429,6.94,14:34,168,116.8
5430,6.94,15:57,168,116.8
5431,6.94,15:57,168,117.5
5432,6.94,16:45,168,117.5
5433,6.94,17:25,168,117.5
5434,6.95,17:11,169,117.5
5435,6.95,16:21,168,116.8
5436,6.95,15:35,168,116.8
5437,6.95,15:35,168,116.8
5438,6.95,13:58,168,116.8
5439,6.95,13:08,169,116.8
5440,6.95,12:39,169,116.8
5441,6.95,12:25,168,116.8
5442,6.96,12:04,167,116.8
5443,6.96,11:58,167,116.8
5444,6.96,12:39,168,116.8
5445,6.96,12:53,168,116.8
5446,6.96,12:53,167,116.8
5447,6.96,13:41,166,116.8
5448,6.96,14:34,167,116.8
5449,6.96,14:44,167,116.8
5450,6.96,14:54,166,116.8
5451,6.97,15:04,167,116.8
5452,6.97,14:34,167,116.8
5453,6.97,14:44,168,116.8
5454,6.97,14:25,165,116.8
5455,6.97,15:24,165,116.8
5456,6.97,15:46,164,116.1
5457,6.97,16:58,164,116.1
5458,6.97,16:45,164,116.1
5459,6.97,16:45,165,116.1
5460,6.98,16:21,165,116.1
5461,6.98,17:38,164,116.1
5462,6.98,17:11,164,116.1
5463,6.98,16:09,164,116.1
5464,6.98,15:35,165,116.1
5465,6.98,14:54,165,116.1
5466,6.98,13:49,164,116.1
5467,6.98,12:53,163,115.5
5468,6.98,13:24,164,115.5
5469,6.99,13:32,165,115.5
5470,6.99,13:41,165,115.5
5471,6.99,13:24,165,115.5
5472,6.99,13:49,164,115.5
5473,6.99,13:49,164,115.5
5474,6.99,14:16,163,115.5
5475,6.99,14:07,165,115.5
5476,6.99,14:34,165,115.5
5477,7.0,14:25,164,115.5
5478,7.0,14:07,165,115.5
5479,7.0,13:41,165,115.5
5480,7.0,14:07,166,115.5
5481,7.0,13:41,166,115.5
5482,7.0,14:07,166,115.5
5483,7.0,15:04,165,115.5
5484,7.0,15:46,165,115.5
5485,7.0,15:57,166,115.5
5486,7.0,17:38,166,115.5
5487,7.01,17:38,167,115.5
5488,7.01,16:33,166,115.5
5489,7.01,15:57,166,115.5
5490,7.01,15:35,166,115.5
5491,7.01,14:54,167,115.5
5492,7.01,13:58,168,115.5
5493,7.01,13:32,167,115.5
5494,7.01,13:16,167,115.5
5495,7.02,12:53,167,115.5
5496,7.02,12:18,169,115.5
5497,7.02,12:32,169,115.5
5498,7.02,12:32,168,115.5
5499,7.02,13:01,168,115.5
5500,7.02,13:49,169,115.5
5501,7.02,14:44,168,115.5
5502,7.02,14:34,168,115.5
5503,7.03,15:04,168,115.5
5504,7.03,14:34,168,115.5
5505,7.03,14:16,169,115.5
5506,7.03,14:07,169,115.5
5507,7.03,14:16,170,114.8
5508,7.03,13:24,170,114.8
5509,7.03,13:16,169,114.8
5510,7.03,13:08,169,114.8
5511,7.04,12:46,171,114.8
5512,7.04,12:39,171,114.8
5513,7.04,13:08,169,114.8
5514,7.04,12:53,170,114.2
5515,7.04,12:11,171,114.2
5516,7.04,12:18,170,114.2
5517,7.04,12:25,170,114.2
5518,7.04,12:18,170,114.2
5519,7.05,12:46,172,114.2
5520,7.05,13:01,171,114.2
5521,7.05,13:08,170,113.5
5522,7.05,13:01,172,114.2
5523,7.05,13:01,171,114.2
5524,7.05,13:08,170,114.2
5525,7.05,13:08,172,113.5
5526,7.05,13:08,172,113.5
5527,7.06,13:08,171,113.5
5528,7.06,13:32,171,113.5
5529,7.06,13:24,172,114.2
5530,7.06,14:07,172,114.2
5531,7.06,14:54,172,114.2
5532,7.06,15:04,172,114.2
5533,7.06,14:54,171,114.2
5534,7.06,15:14,171,114.2
5535,7.06,15:24,173,114.2
5536,7.07,14:16,171,113.5
5537,7.07,14:25,171,113.5
5538,7.07,14:34,171,113.5
5539,7.07,14:34,170,113.5
5540,7.07,14:44,170,113.5
5541,7.07,14:54,171,113.5
5542,7.07,15:24,170,113.5
5543,7.07,15:35,170,113.5
5544,7.08,15:24,170,112.9
5545,7.08,15:14,170,112.9
5546,7.08,15:35,169,112.9
5547,7.08,14:44,170,112.9
5548,7.08,14:25,170,112.9
5549,7.08,14:25,170,112.2
5550,7.08,13:41,170,112.2
5551,7.08,13:16,170,112.2
5552,7.08,13:49,169,112.2
5553,7.09,14:25,168,112.2
5554,7.09,13:49,168,111.5
5555,7.09,13:58,169,111.5
5556,7.09,14:07,169,111.5
5557,7.09,13:58,168,111.5
5558,7.09,13:41,168,111.5
5559,7.09,13:49,169,111.5
5560,7.09,12:53,168,111.5
5561,7.1,12:53,168,111.5
5562,7.1,12:53,168,111.5
5563,7.1,12:46,168,111.5
5564,7.1,13:01,167,111.5
5565,7.1,14:07,168,111.5
5566,7.1,14:34,168,111.5
5567,7.1,14:34,167,110.9
5568,7.1,15:04,166,110.9
5569,7.1,16:09,166,110.9
5570,7.11,16:33,167,110.9
5571,7.11,16:45,167,110.9
5572,7.11,17:11,166,110.9
5573,7.11,16:58,167,110.9
5574,7.11,15:24,168,110.2
5575,7.11,15:14,167,110.2
5576,7.11,15:24,168,110.2
5577,7.11,14:54,168,109.6
5578,7.11,14:16,168,109.6
5579,7.12,14:16,168,109.6
5580,7.12,14:54,169,108.9
5581,7.12,14:34,168,108.9
5582,7.12,14:44,168,108.9
5583,7.12,14:44,168,108.9
5584,7.12,15:46,169,108.3
5585,7.12,15:14,168,108.3
5586,7.12,14:54,168,107.6
5587,7.12,14:34,169,107.0
5588,7.13,15:14,168,106.3
5589,7.13,14:54,168,106.3
5590,7.13,14:16,168,105.6
5591,7.13,13:49,168,105.0
5592,7.13,13:58,169,105.0
5593,7.13,13:41,168,104.3
5594,7.13,13:32,167,104.3
5595,7.13,14:25,167,103.7
5596,7.13,15:14,167,103.7
5597,7.14,15:35,166,103.0
5598,7.14,15:35,167,103.0
5599,7.14,15:46,168,102.4
5600,7.14,15:24,167,102.4
5601,7.14,15:14,167,102.4
5602,7.14,14:34,165,101.7
5603,7.14,14:25,165,101.7
5604,7.14,13:49,164,101.0
5605,7.15,13:01,164,100.4
5606,7.15,12:32,164,100.4
5607,7.15,12:32,163,99.7
5608,7.15,12:25,163,99.7
5609,7.15,12:46,163,99.7
5610,7.15,13:49,162,99.1
5611,7.15,14:54,162,99.1
5612,7.15,16:45,161,99.1
5613,7.15,17:52,162,99.1
5614,7.15,19:26,162,99.7
5615,7.16,17:52,163,99.7
5616,7.16,17:52,163,99.1
5617,7.16,16:45,163,99.1
5618,7.16,16:09,164,99.1
5619,7.16,16:09,164,99.1
5620,7.16,16:21,163,99.1
5621,7.16,15:24,163,98.4
5622,7.16,14:34,163,98.4
5623,7.17,14:25,163,98.4
5624,7.17,13:24,162,98.4
5625,7.17,13:08,163,97.8
5626,7.17,12:53,163,97.8
5627,7.17,13:16,163,97.8
5628,7.17,13:41,163,97.8
5629,7.17,14:07,163,97.8
5630,7.17,16:33,163,97.8
5631,7.17,17:11,164,97.8
5632,7.17,17:25,164,97.8
5633,7.18,17:11,165,98.4
5634,7.18,16:09,165,98.4
5635,7.18,14:54,166,98.4
5636,7.18,14:07,166,99.1
5637,7.18,14:16,166,99.1
5638,7.18,14:34,166,99.7
5639,7.18,15:57,167,100.4
5640,7.18,15:35,167,100.4
5641,7.18,17:11,168,101.0
5642,7.19,16:33,168,101.7
5643,7.19,14:07,168,101.7
5644,7.19,13:24,168,102.4
5645,7.19,13:24,168,102.4
5646,7.19,12:46,168,102.4
5647,7.19,12:32,168,102.4
5648,7.19,14:16,167,102.4
5649,7.19,14:34,167,102.4
5650,7.2,14:16,169,102.4
5651,7.2,14:54,168,102.4
5652,7.2,15:24,168,101.7
5653,7.2,15:14,168,101.7
5654,7.2,15:04,168,101.7
5655,7.2,16:09,169,101.7
5656,7.2,15:35,169,101.7
5657,7.2,15:04,169,101.0
5658,7.2,14:54,169,101.0
5659,7.21,14:44,169,101.0
5660,7.21,13:32,169,101.0
5661,7.21,13:58,169,101.0
5662,7.21,14:54,169,101.0
5663,7.21,14:54,170,101.0
5664,7.21,14:25,169,100.4
5665,7.21,15:04,168,100.4
5666,7.21,15:14,169,100.4
5667,7.21,15:14,170,100.4
5668,7.22,14:44,169,100.4
5669,7.22,16:09,168,100.4
5670,7.22,16:45,169,100.4
5671,7.22,15:14,169,100.4
5672,7.22,13:49,169,100.4
5673,7.22,13:24,168,100.4
5674,7.22,12:32,168,100.4
5675,7.22,11:52,169,99.7
5676,7.23,12:39,168,99.7
5677,7.23,13:24,167,99.7
5678,7.23,14:16,167,99.1
5679,7.23,14:44,167,99.1
5680,7.23,14:25,169,99.7
5681,7.23,14:16,169,99.7
5682,7.23,13:49,168,99.7
5683,7.23,13:49,168,99.7
5684,7.23,14:16,169,99.7
5685,7.24,14:44,169,100.4
5686,7.24,15:04,169,100.4
5687,7.24,15:46,168,100.4
5688,7.24,14:54,168,100.4
5689,7.24,14:07,170,100.4
5690,7.24,14:16,170,100.4
5691,7.24,14:07,169,100.4
5692,7.24,13:58,168,100.4
5693,7.25,14:44,169,100.4
5694,7.25,15:04,169,100.4
5695,7.25,14:44,170,100.4
5696,7.25,15:24,170,100.4
5697,7.25,15:46,170,100.4
5698,7.25,16:09,169,100.4
5699,7.25,16:21,169,100.4
5700,7.25,15:57,170,100.4
5701,7.25,15:14,170,100.4
5702,7.25,15:04,170,100.4
5703,7.26,15:14,169,101.0
5704,7.26,15:35,168,101.0
5705,7.26,16:09,168,101.0
5706,7.26,15:46,168,101.0
5707,7.26,15:24,169,101.0
5708,7.26,15:14,167,100.4
5709,7.26,14:44,167,101.0
5710,7.26,14:44,167,101.0
5711,7.26,15:04,167,101.0
5712,7.27,15:14,168,101.0
5713,7.27,14:25,167,101.7
5714,7.27,14:44,167,101.7
5715,7.27,15:35,166,101.7
5716,7.27,15:35,168,101.7
5717,7.27,15:04,168,102.4
5718,7.27,15:35,166,103.0
5719,7.27,14:44,166,103.7
5720,7.27,14:16,166,103.7
5721,7.28,14:34,168,104.3
5722,7.28,15:14,168,104.3
5723,7.28,15:24,167,105.0
5724,7.28,16:21,167,105.6
5725,7.28,16:33,169,106.3
5726,7.28,15:57,169,107.0
5727,7.28,15:57,169,107.0
5728,7.28,15:46,167,107.0
5729,7.28,16:21,168,107.0
5730,7.29,15:14,169,107.0
5731,7.29,15:24,168,107.6
5732,7.29,18:22,168,107.6
5733,7.29,19:43,168,107.6
5734,7.29,17:52,168,107.6
5735,7.29,19:09,168,107.0
5736,7.29,19:09,168,107.0
5737,7.29,14:54,168,106.3
5738,7.29,12:53,168,106.3
5739,7.29,13:41,168,106.3
5740,7.3,13:58,168,106.3
5741,7.3,13:58,169,105.6
5742,7.3,14:54,169,105.6
5743,7.3,17:25,169,105.0
5744,7.3,16:58,169,104.3
5745,7.3,16:33,169,103.7
5746,7.3,16:21,169,103.0
5747,7.3,16:21,168,102.4
5748,7.3,15:57,168,101.7
5749,7.3,16:09,168,101.0
5750,7.31,15:35,168,101.0
5751,7.31,15:24,169,100.4
5752,7.31,14:54,169,100.4
5753,7.31,15:04,169,100.4
5754,7.31,14:07,169,100.4
5755,7.31,14:34,169,100.4
5756,7.31,14:25,170,100.4
5757,7.31,15:04,169,99.7
5758,7.32,14:07,169,99.7
5759,7.32,14:54,169,99.7
5760,7.32,15:14,169,99.7
5761,7.32,15:24,170,99.7
5762,7.32,14:34,169,99.7
5763,7.32,14:34,170,99.7
5764,7.32,13:41,169,99.7
5765,7.32,13:01,169,99.1
5766,7.32,12:39,169,99.1
5767,7.33,12:39,169,99.7
5768,7.33,12:39,169,99.7
5769,7.33,12:53,170,99.7
5770,7.33,13:08,171,99.7
5771,7.33,13:16,170,99.7
5772,7.33,13:24,169,99.7
5773,7.33,14:07,170,99.7
5774,7.33,13:49,170,99.7
5775,7.34,13:32,170,99.7
5776,7.34,13:58,170,99.7
5777,7.34,14:07,170,99.7
5778,7.34,13:24,170,99.7
5779,7.34,13:41,169,99.7
5780,7.34,13:41,170,99.7
5781,7.34,13:24,170,99.1
5782,7.34,13:41,170,99.1
5783,7.35,14:16,170,99.1
5784,7.35,13:58,170,99.1
5785,7.35,14:07,169,99.1
5786,7.35,14:25,170,99.1
5787,7.35,13:41,170,99.1
5788,7.35,13:24,169,99.7
5789,7.35,13:41,169,99.1
5790,7.35,13:49,170,99.1
5791,7.35,14:16,170,99.1
5792,7.36,14:25,170,99.1
5793,7.36,14:25,171,99.1
5794,7.36,14:16,170,99.1
5795,7.36,13:41,169,99.7
5796,7.36,12:46,169,99.7
5797,7.36,12:32,170,99.7
5798,7.36,12:25,171,99.7
5799,7.37,12:39,170,99.7
5800,7.37,13:08,170,99.7
5801,7.37,13:16,170,99.7
5802,7.37,13:24,172,99.7
5803,7.37,13:16,170,99.7
5804,7.37,12:53,170,99.7
5805,7.37,12:32,170,99.1
5806,7.37,12:25,170,99.1
5807,7.38,12:46,171,99.1
5808,7.38,13:16,170,98.4
5809,7.38,13:01,170,98.4
5810,7.38,13:08,171,98.4
5811,7.38,13:16,171,98.4
5812,7.38,13:01,171,98.4
5813,7.38,12:32,171,98.4
5814,7.38,12:25,171,97.8
5815,7.39,12:18,171,97.8
5816,7.39,11:58,172,97.1
5817,7.39,12:32,172,96.5
5818,7.39,12:11,173,96.5
5819,7.39,13:58,173,95.8
5820,7.39,14:44,173,95.1
5821,7.39,15:46,172,94.5
5822,7.39,15:46,171,93.8
5823,7.4,16:09,171,93.2
5824,7.4,13:58,173,92.5
5825,7.4,13:16,172,91.9
5826,7.4,12:04,172,91.9
5827,7.4,10:28,172,91.2
5828,7.4,9:00,172,91.2
5829,7.41,9:03,172,90.6
5830,7.41,8:39,172,90.6
5831,7.41,8:52,173,90.6
5832,7.41,9:07,173,91.2
5833,7.41,10:33,173,91.2
5834,7.41,10:28,173,91.2
5835,7.42,10:43,174,91.9
5836,7.42,10:54,174,91.9
5837,7.42,11:45,173,91.9
5838,7.42,12:04,173,91.9
5839,7.42,11:58,175,91.9
5840,7.42,12:04,173,91.9
5841,7.42,11:39,173,91.9
5842,7.43,11:39,173,91.9
5843,7.43,11:10,174,91.9
5844,7.43,11:16,173,91.9
5845,7.43,11:33,175,92.5
5846,7.43,12:04,175,92.5
5847,7.43,11:58,175,92.5
5848,7.43,12:39,174,93.2
5849,7.43,13:16,176,93.8
5850,7.44,12:53,175,93.8
5851,7.44,13:08,174,93.8
5852,7.44,13:01,176,94.5
5853,7.44,12:53,175,94.5
5854,7.44,12:46,176,95.1
5855,7.44,12:53,177,95.1
5856,7.44,12:39,176,95.1
5857,7.44,13:08,177,95.8
5858,7.45,13:01,177,95.8
5859,7.45,13:16,175,95.8
5860,7.45,13:41,176,95.8
5861,7.45,13:24,177,95.8
5862,7.45,12:46,176,95.8
5863,7.45,13:08,177,95.8
5864,7.45,12:46,178,95.8
5865,7.46,12:25,176,96.5
5866,7.46,13:01,178,96.5
5867,7.46,13:16,178,97.1
5868,7.46,13:08,178,97.1
5869,7.46,13:32,178,97.1
5870,7.46,13:49,179,97.1
5871,7.46,12:53,178,97.1
5872,7.46,13:01,178,97.1
5873,7.47,13:08,179,97.1
5874,7.47,13:01,178,97.1
5875,7.47,13:24,178,97.1
5876,7.47,14:07,179,97.1
5877,7.47,13:41,178,97.1
5878,7.47,13:16,179,97.1
5879,7.47,13:16,178,97.1
5880,7.47,12:32,178,97.1
5881,7.48,12:18,178,97.1
5882,7.48,12:32,178,97.1
5883,7.48,12:18,179,97.1
5884,7.48,11:45,178,97.1
5885,7.48,12:04,178,97.1
5886,7.48,12:25,178,97.1
5887,7.48,11:27,177,97.1
5888,7.49,11:16,178,96.5
5889,7.49,11:27,178,96.5
5890,7.49,11:39,178,96.5
5891,7.49,10:38,179,95.8
5892,7.49,11:27,179,95.8
5893,7.49,12:11,179,95.8
5894,7.49,12:11,177,96.5
5895,7.5,11:27,177,96.5
5896,7.5,12:11,179,97.1
5897,7.5,12:25,178,97.1
5898,7.5,12:11,178,97.1
5899,7.5,12:46,178,96.5
5900,7.5,13:24,178,96.5
5901,7.5,13:24,177,96.5
5902,7.5,13:01,178,97.1
5903,7.51,13:58,177,97.1
5904,7.51,13:49,179,97.1
5905,7.51,14:16,179,97.1
5906,7.51,15:04,178,97.1
5907,7.51,15:46,177,96.5
5908,7.51,13:58,178,96.5
5909,7.51,13:08,178,96.5
5910,7.51,12:04,177,95.8
5911,7.52,11:52,178,95.8
