elapsed_seconds,distance_miles,pace_per_mile,heartrate,altitude_ft
0,0.0,,73,179.1
1,0.0,13:24,70,179.1
2,0.0,11:39,71,178.5
3,0.0,11:39,71,179.1
4,0.01,11:17,71,179.1
5,0.01,11:27,71,179.1
6,0.01,11:05,72,179.8
7,0.01,11:05,72,179.8
8,0.01,10:54,72,179.8
9,0.01,10:59,73,179.1
10,0.01,10:48,74,179.1
11,0.02,10:54,75,179.1
12,0.02,10:59,76,179.1
13,0.02,11:21,78,178.5
14,0.02,12:25,81,178.5
15,0.02,12:53,84,178.5
16,0.02,13:16,88,178.5
17,0.02,13:49,92,178.5
18,0.03,13:16,95,179.1
19,0.03,12:11,100,179.8
20,0.03,11:39,102,179.8
21,0.03,11:21,105,179.8
22,0.03,11:16,108,179.8
23,0.03,11:21,110,179.8
24,0.03,11:21,112,179.1
25,0.04,11:33,114,179.1
26,0.04,11:27,115,179.1
27,0.04,11:33,117,179.1
28,0.04,11:16,118,179.1
29,0.04,11:45,119,179.1
30,0.04,11:52,120,179.8
31,0.04,11:45,119,179.8
32,0.05,11:33,120,180.4
33,0.05,12:25,121,180.4
34,0.05,11:58,121,180.4
35,0.05,11:52,122,181.1
36,0.05,11:52,122,180.4
37,0.05,11:52,122,180.4
38,0.05,11:39,123,180.4
39,0.06,11:33,123,179.8
40,0.06,11:58,124,179.8
41,0.06,11:52,124,179.8
42,0.06,11:45,124,180.4
43,0.06,11:21,124,180.4
44,0.06,11:21,125,181.1
45,0.06,11:33,126,181.1
46,0.07,11:05,127,181.1
47,0.07,10:18,127,181.1
48,0.07,9:38,128,180.4
49,0.07,9:38,128,180.4
50,0.07,9:07,128,179.8
51,0.07,9:18,129,179.8
52,0.08,10:00,129,179.8
53,0.08,11:27,128,179.8
54,0.08,12:11,128,180.4
55,0.08,13:08,129,180.4
56,0.08,14:34,129,180.4
57,0.08,14:44,129,180.4
58,0.08,14:16,129,180.4
59,0.08,13:58,129,180.4
60,0.09,13:24,129,180.4
61,0.09,12:53,129,180.4
62,0.09,13:24,130,180.4
63,0.09,12:46,130,180.4
64,0.09,12:46,130,180.4
65,0.09,12:39,130,180.4
66,0.09,12:32,130,180.4
67,0.1,12:11,130,180.4
68,0.1,12:04,131,180.4
69,0.1,11:27,131,180.4
70,0.1,11:21,129,180.4
71,0.1,11:27,129,180.4
72,0.1,11:27,129,179.8
73,0.1,11:27,129,179.8
74,0.11,11:58,129,179.8
75,0.11,12:46,129,179.8
76,0.11,14:16,129,179.8
77,0.11,15:04,129,179.8
78,0.11,16:21,129,179.1
79,0.11,16:09,128,179.1
80,0.11,14:25,129,179.1
81,0.11,13:01,131,178.5
82,0.11,12:25,131,178.5
83,0.12,11:16,131,178.5
84,0.12,10:59,132,179.1
85,0.12,11:39,132,179.1
86,0.12,11:05,132,179.1
87,0.12,10:38,132,179.8
88,0.12,10:59,133,179.1
89,0.13,11:16,134,179.1
90,0.13,10:59,134,179.1
91,0.13,11:27,134,179.1
92,0.13,11:52,135,179.1
93,0.13,11:45,135,178.5
94,0.13,11:33,135,178.5
95,0.13,11:27,135,178.5
96,0.14,11:27,135,178.5
97,0.14,11:10,135,177.8
98,0.14,11:33,135,177.8
99,0.14,11:27,135,177.2
100,0.14,11:45,135,177.2
101,0.14,11:39,135,176.5
102,0.14,12:11,136,176.5
103,0.15,12:11,135,176.5
104,0.15,12:46,135,175.9
105,0.15,12:53,135,175.9
106,0.15,12:53,136,175.9
107,0.15,12:32,135,175.2
108,0.15,12:32,135,175.2
109,0.15,12:04,135,175.9
110,0.15,11:27,135,175.9
111,0.16,11:33,135,175.2
112,0.16,11:33,135,175.2
113,0.16,11:33,134,175.2
114,0.16,11:05,134,175.2
115,0.16,11:33,135,175.9
116,0.16,11:27,135,175.9
117,0.16,11:45,135,175.9
118,0.17,12:04,135,175.9
119,0.17,12:32,135,175.9
120,0.17,12:39,135,175.9
121,0.17,13:01,135,175.9
122,0.17,13:08,135,175.9
123,0.17,13:08,136,175.9
124,0.17,13:01,136,175.9
125,0.18,12:25,136,175.9
126,0.18,12:11,136,175.9
127,0.18,11:39,136,175.9
128,0.18,11:33,137,175.9
129,0.18,11:52,136,175.9
130,0.18,12:04,136,175.9
131,0.18,12:32,136,175.9
132,0.18,12:46,136,175.9
133,0.19,12:18,137,175.9
134,0.19,12:18,136,175.9
135,0.19,12:18,136,175.9
136,0.19,12:11,136,175.9
137,0.19,11:52,135,175.9
138,0.19,11:45,136,175.9
139,0.2,10:48,136,175.9
140,0.2,10:38,136,176.5
141,0.2,10:14,137,176.5
142,0.2,10:18,137,176.5
143,0.2,10:38,136,177.2
144,0.2,11:33,136,177.2
145,0.2,11:58,136,177.2
146,0.2,12:25,137,177.2
147,0.21,13:16,136,177.2
148,0.21,14:16,136,177.2
149,0.21,15:04,136,177.8
150,0.21,14:44,136,177.8
151,0.21,14:44,137,177.8
152,0.21,13:32,137,177.8
153,0.21,12:25,137,177.8
154,0.21,12:04,137,177.8
155,0.22,11:58,136,177.8
156,0.22,11:52,136,177.8
157,0.22,12:39,136,177.2
158,0.22,12:32,137,177.2
159,0.22,12:04,136,177.2
160,0.22,11:58,137,177.2
161,0.22,12:11,137,177.2
162,0.23,12:11,136,177.8
163,0.23,12:39,136,177.8
164,0.23,13:16,137,177.8
165,0.23,13:58,137,177.8
166,0.23,14:07,137,177.8
167,0.23,14:16,137,177.8
168,0.23,14:25,137,177.8
169,0.23,13:58,137,177.8
170,0.24,13:41,137,177.8
171,0.24,12:53,137,177.8
172,0.24,12:18,137,177.8
173,0.24,12:11,137,177.8
174,0.24,12:18,137,177.8
175,0.24,12:18,137,177.2
176,0.24,12:25,137,177.2
177,0.24,12:18,137,177.8
178,0.25,11:39,138,177.8
179,0.25,10:43,137,177.2
180,0.25,10:38,137,177.2
181,0.25,10:14,137,177.2
182,0.25,9:51,137,177.2
183,0.25,10:00,137,177.2
184,0.26,10:59,137,177.2
185,0.26,10:59,137,177.8
186,0.26,11:10,137,177.8
187,0.26,11:16,137,177.8
188,0.26,12:04,138,178.5
189,0.26,11:33,138,178.5
190,0.26,11:33,138,178.5
191,0.27,12:11,138,178.5
192,0.27,12:53,138,178.5
193,0.27,12:32,137,178.5
194,0.27,12:32,136,179.1
195,0.27,12:46,137,179.1
196,0.27,12:53,137,179.8
197,0.27,12:32,136,179.8
198,0.27,12:53,136,179.8
199,0.28,13:49,135,179.8
260,0.28,558:48,77,175.9
261,0.28,487:40,85,175.2
262,0.28,339:31,85,174.5
263,0.28,253:02,85,174.5
264,0.28,188:53,91,173.9
265,0.28,13:16,96,173.9
266,0.28,12:46,98,173.9
267,0.29,11:52,99,173.9
268,0.29,11:16,100,174.5
269,0.29,11:21,102,175.2
270,0.29,11:58,102,176.5
271,0.29,12:46,103,177.2
272,0.29,13:08,103,178.5
273,0.29,13:24,103,178.5
274,0.3,13:49,103,178.5
275,0.3,12:39,104,177.8
276,0.3,11:45,106,177.8
277,0.3,12:04,106,177.2
278,0.3,11:39,107,177.8
279,0.3,11:27,109,178.5
280,0.3,11:05,111,179.1
281,0.31,11:27,112,179.8
282,0.31,11:21,114,179.8
283,0.31,11:45,115,179.8
284,0.31,11:27,116,179.8
285,0.31,11:45,117,179.1
286,0.31,11:52,118,179.1
287,0.31,11:39,120,179.1
288,0.31,12:11,120,179.1
289,0.32,12:53,120,178.5
290,0.32,13:32,120,178.5
291,0.32,13:49,120,178.5
292,0.32,14:07,121,178.5
293,0.32,13:24,122,178.5
294,0.32,12:53,122,178.5
295,0.32,12:53,123,178.5
296,0.33,12:39,123,178.5
297,0.33,12:25,124,179.1
298,0.33,12:46,125,179.8
299,0.33,12:25,125,179.8
300,0.33,12:25,126,180.4
301,0.33,12:39,126,180.4
302,0.33,12:53,127,181.1
303,0.33,12:39,128,181.1
304,0.34,13:41,128,181.1
305,0.34,13:41,128,181.8
306,0.34,12:53,128,181.8
307,0.34,12:25,128,181.8
308,0.34,12:39,128,181.1
309,0.34,12:25,128,181.1
310,0.34,12:39,128,180.4
311,0.34,13:24,129,180.4
312,0.35,13:08,129,180.4
313,0.35,13:16,129,179.8
314,0.35,12:32,129,179.8
315,0.35,12:04,130,179.8
316,0.35,11:21,130,179.8
317,0.35,11:45,131,179.8
318,0.35,10:59,131,179.1
319,0.36,11:05,132,179.1
320,0.36,11:05,133,179.1
321,0.36,11:16,133,178.5
322,0.36,10:18,134,178.5
323,0.36,10:43,134,179.1
324,0.36,10:38,133,179.8
325,0.37,10:33,133,180.4
326,0.37,10:18,133,180.4
327,0.37,11:33,133,181.1
328,0.37,11:16,132,181.1
329,0.37,11:39,132,181.1
330,0.37,12:11,132,181.8
331,0.37,13:08,132,181.1
332,0.37,13:08,131,181.1
333,0.38,13:41,131,181.1
334,0.38,14:34,132,180.4
335,0.38,14:34,132,180.4
336,0.38,13:58,132,180.4
337,0.38,13:32,132,180.4
338,0.38,12:53,132,180.4
339,0.38,12:04,133,181.1
340,0.39,11:27,133,181.1
341,0.39,11:10,133,181.1
342,0.39,11:16,133,181.1
343,0.39,11:33,133,181.1
344,0.39,12:11,133,181.1
345,0.39,12:25,132,181.1
346,0.39,12:53,133,181.1
347,0.4,11:58,133,181.8
348,0.4,12:25,133,181.8
349,0.4,12:04,133,181.1
350,0.4,11:45,133,181.1
351,0.4,11:52,133,181.1
352,0.4,12:32,133,180.4
353,0.4,12:18,133,180.4
354,0.4,12:18,133,180.4
355,0.41,12:25,133,180.4
356,0.41,12:25,133,179.8
357,0.41,12:11,133,179.8
358,0.41,11:58,134,179.8
359,0.41,11:45,134,179.8
360,0.41,12:18,134,179.8
361,0.41,12:25,135,179.8
362,0.42,12:32,135,179.8
363,0.42,12:25,134,179.8
364,0.42,12:11,134,179.8
365,0.42,11:58,134,179.8
366,0.42,11:52,133,179.8
367,0.42,11:45,134,179.1
368,0.42,11:52,134,179.1
369,0.43,11:52,135,179.1
370,0.43,11:39,135,179.1
371,0.43,12:18,135,178.5
372,0.43,12:32,135,178.5
373,0.43,13:24,135,178.5
374,0.43,13:58,135,178.5
375,0.43,14:16,135,178.5
376,0.43,13:49,135,178.5
377,0.43,14:16,135,178.5
378,0.44,13:16,135,178.5
379,0.44,13:01,136,178.5
380,0.44,12:39,135,178.5
381,0.44,12:32,135,177.8
382,0.44,12:32,135,177.8
383,0.44,12:11,135,177.8
384,0.44,12:11,135,177.8
385,0.45,12:53,135,177.8
386,0.45,12:25,134,177.8
387,0.45,12:11,134,177.8
388,0.45,12:53,134,177.8
389,0.45,12:39,133,177.8
390,0.45,12:32,133,177.8
391,0.45,12:32,133,177.8
392,0.46,11:52,132,177.2
393,0.46,11:16,133,177.2
394,0.46,11:27,133,177.2
395,0.46,10:38,133,177.2
396,0.46,10:33,134,177.2
397,0.46,10:54,135,177.2
398,0.46,11:05,135,177.2
399,0.47,11:10,135,177.2
400,0.47,12:11,133,177.2
401,0.47,12:46,134,177.2
402,0.47,13:01,133,177.2
403,0.47,12:18,133,177.2
404,0.47,11:33,133,177.2
405,0.47,11:33,134,177.2
406,0.48,11:16,134,176.5
407,0.48,11:27,134,175.9
408,0.48,12:04,133,175.9
409,0.48,12:32,133,175.9
410,0.48,11:58,133,175.2
411,0.48,11:21,133,175.2
412,0.48,10:59,132,175.2
413,0.49,10:48,132,175.2
414,0.49,11:05,133,175.2
415,0.49,11:21,133,175.2
416,0.49,12:18,133,175.2
417,0.49,13:01,132,175.2
418,0.49,12:53,132,175.2
419,0.49,12:39,132,175.2
420,0.5,12:18,132,175.2
421,0.5,11:52,132,175.2
422,0.5,11:33,131,175.9
423,0.5,12:11,132,175.9
424,0.5,12:32,131,175.9
425,0.5,12:46,132,175.9
426,0.5,12:46,132,176.5
427,0.5,12:46,131,176.5
428,0.51,12:25,132,175.9
429,0.51,12:25,132,175.9
430,0.51,12:32,132,175.9
431,0.51,13:01,133,175.9
432,0.51,13:08,133,175.9
433,0.51,13:49,134,175.9
434,0.51,13:58,134,175.9
435,0.51,14:07,134,175.9
436,0.52,13:24,134,175.9
437,0.52,13:24,134,175.2
438,0.52,13:01,133,175.2
439,0.52,12:39,133,174.5
440,0.52,12:25,133,173.9
441,0.52,12:32,133,173.9
442,0.52,12:32,133,174.5
443,0.52,12:32,133,174.5
444,0.53,12:11,134,175.2
445,0.53,11:58,134,175.9
446,0.53,11:58,134,175.9
447,0.53,11:45,133,175.9
448,0.53,11:45,134,176.5
449,0.53,12:18,134,176.5
450,0.53,12:53,133,175.9
451,0.54,12:46,133,175.9
452,0.54,13:01,133,175.9
453,0.54,12:53,133,175.9
454,0.54,12:46,133,175.9
455,0.54,13:08,133,175.2
456,0.54,13:16,134,175.2
457,0.54,13:01,134,175.2
458,0.54,13:16,133,175.2
459,0.55,13:32,133,175.2
460,0.55,13:24,133,175.2
461,0.55,13:49,131,175.2
462,0.55,13:58,131,175.2
463,0.55,13:41,131,175.2
464,0.55,13:24,131,175.2
465,0.55,13:08,131,175.2
466,0.55,13:08,132,175.2
467,0.56,13:24,132,175.2
468,0.56,13:41,132,175.2
469,0.56,13:49,132,174.5
470,0.56,13:08,132,174.5
471,0.56,12:39,132,174.5
472,0.56,12:11,132,174.5
473,0.56,12:11,132,174.5
474,0.56,12:18,132,174.5
475,0.57,12:25,132,174.5
476,0.57,13:01,132,174.5
477,0.57,12:46,132,174.5
478,0.57,13:01,132,174.5
479,0.57,12:39,132,174.5
480,0.57,12:25,132,174.5
481,0.57,11:39,132,174.5
482,0.58,12:18,132,174.5
483,0.58,12:25,132,174.5
484,0.58,12:32,132,175.2
485,0.58,13:32,132,175.2
486,0.58,14:07,132,175.9
487,0.58,13:41,132,175.9
488,0.58,13:16,130,175.9
489,0.58,13:01,130,175.9
490,0.59,12:39,130,175.2
491,0.59,12:32,130,174.5
492,0.59,12:25,130,173.9
493,0.59,12:32,130,173.2
494,0.59,13:16,129,172.6
495,0.59,13:32,130,172.6
496,0.59,13:58,130,172.6
497,0.59,14:07,131,172.6
498,0.6,13:49,131,172.6
499,0.6,12:53,132,171.9
500,0.6,13:08,133,171.9
501,0.6,12:18,132,172.6
502,0.6,11:52,132,172.6
503,0.6,11:16,132,172.6
504,0.6,11:39,131,172.6
505,0.61,10:54,131,171.9
506,0.61,11:05,131,171.9
507,0.61,11:05,131,171.3
508,0.61,11:27,132,171.3
509,0.61,11:05,133,171.3
510,0.61,11:21,133,170.6
511,0.61,11:27,134,170.6
512,0.62,11:27,134,170.6
513,0.62,11:33,133,170.6
514,0.62,11:21,133,170.6
515,0.62,11:21,133,170.6
516,0.62,11:33,132,169.9
517,0.62,11:58,132,169.9
518,0.62,12:25,131,169.9
519,0.63,12:53,130,169.3
520,0.63,12:53,127,169.3
521,0.63,13:24,126,168.6
522,0.63,13:32,126,168.6
523,0.63,13:32,126,168.6
524,0.63,13:41,126,168.0
525,0.63,13:49,126,168.0
526,0.63,13:24,126,168.0
527,0.64,13:08,126,167.3
528,0.64,13:24,127,167.3
529,0.64,13:49,126,167.3
530,0.64,14:25,120,167.3
531,0.64,14:25,117,166.7
532,0.64,15:24,111,166.7
533,0.64,14:44,111,166.7
534,0.64,15:04,111,166.7
535,0.64,14:44,111,166.0
536,0.65,14:07,112,166.0
537,0.65,13:58,113,166.0
538,0.65,14:07,116,166.0
539,0.65,13:32,117,166.0
540,0.65,13:01,121,165.4
541,0.65,13:24,121,165.4
542,0.65,13:49,124,165.4
543,0.65,13:08,126,165.4
544,0.66,12:18,134,165.4
545,0.66,12:11,136,165.4
546,0.66,12:04,136,165.4
547,0.66,11:27,136,164.7
548,0.66,10:48,136,164.7
549,0.66,11:27,136,164.7
550,0.66,11:52,136,164.7
551,0.67,11:58,136,164.7
552,0.67,11:45,136,164.0
553,0.67,12:32,136,164.0
554,0.67,12:39,136,164.0
555,0.67,12:18,136,164.0
556,0.67,11:52,135,164.0
557,0.67,11:58,135,163.4
558,0.68,12:04,134,163.4
559,0.68,12:11,134,163.4
560,0.68,12:32,133,162.7
561,0.68,13:41,133,162.7
562,0.68,14:16,132,162.1
563,0.68,14:25,130,161.4
564,0.68,13:58,129,161.4
565,0.68,13:58,129,160.8
566,0.69,13:24,129,160.1
567,0.69,13:01,129,159.4
568,0.69,14:07,128,159.4
569,0.69,13:58,128,158.8
570,0.69,14:07,128,158.8
571,0.69,14:16,128,158.1
572,0.69,14:07,128,157.5
573,0.69,12:53,127,156.8
574,0.7,12:46,127,156.8
575,0.7,11:58,127,156.8
576,0.7,11:33,127,156.8
577,0.7,11:45,127,156.8
578,0.7,11:52,126,156.8
579,0.7,12:25,126,156.2
580,0.7,13:16,126,155.5
581,0.7,13:58,125,155.5
582,0.71,13:32,125,154.9
583,0.71,13:49,125,154.9
584,0.71,13:08,126,154.9
585,0.71,12:53,127,154.9
586,0.71,12:25,127,154.9
587,0.71,12:18,128,154.9
588,0.71,11:52,129,154.9
589,0.72,11:52,129,154.9
590,0.72,11:45,130,154.9
591,0.72,11:39,131,155.5
592,0.72,11:45,132,154.9
593,0.72,12:04,131,154.9
594,0.72,12:04,131,154.2
595,0.72,12:11,131,154.2
596,0.73,12:25,130,153.5
597,0.73,12:25,131,153.5
598,0.73,12:32,131,152.9
599,0.73,12:53,130,152.2
600,0.73,12:46,131,151.6
601,0.73,12:46,131,151.6
602,0.73,13:16,130,150.9
603,0.73,13:16,129,150.3
604,0.74,13:08,129,150.3
605,0.74,13:16,128,149.6
606,0.74,13:32,128,149.0
607,0.74,13:08,127,149.0
608,0.74,12:53,126,148.3
609,0.74,12:46,125,147.6
610,0.74,12:46,125,147.6
611,0.74,12:39,125,147.0
612,0.75,12:25,126,146.3
613,0.75,12:25,126,146.3
614,0.75,12:32,125,145.7
615,0.75,12:46,125,145.0
616,0.75,12:25,126,144.4
617,0.75,12:39,126,144.4
618,0.75,12:39,126,143.7
619,0.76,12:39,126,143.7
620,0.76,12:46,126,143.0
621,0.76,13:01,125,142.4
622,0.76,13:08,125,141.7
623,0.76,12:46,124,141.7
624,0.76,12:46,124,141.1
625,0.76,12:18,123,140.4
626,0.76,12:04,123,139.1
627,0.77,12:18,123,139.1
628,0.77,12:39,121,139.1
629,0.77,12:32,122,138.5
630,0.77,12:11,123,138.5
631,0.77,12:25,122,138.5
632,0.77,12:11,122,137.8
633,0.77,11:58,122,137.1
634,0.78,11:58,122,136.5
635,0.78,11:39,123,136.5
636,0.78,11:27,123,135.8
637,0.78,11:21,124,135.8
638,0.78,11:45,125,135.8
639,0.78,11:52,125,135.8
640,0.78,12:11,126,135.2
641,0.79,12:25,126,135.2
642,0.79,12:18,126,134.5
643,0.79,11:52,126,133.9
644,0.79,11:58,125,133.9
645,0.79,12:18,125,133.2
646,0.79,12:25,125,132.5
647,0.79,12:39,125,131.9
648,0.79,12:46,125,131.2
649,0.8,12:39,126,130.6
650,0.8,12:53,126,130.6
651,0.8,12:32,127,130.6
652,0.8,12:18,128,129.9
653,0.8,12:11,128,129.9
654,0.8,12:04,126,129.9
655,0.8,11:58,126,129.9
656,0.81,12:04,126,129.3
657,0.81,12:25,126,129.3
658,0.81,12:46,126,129.3
659,0.81,13:16,125,128.6
660,0.81,12:46,126,128.6
661,0.81,12:39,126,128.6
662,0.81,12:32,127,128.6
663,0.81,13:08,127,128.0
664,0.82,12:25,127,128.0
665,0.82,12:53,126,128.0
666,0.82,13:32,125,128.0
667,0.82,13:24,125,128.0
668,0.82,12:39,126,128.0
669,0.82,12:46,126,128.0
670,0.82,12:32,126,128.0
671,0.83,11:52,126,128.0
672,0.83,11:58,126,128.0
673,0.83,12:46,126,127.3
674,0.83,12:53,126,127.3
675,0.83,12:46,126,128.0
676,0.83,13:08,126,128.6
677,0.83,13:01,127,129.3
678,0.83,12:39,126,130.6
679,0.84,12:46,126,130.6
680,0.84,13:16,126,129.9
681,0.84,13:41,126,128.6
682,0.84,13:41,126,127.3
683,0.84,12:53,127,126.0
684,0.84,12:46,127,125.3
685,0.84,12:04,127,125.3
686,0.84,11:33,128,126.0
687,0.85,11:45,128,126.0
688,0.85,11:39,128,126.6
689,0.85,11:58,128,127.3
690,0.85,12:46,128,127.3
691,0.85,13:24,129,127.3
692,0.85,13:16,130,127.3
693,0.85,12:53,130,128.0
694,0.86,12:46,131,128.0
695,0.86,12:11,131,127.3
696,0.86,11:39,130,128.0
697,0.86,11:33,129,128.0
698,0.86,11:58,129,127.3
699,0.86,11:58,130,128.0
700,0.86,12:25,130,128.0
701,0.86,12:32,131,128.0
702,0.87,12:46,132,128.0
703,0.87,13:24,133,128.6
704,0.87,13:08,134,128.6
705,0.87,12:53,134,128.6
706,0.87,13:16,134,128.6
707,0.87,13:16,134,129.3
708,0.87,13:01,134,129.3
709,0.87,13:08,134,129.3
710,0.88,13:32,134,129.9
711,0.88,13:24,133,130.6
712,0.88,13:01,133,130.6
713,0.88,13:24,134,130.6
714,0.88,13:16,134,130.6
715,0.88,13:08,134,129.9
716,0.88,13:16,134,129.9
717,0.88,13:08,134,129.9
718,0.89,12:39,134,130.6
719,0.89,13:08,134,130.6
720,0.89,12:46,134,131.2
721,0.89,13:16,133,131.9
722,0.89,13:41,133,131.2
723,0.89,13:49,134,131.2
724,0.89,14:07,133,131.2
725,0.89,14:25,133,131.9
726,0.9,13:16,133,131.9
727,0.9,13:01,133,131.9
728,0.9,12:46,134,131.9
729,0.9,12:25,134,131.2
730,0.9,12:39,134,131.2
731,0.9,13:01,134,130.6
732,0.9,13:08,134,129.9
733,0.9,13:58,134,129.9
734,0.91,13:41,134,129.9
735,0.91,13:49,134,129.3
736,0.91,13:16,135,129.3
737,0.91,12:46,134,129.3
738,0.91,11:58,134,129.3
739,0.91,11:45,134,128.6
740,0.91,11:27,134,128.6
741,0.92,12:04,134,128.6
742,0.92,12:25,134,128.0
743,0.92,12:11,135,128.0
744,0.92,12:18,136,128.0
745,0.92,12:18,135,128.0
746,0.92,11:52,135,128.6
747,0.92,11:39,134,128.6
748,0.93,12:11,133,128.6
749,0.93,12:18,132,128.0
750,0.93,12:39,132,128.0
751,0.93,13:08,133,127.3
752,0.93,14:16,133,126.6
753,0.93,14:54,133,126.6
754,0.93,14:25,134,126.6
755,0.93,13:49,134,126.6
756,0.94,13:16,134,126.6
757,0.94,12:18,134,126.6
758,0.94,11:58,134,126.0
759,0.94,11:58,134,126.0
760,0.94,11:52,134,125.3
761,0.94,12:32,134,125.3
762,0.94,12:53,134,124.7
763,0.94,13:01,133,124.7
764,0.95,13:41,134,124.0
765,0.95,13:49,135,124.0
766,0.95,13:24,135,124.0
767,0.95,13:24,134,124.0
768,0.95,12:53,133,124.0
769,0.95,13:08,132,124.0
770,0.95,12:53,132,124.0
771,0.95,12:46,132,124.0
772,0.96,13:01,131,123.4
773,0.96,12:46,132,123.4
774,0.96,12:25,133,122.7
775,0.96,12:39,133,122.7
776,0.96,12:25,133,122.7
777,0.96,12:04,133,122.0
778,0.96,12:46,134,121.4
779,0.97,12:46,134,121.4
780,0.97,13:16,134,121.4
781,0.97,14:07,134,121.4
782,0.97,14:25,134,121.4
783,0.97,14:16,134,121.4
784,0.97,13:16,133,122.0
785,0.97,12:25,133,122.0
786,0.97,12:11,133,122.0
787,0.98,12:25,132,122.0
788,0.98,12:32,132,122.0
789,0.98,13:01,132,121.4
790,0.98,13:16,132,120.7
791,0.98,13:16,132,120.7
792,0.98,13:01,131,120.1
793,0.98,11:39,131,120.1
794,0.98,11:45,131,120.1
795,0.99,11:27,131,120.1
796,0.99,11:10,131,120.7
797,0.99,10:59,131,120.7
798,0.99,11:39,132,120.7
799,0.99,11:39,132,120.7
800,0.99,12:25,131,120.7
801,0.99,12:11,131,120.7
802,1.0,13:01,131,120.7
803,1.0,13:49,132,120.7
804,1.0,13:32,133,120.7
805,1.0,13:16,134,120.7
806,1.0,13:58,133,120.7
807,1.0,13:01,133,120.7
808,1.0,12:18,134,120.7
809,1.0,13:08,134,120.1
810,1.01,13:08,133,120.1
811,1.01,13:08,133,120.1
812,1.01,12:53,132,120.1
813,1.01,13:01,132,119.4
814,1.01,12:32,132,119.4
815,1.01,12:11,132,119.4
816,1.01,12:11,132,119.4
817,1.02,11:52,132,118.8
818,1.02,11:52,132,118.8
819,1.02,11:27,132,118.8
820,1.02,11:52,131,118.8
821,1.02,11:33,130,118.1
822,1.02,12:11,131,118.1
823,1.02,12:18,131,118.1
824,1.03,12:32,131,118.1
825,1.03,12:11,131,118.1
826,1.03,11:52,131,117.5
827,1.03,11:58,131,117.5
828,1.03,12:04,132,117.5
829,1.03,11:58,132,117.5
830,1.03,12:25,133,117.5
831,1.03,12:53,133,117.5
832,1.04,12:46,133,117.5
833,1.04,12:46,133,117.5
834,1.04,13:01,133,117.5
835,1.04,12:39,133,117.5
836,1.04,12:39,132,117.5
837,1.04,12:32,132,117.5
838,1.04,12:39,133,117.5
839,1.04,13:01,133,117.5
840,1.05,13:24,133,117.5
841,1.05,13:41,133,116.8
842,1.05,13:58,134,116.8
843,1.05,13:49,134,116.8
844,1.05,13:41,135,116.8
845,1.05,13:32,134,116.1
846,1.05,12:53,134,116.1
847,1.06,12:11,134,116.1
848,1.06,11:27,134,115.5
849,1.06,10:59,133,114.8
850,1.06,10:38,133,114.8
851,1.06,10:33,133,114.8
852,1.06,10:48,133,114.8
853,1.06,11:21,132,114.2
854,1.07,11:21,132,114.2
855,1.07,11:16,132,114.2
856,1.07,11:58,132,114.2
857,1.07,12:32,133,113.5
858,1.07,13:24,133,113.5
859,1.07,13:01,133,113.5
860,1.07,13:41,132,113.5
861,1.07,12:46,132,113.5
862,1.08,12:04,132,113.5
863,1.08,11:10,131,113.5
864,1.08,11:10,131,113.5
865,1.08,11:10,132,113.5
866,1.08,11:58,132,113.5
867,1.08,12:32,132,113.5
868,1.08,12:53,132,113.5
869,1.09,14:44,132,113.5
870,1.09,14:44,131,113.5
871,1.09,14:34,131,113.5
872,1.09,14:16,132,113.5
873,1.09,14:07,132,113.5
874,1.09,13:58,132,113.5
875,1.09,13:16,132,112.9
876,1.09,12:25,131,112.9
877,1.1,12:11,131,112.9
878,1.1,11:45,131,112.9
879,1.1,11:33,130,112.9
880,1.1,11:27,130,112.9
881,1.1,11:33,130,113.5
882,1.1,11:52,130,113.5
883,1.1,11:52,130,113.5
884,1.11,11:39,130,113.5
885,1.11,12:11,129,113.5
886,1.11,12:39,129,113.5
887,1.11,13:01,129,113.5
888,1.11,13:41,129,112.9
889,1.11,13:58,128,112.9
890,1.11,13:58,129,112.9
891,1.11,14:44,129,112.9
892,1.11,14:25,127,112.9
893,1.12,15:14,128,112.9
894,1.12,14:16,128,112.9
895,1.12,13:58,128,112.9
896,1.12,13:32,129,112.9
897,1.12,14:16,129,113.5
898,1.12,13:58,129,113.5
899,1.12,14:44,129,113.5
900,1.12,14:54,129,113.5
901,1.13,14:44,129,113.5
902,1.13,13:16,129,113.5
903,1.13,12:32,130,113.5
904,1.13,12:32,130,113.5
905,1.13,12:11,131,112.9
906,1.13,12:04,131,112.9
907,1.13,12:18,131,112.9
908,1.14,12:18,131,112.9
909,1.14,11:58,132,112.9
910,1.14,11:45,132,112.9
911,1.14,11:58,131,113.5
912,1.14,12:11,131,113.5
913,1.14,12:39,132,113.5
914,1.14,13:08,132,113.5
915,1.14,14:25,132,113.5
916,1.15,13:49,133,112.9
917,1.15,13:32,133,112.9
918,1.15,13:32,133,112.9
919,1.15,13:16,133,113.5
920,1.15,12:53,132,113.5
921,1.15,13:08,132,113.5
922,1.15,13:32,131,113.5
923,1.15,13:24,131,113.5
924,1.16,13:24,131,112.9
925,1.16,13:24,131,112.9
926,1.16,13:32,130,112.2
927,1.16,13:08,129,112.2
928,1.16,13:08,130,112.2
929,1.16,13:08,132,112.2
930,1.16,13:16,131,112.9
931,1.16,13:08,134,112.9
932,1.17,13:58,134,112.9
933,1.17,13:41,135,112.9
934,1.17,14:07,135,112.9
935,1.17,13:58,135,112.2
936,1.17,13:49,136,112.2
937,1.17,12:46,136,112.2
938,1.17,12:46,136,112.2
939,1.17,12:11,136,112.2
940,1.18,12:18,136,112.2
941,1.18,12:25,136,112.2
942,1.18,12:46,137,112.2
943,1.18,12:53,137,112.9
944,1.18,12:32,137,112.2
945,1.18,12:04,137,112.2
946,1.18,12:11,137,112.2
947,1.19,11:45,137,112.2
948,1.19,11:52,138,112.2
949,1.19,12:25,137,112.2
950,1.19,13:01,137,112.2
951,1.19,12:53,138,112.2
952,1.19,13:24,136,112.2
953,1.19,13:16,136,112.2
954,1.19,13:24,136,112.2
955,1.2,12:39,135,111.5
956,1.2,12:18,135,111.5
957,1.2,12:04,135,111.5
958,1.2,12:04,134,111.5
959,1.2,12:11,133,111.5
960,1.2,12:39,133,111.5
961,1.2,13:08,131,111.5
962,1.2,13:32,131,111.5
963,1.21,13:58,131,111.5
964,1.21,13:32,131,111.5
965,1.21,13:08,132,111.5
966,1.21,12:53,132,111.5
967,1.21,12:53,132,110.9
968,1.21,13:08,132,110.9
969,1.21,13:08,132,110.9
970,1.21,13:32,132,110.2
971,1.22,13:49,131,110.2
972,1.22,13:49,131,110.2
973,1.22,13:08,131,110.2
974,1.22,12:39,132,110.2
975,1.22,12:39,131,110.2
976,1.22,12:53,131,110.2
977,1.22,13:01,131,110.2
978,1.22,13:24,131,110.2
979,1.23,14:07,130,110.2
980,1.23,13:58,130,110.2
981,1.23,12:46,131,109.6
982,1.23,12:11,132,109.6
983,1.23,11:52,131,109.6
984,1.23,11:39,132,109.6
985,1.23,11:10,133,109.6
986,1.24,11:33,133,109.6
987,1.24,11:21,133,109.6
988,1.24,11:27,133,109.6
989,1.24,11:27,132,109.6
990,1.24,11:58,132,109.6
991,1.24,12:04,132,108.9
992,1.24,12:53,132,108.9
993,1.25,13:16,133,108.9
994,1.25,13:41,133,108.9
995,1.25,13:58,133,108.9
996,1.25,14:34,133,108.9
997,1.25,14:16,133,108.9
998,1.25,13:08,133,108.9
999,1.25,12:46,133,108.9
1000,1.25,12:32,132,108.9
1001,1.26,12:18,132,108.3
1002,1.26,12:46,131,108.3
1003,1.26,13:32,131,108.3
1004,1.26,13:24,131,108.3
1005,1.26,12:53,131,108.3
1006,1.26,12:18,130,108.3
1007,1.26,11:52,130,108.3
1008,1.26,11:52,129,108.3
1009,1.27,11:39,129,108.3
1010,1.27,11:58,129,108.3
1011,1.27,12:04,130,108.3
1012,1.27,12:18,131,108.3
1013,1.27,12:25,130,108.3
1014,1.27,12:39,130,108.3
1015,1.27,12:53,130,108.3
1016,1.28,13:01,131,108.3
1017,1.28,12:46,131,108.3
1018,1.28,12:39,131,108.3
1019,1.28,12:32,131,108.3
1020,1.28,12:18,131,108.3
1021,1.28,12:39,130,107.6
1022,1.28,12:25,130,107.6
1023,1.28,12:25,130,107.6
1024,1.29,12:25,130,107.6
1025,1.29,12:46,130,107.6
1026,1.29,12:39,130,107.6
1027,1.29,12:53,130,107.6
1028,1.29,13:08,130,107.6
1029,1.29,14:07,130,107.6
1030,1.29,13:41,131,107.6
1031,1.29,13:41,130,107.6
1032,1.3,13:58,130,107.6
1033,1.3,14:16,132,107.6
1034,1.3,14:07,130,107.6
1035,1.3,14:25,131,107.6
1036,1.3,14:07,130,107.6
1037,1.3,13:32,131,107.6
1038,1.3,12:53,132,107.6
1039,1.3,12:25,130,107.6
1040,1.31,12:25,130,107.6
1041,1.31,12:46,132,107.6
1042,1.31,13:01,131,107.6
1043,1.31,13:16,132,107.6
1044,1.31,13:41,131,107.6
1045,1.31,13:16,131,107.6
1046,1.31,12:53,132,107.6
1047,1.32,13:01,131,107.0
1048,1.32,12:53,131,107.0
1049,1.32,12:11,132,107.0
1050,1.32,12:11,132,107.0
1051,1.32,12:18,131,107.0
1052,1.32,12:04,131,107.0
1053,1.32,12:32,131,107.0
1054,1.32,13:41,131,107.0
1055,1.32,14:44,131,106.3
1056,1.33,15:24,132,106.3
1057,1.33,15:57,133,106.3
1058,1.33,13:49,132,105.6
1059,1.33,13:01,131,105.6
1060,1.33,11:21,131,105.6
1061,1.33,10:59,132,105.6
1062,1.33,10:48,132,105.0
1063,1.34,11:33,132,105.0
1064,1.34,11:52,132,105.0
1065,1.34,13:16,131,105.0
1066,1.34,13:24,129,105.0
1067,1.34,13:32,129,105.0
1068,1.34,13:49,130,105.0
1069,1.34,13:32,130,105.0
1070,1.34,13:08,129,105.0
1071,1.35,13:01,129,105.0
1072,1.35,12:53,130,105.0
1073,1.35,12:53,131,105.0
1074,1.35,13:08,132,105.0
1075,1.35,13:08,132,105.0
1076,1.35,12:46,132,105.6
1077,1.35,12:39,132,105.6
1078,1.36,12:32,132,105.0
1079,1.36,11:27,132,105.0
1080,1.36,11:27,132,105.0
1081,1.36,11:39,131,105.0
1082,1.36,11:33,132,105.0
1083,1.36,11:27,133,105.6
1084,1.36,12:18,133,105.6
1085,1.37,12:32,133,105.6
1086,1.37,13:01,133,105.0
1087,1.37,13:32,133,105.6
1088,1.37,13:16,133,105.6
1089,1.37,13:32,133,105.6
1090,1.37,13:49,134,105.6
1091,1.37,15:24,134,105.6
1092,1.37,15:35,134,106.3
1093,1.37,15:57,135,106.3
1094,1.38,15:14,135,106.3
1095,1.38,14:54,134,106.3
1096,1.38,13:08,134,106.3
1097,1.38,12:32,133,106.3
1098,1.38,12:25,133,106.3
1099,1.38,11:52,132,106.3
1100,1.38,11:27,132,106.3
1101,1.39,11:21,132,106.3
1102,1.39,12:04,132,106.3
1103,1.39,12:39,132,106.3
1104,1.39,13:32,132,106.3
1105,1.39,14:34,131,106.3
1106,1.39,15:14,131,106.3
1107,1.39,14:16,131,106.3
1108,1.39,13:32,132,106.3
1109,1.39,13:32,133,106.3
1110,1.4,13:08,133,105.6
1111,1.4,12:32,134,105.6
1112,1.4,12:32,133,105.6
1113,1.4,12:25,133,105.6
1114,1.4,12:11,133,105.6
1115,1.4,12:04,133,105.6
1116,1.4,11:45,133,105.6
1117,1.41,11:58,133,105.6
1118,1.41,12:11,133,105.0
1119,1.41,12:04,133,105.0
1120,1.41,12:39,133,105.0
1121,1.41,13:58,133,105.0
1122,1.41,14:25,134,105.0
1123,1.41,14:25,134,105.0
1124,1.41,14:34,133,105.0
1125,1.42,14:07,134,105.0
1126,1.42,13:58,133,105.0
1127,1.42,13:49,133,104.3
1128,1.42,14:34,133,104.3
1129,1.42,15:04,133,104.3
1130,1.42,15:35,133,103.7
1131,1.42,14:54,132,103.7
1132,1.42,14:25,134,104.3
1133,1.42,13:49,134,104.3
1134,1.43,14:25,133,103.7
1135,1.43,13:58,133,103.7
1136,1.43,13:01,133,103.7
1137,1.43,13:32,136,103.7
1138,1.43,13:32,136,104.3
1139,1.43,12:46,136,104.3
1140,1.43,12:39,134,104.3
1141,1.43,13:58,133,104.3
1142,1.44,13:08,133,103.7
1143,1.44,13:08,133,103.7
1144,1.44,14:07,134,103.7
1145,1.44,14:07,134,103.7
1146,1.44,13:41,134,103.7
1147,1.44,14:07,134,103.7
1148,1.44,14:07,134,103.7
1149,1.44,13:08,134,103.7
1150,1.45,13:01,134,103.7
1151,1.45,13:16,134,103.7
1152,1.45,13:08,132,103.7
1153,1.45,13:08,133,103.7
1154,1.45,13:16,131,103.7
1155,1.45,13:41,132,103.7
1156,1.45,13:32,132,103.7
1157,1.45,14:07,133,103.7
1158,1.46,13:16,131,104.3
1159,1.46,13:08,132,104.3
1160,1.46,12:18,132,104.3
1161,1.46,11:33,131,104.3
1162,1.46,11:10,132,104.3
1163,1.46,11:45,132,103.7
1164,1.46,11:45,132,104.3
1165,1.47,12:11,132,104.3
1166,1.47,12:25,132,103.7
1167,1.47,12:04,131,103.7
1168,1.47,11:33,130,103.0
1169,1.47,11:21,131,102.4
1170,1.47,11:33,131,102.4
1171,1.47,11:39,131,102.4
1172,1.48,12:04,132,102.4
1173,1.48,13:01,132,102.4
1174,1.48,13:41,133,102.4
1175,1.48,13:16,134,101.7
1176,1.48,13:32,135,101.7
1177,1.48,13:24,136,101.7
1178,1.48,13:01,136,101.7
1179,1.48,12:53,137,101.7
1180,1.49,12:53,137,101.7
1181,1.49,12:53,138,101.7
1182,1.49,12:11,137,101.0
1183,1.49,12:11,138,101.0
1184,1.49,12:11,138,101.0
1185,1.49,12:46,137,101.0
1186,1.49,13:01,138,101.0
1187,1.49,13:24,138,101.0
1188,1.5,13:32,137,101.0
1189,1.5,13:41,137,101.7
1190,1.5,13:08,137,101.7
1191,1.5,12:25,137,101.0
1192,1.5,12:25,137,101.0
1193,1.5,12:11,137,100.4
1194,1.5,11:58,136,100.4
1195,1.51,12:04,136,99.7
1196,1.51,12:25,136,99.7
1197,1.51,13:16,137,99.7
1198,1.51,14:16,137,99.7
1199,1.51,14:44,138,99.7
1200,1.51,15:14,138,99.7
1201,1.51,15:04,139,100.4
1202,1.51,14:34,139,100.4
1203,1.51,13:41,140,100.4
1204,1.52,12:11,140,100.4
1205,1.52,11:52,140,99.7
1206,1.52,12:39,140,99.7
1207,1.52,12:32,140,99.7
1208,1.52,12:32,139,99.7
1209,1.52,13:24,139,99.7
1210,1.52,13:58,138,99.1
1211,1.52,13:58,138,99.1
1212,1.53,13:49,138,99.1
1213,1.53,13:49,137,99.1
1214,1.53,13:58,137,99.1
1215,1.53,12:25,137,99.1
1216,1.53,11:45,137,99.7
1217,1.53,11:52,137,99.7
1218,1.53,11:27,137,99.1
1219,1.54,11:52,137,99.1
1220,1.54,13:32,137,98.4
1221,1.54,13:24,137,97.8
1222,1.54,13:49,138,97.1
1223,1.54,14:34,138,97.1
1224,1.54,14:07,139,97.1
1225,1.54,13:24,138,97.1
1226,1.54,13:58,138,97.1
1227,1.55,13:24,138,97.1
1228,1.55,13:16,137,96.5
1229,1.55,12:46,137,96.5
1230,1.55,12:39,136,95.8
1231,1.55,12:25,135,95.8
1232,1.55,12:39,134,95.8
1233,1.55,13:01,134,95.8
1234,1.55,14:07,134,95.1
1235,1.55,14:25,134,95.1
1236,1.56,15:35,134,95.1
1237,1.56,15:46,134,95.1
1238,1.56,15:04,133,95.1
1239,1.56,14:16,133,94.5
1240,1.56,13:16,132,94.5
1241,1.56,13:16,131,94.5
1242,1.56,13:24,132,93.8
1243,1.56,13:41,132,93.8
1244,1.57,13:41,132,93.8
1245,1.57,14:25,132,93.8
1246,1.57,13:24,132,93.8
1247,1.57,13:24,132,93.8
1248,1.57,11:58,132,93.8
1249,1.57,11:58,132,93.8
1250,1.57,12:04,132,93.8
1251,1.58,11:45,132,93.8
1252,1.58,11:52,131,94.5
1253,1.58,13:16,131,94.5
1254,1.58,12:32,131,94.5
1255,1.58,12:53,131,95.1
1256,1.58,14:07,130,95.1
1257,1.58,13:41,131,95.8
1258,1.58,13:41,131,95.8
1259,1.58,15:24,130,95.8
1260,1.59,16:33,129,95.8
1261,1.59,16:09,129,95.1
1262,1.59,14:44,129,95.1
1263,1.59,14:07,130,95.1
1264,1.59,13:41,129,95.8
1265,1.59,12:53,129,96.5
1266,1.59,11:52,130,96.5
1267,1.59,12:53,131,97.1
1268,1.6,13:41,130,97.1
1269,1.6,13:49,130,97.1
1270,1.6,13:08,131,97.1
1271,1.6,13:49,131,97.1
1272,1.6,13:32,131,97.8
1273,1.6,13:32,132,97.8
1274,1.6,13:16,132,98.4
1275,1.6,14:34,133,98.4
1276,1.6,15:14,133,97.8
1277,1.61,16:09,133,97.8
1278,1.61,15:24,134,97.8
1279,1.61,16:09,132,98.4
1280,1.61,14:16,133,98.4
1281,1.61,13:49,133,99.1
1282,1.61,13:24,133,99.7
1283,1.61,13:41,133,99.7
1284,1.61,13:41,134,100.4
1285,1.62,13:58,135,100.4
1286,1.62,13:41,135,101.0
1287,1.62,14:07,136,101.0
1288,1.62,13:01,135,101.0
1289,1.62,12:11,136,101.0
1290,1.62,12:11,137,101.7
1291,1.62,12:46,137,101.7
1292,1.62,12:32,137,101.7
1293,1.63,14:25,138,102.4
1294,1.63,14:54,139,102.4
1295,1.63,14:44,139,102.4
1296,1.63,14:16,139,102.4
1297,1.63,13:16,139,102.4
1298,1.63,11:45,140,103.0
1299,1.63,11:45,141,103.0
1300,1.64,11:45,141,103.0
1301,1.64,11:39,142,103.0
1302,1.64,12:11,141,103.0
1303,1.64,12:32,141,103.0
1304,1.64,12:46,142,103.0
1305,1.64,12:46,141,103.0
1306,1.64,12:46,142,103.0
1307,1.64,12:53,141,103.0
1308,1.65,12:32,141,103.0
1309,1.65,12:18,141,103.0
1310,1.65,12:39,140,102.4
1311,1.65,12:25,141,102.4
1312,1.65,12:18,141,102.4
1313,1.65,13:01,141,101.7
1314,1.65,12:39,140,101.7
1315,1.66,12:32,141,101.0
1316,1.66,13:16,141,101.0
1317,1.66,13:24,141,100.4
1318,1.66,13:24,140,100.4
1319,1.66,13:58,140,100.4
1320,1.66,13:32,140,99.7
1321,1.66,13:08,140,99.7
1322,1.66,13:08,139,99.7
1323,1.66,13:01,139,99.7
1324,1.67,13:32,138,99.7
1325,1.67,14:07,138,99.7
1326,1.67,13:32,138,99.7
1327,1.67,14:16,138,99.7
1328,1.67,14:07,139,99.7
1329,1.67,14:07,139,99.7
1330,1.67,14:07,139,99.7
1331,1.67,14:34,139,99.7
1332,1.68,13:32,138,100.4
1333,1.68,14:07,139,100.4
1334,1.68,13:41,139,100.4
1335,1.68,13:16,139,101.0
1336,1.68,13:41,139,101.0
1337,1.68,13:58,139,101.0
1338,1.68,13:41,137,101.0
1339,1.68,13:32,137,101.0
1340,1.69,13:41,137,100.4
1341,1.69,12:32,138,100.4
1342,1.69,12:11,138,100.4
1343,1.69,11:27,138,100.4
1344,1.69,11:16,138,100.4
1345,1.69,11:33,138,100.4
1346,1.69,12:04,137,100.4
1347,1.7,12:18,137,100.4
1348,1.7,13:24,137,100.4
1349,1.7,14:34,138,100.4
1350,1.7,15:04,138,101.0
1351,1.7,15:14,139,101.0
1352,1.7,14:54,139,101.0
1353,1.7,15:57,139,101.0
1354,1.7,15:57,139,101.0
1355,1.7,14:44,138,101.0
1356,1.7,15:24,137,101.0
1357,1.71,15:14,137,101.0
1358,1.71,13:32,137,101.0
1359,1.71,13:01,137,101.0
1360,1.71,13:01,137,101.0
1361,1.71,11:58,137,101.0
1362,1.71,12:04,138,101.0
1363,1.71,12:32,137,100.4
1364,1.72,11:58,137,100.4
1365,1.72,12:18,138,100.4
1366,1.72,13:16,138,100.4
1367,1.72,13:32,137,100.4
1368,1.72,13:32,137,99.7
1369,1.72,13:58,137,99.7
1370,1.72,13:24,136,99.7
1371,1.72,13:49,136,99.7
1372,1.73,14:16,136,99.7
1373,1.73,14:07,135,99.7
1374,1.73,13:41,135,99.7
1375,1.73,13:58,135,99.7
1376,1.73,12:53,136,99.7
1377,1.73,12:25,135,99.7
1378,1.73,12:25,135,99.1
1379,1.73,12:25,135,99.1
1380,1.74,12:39,135,99.7
1381,1.74,13:01,135,99.7
1382,1.74,12:32,135,99.7
1383,1.74,12:18,136,99.7
1384,1.74,12:11,136,99.7
1385,1.74,13:41,136,99.7
1386,1.74,14:44,136,99.7
1387,1.74,15:14,136,99.7
1388,1.75,15:24,136,99.7
1389,1.75,16:21,136,99.7
1390,1.75,14:16,136,99.7
1391,1.75,13:08,136,99.7
1392,1.75,13:32,136,99.7
1393,1.75,14:44,136,99.7
1394,1.75,15:04,136,99.1
1395,1.75,14:34,136,99.1
1396,1.75,14:16,136,99.7
1397,1.76,13:32,135,99.7
1398,1.76,12:18,135,99.7
1399,1.76,11:39,136,99.7
1400,1.76,11:58,136,99.7
1401,1.76,12:32,137,100.4
1402,1.76,13:08,136,100.4
1403,1.76,13:24,137,101.0
1404,1.76,14:16,138,101.0
1405,1.77,14:25,138,101.0
1406,1.77,13:49,137,101.7
1407,1.77,13:24,137,101.7
1408,1.77,13:24,137,101.7
1409,1.77,13:32,138,101.7
1410,1.77,13:49,138,102.4
1411,1.77,14:07,138,102.4
1412,1.77,14:34,138,102.4
1413,1.78,14:34,138,102.4
1414,1.78,14:07,138,103.0
1415,1.78,13:58,139,103.0
1416,1.78,13:58,139,102.4
1417,1.78,13:32,139,102.4
1418,1.78,14:07,138,102.4
1419,1.78,13:58,138,102.4
1420,1.78,13:49,138,102.4
1421,1.79,14:16,138,102.4
1422,1.79,14:25,138,102.4
1423,1.79,13:41,138,102.4
1424,1.79,12:46,138,102.4
1425,1.79,12:04,138,103.0
1426,1.79,11:58,139,103.0
1427,1.79,12:04,139,103.0
1428,1.79,13:01,140,103.7
1429,1.8,14:07,139,103.7
1430,1.8,14:44,139,103.7
1431,1.8,15:04,139,103.0
1432,1.8,15:14,139,103.0
1433,1.8,14:54,139,103.0
1434,1.8,15:14,138,102.4
1435,1.8,14:54,138,102.4
1436,1.8,13:41,138,102.4
1437,1.81,13:16,138,102.4
1438,1.81,12:25,139,102.4
1439,1.81,11:45,139,102.4
1440,1.81,11:45,139,102.4
1441,1.81,12:04,139,102.4
1442,1.81,12:32,139,102.4
1443,1.81,12:46,139,102.4
1444,1.81,13:01,140,102.4
1445,1.82,13:01,140,102.4
1446,1.82,13:32,139,102.4
1447,1.82,13:41,139,102.4
1448,1.82,13:24,139,102.4
1449,1.82,13:01,139,102.4
1450,1.82,12:53,139,102.4
1451,1.82,12:32,139,102.4
1452,1.82,11:52,139,102.4
1453,1.83,11:58,139,102.4
1454,1.83,12:18,139,103.0
1455,1.83,12:32,138,103.0
1456,1.83,12:04,138,103.0
1457,1.83,12:18,138,103.0
1458,1.83,12:25,138,103.0
1459,1.83,12:46,138,103.0
1460,1.84,13:16,138,103.7
1461,1.84,12:46,138,103.7
1462,1.84,13:01,137,103.7
1463,1.84,13:24,137,103.7
1464,1.84,13:32,136,103.7
1465,1.84,12:53,135,103.7
1466,1.84,14:16,134,103.7
1467,1.84,13:49,133,104.3
1468,1.85,12:53,133,104.3
1469,1.85,12:53,132,105.0
1470,1.85,13:16,132,105.0
1471,1.85,13:08,132,105.0
1472,1.85,13:41,132,105.0
1473,1.85,13:49,132,105.0
1474,1.85,12:53,133,105.0
1475,1.85,12:46,134,104.3
1476,1.86,12:39,134,104.3
1477,1.86,12:39,134,104.3
1478,1.86,12:39,134,104.3
1479,1.86,13:41,135,104.3
1480,1.86,12:46,134,104.3
1481,1.86,12:18,134,103.7
1482,1.86,12:25,135,103.7
1483,1.86,12:32,135,103.7
1484,1.87,12:32,135,103.7
1485,1.87,13:41,136,103.0
1486,1.87,13:58,136,103.0
1487,1.87,13:08,136,103.0
1488,1.87,13:01,136,103.0
1489,1.87,12:18,137,103.0
1490,1.87,11:52,137,103.0
1491,1.88,12:11,135,103.0
1492,1.88,12:32,135,103.0
1493,1.88,13:08,134,103.0
1494,1.88,13:49,134,103.0
1495,1.88,14:34,130,103.0
1496,1.88,14:54,128,103.7
1497,1.88,15:46,128,104.3
1498,1.88,15:46,129,104.3
1499,1.88,15:24,129,105.0
1500,1.89,15:24,129,105.6
1501,1.89,14:54,129,105.6
1502,1.89,14:25,129,106.3
1503,1.89,13:16,129,107.0
1504,1.89,12:32,129,107.0
1505,1.89,12:32,130,107.6
1506,1.89,13:16,130,108.3
1507,1.89,14:25,130,108.3
1508,1.89,16:09,130,108.9
1509,1.9,16:33,131,109.6
1510,1.9,15:04,130,110.2
1511,1.9,13:58,130,110.9
1512,1.9,13:16,130,111.5
1513,1.9,13:08,131,111.5
1514,1.9,14:07,133,112.2
1515,1.9,15:24,134,112.9
1516,1.9,16:21,136,112.9
1517,1.91,14:54,137,112.9
1518,1.91,14:34,138,113.5
1519,1.91,13:32,139,113.5
1520,1.91,13:01,141,113.5
1521,1.91,12:39,142,112.9
1522,1.91,12:46,142,112.9
1523,1.91,13:08,143,112.2
1524,1.91,13:49,144,111.5
1525,1.91,14:25,145,110.9
1526,1.92,14:44,145,110.2
1527,1.92,14:54,145,109.6
1528,1.92,13:49,146,108.9
1529,1.92,13:49,146,107.6
1530,1.92,13:32,146,107.0
1531,1.92,13:24,145,107.0
1532,1.92,12:39,145,106.3
1533,1.93,13:08,145,106.3
1534,1.93,12:11,146,106.3
1535,1.93,11:52,145,106.3
1536,1.93,11:52,145,106.3
1537,1.93,12:46,145,106.3
1538,1.93,13:08,145,106.3
1539,1.93,14:44,144,106.3
1540,1.93,15:04,144,106.3
1541,1.93,15:35,144,106.3
1542,1.94,15:35,144,106.3
1543,1.94,14:07,142,106.3
1544,1.94,13:16,142,106.3
1545,1.94,13:24,141,105.6
1546,1.94,12:53,141,105.6
1547,1.94,12:46,141,105.6
1548,1.94,13:49,141,105.6
1549,1.94,13:16,140,105.0
1550,1.95,12:39,140,105.0
1551,1.95,12:39,138,105.0
1552,1.95,12:39,138,105.6
1553,1.95,12:25,137,105.6
1554,1.95,14:25,136,105.6
1555,1.95,15:14,136,105.6
1556,1.95,14:54,136,105.6
1557,1.95,15:14,136,105.6
1558,1.96,15:24,137,105.6
1559,1.96,13:16,136,105.0
1560,1.96,13:32,135,105.6
1561,1.96,13:32,134,105.6
1562,1.96,13:08,134,105.6
1563,1.96,13:01,134,105.6
1564,1.96,13:49,135,105.6
1565,1.96,13:24,135,105.6
1566,1.97,13:16,135,105.6
1567,1.97,13:16,136,105.6
1568,1.97,13:08,136,105.6
1569,1.97,12:53,136,105.6
1570,1.97,13:16,136,105.6
1571,1.97,13:58,137,105.6
1572,1.97,14:07,136,105.6
1573,1.97,14:44,136,105.6
1574,1.98,14:44,136,105.6
1575,1.98,13:16,136,105.6
1576,1.98,12:32,137,105.6
1577,1.98,11:58,136,105.6
1578,1.98,11:33,136,105.6
1579,1.98,11:21,137,105.6
1580,1.98,11:45,136,106.3
1581,1.98,12:18,136,106.3
1582,1.99,13:01,136,106.3
1583,1.99,13:08,136,106.3
1584,1.99,13:08,137,105.6
1585,1.99,13:58,137,105.6
1586,1.99,13:32,138,105.0
1587,1.99,13:16,138,105.0
1588,1.99,12:39,139,105.0
1589,2.0,12:39,138,105.0
1590,2.0,12:18,137,105.0
1591,2.0,12:32,137,105.0
1592,2.0,12:46,137,105.0
1593,2.0,13:16,137,104.3
1594,2.0,13:32,137,104.3
1595,2.0,13:32,137,103.7
1596,2.0,13:32,138,103.7
1597,2.01,13:01,138,103.0
1598,2.01,13:01,138,102.4
1599,2.01,13:49,138,101.7
1600,2.01,14:16,138,101.0
1601,2.01,15:35,138,101.0
1602,2.01,17:25,138,100.4
1603,2.01,18:37,138,99.7
1604,2.01,19:43,139,99.7
1605,2.01,20:57,139,99.1
1606,2.01,19:26,139,99.1
1607,2.01,20:37,139,98.4
1608,2.02,13:49,139,98.4
1609,2.02,11:10,139,98.4
1610,2.02,10:18,139,98.4
1611,2.02,9:07,139,98.4
1612,2.02,8:13,139,98.4
1613,2.03,10:05,139,98.4
1614,2.03,10:43,138,98.4
1615,2.03,10:48,138,98.4
1616,2.03,12:25,139,99.1
1617,2.03,12:39,139,99.1
1618,2.03,12:11,139,99.1
1619,2.03,12:11,139,99.1
1620,2.04,12:18,139,99.7
1621,2.04,12:04,140,99.7
1622,2.04,12:39,140,99.7
1623,2.04,12:39,139,100.4
1624,2.04,13:16,138,100.4
1625,2.04,12:53,137,100.4
1626,2.04,12:46,136,100.4
1627,2.04,12:39,136,100.4
1628,2.05,13:08,134,100.4
1629,2.05,12:53,134,100.4
1630,2.05,14:16,134,100.4
1631,2.05,14:25,133,100.4
1632,2.05,14:16,134,101.0
1633,2.05,13:58,135,101.0
1634,2.05,14:34,135,101.7
1635,2.05,13:32,137,101.7
1636,2.05,13:08,138,101.7
1637,2.06,13:32,140,101.7
1638,2.06,13:24,141,102.4
1639,2.06,13:08,141,102.4
1640,2.06,13:49,141,102.4
1641,2.06,14:16,141,102.4
1642,2.06,13:16,142,103.0
1643,2.06,13:41,142,103.0
1644,2.06,13:41,141,103.7
1645,2.07,12:46,141,103.7
1646,2.07,12:39,141,103.7
1647,2.07,13:08,140,104.3
1648,2.07,13:01,141,104.3
1649,2.07,13:24,140,104.3
1650,2.07,13:49,141,105.0
1651,2.07,13:32,141,105.0
1652,2.07,13:58,141,105.0
1653,2.08,13:49,141,105.0
1654,2.08,13:16,140,105.6
1655,2.08,13:08,141,105.6
1656,2.08,13:32,142,105.6
1657,2.08,13:01,141,105.6
1658,2.08,13:32,141,105.6
1659,2.08,13:32,141,105.6
1660,2.08,13:41,141,105.6
1661,2.09,13:49,142,105.6
1662,2.09,14:16,142,105.6
1663,2.09,13:24,142,105.6
1664,2.09,13:24,143,105.6
1665,2.09,13:49,142,105.6
1666,2.09,13:24,142,105.0
1667,2.09,12:53,142,105.0
1668,2.09,13:08,142,105.0
1669,2.1,12:46,142,104.3
1670,2.1,12:04,142,104.3
1671,2.1,12:25,142,104.3
1672,2.1,13:08,142,103.7
1673,2.1,13:24,141,103.7
1674,2.1,14:16,140,103.0
1675,2.1,14:25,141,103.0
1676,2.1,14:54,142,103.0
1677,2.11,13:32,142,102.4
1678,2.11,12:53,142,102.4
1679,2.11,12:53,142,102.4
1680,2.11,13:49,142,102.4
1681,2.11,13:49,142,102.4
1682,2.11,14:44,142,102.4
1683,2.11,14:54,142,102.4
1684,2.11,14:07,142,101.7
1685,2.12,12:53,143,101.7
1686,2.12,12:25,143,101.7
1687,2.12,12:18,143,101.7
1688,2.12,12:32,144,102.4
1689,2.12,13:01,144,101.7
1690,2.12,13:32,143,101.7
1691,2.12,13:41,143,101.7
1692,2.12,13:58,143,101.7
1693,2.13,13:49,143,101.7
1694,2.13,13:08,143,101.7
1695,2.13,12:53,142,101.7
1696,2.13,11:52,142,101.7
1697,2.13,11:21,143,101.0
1698,2.13,10:59,143,101.0
1699,2.13,11:05,143,101.0
1700,2.14,11:05,142,101.0
1701,2.14,11:33,142,101.0
1702,2.14,11:58,142,101.0
1703,2.14,12:53,142,101.0
1704,2.14,13:24,143,101.0
1705,2.14,14:16,142,101.0
1706,2.14,14:16,142,101.0
1707,2.14,14:07,143,101.0
1708,2.15,13:58,143,101.0
1709,2.15,13:49,143,101.0
1710,2.15,13:32,143,101.7
1711,2.15,13:16,143,101.7
1712,2.15,13:16,143,101.7
1713,2.15,13:08,143,101.7
1714,2.15,13:08,142,101.7
1715,2.15,13:16,142,101.7
1716,2.16,14:16,142,101.7
1717,2.16,14:34,141,101.7
1718,2.16,14:34,141,101.0
1719,2.16,14:54,141,101.0
1720,2.16,14:54,141,101.0
1721,2.16,14:54,141,101.0
1722,2.16,15:14,140,101.7
1723,2.16,15:57,140,101.7
1724,2.16,15:57,139,101.7
1725,2.17,15:35,138,101.0
1726,2.17,15:24,137,101.0
1727,2.17,15:24,137,101.0
1728,2.17,14:44,137,101.0
1729,2.17,14:25,137,101.0
1730,2.17,14:07,138,101.0
1731,2.17,13:49,138,101.0
1732,2.17,13:41,138,101.0
1733,2.17,13:32,138,101.0
1734,2.18,13:49,137,101.0
1735,2.18,13:41,137,101.0
1736,2.18,13:32,137,101.0
1737,2.18,13:16,137,101.0
1738,2.18,13:16,136,101.0
1739,2.18,12:53,136,101.0
1740,2.18,12:53,136,101.0
1741,2.19,12:25,135,101.0
1742,2.19,12:04,135,101.0
1743,2.19,12:11,135,101.0
1744,2.19,12:11,135,101.0
1745,2.19,11:52,136,101.0
1746,2.19,12:25,136,101.7
1747,2.19,12:39,135,101.7
1748,2.19,12:18,135,101.7
1749,2.2,11:58,134,101.7
1750,2.2,12:04,134,101.0
1751,2.2,11:45,134,101.0
1752,2.2,11:21,134,101.0
1753,2.2,11:45,135,101.0
1754,2.2,12:18,134,101.0
1755,2.2,12:53,135,101.0
1756,2.21,13:16,136,101.0
1757,2.21,14:34,136,101.0
1758,2.21,14:16,137,101.0
1759,2.21,13:58,137,101.0
1760,2.21,13:58,137,101.0
1761,2.21,14:07,137,101.0
1762,2.21,13:32,137,101.0
1763,2.21,13:41,137,101.0
1764,2.21,13:58,137,101.0
1765,2.22,14:07,138,101.0
1766,2.22,14:16,138,101.0
1767,2.22,13:41,138,101.0
1768,2.22,13:24,138,101.0
1769,2.22,12:53,138,101.0
1770,2.22,12:25,139,101.0
1771,2.22,11:27,139,101.7
1772,2.23,11:33,139,101.7
1773,2.23,11:33,139,101.7
1774,2.23,11:58,139,101.0
1775,2.23,12:18,140,101.0
1776,2.23,12:39,140,101.0
1777,2.23,12:46,140,101.0
1778,2.23,13:08,141,101.0
1779,2.23,13:01,140,101.0
1780,2.24,12:18,140,101.0
1781,2.24,12:39,140,101.0
1782,2.24,13:01,139,101.0
1783,2.24,13:01,139,101.7
1784,2.24,12:53,139,101.7
1785,2.24,13:16,140,101.7
1786,2.24,13:16,140,101.7
1787,2.24,13:16,140,101.7
1788,2.25,13:08,141,101.7
1789,2.25,13:41,141,101.7
1790,2.25,14:07,141,102.4
1791,2.25,14:34,141,102.4
1792,2.25,14:44,141,102.4
1793,2.25,13:58,142,102.4
1794,2.25,13:01,144,103.0
1795,2.25,12:53,144,103.0
1796,2.26,12:32,143,103.0
1797,2.26,12:11,143,103.0
1798,2.26,13:01,142,103.0
1799,2.26,13:49,142,103.0
1800,2.26,14:25,142,103.7
1801,2.26,14:44,142,103.7
1802,2.26,14:34,141,103.7
1803,2.26,13:32,141,103.7
1804,2.27,13:16,141,103.7
1805,2.27,12:11,141,103.7
1806,2.27,11:45,141,103.7
1807,2.27,12:18,140,103.7
1808,2.27,12:39,140,103.7
1809,2.27,12:18,140,103.7
1810,2.27,13:01,141,104.3
1811,2.28,13:01,140,104.3
1812,2.28,12:32,140,104.3
1813,2.28,12:32,141,105.0
1814,2.28,12:39,140,105.0
1815,2.28,12:46,140,105.0
1816,2.28,13:01,140,105.0
1817,2.28,13:01,140,105.0
1818,2.28,13:01,140,105.0
1819,2.29,13:24,141,105.0
1820,2.29,13:08,142,105.0
1821,2.29,13:32,141,105.0
1822,2.29,14:07,141,105.0
1823,2.29,13:58,142,105.0
1824,2.29,14:07,141,105.0
1825,2.29,13:49,141,105.0
1826,2.29,13:08,141,105.0
1827,2.3,12:39,142,105.6
1828,2.3,12:25,142,105.6
1829,2.3,11:52,141,105.6
1830,2.3,11:58,141,105.6
1831,2.3,12:18,141,105.6
1832,2.3,12:32,141,105.6
1833,2.3,12:53,141,106.3
1834,2.3,12:53,141,106.3
1835,2.31,12:46,141,106.3
1836,2.31,12:39,141,106.3
1837,2.31,11:52,141,106.3
1838,2.31,12:18,141,106.3
1839,2.31,13:08,141,106.3
1840,2.31,13:24,141,107.0
1841,2.31,13:58,141,107.6
1842,2.31,15:24,142,108.3
1843,2.32,15:04,142,108.3
1844,2.32,14:34,142,107.6
1845,2.32,14:07,142,108.3
1846,2.32,13:24,142,108.3
1847,2.32,13:01,142,108.9
1848,2.32,12:46,143,108.9
1849,2.32,12:18,143,109.6
1850,2.32,12:46,143,110.2
1851,2.33,12:53,144,110.9
1852,2.33,13:08,143,110.9
1853,2.33,13:58,144,111.5
1854,2.33,15:24,144,112.2
1855,2.33,15:35,144,112.2
1856,2.33,15:35,144,112.9
1857,2.33,15:46,144,113.5
1858,2.33,15:04,143,113.5
1859,2.33,13:49,143,114.2
1860,2.34,13:49,143,114.8
1861,2.34,13:49,142,114.8
1862,2.34,13:49,142,114.8
1863,2.34,13:41,142,114.8
1864,2.34,14:16,142,114.8
1865,2.34,14:44,143,114.8
1866,2.34,14:34,144,114.8
1867,2.34,13:08,145,115.5
1868,2.35,12:32,145,115.5
1869,2.35,11:52,147,116.1
1870,2.35,11:10,147,116.1
1871,2.35,11:33,147,116.1
1872,2.35,11:58,148,116.1
1873,2.35,12:46,148,116.1
1874,2.35,13:01,149,115.5
1875,2.36,13:08,148,115.5
1876,2.36,12:18,148,114.8
1877,2.36,12:18,148,114.2
1878,2.36,11:39,148,114.2
1879,2.36,12:11,147,113.5
1880,2.36,12:18,147,113.5
1881,2.36,12:46,147,112.9
1882,2.36,13:24,147,112.9
1883,2.37,14:16,147,112.9
1884,2.37,13:41,147,112.2
1885,2.37,14:16,147,111.5
1886,2.37,14:34,148,111.5
1887,2.37,14:07,147,110.9
1888,2.37,13:16,148,110.9
1889,2.37,13:32,148,110.9
1890,2.37,13:16,149,110.2
1891,2.38,13:16,149,110.2
1892,2.38,12:53,148,109.6
1893,2.38,13:08,148,108.9
1894,2.38,12:32,149,108.9
1895,2.38,11:39,147,108.9
1896,2.38,11:05,147,108.9
1897,2.38,11:05,147,108.9
1898,2.39,10:54,147,108.3
1899,2.39,10:38,147,108.3
1900,2.39,10:54,147,108.3
1901,2.39,11:10,146,107.6
1902,2.39,11:39,146,107.6
1903,2.39,11:45,145,107.0
1904,2.39,12:39,145,106.3
1905,2.4,12:25,145,106.3
1906,2.4,12:25,144,105.6
1907,2.4,12:18,144,105.6
1908,2.4,12:25,144,105.0
1909,2.4,11:58,144,105.0
1910,2.4,12:11,144,104.3
1911,2.4,13:24,145,104.3
1912,2.41,12:53,146,104.3
1913,2.41,13:01,146,104.3
1914,2.41,13:16,146,104.3
1915,2.41,13:32,146,104.3
1916,2.41,12:46,146,104.3
1917,2.41,12:46,146,104.3
1918,2.41,12:32,146,104.3
1919,2.41,12:32,146,104.3
1920,2.42,12:11,146,103.7
1921,2.42,11:39,146,103.7
1922,2.42,11:45,146,103.7
1923,2.42,11:27,146,104.3
1924,2.42,11:27,146,104.3
1925,2.42,11:52,145,104.3
1926,2.42,11:39,145,104.3
1927,2.43,11:45,146,103.7
1928,2.43,12:32,145,103.7
1929,2.43,13:08,145,103.7
1930,2.43,13:01,144,103.7
1931,2.43,13:58,144,104.3
1932,2.43,13:58,144,104.3
1933,2.43,13:24,143,104.3
1934,2.43,13:08,143,103.7
1935,2.44,13:24,143,104.3
1936,2.44,13:16,142,104.3
1937,2.44,13:01,143,104.3
1938,2.44,12:53,143,104.3
1939,2.44,12:25,143,104.3
1940,2.44,12:32,143,104.3
1941,2.44,12:04,142,104.3
1942,2.44,12:32,142,105.0
1943,2.45,13:08,142,105.0
1944,2.45,13:41,142,105.0
1945,2.45,12:32,143,105.0
1946,2.45,12:46,143,105.0
1947,2.45,12:32,143,105.0
1948,2.45,12:25,142,105.0
1949,2.45,12:32,144,105.0
1950,2.45,13:32,142,105.0
1951,2.46,13:32,143,105.0
1952,2.46,14:07,143,105.0
1953,2.46,13:08,142,105.6
1954,2.46,12:53,142,105.6
1955,2.46,12:46,142,105.6
1956,2.46,13:08,141,105.6
1957,2.46,12:53,142,105.6
1958,2.46,13:58,141,105.6
1959,2.47,14:07,142,105.6
1960,2.47,14:44,142,105.6
1961,2.47,14:25,142,106.3
1962,2.47,14:44,142,106.3
1963,2.47,14:34,141,107.0
1964,2.47,14:07,142,107.0
1965,2.47,13:41,142,107.0
1966,2.47,13:41,141,107.6
1967,2.48,13:41,141,107.6
1968,2.48,13:24,140,107.6
1969,2.48,13:49,141,107.6
1970,2.48,13:24,141,108.3
1971,2.48,13:08,141,108.3
1972,2.48,12:32,140,108.3
1973,2.48,12:25,139,108.3
1974,2.48,12:25,138,108.3
1975,2.49,12:53,139,108.3
1976,2.49,13:24,138,108.3
1977,2.49,13:32,138,108.3
1978,2.49,13:58,139,108.9
1979,2.49,14:16,139,108.9
1980,2.49,14:25,138,108.9
1981,2.49,15:14,138,108.9
1982,2.49,15:04,138,108.9
1983,2.5,15:04,138,108.9
1984,2.5,14:25,138,108.9
1985,2.5,13:58,138,108.9
1986,2.5,11:58,138,109.6
1987,2.5,12:04,137,109.6
1988,2.5,11:45,138,108.9
1989,2.5,11:27,137,108.9
1990,2.5,11:52,137,108.9
1991,2.51,13:08,137,108.9
1992,2.51,13:49,138,108.9
1993,2.51,15:46,138,108.9
1994,2.51,16:21,138,108.9
1995,2.51,15:35,137,109.6
1996,2.51,14:54,137,109.6
1997,2.51,14:25,138,109.6
1998,2.51,13:16,137,109.6
1999,2.51,13:08,137,109.6
2000,2.52,13:24,137,110.2
2001,2.52,13:32,136,110.2
2002,2.52,13:24,136,110.2
2003,2.52,13:24,135,110.2
2004,2.52,13:32,137,110.2
2005,2.52,14:07,136,110.9
2006,2.52,14:34,135,110.9
2007,2.52,14:34,135,110.9
2008,2.53,14:07,135,110.9
2009,2.53,14:16,136,111.5
2010,2.53,13:16,135,111.5
2011,2.53,12:53,135,111.5
2012,2.53,13:08,137,112.2
2013,2.53,13:08,137,112.2
2014,2.53,13:24,138,112.2
2015,2.53,13:32,138,112.2
2016,2.54,13:41,139,112.2
2017,2.54,14:07,140,112.2
2018,2.54,14:34,140,112.2
2019,2.54,14:25,140,112.2
2020,2.54,14:25,141,112.2
2021,2.54,14:25,141,112.2
2022,2.54,13:24,142,112.2
2023,2.54,13:16,143,112.9
2024,2.55,12:32,142,112.9
2025,2.55,12:25,142,112.9
2026,2.55,12:18,142,112.2
2027,2.55,12:11,143,112.2
2028,2.55,12:25,143,111.5
2029,2.55,12:39,142,110.9
2030,2.55,12:46,142,110.9
2031,2.55,12:25,142,110.9
2032,2.56,12:39,142,110.9
2033,2.56,12:39,143,110.9
2034,2.56,14:16,143,110.9
2035,2.56,14:54,143,110.9
2036,2.56,15:57,144,110.9
2037,2.56,15:46,144,110.9
2038,2.56,14:25,145,110.9
2039,2.56,12:53,145,110.9
2040,2.57,12:11,145,110.9
2041,2.57,11:58,145,110.9
2042,2.57,12:39,145,110.9
2043,2.57,13:08,145,110.9
2044,2.57,13:16,145,110.9
2045,2.57,13:01,145,110.9
2046,2.57,12:46,145,110.9
2047,2.57,12:25,145,111.5
2048,2.58,12:39,145,111.5
2049,2.58,12:18,144,111.5
2050,2.58,12:39,144,111.5
2051,2.58,13:01,145,111.5
2052,2.58,12:32,145,111.5
2053,2.58,12:46,145,111.5
2054,2.58,13:08,145,111.5
2055,2.59,13:08,145,111.5
2056,2.59,13:16,145,111.5
2057,2.59,13:58,146,111.5
2058,2.59,13:24,146,111.5
2059,2.59,13:49,146,111.5
2060,2.59,13:32,146,111.5
2061,2.59,13:08,145,111.5
2062,2.59,13:01,145,111.5
2063,2.6,13:08,146,111.5
2064,2.6,13:01,146,111.5
2065,2.6,13:58,145,111.5
2066,2.6,14:34,145,112.2
2067,2.6,14:34,145,112.2
2068,2.6,14:25,143,112.2
2069,2.6,13:58,144,112.2
2070,2.6,13:24,144,112.2
2071,2.6,12:46,144,112.2
2072,2.61,12:25,144,112.9
2073,2.61,12:53,144,112.9
2074,2.61,12:46,145,112.9
2075,2.61,12:25,144,113.5
2076,2.61,12:11,144,113.5
2077,2.61,12:04,144,113.5
2078,2.61,12:04,144,114.2
2079,2.62,12:25,144,114.2
2080,2.62,12:11,144,114.2
2081,2.62,12:32,144,114.2
2082,2.62,12:53,144,114.2
2083,2.62,12:39,143,114.2
2084,2.62,13:08,143,114.2
2085,2.62,13:32,143,114.2
2086,2.62,13:58,143,114.2
2087,2.63,14:34,142,114.2
2088,2.63,14:25,142,114.8
2089,2.63,13:58,142,114.8
2090,2.63,15:14,142,114.8
2091,2.63,15:04,141,114.8
2092,2.63,14:34,141,114.8
2093,2.63,15:04,141,114.8
2094,2.63,14:54,141,114.8
2095,2.63,13:41,142,114.8
2096,2.64,13:24,142,115.5
2097,2.64,13:24,141,115.5
2098,2.64,13:58,141,115.5
2099,2.64,13:49,140,116.1
2100,2.64,14:16,141,116.1
2101,2.64,14:25,141,116.1
2102,2.64,14:25,142,116.1
2103,2.64,13:41,142,116.1
2104,2.65,13:49,142,116.1
2105,2.65,13:41,143,116.1
2106,2.65,13:32,143,116.1
2107,2.65,12:18,142,115.5
2108,2.65,11:52,142,115.5
2109,2.65,11:45,142,116.1
2110,2.65,12:04,143,116.1
2111,2.66,11:05,142,116.1
2112,2.66,12:18,142,116.1
2113,2.66,12:32,141,116.8
2114,2.66,12:25,141,116.8
2115,2.66,11:52,142,116.8
2116,2.66,12:46,142,116.8
2117,2.66,12:18,142,116.8
2118,2.66,12:11,142,116.8
2119,2.67,12:32,142,116.8
2120,2.67,12:04,142,116.8
2121,2.67,12:11,142,116.8
2122,2.67,12:25,142,116.8
2123,2.67,12:18,142,116.8
2124,2.67,11:58,142,116.8
2125,2.67,12:46,143,117.5
2126,2.68,13:41,143,117.5
2127,2.68,14:16,144,118.1
2128,2.68,14:16,144,118.1
2129,2.68,15:35,144,118.1
2130,2.68,15:35,144,118.1
2131,2.68,15:24,144,118.8
2132,2.68,14:44,144,118.8
2133,2.68,15:14,143,118.8
2134,2.68,13:49,143,118.8
2135,2.69,13:24,143,118.8
2136,2.69,12:53,144,118.8
2137,2.69,12:46,144,119.4
2138,2.69,12:39,144,119.4
2139,2.69,12:46,144,119.4
2140,2.69,13:08,144,119.4
2141,2.69,13:32,144,119.4
2142,2.69,13:32,143,120.1
2143,2.7,14:34,143,120.1
2144,2.7,14:25,143,120.1
2145,2.7,14:07,143,120.1
2146,2.7,13:58,144,120.7
2147,2.7,13:24,144,120.7
2148,2.7,12:18,144,120.7
2149,2.7,14:07,143,121.4
2150,2.7,14:25,143,121.4
2151,2.7,14:54,143,121.4
2152,2.71,16:33,144,121.4
2153,2.71,17:38,144,121.4
2154,2.71,14:54,144,121.4
2155,2.71,14:34,144,121.4
2156,2.71,13:41,145,121.4
2157,2.71,13:01,145,121.4
2158,2.71,12:39,146,121.4
2159,2.71,12:53,146,121.4
2160,2.72,13:08,146,121.4
2161,2.72,13:24,146,121.4
2162,2.72,13:58,147,121.4
2163,2.72,14:07,146,121.4
2164,2.72,14:34,147,121.4
2165,2.72,14:54,146,121.4
2166,2.72,14:54,145,121.4
2167,2.72,14:16,144,121.4
2168,2.73,13:32,143,121.4
2169,2.73,12:11,143,121.4
2170,2.73,11:33,143,121.4
2171,2.73,11:16,143,121.4
2172,2.73,11:27,143,121.4
2173,2.73,11:45,142,121.4
2174,2.73,12:53,143,121.4
2175,2.73,12:53,143,121.4
2176,2.74,13:01,143,120.7
2177,2.74,13:08,142,120.7
2178,2.74,12:46,143,120.7
2179,2.74,12:39,143,120.7
2180,2.74,13:08,143,120.7
2181,2.74,13:32,142,120.7
2182,2.74,13:16,142,120.1
2183,2.74,13:58,142,120.1
2184,2.75,13:32,142,120.1
2185,2.75,13:16,143,120.1
2186,2.75,12:32,142,120.1
2187,2.75,13:01,142,119.4
2188,2.75,13:08,141,119.4
2189,2.75,12:46,141,119.4
2190,2.75,12:18,141,119.4
2191,2.76,13:08,141,118.8
2192,2.76,11:58,141,118.8
2193,2.76,11:39,140,118.8
2194,2.76,12:04,140,118.8
2195,2.76,13:01,140,118.8
2196,2.76,12:39,141,118.1
2197,2.76,14:07,140,118.1
2198,2.76,14:25,140,118.1
2199,2.77,14:34,140,118.1
2200,2.77,14:25,140,117.5
2201,2.77,14:44,140,117.5
2202,2.77,13:49,139,117.5
2203,2.77,13:41,140,117.5
2204,2.77,12:53,139,117.5
2205,2.77,12:18,139,117.5
2206,2.77,11:52,139,117.5
2207,2.78,11:45,138,117.5
2208,2.78,11:21,137,117.5
2209,2.78,11:21,135,117.5
2210,2.78,11:16,135,117.5
2211,2.78,10:59,135,117.5
2212,2.78,10:54,134,117.5
2213,2.79,10:54,132,117.5
2214,2.79,11:16,129,117.5
2215,2.79,11:10,127,116.8
2216,2.79,11:27,121,117.5
2217,2.79,11:52,123,117.5
2218,2.79,12:18,126,117.5
2219,2.79,12:18,128,117.5
2220,2.79,12:39,131,118.1
2221,2.8,12:32,134,118.1
2222,2.8,12:04,135,118.1
2223,2.8,12:18,137,118.1
2224,2.8,12:25,138,118.8
2225,2.8,12:39,139,118.8
2226,2.8,12:39,140,118.8
2227,2.8,12:53,140,118.8
2228,2.81,13:01,141,118.8
2229,2.81,12:53,141,118.8
2230,2.81,12:39,141,118.8
2231,2.81,13:08,141,118.8
2232,2.81,13:32,141,118.1
2233,2.81,13:24,142,118.1
2234,2.81,13:49,142,117.5
2235,2.81,14:34,142,117.5
2236,2.82,13:49,141,116.8
2237,2.82,13:32,141,116.8
2238,2.82,12:53,140,116.8
2239,2.82,13:01,139,116.8
2240,2.82,13:16,138,116.8
2241,2.82,13:32,139,116.8
2242,2.82,12:53,138,116.8
2243,2.82,13:08,138,116.8
2244,2.83,12:39,138,116.8
2245,2.83,11:52,138,116.8
2246,2.83,11:52,138,116.8
2247,2.83,12:11,138,116.8
2248,2.83,12:18,138,116.8
2249,2.83,12:18,137,116.8
2250,2.83,12:39,138,116.8
2251,2.83,12:53,139,116.8
2252,2.84,13:58,139,116.8
2253,2.84,14:16,139,116.8
2254,2.84,14:54,139,116.1
2255,2.84,14:34,139,116.1
2256,2.84,14:44,139,115.5
2257,2.84,13:32,139,115.5
2258,2.84,13:24,139,115.5
2259,2.84,13:01,139,115.5
2260,2.85,12:53,139,115.5
2261,2.85,13:16,140,115.5
2262,2.85,13:49,139,115.5
2263,2.85,13:58,139,115.5
2264,2.85,13:58,139,115.5
2265,2.85,13:32,138,114.8
2266,2.85,12:46,137,114.8
2267,2.85,12:32,137,114.8
2268,2.86,12:32,137,114.8
2269,2.86,12:11,137,114.8
2270,2.86,12:46,137,114.8
2271,2.86,12:39,136,114.8
2272,2.86,12:46,137,114.8
2273,2.86,12:39,137,115.5
2274,2.86,13:24,137,115.5
2275,2.86,13:08,138,114.8
2276,2.87,14:16,138,114.8
2277,2.87,14:25,138,114.8
2278,2.87,15:14,138,114.8
2279,2.87,14:16,138,114.8
2280,2.87,14:44,138,115.5
2281,2.87,14:16,137,115.5
2282,2.87,14:25,136,115.5
2283,2.87,13:32,136,115.5
2284,2.88,13:58,136,114.8
2285,2.88,13:41,136,114.8
2286,2.88,13:16,137,114.2
2287,2.88,13:08,137,114.2
2288,2.88,12:53,137,114.2
2289,2.88,12:53,137,114.2
2290,2.88,13:01,137,114.2
2291,2.88,12:53,138,114.2
2292,2.89,13:01,139,114.2
2293,2.89,13:32,140,114.2
2294,2.89,13:01,141,114.8
2295,2.89,12:25,140,114.8
2296,2.89,12:11,141,114.8
2297,2.89,12:25,140,114.8
2298,2.89,12:04,139,114.8
2299,2.89,12:39,140,114.2
2300,2.9,13:32,139,114.2
2301,2.9,14:16,139,114.2
2302,2.9,12:46,139,114.2
2303,2.9,12:18,139,114.2
2304,2.9,12:04,138,114.2
2305,2.9,11:58,138,114.2
2306,2.9,11:58,139,114.2
2307,2.91,12:46,139,114.2
2308,2.91,14:07,139,114.2
2309,2.91,14:25,140,114.2
2310,2.91,14:25,140,114.2
2311,2.91,14:07,140,114.2
2312,2.91,14:07,141,114.2
2313,2.91,12:46,140,114.2
2314,2.91,12:39,140,114.2
2315,2.91,13:08,139,114.2
2316,2.92,12:39,139,114.2
2317,2.92,12:32,139,114.2
2318,2.92,13:32,138,114.2
2319,2.92,13:16,138,114.2
2320,2.92,12:04,138,114.2
2321,2.92,12:18,137,114.2
2322,2.92,12:11,138,114.2
2323,2.93,11:39,138,114.2
2324,2.93,11:45,137,113.5
2325,2.93,13:01,137,113.5
2326,2.93,13:49,138,113.5
2327,2.93,13:32,138,113.5
2328,2.93,13:49,138,113.5
2329,2.93,13:58,139,113.5
2330,2.93,12:46,138,114.2
2331,2.94,11:58,139,114.2
2332,2.94,12:53,140,114.2
2333,2.94,12:32,140,114.2
2334,2.94,12:18,139,113.5
2335,2.94,12:18,140,113.5
2336,2.94,11:58,139,112.9
2337,2.94,11:05,140,112.2
2338,2.95,11:10,140,112.2
2339,2.95,11:10,140,112.2
2340,2.95,11:27,140,112.2
2341,2.95,12:32,142,112.9
2342,2.95,12:53,142,112.9
2343,2.95,13:41,143,113.5
2344,2.95,13:49,142,113.5
2345,2.95,13:41,142,113.5
2346,2.96,14:07,142,113.5
2347,2.96,14:07,142,114.2
2348,2.96,13:24,141,114.2
2349,2.96,13:58,141,114.2
2350,2.96,13:58,141,114.2
2351,2.96,13:01,140,114.2
2352,2.96,13:16,141,114.8
2353,2.96,13:24,141,114.8
2354,2.97,13:08,141,114.8
2355,2.97,13:01,141,114.8
2356,2.97,13:32,140,114.8
2357,2.97,13:32,141,114.8
2358,2.97,13:49,142,114.8
2359,2.97,13:49,142,114.8
2360,2.97,13:49,142,114.8
2361,2.97,13:24,141,114.8
2362,2.98,13:58,141,114.8
2363,2.98,13:58,141,114.8
2364,2.98,13:41,141,114.2
2365,2.98,13:58,141,114.2
2366,2.98,14:44,141,114.2
2367,2.98,13:32,142,114.8
2368,2.98,13:24,142,114.8
2369,2.98,14:07,141,114.8
2370,2.99,13:24,141,116.1
2371,2.99,12:25,141,116.8
2372,2.99,12:04,141,117.5
2373,2.99,12:25,141,118.1
2374,2.99,11:45,141,118.1
2375,2.99,11:52,142,117.5
2376,2.99,11:58,142,116.8
2377,3.0,12:18,142,116.1
2378,3.0,12:46,141,115.5
2379,3.0,13:32,141,116.1
2380,3.0,13:58,141,116.8
2381,3.0,14:07,141,117.5
2382,3.0,14:16,141,118.1
2383,3.0,13:41,141,118.8
2384,3.0,14:07,141,119.4
2385,3.0,14:07,141,120.1
2386,3.01,14:07,142,120.1
2387,3.01,14:54,142,120.7
2388,3.01,13:58,142,120.7
2389,3.01,13:08,142,121.4
2390,3.01,13:01,142,122.0
2391,3.01,13:08,142,122.0
2392,3.01,13:01,142,122.0
2393,3.01,13:49,142,122.0
2394,3.02,13:58,143,122.0
2395,3.02,14:07,143,121.4
2396,3.02,13:49,143,121.4
2397,3.02,13:32,142,120.7
2398,3.02,13:08,143,120.1
2399,3.02,12:53,142,120.1
2400,3.02,12:39,143,120.1
2401,3.02,12:39,143,120.1
2402,3.03,12:39,144,120.7
2403,3.03,12:32,143,120.7
2404,3.03,12:46,143,121.4
2405,3.03,12:53,143,121.4
2406,3.03,12:53,143,121.4
2407,3.03,13:16,143,121.4
2408,3.03,13:58,143,121.4
2409,3.03,13:58,143,122.0
2410,3.04,14:34,143,122.0
2411,3.04,15:46,144,121.4
2412,3.04,15:35,143,121.4
2413,3.04,15:04,144,121.4
2414,3.04,14:34,144,120.7
2415,3.04,14:16,145,120.7
2416,3.04,13:41,145,120.7
2417,3.04,14:07,145,120.7
2418,3.04,14:34,146,120.7
2419,3.05,14:07,146,121.4
2420,3.05,13:49,147,122.0
2421,3.05,13:41,147,122.7
2422,3.05,13:08,147,122.7
2423,3.05,13:08,147,123.4
2424,3.05,14:16,148,123.4
2425,3.05,15:14,148,123.4
2426,3.05,16:21,147,122.7
2427,3.05,15:35,147,122.0
2428,3.06,15:04,147,121.4
2429,3.06,14:34,147,121.4
2430,3.06,13:32,147,120.7
2431,3.06,12:39,146,120.7
2432,3.06,13:16,147,120.7
2433,3.06,12:46,146,120.7
2434,3.06,12:46,146,120.7
2435,3.07,13:01,145,120.7
2436,3.07,12:46,146,120.7
2437,3.07,12:11,145,120.7
2438,3.07,12:46,146,120.7
2439,3.07,12:46,146,120.7
2440,3.07,13:08,147,120.7
2441,3.07,13:24,146,120.1
2442,3.07,13:24,147,120.1
2443,3.08,12:32,147,119.4
2444,3.08,12:04,147,118.8
2445,3.08,11:21,147,118.8
2446,3.08,11:05,147,118.1
2447,3.08,10:54,147,117.5
2448,3.08,11:21,147,116.8
2449,3.08,11:33,146,116.1
2450,3.09,11:39,145,115.5
2451,3.09,12:11,145,115.5
2452,3.09,11:52,145,114.8
2453,3.09,11:21,145,114.8
2454,3.09,11:33,145,114.2
2455,3.09,11:39,145,114.2
2456,3.09,11:39,145,113.5
2457,3.1,12:32,145,112.9
2458,3.1,13:16,146,112.2
2459,3.1,13:41,145,112.2
2460,3.1,13:24,145,112.2
2461,3.1,13:24,146,112.2
2462,3.1,13:08,145,112.2
2463,3.1,12:25,146,112.2
2464,3.1,12:11,146,112.2
2465,3.11,12:11,146,111.5
2466,3.11,12:04,146,111.5
2467,3.11,12:39,146,112.2
2468,3.11,13:24,146,111.5
2469,3.11,13:16,146,111.5
2470,3.11,13:58,146,111.5
2471,3.11,13:41,145,110.9
2472,3.11,13:16,145,110.9
2473,3.12,12:39,146,110.9
2474,3.12,12:32,146,110.9
2475,3.12,12:32,146,110.9
2476,3.12,12:32,146,110.2
2477,3.12,12:25,146,110.2
2478,3.12,12:39,146,110.2
2479,3.12,12:18,146,110.2
2480,3.13,12:04,146,110.2
2481,3.13,11:58,146,110.9
2482,3.13,12:04,146,110.9
2483,3.13,12:53,145,110.9
2484,3.13,13:16,144,111.5
2485,3.13,13:32,144,110.9
2486,3.13,14:25,144,110.9
2487,3.13,13:16,144,110.9
2488,3.14,12:39,145,110.9
2489,3.14,12:32,144,110.9
2490,3.14,12:39,144,110.9
2491,3.14,12:04,144,110.9
2492,3.14,12:32,144,110.9
2493,3.14,12:25,145,111.5
2494,3.14,12:18,145,112.2
2495,3.15,11:58,146,112.2
2496,3.15,11:52,146,112.9
2497,3.15,12:04,146,112.9
2498,3.15,12:04,146,112.9
2499,3.15,11:58,146,112.2
2500,3.15,12:11,146,112.2
2501,3.15,12:39,146,112.2
2502,3.15,13:24,146,111.5
2503,3.16,13:49,146,111.5
2504,3.16,13:41,145,111.5
2505,3.16,13:08,146,112.2
2506,3.16,13:16,146,112.2
2507,3.16,12:46,145,112.2
2508,3.16,12:11,145,111.5
2509,3.16,12:46,145,111.5
2510,3.17,12:46,144,111.5
2511,3.17,12:18,143,110.9
2512,3.17,12:32,143,110.9
2513,3.17,12:46,144,110.9
2514,3.17,12:32,144,110.9
2515,3.17,12:32,144,110.9
2516,3.17,12:39,143,111.5
2517,3.17,12:18,142,111.5
2518,3.18,12:04,143,111.5
2519,3.18,12:18,143,111.5
2520,3.18,12:46,143,111.5
2521,3.18,12:46,143,111.5
2522,3.18,13:08,144,111.5
2523,3.18,13:32,144,111.5
2524,3.18,13:41,143,111.5
2525,3.18,13:49,144,111.5
2526,3.19,14:07,143,111.5
2527,3.19,13:24,143,112.2
2528,3.19,13:49,142,112.2
2529,3.19,12:53,142,112.2
2530,3.19,12:39,142,112.2
2531,3.19,12:18,143,112.2
2532,3.19,12:46,143,112.2
2533,3.19,12:32,143,112.2
2534,3.2,13:32,143,112.2
2535,3.2,13:58,144,112.2
2536,3.2,14:16,143,112.2
2537,3.2,14:25,143,112.9
2538,3.2,13:49,143,112.9
2539,3.2,13:08,143,112.9
2540,3.2,12:53,142,112.9
2541,3.2,12:32,141,112.9
2542,3.21,12:25,141,112.9
2543,3.21,13:08,139,112.2
2544,3.21,13:16,136,112.2
2545,3.21,13:24,136,112.2
2546,3.21,13:41,134,112.2
2547,3.21,13:24,134,112.2
2548,3.21,13:08,129,112.2
2549,3.21,13:01,122,112.2
2550,3.22,12:53,121,112.2
2551,3.22,13:16,121,112.2
2552,3.22,13:01,121,112.2
2553,3.22,12:46,122,112.2
2554,3.22,12:53,122,112.2
2555,3.22,12:18,117,112.2
2556,3.22,11:52,119,112.2
2557,3.23,12:04,117,112.2
2558,3.23,11:52,117,112.2
2559,3.23,11:58,117,112.2
2560,3.23,13:08,117,112.2
2561,3.23,13:24,117,112.2
2562,3.23,13:49,117,112.2
2563,3.23,15:14,118,112.2
2564,3.23,16:21,118,112.2
2565,3.23,15:24,119,112.2
2566,3.24,15:35,119,112.2
2567,3.24,14:16,119,112.2
2568,3.24,12:39,119,112.2
2569,3.24,12:04,119,112.2
2570,3.24,11:58,120,112.2
2571,3.24,11:21,120,112.2
2572,3.24,11:33,120,112.2
2573,3.25,11:33,120,112.2
2574,3.25,11:10,120,112.2
2575,3.25,11:27,120,112.2
2576,3.25,11:58,121,112.2
2577,3.25,12:32,121,112.2
2578,3.25,13:32,122,111.5
2579,3.25,13:58,123,111.5
2580,3.25,13:16,125,111.5
2581,3.26,12:25,127,111.5
2582,3.26,11:52,129,111.5
2583,3.26,11:45,132,111.5
2584,3.26,11:39,135,111.5
2585,3.26,11:58,137,111.5
2586,3.26,12:32,140,111.5
2587,3.26,13:01,142,111.5
2588,3.27,12:53,144,111.5
2589,3.27,13:01,145,111.5
2590,3.27,12:39,146,111.5
2591,3.27,12:11,147,111.5
2592,3.27,11:52,146,111.5
2593,3.27,11:39,147,111.5
2594,3.27,11:21,148,111.5
2595,3.28,11:39,148,111.5
2596,3.28,12:39,148,110.9
2597,3.28,13:16,148,110.9
2598,3.28,14:07,147,110.9
2599,3.28,14:54,148,110.9
2600,3.28,14:44,148,110.9
2601,3.28,14:44,148,110.9
2602,3.28,14:44,147,110.2
2603,3.29,13:16,147,110.2
2604,3.29,13:16,146,109.6
2605,3.29,12:46,146,109.6
2606,3.29,11:45,146,109.6
2607,3.29,11:27,146,109.6
2608,3.29,11:39,145,109.6
2609,3.29,11:39,145,108.9
2610,3.3,11:33,145,108.9
2611,3.3,11:58,145,108.3
2612,3.3,12:46,146,108.3
2613,3.3,14:07,145,108.3
2614,3.3,13:49,144,108.3
2615,3.3,14:07,144,108.3
2616,3.3,13:49,144,108.3
2617,3.3,13:01,143,108.3
2618,3.31,12:04,143,108.3
2619,3.31,12:04,144,108.9
2620,3.31,12:18,143,108.9
2621,3.31,12:46,143,108.9
2622,3.31,12:32,143,108.9
2623,3.31,12:46,143,109.6
2624,3.31,12:39,143,109.6
2625,3.31,12:18,143,109.6
2626,3.32,12:32,142,109.6
2627,3.32,12:46,142,109.6
2628,3.32,12:39,142,108.9
2629,3.32,12:46,142,108.3
2630,3.32,13:16,143,108.3
2631,3.32,13:32,142,108.3
2632,3.32,13:41,143,108.3
2633,3.32,13:16,144,108.3
2634,3.33,13:24,144,108.9
2635,3.33,13:08,144,108.9
2636,3.33,12:18,146,108.3
2637,3.33,11:58,147,108.3
2638,3.33,11:58,147,108.3
2639,3.33,11:52,148,107.6
2640,3.33,11:45,148,107.6
2641,3.34,11:33,148,107.0
2642,3.34,11:33,148,106.3
2643,3.34,11:58,149,105.6
2644,3.34,11:45,148,105.6
2645,3.34,12:11,148,105.0
2646,3.34,12:18,148,105.0
2647,3.34,12:18,148,105.0
2648,3.35,11:58,148,104.3
2649,3.35,12:04,147,103.7
2650,3.35,11:52,147,103.7
2651,3.35,12:11,147,103.0
2652,3.35,12:32,147,102.4
2653,3.35,13:24,146,101.7
2654,3.35,13:32,146,101.7
2655,3.35,13:32,146,101.0
2656,3.36,13:24,146,101.0
2657,3.36,13:32,146,100.4
2658,3.36,13:01,146,100.4
2659,3.36,12:39,146,100.4
2660,3.36,12:39,146,100.4
2661,3.36,12:32,146,99.7
2662,3.36,12:04,146,99.7
2663,3.37,11:39,147,99.7
2664,3.37,11:52,147,99.7
2665,3.37,11:45,147,99.7
2666,3.37,11:52,147,99.1
2667,3.37,11:58,148,99.1
2668,3.37,12:25,147,98.4
2669,3.37,13:16,147,98.4
2670,3.37,13:24,146,98.4
2671,3.38,12:46,146,97.8
2672,3.38,11:52,146,97.8
2673,3.38,11:39,145,97.8
2674,3.38,11:16,145,97.8
2675,3.38,11:05,145,97.8
2676,3.38,11:05,145,97.8
2677,3.38,11:52,145,97.8
2678,3.39,11:58,145,97.8
2679,3.39,11:39,144,97.8
2680,3.39,12:04,144,98.4
2681,3.39,13:16,145,99.1
2682,3.39,13:01,145,99.1
2683,3.39,12:25,145,99.7
2684,3.39,13:01,145,100.4
2685,3.39,13:08,145,100.4
2686,3.4,12:11,144,101.0
2687,3.4,12:39,145,101.0
2688,3.4,14:16,145,101.7
2689,3.4,13:32,145,101.7
2690,3.4,13:01,145,101.7
2691,3.4,13:32,145,102.4
2692,3.4,13:24,145,102.4
2693,3.4,12:53,145,102.4
2694,3.41,13:01,145,101.7
2695,3.41,13:49,145,101.7
2696,3.41,14:07,145,101.7
2697,3.41,14:16,145,101.7
2698,3.41,13:41,145,101.7
2699,3.41,13:16,146,101.7
2700,3.41,12:53,146,101.7
2701,3.41,12:53,147,101.7
2702,3.42,12:25,147,101.7
2703,3.42,12:53,147,101.0
2704,3.42,13:16,148,101.0
2705,3.42,13:49,148,101.0
2706,3.42,14:07,148,100.4
2707,3.42,14:25,149,100.4
2708,3.42,14:16,149,100.4
2709,3.42,14:25,149,100.4
2710,3.43,13:24,148,100.4
2711,3.43,12:46,148,100.4
2712,3.43,12:32,148,100.4
2713,3.43,12:04,149,100.4
2714,3.43,11:27,148,100.4
2715,3.43,10:59,148,100.4
2716,3.44,10:48,148,100.4
2717,3.44,10:33,149,100.4
2718,3.44,10:38,149,100.4
2719,3.44,10:59,149,100.4
2720,3.44,11:27,150,100.4
2721,3.44,11:45,150,100.4
2722,3.44,11:52,150,100.4
2723,3.45,11:33,150,100.4
2724,3.45,11:58,150,101.0
2725,3.45,12:11,151,101.0
2726,3.45,12:18,150,101.0
2727,3.45,13:08,150,101.0
2728,3.45,14:54,150,101.7
2729,3.45,14:34,150,101.7
2730,3.45,14:25,150,101.7
2731,3.46,13:24,150,101.7
2732,3.46,12:53,150,101.7
2733,3.46,12:11,150,101.7
2734,3.46,12:39,150,101.7
2735,3.46,12:39,150,101.7
2736,3.46,12:18,150,101.7
2737,3.46,12:32,150,101.7
2738,3.46,12:11,150,101.7
2739,3.47,12:18,150,101.0
2740,3.47,12:39,150,101.0
2741,3.47,13:41,150,100.4
2742,3.47,13:24,150,100.4
2743,3.47,13:08,150,99.7
2744,3.47,12:11,149,99.7
2745,3.47,12:04,149,99.7
2746,3.47,12:25,149,99.7
2747,3.48,12:39,149,99.7
2748,3.48,12:53,149,99.7
2749,3.48,12:32,148,100.4
2750,3.48,12:25,148,101.0
2751,3.48,12:46,148,101.7
2752,3.48,13:08,148,101.7
2753,3.48,14:07,148,102.4
2754,3.48,15:04,148,103.0
2755,3.49,15:46,148,103.0
2756,3.49,17:25,148,103.7
2757,3.49,17:11,148,104.3
2758,3.49,16:33,148,105.0
2759,3.49,17:11,149,105.6
2760,3.49,17:38,149,106.3
2761,3.49,15:35,149,106.3
2762,3.49,16:09,149,107.0
2763,3.49,16:21,148,107.0
2764,3.5,14:16,148,107.0
2765,3.5,14:07,148,107.6
2766,3.5,14:16,148,107.6
2767,3.5,13:24,148,107.6
2768,3.5,13:24,147,107.6
2769,3.5,15:35,148,107.0
2770,3.5,15:14,148,107.0
2771,3.5,15:04,148,106.3
2772,3.5,15:14,149,105.6
2773,3.51,14:54,150,105.0
2774,3.51,13:24,150,104.3
2775,3.51,13:49,150,103.7
2776,3.51,13:49,150,103.0
2777,3.51,12:46,150,103.0
2778,3.51,12:18,150,102.4
2779,3.51,12:32,150,101.7
2780,3.51,11:39,150,101.7
2781,3.52,11:16,149,101.0
2782,3.52,11:39,148,101.0
2783,3.52,12:11,148,101.0
2784,3.52,13:08,149,100.4
2785,3.52,13:01,148,100.4
2786,3.52,12:04,148,99.7
2787,3.52,12:53,148,99.1
2788,3.53,12:46,149,99.1
2789,3.53,11:58,148,98.4
2790,3.53,12:39,148,99.1
2791,3.53,14:34,147,99.1
2792,3.53,14:54,147,99.1
2793,3.53,15:46,147,99.7
2794,3.53,16:45,147,99.7
2795,3.53,16:45,145,100.4
2796,3.53,16:33,145,100.4
2797,3.53,16:45,145,101.0
2798,3.54,15:14,143,101.0
2799,3.54,13:32,142,101.0
2800,3.54,14:16,142,101.0
2801,3.54,14:25,142,101.0
2802,3.54,12:53,142,100.4
2803,3.54,13:16,142,101.0
2804,3.54,14:25,142,101.0
2805,3.55,12:46,142,101.0
2806,3.55,11:16,143,101.7
2807,3.55,11:05,143,101.7
2808,3.55,10:54,145,101.7
2809,3.55,10:59,145,102.4
2810,3.55,11:45,147,102.4
2811,3.55,13:16,147,102.4
2812,3.55,14:25,148,102.4
2813,3.56,13:49,149,102.4
2814,3.56,13:16,149,102.4
2815,3.56,12:32,150,101.7
2816,3.56,11:33,149,101.7
2817,3.56,11:52,151,101.0
2818,3.56,12:18,151,101.0
2819,3.56,13:01,151,101.0
2820,3.56,13:58,151,101.0
2821,3.57,14:34,150,101.0
2822,3.57,14:07,150,101.0
2823,3.57,14:34,150,101.0
2824,3.57,14:07,150,100.4
2825,3.57,13:24,149,100.4
2826,3.57,13:41,148,100.4
2827,3.57,13:16,149,100.4
2828,3.58,12:32,148,99.7
2829,3.58,12:32,149,99.7
2830,3.58,12:11,149,99.7
2831,3.58,12:32,149,99.1
2832,3.58,12:53,149,99.1
2833,3.58,12:25,149,99.1
2834,3.58,12:39,148,99.1
2835,3.58,12:32,148,99.7
2836,3.59,11:33,148,100.4
2837,3.59,11:33,148,100.4
2838,3.59,12:04,148,101.0
2839,3.59,11:16,148,101.0
2840,3.59,11:21,147,101.0
2841,3.59,11:21,147,101.7
2842,3.59,11:52,146,101.7
2843,3.6,12:25,146,101.7
2844,3.6,13:32,146,101.7
2845,3.6,14:54,146,101.7
2846,3.6,15:35,146,101.7
2847,3.6,13:41,146,101.7
2848,3.6,13:16,146,101.7
2849,3.6,12:53,145,101.7
2850,3.6,12:46,145,101.0
2851,3.61,13:16,145,101.0
2852,3.61,13:58,144,101.0
2853,3.61,14:16,144,101.0
2854,3.61,14:16,145,101.0
2855,3.61,12:32,145,101.0
2856,3.61,11:33,145,101.0
2857,3.61,12:04,146,101.0
2858,3.61,12:11,146,101.0
2859,3.62,12:46,146,101.0
2860,3.62,13:58,147,101.0
2861,3.62,15:24,147,101.0
2862,3.62,14:44,148,101.0
2863,3.62,13:24,148,101.0
2864,3.62,12:18,148,101.0
2865,3.62,11:10,148,101.0
2866,3.63,10:48,148,101.7
2867,3.63,10:09,148,101.7
2868,3.63,10:23,149,101.0
2869,3.63,10:54,149,101.0
2870,3.63,11:58,148,100.4
2871,3.63,12:04,148,100.4
2872,3.63,13:16,147,99.7
2873,3.64,13:01,148,99.7
2874,3.64,12:25,148,99.7
2875,3.64,12:18,148,99.7
2876,3.64,12:32,148,100.4
2877,3.64,12:11,148,100.4
2878,3.64,12:39,148,100.4
2879,3.64,12:11,149,100.4
2880,3.64,11:58,149,100.4
2881,3.65,11:58,148,100.4
2882,3.65,11:45,149,100.4
2883,3.65,11:45,149,100.4
2884,3.65,12:11,149,100.4
2885,3.65,12:39,150,100.4
2886,3.65,12:32,150,101.0
2887,3.65,12:25,150,101.0
2888,3.66,11:58,150,101.7
2889,3.66,11:39,150,101.7
2890,3.66,11:05,150,101.7
2891,3.66,10:59,149,101.7
2892,3.66,10:54,149,101.7
2893,3.66,11:16,149,101.7
2894,3.66,11:33,149,101.7
2895,3.67,11:45,149,101.7
2896,3.67,11:21,149,101.0
2897,3.67,12:04,149,101.0
2898,3.67,11:58,149,101.0
2899,3.67,11:52,149,101.0
2900,3.67,12:32,148,101.0
2901,3.67,13:41,148,101.0
2902,3.67,13:41,150,101.0
2903,3.68,14:54,149,101.7
2904,3.68,16:21,149,101.7
2905,3.68,15:14,149,101.7
2906,3.68,13:58,149,101.7
2907,3.68,13:24,150,101.7
2908,3.68,12:53,149,101.7
2909,3.68,12:32,148,101.7
2910,3.68,12:46,148,101.7
2911,3.69,13:16,147,101.7
2912,3.69,13:32,148,101.7
2913,3.69,13:32,148,102.4
2914,3.69,13:41,147,102.4
2915,3.69,13:49,146,102.4
2916,3.69,13:01,146,102.4
2917,3.69,12:39,146,103.0
2918,3.69,12:32,147,103.0
2919,3.7,11:33,147,103.0
2920,3.7,11:33,147,103.0
2921,3.7,11:58,146,103.0
2922,3.7,11:58,147,102.4
2923,3.7,11:16,146,102.4
2924,3.7,12:04,147,102.4
2925,3.7,12:04,147,103.0
2926,3.71,12:11,147,103.7
2927,3.71,12:18,147,103.7
2928,3.71,13:49,147,103.7
2929,3.71,14:54,147,103.7
2930,3.71,14:34,147,104.3
2931,3.71,14:54,148,104.3
2932,3.71,15:14,148,104.3
2933,3.71,13:41,147,105.0
2934,3.72,12:46,148,105.0
2935,3.72,12:53,148,105.0
2936,3.72,12:39,148,105.0
2937,3.72,13:41,148,105.0
2938,3.72,14:34,147,105.0
2939,3.72,13:58,146,105.0
2940,3.72,14:34,146,105.0
2941,3.72,14:54,147,104.3
2942,3.72,14:44,146,104.3
2943,3.73,14:25,145,104.3
2944,3.73,13:58,146,104.3
2945,3.73,12:25,147,104.3
2946,3.73,11:52,147,104.3
2947,3.73,10:38,148,104.3
2948,3.73,10:48,148,104.3
2949,3.74,10:54,148,104.3
2950,3.74,12:11,149,104.3
2951,3.74,12:25,150,104.3
2952,3.74,13:16,150,104.3
2953,3.74,13:24,150,104.3
2954,3.74,13:41,150,104.3
2955,3.74,12:46,151,104.3
2956,3.74,12:53,151,104.3
2957,3.75,12:11,151,105.0
2958,3.75,12:11,151,105.0
2959,3.75,12:11,151,105.0
2960,3.75,12:39,152,105.0
2961,3.75,13:01,151,105.0
2962,3.75,14:54,151,105.6
2963,3.75,14:54,151,105.6
2964,3.75,15:14,151,105.6
2965,3.75,15:35,151,106.3
2966,3.76,14:54,151,106.3
2967,3.76,14:07,151,106.3
2968,3.76,13:32,150,106.3
2969,3.76,13:49,150,105.6
2970,3.76,13:01,150,105.6
2971,3.76,12:39,150,105.6
2972,3.76,11:52,150,105.6
2973,3.76,12:53,150,105.0
2974,3.77,12:46,150,105.0
2975,3.77,13:01,150,105.0
2976,3.77,13:24,150,104.3
2977,3.77,14:25,149,104.3
2978,3.77,13:01,149,104.3
2979,3.77,11:39,149,104.3
2980,3.77,11:39,148,104.3
2981,3.78,11:33,147,104.3
2982,3.78,11:33,148,104.3
2983,3.78,11:52,149,103.7
2984,3.78,12:53,149,103.7
2985,3.78,13:01,149,103.7
2986,3.78,12:39,149,103.7
2987,3.78,12:04,148,103.7
2988,3.79,11:58,148,103.7
2989,3.79,12:25,147,103.0
2990,3.79,12:11,147,103.0
2991,3.79,12:39,148,103.0
2992,3.79,13:08,148,103.0
2993,3.79,12:53,147,103.0
2994,3.79,12:32,146,102.4
2995,3.79,11:58,146,102.4
2996,3.8,11:58,146,102.4
2997,3.8,11:27,146,102.4
2998,3.8,11:16,146,102.4
2999,3.8,11:21,146,101.7
3000,3.8,11:52,146,101.7
3001,3.8,12:04,146,101.7
3002,3.8,11:21,145,101.7
3003,3.81,11:21,146,101.7
3004,3.81,11:16,146,101.7
3005,3.81,11:27,146,101.7
3006,3.81,11:39,146,101.7
3007,3.81,12:18,146,101.7
3008,3.81,12:25,146,101.7
3009,3.81,12:39,146,102.4
3010,3.82,12:53,147,102.4
3011,3.82,12:25,147,102.4
3012,3.82,12:32,147,102.4
3013,3.82,13:41,147,101.7
3014,3.82,12:25,148,101.7
3015,3.82,11:27,149,101.7
3016,3.82,11:39,149,101.7
3017,3.83,11:33,149,101.7
3018,3.83,10:54,149,101.7
3019,3.83,12:04,149,101.7
3020,3.83,12:18,150,101.7
3021,3.83,12:18,150,101.7
3022,3.83,11:39,150,101.7
3023,3.83,11:33,149,101.7
3024,3.84,11:27,149,101.7
3025,3.84,11:16,149,101.7
3026,3.84,11:05,149,101.7
3027,3.84,13:01,149,101.7
3028,3.84,12:39,149,101.7
3029,3.84,12:25,149,101.7
3030,3.84,13:24,150,101.7
3031,3.84,13:24,151,101.7
3032,3.85,12:04,151,102.4
3033,3.85,13:41,151,102.4
3034,3.85,14:25,151,103.0
3035,3.85,14:34,150,103.0
3036,3.85,14:16,150,103.0
3037,3.85,15:14,151,103.7
3038,3.85,14:25,151,104.3
3039,3.85,13:58,151,104.3
3040,3.86,12:53,150,104.3
3041,3.86,12:46,150,104.3
3042,3.86,12:18,150,104.3
3043,3.86,11:39,151,104.3
3044,3.86,11:27,150,104.3
3045,3.86,12:18,150,104.3
3046,3.86,13:16,150,104.3
3047,3.86,13:08,150,104.3
3048,3.87,13:16,151,105.0
3049,3.87,12:46,151,105.0
3050,3.87,12:32,151,105.6
3051,3.87,12:18,152,105.6
3052,3.87,12:39,152,105.6
3053,3.87,12:18,152,105.6
3054,3.87,13:08,153,105.6
3055,3.88,12:39,153,105.6
3056,3.88,12:18,154,105.6
3057,3.88,12:25,153,105.6
3058,3.88,12:53,153,105.0
3059,3.88,12:39,152,105.0
3060,3.88,13:08,152,105.0
3061,3.88,13:16,152,105.0
3062,3.88,12:39,150,105.0
3063,3.89,13:16,150,105.0
3064,3.89,13:01,151,104.3
3065,3.89,12:11,151,104.3
3066,3.89,12:04,151,104.3
3067,3.89,12:11,151,104.3
3068,3.89,11:45,151,104.3
3069,3.89,11:45,152,103.7
3070,3.9,12:11,153,103.7
3071,3.9,12:11,153,103.7
3072,3.9,11:52,153,103.0
3073,3.9,11:27,155,103.0
3074,3.9,11:16,155,102.4
3075,3.9,10:54,154,102.4
3076,3.9,11:05,154,102.4
3077,3.91,11:10,154,102.4
3078,3.91,11:21,155,101.7
3079,3.91,11:58,155,101.7
3080,3.91,12:18,155,101.7
3081,3.91,12:18,155,101.7
3082,3.91,12:46,155,101.7
3083,3.91,12:46,154,102.4
3084,3.92,12:04,155,102.4
3085,3.92,12:18,156,102.4
3086,3.92,12:18,156,102.4
3087,3.92,12:25,156,102.4
3088,3.92,12:25,156,102.4
3089,3.92,12:46,155,101.7
3090,3.92,12:39,156,101.7
3091,3.92,12:18,153,101.7
3092,3.93,11:52,153,101.7
3093,3.93,12:11,153,101.0
3094,3.93,11:33,153,101.0
3095,3.93,12:04,153,101.0
3096,3.93,11:58,153,100.4
3097,3.93,12:18,152,100.4
3098,3.93,11:52,152,100.4
3099,3.94,12:46,151,100.4
3100,3.94,12:46,151,100.4
3101,3.94,13:16,152,100.4
3102,3.94,13:24,152,101.0
3103,3.94,13:41,152,101.0
3104,3.94,13:08,152,101.0
3105,3.94,12:46,151,101.0
3106,3.94,12:32,150,101.0
3107,3.95,11:58,150,101.0
3108,3.95,11:58,149,101.0
3109,3.95,12:32,149,101.0
3110,3.95,12:39,149,101.0
3111,3.95,13:24,149,101.0
3112,3.95,14:25,150,101.0
3113,3.95,14:25,149,101.0
3114,3.95,13:58,149,101.0
3115,3.96,13:16,149,101.0
3116,3.96,12:39,149,101.0
3117,3.96,12:11,148,101.0
3118,3.96,11:58,148,101.0
3119,3.96,12:11,147,101.7
3120,3.96,13:01,147,101.7
3121,3.96,13:16,148,101.7
3122,3.96,13:16,148,102.4
3123,3.97,14:07,148,103.0
3124,3.97,14:07,150,103.7
3125,3.97,13:16,150,104.3
3126,3.97,12:39,151,104.3
3127,3.97,13:01,151,105.0
3128,3.97,12:18,151,105.0
3129,3.97,12:04,151,105.6
3130,3.98,11:58,152,105.6
3131,3.98,12:11,152,106.3
3132,3.98,11:58,153,106.3
3133,3.98,11:39,152,107.0
3134,3.98,11:52,152,107.0
3135,3.98,12:04,152,107.6
3136,3.98,12:11,153,107.6
3137,3.99,11:58,153,107.6
3138,3.99,12:46,152,108.3
3139,3.99,12:32,153,108.9
3140,3.99,12:39,153,108.9
3141,3.99,12:18,153,108.9
3142,3.99,12:18,153,109.6
3143,3.99,12:18,153,109.6
3144,3.99,12:32,152,109.6
3145,4.0,12:46,151,110.2
3146,4.0,13:32,150,110.2
3147,4.0,13:49,148,110.2
3148,4.0,14:07,141,109.6
3149,4.0,14:34,138,109.6
3150,4.0,14:54,140,108.9
3151,4.0,14:44,141,108.9
3152,4.0,14:16,141,109.6
3153,4.0,14:07,141,109.6
3154,4.01,13:32,141,110.2
3155,4.01,13:16,141,110.2
3156,4.01,13:08,141,110.9
3157,4.01,13:41,141,110.9
3158,4.01,13:08,141,110.9
3159,4.01,12:46,141,110.2
3160,4.01,13:32,141,109.6
3161,4.01,13:32,142,108.9
3162,4.02,12:53,141,108.3
3163,4.02,13:24,141,108.9
3164,4.02,13:41,141,108.9
3165,4.02,13:01,142,109.6
3166,4.02,13:01,142,109.6
3167,4.02,13:32,143,109.6
3168,4.02,12:53,145,109.6
3169,4.02,13:32,145,108.9
3170,4.03,12:53,145,108.9
3171,4.03,13:01,147,108.9
3172,4.03,13:01,147,108.9
3173,4.03,12:46,148,108.9
3174,4.03,12:11,149,108.9
3175,4.03,12:46,151,108.3
3176,4.03,12:32,152,108.3
3177,4.04,12:46,152,108.3
3178,4.04,13:32,152,108.3
3179,4.04,13:32,153,108.9
3180,4.04,13:16,152,108.9
3181,4.04,13:01,152,108.9
3182,4.04,13:01,153,108.9
3183,4.04,13:24,152,108.9
3184,4.04,13:58,152,108.3
3185,4.05,14:25,151,108.3
3186,4.05,15:24,151,107.6
3187,4.05,15:57,151,107.0
3188,4.05,15:35,150,107.0
3189,4.05,15:46,150,107.0
3190,4.05,14:54,149,107.0
3191,4.05,14:16,149,107.6
3192,4.05,13:41,149,108.3
3193,4.05,13:08,149,108.9
3194,4.06,13:16,149,108.9
3195,4.06,13:24,148,108.9
3196,4.06,13:58,148,108.9
3197,4.06,14:25,149,108.9
3198,4.06,15:14,148,108.3
3199,4.06,14:25,148,107.6
3200,4.06,14:54,148,107.6
3201,4.06,16:21,147,107.6
3202,4.06,15:04,147,108.3
3203,4.07,13:32,146,108.9
3204,4.07,13:01,146,109.6
3205,4.07,12:18,145,110.9
3206,4.07,10:54,146,111.5
3207,4.07,11:21,146,111.5
3208,4.07,12:18,145,111.5
3209,4.07,12:18,145,111.5
3210,4.08,13:01,145,111.5
3211,4.08,13:32,146,111.5
3212,4.08,13:08,147,111.5
3213,4.08,13:08,146,111.5
3214,4.08,13:16,146,111.5
3215,4.08,13:08,147,111.5
3216,4.08,13:32,147,111.5
3217,4.08,13:41,147,110.9
3218,4.09,13:49,147,109.6
3219,4.09,13:41,147,108.3
3220,4.09,13:41,147,107.6
3221,4.09,13:24,147,106.3
3222,4.09,13:41,146,106.3
3223,4.09,13:49,145,105.6
3224,4.09,13:58,146,106.3
3225,4.09,13:41,146,106.3
3226,4.1,13:32,146,107.0
3227,4.1,13:32,147,107.0
3228,4.1,12:32,147,107.0
3229,4.1,12:53,147,107.0
3230,4.1,13:08,147,107.0
3231,4.1,12:39,147,107.0
3232,4.1,12:18,146,107.0
3233,4.1,13:01,146,106.3
3234,4.11,13:01,145,106.3
3235,4.11,13:32,145,105.6
3236,4.11,14:07,145,105.6
3237,4.11,14:44,145,105.0
3238,4.11,14:54,144,105.0
3239,4.11,14:34,144,104.3
3240,4.11,13:58,144,104.3
3241,4.11,13:58,144,103.7
3242,4.11,13:41,144,103.0
3243,4.12,13:24,144,102.4
3244,4.12,13:32,144,101.7
3245,4.12,13:24,144,101.7
3246,4.12,13:49,143,101.0
3247,4.12,13:24,143,101.0
3248,4.12,13:24,143,100.4
3249,4.12,13:49,143,99.7
3250,4.13,13:16,143,99.1
3251,4.13,12:39,142,99.1
3252,4.13,12:32,142,98.4
3253,4.13,12:18,140,97.8
3254,4.13,12:11,140,97.8
3255,4.13,13:01,140,97.1
3256,4.13,13:24,141,97.1
3257,4.13,14:16,140,97.1
3258,4.13,15:35,140,97.1
3259,4.14,16:58,141,97.1
3260,4.14,18:37,140,97.1
3261,4.14,21:59,140,97.1
3262,4.14,20:19,140,97.1
3263,4.14,19:26,140,97.1
3264,4.14,17:11,140,97.8
3265,4.14,14:34,140,97.8
3266,4.14,12:46,141,97.8
3267,4.14,12:39,140,97.8
3268,4.15,11:45,141,97.8
3269,4.15,11:39,141,98.4
3270,4.15,12:18,141,98.4
3271,4.15,11:58,142,98.4
3272,4.15,12:32,142,98.4
3273,4.15,13:58,142,98.4
3274,4.15,13:58,143,98.4
3275,4.15,14:16,142,98.4
3276,4.16,14:54,142,98.4
3277,4.16,14:16,142,98.4
3278,4.16,13:32,142,98.4
3279,4.16,14:16,142,97.8
3280,4.16,14:16,143,97.8
3281,4.16,14:07,143,97.8
3282,4.16,14:25,143,97.1
3283,4.16,14:16,144,97.1
3284,4.17,12:46,143,97.1
3285,4.17,12:39,143,97.1
3286,4.17,11:58,143,97.1
3287,4.17,11:58,143,97.1
3288,4.17,12:04,143,96.5
3289,4.17,12:46,143,96.5
3290,4.17,12:53,143,96.5
3291,4.17,13:16,144,95.8
3292,4.18,12:46,143,95.8
3293,4.18,11:52,143,95.8
3294,4.18,11:58,142,95.1
3295,4.18,10:59,142,95.1
3296,4.18,10:48,142,94.5
3297,4.18,10:38,142,93.8
3298,4.19,10:54,143,93.8
3299,4.19,11:10,143,93.2
3300,4.19,10:48,143,92.5
3301,4.19,11:21,144,92.5
3302,4.19,11:58,145,92.5
3303,4.19,11:39,145,92.5
3304,4.19,11:27,146,92.5
3305,4.2,11:52,146,92.5
3306,4.2,11:27,146,92.5
3307,4.2,11:39,146,91.9
3308,4.2,12:04,146,91.9
3309,4.2,11:45,146,91.9
3310,4.2,12:18,147,92.5
3311,4.2,13:08,148,92.5
3312,4.2,13:08,148,92.5
3313,4.21,13:16,147,92.5
3314,4.21,13:16,147,92.5
3315,4.21,13:01,147,92.5
3316,4.21,12:18,148,92.5
3317,4.21,12:32,148,92.5
3318,4.21,12:32,147,92.5
3319,4.21,13:01,146,92.5
3320,4.21,13:16,146,92.5
3321,4.22,13:24,145,91.9
3322,4.22,13:49,144,91.9
3323,4.22,14:16,144,91.9
3324,4.22,13:58,142,91.9
3325,4.22,14:34,142,91.9
3326,4.22,14:34,143,91.9
3327,4.22,13:24,142,91.9
3328,4.22,13:24,142,91.9
3329,4.23,13:32,141,91.9
3330,4.23,13:24,142,91.9
3331,4.23,13:49,143,91.9
3332,4.23,13:41,144,91.9
3333,4.23,13:24,144,91.9
3334,4.23,13:16,144,91.9
3335,4.23,13:08,145,91.9
3336,4.23,13:01,145,91.9
3337,4.24,13:32,145,91.9
3338,4.24,13:58,145,91.2
3339,4.24,14:34,145,91.2
3340,4.24,14:34,144,91.2
3341,4.24,14:25,143,91.2
3342,4.24,14:07,144,91.2
3343,4.24,14:07,143,90.6
3344,4.24,13:08,143,90.6
3345,4.25,12:39,144,90.6
3346,4.25,12:11,144,90.6
3347,4.25,12:11,144,90.6
3348,4.25,11:33,145,90.6
3349,4.25,11:33,144,90.6
3350,4.25,12:11,144,89.9
3351,4.25,12:25,145,89.9
3352,4.26,12:11,145,90.6
3353,4.26,12:46,145,90.6
3354,4.26,13:16,145,90.6
3355,4.26,12:46,145,90.6
3356,4.26,13:16,144,89.9
3357,4.26,13:49,144,89.9
3358,4.26,13:16,143,89.2
3359,4.26,12:25,142,89.2
3360,4.27,12:32,143,89.9
3361,4.27,12:04,143,89.9
3362,4.27,11:52,143,89.9
3363,4.27,11:58,143,89.9
3364,4.27,12:46,143,89.9
3365,4.27,12:53,143,89.9
3366,4.27,13:16,143,89.9
3367,4.27,13:16,144,89.2
3368,4.28,13:58,144,89.2
3369,4.28,14:16,144,89.2
3370,4.28,15:04,144,89.2
3371,4.28,14:34,144,89.2
3372,4.28,14:34,143,89.2
3373,4.28,13:41,142,89.2
3374,4.28,13:16,142,88.6
3375,4.28,12:53,142,88.6
3376,4.28,14:07,142,88.6
3377,4.29,14:07,142,88.6
3378,4.29,14:44,142,88.6
3379,4.29,14:25,142,88.6
3380,4.29,13:49,142,89.2
3381,4.29,13:01,142,89.2
3382,4.29,13:32,142,89.2
3383,4.29,13:58,143,89.2
3384,4.29,13:49,143,88.6
3385,4.3,13:58,143,88.6
3386,4.3,13:41,144,88.6
3387,4.3,13:16,145,89.2
3388,4.3,13:01,145,89.2
3389,4.3,12:53,145,89.2
3390,4.3,12:04,145,89.9
3391,4.3,12:04,145,89.9
3392,4.31,11:33,145,89.9
3393,4.31,10:54,145,89.9
3394,4.31,11:27,146,89.9
3395,4.31,12:11,145,89.9
3396,4.31,12:18,145,89.9
3397,4.31,12:39,145,89.9
3398,4.31,13:01,145,89.9
3399,4.31,13:24,145,90.6
3400,4.32,13:49,145,90.6
3401,4.32,13:41,146,90.6
3402,4.32,14:34,146,90.6
3403,4.32,14:44,146,91.2
3404,4.32,14:07,146,91.2
3405,4.32,14:25,146,91.2
3406,4.32,14:54,146,91.2
3407,4.32,13:58,146,91.2
3408,4.33,14:16,146,91.2
3409,4.33,14:07,146,91.2
3410,4.33,13:32,146,91.2
3411,4.33,12:46,146,91.2
3412,4.33,12:32,144,91.2
3413,4.33,12:32,144,91.2
3414,4.33,12:11,144,91.2
3415,4.33,12:32,144,91.2
3416,4.34,13:08,143,91.2
3417,4.34,13:49,143,91.2
3418,4.34,13:24,143,91.2
3419,4.34,13:49,143,91.2
3420,4.34,13:24,142,91.2
3421,4.34,13:32,142,91.2
3422,4.34,13:32,141,91.2
3423,4.34,13:41,142,91.2
3424,4.35,13:41,142,91.2
3425,4.35,13:24,142,91.2
3426,4.35,13:41,141,91.2
3427,4.35,13:01,142,91.2
3428,4.35,13:08,142,91.2
3429,4.35,13:16,142,91.2
3430,4.35,12:53,141,91.2
3431,4.35,12:11,141,91.2
3432,4.36,13:08,142,91.2
3433,4.36,13:08,142,91.2
3434,4.36,13:08,142,91.2
3435,4.36,13:41,143,91.2
3436,4.36,14:16,143,91.2
3437,4.36,13:32,143,91.2
3438,4.36,13:16,144,91.9
3439,4.36,12:53,144,91.9
3440,4.37,12:25,144,91.9
3441,4.37,12:11,144,91.9
3442,4.37,12:32,145,91.9
3443,4.37,12:25,144,91.2
3444,4.37,12:18,145,91.2
3445,4.37,13:16,145,91.2
3446,4.37,13:24,145,91.2
3447,4.37,13:24,145,91.2
3448,4.38,13:32,145,91.2
3449,4.38,13:24,145,91.9
3450,4.38,13:01,145,91.9
3451,4.38,12:32,146,91.9
3452,4.38,11:33,146,91.9
3453,4.38,11:39,146,91.9
3454,4.38,12:11,147,92.5
3455,4.39,11:52,147,92.5
3456,4.39,12:04,147,92.5
3457,4.39,12:53,147,92.5
3458,4.39,12:39,147,92.5
3459,4.39,12:39,147,92.5
3460,4.39,12:18,147,91.9
3461,4.39,12:18,147,91.9
3462,4.4,11:52,146,91.9
3463,4.4,11:33,146,91.9
3464,4.4,11:33,146,91.2
3465,4.4,12:25,146,91.2
3466,4.4,12:46,146,91.2
3467,4.4,13:01,146,91.2
3468,4.4,14:16,146,91.2
3469,4.4,14:07,146,91.2
3470,4.41,14:07,146,91.2
3471,4.41,14:34,146,91.2
3472,4.41,14:07,146,91.2
3473,4.41,13:41,145,91.2
3474,4.41,13:58,145,91.2
3475,4.41,13:49,146,91.2
3476,4.41,13:16,145,91.9
3477,4.41,13:41,145,91.9
3478,4.41,13:32,145,92.5
3479,4.42,13:24,145,92.5
3480,4.42,13:32,145,93.2
3481,4.42,13:16,144,93.2
3482,4.42,13:24,144,93.2
3483,4.42,13:58,145,93.8
3484,4.42,14:16,144,93.8
3485,4.42,14:34,144,93.8
3486,4.42,14:25,145,93.8
3487,4.43,13:41,145,93.8
3488,4.43,13:16,145,94.5
3489,4.43,13:16,145,94.5
3490,4.43,12:32,145,94.5
3491,4.43,13:01,145,94.5
3492,4.43,13:58,144,95.1
3493,4.43,14:16,144,95.1
3494,4.43,14:07,144,95.1
3495,4.44,14:16,142,95.1
3496,4.44,14:07,143,95.1
3497,4.44,13:58,142,95.8
3498,4.44,14:16,142,95.8
3499,4.44,14:25,143,96.5
3500,4.44,14:44,143,96.5
3501,4.44,14:54,143,97.1
3502,4.44,15:35,144,97.1
3503,4.44,15:04,145,97.8
3504,4.45,15:35,145,97.8
3505,4.45,15:35,146,98.4
3506,4.45,15:24,146,98.4
3507,4.45,13:49,147,99.1
3508,4.45,13:24,147,99.1
3509,4.45,12:53,147,99.1
3510,4.45,12:53,148,99.7
3511,4.45,12:39,149,100.4
3512,4.46,13:01,150,100.4
3513,4.46,13:32,150,100.4
3514,4.46,13:49,151,101.0
3515,4.46,13:24,152,101.0
3516,4.46,14:25,152,101.7
3517,4.46,15:57,153,101.7
3518,4.46,15:57,154,102.4
3519,4.46,16:09,153,102.4
3520,4.46,16:58,154,102.4
3521,4.47,14:34,154,103.0
3522,4.47,13:41,155,103.0
3523,4.47,13:41,155,103.7
3524,4.47,12:11,155,103.7
3525,4.47,11:58,154,103.7
3526,4.47,13:41,155,104.3
3527,4.47,13:16,154,104.3
3528,4.47,12:46,154,104.3
3529,4.48,13:01,153,105.0
3530,4.48,12:46,153,105.0
3531,4.48,12:18,153,105.0
3532,4.48,12:11,154,105.6
3533,4.48,12:32,155,105.6
3534,4.48,13:24,156,105.6
3535,4.48,14:07,155,105.6
3536,4.48,13:32,155,105.6
3537,4.49,13:49,156,105.6
3538,4.49,13:08,156,106.3
3539,4.49,12:25,156,106.3
3540,4.49,12:32,156,106.3
3541,4.49,12:46,155,106.3
3542,4.49,12:46,155,106.3
3543,4.49,13:08,155,106.3
3544,4.49,13:58,153,106.3
3545,4.5,13:16,155,106.3
3546,4.5,13:16,155,106.3
3547,4.5,13:16,154,106.3
3548,4.5,12:53,154,106.3
3549,4.5,12:39,154,106.3
3550,4.5,12:25,154,106.3
3551,4.5,11:52,154,106.3
3552,4.51,12:11,154,106.3
3553,4.51,12:39,155,106.3
3554,4.51,12:46,156,106.3
3555,4.51,13:01,155,106.3
3556,4.51,13:49,155,106.3
3557,4.51,13:41,156,105.6
3558,4.51,13:32,156,105.6
3559,4.51,13:24,156,105.6
3560,4.52,13:08,155,105.6
3561,4.52,12:39,155,105.0
3562,4.52,12:39,155,105.0
3563,4.52,13:08,155,105.0
3564,4.52,13:58,155,104.3
3565,4.52,14:34,155,104.3
3566,4.52,13:24,154,103.7
3567,4.52,12:46,154,103.7
3568,4.53,12:32,154,103.0
3569,4.53,12:32,154,103.0
3570,4.53,12:11,154,103.0
3571,4.53,12:53,153,103.0
3572,4.53,13:24,152,103.0
3573,4.53,12:46,152,103.7
3574,4.53,12:32,152,103.0
3575,4.53,12:32,151,103.0
3576,4.54,13:24,151,102.4
3577,4.54,13:08,150,102.4
3578,4.54,13:41,150,101.7
3579,4.54,13:08,150,101.7
3580,4.54,13:16,150,101.7
3581,4.54,12:53,151,101.7
3582,4.54,13:01,151,101.0
3583,4.55,12:53,151,101.0
3584,4.55,12:25,151,100.4
3585,4.55,12:32,151,100.4
3586,4.55,12:04,151,100.4
3587,4.55,12:18,150,100.4
3588,4.55,12:25,151,100.4
3589,4.55,13:58,151,100.4
3590,4.55,13:49,150,100.4
3591,4.55,14:54,150,100.4
3592,4.56,15:35,149,99.7
3593,4.56,15:46,148,99.7
3594,4.56,13:32,149,99.7
3595,4.56,13:32,148,99.7
3596,4.56,12:25,147,99.7
3597,4.56,10:59,147,99.7
3598,4.56,10:48,147,99.7
3599,4.57,11:27,147,99.1
3600,4.57,11:52,147,99.1
3601,4.57,12:18,147,99.1
3602,4.57,13:16,147,99.1
3603,4.57,13:24,146,99.1
3604,4.57,14:07,146,98.4
3605,4.57,14:07,146,98.4
3606,4.57,14:44,145,97.8
3607,4.58,14:16,145,97.8
3608,4.58,14:16,145,97.1
3609,4.58,13:49,145,97.1
3610,4.58,13:16,146,97.1
3611,4.58,12:39,146,96.5
3612,4.58,13:16,146,96.5
3613,4.58,13:16,145,96.5
3614,4.58,12:53,145,96.5
3615,4.59,12:25,145,95.8
3616,4.59,12:18,144,95.8
3617,4.59,12:25,144,95.8
3618,4.59,12:39,144,95.1
3619,4.59,13:01,144,94.5
3620,4.59,14:07,143,94.5
3621,4.59,15:14,144,94.5
3622,4.59,15:14,143,93.8
3623,4.6,14:07,143,93.8
3624,4.6,13:08,143,93.8
3625,4.6,12:46,143,93.8
3626,4.6,12:39,144,93.2
3627,4.6,12:25,145,93.2
3628,4.6,12:39,144,93.2
3629,4.6,12:39,145,93.2
3630,4.61,12:25,145,92.5
3631,4.61,12:11,144,93.2
3632,4.61,12:25,143,93.2
3633,4.61,13:01,142,93.2
3634,4.61,13:16,142,93.2
3635,4.61,13:01,141,93.2
3636,4.61,13:08,141,93.2
3637,4.61,13:41,141,93.2
3638,4.61,13:32,140,93.2
3639,4.62,13:58,141,93.2
3640,4.62,14:16,140,93.2
3641,4.62,14:16,140,92.5
3642,4.62,12:46,140,91.9
3643,4.62,11:58,141,91.9
3644,4.62,11:45,141,91.9
3645,4.62,11:39,141,91.9
3646,4.63,10:59,141,92.5
3647,4.63,11:27,142,92.5
3648,4.63,11:45,141,92.5
3649,4.63,11:52,141,92.5
3650,4.63,11:58,141,91.9
3651,4.63,12:04,141,91.9
3652,4.63,12:04,141,91.9
3653,4.64,12:18,142,91.9
3654,4.64,12:25,142,91.2
3655,4.64,12:11,142,91.2
3656,4.64,12:18,141,91.2
3657,4.64,13:16,142,91.2
3658,4.64,13:32,142,91.2
3659,4.64,13:01,143,91.2
3660,4.64,13:41,143,91.2
3661,4.65,13:58,142,91.2
3662,4.65,12:53,141,91.2
3663,4.65,12:11,141,90.6
3664,4.65,13:01,140,90.6
3665,4.65,12:32,140,90.6
3666,4.65,12:39,140,89.9
3667,4.65,11:58,141,89.2
3668,4.65,13:01,141,89.2
3669,4.66,13:01,142,88.6
3670,4.66,12:53,142,88.6
3671,4.66,12:46,143,87.9
3672,4.66,13:41,143,87.9
3673,4.66,12:46,145,87.9
3674,4.66,12:25,144,87.9
3675,4.66,12:46,145,87.9
3676,4.67,13:16,145,87.9
3677,4.67,12:25,145,87.3
3678,4.67,12:46,145,87.3
3679,4.67,13:32,146,86.6
3680,4.67,13:49,146,86.6
3681,4.67,13:01,146,86.6
3682,4.67,12:53,146,86.0
3683,4.67,12:53,147,86.0
3684,4.68,12:04,145,86.0
3685,4.68,10:59,145,86.0
3686,4.68,11:05,145,86.0
3687,4.68,12:11,145,86.0
3688,4.68,11:05,145,86.0
3689,4.68,10:54,146,86.0
3690,4.69,10:59,146,86.0
3691,4.69,10:48,146,86.0
3692,4.69,10:14,146,86.0
3693,4.69,11:39,146,86.0
3694,4.69,12:04,146,86.0
3695,4.69,13:49,146,86.0
3696,4.69,14:54,146,86.0
3697,4.69,15:24,146,86.0
3698,4.69,14:44,146,85.3
3699,4.7,13:58,146,85.3
3700,4.7,13:49,146,85.3
3701,4.7,13:32,146,85.3
3702,4.7,13:32,146,85.3
3703,4.7,13:16,146,86.0
3704,4.7,13:32,146,86.0
3705,4.7,12:46,146,85.3
3706,4.71,11:58,145,85.3
3707,4.71,11:45,145,85.3
3708,4.71,11:52,145,85.3
3709,4.71,12:04,144,85.3
3710,4.71,12:46,144,86.0
3711,4.71,13:01,144,86.0
3712,4.71,13:24,144,86.6
3713,4.71,12:39,144,86.6
3714,4.72,12:46,144,86.6
3715,4.72,12:18,144,86.6
3716,4.72,12:32,144,86.6
3717,4.72,11:58,145,86.6
3718,4.72,12:11,146,86.0
3719,4.72,11:45,145,86.0
3720,4.72,11:45,146,86.0
3721,4.73,12:18,146,86.0
3722,4.73,13:01,146,86.0
3723,4.73,13:58,145,86.6
3724,4.73,14:07,145,86.6
3725,4.73,14:16,145,86.6
3726,4.73,13:49,145,86.6
3727,4.73,13:24,145,86.6
3728,4.73,12:46,145,86.6
3729,4.74,13:16,145,86.6
3730,4.74,12:46,145,86.6
3731,4.74,12:25,145,86.6
3732,4.74,12:46,146,86.6
3733,4.74,13:08,146,86.6
3734,4.74,12:18,146,86.6
3735,4.74,13:01,146,86.6
3736,4.74,13:01,146,86.6
3737,4.75,12:32,147,86.6
3738,4.75,12:11,147,86.6
3739,4.75,13:08,147,86.6
3740,4.75,12:32,148,86.6
3741,4.75,13:08,147,86.6
3742,4.75,13:32,148,86.6
3743,4.75,13:41,149,86.6
3744,4.75,13:16,148,86.6
3745,4.76,13:41,148,86.6
3746,4.76,13:58,147,86.6
3747,4.76,14:25,146,86.0
3748,4.76,14:44,145,86.0
3749,4.76,15:04,145,86.0
3750,4.76,13:58,144,86.0
3751,4.76,12:18,144,86.0
3752,4.77,11:21,144,86.0
3753,4.77,10:48,145,86.0
3754,4.77,10:33,146,86.0
3755,4.77,10:48,146,86.0
3756,4.77,11:16,146,86.0
3757,4.77,11:33,147,86.0
3758,4.77,12:11,147,86.0
3759,4.77,12:25,147,86.0
3760,4.78,13:08,147,86.0
3761,4.78,14:16,148,86.0
3762,4.78,14:44,148,86.0
3763,4.78,15:04,148,86.0
3764,4.78,14:25,148,86.0
3765,4.78,13:24,148,86.0
3766,4.78,12:39,149,86.6
3767,4.78,12:11,148,86.6
3768,4.79,11:58,148,86.6
3769,4.79,12:25,148,86.0
3770,4.79,12:32,148,86.0
3771,4.79,12:39,148,86.0
3772,4.79,13:24,148,86.0
3773,4.79,13:16,149,86.0
3774,4.79,13:01,149,86.0
3775,4.8,12:46,148,86.0
3776,4.8,12:46,147,86.0
3777,4.8,12:53,148,86.6
3778,4.8,12:46,148,86.0
3779,4.8,13:01,147,86.0
3780,4.8,13:49,147,86.0
3781,4.8,14:34,147,86.0
3782,4.8,14:16,146,86.0
3783,4.8,15:04,146,86.0
3784,4.81,14:54,146,86.0
3785,4.81,14:25,146,85.3
3786,4.81,13:24,146,85.3
3787,4.81,12:53,146,85.3
3788,4.81,12:18,146,85.3
3789,4.81,11:52,146,84.6
3790,4.81,11:58,146,84.6
3791,4.82,12:11,147,84.6
3792,4.82,12:11,146,84.6
3793,4.82,12:46,147,84.6
3794,4.82,12:39,146,84.6
3795,4.82,12:11,146,84.0
3796,4.82,12:18,147,84.0
3797,4.82,11:33,146,84.0
3798,4.83,10:43,146,84.0
3799,4.83,11:21,144,84.0
3800,4.83,11:58,140,84.0
3801,4.83,12:25,138,84.0
3802,4.83,13:24,138,84.0
3803,4.83,13:58,138,84.0
3804,4.83,13:32,138,84.0
3805,4.83,13:08,138,84.0
3806,4.84,12:39,138,83.3
3807,4.84,12:46,138,83.3
3808,4.84,12:39,136,83.3
3809,4.84,13:01,131,83.3
3810,4.84,13:32,131,83.3
3811,4.84,13:24,131,83.3
3812,4.84,12:46,131,83.3
3813,4.84,12:32,132,83.3
3814,4.85,11:58,139,83.3
3815,4.85,11:16,143,82.7
3816,4.85,11:27,145,82.7
3817,4.85,11:33,146,82.7
3818,4.85,11:45,147,82.7
3819,4.85,12:04,148,82.7
3820,4.85,12:18,150,82.7
3821,4.86,12:11,151,82.7
3822,4.86,12:39,151,82.7
3823,4.86,12:53,151,82.7
3824,4.86,12:25,151,82.7
3825,4.86,12:32,151,82.7
3826,4.86,12:46,151,82.7
3827,4.86,12:53,151,83.3
3828,4.86,13:01,151,83.3
3829,4.87,13:16,151,83.3
3830,4.87,13:16,150,84.0
3831,4.87,13:01,150,84.0
3832,4.87,12:46,150,84.0
3833,4.87,12:39,150,84.0
3834,4.87,12:39,149,84.0
3835,4.87,12:04,149,84.0
3836,4.88,12:11,149,84.0
3837,4.88,12:39,150,84.0
3838,4.88,12:25,149,84.0
3839,4.88,12:32,149,84.0
3840,4.88,12:53,149,84.0
3841,4.88,12:04,148,84.0
3842,4.88,11:52,149,84.0
3843,4.88,11:45,148,84.0
3844,4.89,11:33,148,84.0
3845,4.89,11:45,147,84.0
3846,4.89,13:08,148,84.0
3847,4.89,14:07,147,84.0
3848,4.89,15:24,147,84.0
3849,4.89,15:57,147,84.0
3850,4.89,15:57,147,84.0
3851,4.89,15:24,147,84.0
3852,4.9,13:49,147,84.0
3853,4.9,13:08,147,84.0
3854,4.9,12:53,148,83.3
3855,4.9,12:53,148,83.3
3856,4.9,12:39,148,84.0
3857,4.9,13:01,148,84.0
3858,4.9,12:46,148,84.0
3859,4.9,12:53,148,84.0
3860,4.91,13:41,148,84.0
3861,4.91,14:07,148,84.0
3862,4.91,13:41,147,84.6
3863,4.91,14:25,147,84.6
3864,4.91,14:07,147,84.6
3865,4.91,13:08,147,84.6
3866,4.91,13:01,148,84.6
3867,4.91,13:08,148,85.3
3868,4.92,12:18,147,85.3
3869,4.92,12:25,147,85.3
3870,4.92,12:25,147,85.3
3871,4.92,12:18,147,85.3
3872,4.92,12:46,147,86.0
3873,4.92,13:08,147,86.0
3874,4.92,13:41,147,86.0
3875,4.92,14:16,147,86.0
3876,4.93,13:58,147,86.0
3877,4.93,13:24,147,86.0
3878,4.93,13:08,147,86.0
3879,4.93,13:01,147,86.0
3880,4.93,12:53,146,86.6
3881,4.93,12:53,147,86.6
3882,4.93,12:32,147,86.6
3883,4.93,12:46,146,86.6
3884,4.94,12:46,146,86.6
3885,4.94,12:32,146,87.3
3886,4.94,12:32,146,87.3
3887,4.94,13:16,147,87.3
3888,4.94,13:08,146,87.3
3889,4.94,13:08,146,87.3
3890,4.94,13:32,145,87.3
3891,4.94,13:24,145,87.3
3892,4.95,12:53,145,87.3
3893,4.95,13:24,145,87.3
3894,4.95,13:08,145,87.3
3895,4.95,13:16,146,87.9
3896,4.95,13:58,146,87.9
3897,4.95,14:07,146,87.9
3898,4.95,13:24,146,87.9
3899,4.95,13:32,147,87.9
3900,4.96,13:08,147,87.9
3901,4.96,12:25,147,87.9
3902,4.96,12:32,147,87.9
3903,4.96,12:25,147,88.6
3904,4.96,12:25,147,88.6
3905,4.96,12:11,148,88.6
3906,4.96,12:39,148,88.6
3907,4.97,12:46,148,88.6
3908,4.97,13:32,148,88.6
3909,4.97,13:32,148,88.6
3910,4.97,13:58,148,89.2
3911,4.97,13:49,148,89.2
3912,4.97,13:16,148,89.2
3913,4.97,13:24,148,89.2
3914,4.97,13:41,148,89.2
3915,4.98,13:41,148,89.2
3916,4.98,13:58,148,89.2
3917,4.98,14:25,148,89.2
3918,4.98,13:49,149,89.2
3919,4.98,13:32,149,89.9
3920,4.98,13:32,149,89.9
3921,4.98,13:08,149,89.9
3922,4.98,13:01,150,89.9
3923,4.98,13:32,149,90.6
3924,4.99,13:16,149,90.6
3925,4.99,13:08,150,90.6
3926,4.99,13:01,151,89.9
3927,4.99,13:24,151,89.9
3928,4.99,13:32,150,89.9
3929,4.99,14:25,151,89.9
3930,4.99,15:14,150,89.9
3931,4.99,14:54,150,89.9
3932,5.0,14:44,151,90.6
3933,5.0,14:25,150,90.6
3934,5.0,13:49,149,90.6
3935,5.0,13:08,149,90.6
3936,5.0,13:49,149,91.2
3937,5.0,13:24,149,91.2
3938,5.0,12:46,150,91.2
3939,5.0,12:46,150,91.2
3940,5.01,12:46,151,91.9
3941,5.01,12:32,151,91.9
3942,5.01,12:53,151,91.9
3943,5.01,13:08,150,91.9
3944,5.01,13:16,150,91.9
3945,5.01,13:32,149,91.9
3946,5.01,13:16,150,91.9
3947,5.01,13:01,150,91.9
3948,5.02,13:16,150,91.9
3949,5.02,13:24,150,91.9
3950,5.02,13:58,150,91.9
3951,5.02,14:07,150,91.9
3952,5.02,14:25,151,91.9
3953,5.02,13:41,152,91.9
3954,5.02,13:08,151,91.2
3955,5.02,11:58,152,91.2
3956,5.03,11:45,151,91.2
3957,5.03,11:45,151,91.2
3958,5.03,11:10,151,91.2
3959,5.03,11:05,151,91.2
3960,5.03,11:39,152,91.9
3961,5.03,12:11,151,91.9
3962,5.03,12:11,152,92.5
3963,5.04,13:41,151,92.5
3964,5.04,14:07,151,92.5
3965,5.04,14:44,151,91.9
3966,5.04,15:24,151,91.2
