elapsed_seconds,distance_miles,pace_per_mile,heartrate,altitude_ft
0,0.0,,79,189.0
1,0.0,,73,189.0
2,0.0,,74,188.3
3,0.0,,74,187.7
4,0.0,,75,187.7
5,0.0,,77,187.0
6,0.0,,78,187.0
7,0.0,,79,186.4
8,0.0,,80,185.7
9,0.0,,82,185.7
10,0.0,,85,185.7
11,0.0,,88,185.0
12,0.0,,90,184.4
13,0.0,38:19,95,184.4
14,0.0,27:22,98,184.4
15,0.0,27:22,99,184.4
16,0.01,15:46,102,184.4
17,0.01,14:25,106,184.4
18,0.01,17:38,106,183.7
19,0.01,18:37,106,183.7
20,0.01,16:33,107,183.1
21,0.01,20:37,107,183.1
22,0.01,16:58,108,182.4
23,0.01,16:21,108,182.4
24,0.01,12:39,109,182.4
25,0.02,12:25,110,182.4
26,0.02,13:16,110,181.8
27,0.02,13:58,110,181.8
28,0.02,13:58,111,181.1
29,0.02,16:21,111,181.1
30,0.02,14:44,111,180.4
31,0.02,14:16,113,180.4
32,0.02,13:49,113,180.4
33,0.02,13:41,114,180.4
34,0.03,13:58,115,180.4
35,0.03,13:58,116,180.4
36,0.03,12:46,116,180.4
37,0.03,12:11,116,179.8
38,0.03,13:01,116,179.8
39,0.03,12:46,117,179.8
40,0.03,12:32,117,179.8
41,0.04,13:08,118,179.1
42,0.04,13:41,118,179.1
43,0.04,12:32,119,179.1
44,0.04,12:32,121,178.5
45,0.04,12:53,122,178.5
46,0.04,12:25,122,178.5
47,0.04,12:18,123,178.5
48,0.04,12:53,124,177.8
49,0.05,12:46,124,177.8
50,0.05,12:46,124,177.8
51,0.05,13:41,125,177.8
52,0.05,14:54,125,177.8
53,0.05,14:54,126,177.8
54,0.05,15:46,126,177.8
55,0.05,15:35,126,177.8
56,0.05,14:54,126,177.8
57,0.05,14:16,126,177.8
58,0.06,13:58,126,177.8
59,0.06,13:24,127,177.8
60,0.06,12:46,127,177.8
61,0.06,12:25,128,177.8
62,0.06,11:39,128,177.8
63,0.06,11:16,128,177.2
64,0.06,11:21,129,177.2
65,0.07,12:18,129,176.5
66,0.07,12:39,129,176.5
67,0.07,12:53,130,176.5
68,0.07,13:08,130,175.9
69,0.07,12:39,131,175.9
70,0.07,11:27,131,175.9
71,0.07,11:27,132,176.5
72,0.08,11:05,132,175.9
73,0.08,11:05,133,175.9
74,0.08,11:16,132,175.9
75,0.08,11:39,133,175.9
76,0.08,11:21,133,175.9
77,0.08,11:27,132,175.2
78,0.08,11:27,132,175.2
79,0.09,11:16,132,175.2
80,0.09,11:45,132,175.2
81,0.09,12:25,131,175.2
91,0.09,163:33,130,175.9
92,0.09,227:18,130,175.2
93,0.09,89:24,128,175.2
94,0.09,57:11,127,175.2
95,0.09,42:38,125,175.2
96,0.1,11:52,123,174.5
97,0.1,10:54,122,174.5
98,0.1,10:33,121,174.5
99,0.1,10:43,117,174.5
100,0.1,11:21,117,175.2
101,0.1,11:21,118,175.2
102,0.1,11:05,119,174.5
103,0.11,11:39,119,174.5
104,0.11,11:27,120,174.5
105,0.11,11:33,125,173.9
106,0.11,11:45,125,173.9
107,0.11,12:04,126,173.9
108,0.11,12:04,127,173.9
109,0.11,12:04,128,173.2
110,0.12,11:10,129,173.2
111,0.12,11:33,129,173.2
112,0.12,11:39,130,173.2
113,0.12,11:58,130,173.2
129,0.12,253:02,128,171.9
130,0.12,377:46,127,171.9
131,0.12,141:55,126,171.9
132,0.12,94:26,126,171.3
133,0.12,71:31,126,171.3
134,0.13,13:58,125,171.3
135,0.13,12:46,125,171.3
136,0.13,12:53,125,171.3
137,0.13,12:25,125,171.3
138,0.13,12:25,125,171.3
139,0.13,12:04,126,171.3
140,0.13,12:11,126,171.3
141,0.13,11:58,126,170.6
142,0.14,12:18,126,170.6
143,0.14,13:01,126,170.6
152,0.14,81:16,127,169.9
153,0.14,74:30,127,169.3
154,0.14,55:38,129,169.3
155,0.14,42:22,129,168.6
156,0.14,37:05,128,168.6
157,0.14,13:24,128,168.6
158,0.15,12:39,123,169.3
159,0.15,12:18,121,169.3
160,0.15,12:04,121,169.9
161,0.15,12:04,121,169.9
162,0.15,12:04,121,169.9
163,0.15,12:39,121,169.3
164,0.15,12:53,121,169.3
165,0.15,13:08,121,169.3
166,0.16,12:25,121,169.3
167,0.16,12:18,121,169.3
168,0.16,11:45,123,169.3
169,0.16,11:39,124,169.3
170,0.16,11:45,125,169.3
171,0.16,12:18,125,169.3
172,0.16,13:24,126,169.3
173,0.17,13:49,127,169.3
174,0.17,13:24,128,169.9
175,0.17,13:24,129,169.9
176,0.17,12:46,129,169.9
177,0.17,12:25,129,170.6
178,0.17,12:18,131,170.6
179,0.17,12:18,131,170.6
180,0.18,12:18,132,170.6
181,0.18,12:39,132,170.6
182,0.18,11:58,133,170.6
183,0.18,11:45,134,170.6
184,0.18,11:39,134,170.6
185,0.18,12:18,135,170.6
186,0.18,12:25,135,170.6
187,0.18,13:24,135,170.6
188,0.19,13:58,136,170.6
189,0.19,14:44,136,171.3
190,0.19,14:07,137,171.3
191,0.19,14:16,137,171.3
192,0.19,13:41,137,171.3
193,0.19,13:41,137,171.9
194,0.19,13:08,136,171.3
195,0.19,12:32,136,171.3
196,0.2,12:11,135,171.3
197,0.2,12:25,135,171.3
198,0.2,12:25,135,171.3
199,0.2,12:32,134,171.3
200,0.2,13:16,135,171.3
201,0.2,13:08,135,171.3
202,0.2,12:53,135,171.3
203,0.2,13:01,135,171.3
204,0.21,13:32,135,171.3
205,0.21,13:58,134,171.3
206,0.21,14:25,134,171.9
207,0.21,15:24,135,171.9
208,0.21,16:21,135,171.9
209,0.21,15:57,134,172.6
210,0.21,16:09,134,172.6
211,0.21,16:45,134,172.6
212,0.21,15:04,135,172.6
213,0.22,14:07,136,172.6
214,0.22,13:58,136,172.6
215,0.22,12:53,136,172.6
216,0.22,12:32,136,172.6
217,0.22,12:53,136,172.6
218,0.22,12:18,136,172.6
219,0.22,12:25,137,172.6
220,0.23,12:04,137,173.2
221,0.23,11:45,137,173.2
222,0.23,11:45,137,173.2
223,0.23,12:25,137,173.2
224,0.23,12:11,137,173.2
225,0.23,13:08,136,173.2
226,0.23,13:24,137,173.2
227,0.23,13:16,136,173.2
228,0.24,12:53,136,173.2
229,0.24,12:53,136,173.2
230,0.24,12:32,136,173.2
231,0.24,12:46,136,173.9
232,0.24,13:16,136,173.9
233,0.24,13:16,136,173.9
234,0.24,13:32,137,173.9
235,0.24,13:58,137,173.9
236,0.25,13:49,137,173.9
237,0.25,13:24,136,173.9
238,0.25,13:49,136,173.9
239,0.25,13:58,135,174.5
240,0.25,14:34,134,174.5
241,0.25,15:35,134,174.5
245,0.25,51:34,135,173.9
246,0.25,37:15,135,173.9
247,0.25,29:15,136,173.9
248,0.26,26:27,135,173.9
249,0.26,22:21,135,173.9
250,0.26,13:01,135,174.5
251,0.26,13:32,134,174.5
252,0.26,13:01,132,174.5
253,0.26,12:25,132,174.5
254,0.26,13:24,132,175.2
255,0.26,13:08,132,175.2
256,0.27,13:01,132,175.2
257,0.27,13:24,133,175.2
258,0.27,13:08,133,175.2
259,0.27,13:01,133,175.2
260,0.27,13:32,134,175.2
261,0.27,13:41,135,175.2
262,0.27,13:32,134,175.2
263,0.27,14:34,134,175.2
264,0.28,14:25,134,175.2
265,0.28,14:07,134,175.2
266,0.28,14:34,134,175.2
267,0.28,14:34,133,175.2
268,0.28,13:24,134,175.2
269,0.28,12:53,133,174.5
270,0.28,12:18,133,175.2
271,0.28,11:58,134,175.2
272,0.29,12:25,134,175.2
273,0.29,13:24,134,175.2
274,0.29,14:07,134,175.9
275,0.29,15:04,134,175.9
276,0.29,14:44,135,175.9
277,0.29,14:44,135,175.9
278,0.29,14:25,135,175.9
279,0.29,13:58,135,175.9
280,0.29,13:24,135,176.5
281,0.3,13:01,136,176.5
282,0.3,12:46,136,176.5
283,0.3,12:39,136,176.5
284,0.3,12:46,136,176.5
285,0.3,12:46,135,176.5
286,0.3,13:32,135,176.5
287,0.3,12:46,135,176.5
288,0.31,12:18,135,176.5
289,0.31,11:58,136,176.5
290,0.31,11:33,136,176.5
291,0.31,11:16,136,176.5
292,0.31,11:58,137,176.5
293,0.31,12:25,137,176.5
294,0.31,13:01,138,176.5
295,0.31,13:49,138,176.5
296,0.32,14:16,138,175.9
297,0.32,13:49,138,175.9
298,0.32,13:41,138,175.9
299,0.32,13:16,138,175.9
300,0.32,13:16,138,175.9
301,0.32,13:08,139,175.2
302,0.32,13:01,139,175.9
303,0.32,13:16,139,175.9
304,0.33,13:16,139,175.2
305,0.33,13:08,139,175.2
306,0.33,12:39,138,175.2
307,0.33,12:53,139,175.2
308,0.33,12:04,139,175.2
309,0.33,12:25,138,175.2
310,0.33,13:01,138,175.2
311,0.33,13:08,138,175.2
312,0.34,13:01,137,175.2
313,0.34,13:16,137,174.5
314,0.34,12:32,137,174.5
315,0.34,11:52,138,174.5
316,0.34,11:58,138,173.9
317,0.34,11:33,138,173.9
318,0.34,11:33,138,173.9
319,0.35,11:58,138,173.9
320,0.35,12:25,138,173.9
321,0.35,12:46,138,173.9
322,0.35,13:58,137,173.9
323,0.35,14:25,137,173.2
324,0.35,14:16,137,173.2
325,0.35,13:49,137,173.2
326,0.35,13:49,138,173.2
327,0.36,13:32,138,173.2
328,0.36,13:58,137,173.2
329,0.36,14:25,136,173.2
330,0.36,14:44,136,173.2
331,0.36,14:25,136,173.2
332,0.36,13:58,136,173.2
333,0.36,13:16,136,173.2
334,0.36,12:53,134,173.2
335,0.37,12:25,134,173.2
336,0.37,12:46,133,173.2
337,0.37,12:46,133,173.2
338,0.37,12:53,133,173.2
339,0.37,13:08,134,173.2
340,0.37,13:24,133,173.2
341,0.37,13:01,133,173.2
342,0.37,13:08,132,173.2
343,0.38,13:08,129,173.2
344,0.38,13:24,125,173.2
345,0.38,13:41,125,173.2
346,0.38,13:08,126,173.2
347,0.38,12:46,126,173.2
348,0.38,12:39,126,173.2
349,0.38,12:11,126,173.2
350,0.38,12:18,127,173.2
351,0.39,13:16,128,173.2
352,0.39,13:01,127,173.2
353,0.39,13:01,127,173.2
354,0.39,13:16,127,173.2
355,0.39,13:01,127,173.2
356,0.39,12:53,127,173.2
357,0.39,13:01,127,173.2
358,0.39,13:16,127,172.6
359,0.4,13:16,126,172.6
360,0.4,13:08,126,172.6
361,0.4,12:53,126,172.6
362,0.4,13:49,126,172.6
363,0.4,13:32,126,172.6
364,0.4,13:24,125,172.6
365,0.4,13:32,125,172.6
366,0.41,13:01,125,171.9
367,0.41,13:08,125,171.9
368,0.41,13:58,125,171.9
369,0.41,14:16,126,171.9
370,0.41,14:54,127,171.9
371,0.41,15:57,127,171.9
372,0.41,15:14,128,171.9
373,0.41,14:54,128,171.9
374,0.41,14:34,129,171.9
375,0.42,13:49,130,171.9
376,0.42,13:08,132,171.9
377,0.42,12:53,132,171.3
378,0.42,12:32,133,171.3
379,0.42,12:04,134,171.3
380,0.42,12:04,134,171.3
381,0.42,12:04,133,171.3
382,0.43,11:52,134,171.3
383,0.43,11:52,135,171.3
384,0.43,12:18,137,171.3
385,0.43,12:18,137,171.3
386,0.43,12:46,137,171.3
387,0.43,13:24,136,171.3
388,0.43,13:49,136,170.6
389,0.43,13:49,135,170.6
390,0.44,13:24,135,170.6
391,0.44,12:53,135,170.6
392,0.44,12:25,134,170.6
393,0.44,12:18,134,170.6
394,0.44,12:18,134,170.6
395,0.44,12:25,135,169.9
396,0.44,12:39,135,169.9
397,0.44,12:46,135,169.9
398,0.45,12:18,136,169.9
399,0.45,12:25,135,169.9
400,0.45,12:39,134,169.9
401,0.45,12:46,134,169.9
402,0.45,13:01,134,169.9
403,0.45,13:41,133,169.3
404,0.45,13:16,134,169.3
405,0.45,13:24,134,168.6
406,0.46,13:58,133,168.6
407,0.46,14:44,133,168.6
408,0.46,15:04,134,168.6
409,0.46,15:24,135,168.6
410,0.46,15:46,135,168.6
411,0.46,15:35,135,168.6
412,0.46,15:46,134,168.0
413,0.46,14:16,134,168.0
414,0.46,14:07,134,168.0
415,0.47,13:41,134,168.0
416,0.47,13:24,135,167.3
417,0.47,12:25,135,167.3
418,0.47,13:01,135,167.3
419,0.47,12:53,135,167.3
420,0.47,12:39,136,167.3
421,0.47,12:46,136,167.3
422,0.48,12:18,136,167.3
423,0.48,11:58,136,168.0
424,0.48,11:58,136,168.0
425,0.48,12:04,138,168.0
426,0.48,12:25,138,168.0
427,0.48,13:24,138,168.6
428,0.48,13:41,137,168.6
429,0.48,14:25,137,168.6
430,0.49,14:34,137,168.6
431,0.49,14:07,137,168.6
432,0.49,13:49,137,168.6
433,0.49,13:32,138,168.6
434,0.49,13:08,138,168.6
435,0.49,13:32,138,168.6
436,0.49,13:01,138,168.6
437,0.49,13:41,138,168.6
438,0.49,14:25,138,168.6
439,0.5,14:34,138,168.6
440,0.5,13:58,138,168.6
441,0.5,14:25,138,168.6
442,0.5,13:16,138,168.6
443,0.5,13:32,138,168.6
444,0.5,13:41,140,168.6
445,0.5,14:07,140,168.6
446,0.5,13:41,140,168.6
447,0.51,13:58,141,168.6
448,0.51,13:24,140,168.6
449,0.51,13:08,140,168.0
450,0.51,13:08,140,168.0
451,0.51,13:08,140,168.0
452,0.51,13:24,140,167.3
453,0.51,13:24,140,167.3
454,0.51,13:41,140,167.3
455,0.52,13:08,140,167.3
456,0.52,13:01,140,168.0
457,0.52,12:53,141,168.0
458,0.52,12:46,141,168.0
459,0.52,12:25,141,168.0
460,0.52,13:01,141,168.0
461,0.52,13:24,141,167.3
462,0.52,13:32,141,167.3
463,0.53,14:25,141,167.3
464,0.53,14:16,141,166.7
465,0.53,14:16,141,166.7
466,0.53,14:25,141,166.7
467,0.53,13:58,140,166.7
468,0.53,13:58,140,166.7
469,0.53,14:25,140,166.7
470,0.53,13:41,140,166.7
471,0.54,13:32,139,166.7
472,0.54,14:16,139,166.7
473,0.54,13:58,139,166.7
474,0.54,14:07,139,166.7
475,0.54,14:16,139,166.7
476,0.54,14:44,139,166.7
477,0.54,14:44,139,166.7
478,0.54,13:58,139,167.3
479,0.54,13:24,138,167.3
480,0.55,13:41,138,168.0
481,0.55,12:46,138,168.0
482,0.55,12:46,138,168.0
483,0.55,12:53,138,168.0
484,0.55,13:08,139,168.0
485,0.55,13:32,138,168.0
486,0.55,14:44,138,168.0
487,0.55,14:07,138,168.0
488,0.56,15:14,138,167.3
489,0.56,15:57,136,167.3
490,0.56,16:09,136,166.7
491,0.56,15:35,136,166.0
492,0.56,16:33,136,166.0
493,0.56,16:09,136,166.0
494,0.56,16:09,136,166.0
495,0.56,15:46,137,166.0
496,0.56,14:34,137,166.0
497,0.57,13:32,138,165.4
498,0.57,11:58,138,165.4
499,0.57,11:10,139,165.4
500,0.57,10:38,139,164.7
501,0.57,11:05,139,164.7
502,0.57,11:10,139,164.7
503,0.57,11:52,138,164.7
504,0.58,11:58,138,164.7
505,0.58,12:11,139,164.7
506,0.58,12:11,139,164.7
507,0.58,12:32,140,164.0
508,0.58,13:01,139,164.0
509,0.58,13:16,140,164.0
510,0.58,13:41,140,163.4
511,0.58,13:41,140,163.4
512,0.59,13:32,140,163.4
513,0.59,13:08,140,164.0
514,0.59,13:16,140,163.4
515,0.59,12:53,139,163.4
516,0.59,12:39,139,163.4
517,0.59,12:32,139,163.4
518,0.59,12:46,139,162.7
519,0.6,12:11,139,162.7
520,0.6,12:18,139,162.7
521,0.6,12:39,138,162.7
522,0.6,12:53,139,162.7
523,0.6,12:53,139,162.7
524,0.6,13:16,139,162.7
525,0.6,12:53,139,162.7
526,0.6,12:46,139,162.1
527,0.61,12:32,139,161.4
528,0.61,12:18,139,161.4
529,0.61,12:32,139,160.8
530,0.61,12:53,138,160.8
531,0.61,13:16,139,160.1
532,0.61,13:01,140,160.1
533,0.61,13:41,140,160.1
534,0.61,14:34,140,160.1
535,0.62,14:54,140,159.4
536,0.62,15:57,141,159.4
537,0.62,17:11,141,159.4
538,0.62,16:21,141,159.4
539,0.62,15:14,141,158.8
540,0.62,14:44,140,158.1
541,0.62,13:32,139,158.1
542,0.62,13:08,140,157.5
543,0.62,12:53,139,156.8
544,0.63,13:01,139,156.8
545,0.63,13:24,139,156.8
546,0.63,13:24,138,156.2
547,0.63,13:01,138,156.2
548,0.63,13:01,138,155.5
549,0.63,13:01,138,155.5
550,0.63,12:32,137,155.5
551,0.64,12:11,137,155.5
552,0.64,11:52,137,155.5
553,0.64,11:33,137,155.5
554,0.64,11:16,137,154.9
555,0.64,11:33,137,154.2
556,0.64,11:52,138,153.5
557,0.64,12:11,138,153.5
558,0.65,12:18,138,152.9
559,0.65,12:32,138,152.9
560,0.65,12:04,138,153.5
561,0.65,11:45,138,153.5
562,0.65,11:33,138,152.9
563,0.65,11:52,137,152.9
564,0.65,11:39,136,152.9
565,0.65,12:25,137,152.9
566,0.66,13:16,137,152.9
567,0.66,14:34,136,153.5
568,0.66,14:34,137,153.5
569,0.66,14:54,138,152.9
570,0.66,14:34,138,152.9
571,0.66,13:58,138,152.9
572,0.66,13:16,139,152.2
573,0.66,13:49,140,152.2
574,0.67,13:58,140,152.2
575,0.67,13:58,141,151.6
576,0.67,13:49,140,150.9
577,0.67,14:07,140,150.9
578,0.67,13:41,140,150.3
579,0.67,12:39,140,150.3
580,0.67,11:52,140,149.6
581,0.67,11:45,139,149.6
582,0.68,11:16,138,149.6
583,0.68,10:59,137,149.0
584,0.68,11:27,137,149.0
585,0.68,11:52,137,149.0
586,0.68,11:58,138,149.0
587,0.68,12:04,139,148.3
588,0.68,11:52,139,148.3
589,0.69,12:11,140,149.0
590,0.69,12:04,140,148.3
591,0.69,11:21,141,148.3
592,0.69,11:52,141,148.3
593,0.69,12:18,141,147.6
594,0.69,12:04,141,147.6
595,0.69,12:46,141,147.0
596,0.7,13:32,142,147.0
597,0.7,13:16,141,146.3
598,0.7,13:32,142,146.3
599,0.7,13:08,142,145.7
600,0.7,13:01,142,145.7
601,0.7,13:32,142,145.0
602,0.7,13:24,142,145.0
603,0.7,13:16,142,144.4
604,0.71,13:16,143,144.4
605,0.71,12:53,143,143.7
606,0.71,12:25,143,143.0
607,0.71,11:58,143,143.0
608,0.71,11:45,143,142.4
609,0.71,11:58,143,141.7
610,0.71,11:52,143,141.7
611,0.71,11:52,143,141.1
612,0.72,11:52,142,139.8
613,0.72,11:10,142,139.8
614,0.72,10:54,141,139.1
615,0.72,10:54,141,138.5
616,0.72,10:59,140,138.5
617,0.72,11:10,140,137.8
618,0.73,11:58,140,137.8
619,0.73,12:46,141,137.1
620,0.73,12:32,141,137.1
621,0.73,12:11,140,136.5
622,0.73,12:11,141,136.5
623,0.73,11:52,141,135.8
624,0.73,11:27,140,135.2
625,0.73,11:45,139,134.5
626,0.74,12:11,138,133.9
627,0.74,12:32,138,133.2
628,0.74,12:11,138,133.2
629,0.74,12:11,136,133.2
630,0.74,12:11,136,132.5
631,0.74,11:52,135,132.5
632,0.74,11:39,135,131.9
633,0.75,11:52,134,131.2
634,0.75,11:52,134,130.6
635,0.75,11:58,134,129.9
636,0.75,12:04,135,129.9
637,0.75,12:11,134,129.3
638,0.75,12:32,135,129.3
639,0.75,12:39,134,128.6
640,0.76,12:32,133,128.0
641,0.76,12:46,133,128.0
642,0.76,12:53,133,127.3
643,0.76,13:08,132,126.6
644,0.76,13:01,132,126.0
645,0.76,12:53,131,125.3
646,0.76,12:39,131,125.3
647,0.76,11:45,131,125.3
648,0.77,11:33,131,125.3
649,0.77,10:59,131,124.7
650,0.77,10:54,131,124.7
651,0.77,11:10,131,124.0
652,0.77,11:39,132,123.4
653,0.77,11:45,133,123.4
654,0.77,13:08,133,122.7
655,0.78,13:41,134,122.7
656,0.78,13:41,134,122.7
657,0.78,14:07,133,122.7
658,0.78,14:16,134,122.7
659,0.78,13:32,134,122.7
660,0.78,13:16,134,122.0
661,0.78,12:53,134,122.0
662,0.78,12:39,134,122.0
663,0.79,12:11,134,122.0
664,0.79,12:11,134,121.4
665,0.79,11:52,133,121.4
666,0.79,11:58,133,121.4
667,0.79,12:11,133,120.7
668,0.79,12:25,132,120.7
669,0.79,12:32,131,120.7
670,0.8,13:01,131,121.4
671,0.8,12:39,131,121.4
672,0.8,12:18,131,121.4
673,0.8,12:11,131,121.4
674,0.8,11:58,132,121.4
675,0.8,12:04,131,121.4
676,0.8,12:32,131,121.4
677,0.8,13:24,131,121.4
678,0.81,14:07,131,121.4
679,0.81,14:34,132,122.0
680,0.81,14:54,132,122.0
681,0.81,14:54,133,122.0
682,0.81,13:32,133,122.0
683,0.81,12:53,134,122.0
684,0.81,13:16,134,122.0
685,0.81,13:24,134,122.7
686,0.82,13:08,134,122.7
687,0.82,13:32,133,122.7
688,0.82,13:08,132,122.7
689,0.82,12:32,132,122.7
690,0.82,11:39,131,122.7
691,0.82,10:54,130,122.7
692,0.82,10:43,129,122.7
693,0.83,11:39,129,123.4
694,0.83,11:58,130,123.4
695,0.83,11:58,130,123.4
696,0.83,12:46,129,123.4
697,0.83,13:24,130,122.7
698,0.83,12:11,130,122.7
699,0.83,11:16,132,122.7
700,0.84,11:21,133,123.4
701,0.84,11:10,134,123.4
702,0.84,11:27,134,123.4
703,0.84,12:25,135,123.4
704,0.84,13:08,136,123.4
705,0.84,13:41,136,123.4
706,0.84,14:16,137,123.4
707,0.84,13:41,138,123.4
708,0.85,13:16,139,123.4
709,0.85,13:01,139,123.4
710,0.85,13:16,139,123.4
711,0.85,13:32,140,123.4
712,0.85,13:08,140,124.0
713,0.85,13:24,141,124.0
714,0.85,13:49,142,124.0
715,0.85,13:08,142,124.0
716,0.86,12:53,143,124.0
717,0.86,13:08,142,124.0
718,0.86,12:53,142,124.0
719,0.86,13:01,142,124.0
720,0.86,12:53,142,124.0
721,0.86,13:16,143,124.7
722,0.86,13:01,144,124.7
723,0.86,12:53,144,124.7
724,0.87,12:53,145,124.7
725,0.87,13:32,145,124.7
726,0.87,13:32,146,124.7
727,0.87,14:54,146,124.7
728,0.87,15:24,146,124.7
729,0.87,15:14,147,125.3
730,0.87,15:14,147,125.3
731,0.87,15:14,147,125.3
732,0.87,14:16,147,125.3
733,0.88,14:25,147,125.3
734,0.88,14:25,146,125.3
735,0.88,14:07,146,125.3
736,0.88,14:16,145,126.0
737,0.88,13:58,146,125.3
738,0.88,13:16,146,125.3
739,0.88,12:53,146,125.3
740,0.88,12:32,146,125.3
741,0.89,11:45,146,124.7
742,0.89,11:58,146,124.7
743,0.89,11:52,145,124.7
744,0.89,12:11,146,124.7
745,0.89,12:32,145,124.7
746,0.89,12:53,145,124.7
747,0.89,12:53,145,124.0
748,0.9,13:41,144,124.0
749,0.9,13:32,143,124.0
750,0.9,13:49,143,123.4
751,0.9,13:49,143,123.4
752,0.9,13:24,143,124.0
753,0.9,13:08,142,123.4
754,0.9,13:41,143,123.4
755,0.9,13:32,142,123.4
756,0.9,14:16,142,123.4
757,0.91,14:25,142,123.4
758,0.91,14:25,141,122.7
759,0.91,14:54,141,122.7
760,0.91,14:54,141,122.7
761,0.91,13:58,141,122.0
762,0.91,13:58,142,122.0
763,0.91,13:24,141,122.0
764,0.92,11:45,141,122.0
765,0.92,11:39,141,122.0
766,0.92,11:16,140,122.0
767,0.92,11:27,140,122.0
768,0.92,11:39,140,122.0
769,0.92,12:32,140,122.0
770,0.92,12:04,141,121.4
771,0.92,12:39,141,121.4
772,0.93,12:11,141,121.4
773,0.93,12:11,141,121.4
774,0.93,12:04,141,121.4
775,0.93,12:39,142,121.4
776,0.93,13:08,142,121.4
777,0.93,13:41,142,120.7
778,0.93,14:44,142,120.7
779,0.93,14:16,142,120.7
780,0.94,14:16,142,120.7
781,0.94,13:32,142,120.7
782,0.94,13:49,143,120.7
783,0.94,13:32,143,120.7
784,0.94,14:25,143,120.7
785,0.94,14:34,144,120.7
786,0.94,14:44,143,120.7
787,0.94,14:34,142,120.7
788,0.95,13:49,142,120.7
789,0.95,13:24,142,120.7
790,0.95,13:08,141,120.7
791,0.95,13:32,142,120.7
792,0.95,13:41,142,120.7
793,0.95,13:49,142,120.7
794,0.95,14:07,142,120.1
795,0.95,13:24,142,120.1
796,0.96,13:16,142,119.4
797,0.96,12:53,144,119.4
798,0.96,12:39,143,119.4
799,0.96,12:18,143,119.4
800,0.96,12:32,144,119.4
801,0.96,11:58,143,119.4
802,0.96,11:27,143,119.4
803,0.97,11:21,143,119.4
804,0.97,10:54,144,119.4
805,0.97,11:10,144,119.4
806,0.97,11:52,144,119.4
807,0.97,12:32,145,119.4
808,0.97,12:53,144,119.4
809,0.97,14:07,144,119.4
810,0.97,13:49,143,119.4
811,0.98,13:41,144,119.4
812,0.98,14:16,144,119.4
813,0.98,14:07,144,119.4
814,0.98,13:58,144,119.4
815,0.98,14:25,144,119.4
816,0.98,13:49,144,119.4
817,0.98,13:32,144,119.4
818,0.98,14:07,144,119.4
819,0.98,14:07,143,119.4
820,0.99,14:16,143,118.8
821,0.99,14:54,142,118.8
822,0.99,14:34,141,118.8
823,0.99,14:25,141,118.8
824,0.99,14:07,140,118.8
825,0.99,13:41,140,119.4
826,0.99,13:16,140,118.8
827,0.99,13:01,140,118.8
828,1.0,12:46,141,118.8
829,1.0,13:24,141,118.8
830,1.0,13:16,141,118.8
831,1.0,13:16,141,118.1
832,1.0,13:41,140,118.1
833,1.0,13:32,140,118.1
834,1.0,12:39,139,118.1
835,1.0,12:46,138,118.1
836,1.01,13:01,138,117.5
837,1.01,12:53,138,117.5
838,1.01,13:08,138,117.5
839,1.01,13:49,138,117.5
840,1.01,13:16,139,117.5
841,1.01,13:16,139,117.5
842,1.01,13:16,140,116.8
843,1.01,13:08,141,116.8
844,1.02,13:08,141,116.8
845,1.02,13:49,141,116.8
846,1.02,13:32,141,116.8
847,1.02,13:16,140,116.1
848,1.02,12:46,140,116.1
849,1.02,12:32,138,116.1
850,1.02,13:01,138,116.1
851,1.02,13:01,137,116.1
852,1.03,13:41,137,116.1
853,1.03,14:44,137,116.1
854,1.03,14:34,138,116.1
855,1.03,14:34,139,115.5
856,1.03,15:04,139,115.5
857,1.03,15:04,139,115.5
858,1.03,15:04,140,114.8
859,1.03,14:16,140,114.8
860,1.04,13:08,140,114.8
861,1.04,12:39,140,114.8
862,1.04,12:11,141,114.8
863,1.04,11:39,140,114.8
864,1.04,13:16,140,114.2
865,1.04,13:32,140,114.2
866,1.04,13:32,141,114.2
867,1.04,13:41,141,114.2
868,1.05,14:16,141,114.2
869,1.05,13:08,141,114.2
870,1.05,13:24,141,114.2
871,1.05,13:32,141,114.2
872,1.05,13:32,142,113.5
873,1.05,13:01,143,113.5
874,1.05,12:53,143,113.5
875,1.05,13:08,143,113.5
876,1.06,12:53,144,113.5
877,1.06,12:39,144,113.5
878,1.06,12:46,144,113.5
879,1.06,12:39,144,112.9
880,1.06,12:39,145,112.9
881,1.06,13:16,145,112.9
882,1.06,13:32,145,112.9
883,1.06,13:32,145,112.9
884,1.07,14:34,145,112.9
885,1.07,14:16,144,112.9
886,1.07,13:49,144,112.9
887,1.07,13:24,144,112.2
888,1.07,13:32,143,112.2
889,1.07,13:24,144,112.2
890,1.07,13:32,143,112.9
891,1.07,12:46,142,112.2
892,1.08,13:01,141,112.2
893,1.08,12:18,141,112.2
894,1.08,11:52,141,112.2
895,1.08,11:58,141,112.2
896,1.08,12:39,141,112.2
897,1.08,12:32,141,112.2
898,1.08,13:08,139,112.2
899,1.08,13:08,137,112.2
900,1.09,13:24,136,112.2
901,1.09,13:49,130,112.2
902,1.09,14:16,130,112.2
903,1.09,14:44,128,112.2
904,1.09,14:54,127,112.2
905,1.09,13:58,128,112.2
906,1.09,14:25,131,111.5
907,1.09,14:34,132,111.5
908,1.09,14:25,133,111.5
909,1.1,13:49,135,111.5
910,1.1,14:25,136,112.2
911,1.1,13:49,136,112.2
912,1.1,13:32,136,112.2
913,1.1,12:53,136,111.5
914,1.1,13:16,136,111.5
915,1.1,13:01,136,111.5
916,1.11,12:53,137,111.5
917,1.11,12:32,137,111.5
918,1.11,12:18,138,111.5
919,1.11,12:25,138,111.5
920,1.11,12:04,138,111.5
921,1.11,11:58,138,111.5
922,1.11,12:25,138,111.5
923,1.11,13:01,138,111.5
924,1.12,13:24,139,111.5
925,1.12,14:34,139,112.2
926,1.12,15:04,139,112.2
927,1.12,14:34,139,112.2
928,1.12,15:14,138,112.2
929,1.12,14:16,138,112.2
930,1.12,13:24,138,112.2
931,1.12,13:41,138,112.2
932,1.13,13:32,138,112.2
933,1.13,13:01,138,112.2
934,1.13,13:32,137,112.2
935,1.13,13:49,138,112.2
936,1.13,13:41,137,112.2
937,1.13,14:44,137,112.2
938,1.13,15:14,137,112.2
939,1.13,15:46,137,112.9
940,1.13,16:09,137,112.9
941,1.13,16:21,136,112.9
942,1.14,15:04,136,112.9
943,1.14,15:24,136,112.9
944,1.14,14:34,135,112.9
945,1.14,14:16,135,112.9
946,1.14,13:49,135,112.9
947,1.14,13:32,135,112.9
948,1.14,13:32,135,112.9
949,1.14,13:32,135,112.9
950,1.15,13:01,136,112.9
951,1.15,12:39,136,112.9
952,1.15,13:08,136,112.9
953,1.15,12:25,136,112.9
954,1.15,12:04,135,112.9
955,1.15,12:18,135,112.9
956,1.15,12:18,136,112.9
957,1.16,12:39,136,112.9
958,1.16,13:01,136,112.9
959,1.16,13:08,135,112.9
960,1.16,13:24,135,112.9
961,1.16,13:24,136,112.9
962,1.16,13:16,135,112.9
963,1.16,13:32,135,112.9
964,1.16,13:49,135,112.9
965,1.17,13:58,135,113.5
966,1.17,14:44,135,113.5
967,1.17,14:07,136,113.5
968,1.17,13:24,136,113.5
969,1.17,13:32,135,112.9
970,1.17,13:01,135,112.9
971,1.17,12:32,136,112.9
972,1.17,12:46,136,112.9
973,1.18,13:16,136,112.9
974,1.18,13:16,136,112.2
975,1.18,13:08,137,112.2
976,1.18,12:39,138,112.2
977,1.18,13:01,138,112.2
978,1.18,12:39,138,112.2
979,1.18,12:32,139,112.2
980,1.18,12:53,139,112.2
981,1.19,13:24,139,112.2
982,1.19,13:01,139,112.2
983,1.19,13:08,140,112.2
984,1.19,13:01,139,111.5
985,1.19,13:08,139,111.5
986,1.19,13:49,139,112.2
987,1.19,13:49,140,112.2
988,1.19,12:25,140,112.2
989,1.2,12:39,139,112.2
990,1.2,12:25,139,111.5
991,1.2,11:39,139,111.5
992,1.2,11:52,139,111.5
993,1.2,13:01,139,110.9
994,1.2,13:08,139,110.9
995,1.2,13:24,139,110.9
996,1.2,13:49,139,110.9
997,1.21,13:16,140,110.9
998,1.21,13:24,141,110.9
999,1.21,13:08,142,110.9
1000,1.21,13:24,142,110.9
1001,1.21,13:41,144,110.9
1002,1.21,14:07,145,110.9
1003,1.21,13:58,145,110.2
1004,1.21,13:24,146,110.2
1005,1.22,12:25,146,110.2
1006,1.22,12:11,146,109.6
1007,1.22,11:45,146,109.6
1008,1.22,11:39,147,109.6
1009,1.22,11:58,146,109.6
1010,1.22,12:11,147,109.6
1011,1.22,12:04,146,109.6
1012,1.23,12:11,146,109.6
1013,1.23,12:25,146,108.9
1014,1.23,12:39,145,108.9
1015,1.23,13:08,145,108.9
1016,1.23,13:32,144,108.9
1017,1.23,13:32,144,108.9
1018,1.23,13:49,144,108.9
1019,1.23,13:32,144,108.9
1020,1.24,13:49,144,108.9
1021,1.24,13:58,144,108.9
1022,1.24,14:16,144,108.3
1023,1.24,14:07,143,108.3
1024,1.24,13:58,143,108.3
1025,1.24,13:16,143,108.3
1026,1.24,12:53,143,108.3
1027,1.24,12:39,142,108.3
1028,1.25,12:25,143,108.3
1029,1.25,12:53,142,108.3
1030,1.25,13:08,143,108.3
1031,1.25,12:53,143,108.3
1032,1.25,13:24,143,107.6
1033,1.25,13:16,142,107.6
1034,1.25,13:16,141,107.6
1035,1.25,13:08,141,107.0
1036,1.26,13:24,141,107.0
1037,1.26,13:41,142,107.0
1038,1.26,13:58,142,107.0
1039,1.26,13:16,141,107.0
1040,1.26,13:16,141,106.3
1041,1.26,12:46,141,106.3
1042,1.26,12:11,141,106.3
1043,1.26,12:18,141,106.3
1044,1.27,12:32,140,106.3
1045,1.27,12:39,140,106.3
1046,1.27,14:07,138,106.3
1047,1.27,14:44,138,106.3
1048,1.27,13:49,139,106.3
1049,1.27,13:58,139,106.3
1050,1.27,13:49,138,106.3
1051,1.27,12:39,140,106.3
1052,1.28,12:53,139,106.3
1053,1.28,13:16,139,106.3
1054,1.28,13:41,140,106.3
1055,1.28,14:07,140,105.6
1056,1.28,14:25,140,105.6
1057,1.28,14:34,141,105.6
1058,1.28,15:04,142,105.6
1059,1.28,14:07,142,105.6
1060,1.29,13:32,143,105.0
1061,1.29,13:24,145,105.0
1062,1.29,11:58,145,105.0
1063,1.29,11:58,146,105.0
1064,1.29,12:11,145,105.0
1065,1.29,12:18,145,105.0
1066,1.29,12:11,144,105.0
1067,1.29,13:41,144,105.0
1068,1.3,13:49,143,105.0
1069,1.3,14:44,143,105.0
1070,1.3,15:24,143,105.0
1071,1.3,16:09,143,105.0
1072,1.3,15:04,143,105.0
1073,1.3,14:54,142,104.3
1074,1.3,14:07,142,104.3
1075,1.3,13:41,142,104.3
1076,1.31,13:24,142,104.3
1077,1.31,13:16,142,104.3
1078,1.31,13:08,142,104.3
1079,1.31,13:24,141,104.3
1080,1.31,13:24,141,104.3
1081,1.31,13:32,142,104.3
1082,1.31,14:07,142,104.3
1083,1.31,13:49,142,104.3
1084,1.32,13:24,141,104.3
1085,1.32,13:32,142,103.7
1086,1.32,13:16,141,103.7
1087,1.32,13:08,141,103.7
1088,1.32,13:16,141,103.7
1089,1.32,13:01,140,103.7
1090,1.32,13:08,137,103.7
1091,1.32,13:49,137,103.7
1092,1.32,13:41,136,103.7
1093,1.33,13:49,133,103.7
1094,1.33,14:07,128,103.7
1095,1.33,13:58,132,103.7
1096,1.33,13:32,131,103.7
1097,1.33,13:08,134,103.7
1098,1.33,13:01,134,103.7
1099,1.33,12:53,134,103.7
1100,1.34,12:46,134,104.3
1101,1.34,12:25,134,104.3
1102,1.34,12:53,134,103.7
1103,1.34,12:32,134,103.7
1104,1.34,12:46,135,103.7
1105,1.34,13:24,135,103.7
1106,1.34,13:32,134,103.7
1107,1.34,13:24,134,103.7
1108,1.34,14:44,134,103.7
1109,1.35,14:54,134,103.7
1110,1.35,14:07,134,103.7
1111,1.35,13:24,133,103.7
1112,1.35,13:01,131,103.7
1113,1.35,12:39,132,103.7
1114,1.35,12:39,133,104.3
1115,1.35,12:32,134,104.3
1116,1.36,13:24,134,104.3
1117,1.36,13:32,135,103.7
1118,1.36,13:58,137,103.7
1119,1.36,14:34,137,103.7
1120,1.36,15:14,138,103.7
1121,1.36,14:54,139,103.7
1122,1.36,15:35,140,103.7
1123,1.36,15:04,141,103.7
1124,1.36,13:49,143,103.7
1125,1.37,13:16,143,103.7
1126,1.37,13:32,143,103.0
1127,1.37,12:32,143,103.0
1128,1.37,12:04,143,103.0
1129,1.37,12:04,144,103.0
1130,1.37,11:39,144,103.0
1131,1.37,11:21,144,103.0
1132,1.38,12:25,144,103.0
1133,1.38,12:25,143,102.4
1134,1.38,12:25,142,102.4
1135,1.38,12:46,142,102.4
1136,1.38,12:46,141,102.4
1137,1.38,11:52,141,102.4
1138,1.38,12:11,141,102.4
1139,1.38,12:32,141,102.4
1140,1.39,12:53,141,101.7
1141,1.39,14:16,141,101.7
1142,1.39,15:24,141,101.7
1143,1.39,15:35,141,101.7
1144,1.39,15:14,141,101.7
1145,1.39,15:04,141,101.7
1146,1.39,14:07,141,101.7
1147,1.39,13:32,141,101.7
1148,1.39,13:16,141,101.7
1149,1.4,13:32,141,101.7
1150,1.4,14:07,139,101.7
1151,1.4,13:32,138,101.7
1152,1.4,13:49,138,101.7
1153,1.4,13:49,137,101.7
1154,1.4,13:32,137,101.7
1155,1.4,13:24,137,101.7
1156,1.4,14:16,137,101.0
1157,1.41,14:25,138,101.0
1158,1.41,14:16,138,101.0
1159,1.41,14:07,138,101.7
1160,1.41,13:16,139,101.7
1161,1.41,12:39,140,101.7
1162,1.41,12:25,140,101.7
1163,1.41,12:25,140,101.7
1164,1.41,12:46,141,101.7
1165,1.42,13:49,140,101.7
1166,1.42,13:41,141,101.7
1167,1.42,13:08,140,101.7
1168,1.42,13:08,140,101.7
1169,1.42,12:39,140,101.7
1170,1.42,11:39,141,101.7
1171,1.42,11:58,141,101.0
1172,1.43,12:46,141,101.0
1173,1.43,12:46,141,101.0
1174,1.43,13:16,142,101.0
1175,1.43,13:58,142,101.0
1176,1.43,13:58,142,101.0
1177,1.43,13:58,143,101.0
1178,1.43,13:49,144,101.0
1179,1.43,13:41,144,101.0
1180,1.43,13:41,144,101.7
1181,1.44,13:08,145,101.7
1182,1.44,12:25,145,101.7
1183,1.44,12:32,146,101.7
1184,1.44,12:18,146,101.7
1185,1.44,12:18,146,101.7
1186,1.44,13:16,146,101.7
1187,1.44,13:24,146,101.7
1188,1.45,13:41,147,101.7
1189,1.45,14:34,146,101.7
1190,1.45,14:07,146,101.0
1191,1.45,13:24,146,101.0
1192,1.45,13:41,147,101.0
1193,1.45,13:01,147,101.0
1194,1.45,12:32,147,101.0
1195,1.45,12:53,148,101.0
1196,1.45,13:41,147,101.0
1197,1.46,13:58,148,101.0
1198,1.46,14:54,148,101.0
1199,1.46,14:54,149,101.0
1200,1.46,14:54,149,100.4
1201,1.46,14:16,148,100.4
1202,1.46,14:16,148,101.0
1203,1.46,14:07,147,101.0
1204,1.46,14:07,148,101.0
1205,1.47,14:16,148,101.0
1206,1.47,13:41,148,101.0
1207,1.47,13:24,147,101.0
1208,1.47,12:32,148,101.0
1209,1.47,12:46,149,101.0
1210,1.47,12:53,149,100.4
1211,1.47,13:24,148,100.4
1212,1.47,13:16,148,100.4
1213,1.48,14:07,149,100.4
1214,1.48,13:41,149,100.4
1215,1.48,13:01,148,99.7
1216,1.48,12:18,148,99.7
1217,1.48,12:25,148,99.7
1218,1.48,12:32,147,99.1
1219,1.48,12:46,147,99.1
1220,1.48,13:32,147,99.1
1221,1.49,14:16,147,99.1
1222,1.49,14:44,147,99.1
1223,1.49,14:34,147,99.1
1224,1.49,14:16,147,99.7
1225,1.49,14:34,147,99.7
1226,1.49,15:24,148,99.7
1227,1.49,13:49,148,99.7
1228,1.49,13:49,148,99.7
1229,1.5,14:16,148,99.7
1230,1.5,13:08,148,99.7
1231,1.5,12:25,148,99.7
1232,1.5,13:24,149,99.1
1233,1.5,13:01,148,99.1
1234,1.5,13:16,149,99.1
1235,1.5,13:58,149,99.1
1236,1.5,13:49,150,99.1
1237,1.51,13:24,150,99.1
1238,1.51,13:32,150,99.1
1239,1.51,13:41,150,98.4
1240,1.51,13:32,150,98.4
1241,1.51,14:16,150,98.4
1242,1.51,15:04,150,98.4
1243,1.51,15:24,150,98.4
1244,1.51,14:54,150,97.8
1245,1.51,14:54,151,97.8
1246,1.52,14:07,151,97.1
1247,1.52,13:58,150,97.1
1248,1.52,13:49,150,97.1
1249,1.52,13:16,149,96.5
1250,1.52,13:01,149,96.5
1251,1.52,13:08,150,96.5
1252,1.52,12:18,148,96.5
1253,1.52,12:11,148,95.8
1254,1.53,12:25,147,95.8
1255,1.53,12:18,146,95.8
1256,1.53,12:25,147,95.1
1257,1.53,12:46,147,95.1
1258,1.53,12:32,147,95.1
1259,1.53,11:58,147,95.1
1260,1.53,11:52,146,94.5
1261,1.54,11:33,148,94.5
1262,1.54,11:58,147,94.5
1263,1.54,12:46,147,94.5
1264,1.54,13:24,148,94.5
1265,1.54,13:49,147,94.5
1266,1.54,13:32,147,94.5
1267,1.54,13:24,147,95.1
1268,1.54,13:01,147,95.1
1269,1.55,13:16,147,95.1
1270,1.55,12:46,145,95.1
1271,1.55,12:53,145,95.1
1272,1.55,12:32,145,94.5
1273,1.55,13:01,146,94.5
1274,1.55,13:08,146,94.5
1275,1.55,12:53,146,94.5
1276,1.55,13:24,145,94.5
1277,1.56,14:25,146,94.5
1278,1.56,13:58,146,94.5
1279,1.56,13:24,147,94.5
1280,1.56,14:07,147,95.1
1281,1.56,14:16,147,95.1
1282,1.56,13:08,147,95.1
1283,1.56,13:16,147,95.1
1284,1.56,13:24,147,95.1
1285,1.57,13:24,147,95.1
1286,1.57,13:41,146,95.1
1287,1.57,14:25,146,95.1
1288,1.57,14:34,147,95.8
1289,1.57,15:46,146,95.8
1290,1.57,16:33,144,96.5
1291,1.57,15:14,145,96.5
1292,1.57,15:14,145,96.5
1293,1.57,14:34,145,96.5
1294,1.58,13:16,145,97.1
1295,1.58,12:32,145,97.1
1296,1.58,13:08,146,97.1
1297,1.58,12:25,146,97.1
1298,1.58,11:58,146,97.1
1299,1.58,13:01,145,97.1
1300,1.58,13:32,146,97.1
1301,1.58,14:16,146,97.1
1302,1.59,14:44,147,97.1
1303,1.59,15:46,146,97.8
1304,1.59,14:25,146,97.8
1305,1.59,14:44,146,97.8
1306,1.59,14:44,146,98.4
1307,1.59,14:54,145,98.4
1308,1.59,15:14,145,98.4
1309,1.59,16:33,146,98.4
1310,1.59,16:09,146,99.1
1311,1.6,15:24,145,99.1
1312,1.6,14:44,145,99.1
1313,1.6,14:25,146,99.1
1314,1.6,14:07,146,99.1
1315,1.6,14:25,146,99.7
1316,1.6,13:49,146,99.7
1317,1.6,15:14,146,99.7
1318,1.6,15:14,146,99.7
1319,1.6,15:04,146,100.4
1320,1.61,15:04,146,100.4
1321,1.61,15:57,145,101.0
1322,1.61,15:46,146,101.0
1323,1.61,15:57,146,101.7
1324,1.61,15:14,147,101.7
1325,1.61,14:25,146,101.7
1326,1.61,13:32,146,101.7
1327,1.61,13:41,146,101.7
1328,1.61,13:16,147,102.4
1329,1.62,13:01,148,102.4
1330,1.62,13:41,148,102.4
1331,1.62,15:14,148,102.4
1332,1.62,14:34,147,102.4
1333,1.62,14:44,148,102.4
1334,1.62,15:35,149,102.4
1335,1.62,14:54,149,102.4
1336,1.62,13:41,149,102.4
1337,1.63,13:49,149,102.4
1338,1.63,13:58,149,102.4
1339,1.63,13:41,148,102.4
1340,1.63,13:58,147,102.4
1341,1.63,14:07,148,101.7
1342,1.63,14:07,148,101.7
1343,1.63,14:25,148,101.7
1344,1.63,15:04,147,101.0
1345,1.63,15:04,147,100.4
1346,1.64,15:24,147,100.4
1347,1.64,15:57,148,100.4
1348,1.64,15:35,147,100.4
1349,1.64,14:25,147,99.7
1350,1.64,14:07,147,100.4
1351,1.64,13:41,147,99.7
1352,1.64,12:53,147,100.4
1353,1.64,13:08,148,100.4
1354,1.65,13:58,147,100.4
1355,1.65,14:54,148,100.4
1356,1.65,15:46,147,99.7
1357,1.65,15:57,147,99.7
1358,1.65,15:24,147,99.7
1359,1.65,15:24,146,99.7
1360,1.65,13:24,146,100.4
1361,1.65,13:01,145,100.4
1362,1.65,13:24,145,100.4
1363,1.66,13:16,146,101.0
1364,1.66,13:41,147,101.0
1365,1.66,14:25,146,101.0
1366,1.66,13:49,146,101.0
1367,1.66,13:32,146,101.0
1368,1.66,13:41,146,101.0
1369,1.66,13:01,146,101.0
1370,1.66,13:32,147,101.0
1371,1.67,14:16,148,101.0
1372,1.67,13:58,147,101.0
1373,1.67,14:16,147,101.0
1374,1.67,14:25,147,101.0
1375,1.67,14:07,149,101.0
1376,1.67,13:41,148,100.4
1377,1.67,13:41,149,100.4
1378,1.67,13:41,148,100.4
1379,1.67,13:41,148,100.4
1380,1.68,13:49,149,100.4
1381,1.68,14:16,150,99.7
1382,1.68,13:41,150,99.7
1383,1.68,13:32,150,99.7
1384,1.68,14:25,151,99.7
1385,1.68,14:16,151,99.7
1386,1.68,13:49,150,100.4
1387,1.68,14:34,149,100.4
1388,1.69,14:25,150,100.4
1389,1.69,13:01,151,100.4
1390,1.69,12:53,150,100.4
1391,1.69,13:24,150,99.7
1392,1.69,13:01,149,99.7
1393,1.69,12:46,149,99.7
1394,1.69,12:53,149,99.7
1395,1.69,13:08,150,99.7
1396,1.7,12:46,149,99.7
1397,1.7,13:16,148,99.7
1398,1.7,14:16,148,99.1
1399,1.7,15:14,147,99.1
1400,1.7,14:44,147,99.1
1401,1.7,13:32,147,99.1
1402,1.7,13:16,147,99.1
1403,1.7,12:32,147,99.1
1404,1.71,11:45,147,99.1
1405,1.71,12:04,147,99.1
1406,1.71,13:01,147,99.1
1407,1.71,13:01,148,99.1
1408,1.71,13:41,147,99.1
1409,1.71,14:16,147,99.1
1410,1.71,14:44,147,99.1
1411,1.71,14:34,147,99.1
1412,1.71,16:45,147,99.1
1413,1.72,15:14,147,99.1
1414,1.72,14:25,147,99.1
1415,1.72,13:08,147,99.1
1416,1.72,13:16,148,99.7
1417,1.72,12:18,148,99.7
1418,1.72,13:16,148,99.7
1419,1.72,13:32,148,99.7
1420,1.72,14:44,149,99.7
1421,1.73,14:54,149,99.7
1422,1.73,14:34,149,99.7
1423,1.73,13:24,150,99.7
1424,1.73,13:24,150,99.7
1425,1.73,13:01,149,100.4
1426,1.73,13:01,150,100.4
1427,1.73,13:41,150,100.4
1428,1.73,13:41,151,100.4
1429,1.74,14:16,150,100.4
1430,1.74,14:16,151,101.0
1431,1.74,13:49,150,101.0
1432,1.74,12:25,149,101.0
1433,1.74,13:01,149,101.0
1434,1.74,12:46,149,101.7
1435,1.74,12:53,149,101.7
1436,1.74,12:46,149,101.7
1437,1.75,13:24,148,101.7
1438,1.75,13:41,148,101.7
1439,1.75,13:24,148,101.7
1440,1.75,13:32,148,101.7
1441,1.75,13:58,147,102.4
1442,1.75,14:07,147,102.4
1443,1.75,13:08,147,102.4
1444,1.75,13:41,148,103.0
1445,1.76,14:07,147,103.0
1446,1.76,14:25,147,103.0
1447,1.76,14:34,148,103.0
1448,1.76,15:35,148,103.0
1449,1.76,15:46,148,103.7
1450,1.76,14:34,150,103.7
1451,1.76,14:16,150,103.7
1452,1.76,14:07,151,103.7
1453,1.76,14:34,151,103.7
1454,1.77,13:16,152,104.3
1455,1.77,13:41,151,104.3
1456,1.77,12:53,151,104.3
1457,1.77,13:16,152,104.3
1458,1.77,13:08,152,104.3
1459,1.77,13:49,152,104.3
1460,1.77,13:49,152,104.3
1461,1.77,15:04,151,104.3
1462,1.78,14:54,152,104.3
1463,1.78,14:44,152,105.0
1464,1.78,15:57,151,105.0
1465,1.78,15:35,152,105.0
1466,1.78,15:24,152,105.0
1467,1.78,15:24,154,105.0
1468,1.78,16:09,154,105.0
1469,1.78,15:14,153,105.0
1470,1.78,15:04,152,105.0
1471,1.79,15:14,151,105.0
1472,1.79,15:04,150,105.0
1473,1.79,14:25,149,105.0
1474,1.79,15:14,149,105.0
1475,1.79,15:35,149,104.3
1476,1.79,14:34,148,104.3
1477,1.79,14:16,148,104.3
1478,1.79,13:41,147,104.3
1479,1.79,13:01,147,104.3
1480,1.8,13:16,148,104.3
1481,1.8,13:08,148,104.3
1482,1.8,13:32,147,103.7
1483,1.8,14:07,147,103.7
1484,1.8,14:07,147,103.7
1485,1.8,13:24,147,104.3
1486,1.8,13:58,147,104.3
1487,1.8,13:49,147,104.3
1488,1.81,13:24,148,104.3
1489,1.81,13:24,147,104.3
1490,1.81,14:16,147,104.3
1491,1.81,13:49,147,104.3
1492,1.81,13:24,147,105.0
1493,1.81,13:08,148,105.0
1494,1.81,12:53,147,105.0
1495,1.81,12:39,147,105.0
1496,1.82,13:32,147,105.0
1497,1.82,13:41,148,105.0
1498,1.82,13:32,148,105.0
1499,1.82,14:16,148,105.0
1500,1.82,14:07,148,105.0
1501,1.82,13:24,147,105.6
1502,1.82,13:24,148,105.6
1503,1.82,14:07,148,105.6
1504,1.83,13:32,148,106.3
1505,1.83,14:16,148,106.3
1506,1.83,14:25,149,106.3
1507,1.83,14:16,149,106.3
1508,1.83,13:58,149,106.3
1509,1.83,13:58,148,105.6
1510,1.83,13:08,147,105.6
1511,1.83,13:08,146,105.6
1512,1.83,13:58,147,105.0
1513,1.84,14:25,148,105.0
1514,1.84,15:14,148,105.0
1515,1.84,15:14,148,104.3
1516,1.84,15:14,148,104.3
1517,1.84,14:44,149,104.3
1518,1.84,14:34,148,104.3
1519,1.84,13:49,147,103.7
1520,1.84,14:44,147,103.7
1521,1.85,13:41,148,103.7
1522,1.85,13:24,148,103.7
1523,1.85,13:32,149,103.0
1524,1.85,13:24,148,103.0
1525,1.85,12:25,148,103.0
1526,1.85,13:01,148,103.0
1527,1.85,13:01,148,103.0
1528,1.85,12:53,149,103.0
1529,1.86,13:08,148,103.0
1530,1.86,13:49,148,103.0
1531,1.86,14:25,148,103.0
1532,1.86,15:24,148,103.7
1533,1.86,15:57,149,103.7
1534,1.86,16:09,149,104.3
1535,1.86,15:14,149,104.3
1536,1.86,15:24,150,105.0
1537,1.86,15:14,149,105.0
1538,1.86,15:35,149,105.6
1539,1.87,15:46,149,105.6
1540,1.87,16:21,149,106.3
1541,1.87,16:09,150,106.3
1542,1.87,15:14,150,107.0
1543,1.87,14:34,151,107.6
1544,1.87,15:04,152,108.3
1545,1.87,14:54,153,108.3
1546,1.87,14:54,153,108.9
1547,1.87,15:35,153,109.6
1548,1.88,16:33,154,110.2
1549,1.88,15:57,156,110.9
1550,1.88,17:11,156,110.9
1551,1.88,17:25,157,111.5
1552,1.88,17:25,157,111.5
1553,1.88,16:33,158,112.2
1554,1.88,16:45,158,112.2
1555,1.88,16:33,158,112.9
1556,1.88,16:09,159,112.9
1557,1.88,15:46,158,112.9
1558,1.89,15:35,158,112.9
1559,1.89,14:44,158,112.9
1560,1.89,14:34,158,112.9
1561,1.89,15:04,157,112.2
1562,1.89,15:04,156,111.5
1563,1.89,14:54,156,111.5
1564,1.89,15:14,155,110.9
1565,1.89,14:25,154,109.6
1566,1.9,13:49,154,108.9
1567,1.9,13:01,152,108.3
1568,1.9,12:11,153,107.0
1569,1.9,11:52,153,106.3
1570,1.9,11:45,154,106.3
1571,1.9,11:52,152,105.6
1572,1.9,12:39,152,105.6
1573,1.9,13:24,153,105.6
1574,1.91,13:41,152,105.6
1575,1.91,14:34,153,105.6
1576,1.91,13:49,153,105.0
1577,1.91,13:01,154,105.0
1578,1.91,13:01,154,105.0
1579,1.91,12:32,154,105.0
1580,1.91,12:11,154,105.0
1581,1.92,12:11,153,104.3
1582,1.92,12:18,153,104.3
1583,1.92,11:33,153,104.3
1584,1.92,11:33,153,104.3
1585,1.92,10:33,154,103.7
1586,1.92,10:14,155,104.3
1587,1.92,10:18,154,104.3
1588,1.93,10:48,154,104.3
1589,1.93,11:39,154,104.3
1590,1.93,13:32,155,104.3
1591,1.93,14:44,155,104.3
1592,1.93,14:16,154,104.3
1593,1.93,14:25,155,104.3
1594,1.93,14:07,153,104.3
1595,1.93,13:24,153,104.3
1596,1.94,13:01,153,104.3
1597,1.94,13:16,154,104.3
1598,1.94,13:08,154,104.3
1599,1.94,12:32,154,104.3
1600,1.94,12:18,154,104.3
1601,1.94,12:11,154,104.3
1602,1.94,11:58,155,104.3
1603,1.95,11:39,154,103.7
1604,1.95,11:39,154,103.7
1605,1.95,11:27,154,103.7
1606,1.95,11:33,154,103.7
1607,1.95,11:52,155,103.7
1608,1.95,12:25,156,103.7
1609,1.95,12:32,156,103.7
1610,1.95,13:08,156,103.7
1611,1.96,13:16,156,103.7
1612,1.96,13:16,156,103.7
1613,1.96,12:53,156,103.7
1614,1.96,13:01,156,103.7
1615,1.96,13:08,156,103.7
1616,1.96,13:24,156,103.7
1617,1.96,13:08,155,103.7
1618,1.96,13:08,155,103.7
1619,1.97,12:53,155,103.7
1620,1.97,12:53,154,103.7
1621,1.97,12:53,154,103.7
1622,1.97,12:39,155,103.7
1623,1.97,12:53,155,103.7
1624,1.97,13:16,155,103.7
1625,1.97,13:01,155,103.7
1626,1.97,13:58,155,103.7
1627,1.98,14:54,155,103.7
1628,1.98,14:34,154,103.7
1629,1.98,14:44,154,103.0
1630,1.98,14:54,154,103.0
1631,1.98,13:41,156,102.4
1632,1.98,13:08,156,102.4
1633,1.98,13:16,156,102.4
1634,1.98,13:08,156,101.7
1635,1.99,13:08,155,101.7
1636,1.99,13:24,156,101.7
1637,1.99,13:16,155,101.0
1638,1.99,13:24,154,100.4
1639,1.99,13:58,154,99.7
1640,1.99,14:54,154,99.1
1641,1.99,15:57,153,99.1
1642,1.99,17:38,153,98.4
1643,1.99,19:26,153,98.4
1644,1.99,18:53,153,97.8
1645,2.0,16:58,153,97.1
1646,2.0,14:16,152,97.1
1647,2.0,13:58,152,96.5
1648,2.0,12:11,153,96.5
1649,2.0,11:33,154,96.5
1650,2.0,11:45,154,96.5
1651,2.0,11:45,154,96.5
1652,2.01,10:59,154,97.1
1653,2.01,11:10,154,97.1
1654,2.01,11:05,154,97.1
1655,2.01,10:33,153,97.1
1656,2.01,10:54,154,97.1
1657,2.01,11:33,154,96.5
1658,2.01,12:18,154,97.1
1659,2.02,12:53,155,97.1
1660,2.02,13:24,155,97.1
1661,2.02,13:32,154,97.1
1662,2.02,13:08,154,97.1
1663,2.02,12:11,154,97.1
1664,2.02,12:11,155,97.1
1665,2.02,12:04,154,97.1
1666,2.03,11:27,154,97.1
1667,2.03,11:10,155,97.8
1668,2.03,11:33,155,97.8
1669,2.03,11:05,156,97.8
1670,2.03,11:10,157,97.8
1671,2.03,12:11,157,98.4
1672,2.03,13:08,157,98.4
1673,2.04,13:08,157,98.4
1674,2.04,13:41,157,99.1
1675,2.04,13:49,156,99.1
1676,2.04,13:41,157,99.1
1677,2.04,13:16,157,99.1
1678,2.04,13:08,157,99.1
1679,2.04,13:16,157,99.7
1680,2.04,13:24,156,99.7
1681,2.05,13:16,156,99.7
1682,2.05,13:16,157,99.7
1683,2.05,13:32,157,99.7
1684,2.05,13:16,157,99.7
1685,2.05,13:24,156,99.7
1686,2.05,13:41,156,99.7
1687,2.05,13:49,157,100.4
1688,2.05,13:49,157,100.4
1689,2.05,14:07,158,100.4
1690,2.06,13:58,158,100.4
1691,2.06,14:07,159,100.4
1692,2.06,14:07,160,100.4
1693,2.06,14:34,160,100.4
1694,2.06,14:54,160,100.4
1695,2.06,16:09,161,100.4
1696,2.06,16:33,161,100.4
1697,2.06,16:21,161,100.4
1698,2.06,15:57,160,100.4
1699,2.07,16:09,160,100.4
1700,2.07,14:25,160,100.4
1701,2.07,13:01,160,100.4
1702,2.07,12:32,160,100.4
1703,2.07,12:32,160,100.4
1704,2.07,11:27,156,100.4
1705,2.07,11:05,156,99.7
1706,2.08,11:27,156,99.7
1707,2.08,11:39,159,99.7
1708,2.08,11:10,159,99.7
1709,2.08,11:45,158,99.7
1710,2.08,11:45,158,99.7
1711,2.08,11:33,159,99.1
1712,2.08,12:04,159,99.1
1713,2.09,12:04,160,99.1
1714,2.09,11:58,160,99.1
1715,2.09,12:25,161,99.1
1716,2.09,11:16,161,99.1
1717,2.09,10:59,162,99.7
1718,2.09,11:16,162,99.7
1719,2.09,11:16,162,99.7
1720,2.1,11:33,161,100.4
1721,2.1,14:16,162,100.4
1722,2.1,14:25,163,100.4
1723,2.1,14:44,162,101.0
1724,2.1,14:54,163,101.0
1725,2.1,14:25,163,101.0
1726,2.1,13:41,162,101.0
1727,2.1,13:16,163,100.4
1728,2.1,13:01,162,100.4
1729,2.11,12:46,162,100.4
1730,2.11,12:25,162,100.4
1731,2.11,11:52,161,100.4
1732,2.11,11:39,162,100.4
1733,2.11,11:21,162,101.0
1734,2.11,11:10,162,101.0
1735,2.12,11:27,162,101.0
1736,2.12,11:27,162,101.0
1737,2.12,11:58,162,101.0
1738,2.12,12:39,162,100.4
1739,2.12,13:01,162,100.4
1740,2.12,13:08,161,100.4
1741,2.12,13:16,161,100.4
1742,2.12,13:24,160,101.0
1743,2.13,13:01,161,101.0
1744,2.13,13:41,160,101.0
1745,2.13,13:41,160,101.0
1746,2.13,14:25,159,101.0
1747,2.13,14:16,159,101.0
1748,2.13,14:54,159,101.0
1749,2.13,13:32,160,101.7
1750,2.13,13:32,160,101.7
1751,2.14,12:39,160,101.7
1752,2.14,12:11,161,101.0
1753,2.14,11:45,160,101.0
1754,2.14,11:58,160,101.0
1755,2.14,11:52,160,101.0
1756,2.14,12:11,160,101.0
1757,2.14,12:11,160,101.0
1758,2.14,11:58,160,101.0
1759,2.15,12:18,159,101.0
1760,2.15,12:04,160,101.0
1761,2.15,11:45,160,101.0
1762,2.15,11:39,161,101.0
1763,2.15,12:04,161,101.0
1764,2.15,12:18,161,101.0
1765,2.15,12:46,161,101.0
1766,2.16,12:53,161,101.7
1767,2.16,13:16,161,101.7
1768,2.16,13:08,161,101.0
1769,2.16,13:16,161,101.0
1770,2.16,13:24,161,101.0
1771,2.16,13:41,162,101.0
1772,2.16,13:49,162,101.0
1773,2.16,13:32,162,101.0
1774,2.17,12:32,162,101.0
1775,2.17,11:52,161,101.0
1776,2.17,11:45,161,101.0
1777,2.17,11:45,162,101.0
1778,2.17,12:11,161,101.0
1779,2.17,12:53,161,101.7
1780,2.17,13:01,161,101.7
1781,2.18,12:46,161,101.0
1782,2.18,13:08,161,101.0
1783,2.18,13:08,161,101.0
1784,2.18,13:08,160,101.0
1785,2.18,13:58,160,101.0
1786,2.18,14:44,160,101.0
1787,2.18,14:25,161,101.0
1788,2.18,13:58,161,101.0
1789,2.18,13:49,161,101.7
1790,2.19,13:58,161,101.7
1791,2.19,14:07,161,101.7
1792,2.19,13:41,161,101.7
1793,2.19,13:16,161,101.7
1794,2.19,13:08,161,101.7
1795,2.19,12:46,161,101.7
1796,2.19,12:46,161,101.7
1797,2.19,13:16,160,101.7
1798,2.2,14:16,160,101.7
1799,2.2,14:44,160,101.7
1800,2.2,15:14,160,101.7
1801,2.2,15:14,159,102.4
1802,2.2,15:24,158,102.4
1803,2.2,14:34,158,103.0
1804,2.2,13:58,157,103.0
1805,2.2,13:08,157,103.0
1806,2.21,13:08,157,103.0
1807,2.21,13:01,157,103.0
1808,2.21,13:01,156,103.0
1809,2.21,13:01,155,103.0
1810,2.21,13:01,155,103.0
1811,2.21,12:04,153,103.0
1812,2.21,11:58,152,103.0
1813,2.21,12:11,152,103.0
1814,2.22,12:18,152,103.0
1815,2.22,13:08,153,103.0
1816,2.22,13:41,153,103.0
1817,2.22,14:16,152,103.0
1818,2.22,14:07,150,102.4
1819,2.22,14:07,149,102.4
1820,2.22,13:24,146,102.4
1821,2.22,14:16,146,102.4
1822,2.23,13:32,146,102.4
1823,2.23,13:16,146,102.4
1824,2.23,13:01,146,103.0
1825,2.23,12:46,146,103.0
1826,2.23,12:18,146,103.0
1827,2.23,12:32,146,103.0
1828,2.23,13:01,146,103.0
1829,2.23,13:58,146,103.0
1830,2.24,14:34,146,103.0
1831,2.24,14:16,146,103.0
1832,2.24,13:32,146,103.0
1833,2.24,12:39,146,103.0
1834,2.24,11:21,146,103.0
1835,2.24,11:10,147,103.0
1836,2.24,11:10,147,103.0
1837,2.25,11:39,147,103.7
1838,2.25,12:18,147,103.7
1839,2.25,12:53,147,103.7
1840,2.25,12:25,147,104.3
1841,2.25,12:18,148,104.3
1842,2.25,12:18,149,104.3
1843,2.25,12:46,150,104.3
1844,2.25,13:08,151,104.3
1845,2.26,12:53,152,104.3
1846,2.26,12:53,154,104.3
1847,2.26,12:25,155,104.3
1848,2.26,11:33,157,104.3
1849,2.26,11:16,159,104.3
1850,2.26,11:10,159,105.0
1851,2.26,10:59,161,105.0
1852,2.27,11:05,163,105.0
1853,2.27,11:10,163,105.0
1854,2.27,11:16,164,105.0
1855,2.27,12:11,163,105.0
1856,2.27,12:46,163,105.0
1857,2.27,12:53,163,105.0
1858,2.27,13:24,163,105.0
1859,2.28,13:32,164,105.0
1860,2.28,13:41,164,105.0
1861,2.28,13:32,163,105.0
1862,2.28,14:07,163,105.6
1863,2.28,13:49,166,105.6
1864,2.28,12:32,166,105.6
1865,2.28,12:25,164,105.6
1866,2.28,13:01,164,105.6
1867,2.29,12:39,163,105.6
1868,2.29,12:32,162,105.6
1869,2.29,13:32,163,105.6
1870,2.29,13:16,163,105.6
1871,2.29,12:32,163,105.0
1872,2.29,12:46,163,105.0
1873,2.29,12:39,163,105.6
1874,2.29,12:53,162,105.6
1875,2.3,13:32,162,105.6
1876,2.3,13:08,162,106.3
1877,2.3,12:53,162,106.3
1878,2.3,13:01,162,107.0
1879,2.3,13:16,162,107.0
1880,2.3,13:41,162,107.0
1881,2.3,15:04,163,107.6
1882,2.3,15:35,164,107.6
1883,2.3,17:25,163,107.6
1884,2.31,18:07,163,108.3
1885,2.31,16:58,163,108.9
1886,2.31,17:25,162,108.9
1887,2.31,15:57,163,109.6
1888,2.31,14:34,162,109.6
1889,2.31,14:44,163,110.2
1890,2.31,14:44,162,110.2
1891,2.31,13:41,162,110.9
1892,2.31,14:34,162,110.9
1893,2.32,14:44,162,111.5
1894,2.32,13:58,163,111.5
1895,2.32,13:24,164,111.5
1896,2.32,13:32,164,112.2
1897,2.32,13:01,164,112.2
1898,2.32,12:46,163,112.2
1899,2.32,12:39,163,112.2
1900,2.32,12:39,163,112.9
1901,2.33,12:39,162,112.9
1902,2.33,11:39,163,113.5
1903,2.33,11:27,162,114.2
1904,2.33,11:16,162,114.8
1905,2.33,11:16,162,114.8
1906,2.33,11:21,163,114.8
1907,2.33,12:53,163,115.5
1908,2.34,13:58,163,114.8
1909,2.34,14:44,163,114.8
1910,2.34,15:24,162,114.8
1911,2.34,15:35,162,114.8
1912,2.34,15:14,163,114.2
1913,2.34,14:44,163,113.5
1914,2.34,13:58,163,112.9
1915,2.34,13:32,163,112.9
1916,2.35,12:25,163,112.2
1917,2.35,11:45,163,112.2
1918,2.35,11:39,163,112.2
1919,2.35,11:10,164,111.5
1920,2.35,10:43,163,111.5
1921,2.35,11:16,163,110.9
1922,2.35,11:05,163,110.2
1923,2.36,10:59,163,109.6
1924,2.36,11:52,163,109.6
1925,2.36,12:32,163,108.9
1926,2.36,12:46,163,108.9
1927,2.36,13:32,163,108.9
1928,2.36,13:16,164,108.3
1929,2.36,12:46,163,108.3
1930,2.37,12:11,164,108.3
1931,2.37,11:39,164,108.3
1932,2.37,10:54,164,107.6
1933,2.37,10:33,164,107.6
1934,2.37,10:14,165,107.0
1935,2.37,10:48,165,107.0
1936,2.37,11:16,165,106.3
1937,2.38,11:58,165,106.3
1938,2.38,12:46,164,106.3
1939,2.38,13:32,163,106.3
1940,2.38,13:24,163,106.3
1941,2.38,13:08,163,106.3
1942,2.38,12:39,162,106.3
1943,2.38,12:11,162,106.3
1944,2.38,11:52,161,106.3
1945,2.39,11:58,162,106.3
1946,2.39,12:18,161,106.3
1947,2.39,12:53,160,106.3
1948,2.39,12:39,160,106.3
1949,2.39,12:25,160,106.3
1950,2.39,12:04,160,106.3
1951,2.39,11:39,160,106.3
1952,2.4,11:27,158,105.6
1953,2.4,12:04,158,105.6
1954,2.4,12:32,158,105.6
1955,2.4,12:25,158,105.6
1956,2.4,12:39,159,105.6
1957,2.4,12:46,158,105.6
1958,2.4,13:01,159,105.0
1959,2.4,13:41,159,105.0
1960,2.41,13:58,159,105.0
1961,2.41,13:58,159,105.0
1962,2.41,14:07,158,105.0
1963,2.41,13:41,158,105.0
1964,2.41,13:16,158,105.0
1965,2.41,13:01,159,105.0
1966,2.41,13:08,159,105.0
1967,2.41,13:32,159,105.0
1968,2.42,13:24,159,105.0
1969,2.42,13:01,159,105.0
1970,2.42,13:01,159,105.0
1971,2.42,12:53,159,104.3
1972,2.42,12:39,159,104.3
1973,2.42,12:46,159,104.3
1974,2.42,13:24,159,104.3
1975,2.42,14:07,160,104.3
1976,2.43,14:54,160,104.3
1977,2.43,14:07,158,104.3
1978,2.43,14:16,159,104.3
1979,2.43,14:16,158,104.3
1980,2.43,13:49,157,104.3
1981,2.43,12:39,157,104.3
1982,2.43,12:46,158,104.3
1983,2.43,12:32,158,105.0
1984,2.44,12:32,159,105.0
1985,2.44,13:01,159,105.0
1986,2.44,13:24,159,105.0
1987,2.44,13:24,159,105.6
1988,2.44,13:32,160,105.6
1989,2.44,13:16,160,106.3
1990,2.44,13:24,160,106.3
1991,2.44,13:58,161,106.3
1992,2.45,14:34,161,107.0
1993,2.45,15:35,161,106.3
1994,2.45,16:21,161,106.3
1995,2.45,13:49,161,107.0
1996,2.45,12:53,161,107.0
1997,2.45,13:16,160,107.0
1998,2.45,12:11,160,107.0
1999,2.45,11:52,160,107.0
2000,2.46,13:32,160,107.0
2001,2.46,14:25,160,107.6
2002,2.46,13:49,160,107.6
2003,2.46,14:16,160,107.6
2004,2.46,14:07,160,107.6
2005,2.46,12:53,160,107.6
2006,2.46,12:11,159,107.6
2007,2.46,11:39,159,107.6
2008,2.47,11:58,161,107.6
2009,2.47,12:39,161,107.6
2010,2.47,13:24,161,107.6
2011,2.47,14:25,160,107.6
2012,2.47,15:14,161,107.6
2013,2.47,15:04,161,107.6
2014,2.47,13:32,160,107.6
2015,2.47,12:53,161,107.6
2016,2.48,12:04,161,107.6
2017,2.48,11:39,161,107.6
2018,2.48,11:10,162,107.6
2019,2.48,11:10,162,107.6
2020,2.48,11:39,162,107.6
2021,2.48,12:18,162,107.6
2022,2.48,12:18,161,107.6
2023,2.49,12:39,162,107.6
2024,2.49,12:32,162,107.6
2025,2.49,11:58,163,107.6
2026,2.49,11:39,163,107.6
2027,2.49,11:45,162,107.6
2028,2.49,11:58,163,107.6
2029,2.49,12:39,163,107.6
2030,2.49,13:01,163,107.6
2031,2.5,12:46,163,107.6
2032,2.5,13:01,163,107.6
2033,2.5,12:11,163,107.6
2034,2.5,11:27,162,108.3
2035,2.5,11:45,163,108.3
2036,2.5,11:58,163,108.3
2037,2.5,11:45,162,108.9
2038,2.51,11:58,163,108.9
2039,2.51,12:32,163,108.9
2040,2.51,12:32,162,108.3
2041,2.51,12:11,162,108.3
2042,2.51,12:39,162,108.9
2043,2.51,13:32,162,108.9
2044,2.51,13:01,162,108.9
2045,2.52,12:04,161,108.9
2046,2.52,12:11,161,108.9
2047,2.52,11:39,161,108.9
2048,2.52,11:10,162,108.9
2049,2.52,11:52,162,108.9
2050,2.52,12:18,162,108.9
2051,2.52,12:18,162,109.6
2052,2.52,12:53,161,109.6
2053,2.53,12:53,161,109.6
2054,2.53,12:39,162,109.6
2055,2.53,13:16,162,109.6
2056,2.53,13:16,160,109.6
2057,2.53,13:24,160,109.6
2058,2.53,14:25,161,109.6
2059,2.53,14:44,161,109.6
2060,2.53,14:07,161,109.6
2061,2.54,14:44,162,109.6
2062,2.54,13:58,160,110.2
2063,2.54,12:46,161,110.2
2064,2.54,12:32,161,110.2
2065,2.54,13:01,162,110.2
2066,2.54,12:46,161,110.9
2067,2.54,13:16,162,110.9
2068,2.54,15:24,161,110.9
2069,2.54,16:45,161,110.9
2070,2.55,15:46,161,110.9
2071,2.55,15:57,161,110.9
2072,2.55,14:44,161,110.9
2073,2.55,13:01,161,111.5
2074,2.55,11:58,161,111.5
2075,2.55,11:52,161,111.5
2076,2.55,12:04,161,111.5
2077,2.56,12:53,162,111.5
2078,2.56,13:24,162,111.5
2079,2.56,14:16,161,111.5
2080,2.56,14:34,161,111.5
2081,2.56,14:16,160,111.5
2082,2.56,14:25,159,110.9
2083,2.56,13:58,160,110.9
2084,2.56,13:41,160,110.9
2085,2.57,13:01,160,110.9
2086,2.57,12:32,159,110.9
2087,2.57,12:32,159,110.9
2088,2.57,12:32,159,110.9
2089,2.57,12:04,159,110.9
2090,2.57,13:08,159,110.9
2091,2.57,13:41,158,110.9
2092,2.57,13:32,158,110.9
2093,2.57,14:16,158,110.9
2094,2.58,14:44,158,110.9
2095,2.58,13:24,157,110.9
2096,2.58,13:32,158,110.9
2097,2.58,13:16,158,110.9
2098,2.58,12:53,158,110.9
2099,2.58,13:16,159,110.9
2100,2.58,14:07,159,110.9
2101,2.58,13:41,159,110.9
2102,2.59,13:24,159,110.9
2103,2.59,13:16,160,110.2
2104,2.59,12:25,160,110.2
2105,2.59,11:58,160,110.2
2106,2.59,12:11,160,110.2
2107,2.59,12:25,161,110.9
2108,2.59,12:18,161,110.9
2109,2.6,12:32,161,110.9
2110,2.6,13:08,161,110.9
2111,2.6,13:08,161,110.9
2112,2.6,13:08,162,111.5
2113,2.6,13:01,162,111.5
2114,2.6,13:01,163,111.5
2115,2.6,12:32,163,111.5
2116,2.6,12:04,163,111.5
2117,2.61,11:52,164,111.5
2118,2.61,11:10,164,112.2
2119,2.61,11:10,163,112.2
2120,2.61,11:27,163,112.2
2121,2.61,11:05,164,112.2
2122,2.61,10:43,165,112.2
2123,2.62,10:59,165,112.9
2124,2.62,10:14,165,112.9
2125,2.62,9:43,165,112.9
2126,2.62,9:51,165,113.5
2127,2.62,10:09,165,113.5
2128,2.62,10:43,165,113.5
2129,2.62,11:27,165,113.5
2130,2.63,12:04,165,113.5
2131,2.63,12:18,165,113.5
2132,2.63,12:25,166,114.2
2133,2.63,12:32,165,114.2
2134,2.63,12:53,165,114.2
2135,2.63,13:08,165,114.2
2136,2.63,13:41,166,114.8
2137,2.64,13:32,166,114.8
2138,2.64,13:01,166,114.8
2139,2.64,12:46,164,114.8
2140,2.64,12:25,164,114.8
2141,2.64,12:11,164,114.2
2142,2.64,12:11,164,114.2
2143,2.64,12:32,164,114.2
2144,2.64,13:08,164,114.8
2145,2.65,13:16,164,114.8
2146,2.65,13:01,165,114.8
2147,2.65,13:16,165,115.5
2148,2.65,12:53,166,115.5
2149,2.65,12:32,166,115.5
2150,2.65,12:32,165,114.8
2151,2.65,13:32,165,115.5
2152,2.65,13:58,164,115.5
2153,2.66,15:24,164,115.5
2154,2.66,14:44,165,115.5
2155,2.66,14:44,165,116.1
2156,2.66,14:44,165,116.1
2157,2.66,14:16,165,116.1
2158,2.66,13:16,165,116.1
2159,2.66,13:41,166,116.1
2160,2.66,13:16,166,116.1
2161,2.67,12:18,167,116.1
2162,2.67,11:52,167,116.1
2163,2.67,11:39,166,116.8
2164,2.67,11:58,167,116.8
2165,2.67,12:25,167,116.8
2166,2.67,12:32,166,116.8
2167,2.67,13:24,166,116.8
2168,2.67,14:16,165,116.8
2169,2.68,13:32,165,116.8
2170,2.68,13:08,166,117.5
2171,2.68,14:25,165,117.5
2172,2.68,14:07,166,117.5
2173,2.68,13:49,166,117.5
2174,2.68,14:34,165,117.5
2175,2.68,14:44,165,117.5
2176,2.68,13:32,164,117.5
2177,2.69,13:41,164,117.5
2178,2.69,13:08,165,117.5
2179,2.69,12:39,165,117.5
2180,2.69,12:25,164,118.1
2181,2.69,12:25,165,118.1
2182,2.69,12:11,165,118.1
2183,2.69,11:52,165,118.1
2184,2.69,12:11,165,118.1
2185,2.7,12:32,165,118.8
2186,2.7,12:25,165,118.8
2187,2.7,12:25,165,118.8
2188,2.7,12:25,166,118.8
2189,2.7,11:45,166,119.4
2190,2.7,11:58,166,119.4
2191,2.7,12:04,166,119.4
2192,2.71,12:18,167,119.4
2193,2.71,12:46,167,118.8
2194,2.71,13:16,167,118.8
2195,2.71,12:53,166,119.4
2196,2.71,13:16,166,119.4
2197,2.71,12:11,166,119.4
2198,2.71,12:46,166,119.4
2199,2.71,13:08,166,119.4
2200,2.72,13:16,167,119.4
2201,2.72,13:08,167,119.4
2202,2.72,13:58,167,119.4
2203,2.72,12:53,167,119.4
2204,2.72,12:25,167,119.4
2205,2.72,12:04,167,119.4
2206,2.72,11:39,167,119.4
2207,2.73,12:11,168,119.4
2208,2.73,12:18,168,119.4
2209,2.73,12:11,168,119.4
2210,2.73,12:11,168,119.4
2211,2.73,11:52,169,119.4
2212,2.73,11:39,169,120.1
2213,2.73,11:52,167,120.1
2214,2.74,11:27,167,120.1
2215,2.74,11:39,167,120.1
2216,2.74,12:18,169,120.1
2217,2.74,12:32,169,120.1
2218,2.74,12:53,168,120.1
2219,2.74,13:01,168,120.1
2220,2.74,13:16,168,120.1
2221,2.74,13:32,168,120.1
2222,2.75,12:53,168,120.1
2223,2.75,13:01,168,120.1
2224,2.75,13:24,168,120.1
2225,2.75,13:01,170,120.1
2226,2.75,12:46,169,120.1
2227,2.75,12:32,169,120.1
2228,2.75,11:58,169,120.7
2229,2.75,12:04,168,120.7
2230,2.76,12:04,168,120.7
2231,2.76,12:04,167,120.7
2232,2.76,11:58,168,120.7
2233,2.76,11:33,168,121.4
2234,2.76,11:21,168,121.4
2235,2.76,11:21,168,122.0
2236,2.77,10:48,167,122.0
2237,2.77,11:33,167,122.0
2238,2.77,12:18,167,122.0
2239,2.77,12:18,167,121.4
2240,2.77,11:58,167,121.4
2241,2.77,12:53,166,121.4
2242,2.77,12:25,168,121.4
2243,2.77,12:04,168,121.4
2244,2.78,12:25,167,120.7
2245,2.78,13:32,167,120.7
2246,2.78,13:58,167,120.7
2247,2.78,13:16,169,120.7
2248,2.78,13:58,169,120.7
2249,2.78,13:16,168,120.7
2250,2.78,12:18,167,121.4
2251,2.78,11:33,167,121.4
2252,2.79,12:11,167,121.4
2253,2.79,11:21,167,121.4
2254,2.79,11:45,167,121.4
2255,2.79,12:18,167,122.0
2256,2.79,12:32,168,122.0
2257,2.79,12:46,168,122.0
2258,2.79,12:32,169,122.0
2259,2.8,12:25,169,122.0
2260,2.8,12:25,168,122.7
2261,2.8,12:32,167,122.7
2262,2.8,12:04,167,122.7
2263,2.8,13:08,167,123.4
2264,2.8,13:32,168,123.4
2265,2.8,13:24,168,123.4
2266,2.8,13:24,168,123.4
2267,2.81,13:41,168,124.0
2268,2.81,12:32,167,124.0
2269,2.81,12:11,167,124.0
2270,2.81,12:04,167,124.7
2271,2.81,11:52,168,124.7
2272,2.81,11:45,168,125.3
2273,2.81,12:32,168,125.3
2274,2.82,12:46,168,126.0
2275,2.82,13:16,168,126.6
2276,2.82,13:41,168,126.6
2277,2.82,13:49,168,127.3
2278,2.82,13:32,168,127.3
2279,2.82,12:46,169,127.3
2280,2.82,12:11,169,127.3
2281,2.82,12:25,169,127.3
2282,2.83,12:25,168,126.6
2283,2.83,12:39,167,126.6
2284,2.83,13:32,167,126.0
2285,2.83,13:08,167,126.0
2286,2.83,12:39,167,126.0
2287,2.83,12:18,167,125.3
2288,2.83,11:45,166,124.7
2289,2.84,11:39,167,124.7
2290,2.84,11:39,167,124.7
2291,2.84,11:27,167,124.0
2292,2.84,11:33,167,124.0
2293,2.84,11:33,168,124.0
2294,2.84,11:39,167,124.0
2295,2.84,12:25,168,123.4
2296,2.84,12:32,168,124.0
2297,2.85,12:39,168,124.0
2298,2.85,13:24,169,124.0
2299,2.85,13:16,169,124.0
2300,2.85,12:18,168,123.4
2301,2.85,12:04,168,123.4
2302,2.85,11:33,167,123.4
2303,2.85,11:27,166,123.4
2304,2.86,11:39,166,123.4
2305,2.86,11:45,167,123.4
2306,2.86,11:27,166,123.4
2307,2.86,12:11,167,122.7
2308,2.86,12:11,167,122.7
2309,2.86,12:04,166,122.7
2310,2.86,12:11,166,122.7
2311,2.87,12:32,166,122.7
2312,2.87,12:46,167,122.7
2313,2.87,12:32,166,122.7
2314,2.87,12:11,167,122.7
2315,2.87,12:46,167,122.7
2316,2.87,12:53,167,122.0
2317,2.87,12:46,168,122.0
2318,2.87,13:16,168,122.0
2319,2.88,13:24,168,122.0
2320,2.88,12:53,168,122.0
2321,2.88,13:24,167,122.7
2322,2.88,12:46,166,122.7
2323,2.88,12:32,165,122.7
2324,2.88,12:53,165,122.7
2325,2.88,13:16,164,122.7
2326,2.89,12:25,164,122.7
2327,2.89,12:25,164,122.7
2328,2.89,11:52,164,122.7
2329,2.89,11:33,164,122.7
2330,2.89,11:16,164,122.7
2331,2.89,12:04,165,122.0
2332,2.89,12:25,165,122.0
2333,2.89,13:24,165,122.7
2334,2.9,14:25,165,122.7
2335,2.9,15:35,165,122.7
2336,2.9,15:14,165,122.7
2337,2.9,15:35,165,123.4
2338,2.9,15:14,165,123.4
2339,2.9,14:16,165,123.4
2340,2.9,14:16,166,123.4
2341,2.9,14:07,166,123.4
2342,2.9,13:32,166,123.4
2343,2.91,12:53,166,123.4
2344,2.91,12:25,166,123.4
2345,2.91,12:25,166,124.0
2346,2.91,12:53,166,124.0
2347,2.91,13:08,166,124.0
2348,2.91,14:25,166,124.0
2349,2.91,16:45,166,124.0
2350,2.91,16:45,165,124.7
2351,2.91,15:57,165,124.7
2352,2.92,15:46,166,124.7
2353,2.92,16:09,165,124.7
2354,2.92,14:34,165,124.7
2355,2.92,13:32,165,124.7
2356,2.92,13:16,164,124.7
2357,2.92,13:01,164,124.7
2358,2.92,11:39,164,124.7
2359,2.93,11:33,164,124.7
2360,2.93,11:27,164,124.7
2361,2.93,11:52,165,125.3
2362,2.93,11:52,165,125.3
2363,2.93,11:58,165,125.3
2364,2.93,11:52,165,125.3
2365,2.93,12:39,164,125.3
2366,2.93,12:32,164,125.3
2367,2.94,12:39,163,125.3
2368,2.94,12:32,164,125.3
2369,2.94,11:58,164,126.0
2370,2.94,11:39,164,126.0
2371,2.94,10:59,164,126.0
2372,2.94,11:16,164,126.6
2373,2.94,11:58,164,126.6
2374,2.95,12:32,163,126.6
2375,2.95,12:18,163,126.6
2376,2.95,13:08,164,126.6
2377,2.95,12:53,165,126.6
2378,2.95,12:25,164,126.6
2379,2.95,11:33,164,127.3
2380,2.95,12:18,164,127.3
2381,2.96,12:11,164,128.0
2382,2.96,11:58,165,128.0
2383,2.96,11:52,166,128.0
2384,2.96,13:41,165,128.0
2385,2.96,13:08,165,128.0
2386,2.96,13:41,164,128.0
2387,2.96,13:58,164,128.0
2388,2.96,13:49,164,128.6
2389,2.97,13:24,164,128.6
2390,2.97,12:25,165,128.6
2391,2.97,11:16,165,128.6
2392,2.97,11:39,165,128.0
2393,2.97,11:52,165,128.6
2394,2.97,11:27,165,128.6
2395,2.97,12:32,166,128.6
2396,2.98,13:24,165,128.6
2397,2.98,12:46,166,128.6
2398,2.98,12:46,167,128.6
2399,2.98,12:18,167,129.3
2400,2.98,11:27,167,129.3
2401,2.98,11:58,167,129.3
2402,2.98,12:11,167,129.3
2403,2.98,12:18,167,129.3
2404,2.99,12:32,167,129.3
2405,2.99,13:01,167,129.3
2406,2.99,11:52,166,129.3
2407,2.99,11:58,166,129.3
2408,2.99,12:18,168,129.3
2409,2.99,13:24,167,129.3
2410,2.99,13:49,167,129.3
2411,3.0,13:24,167,129.3
2412,3.0,13:01,167,129.9
2413,3.0,13:08,166,129.9
2414,3.0,12:46,166,129.9
2415,3.0,12:25,165,129.9
2416,3.0,13:49,165,129.9
2417,3.0,13:49,166,129.9
2418,3.0,13:24,166,129.9
2419,3.01,12:53,165,129.9
2420,3.01,12:25,164,129.9
2421,3.01,12:11,165,129.9
2422,3.01,12:18,165,129.9
2423,3.01,12:39,165,129.9
2424,3.01,12:53,165,130.6
2425,3.01,12:46,165,130.6
2426,3.02,12:11,165,130.6
2427,3.02,11:58,165,130.6
2428,3.02,11:27,165,131.2
2429,3.02,10:43,165,131.2
2430,3.02,10:54,165,131.2
2431,3.02,11:16,165,130.6
2432,3.02,11:39,165,130.6
2433,3.03,11:39,166,130.6
2434,3.03,12:18,166,130.6
2435,3.03,12:39,166,131.2
2436,3.03,12:39,166,131.2
2437,3.03,12:39,166,131.2
2438,3.03,12:18,165,131.2
2439,3.03,12:25,165,131.2
2440,3.03,12:25,166,131.2
2441,3.04,11:58,166,131.2
2442,3.04,11:45,167,131.9
2443,3.04,12:18,168,131.9
2444,3.04,12:18,168,131.9
2445,3.04,12:11,167,131.9
2446,3.04,12:18,167,131.2
2447,3.04,12:25,167,131.2
2448,3.05,12:53,167,131.2
2449,3.05,13:08,167,131.9
2450,3.05,13:49,168,131.9
2451,3.05,14:25,167,131.9
2452,3.05,13:32,167,131.9
2453,3.05,12:39,168,131.9
2454,3.05,12:25,166,131.9
2455,3.05,11:39,166,132.5
2456,3.06,11:45,166,132.5
2457,3.06,12:32,166,132.5
2458,3.06,12:25,166,132.5
2459,3.06,12:32,166,132.5
2460,3.06,12:46,166,132.5
2461,3.06,13:24,165,132.5
2462,3.06,13:32,165,132.5
2463,3.06,14:34,165,132.5
2464,3.07,14:25,165,132.5
2465,3.07,14:44,164,132.5
2466,3.07,13:49,166,132.5
2467,3.07,12:46,166,132.5
2468,3.07,11:58,166,132.5
2469,3.07,12:04,167,132.5
2470,3.07,12:46,166,132.5
2471,3.07,12:53,166,132.5
2472,3.08,13:24,166,132.5
2473,3.08,14:07,167,132.5
2474,3.08,13:58,167,132.5
2475,3.08,13:01,167,132.5
2476,3.08,13:24,167,132.5
2477,3.08,13:08,165,132.5
2478,3.08,13:01,165,132.5
2479,3.08,13:58,165,132.5
2480,3.09,14:44,165,132.5
2481,3.09,13:49,165,132.5
2482,3.09,14:54,166,132.5
2483,3.09,15:46,166,132.5
2484,3.09,14:44,166,132.5
2485,3.09,15:04,166,132.5
2486,3.09,15:24,166,132.5
2487,3.09,16:09,165,132.5
2488,3.09,16:21,164,132.5
2489,3.09,16:45,164,132.5
2490,3.1,15:57,164,132.5
2491,3.1,16:58,164,132.5
2492,3.1,15:04,164,132.5
2493,3.1,13:58,164,132.5
2494,3.1,13:41,163,132.5
2495,3.1,13:58,163,132.5
2496,3.1,13:24,163,132.5
2497,3.1,13:08,163,132.5
2498,3.11,13:16,163,132.5
2499,3.11,12:46,163,132.5
2500,3.11,12:46,163,132.5
2501,3.11,12:46,163,133.2
2502,3.11,13:08,164,133.2
2503,3.11,11:58,164,133.2
2504,3.11,12:32,164,133.2
2505,3.12,12:25,164,133.2
2506,3.12,12:04,163,133.2
2507,3.12,12:04,163,133.2
2508,3.12,13:32,164,133.2
2509,3.12,12:46,164,133.2
2510,3.12,11:52,164,133.2
2511,3.12,12:04,164,133.2
2512,3.12,12:18,164,133.2
2513,3.13,11:45,164,133.2
2514,3.13,11:58,163,133.2
2515,3.13,13:01,163,133.9
2516,3.13,13:24,163,133.9
2517,3.13,12:53,162,133.9
2518,3.13,12:32,161,133.9
2519,3.13,12:25,161,133.9
2520,3.14,11:16,161,133.9
2521,3.14,11:10,162,133.9
2522,3.14,11:58,161,133.9
2523,3.14,13:01,161,133.9
2524,3.14,12:53,162,133.9
2525,3.14,13:32,163,134.5
2526,3.14,12:25,163,134.5
2527,3.15,11:27,163,134.5
2528,3.15,11:16,164,134.5
2529,3.15,11:21,165,134.5
2530,3.15,11:27,164,135.2
2531,3.15,11:58,165,135.2
2532,3.15,12:04,166,135.2
2533,3.15,11:45,165,135.2
2534,3.16,12:18,166,135.2
2535,3.16,12:11,166,135.2
2536,3.16,12:25,167,135.2
2537,3.16,12:39,167,135.2
2538,3.16,12:46,168,135.2
2539,3.16,12:18,168,135.2
2540,3.16,12:18,168,135.2
2541,3.16,11:39,168,135.8
2542,3.17,11:21,167,135.8
2543,3.17,11:39,167,135.8
2544,3.17,11:52,168,135.8
2545,3.17,12:04,168,136.5
2546,3.17,13:32,167,136.5
2547,3.17,13:08,167,136.5
2548,3.17,12:53,167,136.5
2549,3.17,13:32,166,137.1
2550,3.18,13:49,166,137.1
2551,3.18,13:41,166,137.1
2552,3.18,15:46,166,137.1
2553,3.18,16:21,165,137.1
2554,3.18,16:09,163,137.1
2555,3.18,15:14,161,137.1
2556,3.18,13:41,156,137.1
2557,3.18,12:39,156,137.8
2558,3.19,12:39,152,137.8
2559,3.19,12:25,149,137.8
2560,3.19,13:01,149,137.8
2561,3.19,13:49,149,138.5
2562,3.19,14:07,148,138.5
2563,3.19,13:58,148,138.5
2564,3.19,14:25,148,139.1
2565,3.19,13:32,148,139.1
2566,3.2,13:16,148,139.1
2567,3.2,12:53,148,138.5
2568,3.2,12:25,148,138.5
2569,3.2,11:58,148,138.5
2570,3.2,11:45,148,138.5
2571,3.2,11:45,148,138.5
2572,3.2,12:04,148,139.1
2573,3.21,12:04,148,139.1
2574,3.21,12:18,149,139.1
2575,3.21,12:25,148,139.1
2576,3.21,11:45,148,139.8
2577,3.21,11:16,148,139.8
2578,3.21,11:33,149,139.8
2579,3.21,10:59,148,139.8
2580,3.22,11:45,149,140.4
2581,3.22,12:32,149,140.4
2582,3.22,12:18,149,140.4
2583,3.22,11:52,150,140.4
2584,3.22,11:45,151,140.4
2585,3.22,11:16,152,141.1
2586,3.22,11:05,153,141.1
2587,3.22,12:18,154,141.1
2588,3.23,12:11,156,141.1
2589,3.23,13:01,158,141.7
2590,3.23,13:01,160,141.7
2591,3.23,12:32,163,141.7
2592,3.23,12:04,165,141.7
2593,3.23,12:25,166,141.7
2594,3.23,11:58,167,142.4
2595,3.24,12:04,169,142.4
2596,3.24,13:01,169,142.4
2597,3.24,13:32,168,142.4
2598,3.24,13:49,168,142.4
2599,3.24,14:16,170,142.4
2600,3.24,15:14,170,142.4
2601,3.24,15:24,170,143.0
2602,3.24,15:24,170,143.0
2603,3.24,15:14,169,143.0
2604,3.25,14:54,169,143.0
2605,3.25,15:04,169,143.0
2606,3.25,14:16,169,143.7
2607,3.25,13:58,170,143.7
2608,3.25,13:32,170,143.7
2609,3.25,13:49,170,143.7
2610,3.25,13:16,171,143.7
2611,3.25,14:07,171,143.7
2612,3.26,13:49,169,143.7
2613,3.26,13:32,169,143.7
2614,3.26,13:16,169,144.4
2615,3.26,12:25,169,143.7
2616,3.26,11:16,169,143.7
2617,3.26,11:05,169,143.7
2618,3.26,11:33,168,144.4
2619,3.27,11:58,167,144.4
2620,3.27,12:46,168,144.4
2621,3.27,12:53,168,144.4
2622,3.27,13:08,168,144.4
2623,3.27,13:24,168,144.4
2624,3.27,12:53,169,144.4
2625,3.27,12:39,168,144.4
2626,3.27,13:24,167,145.0
2627,3.28,13:24,167,145.0
2628,3.28,12:39,168,145.0
2629,3.28,12:04,167,145.0
2630,3.28,11:58,167,145.0
2631,3.28,11:33,167,145.0
2632,3.28,11:16,167,145.0
2633,3.28,11:27,168,145.0
2634,3.29,12:18,167,145.0
2635,3.29,12:25,168,145.0
2636,3.29,12:53,168,145.0
2637,3.29,12:25,168,145.0
2638,3.29,11:58,168,145.0
2639,3.29,11:33,167,145.0
2640,3.29,11:10,167,145.0
2641,3.3,10:54,166,145.0
2642,3.3,11:52,167,145.0
2643,3.3,12:46,168,145.0
2644,3.3,13:24,169,145.0
2645,3.3,13:49,168,145.7
2646,3.3,13:58,168,145.7
2647,3.3,12:46,168,145.7
2648,3.3,11:45,168,145.7
2649,3.31,11:27,167,145.7
2650,3.31,11:45,167,145.7
2651,3.31,12:39,167,145.7
2652,3.31,13:49,167,145.7
2653,3.31,15:24,168,146.3
2654,3.31,15:35,168,146.3
2655,3.31,15:35,168,146.3
2656,3.31,14:07,168,146.3
2657,3.32,13:08,167,146.3
2658,3.32,12:25,167,146.3
2659,3.32,12:32,167,146.3
2660,3.32,12:04,167,146.3
2661,3.32,11:58,167,147.0
2662,3.32,12:32,166,147.0
2663,3.32,13:32,167,147.0
2664,3.32,13:41,167,147.6
2665,3.33,13:49,167,147.6
2666,3.33,14:25,167,147.6
2667,3.33,15:04,168,147.6
2668,3.33,13:16,169,147.6
2669,3.33,12:18,168,147.6
2670,3.33,12:18,168,148.3
2671,3.33,12:11,168,148.3
2672,3.33,12:11,168,148.3
2673,3.34,12:53,168,148.3
2674,3.34,13:16,169,148.3
2675,3.34,13:41,169,148.3
2676,3.34,13:58,169,148.3
2677,3.34,13:58,168,148.3
2678,3.34,14:07,169,149.0
2679,3.34,13:58,169,149.0
2680,3.34,13:16,168,149.0
2681,3.35,13:08,168,149.0
2682,3.35,12:18,167,149.6
2683,3.35,12:04,167,149.6
2684,3.35,12:18,168,150.3
2685,3.35,12:39,169,150.3
2686,3.35,12:46,168,150.3
2687,3.35,12:46,168,150.3
2688,3.35,13:24,168,150.9
2689,3.36,14:34,168,150.9
2690,3.36,15:04,167,150.9
2691,3.36,15:14,167,150.9
2692,3.36,15:57,167,150.9
2693,3.36,15:46,167,151.6
2694,3.36,14:25,167,151.6
2695,3.36,15:04,167,151.6
2696,3.36,15:46,167,152.2
2697,3.36,13:32,167,152.2
2698,3.37,13:08,167,152.2
2699,3.37,13:24,166,152.9
2700,3.37,13:24,166,152.9
2701,3.37,12:18,167,152.9
2702,3.37,13:16,167,152.9
2703,3.37,12:11,167,153.5
2704,3.37,12:39,167,153.5
2705,3.37,13:58,167,154.2
2706,3.37,16:33,167,154.2
2707,3.38,17:52,168,154.2
2708,3.38,18:53,167,154.2
2709,3.38,17:25,167,154.2
2710,3.38,14:34,167,154.2
2711,3.38,12:32,167,154.9
2712,3.38,11:52,168,154.9
2713,3.38,12:25,168,155.5
2714,3.39,12:11,168,155.5
2715,3.39,11:58,169,156.2
2716,3.39,12:25,169,156.2
2717,3.39,12:11,169,156.8
2718,3.39,12:11,168,156.8
2719,3.39,13:08,169,156.8
2720,3.39,13:16,170,156.8
2721,3.39,12:46,170,156.8
2722,3.4,13:16,169,156.8
2723,3.4,11:58,169,157.5
2724,3.4,11:45,168,157.5
2725,3.4,11:39,168,158.1
2726,3.4,11:39,168,158.1
2727,3.4,11:33,168,158.1
2728,3.4,12:18,168,158.8
2729,3.41,11:05,168,158.8
2730,3.41,10:43,168,158.8
2731,3.41,10:33,169,158.8
2732,3.41,10:33,169,159.4
2733,3.41,10:43,169,159.4
2734,3.41,11:16,169,159.4
2735,3.42,11:45,169,160.1
2736,3.42,12:04,168,160.1
2737,3.42,12:25,167,160.8
2738,3.42,12:39,168,160.8
2739,3.42,12:53,169,161.4
2740,3.42,12:32,169,161.4
2741,3.42,12:18,169,161.4
2742,3.43,11:27,169,161.4
2743,3.43,11:27,169,161.4
2744,3.43,11:39,170,162.1
2745,3.43,11:52,170,162.1
2746,3.43,12:04,170,162.1
2747,3.43,13:01,170,162.1
2748,3.43,12:25,169,162.7
2749,3.43,12:04,170,162.7
2750,3.44,11:52,171,163.4
2751,3.44,12:11,169,163.4
2752,3.44,12:18,170,164.0
2753,3.44,13:08,170,164.0
2754,3.44,13:24,169,164.0
2755,3.44,14:34,168,164.0
2756,3.44,13:41,169,164.0
2757,3.44,13:58,169,164.7
2758,3.45,14:07,168,164.7
2759,3.45,14:16,168,164.7
2760,3.45,14:07,168,164.7
2761,3.45,15:14,167,164.7
2762,3.45,15:04,168,164.7
2763,3.45,15:24,168,164.7
2764,3.45,15:14,168,164.7
2765,3.45,15:35,167,164.7
2766,3.45,15:24,168,164.7
2767,3.46,15:35,168,164.7
2768,3.46,15:04,168,164.7
2769,3.46,13:24,168,164.7
2770,3.46,12:39,169,164.7
2771,3.46,12:25,169,164.7
2772,3.46,12:11,170,164.7
2773,3.46,11:58,170,164.7
2774,3.46,13:08,170,164.7
2775,3.47,13:01,171,164.0
2776,3.47,13:24,172,164.0
2777,3.47,13:24,171,164.7
2778,3.47,13:41,171,164.7
2779,3.47,14:44,171,164.7
2780,3.47,15:04,171,164.0
2781,3.47,16:45,170,164.0
2782,3.47,17:25,172,164.0
2783,3.47,19:26,171,164.0
2784,3.47,18:22,171,164.0
2785,3.48,18:22,171,164.0
2786,3.48,16:58,171,164.0
2787,3.48,16:33,171,164.0
2788,3.48,14:16,170,164.0
2789,3.48,13:41,170,164.0
2790,3.48,13:16,171,164.0
2791,3.48,11:52,170,164.0
2792,3.48,12:32,171,164.0
2793,3.49,12:53,172,164.0
2794,3.49,11:58,173,164.0
2795,3.49,11:27,172,164.0
2796,3.49,11:52,171,164.0
2797,3.49,10:38,171,164.0
2798,3.49,10:59,171,164.0
2799,3.5,11:16,171,164.7
2800,3.5,11:39,172,164.0
2801,3.5,10:59,171,164.0
2802,3.5,11:16,172,163.4
2803,3.5,11:10,172,163.4
2804,3.5,11:45,171,163.4
2805,3.5,11:39,171,164.0
2806,3.51,12:32,171,164.0
2807,3.51,12:46,170,164.0
2808,3.51,13:01,169,164.0
2809,3.51,13:32,169,164.0
2810,3.51,14:07,167,163.4
2811,3.51,14:16,166,163.4
2812,3.51,14:16,166,162.7
2813,3.51,12:53,167,162.7
2814,3.52,11:58,167,162.7
2815,3.52,11:21,168,162.7
2816,3.52,11:10,169,162.7
2817,3.52,10:43,168,162.7
2818,3.52,10:59,168,162.7
2819,3.52,11:21,168,162.1
2820,3.52,11:33,169,162.1
2821,3.53,11:52,169,162.1
2822,3.53,12:04,169,162.1
2823,3.53,12:11,169,162.1
2824,3.53,12:25,170,162.1
2825,3.53,12:18,169,161.4
2826,3.53,11:33,170,161.4
2827,3.53,11:33,170,161.4
2828,3.54,11:21,170,160.8
2829,3.54,11:16,170,160.8
2830,3.54,11:27,170,160.8
2831,3.54,11:58,170,160.1
2832,3.54,12:04,170,160.1
2833,3.54,12:25,171,160.1
2834,3.54,12:32,172,160.1
2835,3.54,12:32,172,160.1
2836,3.55,12:11,171,160.1
2837,3.55,11:21,170,160.1
2838,3.55,11:05,170,160.1
2839,3.55,11:10,170,160.1
2840,3.55,11:10,170,160.1
2841,3.55,11:21,172,160.1
2842,3.55,12:39,171,159.4
2843,3.56,12:04,171,159.4
2844,3.56,11:16,170,159.4
2845,3.56,11:16,169,159.4
2846,3.56,11:10,169,158.8
2847,3.56,10:54,170,158.8
2848,3.56,11:39,170,158.1
2849,3.57,11:10,169,158.1
2850,3.57,11:21,168,158.1
2851,3.57,11:21,168,158.1
2852,3.57,11:16,167,158.1
2853,3.57,11:16,166,157.5
2854,3.57,12:11,167,157.5
2855,3.57,11:45,167,157.5
2856,3.58,11:33,167,156.8
2857,3.58,11:16,167,156.8
2858,3.58,10:48,167,156.8
2859,3.58,10:23,166,156.8
2860,3.58,10:33,166,156.8
2861,3.58,10:48,166,156.2
2862,3.59,10:33,167,156.2
2863,3.59,10:28,167,156.2
2864,3.59,10:33,167,156.2
2865,3.59,10:43,168,156.2
2866,3.59,10:48,169,155.5
2867,3.59,11:27,168,155.5
2868,3.59,12:39,169,155.5
2869,3.6,12:11,169,154.9
2870,3.6,12:04,168,154.9
2871,3.6,12:11,169,155.5
2872,3.6,11:39,168,154.9
2873,3.6,10:43,168,154.9
2874,3.6,11:33,167,154.2
2875,3.6,11:33,167,154.2
2876,3.61,11:39,168,154.2
2877,3.61,12:04,167,154.2
2878,3.61,12:32,168,154.2
2879,3.61,12:11,167,154.2
2880,3.61,12:18,167,154.2
2881,3.61,12:39,167,154.2
2882,3.61,12:39,167,153.5
2883,3.61,13:01,166,153.5
2884,3.62,13:41,166,152.9
2885,3.62,13:32,165,152.9
2886,3.62,12:53,165,152.9
2887,3.62,12:32,165,152.9
2888,3.62,12:04,165,152.9
2889,3.62,12:11,166,152.9
2890,3.62,12:46,166,152.9
2891,3.62,13:41,165,152.9
2892,3.63,14:44,166,152.9
2893,3.63,14:54,166,152.9
2894,3.63,13:49,165,152.9
2895,3.63,12:53,166,152.9
2896,3.63,11:58,166,152.9
2897,3.63,11:21,166,152.9
2898,3.63,11:33,166,152.9
2899,3.64,12:11,166,152.2
2900,3.64,12:39,166,152.2
2901,3.64,12:46,166,152.2
2902,3.64,13:08,166,152.2
2903,3.64,13:16,166,151.6
2904,3.64,12:53,166,151.6
2905,3.64,12:46,166,151.6
2906,3.64,13:01,165,151.6
2907,3.65,13:01,165,151.6
2908,3.65,13:24,165,151.6
2909,3.65,13:49,164,150.9
2910,3.65,14:07,164,150.9
2911,3.65,14:34,163,150.9
2912,3.65,15:04,164,150.9
2913,3.65,14:34,163,150.9
2914,3.65,15:04,163,150.9
2915,3.65,15:35,163,150.9
2916,3.66,14:54,163,150.9
2917,3.66,15:14,163,150.9
2918,3.66,15:46,164,150.3
2919,3.66,14:44,165,150.3
2920,3.66,14:54,164,149.6
2921,3.66,14:25,164,149.6
2922,3.66,13:41,164,149.6
2923,3.66,13:01,164,149.6
2924,3.67,12:18,163,149.6
2925,3.67,11:39,164,149.6
2926,3.67,11:58,164,149.6
2927,3.67,12:32,163,149.6
2928,3.67,12:25,163,149.6
2929,3.67,13:01,163,149.6
2930,3.67,13:16,162,149.0
2931,3.67,13:24,162,149.0
2932,3.68,12:46,161,149.0
2933,3.68,12:39,161,149.0
2934,3.68,12:39,160,149.0
2935,3.68,12:18,160,149.0
2936,3.68,11:33,160,149.0
2937,3.68,10:54,160,149.0
2938,3.68,10:48,160,149.0
2939,3.69,11:05,161,149.0
2940,3.69,11:05,162,148.3
2941,3.69,12:11,162,148.3
2942,3.69,14:07,162,148.3
2943,3.69,14:16,160,148.3
2944,3.69,14:34,159,148.3
2945,3.69,15:46,161,148.3
2946,3.69,14:44,164,148.3
2947,3.7,13:41,164,148.3
2948,3.7,13:49,163,148.3
2949,3.7,12:53,163,147.6
2950,3.7,12:11,162,147.6
2951,3.7,11:39,161,147.6
2952,3.7,11:39,158,147.6
2953,3.7,11:16,152,147.6
2954,3.71,11:33,148,147.6
2955,3.71,11:10,149,147.6
2956,3.71,11:45,148,147.6
2957,3.71,11:21,148,147.6
2958,3.71,12:39,149,147.6
2959,3.71,12:18,151,147.0
2960,3.71,12:53,152,147.0
2961,3.71,13:58,156,147.0
2962,3.72,14:34,157,146.3
2963,3.72,13:16,158,146.3
2964,3.72,13:58,158,146.3
2965,3.72,12:46,159,146.3
2966,3.72,11:33,159,146.3
2967,3.72,11:45,161,146.3
2968,3.72,11:52,161,145.7
2969,3.73,11:45,160,145.7
2970,3.73,11:45,162,145.7
2971,3.73,11:45,163,145.7
2972,3.73,11:52,163,145.7
2973,3.73,11:39,163,145.0
2974,3.73,11:52,163,145.0
2975,3.73,13:24,164,145.0
2976,3.73,13:58,164,145.0
2977,3.74,13:16,164,145.0
2978,3.74,12:46,164,145.0
2979,3.74,11:45,164,145.0
2980,3.74,10:43,164,145.0
2981,3.74,10:48,165,145.0
2982,3.74,10:54,165,145.0
2983,3.74,11:58,164,145.0
2984,3.75,12:53,164,145.0
2985,3.75,13:16,165,145.0
2986,3.75,13:01,165,145.0
2987,3.75,12:53,165,145.0
2988,3.75,12:32,166,144.4
2989,3.75,12:11,166,144.4
2990,3.75,12:32,166,144.4
2991,3.76,12:18,166,143.7
2992,3.76,11:45,166,143.7
2993,3.76,11:39,167,143.7
2994,3.76,11:58,167,143.7
2995,3.76,11:45,167,143.7
2996,3.76,12:04,167,144.4
2997,3.76,12:46,168,143.7
2998,3.77,12:11,168,143.7
2999,3.77,12:11,168,143.7
3000,3.77,12:18,167,143.7
3001,3.77,11:58,167,143.0
3002,3.77,11:21,166,143.0
3003,3.77,10:59,166,142.4
3004,3.77,10:54,166,142.4
3005,3.78,10:59,166,142.4
3006,3.78,10:59,167,141.7
3007,3.78,11:05,167,141.7
3008,3.78,12:04,168,141.7
3009,3.78,11:58,168,141.7
3010,3.78,11:45,168,141.7
3011,3.78,12:25,168,141.7
3012,3.79,12:53,169,141.7
3013,3.79,12:04,168,141.7
3014,3.79,11:33,168,141.7
3015,3.79,11:21,169,141.7
3016,3.79,11:16,170,141.7
3017,3.79,11:05,171,141.7
3018,3.79,11:45,170,141.7
3019,3.8,12:25,169,141.1
3020,3.8,13:01,169,141.1
3021,3.8,12:53,169,141.1
3022,3.8,14:16,168,141.1
3023,3.8,13:49,168,141.1
3024,3.8,13:32,168,140.4
3025,3.8,13:08,168,140.4
3026,3.8,12:18,168,140.4
3027,3.81,11:05,168,140.4
3028,3.81,11:33,168,140.4
3029,3.81,11:52,169,140.4
3030,3.81,11:27,168,140.4
3031,3.81,11:45,168,140.4
3032,3.81,12:39,168,140.4
3033,3.81,12:46,168,140.4
3034,3.81,12:32,168,140.4
3035,3.82,13:08,168,140.4
3036,3.82,13:41,168,140.4
3037,3.82,13:24,168,140.4
3038,3.82,12:39,168,140.4
3039,3.82,12:11,168,140.4
3040,3.82,11:58,168,140.4
3041,3.82,11:58,168,140.4
3042,3.83,11:21,168,140.4
3043,3.83,11:27,168,139.8
3044,3.83,11:58,169,139.8
3045,3.83,12:32,167,139.8
3046,3.83,12:39,168,139.8
3047,3.83,13:32,168,139.8
3048,3.83,14:34,168,139.8
3049,3.83,14:34,168,139.8
3050,3.84,13:58,167,139.8
3051,3.84,12:53,168,139.8
3052,3.84,12:32,168,139.8
3053,3.84,12:11,168,139.8
3054,3.84,12:32,168,139.8
3055,3.84,13:16,168,139.8
3056,3.84,13:49,169,139.8
3057,3.84,13:49,170,139.8
3058,3.85,13:49,169,139.8
3059,3.85,13:24,169,139.8
3060,3.85,13:24,169,139.8
3061,3.85,13:24,168,139.8
3062,3.85,13:58,168,139.8
3063,3.85,14:07,168,139.1
3064,3.85,14:34,167,139.1
3065,3.85,14:07,167,139.1
3066,3.86,14:25,169,139.1
3067,3.86,14:07,169,139.1
3068,3.86,13:24,168,139.8
3069,3.86,12:46,168,139.8
3070,3.86,12:39,169,139.1
3071,3.86,12:46,168,139.1
3072,3.86,13:08,168,139.1
3073,3.86,14:16,168,139.1
3074,3.86,15:14,168,139.1
3075,3.87,15:46,168,139.1
3076,3.87,15:14,169,139.1
3077,3.87,15:14,168,139.1
3078,3.87,14:16,168,139.1
3079,3.87,13:58,168,139.1
3080,3.87,13:58,168,139.1
3081,3.87,14:07,168,139.1
3082,3.87,13:32,169,139.1
3083,3.88,13:24,169,138.5
3084,3.88,12:53,169,138.5
3085,3.88,12:32,169,138.5
3086,3.88,12:11,169,138.5
3087,3.88,11:52,169,138.5
3088,3.88,11:16,168,138.5
3089,3.88,11:39,165,138.5
3090,3.89,11:39,162,138.5
3091,3.89,11:52,158,139.1
3092,3.89,11:52,157,139.1
3093,3.89,12:04,155,139.1
3094,3.89,11:58,154,139.1
3095,3.89,12:04,153,139.1
3096,3.89,12:39,153,139.1
3097,3.9,12:46,153,139.1
3098,3.9,13:01,153,139.1
3099,3.9,13:08,152,138.5
3100,3.9,12:39,152,138.5
3101,3.9,12:04,152,138.5
3102,3.9,12:39,152,138.5
3103,3.9,12:11,152,138.5
3104,3.9,11:52,152,138.5
3105,3.91,11:52,152,138.5
3106,3.91,12:25,152,138.5
3107,3.91,11:45,152,138.5
3108,3.91,11:33,151,138.5
3109,3.91,11:33,152,138.5
3110,3.91,11:27,153,138.5
3111,3.92,10:43,153,138.5
3112,3.92,10:48,153,138.5
3113,3.92,11:05,153,138.5
3114,3.92,10:59,153,137.8
3115,3.92,11:27,154,137.8
3116,3.92,12:04,154,137.8
3117,3.92,12:04,155,137.8
3118,3.92,12:25,155,138.5
3119,3.93,12:25,156,138.5
3120,3.93,11:52,158,138.5
3121,3.93,12:04,159,138.5
3122,3.93,12:39,160,138.5
3123,3.93,12:46,162,138.5
3124,3.93,12:25,164,137.8
3125,3.93,12:32,166,138.5
3126,3.94,11:33,168,138.5
3127,3.94,10:59,168,138.5
3128,3.94,10:54,168,138.5
3129,3.94,10:59,168,138.5
3130,3.94,10:43,169,137.8
3131,3.94,10:33,170,137.8
3132,3.95,10:18,171,137.8
3133,3.95,10:38,171,137.8
3134,3.95,11:05,171,137.8
3135,3.95,12:18,171,137.8
3136,3.95,13:41,171,137.8
3137,3.95,15:24,171,137.8
3138,3.95,14:54,171,137.8
3139,3.95,14:34,171,137.8
3140,3.96,13:32,171,137.8
3141,3.96,13:24,170,137.8
3142,3.96,11:45,170,137.8
3143,3.96,11:16,170,137.8
3144,3.96,11:45,170,137.1
3145,3.96,11:58,170,137.1
3146,3.96,11:52,171,137.1
3147,3.96,13:24,171,137.1
3148,3.97,13:24,170,137.1
3149,3.97,12:18,170,137.1
3150,3.97,12:32,170,137.1
3151,3.97,12:25,171,137.1
3152,3.97,12:18,169,137.1
3153,3.97,15:35,170,137.1
3154,3.97,16:21,171,137.1
3155,3.97,15:46,171,137.1
3156,3.98,16:33,171,137.1
3157,3.98,15:04,170,137.1
3158,3.98,11:58,170,137.1
3159,3.98,11:58,170,137.1
3160,3.98,11:39,171,137.1
3161,3.98,10:54,171,137.1
3162,3.98,11:27,170,137.1
3163,3.99,11:16,171,137.1
3164,3.99,10:43,172,137.1
3165,3.99,11:45,173,137.1
3166,3.99,11:21,173,137.1
3167,3.99,10:59,173,137.1
3168,3.99,11:27,174,137.1
3169,3.99,11:45,173,137.1
3170,4.0,10:54,174,137.1
3171,4.0,11:21,174,137.1
3172,4.0,10:43,175,136.5
3173,4.0,10:38,176,136.5
3174,4.0,10:28,176,137.1
3175,4.0,10:48,175,136.5
3176,4.01,10:38,175,136.5
3177,4.01,10:38,175,137.1
3178,4.01,10:33,175,137.1
3179,4.01,10:38,175,137.1
3180,4.01,10:38,174,137.1
3181,4.01,10:33,173,137.1
3182,4.01,11:05,174,136.5
3183,4.02,10:54,175,136.5
3184,4.02,11:10,175,137.1
3185,4.02,10:33,174,137.1
3186,4.02,10:48,174,137.1
3187,4.02,10:33,174,137.1
3188,4.02,10:48,175,137.1
3189,4.03,10:54,176,137.1
3190,4.03,10:48,176,137.1
3191,4.03,10:59,176,137.1
3192,4.03,11:52,176,136.5
3193,4.03,12:11,176,136.5
3194,4.03,11:10,177,136.5
3195,4.03,11:16,177,136.5
3196,4.04,10:59,178,136.5
3197,4.04,10:38,177,136.5
3198,4.04,10:43,176,137.1
3199,4.04,11:39,177,136.5
3200,4.04,11:27,177,136.5
3201,4.04,11:05,177,136.5
3202,4.05,10:59,178,136.5
3203,4.05,10:14,177,135.8
3204,4.05,10:38,177,136.5
3205,4.05,10:33,177,136.5
3206,4.05,11:21,177,136.5
3207,4.05,12:04,177,136.5
3208,4.05,13:16,177,136.5
3209,4.05,12:53,176,136.5
3210,4.06,13:32,174,136.5
3211,4.06,12:53,175,136.5
3212,4.06,12:11,175,136.5
3213,4.06,12:18,175,136.5
3214,4.06,12:04,175,135.8
3215,4.06,13:16,174,135.8
3216,4.06,13:01,173,135.8
3217,4.07,13:24,174,135.8
3218,4.07,14:54,174,136.5
3219,4.07,15:46,175,136.5
3220,4.07,14:16,174,136.5
3221,4.07,14:07,174,136.5
3222,4.07,13:24,173,136.5
3223,4.07,11:58,173,135.8
3224,4.07,11:10,173,135.8
3225,4.08,10:43,174,135.8
3226,4.08,11:05,174,135.8
3227,4.08,10:59,174,135.8
3228,4.08,10:43,173,135.8
3229,4.08,11:10,172,135.8
3230,4.08,12:11,171,135.8
3231,4.08,12:32,171,135.8
3232,4.09,13:01,172,135.8
3233,4.09,12:46,172,135.8
3234,4.09,12:32,173,135.8
3235,4.09,11:52,173,135.8
3236,4.09,11:21,172,135.8
3237,4.09,10:18,172,135.8
3238,4.09,10:28,172,135.2
3239,4.1,9:56,172,135.8
3240,4.1,9:56,172,135.8
3241,4.1,10:00,172,135.8
3242,4.1,10:48,172,135.8
3243,4.1,10:43,173,135.8
3244,4.1,11:33,173,135.8
3245,4.1,12:25,173,135.8
3246,4.11,13:24,173,135.8
3247,4.11,14:16,172,135.8
3248,4.11,14:44,173,135.8
3249,4.11,14:54,172,135.8
3250,4.11,13:49,172,136.5
3251,4.11,13:41,172,136.5
3252,4.11,13:16,172,136.5
3253,4.11,13:41,173,137.1
3254,4.12,14:34,173,137.1
3255,4.12,16:09,172,137.1
3256,4.12,15:24,173,137.8
3257,4.12,15:04,172,137.8
3258,4.12,15:04,172,138.5
3259,4.12,13:01,173,138.5
3260,4.12,11:27,172,138.5
3261,4.12,11:16,172,138.5
3262,4.13,11:10,172,138.5
3263,4.13,11:10,173,138.5
3264,4.13,11:39,173,138.5
3265,4.13,12:18,173,137.8
3266,4.13,12:11,173,137.8
3267,4.13,11:58,174,137.1
3268,4.13,10:54,173,136.5
3269,4.14,10:38,174,135.8
3270,4.14,10:28,174,135.2
3271,4.14,9:56,173,134.5
3272,4.14,10:00,172,133.9
3273,4.14,10:28,172,133.9
3274,4.14,10:54,173,133.2
3275,4.15,10:59,173,133.2
3276,4.15,12:11,173,133.2
3277,4.15,13:08,173,133.2
3278,4.15,13:08,173,132.5
3279,4.15,13:08,173,132.5
3280,4.15,13:32,173,131.9
3281,4.15,12:39,174,131.9
3282,4.15,11:52,174,131.9
3283,4.16,12:11,173,131.9
3284,4.16,11:33,173,131.9
3285,4.16,11:21,172,131.9
3286,4.16,11:27,172,131.9
3287,4.16,11:16,172,131.9
3288,4.16,11:16,172,131.9
3289,4.16,12:04,172,131.2
3290,4.17,11:45,171,131.2
3291,4.17,11:27,170,131.2
3292,4.17,11:52,170,131.2
3293,4.17,11:58,170,131.2
3294,4.17,11:27,171,131.2
3295,4.17,11:33,171,130.6
3296,4.17,12:04,172,130.6
3297,4.18,12:04,171,130.6
3298,4.18,11:05,171,130.6
3299,4.18,10:48,171,130.6
3300,4.18,10:59,170,130.6
3301,4.18,10:43,170,130.6
3302,4.18,10:00,170,129.9
3303,4.19,10:18,170,129.9
3304,4.19,10:28,170,129.3
3305,4.19,10:14,170,129.3
3306,4.19,9:51,170,129.3
3307,4.19,10:18,170,129.3
3308,4.19,10:23,171,129.3
3309,4.2,10:14,171,129.3
3310,4.2,10:23,171,128.6
3311,4.2,10:48,171,128.6
3312,4.2,10:59,171,128.6
3313,4.2,11:10,172,128.6
3314,4.2,11:27,172,128.6
3315,4.2,11:16,172,128.6
3316,4.21,11:45,173,128.6
3317,4.21,12:18,172,128.0
3318,4.21,12:53,171,128.0
3319,4.21,13:16,172,128.0
3320,4.21,13:16,172,128.0
3321,4.21,13:16,172,127.3
3322,4.21,12:25,173,127.3
3323,4.21,12:04,172,127.3
3324,4.22,10:59,172,127.3
3325,4.22,10:59,172,127.3
3326,4.22,10:48,173,127.3
3327,4.22,11:05,173,127.3
3328,4.22,10:59,174,127.3
3329,4.22,12:18,172,127.3
3330,4.22,12:32,173,126.6
3331,4.23,12:25,172,126.6
3332,4.23,12:46,175,126.6
3333,4.23,13:01,174,126.6
3334,4.23,11:52,173,126.6
3335,4.23,11:27,173,126.6
3336,4.23,11:21,174,126.0
3337,4.24,10:48,174,126.0
3338,4.24,10:28,175,126.0
3339,4.24,11:10,175,126.0
3340,4.24,11:39,174,126.0
3341,4.24,11:52,174,125.3
3342,4.24,12:39,175,125.3
3343,4.24,13:01,175,125.3
3344,4.24,13:16,176,125.3
3345,4.25,13:41,174,125.3
3346,4.25,14:16,175,125.3
3347,4.25,13:41,175,125.3
3348,4.25,12:39,176,125.3
3349,4.25,12:25,176,125.3
3350,4.25,11:16,175,124.7
3351,4.25,10:59,175,124.7
3352,4.26,10:38,175,124.7
3353,4.26,10:48,175,124.7
3354,4.26,10:54,175,124.0
3355,4.26,11:52,175,124.0
3356,4.26,12:25,175,124.0
3357,4.26,12:39,174,124.0
3358,4.26,12:39,175,124.7
3359,4.27,11:39,174,124.0
3360,4.27,11:16,175,124.0
3361,4.27,10:23,174,124.0
3362,4.27,9:56,174,124.0
3363,4.27,9:56,174,123.4
3364,4.27,9:47,174,123.4
3365,4.28,9:51,174,123.4
3366,4.28,10:00,176,123.4
3367,4.28,10:38,175,123.4
3368,4.28,11:27,175,123.4
3369,4.28,11:39,174,123.4
3370,4.28,11:10,174,123.4
3371,4.28,11:16,174,123.4
3372,4.29,10:43,175,123.4
3373,4.29,10:18,175,123.4
3374,4.29,10:48,174,123.4
3375,4.29,10:48,174,123.4
3376,4.29,11:05,173,123.4
3377,4.29,12:25,174,123.4
3378,4.29,12:46,173,123.4
3379,4.3,13:01,174,123.4
3380,4.3,13:24,174,123.4
3381,4.3,13:16,174,122.7
3382,4.3,11:58,174,122.7
3383,4.3,11:45,174,122.7
3384,4.3,11:16,174,122.7
3385,4.3,11:27,174,122.7
3386,4.31,11:05,175,122.7
3387,4.31,11:16,175,122.7
3388,4.31,11:05,176,122.0
3389,4.31,10:48,176,122.0
3390,4.31,10:05,176,122.0
3391,4.31,10:05,175,122.0
3392,4.32,9:51,174,122.0
3393,4.32,10:05,175,122.0
3394,4.32,10:28,175,121.4
3395,4.32,11:16,176,121.4
3396,4.32,11:45,176,121.4
3397,4.32,12:25,176,121.4
3398,4.32,12:11,176,121.4
3399,4.33,12:11,175,121.4
3400,4.33,12:25,175,121.4
3401,4.33,12:04,175,121.4
3402,4.33,11:58,174,121.4
3403,4.33,12:11,173,121.4
3404,4.33,12:11,175,121.4
3405,4.33,12:11,174,120.7
3406,4.33,12:11,174,120.7
3407,4.34,11:52,174,120.7
3408,4.34,11:45,173,120.7
3409,4.34,11:52,173,120.7
3410,4.34,11:33,175,120.7
3411,4.34,12:04,175,120.7
3412,4.34,12:11,174,120.1
3413,4.34,12:18,173,120.1
3414,4.35,11:58,173,120.1
3415,4.35,12:04,174,120.1
3416,4.35,11:52,173,120.1
3417,4.35,11:58,174,120.1
3418,4.35,11:39,173,120.1
3419,4.35,11:45,172,120.1
3420,4.36,10:59,173,120.1
3421,4.36,10:23,174,120.1
3422,4.36,10:23,174,120.1
3423,4.36,10:23,174,119.4
3424,4.36,10:38,173,119.4
3425,4.36,11:39,174,119.4
3426,4.36,12:11,174,119.4
3427,4.36,12:53,174,119.4
3428,4.37,13:58,175,119.4
3429,4.37,13:16,174,119.4
3430,4.37,12:32,173,119.4
3431,4.37,12:25,174,119.4
3432,4.37,11:45,175,118.8
3433,4.37,10:59,175,118.8
3434,4.37,11:21,174,118.8
3435,4.38,12:04,174,118.8
3436,4.38,12:04,175,118.8
3437,4.38,12:04,175,118.8
3438,4.38,12:18,175,118.8
3439,4.38,12:18,174,118.8
3440,4.38,11:27,175,118.8
3441,4.38,11:27,175,118.8
3442,4.39,11:27,175,118.8
3443,4.39,11:27,174,118.8
3444,4.39,11:05,174,118.8
3445,4.39,11:16,176,118.8
3446,4.39,11:16,175,118.8
3447,4.39,11:10,174,118.8
3448,4.39,11:05,175,118.8
3449,4.4,11:52,175,118.8
3450,4.4,12:04,174,118.8
3451,4.4,12:46,174,118.8
3452,4.4,12:53,173,118.8
3453,4.4,13:08,174,118.8
3454,4.4,13:16,174,118.8
3455,4.4,13:58,174,118.8
3456,4.4,14:07,173,118.8
3457,4.41,14:54,173,118.8
3458,4.41,15:04,173,118.8
3459,4.41,13:49,174,118.8
3460,4.41,13:01,174,118.8
3461,4.41,11:58,173,118.8
3462,4.41,11:27,172,118.8
3463,4.41,11:21,173,118.8
3464,4.42,11:39,174,118.8
3465,4.42,12:04,174,118.8
3466,4.42,12:25,174,118.8
3467,4.42,12:25,173,118.8
3468,4.42,12:39,173,118.8
3469,4.42,12:39,173,118.8
3470,4.42,12:25,173,118.8
3471,4.42,13:01,174,118.8
3472,4.43,12:46,173,118.8
3473,4.43,13:24,172,118.8
3474,4.43,14:34,173,118.8
3475,4.43,15:04,172,118.8
3476,4.43,15:04,173,118.8
3477,4.43,15:46,173,118.8
3478,4.43,14:16,172,118.8
3479,4.43,13:24,171,118.8
3480,4.44,12:46,171,118.1
3481,4.44,12:04,172,118.1
3482,4.44,12:25,172,118.1
3483,4.44,13:08,172,118.1
3484,4.44,13:08,171,118.1
3485,4.44,13:16,171,118.1
3486,4.44,13:32,172,118.1
3487,4.44,12:32,171,118.1
3488,4.45,12:18,171,118.1
3489,4.45,11:45,172,118.1
3490,4.45,11:33,172,117.5
3491,4.45,11:27,171,117.5
3492,4.45,12:04,171,117.5
3493,4.45,12:18,171,117.5
3494,4.45,13:24,171,117.5
3495,4.45,14:34,171,117.5
3496,4.46,14:25,171,117.5
3497,4.46,14:07,171,117.5
3498,4.46,13:08,171,117.5
3499,4.46,12:04,172,117.5
3500,4.46,11:16,171,117.5
3501,4.46,11:27,171,117.5
3502,4.46,11:39,171,118.1
3503,4.47,11:52,171,117.5
3504,4.47,12:25,171,118.1
3505,4.47,12:39,171,118.1
3506,4.47,12:18,173,118.1
3507,4.47,11:33,173,118.1
3508,4.47,11:05,173,118.1
3509,4.47,10:59,173,118.1
3510,4.48,11:05,173,118.1
3511,4.48,10:59,173,118.1
3512,4.48,11:21,174,118.1
3513,4.48,11:27,175,118.1
3514,4.48,11:16,175,118.1
3515,4.48,10:28,174,118.1
3516,4.49,10:23,175,118.1
3517,4.49,9:51,174,118.1
3518,4.49,9:56,174,118.1
3519,4.49,9:56,174,118.1
3520,4.49,10:43,175,118.1
3521,4.49,10:43,175,118.1
3522,4.49,11:33,176,118.1
3523,4.5,11:58,176,118.1
3524,4.5,11:39,175,118.1
3525,4.5,11:10,175,118.1
3526,4.5,10:59,177,117.5
3527,4.5,10:33,177,117.5
3528,4.5,10:05,176,117.5
3529,4.51,9:51,176,117.5
3530,4.51,9:56,176,117.5
3531,4.51,10:33,176,117.5
3532,4.51,10:28,178,117.5
3533,4.51,10:59,176,117.5
3534,4.51,11:33,176,118.1
3535,4.51,11:33,177,118.1
3536,4.52,11:27,177,117.5
3537,4.52,11:39,176,117.5
3538,4.52,11:16,176,117.5
3539,4.52,11:21,177,117.5
3540,4.52,11:16,177,117.5
3541,4.52,11:05,176,117.5
3542,4.53,11:27,176,118.1
3543,4.53,11:33,178,118.1
3544,4.53,11:10,177,118.1
3545,4.53,11:16,176,118.1
3546,4.53,11:21,178,118.1
3547,4.53,11:10,177,118.1
3548,4.53,11:33,176,118.1
3549,4.54,12:04,176,118.1
3550,4.54,11:58,177,118.1
3551,4.54,12:04,177,118.1
3552,4.54,11:58,176,118.1
3553,4.54,11:45,177,118.1
3554,4.54,11:45,178,118.1
3555,4.54,12:11,177,118.1
3556,4.54,12:18,176,118.1
3557,4.55,12:39,177,118.1
3558,4.55,12:18,176,118.1
3559,4.55,12:39,177,118.8
3560,4.55,12:39,177,118.8
3561,4.55,13:24,177,118.8
3562,4.55,13:24,176,118.8
3563,4.55,14:25,175,118.8
3564,4.55,13:49,176,118.8
3565,4.56,13:41,176,118.8
3566,4.56,12:25,178,118.8
3567,4.56,12:39,176,118.8
3568,4.56,11:58,176,118.8
3569,4.56,12:18,176,118.8
3570,4.56,12:11,176,118.8
3571,4.56,12:53,177,118.8
3572,4.57,12:11,177,118.8
3573,4.57,12:39,177,118.8
3574,4.57,11:52,176,118.8
3575,4.57,11:58,176,118.8
3576,4.57,11:39,175,119.4
3577,4.57,12:25,175,119.4
3578,4.57,12:25,174,119.4
3579,4.57,13:08,176,119.4
3580,4.58,13:41,175,120.1
3581,4.58,13:32,173,120.1
3582,4.58,13:08,173,120.1
3583,4.58,13:16,174,120.7
3584,4.58,13:16,175,120.7
3585,4.58,13:58,174,120.7
3586,4.58,14:07,173,121.4
3587,4.58,14:34,174,121.4
3588,4.59,13:58,173,121.4
3589,4.59,13:24,174,122.0
3590,4.59,11:52,175,122.0
3591,4.59,11:39,175,122.7
3592,4.59,11:10,175,123.4
3593,4.59,11:21,174,123.4
3594,4.59,11:52,175,124.0
3595,4.6,12:32,175,124.0
3596,4.6,12:53,174,124.0
3597,4.6,13:41,174,124.7
3598,4.6,13:24,175,124.7
3599,4.6,13:08,175,124.7
3600,4.6,13:58,175,124.7
3601,4.6,13:49,175,124.7
3602,4.6,13:16,175,124.7
3603,4.61,13:24,175,125.3
3604,4.61,13:24,176,126.0
3605,4.61,12:46,176,126.0
3606,4.61,12:53,175,126.0
3607,4.61,12:46,176,126.0
3608,4.61,12:46,178,126.0
3609,4.61,12:53,178,126.0
3610,4.62,12:11,177,126.0
3611,4.62,11:52,178,126.6
3612,4.62,11:58,178,126.6
3613,4.62,11:05,177,126.6
3614,4.62,10:54,178,126.6
3615,4.62,11:21,178,126.0
3616,4.62,11:21,177,126.0
3617,4.63,11:16,177,126.0
3618,4.63,12:11,178,125.3
3619,4.63,12:11,179,125.3
3620,4.63,12:11,177,124.7
3621,4.63,12:39,177,124.7
3622,4.63,12:53,178,124.0
3623,4.63,12:39,178,124.0
3624,4.63,12:25,177,124.0
3625,4.64,12:39,176,124.0
3626,4.64,12:46,176,123.4
3627,4.64,12:25,176,122.7
3628,4.64,12:46,177,122.0
3629,4.64,12:32,177,121.4
3630,4.64,11:39,176,121.4
3631,4.64,11:16,176,120.7
3632,4.65,10:48,177,120.1
3633,4.65,10:23,177,119.4
3634,4.65,10:23,177,119.4
3635,4.65,10:18,178,118.8
3636,4.65,10:33,177,118.8
3637,4.65,10:59,177,118.1
3638,4.66,11:21,176,118.1
3639,4.66,11:58,177,118.1
3640,4.66,13:08,178,117.5
3641,4.66,12:46,176,117.5
3642,4.66,12:11,176,117.5
3643,4.66,12:11,176,116.8
3644,4.66,11:45,176,116.8
3645,4.67,10:28,178,116.8
3646,4.67,10:18,177,116.8
3647,4.67,10:38,176,116.8
3648,4.67,10:38,176,116.8
3649,4.67,10:38,176,116.1
3650,4.67,11:10,178,116.1
3651,4.67,11:16,177,116.8
3652,4.68,11:21,176,116.8
3653,4.68,10:48,176,116.1
3654,4.68,10:43,176,116.1
3655,4.68,10:43,176,116.1
3656,4.68,10:54,177,116.1
3657,4.68,11:05,177,115.5
3658,4.68,11:39,177,115.5
3659,4.69,11:52,176,115.5
3660,4.69,12:04,176,115.5
3661,4.69,12:11,177,115.5
3662,4.69,12:18,178,115.5
3663,4.69,11:52,177,115.5
3664,4.69,11:58,177,115.5
3665,4.69,11:39,176,115.5
3666,4.7,11:33,175,115.5
3667,4.7,10:54,175,115.5
3668,4.7,10:59,175,115.5
3669,4.7,11:05,176,115.5
3670,4.7,11:45,176,115.5
3671,4.7,10:48,175,115.5
3672,4.71,10:59,175,115.5
3673,4.71,11:16,175,115.5
3674,4.71,10:54,175,115.5
3675,4.71,10:54,176,115.5
3676,4.71,11:58,175,115.5
3677,4.71,11:52,175,115.5
3678,4.71,12:39,176,115.5
3679,4.71,13:16,176,115.5
3680,4.72,12:25,175,115.5
3681,4.72,12:39,176,114.8
3682,4.72,13:16,177,114.8
3683,4.72,13:08,176,114.8
3684,4.72,13:01,175,114.8
3685,4.72,13:24,175,114.8
3686,4.72,12:46,175,114.8
3687,4.73,12:18,176,114.8
3688,4.73,11:27,175,115.5
3689,4.73,10:48,175,115.5
3690,4.73,11:16,176,115.5
3691,4.73,11:10,177,115.5
3692,4.73,11:39,176,114.8
3693,4.73,11:52,176,114.8
3694,4.74,12:04,176,114.2
3695,4.74,11:45,177,114.2
3696,4.74,12:46,177,114.2
3697,4.74,12:25,177,114.2
3698,4.74,12:53,178,114.2
3699,4.74,14:16,178,114.2
3700,4.74,14:16,178,114.2
3701,4.74,13:24,177,114.2
3702,4.75,12:53,177,114.2
3703,4.75,12:46,177,113.5
3704,4.75,12:04,177,113.5
3705,4.75,11:27,178,113.5
3706,4.75,11:33,178,113.5
3707,4.75,11:39,177,113.5
3708,4.75,11:16,176,113.5
3709,4.76,11:21,177,113.5
3710,4.76,11:45,177,113.5
3711,4.76,11:39,177,113.5
3712,4.76,11:52,177,113.5
3713,4.76,11:45,177,113.5
3714,4.76,11:33,175,113.5
3715,4.76,11:16,175,113.5
3716,4.77,10:54,174,113.5
3717,4.77,11:10,176,113.5
3718,4.77,11:27,175,113.5
3719,4.77,11:39,175,113.5
3720,4.77,12:04,174,113.5
3721,4.77,13:01,175,113.5
3722,4.77,13:24,175,113.5
3723,4.77,12:53,174,113.5
3724,4.78,13:01,174,113.5
3725,4.78,13:41,174,113.5
3726,4.78,13:01,175,113.5
3727,4.78,13:08,175,113.5
3728,4.78,13:49,175,113.5
3729,4.78,13:16,174,113.5
3730,4.78,12:39,173,112.9
3731,4.79,12:18,173,112.9
3732,4.79,11:27,174,112.9
3733,4.79,11:33,174,113.5
3734,4.79,11:21,175,113.5
3735,4.79,11:16,176,113.5
3736,4.79,11:33,175,113.5
3737,4.79,11:27,174,113.5
3738,4.8,11:16,175,112.9
3739,4.8,11:33,176,112.9
3740,4.8,11:27,177,112.9
3741,4.8,11:21,175,112.9
3742,4.8,11:33,176,112.9
3743,4.8,11:10,177,112.9
3744,4.8,11:05,177,112.9
3745,4.81,10:54,176,112.9
3746,4.81,10:59,176,112.9
3747,4.81,11:05,176,112.9
3748,4.81,11:05,177,112.9
3749,4.81,10:54,177,112.9
3750,4.81,10:54,177,112.9
3751,4.82,11:10,177,112.9
3752,4.82,10:54,177,112.9
3753,4.82,11:27,177,112.9
3754,4.82,12:11,176,112.9
3755,4.82,12:46,175,112.9
3756,4.82,12:46,177,112.9
3757,4.82,13:41,176,112.9
3758,4.82,13:08,174,112.9
3759,4.83,13:16,174,112.9
3760,4.83,13:32,174,112.2
3761,4.83,12:39,171,112.2
3762,4.83,12:11,166,112.2
3763,4.83,13:01,163,112.2
3764,4.83,12:53,162,112.2
3765,4.83,12:39,164,112.2
3766,4.83,13:01,166,112.2
3767,4.84,13:01,166,112.2
3768,4.84,12:25,168,112.2
3769,4.84,12:18,169,112.2
3770,4.84,12:46,170,111.5
3771,4.84,12:53,170,111.5
3772,4.84,13:01,171,111.5
3773,4.84,13:32,171,111.5
3774,4.84,13:49,174,110.9
3775,4.85,13:41,174,110.9
3776,4.85,13:58,174,110.9
3777,4.85,13:49,174,110.9
3778,4.85,13:08,174,110.2
3779,4.85,13:08,174,110.2
3780,4.85,12:18,174,109.6
3781,4.85,11:45,173,109.6
3782,4.86,12:11,173,108.9
3783,4.86,11:58,173,108.9
3784,4.86,11:16,174,108.3
3785,4.86,11:52,174,108.3
3786,4.86,12:32,174,108.3
3787,4.86,12:04,174,108.3
3788,4.86,12:04,174,108.3
3789,4.87,11:27,175,108.3
3790,4.87,11:05,174,108.9
3791,4.87,10:43,174,108.9
3792,4.87,10:59,175,108.9
3793,4.87,11:21,176,108.3
3794,4.87,12:39,176,108.3
3795,4.87,12:25,176,108.3
3796,4.88,12:25,175,108.3
3797,4.88,12:32,176,108.3
3798,4.88,12:25,177,108.3
3799,4.88,11:52,176,108.3
3800,4.88,11:39,175,108.3
3801,4.88,11:45,175,107.6
3802,4.88,11:16,175,107.6
3803,4.89,10:54,176,107.6
3804,4.89,11:05,174,107.6
3805,4.89,11:21,174,107.6
3806,4.89,11:21,174,107.6
3807,4.89,11:33,175,107.0
3808,4.89,11:58,175,107.0
3809,4.89,11:39,175,107.0
3810,4.9,12:11,175,106.3
3811,4.9,12:18,174,106.3
3812,4.9,12:04,174,105.6
3813,4.9,12:11,175,105.6
3814,4.9,12:04,176,105.0
3815,4.9,11:52,175,105.0
3816,4.9,12:04,175,104.3
3817,4.9,12:11,175,104.3
3818,4.91,11:27,177,103.7
3819,4.91,12:11,176,103.7
3820,4.91,12:39,175,103.0
3821,4.91,12:11,175,102.4
3822,4.91,12:53,174,102.4
3823,4.91,13:24,176,102.4
3824,4.91,12:46,175,101.7
3825,4.92,12:18,175,101.7
3826,4.92,12:18,175,101.7
3827,4.92,11:27,175,101.0
3828,4.92,11:10,175,100.4
3829,4.92,11:21,175,99.7
3830,4.92,10:48,175,99.7
3831,4.92,10:28,174,99.1
3832,4.93,10:28,175,99.1
3833,4.93,10:18,176,98.4
3834,4.93,11:16,175,98.4
3835,4.93,12:25,175,98.4
3836,4.93,13:16,175,98.4
3837,4.93,14:07,175,98.4
3838,4.93,14:54,175,98.4
3839,4.94,13:01,175,97.8
3840,4.94,12:11,174,97.1
3841,4.94,11:58,175,97.1
3842,4.94,11:39,175,97.1
3843,4.94,11:45,174,97.1
3844,4.94,11:39,173,96.5
3845,4.94,11:10,175,96.5
3846,4.95,11:21,175,96.5
3847,4.95,11:52,175,96.5
3848,4.95,11:21,174,97.1
3849,4.95,11:58,174,97.1
3850,4.95,12:53,174,97.8
3851,4.95,12:53,174,97.8
3852,4.95,11:52,176,98.4
3853,4.95,12:18,175,98.4
3854,4.96,12:04,176,99.1
3855,4.96,11:52,176,99.7
3856,4.96,10:59,176,99.7
3857,4.96,11:16,177,100.4
3858,4.96,11:05,177,100.4
3859,4.96,11:05,179,101.0
3860,4.97,10:59,178,101.0
3861,4.97,11:21,178,101.0
3862,4.97,10:54,178,101.0
3863,4.97,11:21,178,101.0
3864,4.97,11:05,178,101.0
3865,4.97,11:10,178,101.0
3866,4.97,11:39,178,101.0
3867,4.98,11:52,177,101.0
3868,4.98,11:21,177,101.0
3869,4.98,11:52,177,101.0
3870,4.98,12:04,178,101.0
3871,4.98,11:58,177,100.4
3872,4.98,12:39,177,100.4
3873,4.98,13:49,177,100.4
3874,4.99,11:52,178,101.0
3875,4.99,11:05,178,101.0
3876,4.99,11:10,178,101.0
3877,4.99,11:21,179,101.0
3878,4.99,11:10,178,101.0
3879,4.99,13:58,177,101.0
3880,4.99,15:04,178,101.0
3881,4.99,14:34,178,101.0
3882,5.0,13:49,178,100.4
3883,5.0,12:53,177,100.4
3884,5.0,11:21,178,100.4
3885,5.0,10:54,179,100.4
3886,5.0,11:05,177,100.4
3887,5.0,10:38,177,100.4
3888,5.0,10:33,178,100.4
3889,5.01,11:33,178,100.4
3890,5.01,11:45,176,100.4
3891,5.01,11:33,178,100.4
3892,5.01,11:58,178,100.4
3893,5.01,12:18,177,100.4
3894,5.01,11:27,177,100.4
3895,5.01,11:58,177,100.4
3896,5.02,12:18,177,100.4
3897,5.02,12:18,176,100.4
3898,5.02,12:11,178,100.4
3899,5.02,11:58,177,99.7
3900,5.02,10:59,176,99.7
3901,5.02,11:16,176,99.7
3902,5.02,11:16,179,99.7
3903,5.03,11:05,178,99.7
3904,5.03,11:10,178,99.7
3905,5.03,12:18,177,99.7
3906,5.03,12:18,179,99.7
3907,5.03,12:53,177,99.7
3908,5.03,13:24,179,99.7
3909,5.03,13:24,178,100.4
3910,5.03,13:08,177,100.4
3911,5.04,12:25,178,100.4
3912,5.04,11:27,179,101.0
3913,5.04,10:48,179,101.0
3914,5.04,10:59,179,101.0
3915,5.04,10:33,178,101.0
3916,5.04,10:18,177,101.0
3917,5.05,11:21,177,101.7
3918,5.05,12:11,178,102.4
3919,5.05,12:32,179,103.0
3920,5.05,13:24,178,103.7
3921,5.05,13:01,178,104.3
3922,5.05,11:58,178,105.0
3923,5.05,12:11,177,105.6
3924,5.05,11:52,179,105.6
3925,5.06,11:21,179,106.3
3926,5.06,12:46,178,107.0
3927,5.06,13:32,179,107.0
3928,5.06,13:32,178,107.6
3929,5.06,14:07,177,107.6
3930,5.06,14:44,178,107.0
3931,5.06,14:44,177,107.0
3932,5.06,15:24,177,107.0
3933,5.07,15:46,177,107.0
3934,5.07,15:24,178,106.3
3935,5.07,15:14,178,105.6
3936,5.07,14:16,177,105.0
3937,5.07,12:32,177,104.3
3938,5.07,10:59,175,103.0
3939,5.07,10:05,175,102.4
3940,5.08,9:34,177,101.7
3941,5.08,9:18,176,101.0
3942,5.08,9:30,177,100.4
3943,5.08,10:09,176,99.7
3944,5.08,10:59,175,99.7
3945,5.08,11:45,175,99.1
3946,5.08,12:18,176,98.4
3947,5.09,12:18,177,97.8
3948,5.09,12:04,176,97.1
3949,5.09,11:45,176,97.1
3950,5.09,11:52,177,97.1
3951,5.09,11:52,176,97.1
3952,5.09,11:58,176,97.1
3953,5.09,12:25,176,97.1
3954,5.1,11:39,176,97.8
3955,5.1,11:21,176,97.8
3956,5.1,11:05,176,97.8
3957,5.1,11:21,177,98.4
3958,5.1,11:21,177,98.4
3959,5.1,12:32,178,98.4
3960,5.1,12:04,178,98.4
3961,5.11,12:39,177,99.1
3962,5.11,12:53,177,99.1
3963,5.11,12:18,177,99.1
3964,5.11,12:46,177,99.1
3965,5.11,13:32,176,99.7
3966,5.11,13:24,178,99.7
3967,5.11,13:32,178,99.7
3968,5.11,14:25,178,99.7
3969,5.12,13:41,178,100.4
3970,5.12,12:32,178,100.4
3971,5.12,12:46,178,100.4
3972,5.12,12:46,179,100.4
3973,5.12,12:25,178,100.4
3974,5.12,12:53,178,100.4
3975,5.12,13:58,179,100.4
3976,5.12,13:08,178,100.4
3977,5.13,12:25,179,100.4
3978,5.13,12:39,180,99.7
3979,5.13,11:21,178,99.7
3980,5.13,11:05,178,99.7
3981,5.13,11:16,179,99.1
3982,5.13,11:21,179,99.1
3983,5.14,11:21,178,99.1
3984,5.14,11:52,178,99.1
3985,5.14,11:58,179,99.1
3986,5.14,12:04,177,99.1
3987,5.14,12:11,177,99.1
3988,5.14,12:11,178,99.1
3989,5.14,12:46,177,99.1
3990,5.14,12:53,177,99.1
3991,5.15,13:01,177,99.1
3992,5.15,13:16,177,99.7
3993,5.15,13:58,177,99.1
3994,5.15,13:49,176,99.7
3995,5.15,13:24,177,99.7
3996,5.15,13:41,176,99.7
3997,5.15,13:01,175,99.7
3998,5.15,12:46,176,100.4
3999,5.16,12:39,176,100.4
4000,5.16,13:24,175,100.4
4001,5.16,13:32,174,100.4
4002,5.16,14:44,174,100.4
4003,5.16,13:16,174,100.4
4004,5.16,13:08,173,100.4
4005,5.16,13:08,175,101.0
4006,5.16,13:01,175,101.0
4007,5.17,11:58,174,101.0
4008,5.17,12:53,175,101.0
4009,5.17,12:39,175,101.0
4010,5.17,11:33,175,100.4
4011,5.17,11:05,175,100.4
4012,5.17,10:59,175,100.4
4013,5.17,10:33,177,99.7
4014,5.18,10:33,176,99.7
4015,5.18,10:54,176,99.7
4016,5.18,11:16,176,99.1
4017,5.18,11:52,176,99.1
4018,5.18,12:11,178,99.1
4019,5.18,12:11,177,99.1
4020,5.18,12:18,177,99.1
4021,5.19,11:39,177,99.1
4022,5.19,11:16,177,99.7
4023,5.19,10:59,177,99.7
4024,5.19,10:33,175,99.7
4025,5.19,10:28,177,99.7
4026,5.19,10:48,178,99.1
4027,5.2,10:54,177,99.1
4028,5.2,11:05,176,99.1
4029,5.2,11:27,177,99.1
4030,5.2,12:04,178,98.4
4031,5.2,12:04,178,98.4
4032,5.2,12:39,177,98.4
4033,5.2,12:46,178,98.4
4034,5.2,13:01,178,97.8
4035,5.21,12:18,178,98.4
4036,5.21,11:52,177,98.4
4037,5.21,11:33,178,98.4
4038,5.21,10:59,178,98.4
4039,5.21,10:38,178,98.4
4040,5.21,10:48,179,98.4
4041,5.22,11:39,178,98.4
4042,5.22,11:45,179,98.4
4043,5.22,12:32,178,98.4
4044,5.22,12:25,177,98.4
4045,5.22,12:18,178,98.4
4046,5.22,11:39,179,98.4
4047,5.22,11:16,178,98.4
4048,5.23,11:10,177,98.4
4049,5.23,11:27,179,98.4
4050,5.23,11:21,179,98.4
4051,5.23,11:21,177,98.4
4052,5.23,11:39,177,98.4
4053,5.23,11:33,177,98.4
4054,5.23,11:27,176,97.8
4055,5.24,11:21,172,97.8
4056,5.24,11:39,168,97.8
4057,5.24,12:04,167,97.8
4058,5.24,12:25,168,97.8
4059,5.24,12:11,167,97.8
4060,5.24,12:53,167,97.8
4061,5.24,12:46,164,97.8
4062,5.24,12:11,165,98.4
4063,5.25,11:52,166,98.4
4064,5.25,12:18,166,98.4
4065,5.25,12:04,164,98.4
4066,5.25,11:58,160,99.1
4067,5.25,12:04,156,99.1
4068,5.25,12:32,151,99.1
4069,5.25,12:25,152,99.7
4070,5.26,12:46,154,99.7
4071,5.26,12:53,155,99.7
4072,5.26,13:01,155,99.7
4073,5.26,13:24,161,99.7
4074,5.26,13:41,165,99.7
4075,5.26,13:16,166,99.7
4076,5.26,13:41,168,99.7
4077,5.26,13:41,169,99.7
4078,5.27,12:46,172,99.7
4079,5.27,11:58,173,99.7
4080,5.27,12:04,173,99.7
4081,5.27,11:58,173,99.7
4082,5.27,12:04,173,99.7
4083,5.27,12:25,177,99.7
4084,5.27,13:16,175,99.7
4085,5.27,13:08,175,99.7
4086,5.28,13:08,175,100.4
4087,5.28,12:25,178,100.4
4088,5.28,12:18,176,100.4
4089,5.28,12:11,176,100.4
4090,5.28,11:52,178,100.4
4091,5.28,11:39,176,100.4
4092,5.28,12:18,175,100.4
4093,5.29,11:52,175,100.4
4094,5.29,11:27,175,100.4
4095,5.29,11:10,176,100.4
4096,5.29,10:43,175,100.4
4097,5.29,10:18,175,100.4
4098,5.29,10:23,176,100.4
4099,5.3,10:38,175,100.4
4100,5.3,10:38,175,99.7
4101,5.3,11:05,175,99.7
4102,5.3,11:27,177,99.7
4103,5.3,11:27,178,99.7
4104,5.3,11:10,176,99.7
4105,5.3,10:48,177,99.7
4106,5.31,10:14,178,99.7
4107,5.31,10:05,177,99.7
4108,5.31,10:14,178,100.4
4109,5.31,10:23,179,100.4
4110,5.31,11:16,177,100.4
4111,5.31,11:58,177,101.0
4112,5.31,12:11,179,101.0
4113,5.32,12:18,179,101.0
4114,5.32,12:32,179,101.7
4115,5.32,12:32,179,101.7
4116,5.32,13:24,180,101.7
4117,5.32,13:41,179,101.7
4118,5.32,13:49,179,101.7
4119,5.32,14:07,178,102.4
4120,5.32,14:16,178,102.4
4121,5.33,12:53,178,102.4
4122,5.33,12:18,177,101.7
4123,5.33,11:58,177,101.7
4124,5.33,11:27,176,101.7
4125,5.33,10:48,176,101.7
4126,5.33,10:54,177,101.7
4127,5.34,11:05,177,101.0
4128,5.34,11:21,177,101.0
4129,5.34,11:45,177,101.0
4130,5.34,12:53,177,100.4
4131,5.34,12:32,179,100.4
4132,5.34,12:46,179,100.4
4133,5.34,12:11,179,99.7
4134,5.34,12:39,177,99.7
4135,5.35,11:33,177,99.7
4136,5.35,11:39,176,99.1
4137,5.35,11:05,177,99.1
4138,5.35,11:27,178,99.1
4139,5.35,10:38,177,99.1
4140,5.35,10:38,177,99.1
4141,5.36,10:28,177,99.1
4142,5.36,10:23,177,99.1
4143,5.36,10:05,177,99.1
4144,5.36,10:23,178,99.1
4145,5.36,10:18,178,99.1
4146,5.36,10:28,177,98.4
4147,5.36,11:10,175,98.4
4148,5.37,11:33,176,97.8
4149,5.37,11:33,177,97.8
4150,5.37,12:32,175,97.8
4151,5.37,13:24,175,97.1
4152,5.37,13:16,177,97.1
4153,5.37,13:49,176,97.1
4154,5.37,14:25,175,97.8
4155,5.37,13:49,174,97.1
4156,5.38,15:04,175,97.1
4157,5.38,16:45,176,97.1
4158,5.38,15:14,175,97.1
4159,5.38,13:32,175,97.1
4160,5.38,12:53,176,97.1
4161,5.38,11:05,177,97.8
4162,5.38,9:51,175,97.8
4163,5.39,9:56,175,97.8
4164,5.39,10:18,175,97.8
4165,5.39,10:38,176,97.1
4166,5.39,10:38,176,97.1
4167,5.39,11:16,175,97.1
4168,5.39,11:39,175,97.1
4169,5.39,12:53,176,97.1
4170,5.4,13:16,176,97.1
4171,5.4,14:44,175,97.1
4172,5.4,13:58,174,97.1
4173,5.4,13:41,175,97.1
4174,5.4,12:53,174,97.1
4175,5.4,12:53,174,97.1
4176,5.4,12:25,174,97.1
4177,5.4,12:25,174,97.1
4178,5.41,12:25,173,97.1
4179,5.41,12:11,174,97.1
4180,5.41,12:18,174,97.1
4181,5.41,12:46,172,97.1
4182,5.41,12:53,172,97.1
4183,5.41,12:53,173,97.8
4184,5.41,12:53,172,97.8
4185,5.42,12:25,173,97.8
4186,5.42,11:33,174,97.8
4187,5.42,11:27,174,97.8
4188,5.42,11:16,174,97.8
4189,5.42,11:45,174,97.8
4190,5.42,11:45,175,98.4
4191,5.42,12:04,174,98.4
4192,5.43,11:58,174,98.4
4193,5.43,11:52,176,99.1
4194,5.43,11:10,175,99.1
4195,5.43,11:21,175,99.1
4196,5.43,12:11,176,99.7
4197,5.43,13:32,176,99.7
4198,5.43,14:25,175,100.4
4199,5.43,15:14,176,100.4
4200,5.43,16:21,176,100.4
4201,5.44,14:34,175,100.4
4202,5.44,13:32,176,100.4
4203,5.44,12:53,177,101.0
4204,5.44,12:25,176,101.0
4205,5.44,12:11,177,101.7
4206,5.44,12:11,178,101.7
4207,5.44,11:52,177,101.7
4208,5.45,11:39,176,101.0
4209,5.45,11:45,177,101.0
4210,5.45,11:16,178,101.0
4211,5.45,12:18,176,101.0
4212,5.45,13:01,176,101.0
4213,5.45,13:16,177,101.0
4214,5.45,13:16,177,100.4
4215,5.46,13:32,176,100.4
4216,5.46,12:39,176,100.4
4217,5.46,12:25,176,99.7
4218,5.46,12:46,177,99.7
4219,5.46,12:25,176,99.1
4220,5.46,12:39,176,99.1
4221,5.46,11:33,178,99.1
4222,5.46,11:21,177,99.1
4223,5.47,10:59,177,99.1
4224,5.47,10:59,177,99.1
4225,5.47,10:38,176,99.1
4226,5.47,10:48,176,99.7
4227,5.47,10:33,177,99.7
4228,5.47,10:33,179,99.1
4229,5.48,10:00,178,99.1
4230,5.48,10:09,178,99.1
4231,5.48,10:38,177,99.1
4232,5.48,10:43,179,98.4
4233,5.48,10:43,179,98.4
4234,5.48,11:21,178,98.4
4235,5.49,11:05,178,98.4
4236,5.49,11:10,178,98.4
4237,5.49,11:27,179,98.4
4238,5.49,11:27,179,98.4
4239,5.49,11:33,178,97.8
4240,5.49,11:05,178,97.8
4241,5.49,11:10,179,97.8
4242,5.5,10:43,180,97.8
4243,5.5,10:33,179,97.8
4244,5.5,10:28,178,97.8
4245,5.5,10:43,180,97.8
4246,5.5,10:38,179,97.8
4247,5.5,11:10,179,97.8
4248,5.5,11:16,178,97.8
4249,5.51,11:39,181,97.8
4250,5.51,11:39,179,97.8
4251,5.51,11:05,179,97.8
4252,5.51,11:16,180,97.8
4253,5.51,11:10,179,97.8
4254,5.51,11:05,179,97.8
4255,5.52,11:16,180,97.8
4256,5.52,11:21,180,97.8
4257,5.52,10:43,179,97.8
4258,5.52,11:21,180,97.8
4259,5.52,10:43,180,97.8
4260,5.52,10:54,179,97.8
4261,5.52,11:33,180,98.4
4262,5.53,11:21,181,98.4
4263,5.53,11:10,180,98.4
4264,5.53,12:04,180,98.4
4265,5.53,12:11,180,99.1
4266,5.53,11:45,179,99.1
4267,5.53,12:53,180,99.1
4268,5.53,13:41,180,99.7
4269,5.53,13:16,179,100.4
4270,5.54,13:32,179,100.4
4271,5.54,13:24,179,101.0
4272,5.54,12:46,179,101.0
4273,5.54,12:04,179,101.7
4274,5.54,12:11,178,101.7
4275,5.54,12:11,179,102.4
4276,5.54,12:53,179,102.4
4277,5.54,13:32,179,103.0
4278,5.55,13:16,179,103.0
4279,5.55,13:08,181,103.0
4280,5.55,12:53,179,103.0
4281,5.55,12:18,180,103.0
4282,5.55,11:45,181,103.0
4283,5.55,12:04,181,103.0
4284,5.55,12:18,180,103.0
4285,5.56,12:11,179,103.0
4286,5.56,12:25,180,103.7
4287,5.56,12:04,180,103.7
4288,5.56,11:39,180,103.7
4289,5.56,11:27,181,104.3
4290,5.56,11:05,181,104.3
4291,5.56,10:48,181,104.3
4292,5.57,10:48,182,104.3
4293,5.57,10:54,182,104.3
4294,5.57,11:21,182,104.3
4295,5.57,11:39,181,103.7
4296,5.57,11:39,182,103.7
4297,5.57,11:52,181,103.7
4298,5.57,12:04,181,104.3
4299,5.58,11:39,182,104.3
4300,5.58,11:45,182,104.3
4301,5.58,12:32,180,104.3
4302,5.58,12:53,181,105.0
4303,5.58,12:46,181,105.0
4304,5.58,13:16,181,105.0
4305,5.58,13:24,181,105.0
4306,5.59,13:08,181,105.0
4307,5.59,13:01,180,105.0
4308,5.59,13:08,182,105.0
4309,5.59,12:46,180,105.0
4310,5.59,12:39,180,105.0
4311,5.59,12:39,179,105.0
4312,5.59,12:53,178,105.0
4313,5.59,13:16,178,105.0
4314,5.6,12:25,179,105.0
4315,5.6,11:58,178,105.0
4316,5.6,11:16,177,105.0
4317,5.6,10:28,179,105.0
4318,5.6,10:09,178,105.0
4319,5.6,10:23,178,105.6
4320,5.61,10:18,179,105.6
4321,5.61,10:48,179,105.6
4322,5.61,11:16,179,105.6
4323,5.61,11:21,179,105.6
4324,5.61,11:45,181,106.3
4325,5.61,12:32,179,105.6
4326,5.61,12:18,179,105.6
4327,5.61,12:32,181,105.6
4328,5.62,11:52,180,105.6
4329,5.62,11:16,181,105.6
4330,5.62,11:21,181,105.6
4331,5.62,11:45,180,106.3
4332,5.62,11:58,182,105.6
4333,5.62,13:24,181,106.3
4334,5.62,14:07,179,106.3
4335,5.63,14:07,181,106.3
4336,5.63,13:49,181,106.3
4337,5.63,13:24,181,106.3
4338,5.63,13:01,182,106.3
4339,5.63,12:18,181,106.3
4340,5.63,11:33,181,106.3
4341,5.63,10:28,180,106.3
4342,5.64,10:14,180,106.3
4343,5.64,9:34,180,105.6
4344,5.64,9:43,180,105.6
4345,5.64,9:38,179,105.6
4346,5.64,10:23,180,105.6
4347,5.64,10:33,180,105.6
4348,5.65,11:21,179,105.6
4349,5.65,11:58,179,106.3
4350,5.65,13:08,179,105.6
4351,5.65,13:24,180,105.6
4352,5.65,13:41,180,105.0
4353,5.65,13:24,180,104.3
4354,5.65,13:08,180,103.7
4355,5.65,12:46,179,103.0
4356,5.66,12:32,179,103.0
4357,5.66,12:04,181,103.0
4358,5.66,11:33,179,103.0
4359,5.66,11:33,180,103.0
4360,5.66,10:43,180,103.7
4361,5.66,10:38,180,103.7
4362,5.66,10:59,180,103.7
4363,5.67,11:33,179,103.7
4364,5.67,11:16,181,103.7
4365,5.67,11:52,180,103.7
4366,5.67,12:11,179,103.0
4367,5.67,11:39,180,103.0
4368,5.67,11:21,180,103.0
4369,5.67,12:04,179,102.4
4370,5.68,11:52,180,102.4
4371,5.68,11:45,179,101.7
4372,5.68,12:11,178,101.7
4373,5.68,12:11,178,101.7
4374,5.68,11:27,180,101.0
4375,5.68,12:18,179,101.0
4376,5.68,12:32,178,100.4
4377,5.68,12:53,179,99.7
4378,5.69,13:08,179,99.1
4379,5.69,13:16,179,99.1
4380,5.69,12:18,179,98.4
4381,5.69,11:33,180,97.8
4382,5.69,11:05,179,97.1
4383,5.69,10:43,179,97.1
4384,5.7,10:23,179,96.5
4385,5.7,10:18,179,95.8
4386,5.7,10:48,179,95.8
4387,5.7,11:10,180,95.1
4388,5.7,11:45,179,95.1
4389,5.7,12:39,179,94.5
4390,5.7,13:41,179,94.5
4391,5.7,14:25,179,95.1
4392,5.71,14:44,179,95.1
4393,5.71,15:46,178,95.8
4394,5.71,16:33,178,95.8
4395,5.71,16:21,176,96.5
4396,5.71,15:14,177,96.5
4397,5.71,15:35,176,97.1
4398,5.71,13:49,177,97.1
4399,5.71,11:52,177,97.8
4400,5.72,11:45,176,97.8
4401,5.72,11:52,178,97.8
4402,5.72,11:27,177,97.8
4403,5.72,11:16,176,97.8
4404,5.72,11:39,176,97.8
4405,5.72,11:21,177,97.8
4406,5.72,11:10,176,97.8
4407,5.73,10:48,177,97.1
4408,5.73,11:16,176,97.1
4409,5.73,12:32,177,96.5
4410,5.73,12:39,179,96.5
4411,5.73,13:16,179,96.5
4412,5.73,13:58,178,95.8
4413,5.73,13:58,176,95.8
4414,5.73,13:01,176,95.1
4415,5.74,13:24,175,95.1
4416,5.74,13:01,176,94.5
4417,5.74,12:32,177,94.5
4418,5.74,13:01,176,94.5
4419,5.74,13:16,176,94.5
4420,5.74,13:01,178,95.1
4421,5.74,11:52,177,95.1
4422,5.75,11:39,177,95.1
4423,5.75,10:33,176,94.5
4424,5.75,10:33,177,93.2
4425,5.75,11:10,178,92.5
4426,5.75,12:46,176,91.9
4427,5.75,12:53,176,91.2
4428,5.75,12:04,177,91.2
4429,5.76,11:16,178,91.2
4430,5.76,9:56,177,91.2
4431,5.76,9:22,177,90.6
4432,5.76,9:14,178,90.6
4433,5.76,10:00,179,91.2
4434,5.76,10:33,178,91.2
4435,5.77,11:16,177,91.2
4436,5.77,11:10,178,91.2
4437,5.77,10:38,178,91.9
4438,5.77,10:38,177,91.2
4439,5.77,10:38,178,91.2
4440,5.77,10:18,178,91.2
4441,5.78,10:23,177,91.2
4442,5.78,10:48,176,90.6
4443,5.78,11:39,178,90.6
4444,5.78,12:04,177,90.6
4445,5.78,12:32,175,90.6
4446,5.78,12:25,177,90.6
4447,5.78,12:46,177,89.9
4448,5.78,12:18,177,89.9
4449,5.79,11:58,176,89.9
4450,5.79,11:52,176,89.9
4451,5.79,12:11,176,89.9
4452,5.79,12:04,176,89.9
4453,5.79,11:52,175,89.9
4454,5.79,11:39,175,89.9
4455,5.79,11:21,178,89.9
4456,5.8,11:33,176,89.2
4457,5.8,11:21,176,89.9
4458,5.8,10:48,176,89.9
4459,5.8,10:43,177,89.9
4460,5.8,10:28,178,89.9
4461,5.8,10:28,177,89.2
4462,5.8,11:27,177,89.2
4463,5.81,12:11,177,89.2
4464,5.81,12:32,179,88.6
4465,5.81,13:32,178,88.6
4466,5.81,12:11,177,88.6
4467,5.81,11:16,177,88.6
4468,5.81,10:48,178,88.6
4469,5.82,10:14,177,88.6
4470,5.82,10:00,178,88.6
4471,5.82,10:33,178,87.9
4472,5.82,10:18,178,87.9
4473,5.82,10:54,178,87.9
4474,5.82,10:59,178,87.3
4475,5.82,10:43,178,87.3
4476,5.83,10:48,179,87.3
4477,5.83,10:59,179,87.3
4478,5.83,10:33,179,87.3
4479,5.83,10:48,180,87.3
4480,5.83,10:54,180,87.9
4481,5.83,10:54,179,87.9
4482,5.84,10:48,181,87.3
4483,5.84,11:05,180,87.3
4484,5.84,11:16,179,87.3
4485,5.84,11:52,178,87.3
4486,5.84,11:52,179,87.3
4487,5.84,12:11,180,87.3
4488,5.84,11:58,179,87.3
4489,5.84,12:18,178,87.3
4490,5.85,12:25,179,87.9
4491,5.85,12:25,178,87.9
4492,5.85,12:46,179,87.9
4493,5.85,12:53,179,87.9
4494,5.85,12:53,177,87.9
4495,5.85,13:01,178,87.9
4496,5.85,13:49,179,87.9
4497,5.85,14:16,181,87.9
4498,5.86,13:49,180,87.9
4499,5.86,13:01,180,87.9
4500,5.86,12:32,180,87.9
4501,5.86,11:33,179,87.9
4502,5.86,11:10,178,87.9
4503,5.86,11:52,178,87.9
4504,5.86,12:18,178,87.9
4505,5.87,12:18,178,87.9
4506,5.87,13:24,178,87.9
4507,5.87,13:58,179,87.9
4508,5.87,13:01,179,87.9
4509,5.87,13:16,179,87.9
4510,5.87,13:01,179,87.9
4511,5.87,12:18,179,87.9
4512,5.88,11:52,178,88.6
4513,5.88,12:18,178,88.6
4514,5.88,11:58,179,88.6
4515,5.88,12:18,178,88.6
4516,5.88,11:39,179,88.6
4517,5.88,11:33,181,88.6
4518,5.88,11:33,179,88.6
4519,5.89,11:33,179,88.6
4520,5.89,11:10,180,88.6
4521,5.89,11:45,180,89.2
4522,5.89,11:45,181,89.2
4523,5.89,11:33,180,89.2
4524,5.89,12:18,180,89.2
4525,5.89,12:46,180,89.2
4526,5.89,13:01,180,89.2
4527,5.9,12:46,180,89.2
4528,5.9,13:01,180,89.2
4529,5.9,12:04,180,89.2
4530,5.9,11:52,180,89.2
4531,5.9,11:33,180,89.2
4532,5.9,11:45,180,89.2
4533,5.9,11:39,179,89.2
4534,5.91,12:25,179,89.2
4535,5.91,12:18,182,89.2
4536,5.91,12:39,182,89.2
4537,5.91,12:39,178,88.6
4538,5.91,12:39,178,88.6
4539,5.91,12:11,178,88.6
4540,5.91,12:18,179,88.6
4541,5.91,12:18,179,88.6
4542,5.92,12:18,179,88.6
4543,5.92,11:21,179,88.6
4544,5.92,11:05,180,88.6
4545,5.92,11:21,179,88.6
4546,5.92,11:21,179,88.6
4547,5.92,11:05,180,88.6
4548,5.93,11:45,180,88.6
4549,5.93,11:45,178,88.6
4550,5.93,11:21,181,88.6
4551,5.93,11:10,179,88.6
4552,5.93,10:59,178,88.6
4553,5.93,10:59,179,88.6
4554,5.93,11:05,180,88.6
4555,5.94,10:54,178,87.9
4556,5.94,10:54,178,87.9
4557,5.94,11:33,179,87.9
4558,5.94,11:52,179,87.9
4559,5.94,12:11,177,87.9
4560,5.94,12:39,178,87.9
4561,5.94,12:11,178,87.9
4562,5.95,11:45,178,87.9
4563,5.95,11:45,177,87.9
4564,5.95,11:16,178,87.9
4565,5.95,11:05,180,88.6
4566,5.95,11:21,179,88.6
4567,5.95,11:27,178,88.6
4568,5.95,10:59,180,88.6
4569,5.96,10:48,180,88.6
4570,5.96,10:33,178,88.6
4571,5.96,10:38,181,88.6
4572,5.96,10:33,181,88.6
4573,5.96,10:28,181,88.6
4574,5.96,11:05,179,88.6
4575,5.97,11:16,180,88.6
4576,5.97,11:21,180,88.6
4577,5.97,11:33,180,89.2
4578,5.97,11:52,180,89.2
4579,5.97,11:39,181,89.2
4580,5.97,11:52,179,89.9
4581,5.97,11:45,180,89.9
4582,5.98,11:58,181,89.9
4583,5.98,12:04,181,89.9
4584,5.98,11:45,181,90.6
4585,5.98,12:11,181,90.6
4586,5.98,12:11,180,90.6
4587,5.98,12:11,182,90.6
4588,5.98,12:11,181,90.6
4589,5.98,12:25,180,90.6
4590,5.99,11:58,181,90.6
4591,5.99,12:11,181,90.6
4592,5.99,12:46,181,91.2
4593,5.99,13:01,181,91.2
4594,5.99,12:32,181,91.2
4595,5.99,12:46,182,91.9
4596,5.99,12:39,181,91.9
4597,6.0,11:52,181,92.5
4598,6.0,11:58,182,92.5
4599,6.0,12:39,180,93.2
4600,6.0,12:32,180,93.2
4601,6.0,12:32,181,93.2
4602,6.0,12:32,179,93.2
4603,6.0,12:18,181,93.8
4604,6.0,11:58,181,93.8
4605,6.01,11:58,180,94.5
4606,6.01,11:45,180,94.5
4607,6.01,11:58,180,95.1
4608,6.01,11:58,180,95.1
4609,6.01,12:11,179,95.1
4610,6.01,11:58,180,95.1
4611,6.01,12:11,182,95.8
4612,6.02,12:04,180,95.8
4613,6.02,12:11,181,96.5
4614,6.02,12:11,181,96.5
4615,6.02,12:11,180,97.1
4616,6.02,12:04,182,97.1
4617,6.02,12:25,182,97.8
4618,6.02,12:11,182,97.8
4619,6.03,11:21,182,98.4
4620,6.03,11:21,182,98.4
4621,6.03,11:16,182,99.1
4622,6.03,10:59,182,99.1
4623,6.03,11:21,182,99.1
4624,6.03,12:39,184,99.7
4625,6.03,12:53,182,99.7
4626,6.04,13:24,183,99.7
4627,6.04,13:49,181,99.7
4628,6.04,13:32,183,99.7
4629,6.04,12:53,182,100.4
4630,6.04,13:08,181,100.4
4631,6.04,13:16,181,100.4
4632,6.04,12:46,181,101.0
4633,6.04,13:16,183,101.0
4634,6.04,14:07,181,101.0
4635,6.05,14:07,182,101.7
4636,6.05,13:24,182,101.7
4637,6.05,13:49,182,101.7
4638,6.05,13:16,184,101.7
4639,6.05,12:46,181,101.7
4640,6.05,12:46,181,101.7
4641,6.05,13:08,182,102.4
4642,6.06,13:16,182,102.4
4643,6.06,14:34,182,102.4
4644,6.06,15:35,182,102.4
4645,6.06,15:35,181,102.4
4646,6.06,16:21,182,102.4
4647,6.06,16:33,181,102.4
4648,6.06,14:34,181,102.4
4649,6.06,13:24,181,102.4
4650,6.06,13:41,179,102.4
4651,6.07,13:08,180,102.4
4652,6.07,12:53,178,102.4
4653,6.07,13:01,179,102.4
4654,6.07,13:41,179,102.4
4655,6.07,14:16,179,101.7
4656,6.07,15:04,179,101.7
4657,6.07,15:24,179,101.7
4658,6.07,16:33,178,102.4
4659,6.07,17:11,178,102.4
4660,6.07,16:33,178,102.4
4661,6.08,16:33,177,102.4
4662,6.08,16:58,178,102.4
4663,6.08,16:21,178,102.4
4664,6.08,14:54,176,102.4
4665,6.08,14:07,175,102.4
4666,6.08,13:24,175,101.7
4667,6.08,12:53,177,101.7
4668,6.08,12:53,178,101.0
4669,6.09,13:32,179,101.0
4670,6.09,13:41,179,101.0
4671,6.09,13:49,178,100.4
4672,6.09,13:32,180,100.4
4673,6.09,13:16,179,100.4
4674,6.09,12:53,178,100.4
4675,6.09,12:53,179,99.7
4676,6.09,13:01,179,99.7
4677,6.1,13:24,178,99.1
4678,6.1,13:49,178,99.1
4679,6.1,13:32,179,99.1
4680,6.1,14:07,178,99.7
4681,6.1,13:49,178,99.1
4682,6.1,13:41,178,99.1
4683,6.1,13:16,177,99.1
4684,6.11,12:18,177,98.4
4685,6.11,11:33,177,98.4
4686,6.11,11:27,178,98.4
4687,6.11,11:16,177,98.4
4688,6.11,10:59,178,98.4
4689,6.11,11:58,179,97.8
4690,6.11,12:04,178,97.8
4691,6.11,11:52,177,97.8
4692,6.12,11:39,178,97.1
4693,6.12,11:45,178,97.1
4694,6.12,11:33,177,97.1
4695,6.12,11:45,177,96.5
4696,6.12,11:52,179,96.5
4697,6.12,12:11,179,96.5
4698,6.12,11:45,178,95.8
4699,6.13,11:05,179,95.8
4700,6.13,10:38,179,95.8
4701,6.13,10:28,179,95.8
4702,6.13,10:00,178,95.8
4703,6.13,10:09,178,95.8
4704,6.13,10:43,179,95.8
4705,6.14,10:59,179,95.8
4706,6.14,10:59,178,95.1
4707,6.14,11:21,179,95.1
4708,6.14,11:27,179,95.1
4709,6.14,10:54,178,95.1
4710,6.14,10:43,178,94.5
4711,6.14,11:21,177,94.5
4712,6.15,11:58,179,94.5
4713,6.15,12:25,180,94.5
4714,6.15,13:16,178,93.8
4715,6.15,14:07,179,93.8
4716,6.15,13:58,179,93.8
4717,6.15,13:58,178,93.8
4718,6.15,14:34,179,93.2
4719,6.15,14:54,178,93.2
4720,6.16,14:34,178,93.2
4721,6.16,13:58,178,92.5
4722,6.16,13:08,179,92.5
4723,6.16,12:25,178,92.5
4724,6.16,11:52,177,92.5
4725,6.16,11:45,177,92.5
4726,6.16,11:52,178,91.9
4727,6.17,11:33,176,91.9
4728,6.17,11:16,176,91.9
4729,6.17,11:21,177,91.2
4730,6.17,10:59,176,91.2
4731,6.17,10:48,177,90.6
4732,6.17,11:45,178,90.6
4733,6.17,12:11,179,90.6
4734,6.17,12:46,178,90.6
4735,6.18,14:07,178,90.6
4736,6.18,14:54,179,90.6
4737,6.18,14:16,178,90.6
4738,6.18,14:16,177,89.9
4739,6.18,13:08,179,89.9
4740,6.18,12:32,178,89.2
4741,6.18,12:04,178,89.2
4742,6.19,11:27,178,89.2
4743,6.19,11:33,178,89.2
4744,6.19,12:11,177,89.2
4745,6.19,11:52,177,88.6
4746,6.19,11:58,178,88.6
4747,6.19,12:32,177,88.6
4748,6.19,12:53,176,88.6
4749,6.19,12:18,176,87.9
4750,6.2,12:53,176,87.9
4751,6.2,12:46,176,87.3
4752,6.2,12:46,175,87.3
4753,6.2,12:25,176,87.3
4754,6.2,12:53,177,87.3
4755,6.2,12:32,175,87.3
4756,6.2,11:58,175,87.3
4757,6.21,12:04,177,87.3
4758,6.21,11:58,176,87.3
4759,6.21,11:39,175,87.3
4760,6.21,11:27,176,87.3
4761,6.21,12:11,176,86.6
4762,6.21,12:04,175,86.6
4763,6.21,12:18,175,86.6
4764,6.21,12:46,175,86.6
4765,6.22,14:07,175,86.6
4766,6.22,14:16,175,86.6
4767,6.22,13:49,172,86.0
4768,6.22,13:41,172,86.0
4769,6.22,13:49,172,86.0
4770,6.22,12:53,172,86.0
4771,6.22,12:32,172,85.3
4772,6.22,13:01,171,85.3
4773,6.23,13:08,170,85.3
4774,6.23,13:01,171,85.3
4775,6.23,13:01,171,85.3
4776,6.23,13:32,171,85.3
4777,6.23,13:41,171,85.3
4778,6.23,14:07,171,84.6
4779,6.23,14:34,171,84.6
4780,6.23,14:44,172,84.6
4781,6.24,14:16,172,84.0
4782,6.24,13:32,172,84.0
4783,6.24,13:08,172,84.0
4784,6.24,12:11,173,84.0
4785,6.24,12:11,175,84.0
4786,6.24,12:46,173,83.3
4787,6.24,13:24,172,83.3
4788,6.24,13:58,173,83.3
4789,6.25,14:25,174,83.3
4790,6.25,14:54,174,84.0
4791,6.25,14:34,174,84.0
4792,6.25,13:58,172,84.0
4793,6.25,13:41,172,84.0
4794,6.25,14:16,173,84.0
4795,6.25,14:07,173,83.3
4796,6.25,15:04,171,83.3
4797,6.25,19:26,171,83.3
4798,6.25,20:19,172,83.3
4799,6.26,20:01,172,82.7
4800,6.26,20:37,171,82.7
4801,6.26,15:46,170,82.7
4802,6.26,11:39,170,82.7
4803,6.26,11:16,171,82.7
4804,6.26,11:10,171,82.7
4805,6.26,10:43,171,82.7
4806,6.27,10:43,171,83.3
4807,6.27,11:33,171,83.3
4808,6.27,10:59,171,83.3
4809,6.27,10:59,171,83.3
4810,6.27,11:10,170,83.3
4811,6.27,12:18,170,83.3
4812,6.27,13:16,171,83.3
4813,6.28,13:24,171,84.0
4814,6.28,13:01,170,83.3
4815,6.28,12:25,171,83.3
4816,6.28,12:46,171,83.3
4817,6.28,12:39,170,83.3
4818,6.28,13:16,169,83.3
4819,6.28,13:24,169,83.3
4820,6.28,14:07,169,83.3
4821,6.29,14:34,170,83.3
4822,6.29,14:16,171,84.0
4823,6.29,13:49,169,84.0
4824,6.29,14:16,168,84.6
4825,6.29,14:34,169,84.6
4826,6.29,13:41,169,84.0
4827,6.29,13:01,168,84.0
4828,6.29,13:08,168,84.0
4829,6.3,13:01,168,84.0
4830,6.3,12:46,168,84.0
4831,6.3,13:08,166,84.0
4832,6.3,13:16,158,84.0
4833,6.3,13:24,155,84.0
4834,6.3,13:32,152,83.3
4835,6.3,13:24,152,83.3
4836,6.3,13:24,152,83.3
4837,6.31,14:07,151,83.3
4838,6.31,14:54,151,84.0
4839,6.31,15:35,151,84.0
4840,6.31,16:09,151,84.0
4841,6.31,15:14,151,84.0
4842,6.31,13:58,151,84.0
4843,6.31,13:08,151,84.0
4844,6.31,12:18,154,84.0
4845,6.32,11:33,151,84.0
4846,6.32,12:11,151,84.0
4847,6.32,12:53,151,84.0
4848,6.32,12:32,151,84.0
4849,6.32,12:39,151,84.6
4850,6.32,13:16,151,84.6
4851,6.32,13:01,151,85.3
4852,6.32,13:01,150,85.3
4853,6.33,13:41,151,85.3
4854,6.33,13:32,151,85.3
4855,6.33,12:53,151,85.3
4856,6.33,12:32,151,85.3
4857,6.33,12:04,152,85.3
4858,6.33,11:52,152,85.3
4859,6.33,12:04,153,85.3
4860,6.33,12:18,154,85.3
4861,6.34,12:25,155,85.3
4862,6.34,12:39,156,85.3
4863,6.34,12:53,158,85.3
4864,6.34,13:01,160,85.3
4865,6.34,13:01,163,85.3
4866,6.34,12:39,165,85.3
4867,6.34,13:16,167,85.3
4868,6.34,13:41,169,85.3
4869,6.35,13:49,172,85.3
4870,6.35,14:16,172,85.3
4871,6.35,14:07,171,85.3
4872,6.35,13:41,173,85.3
4873,6.35,13:08,174,85.3
4874,6.35,13:16,172,84.6
4875,6.35,13:24,174,84.6
4876,6.35,13:49,174,85.3
4877,6.36,13:24,173,85.3
4878,6.36,12:53,173,85.3
4879,6.36,12:11,174,84.6
4880,6.36,12:04,174,84.6
4881,6.36,12:25,174,84.6
4882,6.36,12:53,174,84.6
4883,6.36,14:07,175,84.6
4884,6.36,14:07,174,84.6
4885,6.37,13:24,174,84.6
4886,6.37,12:46,174,84.6
4887,6.37,12:25,174,84.6
4888,6.37,11:27,175,84.6
4889,6.37,11:39,175,84.6
4890,6.37,12:32,174,84.6
4891,6.37,12:32,176,84.6
4892,6.38,12:39,175,84.6
4893,6.38,12:46,175,84.6
4894,6.38,13:01,174,84.0
4895,6.38,12:46,175,84.6
4896,6.38,13:24,175,84.0
4897,6.38,13:08,174,84.0
4898,6.38,13:01,174,84.0
4899,6.39,12:46,175,84.0
4900,6.39,11:58,174,84.0
4901,6.39,11:52,174,83.3
4902,6.39,12:18,174,83.3
4903,6.39,12:46,174,84.0
4904,6.39,12:32,173,84.0
4905,6.39,13:01,173,84.0
4906,6.39,13:01,174,84.0
4907,6.4,12:39,173,84.0
4908,6.4,12:46,173,84.0
4909,6.4,13:32,173,84.0
4910,6.4,13:32,174,84.0
4911,6.4,13:16,173,83.3
4912,6.4,13:58,172,83.3
4913,6.4,13:41,173,83.3
4914,6.4,12:46,174,82.7
4915,6.41,12:32,173,82.7
4916,6.41,12:04,172,82.7
4917,6.41,11:27,172,82.7
4918,6.41,11:39,173,82.7
4919,6.41,11:39,174,82.7
4920,6.41,11:33,172,82.7
4921,6.41,12:32,173,82.7
4922,6.42,13:01,174,82.7
4923,6.42,13:16,174,82.0
4924,6.42,13:58,174,82.0
4925,6.42,14:07,173,82.0
4926,6.42,13:58,173,82.0
4927,6.42,13:32,174,82.0
4928,6.42,13:08,173,82.0
4929,6.42,12:25,173,81.4
4930,6.43,12:46,173,81.4
4931,6.43,12:25,175,81.4
4932,6.43,12:04,174,81.4
4933,6.43,11:45,173,82.0
4934,6.43,12:11,174,82.0
4935,6.43,12:18,174,82.0
4936,6.43,12:11,174,81.4
4937,6.43,12:53,173,81.4
4938,6.44,13:08,175,81.4
4939,6.44,12:53,174,81.4
4940,6.44,12:53,174,81.4
4941,6.44,13:08,175,81.4
4942,6.44,12:32,176,80.7
4943,6.44,12:39,175,81.4
4944,6.44,13:08,175,81.4
4945,6.44,13:08,175,81.4
4946,6.45,13:16,174,81.4
4947,6.45,13:58,174,81.4
4948,6.45,13:49,175,81.4
4949,6.45,14:07,174,82.0
4950,6.45,13:01,174,81.4
4951,6.45,13:16,175,81.4
4952,6.45,12:39,175,81.4
4953,6.46,12:53,174,81.4
4954,6.46,12:53,174,80.7
4955,6.46,14:44,175,80.7
4956,6.46,15:24,175,81.4
4957,6.46,16:21,175,80.7
4958,6.46,15:04,174,80.7
4959,6.46,14:07,174,80.7
4960,6.46,12:32,174,80.1
4961,6.47,11:21,175,80.1
4962,6.47,10:59,175,80.1
4963,6.47,11:05,176,80.7
4964,6.47,10:33,175,80.7
4965,6.47,10:59,175,80.7
4966,6.47,11:39,176,80.7
4967,6.47,11:58,175,80.7
4968,6.47,12:32,175,80.7
4969,6.48,14:07,174,80.7
4970,6.48,13:16,175,80.7
4971,6.48,12:46,174,80.7
4972,6.48,12:53,175,80.7
4973,6.48,12:32,175,81.4
4974,6.48,12:18,176,81.4
4975,6.48,13:08,175,81.4
4976,6.49,13:32,174,81.4
4977,6.49,12:46,175,81.4
4978,6.49,12:25,176,81.4
4979,6.49,12:11,174,81.4
4980,6.49,12:11,175,81.4
4981,6.49,12:25,177,81.4
4982,6.49,12:32,175,81.4
4983,6.49,12:46,175,81.4
4984,6.5,12:32,175,81.4
4985,6.5,12:18,175,81.4
4986,6.5,12:04,177,81.4
4987,6.5,12:25,176,81.4
4988,6.5,12:39,176,81.4
4989,6.5,13:08,177,81.4
4990,6.5,14:07,176,82.0
4991,6.5,14:25,176,82.0
4992,6.51,14:07,176,82.0
4993,6.51,12:53,178,82.0
4994,6.51,12:39,177,82.0
4995,6.51,12:11,176,82.0
4996,6.51,11:52,178,81.4
4997,6.51,13:01,176,81.4
4998,6.51,14:54,176,81.4
4999,6.51,14:44,176,81.4
5000,6.52,14:25,176,81.4
5001,6.52,14:44,175,81.4
5002,6.52,13:24,177,80.7
5003,6.52,13:16,175,80.1
5004,6.52,13:41,174,79.4
5005,6.52,13:32,174,78.7
5006,6.52,14:07,174,78.1
5007,6.52,13:16,174,78.1
5008,6.53,12:18,173,77.4
5009,6.53,11:58,173,77.4
5010,6.53,11:52,173,76.8
5011,6.53,10:54,174,76.8
5012,6.53,11:10,174,76.8
5013,6.53,11:33,175,76.8
5014,6.53,12:04,175,76.8
5015,6.54,11:52,174,76.8
5016,6.54,11:58,172,76.8
5017,6.54,12:39,174,76.8
5018,6.54,12:53,174,76.8
5019,6.54,12:18,174,76.8
5020,6.54,13:01,174,77.4
5021,6.54,13:16,174,77.4
5022,6.55,13:08,174,77.4
5023,6.55,13:32,174,77.4
5024,6.55,13:08,173,77.4
5025,6.55,12:11,173,77.4
5026,6.55,11:52,173,77.4
5027,6.55,11:45,172,77.4
5028,6.55,11:21,173,77.4
5029,6.55,11:52,173,78.1
5030,6.56,12:18,173,78.1
5031,6.56,13:01,172,78.1
5032,6.56,13:08,172,78.1
5033,6.56,13:24,170,78.1
5034,6.56,13:08,170,78.1
5035,6.56,13:24,169,78.1
5036,6.56,13:08,170,77.4
5037,6.56,13:24,169,77.4
5038,6.57,14:25,170,77.4
5039,6.57,14:54,169,77.4
5040,6.57,14:54,170,77.4
5041,6.57,15:46,168,77.4
5042,6.57,16:09,165,77.4
5043,6.57,15:35,165,77.4
5044,6.57,15:35,165,77.4
5045,6.57,15:35,165,76.8
5046,6.57,14:54,171,76.8
5047,6.58,13:58,171,76.8
5048,6.58,12:25,175,76.1
5049,6.58,11:45,175,76.1
5050,6.58,11:10,173,76.1
5051,6.58,10:28,173,76.1
5052,6.58,10:59,175,75.5
5053,6.58,11:33,174,75.5
5054,6.59,12:32,173,74.8
5055,6.59,13:16,173,74.8
5056,6.59,14:34,173,74.1
5057,6.59,13:24,173,74.1
5058,6.59,13:08,172,74.1
5059,6.59,12:04,172,74.1
5060,6.59,11:58,172,74.1
5061,6.6,11:52,173,74.1
5062,6.6,12:11,173,74.1
5063,6.6,12:53,173,74.1
5064,6.6,13:01,174,74.1
5065,6.6,13:32,173,74.1
5066,6.6,14:16,173,74.1
5067,6.6,14:34,175,73.5
5068,6.6,14:07,174,73.5
5069,6.6,14:44,173,73.5
5070,6.61,13:49,174,74.1
5071,6.61,12:46,176,74.1
5072,6.61,13:01,174,74.1
5073,6.61,13:08,173,74.8
5074,6.61,13:08,173,74.8
5075,6.61,13:41,173,74.8
5076,6.61,13:58,175,74.8
5077,6.61,13:16,174,75.5
5078,6.62,13:01,175,75.5
5079,6.62,13:41,174,75.5
5080,6.62,13:41,175,75.5
5081,6.62,14:07,175,75.5
5082,6.62,14:34,174,75.5
5083,6.62,15:04,173,76.1
5084,6.62,13:49,175,76.1
5085,6.62,14:16,175,76.8
5086,6.63,14:07,174,76.8
5087,6.63,14:07,174,76.8
5088,6.63,13:08,175,76.8
5089,6.63,14:25,174,76.8
5090,6.63,13:58,173,76.8
5091,6.63,13:24,173,76.8
5092,6.63,13:16,174,76.8
5093,6.63,14:16,174,76.8
5094,6.64,13:24,173,77.4
5095,6.64,13:24,174,76.8
5096,6.64,13:58,174,76.8
5097,6.64,14:07,174,76.8
5098,6.64,13:41,174,76.8
5099,6.64,12:32,176,76.8
5100,6.64,12:18,175,76.8
5101,6.64,12:11,175,76.8
5102,6.65,12:11,176,76.8
5103,6.65,12:11,176,76.8
5104,6.65,13:01,175,77.4
5105,6.65,12:53,175,77.4
5106,6.65,12:53,177,77.4
5107,6.65,12:46,177,77.4
5108,6.65,13:08,177,77.4
5109,6.65,13:08,177,77.4
5110,6.66,13:24,176,77.4
5111,6.66,13:32,176,77.4
5112,6.66,13:01,177,77.4
5113,6.66,12:11,177,77.4
5114,6.66,12:25,176,78.1
5115,6.66,12:25,176,78.1
5116,6.66,12:11,175,78.1
5117,6.67,12:25,176,78.1
5118,6.67,13:32,176,78.7
5119,6.67,14:07,175,78.1
5120,6.67,16:21,175,78.1
5121,6.67,17:52,176,78.1
5122,6.67,17:38,175,77.4
5123,6.67,16:09,175,77.4
5124,6.67,15:24,176,77.4
5125,6.67,13:24,176,77.4
5126,6.68,12:11,175,77.4
5127,6.68,12:18,177,77.4
5128,6.68,12:11,177,77.4
5129,6.68,12:11,178,77.4
5130,6.68,12:18,178,77.4
5131,6.68,12:32,178,77.4
5132,6.68,11:45,177,76.8
5133,6.68,12:25,178,76.8
5134,6.69,12:32,178,76.8
5135,6.69,11:52,178,76.8
5136,6.69,11:33,180,76.8
5137,6.69,12:11,179,76.1
5138,6.69,11:33,179,76.1
5139,6.69,11:21,179,76.1
5140,6.69,11:45,178,76.1
5141,6.7,11:52,179,76.1
5142,6.7,12:25,180,76.1
5143,6.7,13:32,179,76.1
5144,6.7,13:01,178,76.1
5145,6.7,13:01,178,76.1
5146,6.7,13:32,177,76.1
5147,6.7,13:24,176,76.1
5148,6.7,12:39,176,76.1
5149,6.71,13:41,175,76.1
5150,6.71,13:58,176,75.5
5151,6.71,13:01,177,75.5
5152,6.71,12:39,176,75.5
5153,6.71,12:53,176,74.8
5154,6.71,12:18,177,74.8
5155,6.71,12:11,177,74.8
5156,6.72,12:39,176,74.8
5157,6.72,12:46,176,74.8
5158,6.72,12:32,176,74.8
5159,6.72,12:46,177,74.8
5160,6.72,12:53,181,74.8
5161,6.72,13:24,180,74.8
5162,6.72,13:58,179,74.8
5163,6.72,14:07,177,74.8
5164,6.73,14:07,176,74.1
5165,6.73,14:54,175,74.1
5166,6.73,14:34,175,73.5
5167,6.73,13:01,175,73.5
5168,6.73,12:53,177,72.8
5169,6.73,12:04,177,72.8
5170,6.73,11:05,178,72.2
5171,6.73,10:48,177,72.2
5172,6.74,11:27,175,71.5
5173,6.74,11:16,176,71.5
5174,6.74,11:45,178,71.5
5175,6.74,12:11,177,72.2
5176,6.74,12:53,176,72.2
5177,6.74,12:39,178,72.2
5178,6.74,13:08,176,72.2
5179,6.74,14:07,176,72.2
5180,6.75,14:25,176,72.8
5181,6.75,13:24,178,72.8
5182,6.75,13:16,178,73.5
5183,6.75,13:41,178,73.5
5184,6.75,13:08,178,73.5
5185,6.75,13:32,177,74.1
5186,6.75,14:54,176,74.1
5187,6.75,16:33,176,74.8
5188,6.76,16:09,177,74.8
5189,6.76,16:21,177,74.8
5190,6.76,15:57,176,75.5
5191,6.76,15:14,176,75.5
5192,6.76,15:35,177,75.5
5193,6.76,15:46,178,76.1
5194,6.76,15:46,176,76.1
5195,6.76,16:09,178,76.1
5196,6.76,14:34,177,76.1
5197,6.77,13:16,177,76.1
5198,6.77,11:45,176,76.1
5199,6.77,10:43,179,76.8
5200,6.77,10:23,179,76.8
5201,6.77,10:48,179,76.8
5202,6.77,10:23,181,76.8
5203,6.78,11:16,181,76.8
5204,6.78,11:52,180,76.8
5205,6.78,11:16,179,76.8
5206,6.78,11:10,180,76.8
5207,6.78,11:21,178,76.8
5208,6.78,10:33,178,76.8
5209,6.78,10:33,180,76.8
5210,6.79,10:38,178,77.4
5211,6.79,10:38,178,77.4
5212,6.79,11:33,180,77.4
5213,6.79,12:11,179,77.4
5214,6.79,12:11,178,77.4
5215,6.79,12:18,179,77.4
5216,6.79,12:25,177,77.4
5217,6.8,11:27,177,77.4
5218,6.8,11:05,177,77.4
5219,6.8,10:54,177,77.4
5220,6.8,11:05,176,77.4
5221,6.8,11:21,177,77.4
5222,6.8,12:11,176,77.4
5223,6.8,12:46,176,77.4
5224,6.81,13:01,177,77.4
5225,6.81,13:24,177,77.4
5226,6.81,13:01,177,77.4
5227,6.81,11:52,177,78.1
5228,6.81,12:11,176,78.1
5229,6.81,12:46,176,78.1
5230,6.81,12:18,178,78.1
5231,6.81,11:52,177,78.7
5232,6.82,12:32,177,78.7
5233,6.82,12:25,178,78.7
5234,6.82,12:18,178,79.4
5235,6.82,12:46,178,79.4
5236,6.82,12:53,178,80.1
5237,6.82,13:16,178,80.7
5238,6.82,13:49,178,80.7
5239,6.82,13:58,178,81.4
5240,6.83,13:24,181,81.4
5241,6.83,14:16,180,81.4
5242,6.83,13:58,180,80.7
5243,6.83,13:58,180,80.7
5244,6.83,13:49,180,80.7
5245,6.83,14:25,181,80.7
5246,6.83,14:44,180,80.7
5247,6.83,14:16,180,80.7
5248,6.84,14:25,181,80.7
5249,6.84,14:54,180,80.7
5250,6.84,14:54,180,80.7
5251,6.84,14:07,180,80.7
5252,6.84,14:44,182,80.7
5253,6.84,14:16,181,81.4
5254,6.84,14:25,179,81.4
5255,6.84,14:34,180,81.4
5256,6.84,15:57,181,81.4
5257,6.85,15:46,179,81.4
5258,6.85,16:09,181,81.4
5259,6.85,16:09,179,81.4
5260,6.85,15:46,180,82.0
5261,6.85,14:25,179,82.0
5262,6.85,13:58,180,82.0
5263,6.85,12:04,180,82.0
5264,6.85,10:33,178,82.0
5265,6.86,10:09,178,82.7
5266,6.86,9:38,178,82.7
5267,6.86,9:11,176,82.7
5268,6.86,10:00,177,82.7
5269,6.86,10:43,177,82.7
5270,6.86,11:16,176,82.7
5271,6.87,12:32,176,82.7
5272,6.87,13:24,178,82.7
5273,6.87,13:24,177,83.3
5274,6.87,14:16,176,82.7
5275,6.87,13:16,177,82.7
5276,6.87,13:01,178,82.7
5277,6.87,13:41,178,82.7
5278,6.87,13:49,178,83.3
5279,6.87,13:32,179,83.3
5280,6.88,14:16,179,83.3
5281,6.88,14:34,178,83.3
5282,6.88,13:49,179,83.3
5283,6.88,13:41,178,83.3
5284,6.88,14:16,179,84.0
5285,6.88,14:07,179,84.0
5286,6.88,14:07,178,84.0
5287,6.88,14:44,180,84.0
5288,6.89,14:16,179,84.0
5289,6.89,13:41,179,84.0
5290,6.89,14:34,179,84.0
5291,6.89,13:08,176,84.0
5292,6.89,12:46,176,84.0
5293,6.89,12:25,178,84.0
5294,6.89,12:04,179,84.0
5295,6.9,11:16,179,84.0
5296,6.9,12:04,178,84.0
5297,6.9,11:58,178,84.0
5298,6.9,12:11,179,84.0
5299,6.9,12:25,179,84.0
5300,6.9,12:46,178,83.3
5301,6.9,12:18,179,83.3
5302,6.9,12:18,179,83.3
5303,6.91,12:32,178,83.3
5304,6.91,12:04,179,84.0
5305,6.91,12:04,179,84.0
5306,6.91,11:52,180,84.0
5307,6.91,11:45,179,84.0
5308,6.91,12:11,179,84.0
5309,6.91,12:11,179,84.0
5310,6.92,12:18,179,84.0
5311,6.92,12:46,179,84.0
5312,6.92,12:53,178,84.0
5313,6.92,12:18,178,84.0
5314,6.92,13:24,179,84.0
5315,6.92,12:46,178,84.0
5316,6.92,12:53,179,84.0
5317,6.92,12:46,179,84.0
5318,6.93,12:32,178,84.6
5319,6.93,11:45,179,84.6
5320,6.93,11:45,180,84.6
5321,6.93,11:10,179,84.6
5322,6.93,11:33,178,84.6
5323,6.93,11:58,179,84.6
5324,6.93,12:04,180,84.6
5325,6.94,13:01,179,85.3
5326,6.94,13:32,179,85.3
5327,6.94,13:08,180,86.0
5328,6.94,12:39,180,86.0
5329,6.94,12:25,180,86.0
5330,6.94,11:58,181,86.0
5331,6.94,12:32,180,86.0
5332,6.94,13:01,180,86.0
5333,6.95,13:24,182,86.0
5334,6.95,13:58,179,86.0
5335,6.95,14:25,181,86.0
5336,6.95,14:16,181,86.0
5337,6.95,14:25,180,86.0
5338,6.95,14:44,180,86.6
5339,6.95,14:16,180,86.6
5340,6.95,13:58,180,86.6
5341,6.95,14:34,180,86.6
5342,6.96,14:07,180,87.3
5343,6.96,14:34,180,87.3
5344,6.96,14:25,181,87.3
5345,6.96,14:16,180,87.3
5346,6.96,13:41,181,87.3
5347,6.96,13:58,181,87.3
5348,6.96,13:32,180,87.3
5349,6.96,13:58,181,87.3
5350,6.97,13:58,179,87.3
5351,6.97,13:58,179,87.3
5352,6.97,13:08,181,87.3
5353,6.97,12:32,180,87.3
5354,6.97,12:11,180,87.3
5355,6.97,11:39,180,87.9
5356,6.97,11:21,179,87.9
5357,6.98,11:52,179,87.9
5358,6.98,11:39,180,87.9
5359,6.98,10:59,179,87.9
5360,6.98,11:16,180,87.9
5361,6.98,11:16,178,87.9
5362,6.98,11:05,178,88.6
5363,6.98,11:39,180,88.6
5364,6.99,12:32,179,88.6
5365,6.99,12:53,178,88.6
5366,6.99,12:39,178,88.6
5367,6.99,12:25,178,88.6
5368,6.99,12:39,177,88.6
5369,6.99,13:32,180,89.2
5370,6.99,13:58,177,89.2
5371,6.99,15:14,178,89.2
5372,6.99,16:09,178,89.2
5373,7.0,17:25,179,89.2
5374,7.0,15:35,179,89.2
5375,7.0,15:14,179,89.2
5376,7.0,15:04,178,89.2
5377,7.0,15:04,177,89.2
5378,7.0,14:16,179,89.9
5379,7.0,14:44,177,89.9
5380,7.0,14:25,178,89.9
5381,7.01,13:41,178,89.9
5382,7.01,13:41,177,90.6
5383,7.01,13:24,177,90.6
5384,7.01,13:16,178,90.6
5385,7.01,13:32,177,89.9
5386,7.01,13:58,179,89.9
5387,7.01,13:41,177,89.9
5388,7.01,13:41,178,89.2
5389,7.02,13:41,179,89.9
5390,7.02,13:24,180,89.9
5391,7.02,13:24,178,89.9
5392,7.02,13:16,179,89.9
5393,7.02,12:53,179,89.9
5394,7.02,13:24,178,89.9
5395,7.02,13:41,178,89.9
5396,7.02,14:16,179,89.2
5397,7.02,15:04,178,89.2
5398,7.03,15:24,177,89.2
5399,7.03,14:07,178,89.2
5400,7.03,14:54,177,89.2
5401,7.03,13:41,177,89.2
5402,7.03,13:08,177,89.2
5403,7.03,12:39,177,89.2
5404,7.03,13:32,176,89.2
5405,7.03,12:32,176,89.2
5406,7.04,13:41,177,89.2
5407,7.04,13:24,176,89.2
5408,7.04,13:58,176,89.2
5409,7.04,13:24,178,89.9
5410,7.04,14:25,176,89.9
5411,7.04,13:58,177,89.9
5412,7.04,14:16,177,89.9
5413,7.04,14:44,176,89.9
5414,7.04,15:14,176,89.9
5415,7.05,13:49,176,89.9
5416,7.05,13:49,176,89.9
5417,7.05,13:58,177,89.9
5418,7.05,13:32,176,89.9
5419,7.05,13:01,175,89.9
5420,7.05,13:08,177,89.9
5421,7.05,11:52,176,89.9
5422,7.06,11:33,176,89.9
5423,7.06,11:52,178,89.9
5424,7.06,11:52,177,90.6
5425,7.06,12:04,176,90.6
5426,7.06,13:24,177,91.2
5427,7.06,14:16,177,91.2
5428,7.06,13:49,176,91.2
5429,7.06,14:16,176,91.2
5430,7.07,13:58,176,91.2
5431,7.07,13:58,176,91.2
5432,7.07,14:07,176,91.2
5433,7.07,14:25,178,91.2
5434,7.07,13:49,176,91.9
5435,7.07,13:58,176,91.9
5436,7.07,13:58,178,91.9
5437,7.07,13:24,177,91.9
5438,7.08,12:53,176,91.9
5439,7.08,12:25,177,91.9
5440,7.08,11:58,177,91.9
5441,7.08,11:21,177,91.9
5442,7.08,11:10,178,91.9
5443,7.08,11:05,177,91.9
5444,7.08,11:39,178,91.9
5445,7.09,12:04,178,91.9
5446,7.09,12:18,178,91.9
5447,7.09,11:52,178,91.2
5448,7.09,12:04,178,91.2
5449,7.09,12:11,177,91.2
5450,7.09,12:04,179,91.2
5451,7.09,12:18,178,91.2
5452,7.09,13:24,177,91.9
5453,7.1,13:58,177,91.9
5454,7.1,14:44,177,92.5
5455,7.1,15:24,176,92.5
5456,7.1,16:21,176,92.5
5457,7.1,15:35,174,91.9
5458,7.1,15:14,177,92.5
5459,7.1,15:35,175,92.5
5460,7.1,16:21,174,92.5
5461,7.1,14:25,175,93.2
5462,7.11,14:44,176,93.8
5463,7.11,14:16,176,93.8
5464,7.11,13:32,177,93.8
