elapsed_seconds,distance_miles,pace_per_mile,heartrate,altitude_ft
0,0.0,,63,173.2
1,0.0,,63,173.2
2,0.0,,110,173.2
3,0.0,,110,173.2
4,0.0,46:38,67,173.2
5,0.0,29:09,68,173.2
6,0.0,19:26,69,173.2
7,0.0,19:26,70,173.2
8,0.0,19:26,71,172.6
9,0.0,29:09,72,172.6
10,0.0,58:18,73,172.6
11,0.0,,73,172.6
12,0.01,43:15,73,172.6
13,0.01,19:26,73,172.6
14,0.01,13:24,73,172.6
15,0.01,11:21,73,171.9
16,0.01,9:07,73,171.9
17,0.01,9:38,73,171.9
18,0.02,9:18,74,171.9
19,0.02,8:22,74,171.9
20,0.02,8:01,74,171.9
21,0.02,8:32,74,171.9
22,0.02,8:16,75,171.9
23,0.03,9:30,75,171.9
24,0.03,10:54,76,171.9
25,0.03,10:48,78,171.9
26,0.03,10:28,80,171.9
27,0.03,10:54,82,171.3
28,0.03,10:33,86,171.3
29,0.04,11:39,90,171.3
30,0.04,12:53,94,171.3
31,0.04,13:16,100,170.6
32,0.04,13:58,104,171.3
33,0.04,14:54,108,170.6
34,0.04,14:07,112,171.3
35,0.04,13:01,116,170.6
36,0.04,12:18,118,170.6
37,0.05,11:16,120,170.6
38,0.05,10:54,121,170.6
39,0.05,10:33,121,170.6
40,0.05,10:33,124,170.6
41,0.05,10:38,124,170.6
42,0.05,10:48,123,169.9
43,0.06,10:54,125,169.9
44,0.06,10:59,126,169.9
45,0.06,10:59,126,169.9
46,0.06,10:59,127,169.9
47,0.06,11:27,127,169.9
48,0.06,11:21,127,169.9
49,0.06,11:39,126,169.9
50,0.07,11:39,127,169.3
51,0.07,11:27,127,169.3
52,0.07,10:48,127,169.3
53,0.07,10:43,127,169.3
54,0.07,10:33,127,169.3
55,0.07,10:28,126,168.6
56,0.07,11:05,126,168.6
57,0.08,11:58,126,168.6
58,0.08,12:18,127,168.0
59,0.08,13:16,126,168.0
60,0.08,14:34,125,168.0
61,0.08,15:24,123,168.6
62,0.08,15:24,123,168.0
63,0.08,15:35,123,168.0
64,0.08,14:34,123,168.0
65,0.09,13:32,123,168.0
66,0.09,12:46,123,168.0
67,0.09,12:25,123,168.0
68,0.09,12:32,123,168.0
69,0.09,13:01,123,168.0
70,0.09,13:16,123,168.0
71,0.09,13:08,123,168.0
72,0.09,12:46,123,168.0
73,0.1,12:11,123,168.6
74,0.1,11:39,124,168.6
75,0.1,11:21,124,168.6
76,0.1,11:21,125,168.0
77,0.1,11:27,125,168.0
78,0.1,11:27,126,168.0
79,0.1,11:33,126,168.0
80,0.11,11:33,126,168.0
81,0.11,11:33,126,167.3
112,0.11,308:18,104,166.0
113,0.11,406:24,104,166.0
114,0.11,201:40,103,166.0
115,0.11,126:31,102,166.0
116,0.11,89:24,101,166.0
117,0.12,89:24,105,166.0
118,0.12,9:56,107,165.4
119,0.12,9:34,109,165.4
120,0.12,10:05,110,165.4
121,0.12,11:05,112,165.4
122,0.12,11:52,112,164.7
123,0.12,12:39,112,165.4
124,0.12,13:16,112,165.4
125,0.13,13:16,111,165.4
126,0.13,13:08,111,165.4
127,0.13,12:53,111,165.4
128,0.13,12:18,111,165.4
129,0.13,12:25,111,165.4
130,0.13,12:25,111,165.4
131,0.13,12:25,112,165.4
132,0.14,12:53,111,165.4
133,0.14,13:01,110,165.4
134,0.14,13:01,110,165.4
135,0.14,12:53,110,165.4
136,0.14,13:01,111,165.4
137,0.14,13:01,112,165.4
138,0.14,13:08,111,165.4
139,0.14,13:58,111,165.4
140,0.15,13:49,112,164.7
141,0.15,13:58,113,164.7
142,0.15,13:01,114,164.7
143,0.15,12:25,116,164.0
144,0.15,12:04,117,164.0
145,0.15,12:39,116,164.0
146,0.15,12:53,117,164.0
147,0.15,13:16,118,164.0
148,0.16,14:16,118,164.0
149,0.16,14:07,118,164.0
150,0.16,13:24,119,164.0
151,0.16,13:24,118,164.0
152,0.16,13:41,119,164.0
153,0.16,13:32,119,163.4
154,0.16,13:24,119,163.4
155,0.16,13:32,119,163.4
156,0.17,12:53,119,163.4
157,0.17,13:01,120,163.4
158,0.17,13:01,120,162.7
159,0.17,12:39,121,162.7
160,0.17,13:16,121,162.7
161,0.17,13:24,121,162.7
162,0.17,13:24,121,162.7
163,0.17,12:53,121,162.7
164,0.18,13:32,122,162.7
165,0.18,13:01,122,163.4
166,0.18,13:24,123,163.4
167,0.18,13:16,123,163.4
168,0.18,14:25,123,163.4
169,0.18,13:58,124,163.4
170,0.18,14:25,125,163.4
171,0.18,14:16,125,163.4
172,0.19,14:34,125,163.4
173,0.19,13:32,125,163.4
174,0.19,13:32,125,163.4
175,0.19,12:53,125,163.4
176,0.19,12:18,125,163.4
177,0.19,12:11,125,163.4
178,0.19,12:32,125,163.4
179,0.19,12:39,125,163.4
180,0.2,13:08,125,163.4
181,0.2,13:32,126,163.4
182,0.2,13:24,126,164.0
183,0.2,13:16,127,164.0
184,0.2,13:32,127,164.0
185,0.2,13:41,127,164.0
186,0.2,13:32,128,164.0
187,0.2,13:32,128,164.0
188,0.21,13:24,128,164.0
189,0.21,13:16,128,164.0
190,0.21,13:24,128,164.0
191,0.21,13:58,129,164.0
192,0.21,14:25,129,164.0
193,0.21,14:34,128,164.0
194,0.21,14:34,128,164.7
195,0.21,13:58,129,164.0
196,0.22,13:58,129,164.0
197,0.22,13:41,128,164.0
198,0.22,13:32,127,164.0
199,0.22,13:49,126,164.0
200,0.22,13:58,128,164.0
201,0.22,14:16,127,164.0
202,0.22,13:58,129,164.0
203,0.22,13:24,129,164.0
204,0.22,13:24,130,163.4
205,0.23,13:41,129,163.4
206,0.23,13:16,129,164.0
207,0.23,13:01,128,163.4
208,0.23,13:41,128,164.0
209,0.23,13:49,127,164.0
210,0.23,14:25,127,164.0
211,0.23,14:25,127,164.0
212,0.23,14:54,127,164.0
213,0.24,13:49,128,164.7
214,0.24,13:16,128,164.7
215,0.24,11:52,129,164.7
216,0.24,11:52,129,165.4
217,0.24,11:58,129,165.4
218,0.24,12:18,129,165.4
219,0.24,12:25,129,165.4
220,0.25,12:32,129,165.4
221,0.25,12:18,130,166.0
222,0.25,11:58,131,166.0
223,0.25,11:45,132,166.0
224,0.25,11:27,132,166.0
225,0.25,11:52,133,166.0
226,0.25,12:18,133,166.0
227,0.26,11:58,133,166.0
228,0.26,12:04,133,166.0
229,0.26,12:11,133,166.0
230,0.26,11:58,134,166.7
231,0.26,11:27,134,166.7
232,0.26,11:39,134,166.7
233,0.26,12:11,134,167.3
234,0.26,11:58,134,167.3
235,0.27,12:46,134,167.3
236,0.27,13:08,134,168.0
237,0.27,13:01,134,168.0
238,0.27,12:53,135,168.0
239,0.27,13:01,134,168.0
240,0.27,12:18,133,168.6
241,0.27,12:46,133,168.6
242,0.27,13:08,132,168.6
243,0.28,13:24,133,168.6
244,0.28,13:24,132,169.3
262,0.28,141:55,130,167.3
263,0.28,159:39,130,167.3
264,0.28,90:55,133,167.3
265,0.28,70:24,133,167.3
266,0.28,56:42,132,167.3
267,0.29,12:04,131,168.0
268,0.29,11:45,130,168.0
269,0.29,12:39,128,168.0
270,0.29,12:53,127,168.0
271,0.29,13:01,122,168.0
272,0.29,13:08,122,168.0
273,0.29,13:24,123,168.0
274,0.29,13:32,123,168.0
275,0.29,13:49,124,168.0
276,0.3,14:16,124,168.0
277,0.3,14:25,125,168.0
278,0.3,15:04,125,168.6
279,0.3,15:04,125,168.6
280,0.3,14:44,125,168.6
281,0.3,14:25,125,168.0
282,0.3,14:25,125,168.0
283,0.3,13:32,124,168.0
284,0.31,13:32,123,168.6
285,0.31,13:08,123,168.6
286,0.31,13:32,123,168.6
287,0.31,13:41,125,168.6
288,0.31,13:16,125,168.6
289,0.31,12:46,125,168.6
290,0.31,12:53,126,168.6
291,0.31,12:39,126,168.6
292,0.32,11:39,127,168.6
293,0.32,11:33,127,168.6
294,0.32,11:16,127,168.6
295,0.32,11:05,127,168.6
296,0.32,11:10,127,168.6
297,0.32,11:16,127,168.6
298,0.33,11:33,127,168.6
299,0.33,12:04,127,169.3
300,0.33,12:18,126,169.3
301,0.33,12:04,127,169.3
302,0.33,12:11,128,169.3
303,0.33,12:32,128,169.3
304,0.33,12:25,129,169.3
305,0.33,11:58,129,169.3
306,0.34,12:04,130,169.3
307,0.34,12:32,130,169.3
308,0.34,13:24,130,169.3
309,0.34,14:16,130,169.3
310,0.34,15:35,130,169.3
311,0.34,16:58,130,169.9
312,0.34,17:38,130,169.9
313,0.34,16:33,130,169.9
314,0.34,14:54,131,169.9
315,0.35,13:49,131,169.9
316,0.35,13:08,131,169.9
317,0.35,12:39,131,169.9
318,0.35,12:32,131,169.9
319,0.35,11:33,131,169.9
320,0.35,11:33,131,169.9
321,0.35,11:16,132,169.9
322,0.36,11:21,132,169.9
323,0.36,11:16,132,169.9
324,0.36,12:18,132,169.9
325,0.36,12:46,133,169.9
326,0.36,12:46,133,169.9
327,0.36,12:53,133,169.9
328,0.36,13:01,133,169.9
329,0.37,12:46,134,169.9
330,0.37,12:11,134,169.9
331,0.37,12:53,135,169.9
332,0.37,12:32,134,169.9
333,0.37,12:04,134,169.9
334,0.37,12:25,134,169.9
335,0.37,13:01,134,169.9
336,0.37,12:32,134,169.9
337,0.38,12:39,134,169.9
338,0.38,13:24,134,169.9
339,0.38,13:24,134,169.9
340,0.38,13:24,135,169.9
341,0.38,13:49,135,169.3
342,0.38,13:41,135,169.3
343,0.38,13:01,134,169.3
344,0.38,12:18,133,169.3
345,0.39,12:18,132,169.3
346,0.39,11:45,131,169.3
347,0.39,11:45,130,169.3
348,0.39,12:04,130,168.6
349,0.39,13:16,128,168.6
350,0.39,13:32,128,168.6
351,0.39,14:25,129,168.6
352,0.39,15:14,130,168.0
353,0.4,14:44,130,168.0
354,0.4,14:07,131,168.0
355,0.4,13:58,131,168.0
356,0.4,13:49,131,168.0
357,0.4,13:24,132,168.0
358,0.4,13:24,133,168.0
359,0.4,13:32,132,168.0
360,0.4,13:41,132,168.0
361,0.41,13:08,133,168.0
362,0.41,12:39,132,168.0
363,0.41,13:32,132,168.0
364,0.41,13:32,132,168.0
365,0.41,13:49,131,168.6
366,0.41,14:25,131,168.6
367,0.41,15:04,131,168.6
368,0.41,14:07,131,168.6
369,0.42,13:58,131,168.6
370,0.42,13:16,131,168.0
371,0.42,12:18,131,168.0
372,0.42,12:39,132,168.0
373,0.42,12:39,133,168.0
374,0.42,12:53,133,168.0
375,0.42,13:32,134,167.3
376,0.42,13:49,133,167.3
377,0.43,13:16,133,167.3
378,0.43,13:16,132,167.3
379,0.43,13:16,132,167.3
380,0.43,13:08,132,167.3
381,0.43,13:32,132,167.3
382,0.43,14:54,131,167.3
383,0.43,15:24,131,167.3
384,0.43,15:57,128,167.3
385,0.43,16:09,126,167.3
386,0.44,15:57,123,166.7
387,0.44,14:34,123,166.7
388,0.44,13:58,123,166.7
389,0.44,13:08,124,166.7
390,0.44,12:53,126,166.7
391,0.44,13:08,126,166.7
392,0.44,12:53,127,166.7
393,0.44,13:01,127,166.7
394,0.45,12:53,128,166.0
395,0.45,11:52,128,166.0
396,0.45,10:43,130,166.0
397,0.45,10:28,131,166.0
398,0.45,10:23,131,166.0
399,0.45,10:14,131,166.0
400,0.46,10:48,132,166.7
401,0.46,11:39,132,166.7
402,0.46,11:33,131,166.7
403,0.46,11:39,133,166.7
404,0.46,11:45,132,166.7
405,0.46,11:33,133,166.7
406,0.46,11:45,133,166.7
407,0.47,12:11,133,166.7
408,0.47,12:18,132,166.7
409,0.47,12:53,132,166.7
410,0.47,13:41,133,167.3
411,0.47,13:58,132,167.3
412,0.47,13:32,132,167.3
413,0.47,13:08,132,167.3
414,0.47,13:32,132,167.3
415,0.48,12:46,132,167.3
416,0.48,12:46,133,167.3
417,0.48,13:08,133,167.3
418,0.48,12:53,133,167.3
419,0.48,11:33,133,166.7
420,0.48,11:27,133,166.7
421,0.48,11:10,130,166.0
422,0.49,11:16,131,166.0
423,0.49,12:04,132,166.0
424,0.49,12:53,132,165.4
425,0.49,12:53,132,165.4
426,0.49,12:46,132,165.4
427,0.49,12:32,133,165.4
428,0.49,12:04,134,165.4
429,0.49,12:04,134,164.7
430,0.5,12:32,134,164.7
431,0.5,12:32,134,164.7
432,0.5,13:24,135,164.7
433,0.5,13:24,134,164.7
434,0.5,13:41,134,164.7
435,0.5,13:08,134,165.4
436,0.5,13:32,134,165.4
437,0.5,12:53,134,165.4
438,0.51,12:25,133,165.4
439,0.51,12:11,133,165.4
440,0.51,12:18,132,165.4
441,0.51,11:52,133,165.4
442,0.51,12:04,133,165.4
443,0.51,12:25,133,166.0
444,0.51,12:39,133,165.4
445,0.51,13:08,134,165.4
446,0.52,13:32,134,166.0
447,0.52,13:32,135,166.0
448,0.52,14:07,135,166.0
449,0.52,15:04,135,166.0
450,0.52,15:04,135,166.7
451,0.52,15:14,134,166.7
452,0.52,15:46,134,166.7
453,0.52,15:04,134,166.7
454,0.52,14:54,134,166.7
455,0.53,15:14,134,166.7
456,0.53,15:04,133,166.7
457,0.53,15:04,134,166.7
458,0.53,16:09,133,166.7
459,0.53,14:54,133,166.7
460,0.53,14:25,134,166.7
461,0.53,13:58,134,166.7
462,0.53,13:49,134,166.7
463,0.54,13:08,134,167.3
464,0.54,13:16,134,167.3
465,0.54,13:01,134,167.3
466,0.54,12:46,134,167.3
467,0.54,12:11,134,166.7
468,0.54,12:11,134,166.7
469,0.54,12:25,134,166.7
470,0.54,13:08,134,166.7
471,0.55,14:34,134,166.7
472,0.55,14:54,135,166.7
473,0.55,15:24,135,166.7
474,0.55,14:34,135,166.7
475,0.55,14:07,134,166.7
476,0.55,13:16,134,166.7
477,0.55,13:24,133,166.7
478,0.55,13:58,134,166.7
479,0.56,13:58,134,166.7
480,0.56,13:08,134,166.7
481,0.56,13:01,134,166.0
482,0.56,12:18,134,166.0
483,0.56,11:39,135,165.4
484,0.56,12:32,134,165.4
485,0.56,12:53,134,166.0
486,0.56,13:24,134,166.0
487,0.57,14:44,133,166.7
488,0.57,14:54,132,166.7
489,0.57,14:07,132,166.7
490,0.57,13:49,131,166.7
491,0.57,13:41,131,166.7
492,0.57,13:41,131,166.7
493,0.57,14:07,130,166.7
494,0.57,15:04,130,166.7
495,0.57,15:57,131,166.7
496,0.58,15:46,132,166.7
497,0.58,15:14,132,166.7
498,0.58,14:34,131,166.7
499,0.58,13:41,131,166.7
500,0.58,13:01,131,166.7
501,0.58,12:46,131,166.7
502,0.58,12:39,132,166.7
503,0.58,12:32,132,167.3
504,0.59,12:39,132,167.3
505,0.59,13:01,133,167.3
506,0.59,13:24,133,167.3
507,0.59,13:24,133,167.3
508,0.59,13:49,133,167.3
509,0.59,13:58,133,166.7
510,0.59,14:25,133,166.7
511,0.59,13:41,134,166.0
512,0.6,13:16,133,166.0
513,0.6,12:46,134,165.4
514,0.6,12:32,135,165.4
515,0.6,11:45,136,165.4
516,0.6,11:58,136,165.4
517,0.6,11:39,136,165.4
518,0.6,11:45,136,165.4
519,0.61,11:45,136,164.7
520,0.61,11:45,136,164.7
521,0.61,10:59,135,164.7
522,0.61,11:39,135,164.0
523,0.61,11:33,135,164.0
524,0.61,11:39,135,163.4
525,0.61,12:39,135,163.4
526,0.61,14:07,134,162.7
527,0.62,14:44,135,162.1
528,0.62,14:44,134,162.1
529,0.62,14:34,134,162.1
530,0.62,13:41,133,162.1
531,0.62,13:24,134,161.4
532,0.62,12:39,133,162.1
533,0.62,13:08,133,162.1
534,0.62,13:24,133,161.4
535,0.63,13:49,133,161.4
536,0.63,13:58,133,161.4
537,0.63,13:58,131,161.4
538,0.63,13:08,132,162.1
539,0.63,12:53,131,162.1
540,0.63,12:39,130,162.1
541,0.63,13:01,130,162.1
542,0.63,12:53,130,162.1
543,0.64,13:24,130,161.4
544,0.64,13:49,131,161.4
545,0.64,13:58,130,161.4
546,0.64,13:41,130,161.4
547,0.64,13:49,131,161.4
548,0.64,13:58,132,162.1
549,0.64,14:16,132,162.1
550,0.64,14:07,132,162.1
551,0.65,14:34,132,162.1
552,0.65,14:44,133,162.1
553,0.65,14:44,133,162.1
554,0.65,15:04,132,161.4
555,0.65,15:14,134,161.4
556,0.65,14:34,134,161.4
557,0.65,14:25,133,161.4
558,0.65,13:49,134,161.4
559,0.66,12:53,134,160.8
560,0.66,12:18,134,160.8
561,0.66,12:04,133,160.8
562,0.66,12:25,133,160.1
563,0.66,13:01,132,160.1
564,0.66,13:01,132,159.4
565,0.66,12:46,131,159.4
566,0.66,13:16,131,159.4
567,0.67,12:46,132,158.8
568,0.67,11:58,133,158.8
569,0.67,11:58,133,158.8
570,0.67,12:53,132,158.1
571,0.67,12:25,134,158.1
572,0.67,12:53,134,157.5
573,0.67,13:32,133,157.5
574,0.67,13:41,132,156.8
575,0.68,13:32,132,156.8
576,0.68,13:32,132,156.2
577,0.68,13:16,131,156.2
578,0.68,12:46,131,155.5
579,0.68,12:25,131,155.5
580,0.68,12:11,131,155.5
581,0.68,12:11,130,154.9
582,0.68,12:53,129,154.2
583,0.69,13:49,128,153.5
584,0.69,14:25,128,153.5
585,0.69,14:25,128,152.9
586,0.69,14:16,128,152.2
587,0.69,13:16,129,152.2
588,0.69,12:39,129,151.6
589,0.69,12:32,130,151.6
590,0.69,13:01,131,150.9
591,0.7,14:07,131,150.9
592,0.7,14:16,131,150.3
593,0.7,14:16,131,149.6
594,0.7,14:25,131,149.6
595,0.7,14:34,130,149.0
596,0.7,13:49,129,149.0
597,0.7,13:49,129,149.0
598,0.7,14:07,128,148.3
599,0.71,13:49,128,148.3
600,0.71,12:18,128,148.3
601,0.71,12:18,129,148.3
602,0.71,12:46,128,148.3
603,0.71,13:24,131,148.3
604,0.71,14:07,129,148.3
605,0.71,14:54,129,148.3
606,0.71,14:16,129,148.3
607,0.72,13:41,128,147.6
608,0.72,13:24,128,147.0
609,0.72,13:16,127,146.3
610,0.72,13:41,127,146.3
611,0.72,13:58,127,145.7
612,0.72,13:49,127,145.7
613,0.72,13:08,127,145.7
614,0.72,13:01,128,145.7
615,0.73,12:53,128,145.7
616,0.73,12:53,128,146.3
617,0.73,13:01,128,146.3
618,0.73,13:08,128,145.7
619,0.73,12:39,127,145.7
620,0.73,12:46,127,145.7
621,0.73,12:46,127,145.0
622,0.73,12:25,127,145.0
623,0.74,12:46,127,144.4
624,0.74,13:08,127,144.4
625,0.74,13:41,127,143.7
626,0.74,14:34,128,143.7
627,0.74,15:04,127,143.7
628,0.74,14:44,128,143.0
629,0.74,14:54,128,142.4
630,0.74,14:16,127,142.4
631,0.75,13:32,129,141.7
632,0.75,13:32,128,141.7
633,0.75,14:07,128,141.1
634,0.75,13:58,130,141.1
635,0.75,13:24,130,140.4
636,0.75,13:32,131,140.4
637,0.75,13:16,131,139.8
638,0.75,12:46,131,139.1
639,0.76,12:46,132,139.1
640,0.76,13:08,132,138.5
641,0.76,12:53,131,137.8
642,0.76,12:32,130,137.1
643,0.76,12:39,130,136.5
644,0.76,12:46,130,136.5
645,0.76,12:46,131,135.8
646,0.76,13:01,130,135.8
647,0.77,13:58,129,135.2
648,0.77,13:41,129,134.5
649,0.77,13:08,129,133.9
650,0.77,13:08,129,133.9
651,0.77,13:01,128,133.2
652,0.77,12:46,130,133.2
653,0.77,13:08,130,133.2
654,0.77,13:32,129,133.2
655,0.78,13:49,128,132.5
656,0.78,13:49,128,132.5
657,0.78,13:58,127,131.9
658,0.78,13:41,127,131.9
659,0.78,13:32,126,131.2
660,0.78,13:32,127,131.2
661,0.78,13:16,128,130.6
662,0.78,13:01,128,129.9
663,0.79,13:16,128,129.9
664,0.79,13:08,129,129.9
665,0.79,12:53,129,129.9
666,0.79,13:16,130,129.9
667,0.79,13:16,129,129.9
668,0.79,13:08,129,129.3
669,0.79,13:08,130,128.6
670,0.79,13:01,130,128.0
671,0.8,13:01,129,127.3
672,0.8,13:08,127,126.6
673,0.8,12:53,129,126.6
674,0.8,13:16,127,126.6
675,0.8,13:24,128,126.6
676,0.8,13:32,129,126.6
677,0.8,14:25,129,126.0
678,0.8,14:54,128,126.0
679,0.8,14:25,128,126.0
680,0.81,14:54,125,126.0
681,0.81,14:34,125,125.3
682,0.81,13:24,125,125.3
683,0.81,13:32,124,125.3
684,0.81,13:24,124,124.7
685,0.81,13:24,126,124.7
686,0.81,13:49,127,124.0
687,0.81,14:07,126,123.4
688,0.82,13:41,125,123.4
689,0.82,13:49,123,123.4
690,0.82,13:08,124,123.4
691,0.82,13:08,122,123.4
692,0.82,13:16,118,123.4
693,0.82,13:24,116,122.7
694,0.82,13:58,110,122.7
695,0.82,15:14,105,122.7
696,0.83,14:34,102,122.7
697,0.83,14:07,103,122.7
698,0.83,13:58,105,123.4
699,0.83,13:32,105,123.4
700,0.83,13:41,103,123.4
701,0.83,14:16,100,123.4
702,0.83,14:34,100,123.4
703,0.83,15:14,102,123.4
704,0.83,15:14,103,123.4
705,0.84,13:49,103,123.4
706,0.84,12:39,103,123.4
707,0.84,12:25,103,124.0
708,0.84,11:39,105,124.0
709,0.84,11:33,108,124.0
710,0.84,11:58,111,124.0
711,0.84,12:32,114,124.0
712,0.85,12:53,118,124.7
713,0.85,12:32,120,124.7
714,0.85,11:39,127,124.7
715,0.85,10:38,130,124.7
716,0.85,10:23,132,124.7
717,0.85,9:47,133,124.7
718,0.86,10:09,133,124.7
719,0.86,11:21,134,124.7
720,0.86,12:32,134,124.7
721,0.86,13:01,134,124.7
722,0.86,13:58,134,124.7
723,0.86,14:16,134,124.7
724,0.86,14:25,134,124.7
725,0.86,14:25,133,124.7
726,0.86,14:07,133,125.3
727,0.87,14:16,133,125.3
728,0.87,13:58,133,125.3
729,0.87,13:16,133,125.3
730,0.87,12:46,134,125.3
731,0.87,13:16,134,125.3
732,0.87,13:24,134,125.3
733,0.87,13:16,134,125.3
734,0.87,13:01,133,126.0
735,0.88,13:32,133,126.0
736,0.88,13:08,133,126.0
737,0.88,12:53,133,126.6
738,0.88,12:46,132,126.6
739,0.88,12:39,131,126.0
740,0.88,12:46,132,126.6
741,0.88,13:16,132,126.6
742,0.88,13:32,132,126.6
743,0.89,14:07,133,126.6
744,0.89,13:58,132,126.6
745,0.89,13:49,132,126.0
746,0.89,13:41,133,126.0
747,0.89,13:16,134,126.6
748,0.89,13:16,135,126.6
749,0.89,13:58,134,126.6
750,0.89,14:07,135,126.6
751,0.9,13:49,135,126.6
752,0.9,13:49,136,126.6
753,0.9,13:16,134,126.6
754,0.9,13:16,135,126.6
755,0.9,12:46,135,126.6
756,0.9,12:46,135,126.6
757,0.9,12:39,135,126.6
758,0.91,13:01,134,126.6
759,0.91,12:53,135,126.6
760,0.91,13:01,135,126.6
761,0.91,13:01,135,126.6
762,0.91,13:32,136,126.6
763,0.91,13:08,136,126.6
764,0.91,13:01,136,126.0
765,0.91,13:01,137,126.0
766,0.92,13:08,137,125.3
767,0.92,13:16,137,125.3
768,0.92,13:24,137,125.3
769,0.92,13:01,137,125.3
770,0.92,13:08,137,125.3
771,0.92,12:46,137,125.3
772,0.92,12:32,137,125.3
773,0.92,12:53,137,125.3
774,0.93,13:16,136,124.7
775,0.93,13:24,137,124.7
776,0.93,13:49,137,124.0
777,0.93,13:49,137,123.4
778,0.93,14:07,137,123.4
779,0.93,14:07,137,122.7
780,0.93,13:58,136,123.4
781,0.93,13:58,135,123.4
782,0.93,13:49,135,123.4
783,0.94,13:08,135,123.4
784,0.94,13:41,135,123.4
785,0.94,13:08,135,123.4
786,0.94,13:01,135,122.7
787,0.94,13:01,135,122.0
788,0.94,12:53,135,122.0
789,0.94,12:25,134,122.0
790,0.94,13:24,134,122.0
791,0.95,13:49,134,122.0
792,0.95,14:34,134,122.0
793,0.95,15:04,134,121.4
794,0.95,15:46,134,121.4
795,0.95,15:24,134,120.7
796,0.95,14:54,135,121.4
797,0.95,13:58,135,121.4
798,0.95,13:49,135,121.4
799,0.96,12:53,135,121.4
800,0.96,12:39,135,121.4
801,0.96,12:53,136,122.0
802,0.96,12:25,135,122.0
803,0.96,12:18,134,122.0
804,0.96,12:18,134,121.4
805,0.96,11:45,133,121.4
806,0.97,11:21,133,120.7
807,0.97,12:11,133,120.7
808,0.97,12:46,133,120.1
809,0.97,13:08,133,120.1
810,0.97,13:58,133,120.1
811,0.97,13:49,133,120.1
812,0.97,13:16,134,120.1
813,0.97,12:39,133,120.1
814,0.98,12:25,133,120.1
815,0.98,12:18,134,119.4
816,0.98,13:01,134,119.4
817,0.98,13:01,133,119.4
818,0.98,13:16,133,118.8
819,0.98,13:32,133,118.8
820,0.98,13:24,132,118.8
821,0.98,13:08,132,118.8
822,0.99,13:16,132,118.1
823,0.99,12:53,133,118.1
824,0.99,12:53,132,118.1
825,0.99,13:08,132,117.5
826,0.99,13:32,133,117.5
827,0.99,13:49,133,117.5
828,0.99,13:41,133,117.5
829,0.99,13:32,134,117.5
830,1.0,13:16,134,117.5
831,1.0,12:18,134,117.5
832,1.0,12:11,134,116.8
833,1.0,12:53,134,116.8
834,1.0,12:11,135,116.8
835,1.0,12:25,135,116.8
836,1.0,13:32,136,116.8
837,1.0,13:41,136,116.8
838,1.01,13:24,137,116.1
839,1.01,14:16,135,116.1
840,1.01,14:07,135,116.1
841,1.01,13:24,134,116.1
842,1.01,13:32,133,116.1
843,1.01,13:08,133,116.1
844,1.01,13:08,133,115.5
845,1.01,12:53,133,115.5
846,1.02,12:25,134,115.5
847,1.02,11:39,135,115.5
848,1.02,12:04,135,115.5
849,1.02,12:11,136,115.5
850,1.02,12:11,136,115.5
851,1.02,13:08,136,115.5
852,1.02,13:16,136,115.5
853,1.03,13:08,137,115.5
854,1.03,12:32,136,115.5
855,1.03,12:25,135,115.5
856,1.03,11:52,134,115.5
857,1.03,11:52,134,114.8
858,1.03,11:39,134,114.8
859,1.03,12:04,134,114.2
860,1.04,11:58,134,114.2
861,1.04,12:11,135,114.2
862,1.04,12:18,136,114.2
863,1.04,12:18,136,114.2
864,1.04,12:25,136,114.2
865,1.04,12:11,136,114.2
866,1.04,11:58,135,114.2
867,1.04,12:11,134,114.2
868,1.05,12:11,136,114.2
869,1.05,11:58,136,113.5
870,1.05,12:32,136,113.5
871,1.05,12:32,135,112.9
872,1.05,12:32,136,112.9
873,1.05,12:25,137,112.9
874,1.05,12:46,137,112.2
875,1.06,13:08,137,112.2
876,1.06,13:01,137,112.2
877,1.06,12:39,137,112.2
878,1.06,12:25,138,111.5
879,1.06,11:33,138,111.5
880,1.06,11:10,138,111.5
881,1.06,11:27,138,111.5
882,1.06,11:45,138,110.9
883,1.07,12:25,139,110.9
884,1.07,12:53,139,110.9
885,1.07,12:53,138,110.9
886,1.07,12:53,138,110.9
887,1.07,12:53,138,110.9
888,1.07,12:39,139,110.9
889,1.07,13:08,138,110.9
890,1.08,13:08,139,110.9
891,1.08,13:01,139,110.9
892,1.08,12:46,139,110.9
893,1.08,13:24,139,110.9
894,1.08,13:32,139,110.9
895,1.08,13:24,139,110.2
896,1.08,13:16,139,110.2
897,1.08,13:01,139,110.2
898,1.09,11:52,139,109.6
899,1.09,12:11,139,110.2
900,1.09,13:01,139,110.2
901,1.09,13:24,139,109.6
902,1.09,14:07,138,109.6
903,1.09,14:16,137,109.6
904,1.09,12:53,137,109.6
905,1.09,12:25,138,109.6
906,1.1,11:58,137,109.6
907,1.1,12:11,138,109.6
908,1.1,13:24,137,109.6
909,1.1,14:44,137,109.6
910,1.1,14:54,137,109.6
911,1.1,15:35,137,109.6
912,1.1,14:34,137,109.6
913,1.1,13:32,137,109.6
914,1.11,12:18,137,108.9
915,1.11,11:52,137,109.6
916,1.11,12:11,136,109.6
917,1.11,12:39,136,109.6
918,1.11,12:39,136,109.6
919,1.11,13:24,136,109.6
920,1.11,13:49,136,109.6
921,1.11,12:53,136,108.9
922,1.12,13:08,136,108.9
923,1.12,13:41,136,108.9
924,1.12,14:34,136,109.6
925,1.12,15:24,136,109.6
926,1.12,16:09,136,109.6
927,1.12,15:24,136,109.6
928,1.12,14:54,135,109.6
929,1.12,13:24,135,109.6
930,1.13,11:58,135,109.6
931,1.13,11:45,135,109.6
932,1.13,12:04,134,109.6
933,1.13,12:04,134,109.6
934,1.13,12:46,134,109.6
935,1.13,14:16,134,109.6
936,1.13,14:16,135,109.6
937,1.13,14:16,135,109.6
938,1.13,15:04,135,109.6
939,1.14,14:54,135,108.9
940,1.14,14:34,136,108.9
941,1.14,15:24,135,108.9
942,1.14,15:04,135,108.9
943,1.14,14:25,136,108.9
944,1.14,13:49,137,109.6
945,1.14,13:41,137,109.6
946,1.14,13:16,138,109.6
947,1.15,13:24,138,109.6
948,1.15,12:53,138,109.6
949,1.15,13:24,138,108.9
950,1.15,13:01,138,109.6
951,1.15,12:39,137,109.6
952,1.15,12:32,137,109.6
953,1.15,12:18,136,109.6
954,1.16,12:04,135,109.6
955,1.16,11:58,135,109.6
956,1.16,12:11,134,109.6
957,1.16,12:53,133,109.6
958,1.16,13:16,132,109.6
959,1.16,13:08,131,109.6
960,1.16,13:58,131,108.9
961,1.16,14:16,132,108.9
962,1.17,13:16,132,108.9
963,1.17,13:32,133,108.9
964,1.17,13:32,134,108.9
965,1.17,13:16,134,108.9
966,1.17,13:24,135,108.9
967,1.17,13:01,135,109.6
968,1.17,12:53,132,109.6
969,1.17,13:08,132,109.6
970,1.18,12:53,132,109.6
971,1.18,12:18,136,109.6
972,1.18,12:39,137,108.9
973,1.18,12:53,137,108.9
974,1.18,13:01,137,108.9
975,1.18,13:32,137,108.9
976,1.18,13:58,137,108.9
977,1.18,13:24,137,108.9
978,1.19,12:25,137,108.9
979,1.19,12:39,136,108.9
980,1.19,12:25,136,108.9
981,1.19,12:11,136,108.9
982,1.19,12:53,136,108.3
983,1.19,13:32,136,108.3
984,1.19,13:08,136,108.9
985,1.19,13:16,135,108.9
986,1.2,13:24,135,108.9
987,1.2,12:46,134,108.9
988,1.2,12:18,134,108.9
989,1.2,11:33,134,108.9
990,1.2,11:16,134,108.3
991,1.2,11:21,134,108.3
992,1.2,11:45,134,108.3
993,1.21,11:58,134,108.3
994,1.21,12:53,134,108.9
995,1.21,12:32,135,108.3
996,1.21,12:39,134,108.3
997,1.21,13:08,134,108.3
998,1.21,13:49,134,108.3
999,1.21,13:24,135,108.3
1000,1.21,13:16,135,108.3
1001,1.22,13:08,135,108.3
1002,1.22,12:39,134,108.3
1003,1.22,12:32,136,107.6
1004,1.22,12:39,136,107.6
1005,1.22,13:16,136,107.6
1006,1.22,12:39,137,108.3
1007,1.22,12:18,137,108.3
1008,1.23,12:04,136,108.3
1009,1.23,11:39,136,108.3
1010,1.23,11:21,136,107.6
1011,1.23,11:21,136,107.6
1012,1.23,11:27,136,107.6
1013,1.23,11:58,136,107.6
1014,1.23,12:32,137,107.6
1015,1.23,13:01,138,107.6
1016,1.24,13:24,137,107.6
1017,1.24,13:08,137,107.0
1018,1.24,12:53,138,107.0
1019,1.24,12:46,137,107.0
1020,1.24,13:01,136,107.0
1021,1.24,13:01,136,107.0
1022,1.24,13:32,135,107.0
1023,1.25,13:16,135,107.0
1024,1.25,13:08,135,107.0
1025,1.25,12:39,135,107.0
1026,1.25,12:39,135,107.0
1027,1.25,12:46,136,107.0
1028,1.25,12:39,136,107.0
1029,1.25,12:25,136,107.0
1030,1.25,12:39,136,106.3
1031,1.26,12:18,136,106.3
1032,1.26,12:04,136,106.3
1033,1.26,12:32,136,106.3
1034,1.26,12:46,136,106.3
1035,1.26,12:32,136,106.3
1036,1.26,12:46,136,106.3
1037,1.26,12:53,136,106.3
1038,1.26,12:46,137,106.3
1039,1.27,13:24,136,106.3
1040,1.27,13:49,138,106.3
1041,1.27,14:07,137,106.3
1042,1.27,14:25,137,106.3
1043,1.27,14:34,136,105.6
1044,1.27,13:49,136,105.6
1045,1.27,13:24,136,105.6
1046,1.27,13:32,136,105.6
1047,1.28,13:24,137,105.6
1048,1.28,12:32,137,105.6
1049,1.28,12:32,137,105.6
1050,1.28,12:39,136,105.6
1051,1.28,12:25,135,105.6
1052,1.28,12:32,135,105.6
1053,1.28,12:53,136,105.0
1054,1.28,13:08,135,105.0
1055,1.29,13:16,134,105.0
1056,1.29,13:08,134,105.0
1057,1.29,13:24,135,104.3
1058,1.29,13:24,135,104.3
1059,1.29,13:16,135,104.3
1060,1.29,13:08,135,104.3
1061,1.29,13:49,136,103.7
1062,1.29,13:24,135,103.7
1063,1.3,13:24,135,103.7
1064,1.3,13:32,135,103.7
1065,1.3,14:07,135,103.7
1066,1.3,13:41,134,103.0
1067,1.3,13:01,134,103.0
1068,1.3,12:53,134,103.0
1069,1.3,12:46,135,102.4
1070,1.31,12:04,135,102.4
1071,1.31,12:18,135,102.4
1072,1.31,12:46,135,102.4
1073,1.31,12:39,136,102.4
1074,1.31,12:32,136,102.4
1075,1.31,12:46,136,102.4
1076,1.31,12:32,136,102.4
1077,1.31,12:18,137,102.4
1078,1.32,12:46,138,102.4
1079,1.32,12:53,138,102.4
1080,1.32,13:08,138,102.4
1081,1.32,12:53,138,102.4
1082,1.32,13:01,139,102.4
1083,1.32,13:24,138,102.4
1084,1.32,13:24,137,102.4
1085,1.32,13:24,137,102.4
1086,1.33,13:32,137,102.4
1087,1.33,13:32,137,102.4
1088,1.33,13:16,137,102.4
1089,1.33,12:53,136,101.7
1090,1.33,12:39,136,101.7
1091,1.33,12:46,136,101.7
1092,1.33,13:01,136,101.7
1093,1.33,13:01,135,102.4
1094,1.34,12:46,134,102.4
1095,1.34,12:32,135,102.4
1096,1.34,12:11,135,102.4
1097,1.34,11:39,134,102.4
1098,1.34,11:58,133,101.7
1099,1.34,12:32,131,102.4
1100,1.34,12:32,133,102.4
1101,1.35,12:39,133,102.4
1102,1.35,12:46,134,103.0
1103,1.35,12:46,133,103.0
1104,1.35,12:46,133,103.0
1105,1.35,12:46,132,102.4
1106,1.35,13:08,132,102.4
1107,1.35,14:07,132,102.4
1108,1.35,13:41,132,102.4
1109,1.36,12:04,132,102.4
1110,1.36,11:52,132,102.4
1111,1.36,11:58,133,102.4
1112,1.36,11:16,133,102.4
1113,1.36,11:10,133,103.0
1114,1.36,12:25,133,103.0
1115,1.36,12:46,134,103.0
1116,1.37,12:18,133,103.0
1117,1.37,12:53,135,103.0
1118,1.37,12:32,136,103.0
1119,1.37,13:16,138,103.0
1120,1.37,13:41,137,103.0
1121,1.37,13:58,137,103.0
1122,1.37,13:49,136,103.7
1123,1.37,13:32,137,103.7
1124,1.38,12:53,137,103.7
1125,1.38,12:46,138,103.7
1126,1.38,13:01,138,104.3
1127,1.38,13:24,137,104.3
1128,1.38,14:16,137,104.3
1129,1.38,14:34,138,104.3
1130,1.38,14:54,137,103.7
1131,1.38,14:07,138,103.7
1132,1.39,13:16,138,103.7
1133,1.39,14:25,139,103.7
1134,1.39,14:44,138,103.7
1135,1.39,14:25,138,103.7
1136,1.39,15:04,138,103.7
1137,1.39,15:24,139,103.7
1138,1.39,14:16,138,104.3
1139,1.39,14:54,137,104.3
1140,1.39,14:07,138,104.3
1141,1.4,13:41,139,104.3
1142,1.4,13:41,139,104.3
1143,1.4,12:39,139,103.7
1144,1.4,11:39,138,103.7
1145,1.4,11:45,138,103.7
1146,1.4,11:45,138,103.7
1147,1.4,12:04,138,103.7
1148,1.41,12:39,139,103.7
1149,1.41,12:25,139,103.7
1150,1.41,12:25,139,103.7
1151,1.41,12:39,139,103.7
1152,1.41,12:04,138,103.7
1153,1.41,12:04,139,103.7
1154,1.41,12:32,138,103.7
1155,1.41,12:46,137,103.7
1156,1.42,12:32,137,103.7
1157,1.42,12:25,136,103.0
1158,1.42,12:53,136,103.0
1159,1.42,12:39,135,103.0
1160,1.42,12:53,135,102.4
1161,1.42,13:24,135,102.4
1162,1.42,13:58,135,102.4
1163,1.42,14:16,134,102.4
1164,1.43,14:07,135,102.4
1165,1.43,13:58,135,102.4
1166,1.43,13:32,134,103.0
1167,1.43,13:24,135,103.0
1168,1.43,13:24,135,103.0
1169,1.43,13:49,135,103.0
1170,1.43,13:01,136,102.4
1171,1.43,12:25,137,102.4
1172,1.44,12:11,137,102.4
1173,1.44,11:39,137,101.7
1174,1.44,11:27,137,101.7
1175,1.44,12:11,138,101.7
1176,1.44,13:24,138,101.7
1177,1.44,13:41,138,101.7
1178,1.44,13:49,139,102.4
1179,1.44,13:58,139,102.4
1180,1.45,13:41,139,102.4
1181,1.45,13:41,140,102.4
1182,1.45,13:49,139,102.4
1183,1.45,13:41,140,102.4
1184,1.45,13:49,139,102.4
1185,1.45,13:58,140,102.4
1186,1.45,13:24,139,103.0
1187,1.45,13:32,140,103.0
1188,1.46,13:24,139,103.0
1189,1.46,13:01,139,103.0
1190,1.46,13:08,139,103.0
1191,1.46,12:53,139,103.0
1192,1.46,12:46,139,102.4
1193,1.46,13:16,139,102.4
1194,1.46,13:24,139,102.4
1195,1.47,12:39,139,102.4
1196,1.47,12:32,139,103.0
1197,1.47,12:25,139,103.0
1198,1.47,11:52,140,103.0
1199,1.47,11:52,139,103.0
1200,1.47,12:32,139,103.0
1201,1.47,12:32,138,102.4
1202,1.47,12:32,138,103.0
1203,1.48,13:16,138,103.0
1204,1.48,13:41,138,103.0
1205,1.48,13:41,138,103.0
1206,1.48,13:41,140,103.0
1207,1.48,13:32,140,103.0
1208,1.48,13:16,139,102.4
1209,1.48,12:39,139,102.4
1210,1.48,12:11,139,102.4
1211,1.49,12:39,139,102.4
1212,1.49,12:39,138,102.4
1213,1.49,13:01,138,102.4
1214,1.49,13:32,138,101.7
1215,1.49,13:32,139,101.7
1216,1.49,13:58,139,101.7
1217,1.49,14:25,139,102.4
1218,1.49,13:24,139,102.4
1219,1.5,13:16,139,102.4
1220,1.5,13:16,138,102.4
1221,1.5,12:46,138,101.7
1222,1.5,12:32,137,101.7
1223,1.5,12:53,136,101.7
1224,1.5,13:01,136,101.7
1225,1.5,13:01,131,101.7
1226,1.5,12:46,130,101.7
1227,1.51,12:53,130,101.7
1228,1.51,13:08,130,101.7
1229,1.51,13:32,128,101.7
1230,1.51,14:25,125,101.0
1231,1.51,15:24,125,101.0
1232,1.51,14:16,127,101.0
1233,1.51,13:24,128,100.4
1234,1.51,13:41,128,100.4
1235,1.52,13:24,128,100.4
1236,1.52,13:08,128,100.4
1237,1.52,14:25,128,100.4
1238,1.52,15:35,128,100.4
1239,1.52,14:44,128,100.4
1240,1.52,15:14,129,99.7
1241,1.52,14:34,128,99.7
1242,1.52,14:07,128,99.7
1243,1.53,13:08,128,99.7
1244,1.53,12:53,129,99.7
1245,1.53,11:39,130,99.7
1246,1.53,11:10,131,99.7
1247,1.53,10:54,131,99.1
1248,1.53,11:10,131,99.1
1249,1.53,11:33,131,99.1
1250,1.54,12:04,133,98.4
1251,1.54,13:16,134,98.4
1252,1.54,12:18,135,97.8
1253,1.54,11:58,136,97.8
1254,1.54,11:52,137,97.8
1255,1.54,11:58,137,97.8
1256,1.54,11:33,138,97.8
1257,1.54,13:32,139,97.8
1258,1.55,13:49,140,97.8
1259,1.55,14:07,140,97.1
1260,1.55,13:49,141,97.1
1261,1.55,13:32,144,97.1
1262,1.55,12:25,144,97.1
1263,1.55,12:39,144,97.1
1264,1.55,12:04,144,97.1
1265,1.55,12:53,144,97.1
1266,1.56,13:24,143,97.1
1267,1.56,13:41,143,97.1
1268,1.56,14:34,143,97.1
1269,1.56,15:14,142,97.1
1270,1.56,13:58,142,97.1
1271,1.56,14:16,142,97.1
1272,1.56,14:16,142,97.1
1273,1.56,13:32,142,97.1
1274,1.57,13:16,142,97.1
1275,1.57,13:58,142,97.1
1276,1.57,13:24,142,97.1
1277,1.57,14:16,142,97.8
1278,1.57,14:07,142,97.8
1279,1.57,14:07,142,97.1
1280,1.57,13:49,141,97.1
1281,1.57,13:58,141,97.1
1282,1.57,13:32,141,97.8
1283,1.58,13:49,141,97.8
1284,1.58,13:32,140,98.4
1285,1.58,13:49,140,98.4
1286,1.58,13:49,140,98.4
1287,1.58,13:16,140,98.4
1288,1.58,13:08,141,99.1
1289,1.58,14:16,140,99.1
1290,1.58,14:25,141,99.1
1291,1.59,15:04,142,99.7
1292,1.59,15:46,142,99.7
1293,1.59,16:09,142,99.7
1294,1.59,15:24,142,100.4
1295,1.59,15:04,143,100.4
1296,1.59,13:49,143,100.4
1297,1.59,13:58,143,100.4
1298,1.59,13:32,143,101.0
1299,1.59,13:01,144,101.0
1300,1.6,13:16,143,101.0
1301,1.6,13:49,143,101.7
1302,1.6,13:41,144,101.7
1303,1.6,14:34,145,101.7
1304,1.6,15:14,145,101.7
1305,1.6,14:54,145,101.7
1306,1.6,14:44,145,101.7
1307,1.6,14:25,145,102.4
1308,1.61,14:16,145,102.4
1309,1.61,13:49,145,102.4
1310,1.61,13:41,146,102.4
1311,1.61,13:41,146,102.4
1312,1.61,13:32,146,103.0
1313,1.61,13:24,146,103.0
1314,1.61,13:49,146,102.4
1315,1.61,14:25,144,102.4
1316,1.61,14:34,143,102.4
1317,1.62,14:34,143,102.4
1318,1.62,13:41,142,102.4
1319,1.62,13:32,143,102.4
1320,1.62,13:49,143,102.4
1321,1.62,13:58,143,102.4
1322,1.62,13:58,143,103.0
1323,1.62,14:44,142,102.4
1324,1.62,15:24,142,103.0
1325,1.62,15:24,141,103.0
1326,1.63,15:04,141,102.4
1327,1.63,15:24,142,102.4
1328,1.63,13:58,142,102.4
1329,1.63,13:24,140,102.4
1330,1.63,13:08,140,102.4
1331,1.63,13:01,140,102.4
1332,1.63,12:04,141,102.4
1333,1.64,12:53,142,102.4
1334,1.64,12:25,142,102.4
1335,1.64,11:58,142,102.4
1336,1.64,12:46,142,102.4
1337,1.64,13:32,142,102.4
1338,1.64,13:24,142,102.4
1339,1.64,13:58,142,102.4
1340,1.64,13:01,144,102.4
1341,1.65,12:18,144,102.4
1342,1.65,11:45,144,102.4
1343,1.65,11:39,144,102.4
1344,1.65,11:45,144,102.4
1345,1.65,13:01,144,103.0
1346,1.65,13:32,144,103.0
1347,1.65,14:25,143,103.0
1348,1.65,14:25,143,103.0
1349,1.66,14:07,144,103.0
1350,1.66,13:41,144,103.0
1351,1.66,13:16,144,103.0
1352,1.66,13:08,145,103.0
1353,1.66,13:24,143,103.0
1354,1.66,13:41,143,103.0
1355,1.66,14:07,142,103.0
1356,1.66,14:54,141,103.0
1357,1.67,14:54,141,103.0
1358,1.67,15:46,140,103.0
1359,1.67,17:11,140,103.0
1360,1.67,17:25,140,103.0
1361,1.67,17:25,140,103.0
1362,1.67,17:38,140,103.0
1363,1.67,16:33,141,103.7
1364,1.67,15:14,141,103.7
1365,1.67,14:34,140,103.7
1366,1.67,13:24,141,103.7
1367,1.68,13:32,141,104.3
1368,1.68,13:16,140,104.3
1369,1.68,13:41,140,104.3
1370,1.68,13:49,139,104.3
1371,1.68,14:16,140,104.3
1372,1.68,13:41,140,105.0
1373,1.68,13:01,141,105.0
1374,1.69,12:11,142,105.0
1375,1.69,12:11,143,104.3
1376,1.69,11:58,143,103.7
1377,1.69,12:25,143,103.7
1378,1.69,12:25,144,103.7
1379,1.69,12:11,145,103.0
1380,1.69,11:33,145,103.7
1381,1.7,11:21,145,103.7
1382,1.7,11:10,146,103.7
1383,1.7,11:27,148,103.7
1384,1.7,11:33,148,103.7
1385,1.7,11:58,149,103.0
1386,1.7,12:11,150,102.4
1387,1.7,11:58,151,101.7
1388,1.7,12:18,151,101.0
1389,1.71,12:18,152,101.0
1390,1.71,12:18,151,100.4
1391,1.71,12:39,151,100.4
1392,1.71,13:16,151,101.0
1393,1.71,11:58,152,101.0
1394,1.71,11:52,151,101.7
1395,1.71,11:33,150,101.7
1396,1.72,11:05,150,101.7
1397,1.72,10:54,148,101.7
1398,1.72,11:58,147,101.7
1399,1.72,12:32,147,101.7
1400,1.72,13:01,147,101.7
1401,1.72,13:24,147,101.0
1402,1.72,13:32,147,101.0
1403,1.72,13:49,146,100.4
1404,1.73,13:41,145,100.4
1405,1.73,14:25,145,99.7
1406,1.73,14:54,143,99.7
1407,1.73,14:34,142,99.1
1408,1.73,14:16,142,98.4
1409,1.73,14:34,142,98.4
1410,1.73,14:16,141,97.8
1411,1.73,14:16,141,97.8
1412,1.74,13:58,141,97.1
1413,1.74,14:07,141,97.1
1414,1.74,13:49,140,96.5
1415,1.74,13:49,140,96.5
1416,1.74,13:58,140,95.8
1417,1.74,14:07,141,95.1
1418,1.74,13:58,141,94.5
1419,1.74,14:16,140,93.8
1420,1.74,13:32,137,93.8
1421,1.75,12:46,136,93.8
1422,1.75,13:24,135,93.2
1423,1.75,13:32,134,93.2
1424,1.75,13:49,135,92.5
1425,1.75,14:25,135,91.9
1426,1.75,16:09,135,91.9
1427,1.75,16:58,135,91.2
1428,1.75,18:53,135,91.2
1429,1.75,22:43,135,91.9
1430,1.75,29:09,134,91.9
1431,1.75,27:56,134,91.9
1432,1.76,23:56,133,91.9
1433,1.76,21:17,133,91.9
1434,1.76,17:11,133,91.9
1435,1.76,13:41,133,91.9
1436,1.76,12:39,133,92.5
1437,1.76,13:01,134,92.5
1438,1.76,12:32,134,93.2
1439,1.76,12:32,134,93.2
1440,1.77,13:41,134,93.2
1441,1.77,14:07,134,93.8
1442,1.77,13:32,133,93.8
1443,1.77,13:41,132,93.8
1444,1.77,13:41,132,93.8
1445,1.77,13:24,131,93.2
1446,1.77,13:49,132,93.2
1447,1.77,13:49,133,92.5
1448,1.78,13:41,133,92.5
1449,1.78,13:08,133,92.5
1450,1.78,13:01,134,91.9
1451,1.78,12:46,134,91.9
1452,1.78,13:08,135,91.9
1453,1.78,13:49,136,91.2
1454,1.78,13:49,136,91.2
1455,1.78,14:07,136,90.6
1456,1.79,13:41,137,90.6
1457,1.79,13:41,137,90.6
1458,1.79,13:24,137,90.6
1459,1.79,14:25,137,90.6
1460,1.79,14:54,136,90.6
1461,1.79,16:33,136,90.6
1462,1.79,17:11,136,89.9
1463,1.79,17:25,137,89.9
1464,1.79,16:58,136,89.2
1465,1.8,15:35,135,89.2
1466,1.8,13:58,135,89.2
1467,1.8,13:49,135,88.6
1468,1.8,14:07,135,88.6
1469,1.8,13:24,135,87.9
1470,1.8,13:24,135,87.9
1471,1.8,13:01,136,87.3
1472,1.8,12:11,136,87.3
1473,1.81,11:27,136,87.3
1474,1.81,11:33,135,87.3
1475,1.81,11:16,135,87.3
1476,1.81,11:21,135,87.3
1477,1.81,10:54,135,87.3
1478,1.81,10:48,135,87.9
1479,1.81,10:43,136,87.3
1480,1.82,11:05,135,87.9
1481,1.82,11:10,135,87.9
1482,1.82,12:25,135,87.9
1483,1.82,12:39,134,87.9
1484,1.82,13:08,134,87.9
1485,1.82,13:24,134,87.9
1486,1.82,13:49,135,87.9
1487,1.82,13:49,135,87.9
1488,1.83,14:16,135,87.9
1489,1.83,13:41,135,87.3
1490,1.83,13:49,136,87.3
1491,1.83,13:32,136,87.3
1492,1.83,12:53,136,87.3
1493,1.83,12:32,136,87.3
1494,1.83,13:08,136,87.3
1495,1.83,13:16,136,87.3
1496,1.84,14:44,135,86.6
1497,1.84,15:14,135,86.6
1498,1.84,16:45,135,86.6
1499,1.84,17:11,136,86.6
1500,1.84,15:46,135,86.6
1501,1.84,15:46,135,86.6
1502,1.84,15:04,136,86.6
1503,1.84,13:49,136,86.6
1504,1.84,13:58,137,86.6
1505,1.85,14:16,137,86.6
1506,1.85,13:16,137,86.6
1507,1.85,13:32,137,86.6
1508,1.85,13:41,137,86.6
1509,1.85,13:16,137,86.6
1510,1.85,13:41,137,86.6
1511,1.85,13:24,137,86.6
1512,1.85,13:58,137,86.6
1513,1.86,15:04,137,86.0
1514,1.86,14:54,137,86.0
1515,1.86,15:14,138,86.0
1516,1.86,15:04,138,86.0
1517,1.86,13:49,138,86.0
1518,1.86,12:53,138,86.0
1519,1.86,13:01,138,86.0
1520,1.86,12:25,138,86.0
1521,1.87,13:08,138,86.0
1522,1.87,14:25,139,86.0
1523,1.87,14:25,138,86.0
1524,1.87,14:07,138,86.0
1525,1.87,14:07,139,86.0
1526,1.87,13:24,140,86.0
1527,1.87,12:32,139,86.0
1528,1.87,12:46,139,86.0
1529,1.88,12:53,139,86.0
1530,1.88,13:01,139,86.6
1531,1.88,13:08,139,86.6
1532,1.88,13:16,138,86.6
1533,1.88,13:24,138,86.0
1534,1.88,12:53,138,86.0
1535,1.88,13:16,138,86.0
1536,1.88,13:08,138,86.0
1537,1.89,13:16,137,86.0
1538,1.89,13:32,138,86.0
1539,1.89,14:34,139,86.0
1540,1.89,13:58,138,86.0
1541,1.89,14:54,139,85.3
1542,1.89,15:14,140,85.3
1543,1.89,14:34,140,85.3
1544,1.89,14:25,139,85.3
1545,1.89,14:54,140,85.3
1546,1.9,13:41,141,85.3
1547,1.9,13:49,141,85.3
1548,1.9,13:58,140,85.3
1549,1.9,14:07,141,85.3
1550,1.9,14:07,141,85.3
1551,1.9,13:58,141,85.3
1552,1.9,13:41,141,85.3
1553,1.9,13:58,141,85.3
1554,1.91,13:08,141,86.0
1555,1.91,13:08,141,86.0
1556,1.91,14:16,141,86.0
1557,1.91,13:41,140,86.0
1558,1.91,13:41,141,86.0
1559,1.91,14:44,141,86.0
1560,1.91,13:49,141,86.6
1561,1.91,13:58,141,86.6
1562,1.91,14:34,141,86.6
1563,1.92,14:34,142,86.6
1564,1.92,14:16,142,87.3
1565,1.92,15:24,143,87.3
1566,1.92,15:35,142,87.3
1567,1.92,15:35,142,87.3
1568,1.92,15:35,142,87.9
1569,1.92,15:35,142,87.9
1570,1.92,15:04,142,87.9
1571,1.92,15:04,142,87.9
1572,1.93,14:25,141,87.9
1573,1.93,13:32,140,87.9
1574,1.93,12:46,140,87.9
1575,1.93,12:39,140,87.9
1576,1.93,12:18,140,87.9
1577,1.93,13:24,140,87.9
1578,1.93,13:41,140,87.9
1579,1.93,13:32,140,87.9
1580,1.94,14:25,141,87.9
1581,1.94,14:07,141,87.9
1582,1.94,13:49,141,87.9
1583,1.94,14:07,140,87.9
1584,1.94,13:58,141,87.9
1585,1.94,13:08,141,87.9
1586,1.94,12:46,141,88.6
1587,1.94,12:46,141,88.6
1588,1.95,13:08,141,88.6
1589,1.95,13:58,141,88.6
1590,1.95,13:58,141,88.6
1591,1.95,14:54,141,88.6
1592,1.95,14:44,141,88.6
1593,1.95,14:25,142,88.6
1594,1.95,14:34,142,88.6
1595,1.95,14:34,140,88.6
1596,1.95,14:16,141,88.6
1597,1.96,13:41,141,88.6
1598,1.96,14:07,141,88.6
1599,1.96,13:41,141,88.6
1600,1.96,14:07,141,88.6
1601,1.96,13:41,141,88.6
1602,1.96,13:16,140,88.6
1603,1.96,13:01,141,87.9
1604,1.96,13:08,142,88.6
1605,1.97,12:39,142,88.6
1606,1.97,13:16,142,87.9
1607,1.97,13:41,142,87.9
1608,1.97,13:16,142,87.9
1609,1.97,13:32,143,87.9
1610,1.97,13:32,143,87.9
1611,1.97,13:16,143,87.9
1612,1.97,13:24,143,87.9
1613,1.98,13:08,143,87.9
1614,1.98,13:16,142,87.9
1615,1.98,13:58,143,87.9
1616,1.98,13:24,143,87.9
1617,1.98,13:41,142,87.9
1618,1.98,14:25,142,87.9
1619,1.98,13:24,143,87.9
1620,1.98,13:01,143,87.9
1621,1.99,13:58,143,87.9
1622,1.99,14:07,143,87.9
1623,1.99,13:58,144,87.9
1624,1.99,15:04,143,87.9
1625,1.99,15:04,143,87.9
1626,1.99,14:54,144,87.9
1627,1.99,14:25,144,87.9
1628,1.99,13:41,144,87.9
1629,2.0,13:01,144,87.9
1630,2.0,13:01,144,87.9
1631,2.0,12:32,145,87.9
1632,2.0,12:46,144,88.6
1633,2.0,13:08,143,88.6
1634,2.0,12:46,143,88.6
1635,2.0,12:25,143,87.9
1636,2.0,12:11,143,87.9
1637,2.01,12:32,142,87.9
1638,2.01,12:39,143,87.9
1639,2.01,13:24,142,88.6
1640,2.01,13:16,142,88.6
1641,2.01,13:41,141,88.6
1642,2.01,13:08,140,88.6
1643,2.01,13:08,140,88.6
1644,2.01,13:01,140,88.6
1645,2.02,13:49,140,88.6
1646,2.02,14:07,140,88.6
1647,2.02,16:09,140,88.6
1648,2.02,16:09,139,88.6
1649,2.02,16:45,140,88.6
1650,2.02,16:33,140,88.6
1651,2.02,16:21,141,88.6
1652,2.02,14:54,141,88.6
1653,2.02,15:14,141,88.6
1654,2.03,14:44,142,88.6
1655,2.03,14:54,142,89.2
1656,2.03,14:34,142,88.6
1657,2.03,13:41,143,88.6
1658,2.03,13:08,142,88.6
1659,2.03,12:46,142,88.6
1660,2.03,12:39,142,89.2
1661,2.03,13:16,143,89.2
1662,2.04,13:41,143,89.2
1663,2.04,13:41,143,89.2
1664,2.04,14:07,142,89.2
1665,2.04,13:49,142,89.9
1666,2.04,13:16,141,89.9
1667,2.04,13:16,141,89.9
1668,2.04,13:49,141,89.9
1669,2.04,13:58,141,90.6
1670,2.04,15:04,142,90.6
1671,2.05,15:35,142,90.6
1672,2.05,16:21,142,90.6
1673,2.05,16:21,143,91.2
1674,2.05,16:58,143,91.2
1675,2.05,15:57,143,91.9
1676,2.05,15:24,142,91.9
1677,2.05,14:25,142,92.5
1678,2.05,13:16,142,92.5
1679,2.05,13:16,143,93.2
1680,2.06,13:16,143,93.2
1681,2.06,13:49,143,93.8
1682,2.06,14:34,143,93.8
1683,2.06,14:54,144,94.5
1684,2.06,14:34,145,94.5
1685,2.06,14:54,146,95.1
1686,2.06,14:25,145,95.1
1687,2.06,14:25,146,95.8
1688,2.06,15:46,146,95.8
1689,2.07,15:46,146,96.5
1690,2.07,14:44,147,96.5
1691,2.07,14:54,147,96.5
1692,2.07,14:34,146,97.1
1693,2.07,13:58,148,97.1
1694,2.07,14:07,147,97.1
1695,2.07,15:14,147,97.1
1696,2.07,15:46,148,97.8
1697,2.07,16:58,148,97.8
1698,2.08,17:52,148,98.4
1699,2.08,16:33,149,98.4
1700,2.08,16:21,149,99.1
1701,2.08,15:57,149,99.1
1702,2.08,15:04,149,99.1
1703,2.08,14:44,148,99.1
1704,2.08,14:44,149,99.1
1705,2.08,14:25,149,99.1
1706,2.08,14:07,149,99.1
1707,2.09,13:41,149,99.1
1708,2.09,13:32,149,99.7
1709,2.09,14:44,149,99.7
1710,2.09,14:34,149,99.7
1711,2.09,14:34,149,99.7
1712,2.09,14:44,149,100.4
1713,2.09,15:14,149,100.4
1714,2.09,15:14,148,100.4
1715,2.09,16:09,149,100.4
1716,2.1,15:04,148,100.4
1717,2.1,15:04,148,101.0
1718,2.1,14:54,149,101.0
1719,2.1,14:25,148,101.0
1720,2.1,13:58,148,101.0
1721,2.1,15:35,148,101.7
1722,2.1,15:04,148,101.7
1723,2.1,14:34,147,101.7
1724,2.1,15:14,147,101.7
1725,2.11,15:35,147,101.7
1726,2.11,15:04,146,101.7
1727,2.11,16:21,146,101.7
1728,2.11,15:24,146,101.7
1729,2.11,14:34,146,101.7
1730,2.11,14:16,146,101.7
1731,2.11,13:08,146,101.7
1732,2.11,12:32,147,101.7
1733,2.12,13:01,147,102.4
1734,2.12,12:32,148,102.4
1735,2.12,12:18,148,102.4
1736,2.12,13:08,148,103.0
1737,2.12,12:53,148,103.0
1738,2.12,13:08,148,103.7
1739,2.12,13:58,148,103.7
1740,2.12,14:16,148,103.0
1741,2.13,14:25,149,103.0
1742,2.13,14:34,148,103.0
1743,2.13,14:07,148,103.0
1744,2.13,14:07,147,103.0
1745,2.13,13:41,147,103.0
1746,2.13,13:24,147,103.0
1747,2.13,13:49,146,103.0
1748,2.13,13:24,145,103.0
1749,2.14,13:16,145,103.0
1750,2.14,13:16,145,103.0
1751,2.14,13:16,145,103.0
1752,2.14,12:53,145,102.4
1753,2.14,13:24,145,102.4
1754,2.14,13:16,144,101.7
1755,2.14,13:49,144,101.0
1756,2.14,13:32,144,101.0
1757,2.15,13:41,144,100.4
1758,2.15,15:04,145,100.4
1759,2.15,14:25,145,100.4
1760,2.15,13:58,144,100.4
1761,2.15,14:25,145,100.4
1762,2.15,14:07,144,100.4
1763,2.15,12:39,145,100.4
1764,2.15,13:08,144,100.4
1765,2.16,12:39,144,100.4
1766,2.16,12:11,144,99.7
1767,2.16,12:32,144,99.7
1768,2.16,12:39,143,99.7
1769,2.16,11:58,143,99.7
1770,2.16,12:39,143,99.1
1771,2.16,12:18,143,99.1
1772,2.16,12:11,143,99.1
1773,2.17,12:11,143,99.1
1774,2.17,13:01,143,99.1
1775,2.17,12:39,144,98.4
1776,2.17,12:53,144,98.4
1777,2.17,12:04,144,98.4
1778,2.17,12:25,143,97.8
1779,2.17,11:58,142,97.8
1780,2.18,11:39,142,97.8
1781,2.18,12:11,142,97.1
1782,2.18,13:16,142,97.1
1783,2.18,13:01,142,97.1
1784,2.18,13:41,142,96.5
1785,2.18,14:07,142,96.5
1786,2.18,13:58,142,96.5
1787,2.18,13:58,142,96.5
1788,2.18,13:58,142,96.5
1789,2.19,13:16,142,96.5
1790,2.19,12:53,142,96.5
1791,2.19,12:25,142,96.5
1792,2.19,12:11,142,95.8
1793,2.19,12:04,142,95.8
1794,2.19,11:27,143,95.8
1795,2.19,11:45,142,95.8
1796,2.2,12:25,142,95.8
1797,2.2,12:11,142,95.1
1798,2.2,12:04,143,95.1
1799,2.2,12:53,142,95.1
1800,2.2,12:18,143,95.1
1801,2.2,11:45,143,95.1
1802,2.2,11:52,143,95.1
1803,2.21,12:53,144,95.8
1804,2.21,12:53,144,95.1
1805,2.21,13:49,144,95.1
1806,2.21,13:49,144,94.5
1807,2.21,14:25,144,94.5
1808,2.21,13:16,144,94.5
1809,2.21,13:24,144,94.5
1810,2.21,13:08,144,93.8
1811,2.22,13:01,144,93.8
1812,2.22,12:11,144,93.8
1813,2.22,12:04,144,93.2
1814,2.22,10:54,145,93.2
1815,2.22,10:59,145,93.2
1816,2.22,11:33,144,92.5
1817,2.22,11:45,143,92.5
1818,2.22,13:01,144,92.5
1819,2.23,15:04,144,92.5
1820,2.23,13:16,144,91.9
1821,2.23,12:25,144,91.9
1822,2.23,12:04,144,91.9
1823,2.23,10:48,144,91.2
1824,2.23,10:14,143,91.2
1825,2.24,11:10,143,91.2
1826,2.24,11:27,142,91.2
1827,2.24,12:25,143,91.2
1828,2.24,12:53,142,91.2
1829,2.24,13:32,143,91.2
1830,2.24,13:32,142,91.2
1831,2.24,13:49,143,90.6
1832,2.24,13:08,143,90.6
1833,2.25,13:01,143,90.6
1834,2.25,12:39,143,90.6
1835,2.25,12:39,142,89.9
1836,2.25,12:18,143,89.9
1837,2.25,12:25,141,89.9
1838,2.25,12:18,141,89.9
1839,2.25,13:01,142,89.9
1840,2.25,13:16,142,89.2
1841,2.26,13:24,141,89.2
1842,2.26,13:41,141,89.2
1843,2.26,14:07,141,89.2
1844,2.26,13:24,139,89.2
1845,2.26,12:39,138,89.2
1846,2.26,13:01,138,89.2
1847,2.26,12:11,137,88.6
1848,2.27,11:27,137,88.6
1849,2.27,11:33,138,87.9
1850,2.27,12:18,138,87.9
1851,2.27,12:46,139,87.9
1852,2.27,13:58,141,87.9
1853,2.27,15:04,141,87.9
1854,2.27,15:46,142,87.3
1855,2.27,15:24,142,87.3
1856,2.27,14:44,142,87.3
1857,2.28,14:16,142,87.3
1858,2.28,14:25,142,87.3
1859,2.28,13:49,143,86.6
1860,2.28,13:49,142,86.6
1861,2.28,13:16,142,86.6
1862,2.28,13:16,142,86.6
1863,2.28,12:46,143,86.6
1864,2.28,12:25,143,86.0
1865,2.29,12:39,143,86.0
1866,2.29,12:53,143,86.0
1867,2.29,13:49,143,86.0
1868,2.29,14:34,143,86.0
1869,2.29,14:44,143,86.0
1870,2.29,14:25,143,86.0
1871,2.29,14:16,144,86.0
1872,2.29,13:01,142,86.0
1873,2.3,12:39,142,86.0
1874,2.3,13:49,141,86.0
1875,2.3,14:07,141,86.0
1876,2.3,15:14,140,86.0
1877,2.3,15:35,140,86.0
1878,2.3,16:33,140,86.0
1879,2.3,17:52,140,86.0
1880,2.3,23:31,139,86.0
1881,2.3,18:07,137,85.3
1882,2.3,17:11,136,85.3
1883,2.31,14:54,134,85.3
1884,2.31,11:52,134,86.0
1885,2.31,10:05,133,86.0
1886,2.31,11:58,130,86.0
1887,2.31,12:18,126,86.0
1888,2.31,13:58,124,86.0
1889,2.31,16:09,122,86.6
1890,2.31,15:57,120,86.0
1891,2.32,15:04,119,86.0
1892,2.32,15:14,112,86.0
1893,2.32,15:04,112,86.0
1894,2.32,15:04,111,86.0
1895,2.32,15:14,112,86.6
1896,2.32,14:34,112,86.6
1897,2.32,14:07,112,86.6
1898,2.32,12:18,112,86.6
1899,2.33,12:11,112,87.3
1900,2.33,11:52,113,87.3
1901,2.33,11:52,119,87.3
1902,2.33,11:58,120,87.3
1903,2.33,12:53,124,86.6
1904,2.33,13:01,127,86.6
1905,2.33,14:07,133,86.6
1906,2.33,13:49,138,86.6
1907,2.34,14:16,140,86.6
1908,2.34,14:54,141,87.3
1909,2.34,14:34,142,87.3
1910,2.34,14:34,142,87.3
1911,2.34,14:54,142,87.3
1912,2.34,14:25,143,87.3
1913,2.34,14:25,143,86.6
1914,2.34,14:54,143,86.6
1915,2.34,13:58,144,87.3
1916,2.35,14:16,144,87.3
1917,2.35,15:04,144,87.3
1918,2.35,14:54,145,87.3
1919,2.35,14:54,144,87.3
1920,2.35,14:34,145,87.3
1921,2.35,13:58,145,87.3
1922,2.35,13:24,144,87.3
1923,2.35,12:46,144,87.9
1924,2.36,12:11,144,87.9
1925,2.36,12:32,144,87.9
1926,2.36,12:25,144,87.9
1927,2.36,12:04,142,87.9
1928,2.36,12:11,142,87.9
1929,2.36,12:11,141,87.9
1930,2.36,12:18,141,87.9
1931,2.37,12:32,142,87.9
1932,2.37,12:39,141,87.9
1933,2.37,12:53,141,87.9
1934,2.37,12:32,141,87.9
1935,2.37,12:25,142,87.9
1936,2.37,12:32,142,87.9
1937,2.37,12:39,142,87.9
1938,2.37,13:01,142,87.9
1939,2.38,13:24,142,87.9
1940,2.38,13:32,142,88.6
1941,2.38,13:58,141,88.6
1942,2.38,13:32,141,88.6
1943,2.38,13:08,141,89.2
1944,2.38,12:46,141,89.2
1945,2.38,12:46,141,89.2
1946,2.38,12:32,141,89.2
1947,2.39,13:01,142,89.2
1948,2.39,13:16,142,89.9
1949,2.39,13:41,143,89.9
1950,2.39,13:41,143,89.2
1951,2.39,13:24,142,89.2
1952,2.39,14:25,143,89.2
1953,2.39,14:44,142,89.2
1954,2.39,15:14,141,89.2
1955,2.39,15:14,141,89.2
1956,2.4,15:35,141,89.9
1957,2.4,13:49,141,89.9
1958,2.4,13:16,142,89.2
1959,2.4,13:24,142,89.2
1960,2.4,13:32,140,89.2
1961,2.4,13:58,141,89.2
1962,2.4,15:14,141,89.2
1963,2.4,14:54,142,89.2
1964,2.41,14:34,142,89.2
1965,2.41,14:07,141,89.2
1966,2.41,13:32,142,89.2
1967,2.41,12:53,141,89.2
1968,2.41,13:08,141,89.2
1969,2.41,13:24,141,89.2
1970,2.41,13:16,141,88.6
1971,2.41,12:53,140,88.6
1972,2.42,13:24,140,88.6
1973,2.42,13:16,140,88.6
1974,2.42,13:01,140,88.6
1975,2.42,13:16,140,88.6
1976,2.42,13:08,141,89.2
1977,2.42,12:39,141,88.6
1978,2.42,12:32,140,88.6
1979,2.42,12:11,140,88.6
1980,2.43,12:04,140,88.6
1981,2.43,12:32,141,88.6
1982,2.43,12:18,142,88.6
1983,2.43,12:18,141,88.6
1984,2.43,12:18,142,89.2
1985,2.43,11:45,142,89.2
1986,2.43,11:45,143,89.2
1987,2.44,12:18,143,89.2
1988,2.44,12:32,143,89.2
1989,2.44,13:16,143,89.2
1990,2.44,13:49,144,88.6
1991,2.44,13:41,143,89.2
1992,2.44,13:24,144,88.6
1993,2.44,13:16,144,88.6
1994,2.44,12:18,144,89.2
1995,2.45,12:25,143,89.2
1996,2.45,12:25,144,89.2
1997,2.45,12:18,144,89.2
1998,2.45,12:39,145,88.6
1999,2.45,13:41,145,88.6
2000,2.45,14:07,145,88.6
2001,2.45,14:54,146,89.2
2002,2.45,15:14,145,88.6
2003,2.46,13:58,146,88.6
2004,2.46,13:24,145,88.6
2005,2.46,12:39,145,88.6
2006,2.46,11:33,145,87.9
2007,2.46,11:27,146,87.9
2008,2.46,12:04,145,87.9
2009,2.46,11:52,145,87.9
2010,2.46,12:46,146,87.9
2011,2.47,13:16,146,87.9
2012,2.47,13:32,145,87.9
2013,2.47,14:25,145,87.3
2014,2.47,14:34,145,87.3
2015,2.47,13:58,145,87.3
2016,2.47,14:16,144,87.3
2017,2.47,14:16,144,87.3
2018,2.47,13:41,144,87.3
2019,2.48,13:49,144,87.9
2020,2.48,13:32,144,87.9
2021,2.48,13:24,144,87.9
2022,2.48,12:53,144,87.9
2023,2.48,12:18,143,87.9
2024,2.48,12:25,143,87.9
2025,2.48,12:32,143,87.9
2026,2.49,12:32,143,87.9
2027,2.49,13:24,143,87.9
2028,2.49,13:32,143,87.9
2029,2.49,13:16,143,87.9
2030,2.49,13:01,144,87.9
2031,2.49,13:08,144,87.9
2032,2.49,13:16,143,87.9
2033,2.49,14:25,142,87.9
2034,2.49,15:14,142,87.9
2035,2.5,16:33,143,88.6
2036,2.5,16:33,143,88.6
2037,2.5,14:25,143,88.6
2038,2.5,13:41,143,88.6
2039,2.5,13:08,144,88.6
2040,2.5,12:32,143,88.6
2041,2.5,12:53,143,88.6
2042,2.5,13:49,143,88.6
2043,2.51,13:32,143,88.6
2044,2.51,14:16,143,88.6
2045,2.51,14:54,143,88.6
2046,2.51,14:16,143,87.9
2047,2.51,14:25,143,87.9
2048,2.51,15:04,143,87.9
2049,2.51,14:16,144,87.9
2050,2.51,14:07,143,87.9
2051,2.51,13:32,143,87.9
2052,2.52,13:16,141,87.9
2053,2.52,12:39,141,87.3
2054,2.52,12:39,141,87.3
2055,2.52,12:04,141,87.3
2056,2.52,12:18,142,87.3
2057,2.52,11:52,142,87.3
2058,2.52,12:04,143,87.3
2059,2.53,12:25,143,87.3
2060,2.53,12:46,143,87.3
2061,2.53,13:49,143,87.3
2062,2.53,16:33,143,87.3
2063,2.53,18:53,143,87.3
2064,2.53,18:07,143,87.3
2065,2.53,16:09,143,87.3
2066,2.53,14:16,144,87.3
2067,2.53,12:39,144,87.3
2068,2.54,11:45,144,87.3
2069,2.54,12:25,144,87.3
2070,2.54,13:58,144,87.3
2071,2.54,15:04,144,87.3
2072,2.54,15:24,144,87.3
2073,2.54,15:14,144,87.9
2074,2.54,13:58,145,87.9
2075,2.54,12:53,145,87.9
2076,2.55,12:53,145,87.9
2077,2.55,12:18,144,87.9
2078,2.55,11:52,145,87.9
2079,2.55,11:58,144,87.9
2080,2.55,12:18,144,87.9
2081,2.55,12:11,143,87.9
2082,2.55,11:58,143,87.9
2083,2.56,11:58,142,87.9
2084,2.56,12:11,142,87.9
2085,2.56,12:25,142,87.9
2086,2.56,11:58,141,88.6
2087,2.56,12:11,142,88.6
2088,2.56,12:39,142,88.6
2089,2.56,12:18,143,88.6
2090,2.56,11:58,143,88.6
2091,2.57,12:11,142,88.6
2092,2.57,12:32,142,87.9
2093,2.57,12:18,142,87.3
2094,2.57,12:39,143,86.6
2095,2.57,13:01,143,86.6
2096,2.57,13:08,143,86.0
2097,2.57,12:46,142,85.3
2098,2.57,13:16,142,85.3
2099,2.58,13:32,142,85.3
2100,2.58,13:41,142,84.6
2101,2.58,13:24,143,84.6
2102,2.58,14:16,142,84.6
2103,2.58,13:58,142,84.6
2104,2.58,13:58,142,84.0
2105,2.58,14:34,143,84.0
2106,2.58,13:58,143,84.0
2107,2.59,13:16,142,84.0
2108,2.59,13:16,142,84.0
2109,2.59,12:46,142,84.0
2110,2.59,12:25,142,84.0
2111,2.59,13:16,143,84.0
2112,2.59,13:24,143,84.0
2113,2.59,13:16,144,84.0
2114,2.59,13:58,144,84.0
2115,2.6,13:32,143,84.6
2116,2.6,13:49,143,84.6
2117,2.6,14:25,143,84.6
2118,2.6,14:34,143,84.6
2119,2.6,14:16,143,84.0
2120,2.6,13:24,143,84.0
2121,2.6,13:16,143,84.0
2122,2.6,13:08,143,84.6
2123,2.61,14:16,143,84.6
2124,2.61,15:35,142,84.6
2125,2.61,17:11,142,84.6
2126,2.61,15:14,141,84.6
2127,2.61,14:54,141,84.0
2128,2.61,13:58,142,84.0
2129,2.61,13:08,142,84.0
2130,2.61,13:24,141,84.0
2131,2.61,14:54,142,84.0
2132,2.62,14:54,142,84.0
2133,2.62,13:32,142,84.0
2134,2.62,12:46,142,84.0
2135,2.62,11:58,142,83.3
2136,2.62,12:18,143,83.3
2137,2.62,13:01,143,83.3
2138,2.62,13:41,143,83.3
2139,2.62,14:07,142,83.3
2140,2.63,15:24,142,83.3
2141,2.63,14:34,141,83.3
2142,2.63,13:41,142,83.3
2143,2.63,13:32,142,82.7
2144,2.63,13:16,142,82.7
2145,2.63,12:25,142,82.7
2146,2.63,11:45,142,82.0
2147,2.64,11:33,142,82.0
2148,2.64,11:21,142,82.0
2149,2.64,11:33,142,82.0
2150,2.64,11:27,142,82.0
2151,2.64,11:58,144,82.0
2152,2.64,12:18,142,82.0
2153,2.64,12:46,142,81.4
2154,2.64,13:08,142,81.4
2155,2.65,14:34,142,81.4
2156,2.65,15:46,142,80.7
2157,2.65,15:04,141,80.7
2158,2.65,15:04,141,80.7
2159,2.65,14:34,142,80.7
2160,2.65,13:08,141,81.4
2161,2.65,12:32,142,81.4
2162,2.65,12:32,142,81.4
2163,2.66,12:46,141,82.0
2164,2.66,13:49,142,82.0
2165,2.66,14:44,142,82.0
2166,2.66,15:14,142,82.7
2167,2.66,16:33,142,82.7
2168,2.66,15:57,142,82.7
2169,2.66,14:54,142,82.7
2170,2.66,15:46,142,82.7
2171,2.66,15:14,142,83.3
2172,2.66,14:44,142,83.3
2173,2.67,14:54,143,83.3
2174,2.67,14:07,143,83.3
2175,2.67,13:24,143,83.3
2176,2.67,13:24,143,83.3
2177,2.67,13:01,144,83.3
2178,2.67,12:53,144,84.0
2179,2.67,14:16,144,84.0
2180,2.67,14:07,144,84.0
2181,2.68,14:44,144,84.0
2182,2.68,15:04,144,83.3
2183,2.68,15:04,144,83.3
2184,2.68,14:34,143,83.3
2185,2.68,15:04,144,83.3
2186,2.68,14:07,144,83.3
2187,2.68,13:32,144,84.0
2188,2.68,13:08,145,84.0
2189,2.69,12:39,145,84.0
2190,2.69,11:58,145,84.0
2191,2.69,11:45,145,84.0
2192,2.69,11:58,145,84.0
2193,2.69,12:18,146,83.3
2194,2.69,11:52,146,83.3
2195,2.69,11:52,146,83.3
2196,2.7,12:46,146,83.3
2197,2.7,13:24,146,84.0
2198,2.7,13:49,146,84.0
2199,2.7,14:54,146,84.0
2200,2.7,15:35,145,84.0
2201,2.7,15:04,146,84.0
2202,2.7,14:07,146,84.0
2203,2.7,12:53,145,84.0
2204,2.71,12:11,145,84.0
2205,2.71,11:58,145,84.0
2206,2.71,11:52,145,84.0
2207,2.71,11:52,145,84.0
2208,2.71,12:46,146,84.0
2209,2.71,12:25,145,84.0
2210,2.71,12:04,145,84.6
2211,2.71,12:25,146,84.6
2212,2.72,12:39,147,84.6
2213,2.72,12:32,148,84.6
2214,2.72,13:24,148,84.6
2215,2.72,13:32,148,84.6
2216,2.72,13:01,149,85.3
2217,2.72,13:58,149,85.3
2218,2.72,14:25,149,86.0
2219,2.72,14:54,148,86.0
2220,2.72,15:35,148,86.0
2221,2.73,15:35,148,86.0
2222,2.73,14:34,148,85.3
2223,2.73,14:07,148,85.3
2224,2.73,13:08,148,85.3
2225,2.73,12:39,149,84.6
2226,2.73,12:46,149,84.0
2227,2.73,12:39,148,83.3
2228,2.74,12:32,148,82.7
2229,2.74,12:39,148,82.7
2230,2.74,12:39,148,82.0
2231,2.74,12:32,149,81.4
2232,2.74,12:39,149,81.4
2233,2.74,12:39,148,80.7
2234,2.74,12:39,149,80.7
2235,2.74,12:46,148,80.1
2236,2.75,12:25,149,80.1
2237,2.75,12:53,148,79.4
2238,2.75,13:01,148,79.4
2239,2.75,13:49,148,79.4
2240,2.75,14:25,149,78.7
2241,2.75,15:14,149,78.7
2242,2.75,15:04,149,78.1
2243,2.75,14:44,149,78.1
2244,2.76,13:58,148,78.1
2245,2.76,13:41,148,78.1
2246,2.76,13:32,148,77.4
2247,2.76,12:18,148,77.4
2248,2.76,12:04,148,77.4
2249,2.76,11:58,147,78.1
2250,2.76,11:33,148,78.1
2251,2.76,12:11,148,78.1
2252,2.77,13:01,148,78.7
2253,2.77,13:08,148,78.7
2254,2.77,13:41,148,78.7
2255,2.77,13:58,146,78.7
2256,2.77,12:39,146,78.7
2257,2.77,13:08,146,78.7
2258,2.77,13:08,146,78.7
2259,2.77,13:01,145,78.7
2260,2.78,13:49,146,78.7
2261,2.78,13:32,146,78.7
2262,2.78,13:24,146,79.4
2263,2.78,13:58,145,79.4
2264,2.78,14:07,146,79.4
2265,2.78,13:16,146,79.4
2266,2.78,14:25,147,80.1
2267,2.78,13:16,147,80.1
2268,2.79,13:24,148,80.1
2269,2.79,13:16,147,79.4
2270,2.79,13:08,147,79.4
2271,2.79,13:32,147,79.4
2272,2.79,13:16,146,79.4
2273,2.79,12:53,146,78.7
2274,2.79,13:01,146,79.4
2275,2.79,12:46,146,79.4
2276,2.8,12:46,145,79.4
2277,2.8,13:49,145,79.4
2278,2.8,13:41,145,79.4
2279,2.8,13:49,144,79.4
2280,2.8,13:49,143,79.4
2281,2.8,12:46,143,78.7
2282,2.8,13:08,143,78.7
2283,2.8,13:01,143,78.7
2284,2.81,13:16,144,78.7
2285,2.81,13:16,143,78.7
2286,2.81,13:24,144,78.7
2287,2.81,13:08,143,78.7
2288,2.81,13:16,143,78.7
2289,2.81,12:18,142,78.7
2290,2.81,13:16,142,78.1
2291,2.81,13:41,143,78.1
2292,2.82,13:16,144,78.1
2293,2.82,13:24,144,78.1
2294,2.82,13:16,144,77.4
2295,2.82,12:32,144,77.4
2296,2.82,12:18,145,77.4
2297,2.82,12:11,144,77.4
2298,2.82,12:46,144,78.1
2299,2.82,13:08,145,78.1
2300,2.83,13:24,145,78.1
2301,2.83,14:16,145,77.4
2302,2.83,15:14,145,77.4
2303,2.83,14:25,145,77.4
2304,2.83,14:34,145,77.4
2305,2.83,13:58,145,76.8
2306,2.83,13:32,145,76.8
2307,2.83,13:08,145,76.8
2308,2.84,13:32,146,76.8
2309,2.84,13:24,145,76.1
2310,2.84,14:25,145,76.1
2311,2.84,13:58,146,76.1
2312,2.84,13:24,146,76.1
2313,2.84,13:08,146,76.1
2314,2.84,13:16,147,76.1
2315,2.84,12:25,147,76.1
2316,2.85,13:01,147,76.1
2317,2.85,13:24,147,76.1
2318,2.85,13:32,147,76.1
2319,2.85,13:41,147,76.1
2320,2.85,14:07,147,76.1
2321,2.85,13:58,147,76.1
2322,2.85,14:07,146,76.8
2323,2.85,15:04,146,76.8
2324,2.85,14:54,147,76.8
2325,2.86,15:04,147,77.4
2326,2.86,14:44,146,77.4
2327,2.86,13:58,147,77.4
2328,2.86,12:53,147,77.4
2329,2.86,12:53,147,78.1
2330,2.86,13:16,148,78.1
2331,2.86,13:41,147,78.1
2332,2.86,13:49,147,78.7
2333,2.87,13:08,147,78.7
2334,2.87,13:58,148,78.7
2335,2.87,13:58,148,78.1
2336,2.87,13:58,148,78.1
2337,2.87,14:07,148,78.1
2338,2.87,15:04,148,78.1
2339,2.87,14:16,149,78.1
2340,2.87,13:49,149,78.1
2341,2.88,13:24,149,78.1
2342,2.88,13:24,148,77.4
2343,2.88,13:24,148,77.4
2344,2.88,12:39,149,77.4
2345,2.88,12:39,148,77.4
2346,2.88,12:46,148,77.4
2347,2.88,13:16,148,78.1
2348,2.88,13:08,148,78.1
2349,2.89,14:25,149,78.1
2350,2.89,14:25,149,78.1
2351,2.89,14:07,148,78.1
2352,2.89,13:41,148,78.1
2353,2.89,14:07,148,78.1
2354,2.89,14:25,148,78.1
2355,2.89,14:25,148,78.1
2356,2.89,13:32,148,78.1
2357,2.9,13:32,148,78.1
2358,2.9,13:32,148,78.7
2359,2.9,13:01,148,78.7
2360,2.9,13:32,148,78.7
2361,2.9,15:04,147,78.7
2362,2.9,15:24,148,78.7
2363,2.9,15:57,148,78.7
2364,2.9,15:14,147,78.7
2365,2.9,13:41,147,79.4
2366,2.91,13:16,148,79.4
2367,2.91,13:24,147,79.4
2368,2.91,13:49,148,79.4
2369,2.91,14:25,147,80.1
2370,2.91,15:24,147,80.1
2371,2.91,15:46,148,80.1
2372,2.91,15:35,148,80.1
2373,2.91,14:34,148,80.1
2374,2.91,15:04,148,80.1
2375,2.92,14:16,148,80.1
2376,2.92,14:07,149,80.1
2377,2.92,13:49,148,80.7
2378,2.92,12:39,148,80.7
2379,2.92,12:18,148,80.7
2380,2.92,13:49,148,80.7
2381,2.92,12:53,148,80.7
2382,2.92,12:39,149,80.7
2383,2.93,14:34,149,80.7
2384,2.93,15:04,149,81.4
2385,2.93,13:58,149,81.4
2386,2.93,14:16,149,81.4
2387,2.93,14:25,149,82.0
2388,2.93,14:07,150,82.0
2389,2.93,13:41,150,82.0
2390,2.93,13:41,150,82.0
2391,2.94,14:16,150,82.0
2392,2.94,14:16,149,82.0
2393,2.94,13:32,150,82.7
2394,2.94,13:41,150,82.7
2395,2.94,13:49,150,82.7
2396,2.94,13:58,150,82.7
2397,2.94,14:25,150,82.7
2398,2.94,14:44,150,82.7
2399,2.94,13:32,149,82.7
2400,2.95,13:01,150,82.7
2401,2.95,12:46,150,83.3
2402,2.95,11:58,150,83.3
2403,2.95,11:33,151,83.3
2404,2.95,12:39,149,83.3
2405,2.95,13:01,150,82.7
2406,2.95,12:46,149,82.0
2407,2.96,13:08,149,82.0
2408,2.96,13:08,148,81.4
2409,2.96,12:32,148,81.4
2410,2.96,11:58,147,80.7
2411,2.96,11:52,147,80.7
2412,2.96,12:11,146,80.1
2413,2.96,11:58,146,80.1
2414,2.96,12:18,147,79.4
2415,2.97,12:32,147,78.7
2416,2.97,13:01,147,78.7
2417,2.97,12:32,147,78.1
2418,2.97,13:01,147,78.1
2419,2.97,12:04,148,78.1
2420,2.97,12:39,147,78.1
2421,2.97,12:18,148,78.1
2422,2.98,12:46,148,78.1
2423,2.98,13:08,148,78.1
2424,2.98,13:16,147,78.1
2425,2.98,12:53,148,78.1
2426,2.98,13:24,148,78.1
2427,2.98,13:08,147,78.1
2428,2.98,12:32,147,78.1
2429,2.98,13:16,146,78.7
2430,2.99,14:34,146,78.7
2431,2.99,13:58,148,79.4
2432,2.99,14:07,148,80.1
2433,2.99,15:04,148,80.7
2434,2.99,14:34,148,81.4
2435,2.99,13:58,147,81.4
2436,2.99,14:54,148,81.4
2437,2.99,15:24,148,81.4
2438,2.99,15:24,149,81.4
2439,3.0,15:57,149,81.4
2440,3.0,14:54,149,81.4
2441,3.0,14:07,148,81.4
2442,3.0,13:01,147,81.4
2443,3.0,11:52,147,81.4
2444,3.0,11:21,148,81.4
2445,3.0,10:59,148,81.4
2446,3.01,10:48,148,81.4
2447,3.01,11:10,148,81.4
2448,3.01,11:39,147,81.4
2449,3.01,11:52,147,81.4
2450,3.01,12:18,148,81.4
2451,3.01,12:11,149,81.4
2452,3.01,12:25,149,80.7
2453,3.01,12:53,150,80.7
2454,3.02,13:08,150,80.7
2455,3.02,13:16,150,80.1
2456,3.02,14:16,150,80.1
2457,3.02,14:16,151,80.1
2458,3.02,13:41,151,80.1
2459,3.02,13:49,152,79.4
2460,3.02,13:24,150,79.4
2461,3.02,12:53,151,79.4
2462,3.03,13:08,151,79.4
2463,3.03,13:32,152,79.4
2464,3.03,13:16,151,78.7
2465,3.03,13:58,151,78.7
2466,3.03,14:16,151,78.7
2467,3.03,13:58,151,78.7
2468,3.03,13:32,150,78.1
2469,3.03,13:24,151,78.1
2470,3.04,13:49,151,78.1
2471,3.04,14:25,150,78.1
2472,3.04,14:54,150,77.4
2473,3.04,14:44,150,77.4
2474,3.04,14:34,151,78.1
2475,3.04,13:41,151,78.1
2476,3.04,13:01,150,78.1
2477,3.04,12:04,149,78.1
2478,3.05,11:58,150,78.1
2479,3.05,11:45,149,78.1
2480,3.05,11:05,150,78.1
2481,3.05,10:54,150,78.1
2482,3.05,10:59,149,78.1
2483,3.05,11:05,149,77.4
2484,3.05,11:21,148,78.1
2485,3.06,12:11,149,78.1
2486,3.06,12:18,148,78.1
2487,3.06,12:25,148,78.7
2488,3.06,13:01,148,78.7
2489,3.06,14:07,148,79.4
2490,3.06,14:07,148,79.4
2491,3.06,14:34,149,79.4
2492,3.06,15:24,148,79.4
2493,3.07,14:16,148,79.4
2494,3.07,13:41,148,79.4
2495,3.07,13:41,148,79.4
2496,3.07,13:24,148,78.7
2497,3.07,13:24,148,78.7
2498,3.07,14:34,148,78.7
2499,3.07,13:49,148,79.4
2500,3.07,13:58,148,79.4
2501,3.08,14:07,148,79.4
2502,3.08,13:24,148,79.4
2503,3.08,12:39,147,79.4
2504,3.08,13:01,147,79.4
2505,3.08,11:27,147,79.4
2506,3.08,11:05,147,79.4
2507,3.08,10:38,146,78.7
2508,3.09,10:00,146,78.7
2509,3.09,9:47,147,78.7
2510,3.09,10:38,148,78.7
2511,3.09,10:18,148,78.7
2512,3.09,10:43,148,78.7
2513,3.09,11:58,148,79.4
2514,3.09,11:58,148,79.4
2515,3.1,12:46,149,79.4
2516,3.1,14:07,150,79.4
2517,3.1,15:14,149,78.7
2518,3.1,15:46,149,78.7
2519,3.1,16:09,149,78.7
2520,3.1,15:46,148,78.7
2521,3.1,15:35,147,78.7
2522,3.1,15:35,146,78.7
2523,3.1,15:14,147,78.1
2524,3.11,15:46,146,78.1
2525,3.11,16:09,145,78.1
2526,3.11,15:46,146,78.1
2527,3.11,15:04,146,78.1
2528,3.11,14:25,147,78.1
2529,3.11,13:49,147,78.1
2530,3.11,13:01,147,78.1
2531,3.11,13:16,147,78.1
2532,3.11,13:41,148,78.1
2533,3.12,13:24,148,78.1
2534,3.12,13:16,148,78.1
2535,3.12,14:07,149,77.4
2536,3.12,13:49,148,77.4
2537,3.12,13:08,148,77.4
2538,3.12,13:58,148,77.4
2539,3.12,14:25,148,77.4
2540,3.12,14:07,148,77.4
2541,3.13,14:16,149,77.4
2542,3.13,14:16,147,77.4
2543,3.13,14:07,147,77.4
2544,3.13,13:49,147,77.4
2545,3.13,13:24,146,77.4
2546,3.13,13:08,146,77.4
2547,3.13,13:24,146,77.4
2548,3.13,13:01,147,77.4
2549,3.14,13:01,146,77.4
2550,3.14,13:08,147,77.4
2551,3.14,12:53,146,77.4
2552,3.14,13:01,145,77.4
2553,3.14,12:53,142,77.4
2554,3.14,13:16,140,77.4
2555,3.14,14:07,138,77.4
2556,3.14,14:34,135,78.1
2557,3.15,14:25,132,78.1
2558,3.15,14:54,134,78.1
2559,3.15,14:25,135,78.7
2560,3.15,14:25,134,78.7
2561,3.15,15:04,134,78.7
2562,3.15,15:35,134,78.7
2563,3.15,16:33,134,78.7
2564,3.15,16:58,134,78.7
2565,3.15,15:14,134,79.4
2566,3.16,15:04,134,79.4
2567,3.16,14:44,134,79.4
2568,3.16,13:16,134,79.4
2569,3.16,12:39,134,79.4
2570,3.16,12:25,135,79.4
2571,3.16,11:16,136,79.4
2572,3.16,11:16,136,79.4
2573,3.16,11:27,138,79.4
2574,3.17,11:33,138,79.4
2575,3.17,12:11,139,79.4
2576,3.17,13:24,140,79.4
2577,3.17,13:01,143,80.1
2578,3.17,13:16,144,80.1
2579,3.17,13:41,145,80.1
2580,3.17,13:24,147,80.1
2581,3.17,13:32,149,80.1
2582,3.18,13:41,150,80.1
2583,3.18,13:49,150,80.1
2584,3.18,14:25,151,80.1
2585,3.18,13:58,153,80.1
2586,3.18,13:16,151,80.1
2587,3.18,13:49,151,80.7
2588,3.18,13:16,151,80.7
2589,3.18,12:46,151,80.7
2590,3.19,13:24,151,80.7
2591,3.19,13:49,151,81.4
2592,3.19,13:08,151,81.4
2593,3.19,13:49,151,81.4
2594,3.19,13:24,151,81.4
2595,3.19,13:32,151,82.0
2596,3.19,13:32,151,82.0
2597,3.19,13:49,152,82.7
2598,3.2,13:32,150,82.7
2599,3.2,14:44,150,83.3
2600,3.2,14:34,151,83.3
2601,3.2,14:16,151,84.0
2602,3.2,15:04,152,84.0
2603,3.2,14:44,152,84.6
2604,3.2,14:25,151,85.3
2605,3.2,14:16,152,86.0
2606,3.2,16:09,152,86.6
2607,3.21,15:35,152,87.3
2608,3.21,15:57,153,87.9
2609,3.21,15:14,153,88.6
2610,3.21,15:14,153,89.2
2611,3.21,13:49,153,89.9
2612,3.21,13:41,154,89.9
2613,3.21,13:49,155,90.6
2614,3.21,14:16,155,91.2
2615,3.21,14:34,155,91.9
2616,3.22,14:44,156,91.9
2617,3.22,14:34,156,92.5
2618,3.22,14:44,157,93.2
2619,3.22,14:07,158,93.8
2620,3.22,13:41,157,94.5
2621,3.22,13:24,158,95.1
2622,3.22,13:49,159,95.8
2623,3.22,13:41,159,95.8
2624,3.23,14:16,159,96.5
2625,3.23,14:34,160,97.1
2626,3.23,15:04,160,97.8
2627,3.23,15:35,160,98.4
2628,3.23,15:35,160,99.1
2629,3.23,15:46,160,99.7
2630,3.23,16:45,161,99.7
2631,3.23,15:46,161,100.4
2632,3.23,15:24,160,101.0
2633,3.24,14:25,161,101.7
2634,3.24,13:24,161,102.4
2635,3.24,12:46,161,102.4
2636,3.24,12:46,162,103.0
2637,3.24,12:11,163,103.7
2638,3.24,13:01,162,104.3
2639,3.24,13:32,163,104.3
2640,3.24,13:32,162,105.0
2641,3.25,14:25,163,105.0
2642,3.25,14:07,163,105.6
2643,3.25,13:08,162,105.6
2644,3.25,13:08,162,105.6
2645,3.25,12:53,162,105.6
2646,3.25,12:18,162,106.3
2647,3.25,12:39,162,106.3
2648,3.25,13:01,162,106.3
2649,3.26,13:08,162,107.0
2650,3.26,13:08,162,107.0
2651,3.26,12:53,162,107.6
2652,3.26,12:39,163,107.6
2653,3.26,12:32,163,108.3
2654,3.26,11:45,163,107.6
2655,3.26,11:39,163,107.6
2656,3.27,11:58,163,107.6
2657,3.27,11:58,162,107.0
2658,3.27,12:04,162,107.0
2659,3.27,13:01,162,107.0
2660,3.27,13:01,161,107.0
2661,3.27,12:53,160,107.0
2662,3.27,13:16,160,107.0
2663,3.27,13:08,161,107.0
2664,3.28,13:08,160,107.0
2665,3.28,13:41,159,107.0
2666,3.28,14:07,159,106.3
2667,3.28,14:07,159,106.3
2668,3.28,14:34,159,106.3
2669,3.28,14:07,159,105.6
2670,3.28,13:24,159,105.0
2671,3.28,13:24,159,105.0
2672,3.29,13:49,159,104.3
2673,3.29,14:25,159,103.7
2674,3.29,14:16,159,103.7
2675,3.29,14:34,159,103.0
2676,3.29,13:24,159,103.0
2677,3.29,12:11,159,102.4
2678,3.29,11:27,159,102.4
2679,3.29,11:39,158,101.7
2680,3.3,11:52,158,101.7
2681,3.3,12:32,157,101.0
2682,3.3,13:16,158,101.0
2683,3.3,13:16,157,100.4
2684,3.3,12:46,156,100.4
2685,3.3,12:11,155,100.4
2686,3.3,11:52,156,100.4
2687,3.31,11:27,156,99.7
2688,3.31,11:33,156,99.7
2689,3.31,11:33,157,99.7
2690,3.31,11:33,157,99.7
2691,3.31,11:39,156,99.7
2692,3.31,12:04,156,99.1
2693,3.31,12:11,155,99.1
2694,3.32,11:58,156,99.1
2695,3.32,12:39,156,99.1
2696,3.32,12:39,155,98.4
2697,3.32,12:25,155,98.4
2698,3.32,12:11,154,98.4
2699,3.32,12:32,154,97.8
2700,3.32,12:11,154,97.8
2701,3.32,12:25,154,97.1
2702,3.33,12:11,154,97.1
2703,3.33,12:25,153,96.5
2704,3.33,12:53,154,96.5
2705,3.33,12:46,154,96.5
2706,3.33,12:39,152,96.5
2707,3.33,13:08,152,96.5
2708,3.33,13:01,152,96.5
2709,3.33,12:46,152,95.8
2710,3.34,12:32,152,95.8
2711,3.34,12:18,151,95.1
2712,3.34,11:52,151,95.1
2713,3.34,11:52,150,94.5
2714,3.34,11:52,150,93.8
2715,3.34,11:45,149,93.2
2716,3.34,11:52,150,92.5
2717,3.35,11:39,150,91.9
2718,3.35,11:16,150,91.2
2719,3.35,11:05,150,89.9
2720,3.35,11:10,150,89.2
2721,3.35,10:59,150,88.6
2722,3.35,11:39,150,87.3
2723,3.35,12:18,150,86.0
2724,3.36,12:39,150,85.3
2725,3.36,12:46,149,84.0
2726,3.36,12:46,150,82.7
2727,3.36,12:25,150,82.0
2728,3.36,11:33,149,80.7
2729,3.36,10:54,149,80.1
2730,3.37,10:38,149,78.7
2731,3.37,10:28,149,78.1
2732,3.37,10:38,148,77.4
2733,3.37,11:16,148,76.8
2734,3.37,11:39,149,76.1
2735,3.37,12:18,149,74.8
2736,3.37,12:18,150,74.1
2737,3.37,12:11,151,73.5
2738,3.38,11:58,150,72.8
2739,3.38,11:58,150,72.2
2740,3.38,11:58,150,72.2
2741,3.38,12:25,150,71.5
2742,3.38,12:04,150,71.5
2743,3.38,11:45,149,70.9
2744,3.38,11:52,148,70.9
2745,3.39,11:27,146,70.2
2746,3.39,10:38,146,70.2
2747,3.39,10:33,145,69.6
2748,3.39,10:38,145,69.6
2749,3.39,10:23,144,68.9
2750,3.39,10:33,144,68.9
2751,3.4,11:33,145,68.2
2752,3.4,11:52,146,68.2
2753,3.4,11:45,146,67.6
2754,3.4,12:11,145,67.6
2755,3.4,11:58,145,67.6
2756,3.4,11:16,146,67.6
2757,3.4,11:21,148,67.6
2758,3.41,11:33,148,66.9
2759,3.41,11:27,148,66.9
2760,3.41,11:39,148,66.9
2761,3.41,12:25,148,66.9
2762,3.41,13:16,147,66.9
2763,3.41,13:41,147,67.6
2764,3.41,14:25,147,68.2
2765,3.41,14:34,148,68.2
2766,3.42,14:16,148,68.9
2767,3.42,13:01,148,69.6
2768,3.42,12:25,148,70.2
2769,3.42,11:52,148,70.9
2770,3.42,11:58,148,70.9
2771,3.42,11:58,148,70.9
2772,3.42,12:25,149,70.9
2773,3.42,12:39,149,70.9
2774,3.43,12:46,149,70.2
2775,3.43,13:01,149,70.2
2776,3.43,13:08,148,70.2
2777,3.43,13:01,149,69.6
2778,3.43,13:16,150,68.9
2779,3.43,13:49,150,68.9
2780,3.43,13:24,149,67.6
2781,3.43,13:01,149,66.9
2782,3.44,13:01,150,66.9
2783,3.44,12:53,150,66.3
2784,3.44,12:32,150,65.6
2785,3.44,12:18,150,65.6
2786,3.44,12:11,151,65.6
2787,3.44,11:52,150,65.6
2788,3.44,11:52,151,65.6
2789,3.45,11:45,151,65.6
2790,3.45,11:58,151,65.6
2791,3.45,12:39,152,65.0
2792,3.45,12:46,151,65.0
2793,3.45,12:25,151,65.0
2794,3.45,12:32,151,65.0
2795,3.45,13:08,151,65.0
2796,3.45,12:39,151,65.0
2797,3.46,12:39,150,64.3
2798,3.46,13:24,149,64.3
2799,3.46,13:32,148,63.6
2800,3.46,13:01,147,63.6
2801,3.46,12:53,148,63.6
2802,3.46,13:08,148,63.6
2803,3.46,13:01,148,63.6
2804,3.47,13:08,148,63.0
2805,3.47,13:08,149,63.0
2806,3.47,12:46,149,63.0
2807,3.47,12:11,150,63.0
2808,3.47,11:52,150,63.0
2809,3.47,11:27,150,62.3
2810,3.47,11:27,150,62.3
2811,3.47,12:32,150,63.0
2812,3.48,12:53,151,63.0
2813,3.48,13:16,151,63.0
2814,3.48,13:16,150,63.0
2815,3.48,13:16,150,63.0
2816,3.48,13:08,150,63.6
2817,3.48,13:24,150,63.6
2818,3.48,12:53,150,63.6
2819,3.49,12:39,150,63.6
2820,3.49,12:32,149,63.6
2821,3.49,12:11,149,64.3
2822,3.49,12:11,150,63.6
2823,3.49,12:46,149,63.6
2824,3.49,13:16,149,64.3
2825,3.49,13:24,149,64.3
2826,3.49,13:16,149,64.3
2827,3.5,13:01,150,63.6
2828,3.5,13:08,149,63.6
2829,3.5,12:39,148,63.0
2830,3.5,12:39,148,63.0
2831,3.5,12:39,148,63.0
2832,3.5,12:18,148,63.6
2833,3.5,11:33,148,63.6
2834,3.5,12:11,148,63.6
2835,3.51,12:18,148,63.6
2836,3.51,12:39,147,64.3
2837,3.51,13:58,148,64.3
2838,3.51,15:35,147,64.3
2839,3.51,16:21,147,64.3
2840,3.51,15:57,147,64.3
2841,3.51,15:24,147,65.0
2842,3.51,14:25,147,65.0
2843,3.52,13:41,148,65.0
2844,3.52,12:39,148,65.0
2845,3.52,12:53,148,65.0
2846,3.52,13:24,147,65.0
2847,3.52,12:53,147,65.0
2848,3.52,13:16,147,65.0
2849,3.52,13:24,147,65.6
2850,3.52,12:53,148,65.6
2851,3.53,13:08,147,65.6
2852,3.53,14:07,148,65.6
2853,3.53,14:07,148,65.6
2854,3.53,13:58,149,65.6
2855,3.53,14:34,149,65.6
2856,3.53,14:07,149,65.6
2857,3.53,13:49,149,65.6
2858,3.53,13:01,149,65.6
2859,3.54,13:01,151,65.6
2860,3.54,12:39,150,65.6
2861,3.54,12:39,150,66.3
2862,3.54,12:39,151,66.3
2863,3.54,13:08,150,66.3
2864,3.54,13:58,150,66.3
2865,3.54,14:44,150,66.9
2866,3.54,14:44,151,66.9
2867,3.54,14:25,150,66.9
2868,3.55,13:49,150,66.9
2869,3.55,13:32,149,66.9
2870,3.55,13:01,149,66.9
2871,3.55,12:32,149,66.9
2872,3.55,12:39,150,66.9
2873,3.55,12:46,150,66.3
2874,3.55,12:32,149,66.9
2875,3.56,12:32,148,66.9
2876,3.56,13:16,148,66.9
2877,3.56,13:24,149,66.9
2878,3.56,13:49,150,66.9
2879,3.56,13:49,150,66.9
2880,3.56,14:07,150,66.9
2881,3.56,13:24,151,66.9
2882,3.56,13:24,152,66.9
2883,3.57,12:53,152,66.9
2884,3.57,12:53,151,66.9
2885,3.57,12:46,152,66.9
2886,3.57,12:46,152,66.9
2887,3.57,12:32,152,66.9
2888,3.57,12:39,153,66.9
2889,3.57,12:25,153,66.9
2890,3.57,11:52,153,66.9
2891,3.58,11:58,152,66.9
2892,3.58,12:39,153,67.6
2893,3.58,12:53,151,67.6
2894,3.58,13:16,151,67.6
2895,3.58,13:49,151,67.6
2896,3.58,13:58,151,67.6
2897,3.58,13:32,151,66.9
2898,3.58,13:16,151,66.9
2899,3.59,12:53,151,66.9
2900,3.59,12:25,150,66.9
2901,3.59,11:52,150,66.9
2902,3.59,11:21,150,66.9
2903,3.59,11:16,151,66.9
2904,3.59,11:10,152,66.9
2905,3.59,11:27,152,66.9
2906,3.6,11:33,150,66.9
2907,3.6,11:52,150,66.9
2908,3.6,12:46,150,66.9
2909,3.6,12:32,150,66.9
2910,3.6,13:08,150,66.9
2911,3.6,13:41,150,66.9
2912,3.6,13:58,150,66.9
2913,3.6,13:24,150,67.6
2914,3.61,14:16,149,67.6
2915,3.61,13:49,149,67.6
2916,3.61,13:41,148,67.6
2917,3.61,13:41,148,67.6
2918,3.61,13:16,147,67.6
2919,3.61,13:01,146,67.6
2920,3.61,13:41,147,66.9
2921,3.61,13:16,147,66.9
2922,3.62,12:53,146,66.9
2923,3.62,13:01,146,66.9
2924,3.62,12:39,147,66.9
2925,3.62,12:04,147,67.6
2926,3.62,13:08,147,66.9
2927,3.62,13:08,147,66.9
2928,3.62,13:24,147,66.9
2929,3.62,14:07,147,66.9
2930,3.63,13:32,148,66.9
2931,3.63,13:24,149,66.9
2932,3.63,13:32,148,66.9
2933,3.63,13:08,148,67.6
2934,3.63,12:46,148,66.9
2935,3.63,13:49,149,66.9
2936,3.63,13:01,149,66.9
2937,3.63,13:16,149,66.9
2938,3.64,13:41,149,66.9
2939,3.64,13:58,148,66.9
2940,3.64,13:32,149,66.9
2941,3.64,13:58,149,66.9
2942,3.64,13:41,149,66.9
2943,3.64,13:24,149,66.9
2944,3.64,13:08,149,66.9
2945,3.64,13:08,149,66.9
2946,3.65,12:39,148,66.9
2947,3.65,12:25,148,66.9
2948,3.65,12:11,148,66.9
2949,3.65,12:32,148,66.9
2950,3.65,13:01,149,66.9
2951,3.65,13:16,150,66.9
2952,3.65,14:16,150,66.9
2953,3.65,14:34,150,66.9
2954,3.66,14:34,150,66.9
2955,3.66,13:58,151,66.9
2956,3.66,14:16,151,66.9
2957,3.66,13:32,151,66.9
2958,3.66,13:08,151,66.9
2959,3.66,12:39,152,66.9
2960,3.66,12:32,151,66.9
2961,3.66,12:39,151,67.6
2962,3.67,13:16,151,67.6
2963,3.67,14:34,151,67.6
2964,3.67,14:44,152,67.6
2965,3.67,15:35,151,67.6
2966,3.67,14:44,152,67.6
2967,3.67,13:41,151,67.6
2968,3.67,12:25,151,67.6
2969,3.67,12:39,152,67.6
2970,3.68,12:04,151,67.6
2971,3.68,12:25,151,67.6
2972,3.68,12:39,151,67.6
2973,3.68,13:24,151,67.6
2974,3.68,13:08,151,67.6
2975,3.68,13:16,152,67.6
2976,3.68,13:32,152,67.6
2977,3.68,13:58,152,67.6
2978,3.69,13:58,151,67.6
2979,3.69,14:07,151,67.6
2980,3.69,14:07,152,67.6
2981,3.69,13:24,152,67.6
2982,3.69,13:01,152,67.6
2983,3.69,12:18,152,67.6
2984,3.69,12:25,151,67.6
2985,3.69,12:25,152,67.6
2986,3.7,12:46,152,67.6
2987,3.7,13:01,152,67.6
2988,3.7,13:41,152,67.6
2989,3.7,13:49,152,67.6
2990,3.7,13:49,151,67.6
2991,3.7,14:16,150,68.2
2992,3.7,13:58,150,68.2
2993,3.7,13:49,151,68.2
2994,3.71,13:32,150,68.9
2995,3.71,13:16,150,68.9
2996,3.71,13:08,149,68.9
2997,3.71,13:32,150,68.9
2998,3.71,13:58,150,68.9
2999,3.71,14:44,151,68.9
3000,3.71,15:46,151,69.6
3001,3.71,15:57,150,69.6
3002,3.71,16:45,150,69.6
3003,3.72,17:38,151,69.6
3004,3.72,18:22,151,69.6
3005,3.72,19:26,152,69.6
3006,3.72,19:09,152,69.6
3007,3.72,18:37,152,69.6
3008,3.72,16:09,152,69.6
3009,3.72,14:54,150,69.6
3010,3.72,13:24,150,69.6
3011,3.72,13:08,150,69.6
3012,3.73,12:11,151,69.6
3013,3.73,11:58,151,70.2
3014,3.73,11:33,150,70.2
3015,3.73,11:39,150,70.2
3016,3.73,11:05,150,70.2
3017,3.73,10:59,150,69.6
3018,3.73,11:05,150,69.6
3019,3.74,11:05,151,70.2
3020,3.74,10:38,150,70.2
3021,3.74,11:10,151,70.2
3022,3.74,11:21,152,70.2
3023,3.74,12:11,152,70.2
3024,3.74,12:18,152,70.2
3025,3.74,12:32,153,70.2
3026,3.75,12:04,152,70.2
3027,3.75,12:11,153,70.2
3028,3.75,11:52,153,70.2
3029,3.75,12:32,153,70.2
3030,3.75,12:32,154,70.2
3031,3.75,12:39,154,69.6
3032,3.75,12:46,154,69.6
3033,3.76,12:46,154,69.6
3034,3.76,12:25,154,69.6
3035,3.76,13:01,153,68.9
3036,3.76,13:01,153,68.9
3037,3.76,13:01,153,68.9
3038,3.76,13:01,153,68.9
3039,3.76,11:52,154,68.9
3040,3.76,11:27,154,68.9
3041,3.77,11:33,155,68.9
3042,3.77,11:16,155,68.9
3043,3.77,11:05,155,68.9
3044,3.77,12:32,154,68.9
3045,3.77,12:25,154,68.9
3046,3.77,12:18,154,68.9
3047,3.77,13:01,153,68.9
3048,3.78,13:58,153,68.9
3049,3.78,13:49,152,68.9
3050,3.78,13:49,153,68.2
3051,3.78,13:41,153,68.2
3052,3.78,13:08,153,68.2
3053,3.78,13:08,152,68.2
3054,3.78,13:08,153,68.2
3055,3.78,13:32,153,68.2
3056,3.78,14:34,153,68.2
3057,3.79,13:49,154,68.2
3058,3.79,13:08,155,68.2
3059,3.79,12:32,154,68.2
3060,3.79,12:11,155,67.6
3061,3.79,12:18,155,67.6
3062,3.79,13:01,155,67.6
3063,3.79,12:18,154,67.6
3064,3.8,12:39,154,68.2
3065,3.8,12:53,155,68.2
3066,3.8,12:25,154,68.2
3067,3.8,12:39,155,68.2
3068,3.8,13:32,156,68.2
3069,3.8,13:08,156,67.6
3070,3.8,13:32,156,67.6
3071,3.8,13:49,156,67.6
3072,3.81,13:24,156,67.6
3073,3.81,13:24,156,67.6
3074,3.81,13:58,156,67.6
3075,3.81,13:32,154,67.6
3076,3.81,12:53,154,67.6
3077,3.81,13:16,153,67.6
3078,3.81,13:24,153,66.9
3079,3.81,13:24,153,66.9
3080,3.82,13:16,149,66.9
3081,3.82,13:24,146,66.9
3082,3.82,13:08,147,66.9
3083,3.82,13:08,147,67.6
3084,3.82,12:46,147,67.6
3085,3.82,12:53,147,67.6
3086,3.82,13:08,147,67.6
3087,3.82,12:53,147,67.6
3088,3.83,12:32,147,68.2
3089,3.83,12:53,147,68.2
3090,3.83,13:01,145,68.2
3091,3.83,13:08,147,68.2
3092,3.83,13:49,147,68.2
3093,3.83,14:16,147,68.2
3094,3.83,14:16,147,68.2
3095,3.83,14:54,147,68.9
3096,3.84,14:16,147,68.9
3097,3.84,13:58,148,68.9
3098,3.84,14:25,148,68.9
3099,3.84,14:54,148,68.9
3100,3.84,14:34,149,68.9
3101,3.84,15:14,150,68.2
3102,3.84,15:04,150,68.2
3103,3.84,14:25,152,67.6
3104,3.84,13:16,152,66.9
3105,3.85,12:11,153,66.9
3106,3.85,11:45,155,66.3
3107,3.85,11:27,154,65.6
3108,3.85,10:54,154,65.0
3109,3.85,10:38,154,64.3
3110,3.85,10:43,154,64.3
3111,3.86,11:33,154,63.6
3112,3.86,12:18,154,63.6
3113,3.86,12:11,153,63.0
3114,3.86,12:39,153,63.0
3115,3.86,13:16,153,62.3
3116,3.86,12:25,155,61.7
3117,3.86,12:04,155,61.7
3118,3.86,12:46,154,61.0
3119,3.87,12:46,153,61.0
3120,3.87,12:53,154,60.4
3121,3.87,12:11,154,60.4
3122,3.87,11:33,152,60.4
3123,3.87,11:39,152,59.7
3124,3.87,11:39,152,59.7
3125,3.87,11:39,152,59.7
3126,3.88,12:25,152,59.7
3127,3.88,12:53,151,59.7
3128,3.88,12:18,151,59.7
3129,3.88,13:01,151,59.7
3130,3.88,13:01,152,59.7
3131,3.88,12:53,151,59.1
3132,3.88,13:16,150,59.1
3133,3.88,13:24,149,59.1
3134,3.89,13:08,150,59.1
3135,3.89,13:01,150,59.1
3136,3.89,12:53,150,59.1
3137,3.89,13:01,149,59.1
3138,3.89,13:24,150,59.1
3139,3.89,13:01,149,59.1
3140,3.89,13:01,149,59.1
3141,3.89,13:16,149,58.4
3142,3.9,13:16,149,58.4
3143,3.9,13:41,149,59.1
3144,3.9,13:49,148,59.1
3145,3.9,14:07,149,58.4
3146,3.9,13:49,149,58.4
3147,3.9,13:32,150,58.4
3148,3.9,13:32,150,58.4
3149,3.9,13:24,149,58.4
3150,3.91,12:53,149,58.4
3151,3.91,12:53,149,58.4
3152,3.91,12:04,149,58.4
3153,3.91,11:10,149,58.4
3154,3.91,11:27,149,58.4
3155,3.91,11:33,149,58.4
3156,3.91,11:27,149,59.1
3157,3.92,12:11,148,59.1
3158,3.92,12:53,149,59.1
3159,3.92,12:53,149,58.4
3160,3.92,12:53,149,58.4
3161,3.92,13:01,149,58.4
3162,3.92,12:39,149,58.4
3163,3.92,12:46,148,58.4
3164,3.92,12:39,149,57.7
3165,3.93,13:24,149,57.7
3166,3.93,13:58,149,57.7
3167,3.93,15:04,149,57.7
3168,3.93,15:04,149,57.1
3169,3.93,14:44,148,57.1
3170,3.93,13:41,149,57.1
3171,3.93,13:24,149,57.1
3172,3.93,12:46,149,57.1
3173,3.94,12:53,148,57.1
3174,3.94,12:39,149,57.1
3175,3.94,12:53,149,57.1
3176,3.94,13:16,148,56.4
3177,3.94,13:32,147,56.4
3178,3.94,13:24,147,56.4
3179,3.94,13:41,147,56.4
3180,3.94,13:49,147,56.4
3181,3.95,12:46,147,56.4
3182,3.95,12:25,147,56.4
3183,3.95,11:52,147,56.4
3184,3.95,11:16,148,56.4
3185,3.95,10:54,148,56.4
3186,3.95,10:54,148,57.1
3187,3.95,10:43,149,57.1
3188,3.96,10:54,150,57.1
3189,3.96,11:45,150,57.1
3190,3.96,12:32,149,57.1
3191,3.96,13:41,149,57.1
3192,3.96,14:54,149,57.1
3193,3.96,15:57,149,57.7
3194,3.96,15:46,149,57.7
3195,3.96,15:57,149,57.7
3196,3.97,14:54,149,57.7
3197,3.97,13:32,150,57.7
3198,3.97,12:18,150,57.7
3199,3.97,12:04,150,58.4
3200,3.97,12:25,149,58.4
3201,3.97,11:58,149,59.1
3202,3.97,13:01,150,59.1
3203,3.97,14:34,151,59.7
3204,3.98,15:14,151,59.7
3205,3.98,14:25,151,59.7
3206,3.98,15:04,151,59.7
3207,3.98,14:44,151,59.7
3208,3.98,13:49,152,59.7
3209,3.98,13:32,152,59.7
3210,3.98,13:08,152,59.1
3211,3.98,13:16,152,59.1
3212,3.98,13:32,152,59.7
3213,3.99,13:58,152,59.7
3214,3.99,13:49,152,59.7
3215,3.99,13:58,152,60.4
3216,3.99,13:58,153,60.4
3217,3.99,13:24,153,60.4
3218,3.99,13:16,153,60.4
3219,3.99,13:01,152,60.4
3220,4.0,12:39,153,60.4
3221,4.0,12:32,153,60.4
3222,4.0,12:25,152,60.4
3223,4.0,12:11,153,60.4
3224,4.0,12:18,153,60.4
3225,4.0,11:52,153,60.4
3226,4.0,11:45,152,60.4
3227,4.0,11:58,152,60.4
3228,4.01,12:11,152,60.4
3229,4.01,12:04,153,59.7
3230,4.01,12:53,153,59.7
3231,4.01,12:53,153,59.7
3232,4.01,13:08,153,59.7
3233,4.01,13:08,152,59.1
3234,4.01,14:07,152,58.4
3235,4.01,15:04,152,57.7
3236,4.02,16:33,153,57.1
3237,4.02,15:57,153,57.1
3238,4.02,16:09,152,57.1
3239,4.02,14:44,152,57.1
3240,4.02,13:32,153,57.1
3241,4.02,13:01,152,57.1
3242,4.02,12:32,152,57.1
3243,4.02,12:18,153,57.1
3244,4.03,12:53,152,57.1
3245,4.03,13:08,153,57.1
3246,4.03,12:39,152,57.1
3247,4.03,12:25,152,57.1
3248,4.03,12:39,152,57.1
3249,4.03,12:32,152,56.4
3250,4.03,12:25,152,56.4
3251,4.03,12:25,152,56.4
3252,4.04,12:53,152,56.4
3253,4.04,12:39,152,56.4
3254,4.04,12:32,152,57.1
3255,4.04,12:32,151,57.7
3256,4.04,12:18,152,57.7
3257,4.04,12:32,152,57.7
3258,4.04,12:25,152,57.1
3259,4.05,11:58,153,57.1
3260,4.05,12:04,152,56.4
3261,4.05,12:32,152,55.8
3262,4.05,11:58,153,55.8
3263,4.05,11:45,154,55.8
3264,4.05,12:25,154,55.8
3265,4.05,12:04,155,55.8
3266,4.05,12:32,154,56.4
3267,4.06,13:32,154,56.4
3268,4.06,14:07,154,55.8
3269,4.06,13:49,153,55.8
3270,4.06,14:16,153,55.8
3271,4.06,13:49,153,55.1
3272,4.06,13:01,152,55.1
3273,4.06,12:18,153,55.1
3274,4.07,12:39,153,55.1
3275,4.07,13:01,153,56.4
3276,4.07,13:08,153,57.1
3277,4.07,13:16,153,57.1
3278,4.07,14:44,154,57.1
3279,4.07,14:34,155,57.1
3280,4.07,13:49,155,56.4
3281,4.07,13:49,154,56.4
3282,4.07,13:58,154,56.4
3283,4.08,12:46,152,56.4
3284,4.08,12:39,153,56.4
3285,4.08,12:39,153,57.1
3286,4.08,12:39,153,57.1
3287,4.08,13:08,153,57.7
3288,4.08,14:16,152,57.7
3289,4.08,13:58,152,57.7
3290,4.08,14:16,152,57.7
3291,4.09,13:49,152,57.7
3292,4.09,13:32,152,57.1
3293,4.09,13:08,152,57.1
3294,4.09,13:16,152,57.1
3295,4.09,13:24,151,56.4
3296,4.09,13:49,152,56.4
3297,4.09,13:08,151,56.4
3298,4.09,13:01,150,56.4
3299,4.1,13:24,152,56.4
3300,4.1,13:32,152,57.1
3301,4.1,13:24,152,57.1
3302,4.1,13:58,150,57.1
3303,4.1,14:07,150,57.1
3304,4.1,13:41,150,57.1
3305,4.1,13:01,149,57.1
3306,4.1,13:01,150,56.4
3307,4.11,13:01,149,56.4
3308,4.11,13:41,149,56.4
3309,4.11,13:16,150,56.4
3310,4.11,13:49,150,56.4
3311,4.11,14:16,151,55.8
3312,4.11,14:25,150,55.8
3313,4.11,13:49,150,55.1
3314,4.11,14:44,150,55.1
3315,4.12,14:16,150,55.1
3316,4.12,13:32,150,54.5
3317,4.12,13:24,151,54.5
3318,4.12,12:53,150,54.5
3319,4.12,12:11,150,54.5
3320,4.12,12:18,150,54.5
3321,4.12,12:04,149,54.5
3322,4.12,12:04,149,54.5
3323,4.13,12:18,147,54.5
3324,4.13,12:25,147,54.5
3325,4.13,13:24,149,54.5
3326,4.13,14:07,149,54.5
3327,4.13,14:07,148,54.5
3328,4.13,13:16,148,54.5
3329,4.13,12:39,149,54.5
3330,4.14,11:58,149,54.5
3331,4.14,11:52,149,54.5
3332,4.14,11:58,149,54.5
3333,4.14,12:39,150,54.5
3334,4.14,12:53,149,54.5
3335,4.14,12:25,149,54.5
3336,4.14,12:32,149,55.1
3337,4.14,11:58,149,55.1
3338,4.15,12:04,149,55.1
3339,4.15,11:52,149,55.1
3340,4.15,11:58,150,55.1
3341,4.15,11:45,150,55.1
3342,4.15,11:45,150,55.8
3343,4.15,11:33,150,55.8
3344,4.15,12:25,151,55.8
3345,4.16,12:25,151,55.8
3346,4.16,12:18,151,55.8
3347,4.16,12:53,151,55.8
3348,4.16,12:46,151,55.8
3349,4.16,12:11,151,55.8
3350,4.16,12:18,151,55.8
3351,4.16,12:39,152,55.8
3352,4.16,12:39,152,56.4
3353,4.17,12:53,152,55.8
3354,4.17,12:53,151,56.4
3355,4.17,13:08,151,56.4
3356,4.17,12:46,152,56.4
3357,4.17,12:39,152,56.4
3358,4.17,13:08,152,56.4
3359,4.17,13:24,151,56.4
3360,4.17,13:24,152,57.1
3361,4.18,13:49,151,57.1
3362,4.18,13:41,151,57.1
3363,4.18,13:24,151,57.1
3364,4.18,14:07,152,57.7
3365,4.18,13:49,152,57.7
3366,4.18,13:58,153,57.7
3367,4.18,14:07,152,57.7
3368,4.18,14:16,152,58.4
3369,4.19,13:58,152,58.4
3370,4.19,14:16,152,58.4
3371,4.19,14:16,152,58.4
3372,4.19,13:58,152,59.1
3373,4.19,14:16,152,59.1
3374,4.19,15:04,152,59.1
3375,4.19,15:04,152,59.7
3376,4.19,15:14,153,59.7
3377,4.19,15:14,154,59.7
3378,4.2,14:25,155,59.7
3379,4.2,13:32,155,59.7
3380,4.2,13:49,153,59.7
3381,4.2,13:41,154,59.7
3382,4.2,14:07,153,59.7
3383,4.2,14:25,153,60.4
3384,4.2,14:16,154,59.7
3385,4.2,13:32,154,59.7
3386,4.21,13:16,155,59.7
3387,4.21,13:01,155,59.7
3388,4.21,12:46,154,59.1
3389,4.21,12:32,154,59.1
3390,4.21,12:18,155,58.4
3391,4.21,12:11,155,58.4
3392,4.21,11:52,156,59.1
3393,4.22,11:58,156,59.1
3394,4.22,12:32,157,59.7
3395,4.22,12:11,157,59.7
3396,4.22,11:05,157,59.7
3397,4.22,11:21,158,59.7
3398,4.22,10:59,157,59.7
3399,4.22,10:43,157,59.7
3400,4.23,10:43,157,59.7
3401,4.23,11:39,157,59.7
3402,4.23,11:27,157,59.7
3403,4.23,11:27,157,59.7
3404,4.23,11:27,158,59.7
3405,4.23,12:11,158,59.1
3406,4.23,12:11,158,59.1
3407,4.24,12:39,157,59.1
3408,4.24,13:01,157,59.1
3409,4.24,13:01,156,59.1
3410,4.24,12:11,155,59.7
3411,4.24,11:58,155,59.7
3412,4.24,11:52,155,59.1
3413,4.24,11:33,156,59.1
3414,4.25,11:16,156,59.1
3415,4.25,11:52,156,58.4
3416,4.25,11:27,155,58.4
3417,4.25,11:16,155,58.4
3418,4.25,11:27,155,57.7
3419,4.25,12:11,153,57.7
3420,4.25,11:58,153,57.1
3421,4.25,13:01,154,57.1
3422,4.26,13:08,154,57.1
3423,4.26,13:01,153,57.1
3424,4.26,12:11,153,57.1
3425,4.26,12:46,154,57.7
3426,4.26,12:32,153,57.7
3427,4.26,12:39,153,58.4
3428,4.26,12:32,154,58.4
3429,4.26,13:32,154,59.1
3430,4.27,13:16,153,59.1
3431,4.27,13:32,153,59.1
3432,4.27,13:32,153,59.1
3433,4.27,13:49,153,59.1
3434,4.27,12:53,152,59.1
3435,4.27,12:39,152,59.7
3436,4.27,12:04,152,59.7
3437,4.28,12:18,154,59.7
3438,4.28,12:39,154,59.7
3439,4.28,12:53,153,59.7
3440,4.28,13:01,153,59.7
3441,4.28,13:41,153,59.7
3442,4.28,13:08,153,59.7
3443,4.28,12:46,152,59.7
3444,4.28,12:46,153,59.7
3445,4.29,13:16,152,59.7
3446,4.29,13:24,153,59.7
3447,4.29,13:49,153,59.7
3448,4.29,13:58,153,59.1
3449,4.29,13:49,153,59.1
3450,4.29,12:53,153,59.1
3451,4.29,12:32,153,59.1
3452,4.29,12:11,153,58.4
3453,4.3,12:25,153,59.1
3454,4.3,12:39,153,59.1
3455,4.3,13:01,154,59.1
3456,4.3,12:46,154,58.4
3457,4.3,12:39,154,58.4
3458,4.3,11:39,153,58.4
3459,4.3,11:39,152,58.4
3460,4.3,12:46,153,58.4
3461,4.31,13:58,153,59.1
3462,4.31,14:25,152,59.1
3463,4.31,16:45,152,58.4
3464,4.31,15:14,151,59.1
3465,4.31,13:32,151,59.1
3466,4.31,12:39,151,59.1
3467,4.31,12:53,150,59.1
3468,4.31,12:39,151,59.1
3469,4.32,13:58,150,59.1
3470,4.32,13:58,151,59.1
3471,4.32,14:16,152,59.7
3472,4.32,13:32,152,59.7
3473,4.32,12:25,152,59.7
3474,4.32,11:58,152,59.7
3475,4.32,11:33,152,59.7
3476,4.33,11:10,151,59.7
3477,4.33,11:58,152,59.7
3478,4.33,12:11,151,59.7
3479,4.33,12:11,150,59.7
3480,4.33,12:53,150,59.7
3481,4.33,12:25,151,59.7
3482,4.33,12:18,151,59.1
3483,4.34,11:52,151,59.1
3484,4.34,11:58,151,59.7
3485,4.34,11:39,151,59.7
3486,4.34,12:39,151,59.7
3487,4.34,11:39,150,60.4
3488,4.34,12:39,150,60.4
3489,4.34,12:46,149,60.4
3490,4.34,13:32,150,60.4
3491,4.35,12:53,150,60.4
3492,4.35,13:58,151,60.4
3493,4.35,13:49,151,60.4
3494,4.35,14:07,151,60.4
3495,4.35,13:08,153,61.0
3496,4.35,13:32,153,61.0
3497,4.35,12:46,152,61.0
3498,4.35,12:53,152,61.0
3499,4.36,12:39,151,61.0
3500,4.36,13:01,152,61.0
3501,4.36,13:24,151,61.0
3502,4.36,13:49,152,61.0
3503,4.36,13:32,151,61.7
3504,4.36,14:16,151,61.7
3505,4.36,14:25,151,61.7
3506,4.36,14:16,151,61.7
3507,4.36,14:34,151,61.7
3508,4.37,15:04,151,61.7
3509,4.37,14:16,151,62.3
3510,4.37,14:54,151,62.3
3511,4.37,13:49,151,62.3
3512,4.37,13:32,152,63.0
3513,4.37,13:41,152,63.0
3514,4.37,13:49,152,63.0
3515,4.37,13:01,153,63.6
3516,4.38,13:58,153,63.6
3517,4.38,13:49,152,63.6
3518,4.38,12:53,152,63.6
3519,4.38,12:25,153,64.3
3520,4.38,11:45,153,64.3
3521,4.38,11:27,153,64.3
3522,4.38,11:58,153,64.3
3523,4.39,12:18,154,65.0
3524,4.39,12:53,152,65.0
3525,4.39,14:25,153,65.0
3526,4.39,15:57,153,65.6
3527,4.39,16:21,152,65.6
3528,4.39,17:11,152,65.6
3529,4.39,17:38,153,65.6
3530,4.39,16:58,153,66.3
3531,4.39,15:57,153,66.3
3532,4.39,15:35,153,66.3
3533,4.4,15:35,152,66.9
3534,4.4,14:07,152,66.9
3535,4.4,13:32,153,66.9
3536,4.4,12:53,152,66.9
3537,4.4,11:39,153,66.9
3538,4.4,11:16,153,66.9
3539,4.4,11:58,153,66.9
3540,4.41,12:04,154,66.9
3541,4.41,12:25,154,66.9
3542,4.41,13:41,152,66.9
3543,4.41,13:49,153,66.9
3544,4.41,13:08,153,67.6
3545,4.41,14:16,153,67.6
3546,4.41,14:25,153,67.6
3547,4.41,15:24,152,67.6
3548,4.41,16:09,152,67.6
3549,4.42,16:45,152,67.6
3550,4.42,16:58,152,67.6
3551,4.42,17:25,152,67.6
3552,4.42,14:07,152,68.2
3553,4.42,12:11,151,68.2
3554,4.42,11:27,151,68.2
3555,4.42,10:38,152,68.9
3556,4.43,10:14,152,68.9
3557,4.43,10:38,152,68.9
3558,4.43,11:58,152,68.9
3559,4.43,12:25,153,69.6
3560,4.43,12:32,152,69.6
3561,4.43,13:01,152,69.6
3562,4.43,13:41,154,69.6
3563,4.43,13:16,154,69.6
3564,4.44,13:49,154,69.6
3565,4.44,14:07,154,70.2
3566,4.44,13:16,154,70.2
3567,4.44,13:01,154,70.2
3568,4.44,13:08,155,70.2
3569,4.44,12:39,156,70.2
3570,4.44,13:08,157,70.2
3571,4.44,13:32,157,70.2
3572,4.45,12:25,157,70.2
3573,4.45,12:18,157,70.2
3574,4.45,12:46,158,70.2
3575,4.45,12:25,157,70.2
3576,4.45,12:39,157,70.2
3577,4.45,14:44,157,70.2
3578,4.45,13:49,156,70.2
3579,4.45,14:07,156,70.2
3580,4.46,14:16,156,70.2
3581,4.46,14:07,156,70.2
3582,4.46,13:16,156,70.2
3583,4.46,13:49,156,70.2
3584,4.46,13:32,156,70.2
3585,4.46,13:58,155,70.2
3586,4.46,14:07,155,69.6
3587,4.46,13:32,155,69.6
3588,4.47,13:49,155,69.6
3589,4.47,13:24,155,68.9
3590,4.47,12:39,155,69.6
3591,4.47,11:58,155,69.6
3592,4.47,12:25,155,69.6
3593,4.47,12:25,155,70.2
3594,4.47,12:18,155,70.2
3595,4.47,12:25,155,70.2
3596,4.48,12:11,155,70.2
3597,4.48,12:11,155,70.2
3598,4.48,12:11,155,70.2
3599,4.48,12:46,155,70.2
3600,4.48,13:01,154,69.6
3601,4.48,14:07,153,69.6
3602,4.48,14:25,152,69.6
3603,4.48,14:34,151,68.9
3604,4.49,13:58,149,68.2
3605,4.49,13:32,147,68.2
3606,4.49,13:24,142,68.2
3607,4.49,13:32,139,68.2
3608,4.49,14:25,140,68.2
3609,4.49,14:44,140,68.2
3610,4.49,14:44,140,67.6
3611,4.49,13:41,140,67.6
3612,4.5,13:49,140,67.6
3613,4.5,12:53,140,66.9
3614,4.5,12:32,139,66.9
3615,4.5,12:32,138,66.9
3616,4.5,11:58,134,66.9
3617,4.5,10:54,137,66.9
3618,4.5,10:48,144,66.9
3619,4.51,10:09,146,66.3
3620,4.51,9:56,148,65.6
3621,4.51,10:14,149,65.6
3622,4.51,10:43,151,65.0
3623,4.51,10:48,152,65.0
3624,4.51,11:21,153,65.0
3625,4.52,11:33,154,64.3
3626,4.52,12:25,154,64.3
3627,4.52,12:18,155,64.3
3628,4.52,12:11,156,64.3
3629,4.52,12:39,155,63.6
3630,4.52,12:32,155,63.6
3631,4.52,11:52,156,63.0
3632,4.52,11:33,156,63.0
3633,4.53,11:33,155,63.0
3634,4.53,11:16,155,62.3
3635,4.53,11:05,154,62.3
3636,4.53,11:10,154,62.3
3637,4.53,11:27,153,62.3
3638,4.53,11:16,152,62.3
3639,4.53,12:11,152,62.3
3640,4.54,13:16,151,61.7
3641,4.54,13:16,152,61.7
3642,4.54,12:46,152,61.7
3643,4.54,13:24,150,61.0
3644,4.54,12:53,151,61.0
3645,4.54,12:32,150,61.0
3646,4.54,13:16,150,61.0
3647,4.54,14:16,150,61.0
3648,4.55,14:16,150,61.0
3649,4.55,14:44,149,61.0
3650,4.55,16:09,148,61.0
3651,4.55,15:57,148,61.0
3652,4.55,15:35,148,61.7
3653,4.55,14:54,149,61.7
3654,4.55,14:34,149,62.3
3655,4.55,13:24,149,62.3
3656,4.55,13:16,148,62.3
3657,4.56,14:16,149,62.3
3664,4.56,63:06,148,61.0
3665,4.56,53:38,148,60.4
3666,4.56,40:53,148,59.7
3667,4.56,33:57,149,59.7
3668,4.56,29:30,149,59.7
3669,4.56,13:08,147,59.1
3670,4.56,13:08,147,59.1
3671,4.57,13:08,147,59.1
3672,4.57,12:46,147,58.4
3673,4.57,12:32,147,58.4
3674,4.57,13:24,147,58.4
3675,4.57,13:24,147,58.4
3676,4.57,12:39,148,57.7
3677,4.57,13:08,147,57.7
3678,4.57,13:08,147,58.4
3679,4.58,12:25,149,58.4
3680,4.58,12:39,149,58.4
3681,4.58,13:08,149,58.4
3682,4.58,13:08,150,58.4
3683,4.58,13:16,149,58.4
3684,4.58,13:08,148,58.4
3685,4.58,12:46,148,58.4
3686,4.58,13:08,148,58.4
3687,4.59,12:53,149,58.4
3688,4.59,12:53,149,58.4
3689,4.59,13:16,148,57.7
3690,4.59,13:58,148,57.7
3691,4.59,13:32,149,57.7
3692,4.59,13:41,149,57.7
3693,4.59,14:07,150,57.7
3694,4.59,13:41,150,57.7
3695,4.6,13:16,150,57.7
3696,4.6,13:16,150,57.7
3697,4.6,12:46,151,57.7
3698,4.6,12:32,151,57.7
3699,4.6,12:11,151,57.7
3700,4.6,11:45,152,57.7
3701,4.6,11:21,152,57.7
3702,4.61,11:33,152,57.7
3703,4.61,11:39,152,57.7
3704,4.61,11:58,154,57.7
3705,4.61,12:32,153,57.7
3706,4.61,13:08,153,57.7
3707,4.61,14:07,153,57.7
3708,4.61,14:16,153,58.4
3709,4.61,14:07,153,58.4
3710,4.62,14:07,153,58.4
3711,4.62,14:34,153,58.4
3712,4.62,13:32,153,58.4
3713,4.62,13:41,153,58.4
3714,4.62,13:49,153,58.4
3715,4.62,13:24,153,58.4
3716,4.62,12:46,153,58.4
3717,4.62,13:08,151,58.4
3718,4.63,13:01,152,57.7
3719,4.63,13:01,153,57.7
3720,4.63,13:08,153,57.7
3721,4.63,13:32,152,57.7
3722,4.63,13:16,152,57.7
3723,4.63,13:16,153,57.7
3724,4.63,13:24,153,58.4
3725,4.63,12:53,153,58.4
3726,4.64,12:39,153,58.4
3727,4.64,12:53,153,58.4
3728,4.64,13:08,153,58.4
3729,4.64,13:08,153,58.4
3730,4.64,13:41,153,58.4
3731,4.64,13:49,154,57.7
3732,4.64,12:46,154,57.7
3733,4.65,11:58,154,57.7
3734,4.65,12:04,153,57.1
3735,4.65,12:11,154,57.1
3736,4.65,12:04,154,57.1
3737,4.65,13:01,154,57.1
3738,4.65,12:53,154,57.1
3739,4.65,12:46,154,57.1
3740,4.65,12:39,154,56.4
3741,4.66,12:25,153,56.4
3742,4.66,12:25,154,55.8
3743,4.66,12:25,155,55.8
3744,4.66,11:45,155,55.1
3745,4.66,11:58,155,55.1
3746,4.66,12:04,155,55.1
3747,4.66,11:45,156,55.1
3748,4.67,12:04,155,55.1
3749,4.67,12:25,155,54.5
3750,4.67,12:04,155,54.5
3751,4.67,12:25,155,54.5
3752,4.67,12:39,156,54.5
3753,4.67,12:39,156,54.5
3754,4.67,13:16,156,53.8
3755,4.67,13:32,156,53.8
3756,4.68,13:24,156,53.8
3757,4.68,13:24,156,53.8
3758,4.68,14:07,156,53.1
3759,4.68,13:08,156,53.1
3760,4.68,12:46,155,53.1
3761,4.68,12:32,154,53.1
3762,4.68,12:18,154,53.1
3763,4.68,12:04,154,53.1
3764,4.69,12:18,154,53.1
3765,4.69,12:25,154,53.8
3766,4.69,12:32,154,53.8
3767,4.69,12:11,155,53.8
3768,4.69,11:58,155,53.1
3769,4.69,12:25,155,53.1
3770,4.69,12:04,156,53.1
3771,4.7,12:11,156,53.1
3772,4.7,12:25,156,53.1
3773,4.7,12:11,157,53.1
3774,4.7,12:04,156,53.1
3775,4.7,12:32,156,53.1
3776,4.7,12:11,156,53.1
3777,4.7,12:32,156,53.1
3778,4.7,12:46,157,53.1
3779,4.71,12:39,157,53.1
3780,4.71,13:01,157,53.1
3781,4.71,13:16,158,53.1
3782,4.71,13:16,157,53.1
3783,4.71,13:32,157,53.1
3784,4.71,13:24,157,53.1
3785,4.71,12:53,157,53.1
3786,4.71,13:16,157,53.1
3787,4.72,13:16,156,53.1
3788,4.72,13:01,156,52.5
3789,4.72,13:08,156,52.5
3790,4.72,13:08,155,52.5
3791,4.72,13:01,156,52.5
3792,4.72,12:46,157,52.5
3793,4.72,12:32,156,53.1
3794,4.73,12:39,156,53.1
3795,4.73,13:16,156,53.1
3796,4.73,12:39,156,53.1
3797,4.73,12:46,156,53.1
3798,4.73,12:46,155,53.1
3799,4.73,12:25,155,53.1
3800,4.73,11:52,155,53.1
3801,4.73,12:11,155,53.1
3802,4.74,12:11,155,53.1
3803,4.74,12:39,156,53.1
3804,4.74,12:46,155,53.1
3805,4.74,13:08,155,53.1
3806,4.74,13:08,154,53.1
3807,4.74,13:01,154,52.5
3808,4.74,13:01,154,52.5
3809,4.74,13:24,153,52.5
3810,4.75,13:01,153,52.5
3811,4.75,13:16,154,52.5
3812,4.75,13:08,153,52.5
3813,4.75,13:08,152,52.5
3814,4.75,12:46,152,52.5
3815,4.75,12:53,152,52.5
3816,4.75,12:25,153,53.1
3817,4.76,12:11,151,53.1
3818,4.76,11:58,152,53.1
3819,4.76,12:04,152,53.1
3820,4.76,12:04,152,53.1
3821,4.76,12:39,151,53.1
3822,4.76,13:01,153,53.1
3823,4.76,12:32,152,53.1
3824,4.76,12:53,153,52.5
3825,4.77,12:32,153,52.5
3826,4.77,11:58,154,52.5
3827,4.77,12:04,153,52.5
3828,4.77,12:53,153,52.5
3829,4.77,13:08,153,51.8
3830,4.77,14:07,153,51.8
3831,4.77,14:25,152,51.8
3832,4.77,14:25,153,51.8
3833,4.78,14:16,154,51.2
3834,4.78,13:08,154,51.8
3835,4.78,12:39,153,51.8
3836,4.78,12:32,153,51.8
3837,4.78,12:39,152,51.8
3838,4.78,12:25,152,51.8
3839,4.78,12:25,152,51.2
3840,4.79,12:25,152,51.2
3841,4.79,12:25,151,51.2
3842,4.79,11:39,151,51.2
3843,4.79,11:16,151,51.2
3844,4.79,11:39,152,51.2
3845,4.79,11:27,152,51.2
3846,4.79,11:33,152,51.8
3847,4.8,12:18,152,51.8
3848,4.8,12:53,152,51.8
3849,4.8,12:53,153,51.8
3850,4.8,13:08,153,52.5
3851,4.8,13:16,154,52.5
3852,4.8,13:01,153,51.8
3853,4.8,12:25,153,51.8
3854,4.8,12:11,154,51.8
3855,4.81,12:18,154,51.8
3856,4.81,11:52,154,51.8
3857,4.81,11:58,155,52.5
3858,4.81,12:18,154,52.5
3859,4.81,11:58,155,52.5
3860,4.81,11:52,155,53.1
3861,4.81,12:11,155,53.1
3862,4.82,12:11,156,53.1
3863,4.82,11:52,156,53.1
3864,4.82,12:18,156,53.1
3865,4.82,12:25,156,53.1
3866,4.82,12:18,155,53.1
3867,4.82,12:25,155,53.1
3868,4.82,13:01,155,53.1
3869,4.82,13:24,155,53.1
3870,4.83,13:16,156,53.1
3871,4.83,13:32,155,53.1
3872,4.83,13:08,154,53.1
3873,4.83,12:46,154,53.1
3874,4.83,12:25,154,53.1
3875,4.83,12:39,154,53.1
3876,4.83,12:39,154,53.1
3877,4.83,13:08,155,53.1
3878,4.84,13:24,155,53.1
3879,4.84,13:08,155,53.1
3880,4.84,13:01,155,53.1
3881,4.84,12:46,156,53.1
3882,4.84,12:39,157,53.1
3883,4.84,13:01,156,53.1
3884,4.84,13:24,156,53.1
3885,4.85,13:16,157,53.1
3886,4.85,13:16,157,53.1
3887,4.85,13:32,157,53.1
3888,4.85,13:08,158,53.1
3889,4.85,13:24,159,53.1
3890,4.85,13:32,158,53.1
3891,4.85,13:41,158,53.1
3892,4.85,13:16,158,53.1
3893,4.86,13:16,158,53.1
3894,4.86,12:46,158,53.1
3895,4.86,12:39,158,53.1
3896,4.86,12:53,157,53.8
3897,4.86,13:16,157,53.8
3898,4.86,13:32,157,53.8
3899,4.86,13:41,157,53.8
3900,4.86,13:58,158,53.8
3901,4.86,13:58,158,53.8
3902,4.87,13:41,158,53.1
3903,4.87,13:41,158,53.1
3904,4.87,13:24,158,53.1
3905,4.87,12:53,158,53.1
3906,4.87,12:46,158,53.1
3907,4.87,12:39,158,53.1
3908,4.87,12:39,157,53.1
3909,4.88,13:01,157,53.1
3910,4.88,13:24,157,53.1
3911,4.88,12:53,157,53.1
3912,4.88,12:25,158,53.1
3913,4.88,12:04,158,52.5
3914,4.88,11:52,158,52.5
3915,4.88,11:33,157,52.5
3916,4.89,11:45,157,52.5
3917,4.89,11:58,157,53.1
3918,4.89,12:11,157,53.1
3919,4.89,12:25,157,53.1
3920,4.89,12:46,157,53.1
3921,4.89,13:01,157,53.1
3922,4.89,13:41,157,53.1
3923,4.89,13:41,156,52.5
3924,4.9,13:16,156,52.5
3925,4.9,13:08,156,52.5
3926,4.9,12:25,156,51.8
3927,4.9,12:04,155,51.8
3928,4.9,12:11,154,51.8
3929,4.9,12:46,154,51.8
3930,4.9,13:01,154,51.8
3931,4.9,14:16,154,51.8
3932,4.91,14:34,154,51.8
3933,4.91,14:34,155,51.8
3934,4.91,14:25,154,51.8
3935,4.91,13:58,154,51.2
3936,4.91,13:41,153,51.2
3937,4.91,13:41,153,51.2
3938,4.91,13:01,153,50.5
3939,4.91,12:53,155,50.5
3940,4.92,13:16,155,50.5
3941,4.92,12:53,155,50.5
3942,4.92,12:46,155,51.2
3943,4.92,13:16,156,51.2
3944,4.92,12:53,155,51.2
3945,4.92,12:32,155,51.2
3946,4.92,12:46,155,51.2
3947,4.92,12:32,155,50.5
3948,4.93,12:46,155,50.5
3949,4.93,13:08,155,50.5
3950,4.93,13:01,155,50.5
3951,4.93,13:01,155,49.9
3952,4.93,13:01,155,50.5
3953,4.93,12:39,155,50.5
3954,4.93,12:25,155,50.5
3955,4.94,12:04,155,50.5
3956,4.94,11:58,156,50.5
3957,4.94,12:04,155,50.5
3958,4.94,12:04,155,50.5
3959,4.94,12:04,157,50.5
3960,4.94,12:39,156,49.9
3961,4.94,12:39,157,49.9
3962,4.94,12:39,155,49.9
3963,4.95,12:32,155,49.9
3964,4.95,13:01,155,49.9
3965,4.95,12:53,155,49.9
3966,4.95,12:46,155,49.9
3967,4.95,12:53,156,49.9
3968,4.95,13:24,156,49.9
3969,4.95,13:24,155,49.9
3970,4.95,13:49,155,49.9
3971,4.96,14:07,154,49.9
3972,4.96,13:16,154,49.9
3973,4.96,12:25,155,49.9
3974,4.96,12:11,155,49.9
3975,4.96,11:33,155,49.9
3976,4.96,11:45,155,49.2
3977,4.96,13:16,156,49.2
3978,4.96,14:07,155,49.2
3979,4.97,13:49,155,49.2
3980,4.97,14:25,155,49.2
3981,4.97,12:25,155,49.2
3982,4.97,10:09,154,49.2
3983,4.97,9:26,155,49.2
3984,4.97,9:14,154,49.2
3985,4.98,9:11,154,49.2
3986,4.98,9:51,155,49.2
3987,4.98,11:27,155,49.2
3988,4.98,12:25,156,48.6
3989,4.98,12:46,156,48.6
3990,4.98,13:08,156,48.6
3991,4.98,13:41,155,47.9
3992,4.98,13:32,155,47.9
3993,4.99,13:24,156,47.9
3994,4.99,13:16,155,47.9
3995,4.99,13:08,155,47.2
3996,4.99,13:24,154,47.2
3997,4.99,13:24,154,47.2
3998,4.99,13:49,154,47.9
3999,4.99,14:07,154,47.9
4000,4.99,14:54,153,47.9
4001,5.0,14:54,153,48.6
4002,5.0,15:04,153,48.6
4003,5.0,14:54,153,48.6
4004,5.0,16:09,153,48.6
4005,5.0,15:35,153,48.6
4006,5.0,14:34,154,48.6
4007,5.0,13:24,154,48.6
4008,5.0,12:53,155,48.6
4009,5.01,11:45,155,48.6
4010,5.01,10:54,154,48.6
4011,5.01,11:10,153,48.6
4012,5.01,11:05,155,48.6
4013,5.01,11:05,155,48.6
4014,5.01,11:16,155,48.6
4015,5.02,11:05,155,48.6
4016,5.02,10:48,155,48.6
4017,5.02,10:43,155,47.9
4018,5.02,10:18,155,47.9
4019,5.02,10:09,155,48.6
4020,5.02,11:05,155,48.6
4021,5.02,11:52,155,49.2
4022,5.02,13:24,155,49.9
4023,5.03,14:54,156,49.9
4024,5.03,15:24,157,49.9
4025,5.03,15:04,158,49.9
4026,5.03,14:16,157,49.9
4027,5.03,13:24,157,49.2
4028,5.03,13:08,157,49.2
4029,5.03,13:24,156,49.2
4030,5.03,13:08,156,49.2
4031,5.04,13:01,156,49.2
4032,5.04,12:39,157,49.9
4033,5.04,12:25,157,49.9
4034,5.04,12:11,157,49.9
4035,5.04,12:18,157,50.5
4036,5.04,12:18,157,50.5
4037,5.04,13:08,157,50.5
4038,5.04,13:24,157,51.2
4039,5.05,13:24,157,51.2
4040,5.05,13:49,156,51.2
4041,5.05,13:58,156,51.8
4042,5.05,13:49,156,51.8
4043,5.05,13:58,154,51.8
4044,5.05,14:25,154,51.8
4045,5.05,14:16,154,51.8
4046,5.05,14:44,154,51.8
4047,5.06,14:07,154,52.5
4048,5.06,13:41,153,52.5
4049,5.06,13:16,153,52.5
4050,5.06,12:46,153,52.5
4051,5.06,12:25,153,52.5
4052,5.06,13:08,152,52.5
4053,5.06,13:41,152,52.5
4054,5.06,14:07,153,52.5
4055,5.07,14:54,153,52.5
4056,5.07,14:16,155,52.5
4057,5.07,13:24,155,52.5
4058,5.07,13:24,156,52.5
4059,5.07,12:39,156,52.5
4060,5.07,12:25,157,52.5
4061,5.07,13:01,157,52.5
4062,5.07,13:16,157,51.8
4063,5.08,13:24,157,51.8
4064,5.08,13:24,158,51.8
4065,5.08,13:08,158,51.8
4066,5.08,13:01,159,51.8
4067,5.08,12:25,158,51.8
4068,5.08,11:52,158,51.8
4069,5.08,12:11,159,51.2
4070,5.09,12:04,158,51.2
4071,5.09,12:04,158,51.2
4072,5.09,12:18,159,50.5
4073,5.09,12:25,159,50.5
4074,5.09,12:53,160,50.5
4075,5.09,12:46,159,50.5
4076,5.09,12:53,159,50.5
4077,5.09,13:16,159,50.5
4078,5.1,13:08,158,49.9
4079,5.1,12:39,159,49.9
4080,5.1,12:46,158,49.9
4081,5.1,12:18,159,49.9
4082,5.1,12:25,158,49.9
4083,5.1,12:25,158,49.9
4084,5.1,12:46,158,49.9
4085,5.1,13:24,158,49.2
4086,5.11,13:32,157,49.2
4087,5.11,13:24,158,48.6
4088,5.11,13:16,157,47.9
4089,5.11,13:41,158,47.9
4090,5.11,13:32,158,47.9
4091,5.11,13:49,158,47.9
4092,5.11,13:01,158,47.9
4093,5.11,13:32,158,47.9
4094,5.12,13:16,159,47.9
4095,5.12,12:53,158,47.9
4096,5.12,12:32,158,47.9
4097,5.12,13:16,158,47.9
4098,5.12,12:46,157,47.2
4099,5.12,11:52,157,47.2
4100,5.12,11:39,157,47.2
4101,5.13,11:39,157,47.2
4102,5.13,11:21,157,47.2
4103,5.13,11:27,157,47.2
4104,5.13,11:33,157,47.2
4105,5.13,11:58,158,47.2
4106,5.13,12:39,158,47.2
4107,5.13,13:08,158,47.2
4108,5.13,13:08,158,47.2
4109,5.14,13:32,158,47.2
4110,5.14,13:16,158,47.2
4111,5.14,13:01,158,47.2
4112,5.14,12:46,158,47.2
4113,5.14,12:25,158,46.6
4114,5.14,11:58,156,46.6
4115,5.14,11:52,156,46.6
4116,5.15,11:27,155,45.9
4117,5.15,10:59,155,45.9
4118,5.15,11:05,156,45.9
4119,5.15,11:16,157,45.3
4120,5.15,11:33,157,45.3
4121,5.15,11:45,157,45.3
4122,5.15,12:53,157,45.3
4123,5.15,13:58,157,45.3
4124,5.16,14:34,157,45.3
4125,5.16,14:54,157,45.3
4126,5.16,15:46,157,45.3
4127,5.16,14:44,156,45.3
4128,5.16,14:25,155,45.3
4129,5.16,14:16,155,44.6
4130,5.16,13:41,155,44.6
4131,5.16,12:53,155,44.6
4132,5.17,12:46,156,44.6
4133,5.17,12:46,156,44.6
4134,5.17,12:39,155,44.0
4135,5.17,12:46,155,44.0
4136,5.17,14:34,155,44.0
4137,5.17,14:25,154,44.0
4138,5.17,13:01,155,44.0
4139,5.18,12:11,155,44.0
4140,5.18,12:11,155,43.3
4141,5.18,10:33,155,43.3
4142,5.18,9:47,156,43.3
4143,5.18,10:00,155,43.3
4144,5.18,10:05,155,43.3
4145,5.19,9:34,155,44.0
4146,5.19,10:09,155,43.3
4147,5.19,10:54,156,43.3
4148,5.19,11:39,156,43.3
4149,5.19,12:39,156,43.3
4150,5.19,13:41,157,42.7
4151,5.19,13:08,156,42.7
4152,5.19,13:16,156,42.7
4153,5.2,12:53,156,42.7
4154,5.2,12:46,155,42.0
4155,5.2,13:01,156,42.0
4156,5.2,12:46,156,42.0
4157,5.2,13:08,157,42.0
4158,5.2,13:08,156,41.3
4159,5.2,13:01,156,41.3
4160,5.2,13:01,156,41.3
4161,5.21,13:32,155,41.3
4162,5.21,13:32,155,41.3
4163,5.21,13:16,155,42.0
4164,5.21,13:24,154,42.0
4165,5.21,13:01,155,42.0
4166,5.21,13:01,155,42.0
4167,5.21,13:01,156,42.7
4168,5.21,12:39,156,42.7
4169,5.22,13:08,157,42.7
4170,5.22,13:32,157,43.3
4171,5.22,13:49,157,43.3
4172,5.22,13:58,157,43.3
4173,5.22,13:49,157,43.3
4174,5.22,12:32,156,43.3
4175,5.22,11:58,156,43.3
4176,5.23,11:10,156,42.7
4177,5.23,11:10,156,43.3
4178,5.23,12:04,157,43.3
4179,5.23,12:25,156,43.3
4180,5.23,12:39,157,43.3
4181,5.23,13:24,157,43.3
4182,5.23,13:08,157,43.3
4183,5.23,12:46,157,43.3
4184,5.24,12:46,158,43.3
4185,5.24,13:24,157,43.3
4186,5.24,13:16,157,43.3
4187,5.24,13:32,157,42.7
4188,5.24,13:41,157,43.3
4189,5.24,14:16,157,43.3
4190,5.24,13:01,157,43.3
4191,5.24,13:08,157,43.3
4192,5.25,13:32,158,43.3
4193,5.25,13:01,158,43.3
4194,5.25,12:53,158,43.3
4195,5.25,13:32,158,44.0
4196,5.25,13:24,158,44.0
4197,5.25,13:16,158,44.0
4198,5.25,13:41,158,44.0
4199,5.25,13:24,158,44.0
4200,5.26,13:08,157,44.0
4201,5.26,12:53,157,44.0
4202,5.26,12:11,157,43.3
4203,5.26,12:25,157,43.3
4204,5.26,12:32,157,43.3
4205,5.26,12:18,158,44.0
4206,5.26,12:46,158,43.3
4207,5.26,13:24,157,43.3
4208,5.27,13:16,158,42.7
4209,5.27,13:08,158,42.7
4210,5.27,13:32,157,42.7
4211,5.27,13:08,156,42.7
4212,5.27,13:01,157,42.7
4213,5.27,12:39,156,42.0
4214,5.27,13:08,156,41.3
4215,5.27,13:16,155,41.3
4216,5.28,13:24,154,41.3
4217,5.28,13:16,154,41.3
4218,5.28,13:49,154,41.3
4219,5.28,13:24,153,41.3
4220,5.28,13:32,154,41.3
4221,5.28,13:32,154,41.3
4222,5.28,14:16,155,41.3
4223,5.28,13:24,154,41.3
4224,5.29,13:32,154,41.3
4225,5.29,12:46,154,41.3
4226,5.29,11:39,154,42.0
4227,5.29,10:48,154,42.7
4228,5.29,10:48,154,42.7
4229,5.29,10:28,154,43.3
4230,5.3,10:23,155,43.3
4231,5.3,11:10,154,42.7
4232,5.3,11:21,155,42.7
4233,5.3,11:52,155,42.0
4234,5.3,12:04,156,41.3
4235,5.3,13:32,155,40.7
4236,5.3,14:07,155,40.7
4237,5.3,15:04,155,40.0
4238,5.3,15:04,156,40.0
4239,5.31,15:04,156,40.0
4240,5.31,13:58,155,40.0
4241,5.31,13:41,155,40.0
4242,5.31,12:53,155,40.0
4243,5.31,13:08,155,40.0
4244,5.31,13:41,155,40.0
4245,5.31,13:24,155,40.0
4246,5.32,12:53,155,40.0
4247,5.32,13:24,154,40.7
4248,5.32,13:01,154,40.7
4249,5.32,13:08,153,40.0
4250,5.32,13:58,149,40.0
4251,5.32,14:16,147,40.0
4252,5.32,14:16,145,40.0
4253,5.32,12:53,137,39.4
4254,5.33,11:58,138,39.4
4255,5.33,11:10,141,39.4
4256,5.33,11:27,141,38.7
4257,5.33,11:05,142,38.7
4258,5.33,12:25,142,38.7
4259,5.33,12:46,143,38.1
4260,5.33,13:49,143,38.1
4261,5.33,13:41,144,38.1
4262,5.34,13:41,146,37.4
4263,5.34,13:08,148,37.4
4264,5.34,13:08,149,37.4
4265,5.34,12:46,151,37.4
4266,5.34,12:39,152,37.4
4267,5.34,12:53,153,37.4
4268,5.34,12:46,154,37.4
4269,5.35,12:32,153,36.7
4270,5.35,12:39,153,36.7
4271,5.35,12:39,154,36.7
4272,5.35,12:11,155,36.1
4273,5.35,11:10,156,36.1
4274,5.35,11:05,156,35.4
4275,5.35,10:59,157,35.4
4276,5.36,10:59,157,35.4
4277,5.36,11:16,157,35.4
4278,5.36,12:46,157,35.4
4279,5.36,12:39,157,35.4
4280,5.36,12:18,156,35.4
4281,5.36,11:21,156,35.4
4282,5.36,10:48,155,35.4
4283,5.37,10:05,155,35.4
4284,5.37,10:23,156,35.4
4285,5.37,10:28,157,35.4
4286,5.37,11:10,158,34.8
4287,5.37,11:45,157,34.8
4288,5.37,12:32,157,34.8
4289,5.37,12:18,157,34.1
4290,5.38,12:32,157,34.8
4291,5.38,12:32,157,34.8
4292,5.38,12:53,156,34.8
4293,5.38,13:08,156,34.8
4294,5.38,13:32,155,34.1
4295,5.38,13:32,155,34.1
4296,5.38,13:16,155,34.1
4297,5.38,12:53,155,34.1
4298,5.39,12:39,155,33.5
4299,5.39,12:18,154,33.5
4300,5.39,11:52,154,33.5
4301,5.39,11:58,153,33.5
4302,5.39,11:39,154,32.8
4303,5.39,11:16,152,32.8
4304,5.39,11:39,152,32.2
4305,5.4,11:58,152,32.2
4306,5.4,11:52,154,31.5
4307,5.4,12:18,154,31.5
4308,5.4,12:04,154,30.8
4309,5.4,11:45,155,30.8
4310,5.4,11:45,155,30.2
4311,5.4,11:39,155,30.2
4312,5.41,11:16,155,30.2
4313,5.41,12:04,156,30.2
4314,5.41,11:52,157,30.2
4315,5.41,11:52,157,30.2
4316,5.41,12:39,158,30.8
4317,5.41,13:01,158,30.8
4318,5.41,12:39,158,30.8
4319,5.41,12:46,158,31.5
4320,5.42,12:53,157,31.5
4321,5.42,12:11,157,31.5
4322,5.42,12:18,157,31.5
4323,5.42,12:04,157,31.5
4324,5.42,12:11,157,31.5
4325,5.42,12:18,157,31.5
4326,5.42,13:08,157,31.5
4327,5.42,13:49,157,31.5
4328,5.43,15:24,156,31.5
4329,5.43,15:57,155,31.5
4330,5.43,16:21,156,31.5
4331,5.43,16:33,157,31.5
4332,5.43,15:35,156,31.5
4333,5.43,13:49,156,31.5
4334,5.43,14:07,157,31.5
4335,5.43,13:49,157,31.5
4336,5.43,13:24,158,31.5
4337,5.44,13:41,158,31.5
4338,5.44,13:58,158,31.5
4339,5.44,12:39,158,32.2
4340,5.44,11:58,158,32.2
4341,5.44,10:48,158,32.2
4342,5.44,10:05,158,32.2
4343,5.45,9:51,158,32.2
4344,5.45,10:18,157,32.8
4345,5.45,10:09,158,32.8
4346,5.45,10:59,158,32.8
4347,5.45,11:39,158,32.8
4348,5.45,11:39,158,33.5
4349,5.45,12:04,158,33.5
4350,5.46,12:53,159,33.5
4351,5.46,12:18,159,33.5
4352,5.46,11:45,159,33.5
4353,5.46,11:52,158,34.1
4354,5.46,11:10,159,34.1
4355,5.46,11:27,159,34.8
4356,5.46,11:33,158,34.8
4357,5.47,11:58,158,34.1
4358,5.47,12:46,158,34.1
4359,5.47,13:24,158,34.1
4360,5.47,13:16,157,34.1
4361,5.47,13:58,157,33.5
4362,5.47,13:49,158,34.1
4363,5.47,13:41,158,34.1
4364,5.47,13:49,158,34.1
4365,5.48,13:16,158,34.1
4366,5.48,13:24,159,33.5
4367,5.48,13:58,159,33.5
4368,5.48,13:41,159,33.5
4369,5.48,13:24,160,33.5
4370,5.48,13:32,160,33.5
4371,5.48,13:16,160,33.5
4372,5.48,13:08,160,33.5
4373,5.49,13:16,160,33.5
4374,5.49,13:08,160,32.8
4375,5.49,12:46,160,32.8
4376,5.49,13:08,159,32.8
4377,5.49,12:25,159,32.8
4378,5.49,12:04,158,32.2
4379,5.49,13:01,158,32.2
4380,5.49,15:14,158,32.2
4381,5.49,15:57,158,32.2
4382,5.5,18:07,158,32.2
4383,5.5,17:38,158,32.2
4384,5.5,16:45,158,32.2
4385,5.5,14:07,158,32.2
4386,5.5,12:39,157,32.2
4387,5.5,11:52,157,32.2
4388,5.5,11:58,157,32.2
4389,5.5,11:45,157,31.5
4390,5.51,12:46,157,31.5
4391,5.51,13:24,157,32.2
4392,5.51,13:16,156,32.2
4393,5.51,13:49,157,32.2
4394,5.51,13:16,156,32.8
4395,5.51,12:18,156,32.8
4396,5.51,12:11,156,32.8
4397,5.52,12:18,156,32.8
4398,5.52,12:11,157,32.8
4399,5.52,12:11,157,32.8
4400,5.52,12:18,158,32.8
4401,5.52,12:32,158,32.8
4402,5.52,13:01,158,32.8
4403,5.52,13:24,158,33.5
4404,5.52,13:24,158,33.5
4405,5.53,13:32,157,33.5
4406,5.53,12:46,157,33.5
4407,5.53,12:18,156,33.5
4408,5.53,11:52,156,32.8
4409,5.53,12:18,156,32.8
4410,5.53,11:45,155,32.8
4411,5.53,12:04,155,32.8
4412,5.54,12:18,155,32.2
4413,5.54,12:11,154,32.2
4414,5.54,11:45,155,31.5
4415,5.54,11:58,155,31.5
4416,5.54,12:04,156,31.5
4417,5.54,12:11,156,31.5
4418,5.54,12:25,156,31.5
4419,5.54,12:25,156,31.5
4420,5.55,12:53,156,30.8
4421,5.55,13:08,156,30.8
4422,5.55,13:16,156,30.8
4423,5.55,13:32,156,30.2
4424,5.55,14:44,156,30.2
4425,5.55,14:54,155,30.2
4426,5.55,14:54,154,30.2
4427,5.55,14:44,155,29.5
4428,5.56,14:16,156,29.5
4429,5.56,13:24,155,29.5
4430,5.56,13:49,155,29.5
4431,5.56,13:32,155,30.2
4432,5.56,14:34,155,30.2
4433,5.56,14:54,155,30.2
4434,5.56,15:14,155,30.2
4435,5.56,14:34,155,30.2
4436,5.56,14:44,156,30.2
4437,5.57,13:08,157,30.2
4438,5.57,12:46,157,30.2
4439,5.57,12:11,158,30.2
4440,5.57,11:39,158,29.5
4441,5.57,11:27,158,29.5
4442,5.57,11:33,158,29.5
4443,5.57,11:16,159,29.5
4444,5.58,11:16,158,29.5
4445,5.58,11:27,159,29.5
4446,5.58,11:10,159,29.5
4447,5.58,11:16,159,29.5
4448,5.58,11:27,157,30.2
4449,5.58,11:33,157,30.2
4450,5.58,11:58,158,30.2
4451,5.59,12:18,158,30.2
4452,5.59,12:39,157,30.2
4453,5.59,13:32,157,30.2
4454,5.59,13:58,157,30.2
4455,5.59,13:58,158,30.2
4456,5.59,14:25,158,30.2
4457,5.59,13:32,158,30.2
4458,5.59,13:08,159,30.2
4459,5.6,12:25,160,30.2
4460,5.6,11:39,160,30.2
4461,5.6,11:16,161,30.2
4462,5.6,11:39,161,30.8
4463,5.6,11:33,161,30.8
4464,5.6,12:11,162,30.8
4465,5.6,13:01,162,30.8
4466,5.61,13:08,162,30.8
4467,5.61,14:34,162,30.8
4468,5.61,14:16,162,30.8
4469,5.61,13:49,162,30.8
4470,5.61,13:41,162,30.8
4471,5.61,13:32,162,30.8
4472,5.61,11:52,162,30.8
4473,5.61,12:18,162,30.8
4474,5.62,12:18,162,30.8
4475,5.62,11:33,162,30.8
4476,5.62,12:11,163,30.8
4477,5.62,12:53,163,30.8
4478,5.62,12:25,163,31.5
4479,5.62,12:39,163,31.5
4480,5.62,12:25,163,31.5
4481,5.63,12:25,163,32.2
4482,5.63,12:46,163,32.2
4483,5.63,11:52,162,31.5
4484,5.63,11:39,163,31.5
4485,5.63,12:25,163,31.5
4486,5.63,12:11,164,32.2
4487,5.63,11:52,163,32.2
4488,5.63,12:53,163,32.2
4489,5.64,12:39,164,32.2
4490,5.64,12:32,164,32.2
4491,5.64,12:04,164,32.2
4492,5.64,10:48,165,32.2
4493,5.64,10:48,164,32.2
4494,5.64,10:59,164,32.2
4495,5.64,11:16,163,32.2
4496,5.65,11:21,164,32.2
4497,5.65,12:46,163,32.2
4498,5.65,12:32,163,32.2
4499,5.65,13:01,163,32.8
4500,5.65,12:39,163,32.8
4501,5.65,12:39,162,32.8
4502,5.65,12:11,163,32.8
4503,5.66,12:25,163,32.8
4504,5.66,12:32,162,32.8
4505,5.66,12:53,162,32.8
4506,5.66,12:18,162,32.8
4507,5.66,13:01,163,33.5
4508,5.66,13:16,162,33.5
4509,5.66,13:32,163,33.5
4510,5.66,13:16,164,33.5
4511,5.67,14:16,163,34.1
4512,5.67,14:16,163,34.8
4513,5.67,13:41,162,34.8
4514,5.67,13:08,162,34.8
4515,5.67,13:58,161,35.4
4516,5.67,13:58,161,35.4
4517,5.67,13:24,161,34.8
4518,5.67,13:08,160,34.8
4519,5.68,13:01,159,34.8
4520,5.68,12:18,159,34.8
4521,5.68,11:33,159,34.8
4522,5.68,11:16,159,34.8
4523,5.68,11:45,159,34.8
4524,5.68,11:45,159,34.8
4525,5.68,11:39,158,34.8
4526,5.69,12:18,159,34.8
4527,5.69,12:39,159,34.1
4528,5.69,12:04,159,34.1
4529,5.69,11:58,158,34.1
4530,5.69,12:18,158,34.1
4531,5.69,11:27,159,34.1
4532,5.69,11:16,158,34.1
4533,5.7,11:05,159,34.1
4534,5.7,10:48,159,34.8
4535,5.7,10:59,159,34.8
4536,5.7,11:52,159,34.8
4537,5.7,12:18,159,34.8
4538,5.7,13:24,159,34.8
4539,5.7,15:04,159,34.8
4540,5.7,15:04,159,34.8
4541,5.71,15:14,158,34.8
4542,5.71,15:24,159,34.8
4543,5.71,14:54,158,34.1
4544,5.71,13:49,158,34.1
4545,5.71,13:58,160,34.1
4546,5.71,13:41,160,34.1
4547,5.71,13:08,160,34.8
4548,5.71,12:46,160,34.8
4549,5.72,12:39,160,34.8
4550,5.72,12:11,161,34.8
4551,5.72,12:18,161,34.1
4552,5.72,12:32,162,34.1
4553,5.72,13:08,161,34.1
4554,5.72,13:01,161,34.1
4555,5.72,12:53,161,33.5
4556,5.72,12:11,162,33.5
4557,5.73,11:45,162,33.5
4558,5.73,11:05,162,32.8
4559,5.73,10:54,162,32.8
4560,5.73,10:28,161,32.2
4561,5.73,10:59,162,32.2
4562,5.73,10:59,161,31.5
4563,5.74,11:05,161,31.5
4564,5.74,11:16,161,31.5
4565,5.74,11:45,161,30.8
4566,5.74,11:39,160,30.8
4567,5.74,11:58,160,30.8
4568,5.74,12:11,160,30.2
4569,5.74,12:18,160,30.2
4570,5.75,12:32,160,30.2
4571,5.75,12:53,161,30.2
4572,5.75,13:08,161,29.5
4573,5.75,13:24,160,29.5
4574,5.75,13:32,160,29.5
4575,5.75,13:24,160,28.9
4576,5.75,13:16,159,28.9
4577,5.75,13:01,159,28.9
4578,5.75,13:08,159,28.2
4579,5.76,13:16,159,28.2
4580,5.76,13:49,159,27.6
4581,5.76,13:41,159,27.6
4582,5.76,13:49,160,27.6
4583,5.76,13:32,159,27.6
4584,5.76,13:16,159,26.9
4585,5.76,12:39,159,26.9
4586,5.77,12:18,159,26.2
4587,5.77,12:04,159,26.2
4588,5.77,12:04,159,25.6
4589,5.77,11:52,159,25.6
4590,5.77,11:33,157,24.9
4591,5.77,11:45,157,24.9
4592,5.77,11:39,156,24.3
4593,5.78,11:45,155,24.3
4594,5.78,12:04,156,23.6
4595,5.78,12:39,155,23.6
4596,5.78,12:18,154,23.6
4597,5.78,12:32,154,23.0
4598,5.78,12:53,154,23.0
4599,5.78,12:04,155,23.0
4600,5.78,11:45,154,23.0
4601,5.79,12:11,154,23.0
4602,5.79,11:45,155,23.0
4603,5.79,12:04,154,23.0
4604,5.79,13:24,153,22.3
4605,5.79,13:41,153,22.3
4606,5.79,13:41,153,22.3
4607,5.79,14:54,152,23.0
4608,5.79,14:07,152,23.0
4609,5.8,13:16,152,23.0
4610,5.8,12:46,152,22.3
4611,5.8,12:18,152,22.3
4612,5.8,11:27,153,21.7
4613,5.8,10:59,152,21.0
4614,5.8,11:05,152,21.0
4615,5.8,11:39,153,21.0
4616,5.81,11:45,153,21.0
4617,5.81,11:45,154,21.0
4618,5.81,12:18,153,20.3
4619,5.81,11:39,154,19.7
4620,5.81,11:45,154,19.7
4621,5.81,11:58,154,19.0
4622,5.81,12:25,154,19.0
4623,5.82,12:11,154,19.0
4624,5.82,13:08,153,19.0
4625,5.82,12:25,154,18.4
4626,5.82,12:32,153,18.4
4627,5.82,12:39,154,18.4
4628,5.82,12:32,154,19.0
4629,5.82,12:18,154,19.0
4630,5.82,13:01,154,19.0
4631,5.83,12:39,154,19.0
4632,5.83,12:39,153,19.0
4633,5.83,12:53,154,18.4
4634,5.83,13:01,155,18.4
4635,5.83,12:53,154,17.7
4636,5.83,13:01,155,17.7
4637,5.83,13:01,155,17.7
4638,5.83,13:08,155,17.7
4639,5.84,12:46,154,17.7
4640,5.84,12:46,154,17.7
4641,5.84,12:53,155,17.1
4642,5.84,12:25,154,17.1
4643,5.84,12:04,154,17.7
4644,5.84,12:18,154,17.7
4645,5.84,11:52,154,17.7
4646,5.85,11:52,153,17.7
4647,5.85,12:32,153,17.7
4648,5.85,12:46,153,17.7
4649,5.85,13:08,153,17.7
4650,5.85,13:41,153,17.7
4651,5.85,13:24,154,17.7
4652,5.85,12:53,155,17.7
4653,5.85,13:01,155,17.7
4654,5.86,12:39,155,17.7
4655,5.86,12:39,155,17.1
4656,5.86,13:01,156,17.1
4657,5.86,13:16,157,17.1
4658,5.86,13:16,157,17.1
4659,5.86,13:01,158,17.1
4660,5.86,13:01,159,17.1
4661,5.86,13:08,159,17.1
4662,5.87,13:08,159,17.1
4663,5.87,13:01,159,17.1
4664,5.87,13:49,159,17.1
4665,5.87,13:24,158,16.4
4666,5.87,13:01,159,16.4
4667,5.87,13:01,159,16.4
4668,5.87,12:46,159,16.4
4669,5.88,12:25,159,16.4
4670,5.88,12:39,159,15.7
4671,5.88,12:25,158,15.7
4672,5.88,11:58,159,15.7
4673,5.88,12:11,159,15.7
4674,5.88,12:04,159,15.7
4675,5.88,11:58,159,16.4
4676,5.88,12:32,158,16.4
4677,5.89,12:32,158,15.7
4678,5.89,12:32,157,15.7
4679,5.89,12:53,157,15.7
4680,5.89,12:46,156,15.7
4681,5.89,12:32,157,15.7
4682,5.89,13:08,157,15.7
4683,5.89,13:01,156,15.7
4684,5.9,12:53,157,16.4
4685,5.9,13:08,158,16.4
4686,5.9,13:01,158,16.4
4687,5.9,12:46,158,17.1
4688,5.9,13:08,159,17.1
4689,5.9,12:39,159,17.1
4690,5.9,13:16,159,17.1
4691,5.9,13:41,159,17.1
4692,5.91,13:41,159,17.1
4693,5.91,13:58,159,17.7
4694,5.91,14:44,159,17.7
4695,5.91,13:16,159,18.4
4696,5.91,13:08,159,18.4
4697,5.91,13:16,160,18.4
4698,5.91,12:25,160,18.4
4699,5.91,12:18,160,18.4
4700,5.92,13:16,160,17.7
4701,5.92,13:01,160,17.7
4702,5.92,12:32,159,17.7
4703,5.92,12:18,159,17.7
4704,5.92,12:11,158,17.7
4705,5.92,11:27,157,17.7
4706,5.92,11:39,157,17.7
4707,5.93,11:27,155,17.7
4708,5.93,11:33,152,17.7
4709,5.93,11:39,144,17.7
4710,5.93,12:04,139,17.7
4711,5.93,11:58,133,18.4
4712,5.93,12:39,136,18.4
4713,5.93,13:16,137,18.4
4714,5.93,13:32,137,18.4
4715,5.94,13:16,137,18.4
4716,5.94,13:24,137,18.4
4717,5.94,13:01,133,19.0
4718,5.94,13:01,128,19.0
4719,5.94,12:46,130,19.0
4720,5.94,13:08,130,19.7
4721,5.94,13:16,135,19.7
4722,5.94,13:41,138,20.3
4723,5.95,13:32,142,20.3
4724,5.95,13:32,145,21.0
4725,5.95,13:08,148,21.0
4726,5.95,12:39,156,21.7
4727,5.95,12:18,158,21.7
4728,5.95,12:39,160,21.7
4729,5.95,13:01,161,22.3
4730,5.95,13:49,161,22.3
4731,5.96,14:54,163,21.7
4732,5.96,15:57,163,21.7
4733,5.96,15:35,163,21.7
4734,5.96,15:24,163,21.7
4735,5.96,14:54,163,21.7
4736,5.96,14:16,164,21.7
4737,5.96,13:49,164,21.7
4738,5.96,13:24,166,21.7
4739,5.96,13:24,165,21.7
4740,5.97,13:41,164,21.7
4741,5.97,13:49,165,21.0
4742,5.97,12:53,164,21.0
4743,5.97,12:25,164,21.0
4744,5.97,11:27,164,21.0
4745,5.97,10:33,163,21.7
4746,5.98,10:33,164,21.7
4747,5.98,11:45,163,21.7
4748,5.98,12:25,164,22.3
4749,5.98,13:08,163,22.3
4750,5.98,14:07,162,22.3
4751,5.98,12:46,162,22.3
4752,5.98,11:45,162,21.7
4753,5.98,11:39,162,21.7
4754,5.99,11:21,162,21.7
4755,5.99,11:21,162,21.7
4756,5.99,11:58,160,21.7
4757,5.99,12:04,160,22.3
4758,5.99,12:25,160,22.3
4759,5.99,12:46,160,22.3
4760,5.99,13:16,160,21.7
4761,5.99,13:32,160,21.7
4762,6.0,14:07,160,21.7
4763,6.0,13:49,160,21.7
4764,6.0,14:07,160,21.7
4765,6.0,13:32,160,21.0
4766,6.0,13:24,160,21.0
4767,6.0,13:01,159,21.0
4768,6.0,13:01,160,21.0
4769,6.0,12:53,159,21.0
4770,6.01,12:46,160,21.0
